Security,Block,Prev_Quality,New_Quality,Quality_Jump,Final_Return
AA,2,2.9702970297029703,11.18421052631579,8.213913496612818,135.26108523266905
AABB,4,2.8735632183908044,9.090909090909092,6.217345872518287,1619.689372641135
AABB,5,9.090909090909092,18.0327868852459,8.94187779433681,1619.689372641135
AABVF,5,4.761904761904762,12.761506276150628,7.9996015142458665,306.6666679084305
AABVF,9,4.511278195488721,12.23404255319149,7.7227643577027685,306.6666679084305
AACAF,1,6.0606060606060606,18.75,12.68939393939394,-13.591085111101492
AACAY,1,6.0606060606060606,18.75,12.68939393939394,-23.567729741152608
AACG,4,3.11284046692607,11.11111111111111,7.998270644185041,28.934287653606525
AACG,8,2.145922746781116,8.035714285714286,5.889791538933171,28.934287653606525
AACS,6,4.848484848484849,12.5,7.651515151515151,47.27272552410477
AADI,7,0.4524247136999859,8.056872037914692,7.604447324214706,
AAEEF,1,0.4216359474762077,9.090909090909092,8.669273143432884,536.6208028271237
AAGC,6,3.6231884057971016,11.304347826086955,7.681159420289854,1376.1904851003037
AAGFF,1,5.426356589147287,27.884615384615387,22.4582587954681,86.48332152444657
AAGFF,3,7.865168539325842,13.461538461538462,5.596369922212619,86.48332152444657
AAGFF,5,2.941176470588235,18.0327868852459,15.091610414657666,86.48332152444657
AAGFF,9,3.937007874015748,14.066496163682864,10.129488289667115,86.48332152444657
AAGIY,3,4.326923076923077,11.496746203904555,7.169823126981479,17.903351618244333
AAIGF,3,4.326923076923077,11.496746203904555,7.169823126981479,18.66638790591053
AAIIQ,1,5.263157894736842,12.0,6.736842105263158,-67.84565927953473
AAL,1,10.476190476190476,17.46031746031746,6.984126984126982,-28.15840028491575
AAMAF,4,3.690036900369003,9.090909090909092,5.400872190540088,-70.30901314426188
AAMMF,7,0.4524247136999859,6.944444444444445,6.492019730744459,
AAMTF,3,1.8867924528301887,7.428571428571429,5.54177897574124,28.86363608654866
AAMTF,7,8.540925266903916,35.13513513513514,26.59420986823122,28.86363608654866
AAOI,1,8.98876404494382,15.18987341772152,6.201109372777699,-32.34013832585939
AAON,2,3.658536585365853,12.087912087912088,8.429375502546234,40.51058396036584
AAON,6,3.896103896103896,11.224489795918368,7.328385899814472,40.51058396036584
AAON,8,7.623318385650224,15.774647887323944,8.15132950167372,40.51058396036584
AAP,1,10.476190476190476,17.5,7.023809523809524,28.648819920001245
AAP,6,3.7800687285223367,9.064327485380115,5.284258756857779,28.648819920001245
AAP,7,9.064327485380115,15.217391304347828,6.153063818967713,28.648819920001245
AAPI,7,3.0303030303030303,11.538461538461538,8.508158508158509,-36.17021211837416
AAPL,3,4.53257790368272,11.496746203904555,6.964168300221836,135.91643956855697
AAPL,7,5.555555555555555,15.217391304347828,9.661835748792273,135.91643956855697
AAPT,4,0.4710975299210593,11.519607843137257,11.048510313216198,23414.286277654373
AAPT,9,4.62962962962963,11.258278145695364,6.628648516065734,23414.286277654373
AASP,6,8.98876404494382,16.5266106442577,7.53784659931388,34.504131106769826
AASP,8,2.832244008714597,8.762886597938143,5.930642589223547,34.504131106769826
AASZF,7,0.4524247136999859,10.493827160493826,10.04140244679384,
AAT,2,4.225352112676056,14.332247557003258,10.106895444327202,-19.99578974313443
AAT,4,6.0,30.46875,24.46875,-19.99578974313443
AATC,3,6.336633663366337,11.620294599018004,5.2836609356516675,55.40712555475163
AATC,6,2.366863905325444,11.612903225806452,9.246039320481009,55.40712555475163
AATGF,1,3.375527426160337,10.625,7.249472573839663,256.60000445793105
AATGF,5,2.941176470588235,11.604095563139932,8.662919092551697,256.60000445793105
AATGF,8,0.5016969160395455,6.849315068493151,6.347618152453606,256.60000445793105
AATRL,4,3.690036900369003,9.649122807017545,5.959085906648541,18.100041118321617
AATV,2,5.084745762711865,11.9533527696793,6.868607006967435,39.450982775426056
AAUAF,2,2.6537997587454765,12.015503875968992,9.361704117223516,-40.24577741384662
AAUKF,2,2.6537997587454765,8.423913043478262,5.770113284732785,41.55494750672908
AAUKF,8,3.4552845528455287,14.592274678111588,11.13699012526606,41.55494750672908
AAVMY,9,0.3988341770210155,11.258278145695364,10.859443968674348,
AAVVF,2,2.9702970297029703,9.230769230769232,6.2604722010662615,219.7837088510599
AAVXF,5,2.272727272727273,13.86861313868613,11.595885865958858,
AAVXF,8,3.636363636363636,11.180124223602483,7.543760587238848,
AB,7,6.086956521739131,16.176470588235293,10.089514066496163,76.90983368915883
ABAT,2,0.6652957542034595,10.294117647058822,9.628821892855363,
ABAT,3,10.294117647058822,21.03004291845493,10.735925271396109,
ABBB,9,1.9900497512437807,8.771929824561402,6.781880073317621,-12.155554029676647
ABBNY,2,2.6537997587454765,12.087912087912088,9.434112329166611,66.17969426540652
ABBY,4,4.040404040404041,17.543859649122805,13.503455608718763,-97.64150952785808
ABBY,9,4.040404040404041,13.79310344827586,9.75269940787182,-97.64150952785808
ABCB,1,0.0,17.5,17.5,23.93284896799408
ABCB,6,5.202312138728324,20.0,14.797687861271676,23.93284896799408
ABCB,9,2.0905923344947737,11.363636363636363,9.27304402914159,23.93284896799408
ABCE,2,0.6652957542034595,14.332247557003258,13.6669518027998,-97.762468290065
ABCE,6,3.636363636363636,11.304347826086955,7.667984189723319,-97.762468290065
ABCFF,3,4.53257790368272,11.688311688311687,7.155733784628968,95.45454976479871
ABCP,4,3.11284046692607,9.649122807017545,6.536282340091475,10.397668568916
ABCP,7,1.7467248908296942,7.6923076923076925,5.945582801477999,10.397668568916
ABDDF,8,0.7042253521126761,13.333333333333334,12.629107981220658,
ABEO,1,5.387205387205387,11.67883211678832,6.291626729582933,-55.80808080808081
ABEO,3,4.326923076923077,11.496746203904555,7.169823126981479,-55.80808080808081
ABEPF,4,4.3478260869565215,10.714285714285714,6.366459627329192,157.16879638119045
ABEV,3,0.966183574879227,15.903614457831324,14.937430882952096,-38.929439501382525
ABG,4,4.891304347826087,30.46875,25.577445652173914,96.91249410152818
ABG,8,7.051282051282051,14.592274678111588,7.540992626829537,96.91249410152818
ABGOF,2,2.6537997587454765,14.332247557003258,11.678447798257782,577.7523102353399
ABGOF,8,2.145922746781116,8.035714285714286,5.889791538933171,577.7523102353399
ABGSF,1,2.158273381294964,12.244897959183673,10.08662457788871,110.26191062269052
ABGSF,9,2.931596091205212,12.195121951219512,9.263525860014301,110.26191062269052
ABLT,4,2.5,10.085836909871244,7.585836909871244,-62.37915090374106
ABLT,6,8.722741433021806,16.5266106442577,7.803869211235895,-62.37915090374106
ABLZF,2,2.6537997587454765,12.087912087912088,9.434112329166611,70.59449259938492
ABM,2,3.2710280373831773,10.294117647058822,7.023089609675646,23.32708931919681
ABM,3,10.294117647058822,15.903614457831324,5.609496810772502,23.32708931919681
ABMBF,4,2.702702702702702,8.25242718446602,5.5497244817633185,24.19354854215577
ABMC,1,8.333333333333332,17.5,9.166666666666668,-36.01819777855874
ABMC,5,0.4798340033718065,8.93371757925072,8.453883575878914,-36.01819777855874
ABMC,7,0.4524247136999859,7.4074074074074066,6.954982693707421,-36.01819777855874
ABMC,9,2.7649769585253456,9.210526315789473,6.445549357264127,-36.01819777855874
ABMRF,5,0.4798340033718065,9.803921568627452,9.324087565255645,
ABMT,1,4.81651376146789,13.541666666666666,8.725152905198776,63.016390727496095
ABNAF,5,5.864197530864197,13.958810068649884,8.094612537785686,-41.14309474352594
ABNAF,7,2.9940119760479043,8.653846153846153,5.659834177798249,-41.14309474352594
ABPR,6,3.389830508474576,10.416666666666668,7.026836158192092,-65.79804715200382
ABQQ,4,0.4710975299210593,9.649122807017545,9.178025277096486,
ABQQ,9,2.857142857142857,14.066496163682864,11.209353306540006,
ABR,6,5.185185185185185,11.224489795918368,6.039304610733183,39.69636023244955
ABSCF,2,0.6652957542034595,11.971830985915492,11.306535231712033,
ABSCF,4,3.690036900369003,12.610619469026547,8.920582568657544,
ABSOF,8,0.5016969160395455,14.592274678111588,14.090577762072042,
ABSSF,6,6.289308176100629,11.612903225806452,5.323595049705823,409.0207113694114
ABT,9,3.7593984962406015,12.857142857142856,9.097744360902254,43.77997069302605
ABTI,4,0.4710975299210593,6.698564593301436,6.227467063380376,53.22834330517452
ABTI,7,5.384615384615385,10.493827160493826,5.109211775878441,53.22834330517452
ABTS,1,8.21917808219178,14.457831325301203,6.2386532431094235,298.9682398611867
ABTS,6,3.636363636363636,10.869565217391305,7.233201581027669,298.9682398611867
ABTZY,2,0.6652957542034595,13.286713286713288,12.62141753250983,-2.4469713875526176
ABUS,5,3.4246575342465757,8.860759493670885,5.43610195942431,366.66667194725534
ABUS,7,4.62962962962963,10.0,5.37037037037037,366.66667194725534
ABVC,1,2.6785714285714284,12.790697674418606,10.112126245847177,-61.20574482957541
ABVN,3,0.5821875387092779,7.8125,7.230312461290723,
ABVN,9,5.459057071960298,15.66265060240964,10.203593530449343,
ABWN,3,0.5821875387092779,11.496746203904555,10.914558665195278,
ABZPY,5,0.4798340033718065,7.84313725490196,7.363303251530153,-19.714282807849703
AC,2,0.6652957542034595,7.865168539325842,7.199872785122383,
ACA,8,0.5016969160395455,8.125,7.6233030839604545,
ACAD,9,6.565656565656567,15.517241379310343,8.951584813653778,-58.91534614376225
ACAI,8,7.4074074074074066,15.774647887323944,8.367240479916537,-43.84422154183609
ACAN,1,5.147058823529411,18.75,13.602941176470589,20.04095874925251
ACAZF,1,9.79020979020979,17.46031746031746,7.670107670107669,14.925375391577123
ACAZF,5,4.0,12.761506276150628,8.761506276150628,14.925375391577123
ACBD,7,3.932584269662921,13.47517730496454,9.542593035301618,
ACCFF,1,0.4216359474762077,9.090909090909092,8.669273143432884,9.351499961614977
ACCFF,5,2.941176470588235,13.958810068649884,11.017633598061648,9.351499961614977
ACCO,2,4.225352112676056,12.087912087912088,7.862559975236032,-10.621343248442306
ACCO,9,2.857142857142857,15.66265060240964,12.805507745266782,-10.621343248442306
ACCR,9,6.60377358490566,12.23404255319149,5.630268968285829,203.2567124395527
ACCYY,4,1.7482517482517483,8.25242718446602,6.504175436214272,-13.377221446221336
ACCYY,9,3.343465045592705,9.32642487046632,5.982959824873616,-13.377221446221336
ACDSF,5,5.864197530864197,12.910798122065728,7.046600591201531,-3.5186761293366224
ACDSF,8,3.8461538461538463,13.333333333333334,9.487179487179487,-3.5186761293366224
ACDVF,5,5.369127516778524,13.958810068649884,8.589682551871359,
ACEHF,1,5.625,27.884615384615387,22.259615384615387,-41.66666511446233
ACEHF,5,4.975124378109453,11.604095563139932,6.628971185030479,-41.66666511446233
ACEHF,8,0.7042253521126761,15.774647887323944,15.070422535211268,-41.66666511446233
ACEL,5,0.4798340033718065,10.1010101010101,9.621176097638294,
ACET,9,1.9900497512437807,9.32642487046632,7.33637511922254,
ACEYY,6,0.4018215912135012,8.540925266903916,8.139103675690414,217.96610043467345
ACFN,2,2.6537997587454765,14.332247557003258,11.678447798257782,136.882127748005
ACFN,4,2.631578947368421,10.085836909871244,7.4542579625028225,136.882127748005
ACFN,6,3.389830508474576,10.588235294117649,7.198404785643072,136.882127748005
ACFN,8,4.643962848297214,12.258064516129032,7.614101667831818,136.882127748005
ACGBY,3,4.326923076923077,11.496746203904555,7.169823126981479,-16.64213434389809
ACGBY,6,3.076923076923077,10.227272727272728,7.150349650349652,-16.64213434389809
ACGBY,8,3.4552845528455287,9.266409266409266,5.811124713563737,-16.64213434389809
ACGL,7,4.487179487179487,10.687022900763358,6.199843413583871,-5.568791533132823
ACGX,4,5.323193916349809,11.519607843137257,6.196413926787447,-26.272759480365654
ACGX,8,5.666666666666666,12.34567901234568,6.6790123456790145,-26.272759480365654
ACGYF,2,5.447470817120623,14.332247557003258,8.884776739882636,-21.999998092651367
ACHC,4,3.690036900369003,10.085836909871244,6.39580000950224,103.62710803183452
ACHC,6,6.289308176100629,11.891891891891891,5.602583715791262,103.62710803183452
ACHFF,2,5.387205387205387,11.9533527696793,6.566147382473914,94.66143945996434
ACHFF,4,2.631578947368421,9.876543209876544,7.244964262508123,94.66143945996434
ACHFF,6,6.806282722513089,20.0,13.193717277486911,94.66143945996434
ACIC,5,4.9079754601227,11.926605504587156,7.018630044464456,-69.1823898666748
ACIC,6,11.926605504587156,20.0,8.073394495412844,-69.1823898666748
ACITF,1,4.150943396226415,15.18987341772152,11.038930021495105,38.461549042244926
ACIU,3,0.5821875387092779,7.8125,7.230312461290723,
ACIU,9,3.2085561497326207,10.989010989010987,7.780454839278367,
ACKAY,8,3.4552845528455287,8.762886597938143,5.307602045092615,18.49368138805145
ACKRF,6,0.4018215912135012,5.769230769230769,5.367409178017268,110.29412098241824
ACKRF,8,5.755395683453238,11.48936170212766,5.733966018674422,110.29412098241824
ACLLF,2,3.1630170316301705,8.423913043478262,5.260896011848091,-10.397172838744323
ACLLF,9,3.7593984962406015,10.15625,6.3968515037593985,-10.397172838744323
ACLS,4,3.636363636363636,12.610619469026547,8.974255832662912,150.2550516362457
ACLTF,2,0.6652957542034595,6.336633663366337,5.671337909162878,11.660159279387992
ACLTF,4,0.4710975299210593,8.26086956521739,7.789772035296331,11.660159279387992
ACLTF,8,0.5016969160395455,6.60377358490566,6.102076668866115,11.660159279387992
ACMB,2,0.6652957542034595,10.625,9.95970424579654,
ACMB,6,3.6231884057971016,9.747292418772563,6.124104012975462,
ACMDY,8,0.5016969160395455,13.333333333333334,12.831636417293788,
ACMR,6,0.4018215912135012,11.891891891891891,11.49007030067839,
ACMT,3,0.5821875387092779,9.67741935483871,9.095231816129433,15.53273484046522
ACMTA,3,6.315789473684211,11.496746203904555,5.180956730220345,6.068397109393307
ACMTA,9,7.142857142857142,14.066496163682864,6.923639020825721,6.068397109393307
ACN,7,1.7467248908296942,16.176470588235293,14.429745697405599,75.62393036739982
ACNB,1,10.476190476190476,18.75,8.273809523809524,-17.463842354350234
ACNDF,2,2.5974025974025974,8.423913043478262,5.826510446075664,-10.75455367089766
ACNDF,7,2.0408163265306123,8.653846153846153,6.6130298273155415,-10.75455367089766
ACNDF,8,8.653846153846153,15.774647887323944,7.120801733477791,-10.75455367089766
ACNFF,2,0.6652957542034595,18.0,17.33470424579654,2.6745354215386103
ACNFF,5,2.941176470588235,8.870967741935484,5.9297912713472485,2.6745354215386103
ACNFF,8,4.545454545454546,15.774647887323944,11.229193341869397,2.6745354215386103
ACNI,2,0.6652957542034595,11.971830985915492,11.306535231712033,-50.98038935949404
ACNI,8,7.6923076923076925,15.774647887323944,8.08234019501625,-50.98038935949404
ACNV,2,3.0534351145038165,9.523809523809524,6.470374409305707,
ACNV,4,5.323193916349809,16.666666666666664,11.343472750316856,
ACNV,6,3.6231884057971016,16.5266106442577,12.9034222384606,
ACNV,8,4.225352112676056,9.25925925925926,5.0339071465832035,
ACOPF,6,13.958810068649884,20.0,6.041189931350116,-46.844514890912
ACOPF,8,3.4552845528455287,9.266409266409266,5.811124713563737,-46.844514890912
ACPS,1,5.426356589147287,12.0,6.573643410852713,0.0
ACPS,4,0.4710975299210593,11.363636363636363,10.892538833715305,0.0
ACR,7,5.454545454545454,11.76470588235294,6.310160427807486,-53.47481969663208
ACRB,5,1.0101010101010102,7.43801652892562,6.4279155188246095,-90.01663871272181
ACRE,1,3.375527426160337,17.5,14.124472573839663,-0.4095690820546743
ACRE,3,4.326923076923077,11.267605633802818,6.940682556879741,-0.4095690820546743
ACRE,7,3.065134099616858,16.176470588235293,13.111336488618436,-0.4095690820546743
ACRFF,4,2.3255813953488373,8.25242718446602,5.926845789117182,-17.037744636587572
ACRG,4,5.323193916349809,14.285714285714285,8.962520369364476,63.69230838922353
ACRG,6,3.636363636363636,9.747292418772563,6.110928782408927,63.69230838922353
ACRL,3,0.5821875387092779,10.638297872340424,10.056110333631146,
ACRL,8,4.545454545454546,24.873096446700508,20.32764190124596,
ACRS,1,0.4216359474762077,14.84375,14.422114052523792,
ACSAF,8,5.263157894736842,13.333333333333334,8.070175438596493,-33.459415028435714
ACSAY,4,0.4710975299210593,11.519607843137257,11.048510313216198,
ACSAY,8,4.678362573099415,13.333333333333334,8.654970760233919,
ACSYF,5,0.4798340033718065,8.722741433021806,8.24290742965,101.75438431381409
ACSYF,8,0.5016969160395455,12.258064516129032,11.756367600089487,101.75438431381409
ACTG,3,5.365853658536586,11.620294599018004,6.254440940481419,146.56750721066163
ACTL,4,3.11284046692607,10.27027027027027,7.1574298033442005,19.999999999985
ACTL,6,5.555555555555555,10.588235294117649,5.032679738562093,19.999999999985
ACTX,1,4.150943396226415,18.75,14.599056603773585,-90.77499036555932
ACU,3,6.25,11.267605633802818,5.017605633802818,62.139677568374985
ACUR,2,5.387205387205387,12.015503875968992,6.628298488763606,58.09035875577639
ACUR,9,5.172413793103448,15.517241379310343,10.344827586206895,58.09035875577639
ACWRF,2,0.6652957542034595,7.865168539325842,7.199872785122383,
ACWRF,3,7.865168539325842,13.461538461538462,5.596369922212619,
ACXIF,3,6.336633663366337,11.688311688311687,5.35167802494535,66.84406592824065
ACXIF,8,8.51063829787234,14.592274678111588,6.081636380239248,66.84406592824065
ADAD,2,0.6652957542034595,10.75268817204301,10.08739241783955,
ADAP,5,3.4246575342465757,11.604095563139932,8.179438028893356,
ADBE,6,12.910798122065728,20.0,7.089201877934272,115.08288345205672
ADC,2,4.225352112676056,11.9533527696793,7.7280006570032445,-12.579484846674143
ADC,9,3.7593984962406015,15.66265060240964,11.903252106169038,-12.579484846674143
ADD,3,1.8867924528301887,7.633587786259542,5.746795333429354,-78.10004223987511
ADDDF,9,6.363636363636363,12.195121951219512,5.831485587583149,0.4303125372071297
ADDYY,9,6.363636363636363,12.195121951219512,5.831485587583149,0.5257659077896285
ADEA,3,4.326923076923077,11.496746203904555,7.169823126981479,-9.647000192798224
ADEA,8,3.4552845528455287,11.728395061728394,8.273110508882866,-9.647000192798224
ADERY,2,0.6652957542034595,8.96551724137931,8.30022148717585,19.230316481626904
ADERY,6,0.4018215912135012,8.21917808219178,7.817356490978279,19.230316481626904
ADERY,9,4.072398190045249,14.066496163682864,9.994097973637615,19.230316481626904
ADFJF,2,6.521739130434782,11.650485436893204,5.128746306458422,40.00000627417321
ADFS,2,7.18954248366013,12.5,5.31045751633987,-94.31792680403164
ADFS,4,10.81081081081081,17.543859649122805,6.733048838311994,-94.31792680403164
ADFS,6,3.389830508474576,10.227272727272728,6.837442218798152,-94.31792680403164
ADFS,7,10.227272727272728,16.176470588235293,5.949197860962565,-94.31792680403164
ADHI,1,12.149532710280374,18.75,6.600467289719626,2.989306002404467
ADHI,9,4.040404040404041,15.517241379310343,11.476837338906304,2.989306002404467
ADHLF,2,5.387205387205387,11.258278145695364,5.871072758489977,-62.96296475151128
ADHLF,6,3.636363636363636,9.064327485380115,5.427963849016479,-62.96296475151128
ADI,3,4.53257790368272,9.67741935483871,5.14484145115599,54.89389155568286
ADI,8,7.042253521126761,13.333333333333334,6.291079812206573,54.89389155568286
ADIA,6,10.1010101010101,16.5266106442577,6.425600543247601,-82.90598217461334
ADIA,9,4.511278195488721,14.156626506024098,9.645348310535377,-82.90598217461334
ADKIL,7,0.4524247136999859,9.523809523809524,9.071384810109539,
ADKIL,9,0.3988341770210155,6.25,5.8511658229789845,
ADLI,2,3.0534351145038165,9.230769230769232,6.177334116265415,-96.15384626147858
ADLRF,2,3.1630170316301705,12.015503875968992,8.852486844338822,-38.49489261397176
ADLRF,9,6.363636363636363,12.857142857142856,6.493506493506493,-38.49489261397176
ADMA,1,2.769230769230769,15.384615384615383,12.615384615384613,-75.19828529360014
ADMA,3,4.326923076923077,10.714285714285714,6.387362637362637,-75.19828529360014
ADMA,6,3.389830508474576,20.0,16.610169491525426,-75.19828529360014
ADMG,7,4.296875,9.523809523809524,5.226934523809524,450.4761994304037
ADMG,8,9.523809523809524,24.873096446700508,15.349286922890984,450.4761994304037
ADMT,4,1.6853932584269662,9.876543209876544,8.191149951449578,-39.24731197870873
ADMT,6,3.896103896103896,11.891891891891891,7.995787995787995,-39.24731197870873
ADMT,9,3.5000000000000004,9.210526315789473,5.710526315789473,-39.24731197870873
ADN,8,0.5016969160395455,15.774647887323944,15.272950971284398,
ADNT,4,4.040404040404041,9.649122807017545,5.608718766613504,
ADOOY,3,8.423913043478262,15.903614457831324,7.4797014143530625,49.77745004458498
ADOOY,6,2.272727272727273,8.540925266903916,6.268197994176642,49.77745004458498
ADP,3,0.966183574879227,21.03004291845493,20.063859343575704,24.65031855413659
ADP,7,3.3707865168539324,10.024449877750612,6.6536633608966795,24.65031855413659
ADPPF,6,0.4018215912135012,5.769230769230769,5.367409178017268,
ADPXY,2,3.1630170316301705,14.814814814814811,11.65179778318464,58.70896696545695
ADPXY,8,4.294478527607362,11.180124223602483,6.885645695995121,58.70896696545695
ADRGF,1,8.333333333333332,18.75,10.416666666666668,92.99516650483883
ADRGF,8,4.225352112676056,9.375,5.149647887323944,92.99516650483883
ADRNY,2,6.521739130434782,11.578947368421051,5.057208237986269,32.615479776712
ADRNY,6,6.8181818181818175,16.5266106442577,9.708428826075885,32.615479776712
ADRZF,6,3.636363636363636,10.588235294117649,6.951871657754013,10.169493560596928
ADRZY,2,3.260869565217391,8.96551724137931,5.704647676161919,31.55465649637022
ADSK,3,6.25,11.496746203904555,5.246746203904555,96.85441811739987
ADST,4,0.4710975299210593,8.641975308641975,8.170877778720916,0.0
ADST,6,0.4018215912135012,16.5266106442577,16.1247890530442,0.0
ADSV,8,3.4552845528455287,14.592274678111588,11.13699012526606,322.4952670102398
ADT,6,0.4018215912135012,7.051282051282051,6.64946046006855,
ADTN,2,3.3854166666666665,11.9533527696793,8.567936103012634,98.77417327029602
ADTN,7,3.225806451612903,10.024449877750612,6.798643426137709,98.77417327029602
ADTR,1,5.421686746987952,12.244897959183673,6.823211212195721,25.00000277179358
ADTR,5,5.487804878048781,12.910798122065728,7.422993244016947,25.00000277179358
ADTTF,4,0.4710975299210593,17.543859649122805,17.072762119201744,218.20561774423192
ADTTF,9,3.937007874015748,12.857142857142856,8.920134983127108,218.20561774423192
ADUS,5,5.369127516778524,13.86861313868613,8.499485621907606,-7.219269607792059
ADVOF,7,5.82010582010582,15.217391304347828,9.397285484242008,107.67999246271329
ADVT,1,6.164383561643835,14.84375,8.679366438356166,-87.34177191581878
ADVT,6,3.389830508474576,8.540925266903916,5.151094758429339,-87.34177191581878
ADWPF,1,5.387205387205387,12.849162011173185,7.461956623967798,-36.44465244564683
ADWPF,6,7.894736842105263,20.0,12.105263157894736,-36.44465244564683
ADWPF,9,2.185792349726776,12.857142857142856,10.67135050741608,-36.44465244564683
ADXDF,5,1.0101010101010102,8.49056603773585,7.480465027634839,267.7999821884553
ADXRF,1,4.215456674473068,18.75,14.534543325526933,66.666672875484
ADXRF,3,7.865168539325842,13.461538461538462,5.596369922212619,66.666672875484
ADYEY,9,0.3988341770210155,13.79310344827586,13.394269271254844,
ADYX,3,4.059040590405904,9.473684210526317,5.414643620120413,-98.37586148194202
ADYYF,7,0.4524247136999859,9.550561797752808,9.098137084052823,
AE,2,5.109489051094891,14.332247557003258,9.222758505908367,4.839615331680468
AE,8,3.636363636363636,9.523809523809524,5.887445887445888,4.839615331680468
AEBZY,6,4.761904761904762,10.227272727272728,5.4653679653679665,-27.85714353833879
AECFF,8,0.5016969160395455,5.777777777777778,5.276080861738232,
AECX,8,4.225352112676056,12.258064516129032,8.032712403452976,3540.0000042574766
AEE,2,2.631578947368421,9.230769230769232,6.5991902834008105,6.998469844392392
AEE,4,3.589743589743589,12.610619469026547,9.020875879282958,6.998469844392392
AEE,7,3.065134099616858,9.266409266409266,6.201275166792408,6.998469844392392
AEE,9,3.7593984962406015,11.452513966480447,7.693115470239846,6.998469844392392
AEG,6,8.722741433021806,16.5266106442577,7.803869211235895,16.613345571572644
AEGY,8,7.4074074074074066,12.5,5.0925925925925934,0.0
AEHR,3,4.326923076923077,11.496746203904555,7.169823126981479,719.1143543581413
AEIS,3,10.294117647058822,15.903614457831324,5.609496810772502,57.12450668717198
AEIS,8,7.575757575757576,14.592274678111588,7.016517102354012,57.12450668717198
AEM,8,4.643962848297214,11.728395061728394,7.08443221343118,-6.178163782564608
AEMD,6,3.636363636363636,9.064327485380115,5.427963849016479,-15.254620124403482
AEMMF,5,0.4798340033718065,8.80281690140845,8.322982898036644,-46.74403259725173
AEMMY,6,3.0303030303030303,10.227272727272728,7.196969696969698,23.93800262933809
AEMMY,9,0.3988341770210155,13.79310344827586,13.394269271254844,23.93800262933809
AEO,5,1.6666666666666667,8.280254777070063,6.613588110403396,62.5829879877714
AEO,6,8.280254777070063,16.5266106442577,8.246355867187638,62.5829879877714
AEOXF,6,0.4018215912135012,10.869565217391305,10.467743626177803,-26.95013594953981
AEP,2,2.631578947368421,11.9533527696793,9.32177382231088,-12.104278559261516
AEP,4,3.589743589743589,11.519607843137257,7.929864253393667,-12.104278559261516
AEP,9,3.7593984962406015,11.452513966480447,7.693115470239846,-12.104278559261516
AEPLF,4,0.4710975299210593,9.395973154362416,8.924875624441357,14.754100154721936
AEPLF,8,0.5016969160395455,6.60377358490566,6.102076668866115,14.754100154721936
AER,7,3.5211267605633805,16.176470588235293,12.655343827671913,4.213541826045546
AERN,2,0.6652957542034595,10.75268817204301,10.08739241783955,0.0
AERN,4,0.4710975299210593,10.606060606060606,10.134963076139547,0.0
AERN,6,3.6231884057971016,10.869565217391305,7.246376811594203,0.0
AERS,9,4.072398190045249,11.363636363636363,7.291238173591115,234.1389723761457
AES,2,3.3854166666666665,8.423913043478262,5.038496376811596,39.53405152011876
AES,7,5.921052631578947,17.02127659574468,11.100223964165734,39.53405152011876
AESO,1,0.4216359474762077,6.896551724137931,6.474915776661723,1450.0000836734955
AESO,3,0.5821875387092779,8.571428571428571,7.989241032719294,1450.0000836734955
AESO,5,5.333333333333334,13.86861313868613,8.535279805352797,1450.0000836734955
AETHF,8,3.755868544600939,9.375,5.619131455399061,
AETUF,2,2.9702970297029703,8.423913043478262,5.453616013775291,120.53966009019976
AEXAY,1,0.4216359474762077,13.924050632911392,13.502414685435184,
AEXAY,4,5.907172995780591,11.519607843137257,5.612434847356665,
AEXE,1,2.769230769230769,12.244897959183673,9.475667189952905,-25.925926524756854
AEXE,9,0.3988341770210155,7.142857142857142,6.744022965836127,-25.925926524756854
AEXFF,2,2.5974025974025974,8.96551724137931,6.368114643976712,-19.99999441206428
AEXFF,9,3.2085561497326207,12.857142857142856,9.648586707410235,-19.99999441206428
AEYE,2,3.1630170316301705,10.294117647058822,7.131100615428652,247.4744296264232
AEYE,4,3.11284046692607,10.27027027027027,7.1574298033442005,247.4744296264232
AEYE,6,3.389830508474576,10.227272727272728,6.837442218798152,247.4744296264232
AEYGQ,2,8.484848484848486,14.332247557003258,5.847399072154772,13.478195913575195
AEYGQ,7,3.491271820448877,10.0,6.508728179551123,13.478195913575195
AEYGQ,9,6.338028169014084,14.156626506024098,7.818598337010014,13.478195913575195
AFCL,1,0.4216359474762077,9.090909090909092,8.669273143432884,900.0
AFCL,5,0.4798340033718065,11.475409836065571,10.995575832693765,900.0
AFCL,6,11.475409836065571,18.181818181818183,6.706408345752612,900.0
AFFL,2,0.6652957542034595,8.571428571428571,7.906132817225112,1900.0001455190527
AFFL,9,0.3988341770210155,10.15625,9.757415822978984,1900.0001455190527
AFFN,1,0.4216359474762077,13.541666666666666,13.120030719190458,99900.0002910375
AFFS,1,0.4216359474762077,13.375796178343949,12.95416023086774,
AFFS,9,5.777777777777778,14.156626506024098,8.378848728246322,
AFFT,8,0.5016969160395455,7.142857142857142,6.641160226817597,
AFFT,9,7.142857142857142,14.156626506024098,7.013769363166956,
AFG,3,4.326923076923077,15.903614457831324,11.576691380908247,26.320020933723463
AFG,6,3.79746835443038,9.064327485380115,5.266859130949735,26.320020933723463
AFGVF,2,0.6652957542034595,6.097560975609756,5.432265221406297,0.0
AFGVF,7,3.932584269662921,9.550561797752808,5.617977528089886,0.0
AFGVY,1,5.426356589147287,15.18987341772152,9.763516828574232,10.98155021458844
AFGVY,4,3.11284046692607,10.687022900763358,7.574182433837288,10.98155021458844
AFGVY,9,1.9900497512437807,12.195121951219512,10.205072199975731,10.98155021458844
AFIIQ,2,0.6652957542034595,11.971830985915492,11.306535231712033,
AFIIQ,7,4.838709677419355,10.024449877750612,5.185740200331257,
AFL,3,0.966183574879227,6.0,5.033816425120773,0.6657596202780333
AFL,8,3.571428571428571,9.266409266409266,5.6949806949806945,0.6657596202780333
AFLYY,4,3.11284046692607,11.188811188811188,8.075970721885119,-56.40649363436812
AFMD,4,1.6853932584269662,10.606060606060606,8.920667347633639,106.07217481426184
AFML,9,0.3988341770210155,12.195121951219512,11.796287774198497,800.0000072759125
AFNL,1,4.545454545454546,11.304347826086955,6.758893280632409,116.00000000000004
AFNL,5,5.555555555555555,13.86861313868613,8.313057583130576,116.00000000000004
AFNL,8,3.4552845528455287,9.266409266409266,5.811124713563737,116.00000000000004
AFNL,9,9.266409266409266,15.66265060240964,6.396241336000374,116.00000000000004
AFOM,5,0.4798340033718065,8.80281690140845,8.322982898036644,
AFOM,7,3.491271820448877,9.01639344262295,5.5251216221740735,
AFPW,1,4.150943396226415,12.0,7.849056603773585,280.00001018629763
AFPW,3,0.5821875387092779,7.633587786259542,7.051400247550264,280.00001018629763
AFRAF,2,7.7490774907749085,13.286713286713288,5.53763579593838,-53.20582715876958
AFRAF,4,3.11284046692607,11.519607843137257,8.406767376211187,-53.20582715876958
AFRMF,3,6.334841628959276,11.496746203904555,5.16190457494528,975.2688508004152
AFSIA,3,0.5821875387092779,7.894736842105263,7.3125493033959845,6.256821876813941
AFSIA,9,5.777777777777778,11.452513966480447,5.67473618870267,6.256821876813941
AFSIB,3,0.5821875387092779,7.894736842105263,7.3125493033959845,
AFSIB,9,5.777777777777778,11.452513966480447,5.67473618870267,
AFSIC,2,3.260869565217391,8.98876404494382,5.72789447972643,12.004184809570798
AFSIC,9,5.777777777777778,11.452513966480447,5.67473618870267,12.004184809570798
AFSIM,2,0.6652957542034595,12.015503875968992,11.350208121765533,
AFSIM,9,5.777777777777778,11.452513966480447,5.67473618870267,
AFSIN,2,0.6652957542034595,12.015503875968992,11.350208121765533,
AFSIN,9,5.777777777777778,11.452513966480447,5.67473618870267,
AFSIP,1,0.4216359474762077,13.375796178343949,12.95416023086774,
AFSIP,9,5.777777777777778,11.452513966480447,5.67473618870267,
AFTM,9,2.931596091205212,9.210526315789473,6.27893022458426,-98.44297385958602
AFYA,9,0.3988341770210155,12.23404255319149,11.835208376170474,
AFYG,3,6.0606060606060606,11.650485436893204,5.5898793762871435,-3.633733046924628
AFYG,5,4.0,10.1010101010101,6.1010101010101,-3.633733046924628
AG,2,5.447470817120623,12.015503875968992,6.5680330588483695,10.0420459683141
AG,4,2.702702702702702,8.641975308641975,5.939272605939273,10.0420459683141
AG,8,4.643962848297214,11.347517730496454,6.70355488219924,10.0420459683141
AGAE,6,0.4018215912135012,16.5266106442577,16.1247890530442,
AGBA,9,0.3988341770210155,12.23404255319149,11.835208376170474,
AGCCF,6,6.862745098039216,16.5266106442577,9.663865546218485,115.7407395526338
AGCO,8,4.678362573099415,13.333333333333334,8.654970760233919,67.82877481164422
AGCZ,1,0.7462686567164178,7.352941176470589,6.606672519754171,-39.37008011442054
AGCZ,8,4.605263157894736,12.5,7.894736842105264,-39.37008011442054
AGDXF,1,6.0606060606060606,13.924050632911392,7.8634445723053314,44.33332593449301
AGDY,6,3.896103896103896,16.5266106442577,12.630506748153806,78.67713792412691
AGDY,8,7.042253521126761,24.873096446700508,17.830842925573748,78.67713792412691
AGEN,3,6.25,11.620294599018004,5.370294599018004,118.27572170713488
AGEN,8,3.4552845528455287,10.084033613445378,6.62874906059985,118.27572170713488
AGESF,4,1.7482517482517483,9.649122807017545,7.900871058765796,-16.841729380192152
AGESF,6,2.272727272727273,10.227272727272728,7.954545454545455,-16.841729380192152
AGESF,8,4.643962848297214,15.774647887323944,11.13068503902673,-16.841729380192152
AGESY,1,9.79020979020979,17.5,7.70979020979021,-16.098240898986916
AGESY,5,1.0101010101010102,8.722741433021806,7.712640422920796,-16.098240898986916
AGESY,6,8.722741433021806,16.5266106442577,7.803869211235895,-16.098240898986916
AGFMF,5,4.0,13.958810068649884,9.958810068649884,38.08558623407212
AGFMF,9,2.857142857142857,10.15625,7.299107142857142,38.08558623407212
AGGG,7,0.4524247136999859,10.687022900763358,10.234598187063373,
AGGHF,8,0.5016969160395455,7.142857142857142,6.641160226817597,
AGGI,6,0.4018215912135012,16.5266106442577,16.1247890530442,372.10359370744646
AGGI,9,7.142857142857142,13.79310344827586,6.650246305418717,372.10359370744646
AGGZF,3,6.962025316455696,15.903614457831324,8.941589141375628,-26.601923322582188
AGI,8,4.643962848297214,11.347517730496454,6.70355488219924,43.64640470719179
AGIN,4,1.7482517482517483,10.085836909871244,8.337585161619495,919.2156492866012
AGIO,3,4.059040590405904,10.714285714285714,6.655245123879809,38.36596787741223
AGIO,5,6.8181818181818175,13.958810068649884,7.140628250468066,38.36596787741223
AGLXY,2,5.109489051094891,11.9533527696793,6.84386371858441,-67.93802132752262
AGLXY,8,4.643962848297214,24.873096446700508,20.229133598403294,-67.93802132752262
AGM,2,2.9702970297029703,10.294117647058822,7.323820617355852,32.68926860921965
AGM,5,3.903903903903904,12.761506276150628,8.857602372246724,32.68926860921965
AGMH,6,0.4018215912135012,6.666666666666667,6.264845075453166,
AGMH,7,6.666666666666667,17.02127659574468,10.354609929078013,
AGMJF,4,3.690036900369003,9.649122807017545,5.959085906648541,31.88410127134698
AGNC,8,2.877697841726619,12.34567901234568,9.467981170619062,-3.184483842928136
AGO,8,10.687022900763358,15.774647887323944,5.087624986560586,2.354200923423706
AGOAF,2,9.090909090909092,14.332247557003258,5.241338466094167,-13.571431707514868
AGOAF,4,7.428571428571429,12.698412698412698,5.269841269841269,-13.571431707514868
AGOAF,8,3.937007874015748,12.34567901234568,8.408671138329932,-13.571431707514868
AGPYY,6,0.4018215912135012,10.227272727272728,9.825451136059227,-35.76187010728415
AGR,2,0.6652957542034595,6.097560975609756,5.432265221406297,
AGR,5,5.864197530864197,12.910798122065728,7.046600591201531,
AGRDF,2,0.6652957542034595,11.650485436893204,10.985189682689745,64.34714128142109
AGREF,2,0.6652957542034595,6.315789473684211,5.650493719480751,1600.0000223517418
AGREF,8,8.411214953271028,15.774647887323944,7.363432934052916,1600.0000223517418
AGRO,2,2.6537997587454765,11.578947368421051,8.925147609675575,47.33874936326507
AGRPF,6,3.389830508474576,9.747292418772563,6.357461910297987,0.0
AGRPF,8,0.5016969160395455,5.777777777777778,5.276080861738232,0.0
AGRPY,2,3.260869565217391,14.332247557003258,11.071377991785868,-8.372245531909549
AGRPY,6,4.0,9.064327485380115,5.064327485380115,-8.372245531909549
AGRS,1,3.375527426160337,31.03448275862069,27.65895533246035,25.000003637979614
AGRS,4,8.24742268041237,16.666666666666664,8.419243986254294,25.000003637979614
AGRS,6,5.555555555555555,16.5266106442577,10.971055088702146,25.000003637979614
AGRS,8,4.273504273504273,9.523809523809524,5.25030525030525,25.000003637979614
AGRUF,8,10.0,24.873096446700508,14.873096446700508,10.822735535894417
AGS,6,0.4018215912135012,9.747292418772563,9.345470827559062,
AGS,7,9.747292418772563,15.217391304347828,5.470098885575265,
AGSS,1,5.426356589147287,11.67883211678832,6.252475527641033,33636.53894090793
AGSS,6,11.475409836065571,16.5266106442577,5.05120080819213,33636.53894090793
AGSS,9,6.315789473684211,12.23404255319149,5.918253079507279,33636.53894090793
AGSVF,7,3.932584269662921,11.76470588235294,7.832121612690019,-47.45850634807077
AGSVF,9,9.375,15.66265060240964,6.28765060240964,-47.45850634807077
AGTEF,1,2.2900763358778624,13.513513513513514,11.223437177635653,-14.79392078417288
AGTEF,3,9.523809523809524,21.03004291845493,11.506233394645408,-14.79392078417288
AGTK,2,3.1630170316301705,9.230769230769232,6.067752199139061,-99.3602193166281
AGTT,2,3.658536585365853,11.258278145695364,7.599741560329511,-91.3150685749408
AGTT,8,5.833333333333333,11.650485436893204,5.817152103559871,-91.3150685749408
AGTX,1,0.4216359474762077,6.0344827586206895,5.612846811144482,
AGTX,9,0.3988341770210155,10.0,9.601165822978984,
AGX,3,1.9230769230769231,15.903614457831324,13.9805375347544,13.210495428502488
AGXKF,3,5.603448275862069,11.267605633802818,5.6641573579407485,-3.02857058388846
AGXKF,7,8.540925266903916,17.02127659574468,8.480351328840765,-3.02857058388846
AGYS,1,4.215456674473068,15.060240963855422,10.844784289382353,106.89912179092514
AGYS,3,1.9230769230769231,10.714285714285714,8.79120879120879,106.89912179092514
AGYS,8,9.266409266409266,15.774647887323944,6.508238620914678,106.89912179092514
AGYTF,5,4.132231404958678,11.475409836065571,7.343178431106893,170.0000008765389
AGZNF,1,3.375527426160337,17.5,14.124472573839663,
AGZNF,6,0.4018215912135012,6.140350877192982,5.738529285979481,
AGZNF,9,5.263157894736842,12.903225806451612,7.6400679117147705,
AHCHF,3,4.53257790368272,11.620294599018004,7.087716695335285,-7.891636473666402
AHCHF,6,7.894736842105263,16.5266106442577,8.631873802152437,-7.891636473666402
AHCHF,8,4.605263157894736,15.774647887323944,11.169384729429208,-7.891636473666402
AHCHY,3,4.53257790368272,11.620294599018004,7.087716695335285,-9.239857170343194
AHCHY,6,7.894736842105263,16.5266106442577,8.631873802152437,-9.239857170343194
AHCHY,8,4.605263157894736,15.774647887323944,11.169384729429208,-9.239857170343194
AHCO,8,3.571428571428571,11.728395061728394,8.156966490299823,
AHELF,2,3.2710280373831773,18.867924528301888,15.596896490918711,41896.99921660295
AHELF,4,12.82051282051282,20.33898305084746,7.518470230334641,41896.99921660295
AHEXF,4,2.5,9.649122807017545,7.1491228070175445,-7.087466194437637
AHEXY,4,2.5,9.395973154362416,6.895973154362416,-11.77644016203548
AHEXY,8,4.678362573099415,14.592274678111588,9.913912105012173,-11.77644016203548
AHFCF,1,4.215456674473068,11.304347826086955,7.088891151613887,266.6666728754841
AHFCF,9,5.459057071960298,11.452513966480447,5.99345689452015,266.6666728754841
AHFD,2,3.1630170316301705,8.695652173913043,5.532635142282873,754.0000458384857
AHFD,5,0.4798340033718065,13.958810068649884,13.478976065278077,754.0000458384857
AHFI,5,0.4798340033718065,6.289308176100629,5.809474172728823,402810.013244426
AHFI,9,3.508771929824561,14.066496163682864,10.557724233858302,402810.013244426
AHGIF,4,0.4710975299210593,6.698564593301436,6.227467063380376,
AHIX,2,3.260869565217391,9.70873786407767,6.4478682988602785,-55.97777824652047
AHIX,6,0.4018215912135012,10.588235294117649,10.186413702904147,-55.97777824652047
AHIX,8,5.05050505050505,14.592274678111588,9.541769627606538,-55.97777824652047
AHKSY,2,5.084745762711865,10.714285714285714,5.6295399515738485,-3.407844679588011
AHNR,1,3.375527426160337,9.090909090909092,5.7153816647487545,136.36363913451356
AHNR,6,4.958677685950414,14.634146341463412,9.675468655512997,136.36363913451356
AHNR,9,2.247191011235955,14.066496163682864,11.819305152446908,136.36363913451356
AHODF,6,6.8181818181818175,16.5266106442577,9.708428826075885,30.492324867146856
AHOTF,2,5.447470817120623,12.087912087912088,6.640441270791465,-34.48967678371046
AHOTF,7,2.0408163265306123,10.024449877750612,7.9836335512200005,-34.48967678371046
AHPIQ,6,6.7669172932330826,12.5,5.7330827067669174,422.1295229352187
AHRO,1,5.426356589147287,17.46031746031746,12.033960871170173,-96.72651920294632
AHRO,6,8.49056603773585,14.634146341463412,6.143580303727562,-96.72651920294632
AHT,6,3.5211267605633805,11.224489795918368,7.703363035354988,-94.76652881594048
AIABF,2,2.6537997587454765,10.625,7.9712002412545235,-62.93650728699903
AIABF,4,0.4710975299210593,11.363636363636363,10.892538833715305,-62.93650728699903
AIAD,1,6.0606060606060606,18.75,12.68939393939394,418.4263004750903
AIAD,4,3.589743589743589,9.375,5.785256410256411,418.4263004750903
AIAGF,1,0.4216359474762077,15.060240963855422,14.638605016379215,118.3622870123376
AIAGF,6,0.4018215912135012,9.747292418772563,9.345470827559062,118.3622870123376
AIAGF,8,0.5016969160395455,5.777777777777778,5.276080861738232,118.3622870123376
AIAGY,5,0.4798340033718065,7.894736842105263,7.414902838733457,47.33991779777004
AIAPF,9,0.3988341770210155,5.88235294117647,5.483518764155455,
AIBGY,8,0.5016969160395455,8.125,7.6233030839604545,
AICAF,3,4.326923076923077,10.81081081081081,6.483887733887734,-25.54347935240071
AICAF,8,4.225352112676056,14.592274678111588,10.366922565435532,-25.54347935240071
AIDA,1,4.545454545454546,13.541666666666666,8.996212121212121,-58.94909649090992
AIDA,4,4.054054054054054,12.76595744680851,8.711903392754456,-58.94909649090992
AIDA,6,6.289308176100629,11.612903225806452,5.323595049705823,-58.94909649090992
AIFF,3,0.5821875387092779,7.8125,7.230312461290723,1945.333346162019
AIFLY,1,2.912621359223301,14.84375,11.931128640776699,41.0256441606652
AIFLY,4,1.6853932584269662,6.698564593301436,5.013171334874469,41.0256441606652
AIFS,5,5.555555555555555,12.910798122065728,7.355242566510173,-40.14084695043415
AIG,1,0.0,12.849162011173185,12.849162011173185,5.80331994031441
AIG,9,6.363636363636363,12.195121951219512,5.831485587583149,5.80331994031441
AIHS,6,0.4018215912135012,6.666666666666667,6.264845075453166,
AIJTY,6,0.4018215912135012,5.970149253731343,5.5683276625178415,
AIKO,1,5.426356589147287,15.18987341772152,9.763516828574232,-97.80123120096395
AILIH,2,8.108108108108109,13.286713286713288,5.17860517860518,1.0844060674644314
AILIH,9,5.813953488372093,12.857142857142856,7.043189368770763,1.0844060674644314
AILIM,8,0.5016969160395455,6.338028169014084,5.836331252974539,0.0197986565013923
AILIN,1,2.158273381294964,10.625,8.466726618705035,-1.8600006103515625
AILIN,5,0.4798340033718065,6.806282722513089,6.326448719141283,-1.8600006103515625
AILIN,7,3.571428571428571,11.76470588235294,8.193277310924369,-1.8600006103515625
AILIN,9,3.937007874015748,14.066496163682864,10.129488289667115,-1.8600006103515625
AILLM,6,2.272727272727273,8.21917808219178,5.9464508094645065,0.1551912087589746
AILLN,1,3.375527426160337,8.98876404494382,5.613236618783484,3.238614526125461
AILLN,2,8.98876404494382,18.0,9.01123595505618,3.238614526125461
AILLN,5,5.952380952380952,12.195121951219512,6.242740998838561,3.238614526125461
AILLN,7,2.419354838709677,13.47517730496454,11.055822466254863,3.238614526125461
AILLN,9,4.666666666666667,15.517241379310343,10.850574712643677,3.238614526125461
AILLO,9,2.7649769585253456,11.363636363636363,8.598659405111018,-1.810997772216794
AILQF,1,3.375527426160337,13.375796178343949,10.000268752183612,59.07885865213645
AILQF,9,5.263157894736842,12.857142857142856,7.593984962406014,59.07885865213645
AIMFF,3,3.5000000000000004,11.650485436893204,8.150485436893204,39.284383662251
AIMLF,3,11.9533527696793,19.480519480519483,7.5271667108401825,389.366326666933
AIMLF,9,1.9900497512437807,15.517241379310343,13.527191628066563,389.366326666933
AIN,2,2.6537997587454765,12.087912087912088,9.434112329166611,-4.912614984651398
AIN,5,5.369127516778524,12.761506276150628,7.392378759372105,-4.912614984651398
AIN,6,12.761506276150628,17.80821917808219,5.046712901931562,-4.912614984651398
AINSF,5,5.487804878048781,12.910798122065728,7.422993244016947,61.57323602722433
AIOT,2,2.6537997587454765,13.286713286713288,10.632913527967812,10.122049282986296
AIPG,4,5.128205128205128,10.679611650485436,5.551406522280308,-94.09055154411088
AIPG,6,2.3255813953488373,12.5,10.174418604651162,-94.09055154411088
AIPG,8,7.042253521126761,24.873096446700508,17.830842925573748,-94.09055154411088
AIPUF,4,0.4710975299210593,11.363636363636363,10.892538833715305,34.02060968790517
AIPUF,8,0.5016969160395455,24.873096446700508,24.371399530660963,34.02060968790517
AIPUY,1,0.4216359474762077,10.625,10.203364052523792,-25.437759961452244
AIPUY,3,0.5821875387092779,19.480519480519483,18.898331941810206,-25.437759961452244
AIPUY,5,5.333333333333334,12.761506276150628,7.4281729428172945,-25.437759961452244
AIPUY,8,3.4552845528455287,8.762886597938143,5.307602045092615,-25.437759961452244
AIPUY,9,8.762886597938143,14.156626506024098,5.393739908085955,-25.437759961452244
AIQUF,2,7.575757575757576,14.332247557003258,6.756489981245682,28.276839961156963
AIQUF,8,2.8169014084507045,14.592274678111588,11.775373269660884,28.276839961156963
AIQUY,2,3.260869565217391,14.332247557003258,11.071377991785868,24.90090021534041
AIQUY,8,4.72972972972973,14.592274678111588,9.862544948381858,24.90090021534041
AIR,6,3.79746835443038,11.612903225806452,7.8154348713760715,-18.647800941230688
AIR,9,2.931596091205212,11.452513966480447,8.520917875275234,-18.647800941230688
AIRG,3,0.5821875387092779,8.75,8.167812461290723,
AIRG,7,3.3707865168539324,10.024449877750612,6.6536633608966795,
AIRI,4,1.6853932584269662,8.26086956521739,6.575476306790424,-9.458298310949315
AIRI,6,3.389830508474576,11.224489795918368,7.834659287443792,-9.458298310949315
AIRRF,1,7.194244604316546,15.060240963855422,7.865996359538876,-55.71086241903527
AIRRF,3,9.230769230769232,15.903614457831324,6.672845227062092,-55.71086241903527
AIRRF,7,3.065134099616858,13.47517730496454,10.410043205347682,-55.71086241903527
AIRRF,9,2.185792349726776,10.0,7.814207650273223,-55.71086241903527
AIRT,7,1.7467248908296942,17.02127659574468,15.274551704914986,42.94081622766062
AIRYY,3,4.53257790368272,10.81081081081081,6.278232907128091,-25.43505300285558
AIRYY,8,4.225352112676056,14.592274678111588,10.366922565435532,-25.43505300285558
AIT,2,6.521739130434782,12.087912087912088,5.566172957477305,64.17571710592898
AIT,4,8.333333333333332,30.46875,22.135416666666668,64.17571710592898
AIT,7,9.064327485380115,16.176470588235293,7.112143102855178,64.17571710592898
AIV,5,5.555555555555555,11.475409836065571,5.919854280510016,-2.412604669730756
AIV,7,3.065134099616858,15.217391304347828,12.15225720473097,-2.412604669730756
AIV,9,3.7593984962406015,10.15625,6.3968515037593985,-2.412604669730756
AIVAF,4,2.5,12.610619469026547,10.110619469026547,1.6122977855768332
AIVN,3,5.603448275862069,10.714285714285714,5.110837438423644,194.16961557366216
AIVN,7,3.491271820448877,9.523809523809524,6.032537703360647,194.16961557366216
AIXN,1,0.4216359474762077,7.6923076923076925,7.270671744831485,-28.79705885231616
AIXN,6,4.844290657439446,11.304347826086955,6.460057168647509,-28.79705885231616
AIXN,9,6.849315068493151,12.903225806451612,6.053910737958461,-28.79705885231616
AIXXF,5,7.100591715976331,13.958810068649884,6.8582183526735525,137.6809143878193
AIZ,1,4.81651376146789,17.5,12.68348623853211,27.02040603654939
AIZ,7,3.065134099616858,10.0,6.9348659003831425,27.02040603654939
AIZ,9,2.0905923344947737,11.452513966480447,9.361921631985673,27.02040603654939
AJG,3,0.966183574879227,11.620294599018004,10.654111024138777,68.94270890102823
AJG,6,12.761506276150628,20.0,7.238493723849372,68.94270890102823
AJIA,6,0.4018215912135012,7.051282051282051,6.64946046006855,
AJINY,3,11.578947368421051,21.03004291845493,9.45109555003388,53.28110606565559
AJINY,9,2.7649769585253456,14.156626506024098,11.391649547498753,53.28110606565559
AJLGF,2,9.090909090909092,18.0,8.909090909090908,-75.8662503335484
AJMPF,6,0.4018215912135012,5.58659217877095,5.184770587557448,-26.299118096408986
AJMPF,8,3.4552845528455287,14.592274678111588,11.13699012526606,-26.299118096408986
AJOY,9,6.60377358490566,13.79310344827586,7.189329863370199,-4.444443543016151
AJX,5,5.487804878048781,12.761506276150628,7.2737013981018475,
AJX,8,3.1746031746031744,11.48936170212766,8.314758527524486,
AJYG,3,0.5821875387092779,7.07070707070707,6.488519531997792,
AJYG,5,0.4798340033718065,8.80281690140845,8.322982898036644,
AKAAF,9,0.3988341770210155,10.15625,9.757415822978984,69.06423335173073
AKAM,3,1.9230769230769231,8.571428571428571,6.648351648351648,16.100678508772575
AKAM,5,2.702702702702702,8.0,5.297297297297298,16.100678508772575
AKBA,1,5.147058823529411,13.924050632911392,8.77699180938198,-30.785099392513747
AKBA,5,1.0101010101010102,12.761506276150628,11.751405266049618,-30.785099392513747
AKBIF,9,2.7649769585253456,14.066496163682864,11.301519205157518,-23.874774188354515
AKBLF,1,5.625,14.666666666666666,9.041666666666666,100.04204132866184
AKBLF,5,5.555555555555555,12.761506276150628,7.205950720595073,100.04204132866184
AKBLF,7,3.225806451612903,16.176470588235293,12.95066413662239,100.04204132866184
AKBLF,9,5.617977528089887,12.195121951219512,6.577144423129625,100.04204132866184
AKBTY,1,4.215456674473068,9.734513274336283,5.519056599863215,-47.19485990371075
AKEMF,2,3.1630170316301705,12.015503875968992,8.852486844338822,-57.94392502214704
AKEMF,9,4.511278195488721,12.903225806451612,8.391947610962891,-57.94392502214704
AKKVF,4,1.7482517482517483,11.363636363636363,9.615384615384615,-43.93382403293823
AKO-A,1,2.769230769230769,18.75,15.98076923076923,-31.55390786245112
AKO-A,3,0.966183574879227,15.903614457831324,14.937430882952096,-31.55390786245112
AKO-B,1,2.769230769230769,18.75,15.98076923076923,-29.43092976026121
AKO-B,3,0.966183574879227,9.67741935483871,8.711235779959482,-29.43092976026121
AKO-B,8,5.666666666666666,11.180124223602483,5.513457556935817,-29.43092976026121
AKOM,5,0.4798340033718065,6.806282722513089,6.326448719141283,
AKOM,9,2.931596091205212,12.23404255319149,9.302446461986278,
AKR,7,3.065134099616858,16.176470588235293,13.111336488618436,-26.40798392257781
AKRBF,4,15.903614457831324,30.46875,14.565135542168676,20.766582527168943
AKRFF,9,2.857142857142857,14.156626506024098,11.29948364888124,-5.655293762998244
AKRO,9,0.3988341770210155,12.23404255319149,11.835208376170474,
AKRRF,1,2.158273381294964,10.625,8.466726618705035,34.625753517403226
AKRYY,4,0.4710975299210593,8.26086956521739,7.789772035296331,
AKRYY,6,0.4018215912135012,8.21917808219178,7.817356490978279,
AKTS,8,7.623318385650224,24.873096446700508,17.249778061050286,
AKTX,1,4.215456674473068,15.060240963855422,10.844784289382353,-4.538700364220297
AKTX,4,3.690036900369003,10.27027027027027,6.580233369901267,-4.538700364220297
AKVA,2,2.6537997587454765,10.714285714285714,8.060485955540237,-44.28152482657332
AKVA,4,3.11284046692607,10.687022900763358,7.574182433837288,-44.28152482657332
AKZOF,5,6.976744186046512,13.958810068649884,6.982065882603372,26.74534338721354
AKZOF,6,13.958810068649884,20.0,6.041189931350116,26.74534338721354
AKZOY,5,6.976744186046512,13.958810068649884,6.982065882603372,17.090109223017432
AKZOY,6,13.958810068649884,20.0,6.041189931350116,17.090109223017432
AKZOY,9,5.777777777777778,10.989010989010987,5.21123321123321,17.090109223017432
AL,5,4.9079754601227,12.761506276150628,7.853530816027928,-6.786865181672195
AL,7,3.3707865168539324,8.653846153846153,5.2830596369922205,-6.786865181672195
ALB,2,2.6537997587454765,10.294117647058822,7.640317888313346,230.1356480007329
ALBHF,9,2.7649769585253456,10.0,7.235023041474655,
ALBT,7,0.4524247136999859,6.756756756756757,6.304332043056771,
ALBT,8,6.756756756756757,12.34567901234568,5.5889222555889235,
ALBY,2,5.172413793103448,10.294117647058822,5.121703853955374,22.592425449306404
ALBY,4,2.5,9.649122807017545,7.1491228070175445,22.592425449306404
ALBY,9,5.459057071960298,14.156626506024098,8.697569434063801,22.592425449306404
ALC,9,0.0,7.0588235294117645,7.0588235294117645,
ALCO,5,5.952380952380952,11.604095563139932,5.65171461075898,5.864027503242614
ALCO,9,2.931596091205212,11.452513966480447,8.520917875275234,5.864027503242614
ALDA,6,0.4018215912135012,8.540925266903916,8.139103675690414,30.617427950818893
ALDA,9,3.2085561497326207,12.23404255319149,9.025486403458869,30.617427950818893
ALDS,9,0.3988341770210155,6.748466257668712,6.349632080647696,
ALE,2,2.631578947368421,9.230769230769232,6.5991902834008105,-30.931992069273623
ALE,4,3.589743589743589,12.610619469026547,9.020875879282958,-30.931992069273623
ALE,9,3.7593984962406015,11.452513966480447,7.693115470239846,-30.931992069273623
ALEC,8,0.5016969160395455,11.650485436893204,11.148788520853659,
ALEX,5,3.903903903903904,8.93371757925072,5.029813675346816,-3.9471542611181656
ALFDF,9,0.3988341770210155,7.0588235294117645,6.659989352390749,
ALFFF,6,3.636363636363636,16.5266106442577,12.890247007894065,-21.66105687289178
ALFVF,7,5.58659217877095,10.687022900763358,5.100430721992408,85.32144955255893
ALG,2,3.260869565217391,11.18421052631579,7.923340961098399,16.749563242656517
ALG,5,3.903903903903904,12.761506276150628,8.857602372246724,16.749563242656517
ALGGY,8,3.636363636363636,11.728395061728394,8.092031425364759,-7.099427979616476
ALGN,2,6.849315068493151,12.087912087912088,5.238597019418936,190.5188413273804
ALGN,7,9.064327485380115,16.176470588235293,7.112143102855178,190.5188413273804
ALGT,9,3.7593984962406015,11.363636363636363,7.604237867395762,27.21118645127773
ALGWF,5,0.4798340033718065,10.344827586206897,9.86499358283509,
ALID,9,0.3988341770210155,11.258278145695364,10.859443968674348,
ALITF,1,8.88888888888889,15.384615384615383,6.495726495726494,37.37499565382814
ALITF,9,1.9900497512437807,7.55813953488372,5.568089783639939,37.37499565382814
ALIZF,4,2.5,12.610619469026547,10.110619469026547,-5.920572896362006
ALIZY,4,2.5,12.610619469026547,10.110619469026547,-6.786271734880948
ALK,9,2.0,11.363636363636363,9.363636363636363,-11.550091965608726
ALKEF,3,6.334841628959276,11.496746203904555,5.16190457494528,21.41453765473641
ALKEF,9,6.315789473684211,14.156626506024098,7.840837032339888,21.41453765473641
ALL,2,3.260869565217391,10.294117647058822,7.033248081841432,18.57949269070168
ALL,4,6.0,12.610619469026547,6.610619469026547,18.57949269070168
ALL,9,6.363636363636363,11.452513966480447,5.088877602844084,18.57949269070168
ALLE,6,8.860759493670885,20.0,11.139240506329115,22.117760212272696
ALLK,7,0.4524247136999859,10.687022900763358,10.234598187063373,
ALLK,9,6.60377358490566,15.66265060240964,9.05887701750398,
ALLO,7,0.4524247136999859,10.493827160493826,10.04140244679384,
ALLT,7,3.0303030303030303,10.024449877750612,6.994146847447582,102.86666615804036
ALME,1,2.2900763358778624,14.457831325301203,12.16775498942334,19.999999999985
ALME,8,5.666666666666666,11.347517730496454,5.680851063829788,19.999999999985
ALMMF,3,4.326923076923077,9.67741935483871,5.350496277915633,138.70967673709563
ALMTF,5,3.903903903903904,11.604095563139932,7.700191659236028,33.26287752696524
ALMTF,7,3.932584269662921,9.352517985611511,5.41993371594859,33.26287752696524
ALNPF,8,0.5016969160395455,12.258064516129032,11.756367600089487,-32.7557332430024
ALNPY,4,3.690036900369003,11.519607843137257,7.829570942768253,-24.453953711623168
ALNPY,6,12.910798122065728,36.03603603603604,23.12523791397031,-24.453953711623168
ALNPY,8,4.605263157894736,11.180124223602483,6.574861065707747,-24.453953711623168
ALNT,4,10.256410256410255,30.46875,20.212339743589745,31.159577799516
ALNT,7,5.921052631578947,16.176470588235293,10.255417956656347,31.159577799516
ALNY,4,4.040404040404041,9.876543209876544,5.836139169472504,121.81849602924416
ALOD,1,5.426356589147287,14.457831325301203,9.031474736153918,19.16667240982272
ALOD,8,4.545454545454546,11.180124223602483,6.6346696781479375,19.16667240982272
ALOT,2,3.2710280373831773,10.75268817204301,7.481660134659833,-3.2308849788348537
ALOT,5,0.0,5.555555555555555,5.555555555555555,-3.2308849788348537
ALOT,6,5.555555555555555,11.224489795918368,5.6689342403628125,-3.2308849788348537
ALPC,9,0.3988341770210155,14.066496163682864,13.667661986661848,
ALPE,1,3.375527426160337,13.924050632911392,10.548523206751055,-73.81770636781751
ALPE,4,5.323193916349809,11.519607843137257,6.196413926787447,-73.81770636781751
ALPP,5,0.4798340033718065,7.84313725490196,7.363303251530153,
ALPP,7,6.711409395973154,35.13513513513514,28.423725739161984,
ALRM,2,3.2710280373831773,10.294117647058822,7.023089609675646,
ALRN,5,0.4798340033718065,12.761506276150628,12.281672272778822,
ALRS,4,1.6853932584269662,6.976744186046512,5.291350927619545,41.51401876289155
ALRS,5,6.976744186046512,13.958810068649884,6.982065882603372,41.51401876289155
ALRS,6,13.958810068649884,20.0,6.041189931350116,41.51401876289155
ALRS,9,3.343465045592705,14.156626506024098,10.813161460431393,41.51401876289155
ALRTF,5,2.272727272727273,8.860759493670885,6.588032220943612,72.48810690843293
ALRTF,9,2.3622047244094486,9.32642487046632,6.9642201460568725,72.48810690843293
ALSE,2,0.6652957542034595,6.097560975609756,5.432265221406297,-48.49785407725322
ALSE,8,0.7042253521126761,5.777777777777778,5.073552425665102,-48.49785407725322
ALSE,9,5.777777777777778,12.195121951219512,6.417344173441735,-48.49785407725322
ALSI,4,4.3478260869565215,10.27027027027027,5.922444183313749,2124.522609433343
ALSN,7,3.5211267605633805,10.024449877750612,6.503323117187232,-22.16888471378055
ALSSF,1,2.158273381294964,8.21917808219178,6.060904700896816,-20.27807326099814
ALSSF,6,3.636363636363636,16.5266106442577,12.890247007894065,-20.27807326099814
ALSSF,8,2.145922746781116,7.377049180327869,5.231126433546752,-20.27807326099814
ALST,8,3.4552845528455287,9.523809523809524,6.0685249709639955,-99.79119565661834
ALTAF,4,2.3255813953488373,9.395973154362416,7.070391759013578,
ALTG,9,0.3988341770210155,14.156626506024098,13.757792329003083,
ALTR,6,0.4018215912135012,16.5266106442577,16.1247890530442,
ALTS,2,2.6537997587454765,7.865168539325842,5.211368780580366,127.85072350934612
ALTS,5,1.0101010101010102,8.93371757925072,7.92361656914971,127.85072350934612
ALTX,3,0.5821875387092779,7.82122905027933,7.239041511570052,55.432096880359225
ALTX,7,4.838709677419355,10.024449877750612,5.185740200331257,55.432096880359225
ALV,6,7.777777777777778,20.0,12.222222222222221,8.468401612228007
ALVLF,2,7.352941176470589,18.0,10.647058823529411,349.99999329447814
ALVLF,5,0.4798340033718065,6.8181818181818175,6.338347814810011,349.99999329447814
ALVLF,9,5.459057071960298,10.989010989010987,5.5299539170506895,349.99999329447814
ALVOF,9,4.666666666666667,10.989010989010987,6.32234432234432,133.7622146540214
ALVRQ,3,6.349206349206349,21.03004291845493,14.680836569248584,-57.23014444945888
ALVRQ,5,7.344632768361582,12.761506276150628,5.416873507789046,-57.23014444945888
ALX,8,4.545454545454546,15.774647887323944,11.229193341869397,-23.942872583721385
ALXEF,2,4.477611940298507,11.971830985915492,7.494219045616985,191.35333652839105
ALXEF,4,2.5,9.395973154362416,6.895973154362416,191.35333652839105
ALXEF,7,6.711409395973154,35.13513513513514,28.423725739161984,191.35333652839105
ALXXF,2,3.3854166666666665,8.423913043478262,5.038496376811596,84.78837120277886
ALXXF,4,2.8735632183908044,10.687022900763358,7.813459682372553,84.78837120277886
ALXXF,6,3.636363636363636,17.80821917808219,14.171855541718553,84.78837120277886
ALYAF,1,6.0,13.924050632911392,7.924050632911392,-4.594401344680791
ALYI,4,1.6853932584269662,6.698564593301436,5.013171334874469,96.51849217023576
ALYI,8,4.225352112676056,12.258064516129032,8.032712403452976,96.51849217023576
AM,6,3.896103896103896,36.03603603603604,32.13993213993214,
AMADF,2,4.225352112676056,11.18421052631579,6.958858413639733,-8.88839764984193
AMADF,5,5.864197530864197,12.761506276150628,6.8973087452864315,-8.88839764984193
AMADY,2,4.225352112676056,11.18421052631579,6.958858413639733,-9.126793694841446
AMADY,5,5.864197530864197,12.761506276150628,6.8973087452864315,-9.126793694841446
AMADY,7,9.064327485380115,16.176470588235293,7.112143102855178,-9.126793694841446
AMAL,7,0.4524247136999859,13.47517730496454,13.022752591264554,
AMAT,2,2.6537997587454765,12.087912087912088,9.434112329166611,142.7265416986166
AMAT,8,7.575757575757576,14.592274678111588,7.016517102354012,142.7265416986166
AMBA,3,4.326923076923077,15.903614457831324,11.576691380908247,187.92997658074788
AMBA,8,3.4552845528455287,13.333333333333334,9.878048780487806,187.92997658074788
AMBC,3,6.0606060606060606,15.903614457831324,9.843008397225264,-27.285914450738964
AMBC,7,2.419354838709677,7.623318385650224,5.203963546940547,-27.285914450738964
AMBD,1,0.4216359474762077,10.625,10.203364052523792,900.0
AMBD,6,5.185185185185185,10.416666666666668,5.231481481481483,900.0
AMBFF,5,0.4798340033718065,8.870967741935484,8.391133738563678,
AMBK,1,7.784431137724551,27.884615384615387,20.100184246890834,32.06922040911356
AMBK,6,3.389830508474576,11.891891891891891,8.502061383417315,32.06922040911356
AMBK,9,6.338028169014084,15.66265060240964,9.324622433395556,32.06922040911356
AMBO,7,0.4524247136999859,10.0,9.547575286300015,
AMBS,4,1.6853932584269662,6.976744186046512,5.291350927619545,-29.894874240366462
AMBS,6,5.555555555555555,10.869565217391305,5.314009661835749,-29.894874240366462
AMBS,8,4.294478527607362,10.084033613445378,5.789555085838016,-29.894874240366462
AMBZ,1,6.0,15.18987341772152,9.18987341772152,11.74807808076396
AMBZ,4,3.11284046692607,9.649122807017545,6.536282340091475,11.74807808076396
AMC,6,4.844290657439446,10.588235294117649,5.7439446366782025,290.22204123121134
AMCCF,2,2.5974025974025974,12.087912087912088,9.49050949050949,5.574324026695668
AMCCF,5,6.8181818181818175,12.910798122065728,6.0926163038839105,5.574324026695668
AMCCF,8,2.145922746781116,11.728395061728394,9.582472314947278,5.574324026695668
AMCF,2,2.6537997587454765,7.865168539325842,5.211368780580366,-97.14285730322624
AMCF,3,7.865168539325842,13.461538461538462,5.596369922212619,-97.14285730322624
AMCF,6,2.3255813953488373,8.333333333333332,6.007751937984494,-97.14285730322624
AMCR,2,2.5974025974025974,12.087912087912088,9.49050949050949,22.36361577034115
AMCR,5,6.8181818181818175,12.910798122065728,6.0926163038839105,22.36361577034115
AMCR,8,2.145922746781116,11.728395061728394,9.582472314947278,22.36361577034115
AMCT,3,0.5821875387092779,7.6923076923076925,7.110120153598414,
AMCT,5,1.0101010101010102,8.0,6.98989898989899,
AMCX,4,3.11284046692607,8.25242718446602,5.1395867175399506,-0.7930448484433651
AMCX,7,7.017543859649122,16.176470588235293,9.15892672858617,-0.7930448484433651
AMD,3,7.865168539325842,15.903614457831324,8.03844591850548,223.75458688742484
AMDLY,3,0.5821875387092779,11.620294599018004,11.038107060308727,-9.148405681460286
AMDLY,6,0.4018215912135012,8.21917808219178,7.817356490978279,-9.148405681460286
AMDLY,8,0.5016969160395455,5.617977528089887,5.116280612050342,-9.148405681460286
AMDWF,7,0.4524247136999859,11.538461538461538,11.086036824761553,8.804018582368377
AME,1,0.0,8.21917808219178,8.21917808219178,41.04380519497523
AME,4,2.631578947368421,9.649122807017545,7.017543859649123,41.04380519497523
AME,7,1.7467248908296942,7.6923076923076925,5.945582801477999,41.04380519497523
AME,8,7.6923076923076925,15.774647887323944,8.08234019501625,41.04380519497523
AMEN,3,6.557377049180328,11.650485436893204,5.093108387712876,-48.583479386904855
AMEN,6,4.848484848484849,10.588235294117649,5.7397504456328,-48.583479386904855
AMFC,4,4.9079754601227,12.610619469026547,7.702644008903847,26.093826369356872
AMFL,2,5.084745762711865,11.258278145695364,6.173532382983499,1214.1414026702128
AMFL,5,4.761904761904762,13.958810068649884,9.196905306745123,1214.1414026702128
AMG,4,1.7482517482517483,9.649122807017545,7.900871058765796,97.8960198682141
AMG,7,2.0408163265306123,7.575757575757576,5.534941249226964,97.8960198682141
AMGDF,8,0.5016969160395455,5.617977528089887,5.116280612050342,
AMGN,2,3.658536585365853,10.714285714285714,7.05574912891986,3.798732454547982
AMGN,7,6.63265306122449,15.217391304347828,8.584738243123338,3.798732454547982
AMGN,9,2.0905923344947737,14.066496163682864,11.97590382918809,3.798732454547982
AMGY,1,3.1578947368421053,13.513513513513514,10.35561877667141,61.29031434313988
AMGY,6,3.389830508474576,9.747292418772563,6.357461910297987,61.29031434313988
AMGY,8,2.2222222222222223,9.523809523809524,7.301587301587301,61.29031434313988
AMH,3,6.25,11.267605633802818,5.017605633802818,47.86735387017082
AMIGF,6,2.3255813953488373,16.5266106442577,14.201029248908863,63.953313850226536
AMIGF,8,3.755868544600939,13.333333333333334,9.577464788732396,63.953313850226536
AMIGY,6,2.3255813953488373,16.5266106442577,14.201029248908863,68.22630969467546
AMIH,6,0.4018215912135012,7.051282051282051,6.64946046006855,-95.05403359747632
AMIVF,1,0.4216359474762077,11.304347826086955,10.882711878610747,
AMIVF,5,1.6666666666666667,13.958810068649884,12.292143401983218,
AMIVF,9,3.5000000000000004,10.15625,6.65625,
AMJT,1,0.4216359474762077,5.447470817120623,5.025834869644415,
AMJT,5,0.0,8.80281690140845,8.80281690140845,
AMKAF,4,2.8735632183908044,8.25242718446602,5.378863966075215,128.6170662676216
AMKBF,8,3.636363636363636,10.0,6.363636363636364,137.89523752804956
AMKR,3,6.336633663366337,11.620294599018004,5.2836609356516675,137.56198091207793
AMKR,6,3.896103896103896,12.12121212121212,8.225108225108222,137.56198091207793
AMKR,8,2.877697841726619,9.266409266409266,6.388711424682647,137.56198091207793
AMLC,3,7.865168539325842,13.461538461538462,5.596369922212619,133.33333850734886
AMLH,8,3.937007874015748,11.347517730496454,7.410509856480706,2152.5000605731784
AMLI,2,0.6652957542034595,11.650485436893204,10.985189682689745,
AMLI,6,4.844290657439446,10.227272727272728,5.382982069833282,
AMLM,2,0.6652957542034595,6.944444444444445,6.279148690240985,1360.368141415782
AMLM,5,0.4798340033718065,6.8181818181818175,6.338347814810011,1360.368141415782
AMMCF,9,2.0,7.55813953488372,5.55813953488372,15.984554285209388
AMMJ,9,2.185792349726776,7.55813953488372,5.3723471851569435,-48.78194875332208
AMN,6,8.0,16.5266106442577,8.526610644257701,98.26868314399916
AMN,7,16.5266106442577,35.13513513513514,18.608524490877436,98.26868314399916
AMN,9,5.263157894736842,11.452513966480447,6.189356071743606,98.26868314399916
AMNC,1,7.194244604316546,18.75,11.555755395683454,97.17199465057452
AMNC,6,3.7800687285223367,36.03603603603604,32.2559673075137,97.17199465057452
AMNCB,1,4.81651376146789,17.02127659574468,12.20476283427679,52.76145658973921
AMNCB,3,7.865168539325842,13.461538461538462,5.596369922212619,52.76145658973921
AMNE,2,3.2710280373831773,9.523809523809524,6.252781486426347,
AMNE,6,0.4018215912135012,7.207207207207207,6.805385615993706,
AMNF,2,5.7324840764331215,11.18421052631579,5.451726449882668,-3.866777268304333
AMNF,6,3.79746835443038,16.5266106442577,12.72914228982732,-3.866777268304333
AMNI,3,3.5000000000000004,8.571428571428571,5.071428571428571,129.4009841424029
AMNI,6,4.761904761904762,14.634146341463412,9.87224157955865,129.4009841424029
AMNI,8,0.5016969160395455,8.035714285714286,7.534017369674741,129.4009841424029
AMNI,9,8.035714285714286,15.66265060240964,7.626936316695353,129.4009841424029
AMNL,2,2.6537997587454765,8.695652173913043,6.0418524151675665,-4.765836912640459
AMNP,8,4.294478527607362,14.592274678111588,10.297796150504226,79.16666121547313
AMPE,4,1.7482517482517483,12.195121951219512,10.446870202967764,276.31318635458564
AMPH,5,4.975124378109453,11.926605504587156,6.951481126477703,-4.062109003680075
AMPY,4,4.3478260869565215,11.363636363636363,7.015810276679842,-40.9460969325609
AMPY,7,2.0408163265306123,7.281553398058252,5.24073707152764,-40.9460969325609
AMRK,1,6.0606060606060606,18.75,12.68939393939394,468.3422816683361
AMRK,4,11.688311688311687,30.46875,18.780438311688314,468.3422816683361
AMRK,9,3.343465045592705,12.23404255319149,8.890577507598785,468.3422816683361
AMRN,3,4.326923076923077,9.67741935483871,5.350496277915633,-69.04631099398854
AMRN,6,6.7669172932330826,36.03603603603604,29.269118742802956,-69.04631099398854
AMRU,5,10.606060606060606,18.0327868852459,7.426726279185296,-93.54838744505336
AMRX,7,0.4524247136999859,16.176470588235293,15.724045874535308,
AMS,2,2.5974025974025974,11.971830985915492,9.374428388512895,14.07345864139847
AMS,7,4.487179487179487,10.024449877750612,5.537270390571125,14.07345864139847
AMSC,2,2.9702970297029703,11.9533527696793,8.98305573997633,66.02475917346085
AMSC,5,1.6666666666666667,8.280254777070063,6.613588110403396,66.02475917346085
AMSF,3,1.9230769230769231,9.473684210526317,7.5506072874493935,-11.30390075897347
AMSF,7,3.225806451612903,8.653846153846153,5.42803970223325,-11.30390075897347
AMSF,9,2.3622047244094486,10.0,7.637795275590552,-11.30390075897347
AMSLF,6,0.4018215912135012,8.540925266903916,8.139103675690414,
AMSSD,6,0.4018215912135012,17.80821917808219,17.40639758686869,
AMSSD,9,2.185792349726776,14.066496163682864,11.880703813956087,
AMSSY,7,1.9230769230769231,7.575757575757576,5.652680652680653,
AMSSY,9,2.185792349726776,14.066496163682864,11.880703813956087,
AMSU,1,4.215456674473068,17.02127659574468,12.805819921271613,31.99999731779115
AMSU,8,5.88235294117647,13.157894736842104,7.275541795665634,31.99999731779115
AMSWA,6,12.195121951219512,20.0,7.804878048780488,55.36125897412926
AMSWA,9,6.363636363636363,14.156626506024098,7.792990142387735,55.36125897412926
AMT,5,3.4246575342465757,12.910798122065728,9.486140587819152,19.972776573398875
AMTB,9,5.459057071960298,12.195121951219512,6.736064879259215,
AMTX,6,3.7800687285223367,10.588235294117649,6.808166565595312,1660.3207635097165
AMTY,1,5.147058823529411,13.513513513513514,8.366454689984103,186.36363890360752
AMTY,4,3.690036900369003,11.519607843137257,7.829570942768253,186.36363890360752
AMTY,6,3.636363636363636,9.45945945945946,5.823095823095824,186.36363890360752
AMVMF,5,6.976744186046512,13.958810068649884,6.982065882603372,22.49866148097244
AMVMF,7,2.9940119760479043,8.056872037914692,5.062860061866788,22.49866148097244
AMWD,1,10.981308411214954,17.5,6.518691588785046,-31.58501617052888
AMWD,6,2.4390243902439024,36.03603603603604,33.597011645792136,-31.58501617052888
AMWD,8,9.405940594059404,15.774647887323944,6.36870729326454,-31.58501617052888
AMWK,1,7.194244604316546,27.884615384615387,20.690370780298842,98.74476808099544
AMWK,9,0.3988341770210155,8.108108108108109,7.709273931087093,98.74476808099544
AMX,4,4.3478260869565215,11.519607843137257,7.171781756180735,8.727451924303528
AMX,6,12.910798122065728,20.0,7.089201877934272,8.727451924303528
AMX,8,3.8461538461538463,10.084033613445378,6.237879767291531,8.727451924303528
AMXEF,2,5.084745762711865,11.9533527696793,6.868607006967435,131.2232006470313
AMXOF,4,1.7482517482517483,12.76595744680851,11.017705698556762,38.88895397205532
AMXOF,9,5.714285714285714,12.857142857142856,7.1428571428571415,38.88895397205532
AMXX,6,0.4018215912135012,8.333333333333332,7.931511742119831,-46.070585811839386
AMYZF,2,0.6652957542034595,9.70873786407767,9.04344210987421,354.904235478198
AMYZF,9,5.777777777777778,14.066496163682864,8.288718385905085,354.904235478198
AMZN,1,10.981308411214954,17.5,6.518691588785046,85.43426314830951
AMZN,3,7.920792079207921,15.903614457831324,7.982822378623403,85.43426314830951
AMZN,5,5.864197530864197,11.926605504587156,6.0624079737229595,85.43426314830951
AMZN,6,11.926605504587156,20.0,8.073394495412844,85.43426314830951
AN,5,2.702702702702702,11.604095563139932,8.90139286043723,137.25621840002924
AN,9,3.5000000000000004,14.066496163682864,10.566496163682864,137.25621840002924
ANAB,4,0.4710975299210593,11.188811188811188,10.71771365889013,
ANAS,2,3.260869565217391,8.695652173913043,5.434782608695652,1101.141192589713
ANAS,6,4.848484848484849,14.634146341463412,9.785661492978562,1101.141192589713
ANAS,9,5.459057071960298,11.363636363636363,5.9045792916760655,1101.141192589713
ANCTF,5,2.380952380952381,7.894736842105263,5.513784461152882,27.58638823812931
ANCTF,7,3.932584269662921,9.550561797752808,5.617977528089886,27.58638823812931
ANDE,7,2.419354838709677,11.76470588235294,9.345351043643262,71.38961635277678
ANDI,3,5.603448275862069,21.03004291845493,15.426594642592862,-59.34959529940552
ANDI,6,3.389830508474576,8.540925266903916,5.151094758429339,-59.34959529940552
ANDR,5,1.0101010101010102,8.93371757925072,7.92361656914971,16.030290924365236
ANET,1,5.426356589147287,12.849162011173185,7.422805422025898,45.22466686835431
ANET,4,3.636363636363636,11.188811188811188,7.5524475524475525,45.22466686835431
ANET,8,7.051282051282051,15.774647887323944,8.723365836041893,45.22466686835431
ANF,5,1.6666666666666667,12.195121951219512,10.528455284552846,139.14629738529362
ANF,8,2.145922746781116,13.333333333333334,11.187410586552218,139.14629738529362
ANFGF,3,1.9230769230769231,8.73015873015873,6.807081807081806,66.46743664622916
ANFGF,8,4.545454545454546,13.333333333333334,8.787878787878789,66.46743664622916
ANFIF,2,3.0534351145038165,11.578947368421051,8.525512253917235,-93.40798084486713
ANFIF,8,3.937007874015748,13.333333333333334,9.396325459317586,-93.40798084486713
ANGCF,1,6.0606060606060606,11.304347826086955,5.243741765480895,-23.07692307692309
ANGCF,4,3.589743589743589,14.285714285714285,10.695970695970695,-23.07692307692309
ANGCF,8,3.937007874015748,9.523809523809524,5.586801649793776,-23.07692307692309
ANGGF,2,9.090909090909092,14.814814814814811,5.72390572390572,65.71428717399131
ANGGF,5,0.4798340033718065,12.910798122065728,12.430964118693922,65.71428717399131
ANGI,2,6.521739130434782,12.5,5.978260869565218,82.78447241004238
ANGI,6,3.0303030303030303,8.540925266903916,5.510622236600885,82.78447241004238
ANGI,7,8.540925266903916,15.217391304347828,6.676466037443912,82.78447241004238
ANGO,3,6.25,15.903614457831324,9.653614457831324,74.92832795751787
ANGO,5,6.122448979591836,13.958810068649884,7.836361089058047,74.92832795751787
ANGO,7,5.555555555555555,16.176470588235293,10.620915032679738,74.92832795751787
ANIK,1,2.912621359223301,12.244897959183673,9.332276599960371,-32.467511897898845
ANIK,5,1.0101010101010102,13.958810068649884,12.948709058548873,-32.467511897898845
ANIK,9,5.714285714285714,14.066496163682864,8.352210449397148,-32.467511897898845
ANIP,5,2.941176470588235,8.0,5.0588235294117645,-55.79666493068967
ANIP,8,8.056872037914692,15.774647887323944,7.717775849409252,-55.79666493068967
ANIX,1,5.387205387205387,15.18987341772152,9.802668030516134,20.196280064293227
ANIX,6,8.860759493670885,20.0,11.139240506329115,20.196280064293227
ANKOF,7,2.419354838709677,8.056872037914692,5.637517199205015,-23.053805063337872
ANLDF,7,6.140350877192982,11.76470588235294,5.624355005159958,2.999999329447768
ANMP,2,0.6652957542034595,10.294117647058822,9.628821892855363,
ANMP,4,4.3478260869565215,12.610619469026547,8.262793382070026,
ANNSF,1,0.4216359474762077,13.375796178343949,12.95416023086774,
ANNSF,4,2.8735632183908044,11.519607843137257,8.646044624746452,
ANNSF,6,4.761904761904762,10.869565217391305,6.107660455486543,
ANNSF,8,5.666666666666666,15.774647887323944,10.107981220657278,
ANPCF,8,0.7042253521126761,11.650485436893204,10.946260084780528,117.69230980844898
ANPCY,8,2.145922746781116,8.035714285714286,5.889791538933171,
ANPDF,4,2.8735632183908044,9.375,6.501436781609195,98.6110881005735
ANPDF,8,7.575757575757576,14.592274678111588,7.016517102354012,98.6110881005735
ANPDY,1,4.215456674473068,15.18987341772152,10.974416743248451,94.99950354860502
ANPDY,6,13.958810068649884,20.0,6.041189931350116,94.99950354860502
ANPDY,8,7.575757575757576,13.333333333333334,5.757575757575758,94.99950354860502
ANSLF,2,3.3854166666666665,10.714285714285714,7.3288690476190474,43.433735147410566
ANSLF,8,0.5016969160395455,5.777777777777778,5.276080861738232,43.433735147410566
ANSLY,6,3.5211267605633805,9.064327485380115,5.543200724816735,31.45415406352219
ANSLY,8,8.056872037914692,15.774647887323944,7.717775849409252,31.45415406352219
ANSU,3,6.336633663366337,21.03004291845493,14.693409255088595,-96.07843161312422
ANSU,8,2.8169014084507045,12.5,9.683098591549296,-96.07843161312422
ANTGF,6,0.4018215912135012,6.086956521739131,5.68513493052563,
ANTMF,2,9.090909090909092,14.814814814814811,5.72390572390572,994.8305935810793
ANZFF,2,2.9702970297029703,13.286713286713288,10.316416257010317,-39.027120446771576
ANZFF,4,2.5,12.610619469026547,10.110619469026547,-39.027120446771576
ANZGY,3,4.326923076923077,11.620294599018004,7.293371522094928,5.310801323751056
ANZLY,5,4.761904761904762,12.761506276150628,7.9996015142458665,
AOAO,4,6.334841628959276,11.519607843137257,5.184766214177981,90.9158281112492
AOAO,6,5.555555555555555,12.12121212121212,6.565656565656564,90.9158281112492
AOAO,9,0.3988341770210155,15.517241379310343,15.118407202289328,90.9158281112492
AOCIF,3,3.5000000000000004,11.267605633802818,7.767605633802818,468.8939388030379
AOCIF,5,2.380952380952381,8.93371757925072,6.552765198298339,468.8939388030379
AOECF,1,10.981308411214954,18.75,7.768691588785046,-33.05084266322859
AOGC,2,3.260869565217391,14.332247557003258,11.071377991785868,11.111105635964224
AOGC,8,2.564102564102564,9.58904109589041,7.024938531787846,11.111105635964224
AOIFF,2,3.1630170316301705,12.087912087912088,8.924895056281917,63.49557451667506
AOIFF,7,3.5211267605633805,9.523809523809524,6.002682763246144,63.49557451667506
AOLS,9,2.185792349726776,7.971014492753622,5.7852221430268465,-27.862943205791463
AON,2,2.5974025974025974,10.294117647058822,7.696715049656225,51.782535221939575
AON,3,10.294117647058822,15.903614457831324,5.609496810772502,51.782535221939575
AON,7,3.571428571428571,9.523809523809524,5.9523809523809526,51.782535221939575
AONNY,7,5.921052631578947,17.02127659574468,11.100223964165734,26.90087619836073
AONNY,9,1.9900497512437807,15.517241379310343,13.527191628066563,26.90087619836073
AOOO,4,0.4710975299210593,10.27027027027027,9.799172740349212,3899.999999999499
AOOO,6,4.848484848484849,10.227272727272728,5.37878787878788,3899.999999999499
AOOO,8,0.5016969160395455,5.617977528089887,5.116280612050342,3899.999999999499
AOREF,3,6.334841628959276,21.03004291845493,14.695201289495657,-27.75953412245311
AOREF,7,6.140350877192982,11.76470588235294,5.624355005159958,-27.75953412245311
AOREF,9,4.040404040404041,11.258278145695364,7.217874105291323,-27.75953412245311
AORT,5,5.454545454545454,11.604095563139932,6.149550108594478,-6.023040449858498
AOS,3,6.962025316455696,15.903614457831324,8.941589141375628,24.78364293371947
AOS,7,1.7467248908296942,7.281553398058252,5.534828507228558,24.78364293371947
AOS,8,7.281553398058252,15.774647887323944,8.493094489265692,24.78364293371947
AOSL,8,2.145922746781116,10.0,7.854077253218884,148.3734755669319
AOTOF,1,6.666666666666667,13.375796178343949,6.709129511677282,-21.42857218883475
AOTOF,4,4.3478260869565215,12.698412698412698,8.350586611456176,-21.42857218883475
AOTUF,2,2.9702970297029703,8.98876404494382,6.018467015240851,15.533989347087232
AOTUF,5,2.941176470588235,13.958810068649884,11.017633598061648,15.533989347087232
AOTUF,8,3.755868544600939,11.180124223602483,7.424255679001544,15.533989347087232
AOTVF,3,6.0606060606060606,11.620294599018004,5.559688538411944,114.9367098635616
AOVTF,2,0.6652957542034595,6.962025316455696,6.296729562252237,1299.9999854480743
AOXY,2,7.7490774907749085,14.814814814814811,7.065737324039903,273.88911879303225
AOXY,6,0.4018215912135012,11.304347826086955,10.902526234873454,273.88911879303225
AP,2,2.6537997587454765,12.015503875968992,9.361704117223516,26.9312749617076
AP,9,2.931596091205212,9.210526315789473,6.27893022458426,26.9312749617076
APA,2,2.6537997587454765,12.087912087912088,9.434112329166611,-0.7477976495158704
APAJF,4,2.702702702702702,8.25242718446602,5.5497244817633185,-21.5605723764339
APAJF,7,3.225806451612903,9.352517985611511,6.126711533998608,-21.5605723764339
APCFF,4,4.3478260869565215,10.218978102189782,5.87115201523326,0.0
APCOF,1,4.215456674473068,12.849162011173185,8.633705336700118,155.5621664746033
APCOF,3,1.8867924528301887,8.24742268041237,6.360630227582181,155.5621664746033
APCOF,9,2.931596091205212,9.32642487046632,6.3948287792611085,155.5621664746033
APCX,9,0.3988341770210155,7.947019867549669,7.548185690528653,621.4285584736847
APD,2,4.477611940298507,12.087912087912088,7.6103001476135805,22.20373720800442
APD,5,5.376344086021505,11.604095563139932,6.227751477118427,22.20373720800442
APD,8,3.571428571428571,13.333333333333334,9.761904761904763,22.20373720800442
APDN,1,2.912621359223301,18.75,15.837378640776699,-41.542792964626
APEI,6,3.896103896103896,11.891891891891891,7.995787995787995,18.48096951154169
APEMY,2,3.260869565217391,12.087912087912088,8.827042522694697,118.01342007969632
APEOF,1,4.150943396226415,12.849162011173185,8.69821861494677,-25.92592653914242
APEOF,7,3.968253968253968,9.352517985611511,5.384264017357543,-25.92592653914242
APGI,1,4.150943396226415,18.75,14.599056603773585,98.54014168828778
APH,4,3.636363636363636,12.610619469026547,8.974255832662912,49.603671730453534
APH,7,3.968253968253968,16.176470588235293,12.208216619981325,49.603671730453534
APHD,4,2.3255813953488373,9.090909090909092,6.765327695560254,800.2777973884422
APHD,8,4.273504273504273,9.523809523809524,5.25030525030525,800.2777973884422
APHP,1,6.666666666666667,12.244897959183673,5.578231292517006,212.51999679942952
APHP,2,12.244897959183673,18.0,5.755102040816327,212.51999679942952
APHP,8,4.10958904109589,11.347517730496454,7.237928689400564,212.51999679942952
APLE,1,0.4216359474762077,7.352941176470589,6.931305228994381,
APLE,4,2.702702702702702,30.46875,27.7660472972973,
APLE,7,2.0408163265306123,7.281553398058252,5.24073707152764,
APLO,1,4.81651376146789,13.513513513513514,8.696999752045624,3.6013829115260507
APLO,3,9.230769230769232,21.03004291845493,11.7992736876857,3.6013829115260507
APLS,6,0.4018215912135012,16.5266106442577,16.1247890530442,
APLS,8,2.832244008714597,11.48936170212766,8.657117693413063,
APLT,9,0.3988341770210155,15.517241379310343,15.118407202289328,
APMRF,6,4.0,10.227272727272728,6.227272727272728,
APMSF,1,5.625,14.666666666666666,9.041666666666666,71.98715107685636
APMSF,4,0.4710975299210593,9.395973154362416,8.924875624441357,71.98715107685636
APMSF,6,0.4018215912135012,9.064327485380115,8.662505894166614,71.98715107685636
APO,4,4.9079754601227,12.610619469026547,7.702644008903847,53.47838919796989
APO,7,2.9940119760479043,10.0,7.005988023952096,53.47838919796989
APO,9,4.666666666666667,14.156626506024098,9.489959839357432,53.47838919796989
APPB,2,0.6652957542034595,11.650485436893204,10.985189682689745,
APPB,7,3.225806451612903,9.405940594059404,6.180134142446501,
APPCF,4,0.4710975299210593,10.714285714285714,10.243188184364655,
APPEF,7,0.4524247136999859,9.266409266409266,8.81398455270928,
APPF,1,0.4216359474762077,17.5,17.078364052523792,
APPF,3,4.059040590405904,15.903614457831324,11.84457386742542,
APPF,7,4.296875,15.217391304347828,10.920516304347828,
APPN,5,0.4798340033718065,12.761506276150628,12.281672272778822,
APPS,8,2.832244008714597,13.333333333333334,10.501089324618738,946.2920421593676
APPZ,5,0.4798340033718065,10.1010101010101,9.621176097638294,0.0
APQT,8,0.5016969160395455,11.347517730496454,10.845820814456909,
APRO,1,5.426356589147287,18.75,13.323643410852714,-93.54838668489964
APRO,7,3.8461538461538463,9.266409266409266,5.420255420255419,-93.54838668489964
APRU,1,8.333333333333332,14.457831325301203,6.124497991967871,-57.9173690260116
APRU,4,4.3478260869565215,12.76595744680851,8.418131359851989,-57.9173690260116
APRU,9,3.343465045592705,10.989010989010987,7.645545943418282,-57.9173690260116
APT,3,6.0606060606060606,11.620294599018004,5.559688538411944,79.30657697597971
APT,5,1.6666666666666667,7.894736842105263,6.228070175438596,79.30657697597971
APT,7,3.491271820448877,8.653846153846153,5.162574333397276,79.30657697597971
APTL,1,0.4216359474762077,18.75,18.328364052523792,-9.288001505533847
APTL,3,9.243697478991598,15.903614457831324,6.6599169788397266,-9.288001505533847
APTL,6,11.475409836065571,16.5266106442577,5.05120080819213,-9.288001505533847
APTL,9,0.3988341770210155,13.79310344827586,13.394269271254844,-9.288001505533847
APTO,6,8.722741433021806,16.5266106442577,7.803869211235895,14.042980102384764
APTO,9,3.5000000000000004,12.857142857142856,9.357142857142856,14.042980102384764
APTPF,3,0.5821875387092779,7.07070707070707,6.488519531997792,-35.00000298023213
APTPF,8,5.05050505050505,12.34567901234568,7.29517396184063,-35.00000298023213
APTV,4,2.5,9.649122807017545,7.1491228070175445,74.69731566776679
APTY,2,0.6652957542034595,6.349206349206349,5.68391059500289,
APTY,5,4.975124378109453,11.475409836065571,6.500285457956118,
APVNF,8,0.5016969160395455,9.266409266409266,8.76471235036972,
APWC,2,3.3854166666666665,12.087912087912088,8.702495421245422,129.16358271825328
APWL,4,0.4710975299210593,10.27027027027027,9.799172740349212,
APWL,6,0.4018215912135012,9.45945945945946,9.057637868245958,
APYI,3,7.920792079207921,13.461538461538462,5.540746382330541,-45.717077801305045
APYI,8,5.88235294117647,15.774647887323944,9.892294946147473,-45.717077801305045
APYRF,5,5.181347150259067,10.344827586206897,5.16348043594783,-20.92778203500704
APYRF,8,3.571428571428571,9.266409266409266,5.6949806949806945,-20.92778203500704
APYX,8,0.5016969160395455,6.338028169014084,5.836331252974539,
APYX,9,6.338028169014084,12.195121951219512,5.857093782205428,
AQB,7,5.607476635514018,15.09433962264151,9.486862987127491,
AQB,9,2.857142857142857,12.857142857142856,9.999999999999998,
AQMS,2,3.0534351145038165,12.015503875968992,8.962068761465176,
AQMS,4,5.325443786982249,12.610619469026547,7.285175682044298,
AQMS,8,5.05050505050505,11.347517730496454,6.297012679991404,
AQN,2,2.9702970297029703,10.294117647058822,7.323820617355852,7.589025521818134
AQN,5,5.864197530864197,12.910798122065728,7.046600591201531,7.589025521818134
AQN,9,3.7593984962406015,11.452513966480447,7.693115470239846,7.589025521818134
AQNB,9,0.3988341770210155,14.066496163682864,13.667661986661848,
AQPW,5,4.132231404958678,13.86861313868613,9.736381733727452,-49.472914187178006
AQQRF,9,6.60377358490566,12.857142857142856,6.253369272237196,
AQQSQ,5,0.0,5.202312138728324,5.202312138728324,400.0
AQQSQ,9,0.3988341770210155,14.066496163682864,13.667661986661848,400.0
AQST,7,0.4524247136999859,8.51063829787234,8.058213584172355,
AQSZF,1,0.4216359474762077,12.790697674418606,12.369061726942398,
AQUI,6,3.6231884057971016,12.5,8.876811594202898,168.33632176250205
AQUI,9,4.040404040404041,10.989010989010987,6.948606948606947,168.33632176250205
AR,2,3.1630170316301705,9.230769230769232,6.067752199139061,645.171116279607
AR,6,3.896103896103896,20.0,16.103896103896105,645.171116279607
ARAFF,2,0.6652957542034595,7.920792079207921,7.2554963250044615,153.96825881141328
ARAO,6,3.6231884057971016,10.227272727272728,6.604084321475627,369.6604180724845
ARBTF,9,8.762886597938143,15.66265060240964,6.899764004471496,18.90494094311227
ARBU,4,4.3478260869565215,12.698412698412698,8.350586611456176,0.0
ARBU,8,2.145922746781116,7.368421052631578,5.222498305850461,0.0
ARBV,1,2.769230769230769,17.5,14.73076923076923,6.563507415911987
ARBV,3,6.557377049180328,11.620294599018004,5.062917549837676,6.563507415911987
ARBV,9,1.9900497512437807,9.701492537313433,7.711442786069652,6.563507415911987
ARC,2,3.1630170316301705,14.332247557003258,11.169230525373088,118.02326147542774
ARC,7,4.296875,10.687022900763358,6.390147900763358,118.02326147542774
ARCAY,4,3.690036900369003,9.876543209876544,6.186506309507541,149.89858360210962
ARCAY,8,4.605263157894736,15.774647887323944,11.169384729429208,149.89858360210962
ARCB,2,3.3854166666666665,14.332247557003258,10.946830890336592,175.7148053085781
ARCB,9,2.0,9.210526315789473,7.210526315789473,175.7148053085781
ARCC,7,3.8461538461538463,16.176470588235293,12.330316742081447,11.279253571998172
ARCH,3,0.5821875387092779,7.07070707070707,6.488519531997792,
ARCS,2,3.1630170316301705,8.695652173913043,5.532635142282873,-70.58823705645689
ARCS,5,5.952380952380952,13.86861313868613,7.916232186305179,-70.58823705645689
ARCS,7,5.555555555555555,35.13513513513514,29.57957957957958,-70.58823705645689
ARCT,1,7.784431137724551,14.457831325301203,6.673400187576652,333.6597164657368
ARCT,5,4.975124378109453,10.344827586206897,5.369703208097444,333.6597164657368
ARCT,7,3.491271820448877,9.352517985611511,5.861246165162634,333.6597164657368
ARCXF,7,3.491271820448877,10.493827160493826,7.002555340044949,66.66667287548402
ARDX,1,4.215456674473068,15.18987341772152,10.974416743248451,-73.07692343719802
ARDX,3,6.336633663366337,11.496746203904555,5.160112540538218,-73.07692343719802
ARE,2,4.225352112676056,10.714285714285714,6.4889336016096575,22.84981646024696
ARE,8,7.6923076923076925,15.774647887323944,8.08234019501625,22.84981646024696
AREC,5,0.4798340033718065,5.907172995780591,5.427338992408785,
AREC,6,5.907172995780591,12.5,6.592827004219409,
AREN,8,3.4552845528455287,12.34567901234568,8.890394459500152,-46.51474574451312
ARES,3,4.53257790368272,11.620294599018004,7.087716695335285,165.92974332055374
ARES,8,2.2222222222222223,11.48936170212766,9.267139479905438,165.92974332055374
ARESF,4,1.6853932584269662,8.25242718446602,6.567033926039054,-2.9192442087401
ARESF,9,2.857142857142857,11.452513966480447,8.59537110933759,-2.9192442087401
ARET,2,8.484848484848486,14.332247557003258,5.847399072154772,-99.3442622989928
ARGNF,1,0.4216359474762077,15.18987341772152,14.768237470245312,
ARGNF,3,6.336633663366337,11.620294599018004,5.2836609356516675,
ARGNF,6,6.422018348623854,16.5266106442577,10.104592295633847,
ARGQ,1,12.598425196850393,18.75,6.151574803149607,81.26983897262507
ARGQ,6,3.389830508474576,11.224489795918368,7.834659287443792,81.26983897262507
ARGX,5,0.4798340033718065,6.756756756756757,6.276922753384951,
ARGX,8,2.877697841726619,9.266409266409266,6.388711424682647,
ARGYF,2,3.260869565217391,11.258278145695364,7.997408580477973,
ARGYF,7,5.384615384615385,15.09433962264151,9.709724238026125,
ARHN,3,4.326923076923077,9.473684210526317,5.14676113360324,0.0
ARHN,7,3.225806451612903,16.176470588235293,12.95066413662239,0.0
ARHOF,4,0.4710975299210593,10.27027027027027,9.799172740349212,
ARHOF,9,0.3988341770210155,12.195121951219512,11.796287774198497,
ARHUF,1,5.426356589147287,17.5,12.073643410852714,-3.350513563461196
ARHUF,6,0.4018215912135012,8.21917808219178,7.817356490978279,-3.350513563461196
ARHUF,9,5.617977528089887,13.79310344827586,8.175125920185973,-3.350513563461196
ARHVF,1,2.769230769230769,18.75,15.98076923076923,41.22340882761141
ARHVF,4,3.690036900369003,9.395973154362416,5.705936253993412,41.22340882761141
ARHVF,5,9.395973154362416,62.06896551724138,52.672992362878965,41.22340882761141
ARI,2,2.5974025974025974,7.920792079207921,5.323389481805323,-19.03182841946974
ARI,7,4.651162790697675,16.176470588235293,11.525307797537618,-19.03182841946974
ARI,9,2.0905923344947737,11.258278145695364,9.16768581120059,-19.03182841946974
ARIZF,1,5.387205387205387,17.02127659574468,11.634071208539293,-17.142326545960884
ARIZF,3,4.57516339869281,11.496746203904555,6.921582805211745,-17.142326545960884
ARKAF,5,1.0101010101010102,12.910798122065728,11.900697111964718,26.35451478744319
ARKAF,6,12.910798122065728,20.0,7.089201877934272,26.35451478744319
ARKAY,5,4.0,12.761506276150628,8.761506276150628,28.56748764488441
ARKAY,6,12.761506276150628,20.0,7.238493723849372,28.56748764488441
ARKO,9,0.3988341770210155,11.258278145695364,10.859443968674348,
ARKR,9,1.9900497512437807,10.15625,8.166200248756219,-24.1049427690356
ARL,9,3.508771929824561,11.363636363636363,7.854864433811802,-15.866796798947156
ARLP,2,7.6923076923076925,14.332247557003258,6.639939864695566,-16.86469561132195
ARLP,7,3.5211267605633805,15.217391304347828,11.696264543784448,-16.86469561132195
ARLUF,2,4.225352112676056,11.9533527696793,7.7280006570032445,55.94418409530122
ARLUF,6,8.870967741935484,16.5266106442577,7.655642902322217,55.94418409530122
ARMC,2,0.6652957542034595,10.95890410958904,10.293608355385581,-32.02416898843865
ARMC,7,0.4524247136999859,8.51063829787234,8.058213584172355,-32.02416898843865
ARMK,9,3.5000000000000004,14.156626506024098,10.656626506024098,-20.649966624299072
ARMN,2,3.1630170316301705,14.332247557003258,11.169230525373088,2.754094002762474
ARMN,6,11.604095563139932,20.0,8.395904436860068,2.754094002762474
ARNI,5,5.952380952380952,12.910798122065728,6.958417169684776,33.75796107499784
AROC,2,2.6537997587454765,14.332247557003258,11.678447798257782,-14.35124018291883
AROW,3,4.326923076923077,15.903614457831324,11.576691380908247,3.194775564983679
ARPC,2,5.084745762711865,10.294117647058822,5.209371884346957,-97.02005735751436
ARPC,7,6.086956521739131,11.76470588235294,5.677749360613809,-97.02005735751436
ARPC,9,3.343465045592705,14.156626506024098,10.813161460431393,-97.02005735751436
ARPTF,9,0.3988341770210155,13.79310344827586,13.394269271254844,
ARQ,2,3.0534351145038165,11.18421052631579,8.130775411811973,-54.42658136100492
ARQ,8,2.8169014084507045,9.266409266409266,6.449507857958562,-54.42658136100492
ARR,2,2.6537997587454765,10.714285714285714,8.060485955540237,-35.386258220973666
ARR,5,3.4246575342465757,12.910798122065728,9.486140587819152,-35.386258220973666
ARREF,4,5.172413793103448,12.610619469026547,7.438205675923099,80.28418869570402
ARRJF,8,0.5016969160395455,7.142857142857142,6.641160226817597,
ARRJF,9,7.142857142857142,12.857142857142856,5.7142857142857135,
ARRNF,6,0.4018215912135012,7.6923076923076925,7.290486101094191,
ARRPY,6,0.4018215912135012,10.588235294117649,10.186413702904147,
ARRT,7,0.4524247136999859,5.666666666666666,5.21424195296668,
ARSC,4,4.891304347826087,14.285714285714285,9.394409937888199,-36.666667713596496
ARSEF,1,2.158273381294964,13.375796178343949,11.217522797048986,0.0
ARSEF,4,4.054054054054054,9.395973154362416,5.3419191003083615,0.0
ARSLF,7,3.932584269662921,9.405940594059404,5.473356324396482,-19.564088829036766
ARSMF,6,0.4018215912135012,5.555555555555555,5.153733964342054,
ARSRF,3,0.5821875387092779,9.019607843137257,8.43742030442798,
ARSUF,5,0.4798340033718065,12.761506276150628,12.281672272778822,
ARTH,1,6.0,13.375796178343949,7.375796178343949,-28.40757904268528
ARTNA,1,3.1578947368421053,18.75,15.592105263157894,3.614033893374148
ARTNA,4,3.589743589743589,10.650887573964498,7.061143984220909,3.614033893374148
ARTNA,7,3.065134099616858,9.405940594059404,6.340806494442546,3.614033893374148
ARTNB,4,3.589743589743589,10.27027027027027,6.680526680526681,7.062152356747475
ARTR,9,8.045977011494253,13.79310344827586,5.747126436781606,-85.07462704396288
ARTTF,5,0.4798340033718065,11.604095563139932,11.124261559768126,
ARTW,2,3.3854166666666665,8.423913043478262,5.038496376811596,79.03711212972281
ARTZF,1,3.375527426160337,15.060240963855422,11.684713537695085,205.71428026471816
ARTZF,3,0.5821875387092779,15.584415584415584,15.002228045706307,205.71428026471816
ARUXF,2,2.6537997587454765,10.625,7.9712002412545235,-30.769225478877537
ARVY,3,0.5821875387092779,8.59375,8.011562461290723,-65.06171645351002
ARVY,8,6.722689075630252,14.592274678111588,7.869585602481336,-65.06171645351002
ARWD,5,2.272727272727273,8.181818181818182,5.909090909090908,-80.85208349982234
ARWR,5,5.952380952380952,11.604095563139932,5.65171461075898,62.17801705459725
ARWR,8,9.266409266409266,15.774647887323944,6.508238620914678,62.17801705459725
ARXRF,2,3.260869565217391,12.015503875968992,8.754634310751602,34.736846955364456
ARXRF,3,12.015503875968992,21.03004291845493,9.01453904248594,34.736846955364456
ARXRF,7,3.3707865168539324,15.09433962264151,11.723553105787577,34.736846955364456
ARXRF,9,2.931596091205212,8.045977011494253,5.114380920289041,34.736846955364456
ARYC,1,4.81651376146789,11.304347826086955,6.487834064619065,-99.66045296370524
ARYC,6,6.289308176100629,20.0,13.71069182389937,-99.66045296370524
ARYMF,2,0.6652957542034595,11.971830985915492,11.306535231712033,782.3529435100564
ARYMF,9,3.5000000000000004,14.156626506024098,10.656626506024098,782.3529435100564
ARYX,8,5.833333333333333,11.650485436893204,5.817152103559871,27.77778115525684
ARZGF,4,1.7482517482517483,8.26086956521739,6.512617816965642,7.0594273636805145
ARZGF,8,3.755868544600939,11.650485436893204,7.894616892292265,7.0594273636805145
ARZGY,8,3.755868544600939,13.333333333333334,9.577464788732396,7.709162198059721
ASA,8,4.545454545454546,11.728395061728394,7.182940516273848,56.13561878371278
ASAPF,2,3.3854166666666665,8.96551724137931,5.5801005747126435,25.71933587440465
ASAPQ,3,0.5821875387092779,8.75,8.167812461290723,
ASASF,5,0.4798340033718065,6.7669172932330826,6.287083289861276,-21.42857218883475
ASAZF,3,0.5821875387092779,6.334841628959276,5.752654090249997,27.23280387817561
ASAZF,4,6.334841628959276,11.519607843137257,5.184766214177981,27.23280387817561
ASAZF,8,5.05050505050505,15.774647887323944,10.724142836818894,27.23280387817561
ASAZY,4,6.334841628959276,11.519607843137257,5.184766214177981,24.90451439371459
ASAZY,8,4.225352112676056,15.774647887323944,11.549295774647888,24.90451439371459
ASB,7,0.0,7.042253521126761,7.042253521126761,7.325774464684703
ASBFF,1,8.333333333333332,17.5,9.166666666666668,-11.061081692375504
ASBFF,4,1.7482517482517483,11.11111111111111,9.362859362859362,-11.061081692375504
ASBFY,1,6.0,17.5,11.5,-12.02319348739445
ASBFY,4,1.7482517482517483,11.11111111111111,9.362859362859362,-12.02319348739445
ASBRF,5,5.864197530864197,11.475409836065571,5.6112123052013745,-4.886020440434018
ASBRF,9,3.1746031746031744,10.15625,6.981646825396826,-4.886020440434018
ASC,9,4.072398190045249,13.79310344827586,9.72070525823061,-53.80478269146253
ASCC,5,0.4798340033718065,6.8181818181818175,6.338347814810011,-70.59259213881242
ASCC,9,5.777777777777778,12.23404255319149,6.456264775413712,-70.59259213881242
ASCCF,6,2.366863905325444,10.588235294117649,8.221371388792205,44.74475035211489
ASCCF,9,2.185792349726776,15.66265060240964,13.476858252682863,44.74475035211489
ASCCY,6,2.366863905325444,10.588235294117649,8.221371388792205,
ASCCY,9,3.5000000000000004,14.156626506024098,10.656626506024098,
ASCJF,1,4.81651376146789,15.18987341772152,10.37335965625363,-5.016807184218257
ASCK,1,0.4216359474762077,14.84375,14.422114052523792,
ASCN,6,8.722741433021806,17.80821917808219,9.085477745060384,6.883003393661215
ASCS,4,2.3255813953488373,8.47457627118644,6.148994875837602,10.294117647058822
ASCS,6,6.756756756756757,16.5266106442577,9.769853887500943,10.294117647058822
ASDRF,3,0.5821875387092779,7.07070707070707,6.488519531997792,-18.875501628299
ASDZF,2,3.3854166666666665,12.015503875968992,8.630087209302326,-16.415695088079037
ASEKY,3,6.349206349206349,11.620294599018004,5.271088249811656,7.0252163612487335
ASFT,6,0.4018215912135012,7.051282051282051,6.64946046006855,
ASFX,1,5.263157894736842,17.46031746031746,12.197159565580616,-78.44827653796985
ASFX,9,0.3988341770210155,7.142857142857142,6.744022965836127,-78.44827653796985
ASFZ,3,3.5000000000000004,10.309278350515465,6.809278350515465,-3.8461538461523768
ASFZ,8,2.145922746781116,9.25925925925926,7.113336512478144,-3.8461538461523768
ASGN,3,6.336633663366337,11.650485436893204,5.313851773526867,89.09301729579812
ASGN,6,5.202312138728324,20.0,14.797687861271676,89.09301729579812
ASGOF,1,0.4216359474762077,13.513513513513514,13.091877566037306,
ASGOF,8,2.2222222222222223,11.650485436893204,9.42826321467098,
ASGTF,3,0.966183574879227,11.496746203904555,10.530562629025328,73.58105866377775
ASGTF,5,1.0101010101010102,13.958810068649884,12.948709058548873,73.58105866377775
ASGTF,7,2.0408163265306123,9.090909090909092,7.05009276437848,73.58105866377775
ASGTF,9,4.666666666666667,11.452513966480447,6.78584729981378,73.58105866377775
ASGXF,3,0.5821875387092779,10.714285714285714,10.132098175576436,-67.84565987863984
ASGXF,9,5.777777777777778,11.258278145695364,5.480500367917586,-67.84565987863984
ASHI,1,3.787878787878788,12.849162011173185,9.061283223294396,-44.444445824181535
ASHTF,3,6.336633663366337,15.903614457831324,9.566980794464987,168.7486716824335
ASHTF,5,4.9079754601227,11.604095563139932,6.696120103017232,168.7486716824335
ASHTY,3,6.336633663366337,15.903614457831324,9.566980794464987,168.96247960922508
ASHTY,5,4.9079754601227,11.604095563139932,6.696120103017232,168.96247960922508
ASHXF,1,6.666666666666667,17.02127659574468,10.354609929078013,393.6507690595609
ASII,3,4.57516339869281,10.81081081081081,6.235647412118,99.21144526391832
ASII,7,1.9230769230769231,8.056872037914692,6.133795114837769,99.21144526391832
ASIX,4,4.040404040404041,9.649122807017545,5.608718766613504,
ASKE,1,3.375527426160337,11.304347826086955,7.928820399926618,0.0
ASKH,1,3.896103896103896,15.060240963855422,11.164137067751525,352.72377303098506
ASKH,9,2.247191011235955,7.971014492753622,5.723823481517667,352.72377303098506
ASLE,8,0.5016969160395455,11.347517730496454,10.845820814456909,
ASLM,9,6.338028169014084,12.195121951219512,5.857093782205428,-59.27168138950709
ASLRF,2,3.3854166666666665,14.332247557003258,10.946830890336592,1006.7193241212576
ASM,8,4.545454545454546,10.084033613445378,5.538579067990832,56.046065558852
ASMIY,3,0.5821875387092779,7.317073170731707,6.734885632022429,
ASMIY,4,7.317073170731707,12.610619469026547,5.2935462982948405,
ASMIY,6,8.860759493670885,20.0,11.139240506329115,
ASMIY,8,4.605263157894736,13.333333333333334,8.728070175438598,
ASML,2,2.6537997587454765,8.423913043478262,5.770113284732785,189.2115094634733
ASML,6,7.894736842105263,20.0,12.105263157894736,189.2115094634733
ASML,8,6.722689075630252,15.774647887323944,9.05195881169369,189.2115094634733
ASMLF,2,2.6537997587454765,8.423913043478262,5.770113284732785,192.9328094880068
ASMLF,6,13.958810068649884,20.0,6.041189931350116,192.9328094880068
ASMLF,8,6.722689075630252,15.774647887323944,9.05195881169369,192.9328094880068
ASMVY,2,3.0534351145038165,10.294117647058822,7.240682532555006,-16.46490634412279
ASMVY,8,4.545454545454546,14.592274678111588,10.046820132657043,-16.46490634412279
ASNCF,1,4.81651376146789,13.375796178343949,8.559282416876059,175.86327453268945
ASNCF,7,5.454545454545454,10.687022900763358,5.232477446217904,175.86327453268945
ASNCF,9,3.343465045592705,12.903225806451612,9.559760760858907,175.86327453268945
ASND,6,4.878048780487805,20.0,15.121951219512194,
ASNHF,5,0.0,11.475409836065571,11.475409836065571,27.906970625137426
ASNHF,7,0.4524247136999859,8.653846153846153,8.201421440146168,27.906970625137426
ASOMF,3,0.5821875387092779,7.82122905027933,7.239041511570052,47.571427481515066
ASOMY,2,3.260869565217391,10.714285714285714,7.453416149068323,-9.509490792896113
ASOZF,8,0.5016969160395455,12.258064516129032,11.756367600089487,41.53138164981361
ASOZY,3,0.5821875387092779,11.620294599018004,11.038107060308727,
ASOZY,8,3.8461538461538463,11.650485436893204,7.804331590739357,
ASPN,1,6.666666666666667,13.513513513513514,6.846846846846847,682.1237291781542
ASPN,3,4.059040590405904,11.496746203904555,7.437705613498651,682.1237291781542
ASPN,5,0.0,6.289308176100629,6.289308176100629,682.1237291781542
ASPN,7,2.0408163265306123,7.042253521126761,5.001437194596148,682.1237291781542
ASPN,9,2.3622047244094486,12.195121951219512,9.832917226810064,682.1237291781542
ASPR,1,12.587412587412588,31.03448275862069,18.447070171208104,200.000021827838
ASPR,9,0.3988341770210155,15.66265060240964,15.263816425388624,200.000021827838
ASPS,1,4.81651376146789,12.790697674418606,7.974183912950716,-49.2319466979249
ASPU,2,3.3854166666666665,11.18421052631579,7.798793859649123,-4.473816209519004
ASPU,9,4.511278195488721,11.258278145695364,6.746999950206643,-4.473816209519004
ASPW,1,5.147058823529411,13.375796178343949,8.228737354814537,-82.60869647742588
ASPW,4,1.6853932584269662,10.606060606060606,8.920667347633639,-82.60869647742588
ASPW,9,3.508771929824561,15.66265060240964,12.153878672585078,-82.60869647742588
ASPZ,2,3.260869565217391,9.523809523809524,6.262939958592133,1883.884303875764
ASPZ,5,2.272727272727273,8.93371757925072,6.660990306523447,1883.884303875764
ASPZ,9,5.777777777777778,11.258278145695364,5.480500367917586,1883.884303875764
ASR,3,4.53257790368272,10.256410256410255,5.723832352727536,16.949458737795073
ASR,7,3.5211267605633805,10.687022900763358,7.165896140199978,16.949458737795073
ASRE,2,0.6652957542034595,6.097560975609756,5.432265221406297,32.19582859725411
ASRE,8,3.937007874015748,11.180124223602483,7.243116349586735,32.19582859725411
ASRT,3,4.57516339869281,11.496746203904555,6.921582805211745,-77.18495895069269
ASRV,9,2.0905923344947737,9.210526315789473,7.1199339812946985,-6.034273554239335
ASTA,5,0.4798340033718065,10.1010101010101,9.621176097638294,
ASTE,2,2.6537997587454765,10.294117647058822,7.640317888313346,70.69415251368987
ASTH,4,1.6853932584269662,9.395973154362416,7.7105798959354495,502.6147321478551
ASTH,6,4.958677685950414,10.869565217391305,5.910887531440891,502.6147321478551
ASTO,4,1.7482517482517483,12.76595744680851,11.017705698556762,-18.918916741977927
ASTO,8,5.05050505050505,10.084033613445378,5.033528562940328,-18.918916741977927
ASTVF,1,8.108108108108109,18.75,10.641891891891891,29.743585831079702
ASTVF,5,2.702702702702702,8.870967741935484,6.168265039232782,29.743585831079702
ASTVF,7,11.612903225806452,17.02127659574468,5.408373369938229,29.743585831079702
ASWRF,9,5.459057071960298,12.857142857142856,7.398085785182558,194.9429062185872
ASX,6,6.289308176100629,20.0,13.71069182389937,49.6533958639453
ASX,8,3.4552845528455287,15.774647887323944,12.319363334478416,49.6533958639453
ASXFF,2,3.2710280373831773,11.650485436893204,8.379457399510027,0.9736475306799124
ASXFY,2,3.260869565217391,12.087912087912088,8.827042522694697,4.640471355868572
ASXFY,8,7.623318385650224,13.333333333333334,5.71001494768311,4.640471355868572
ASXSF,2,2.6537997587454765,12.087912087912088,9.434112329166611,117.40740134474036
ASXSF,4,11.620294599018004,16.666666666666664,5.04637206764866,117.40740134474036
ASYS,2,2.6537997587454765,13.286713286713288,10.632913527967812,106.76486858735528
ASYS,5,8.26086956521739,13.958810068649884,5.697940503432493,106.76486858735528
ASYS,8,4.225352112676056,15.774647887323944,11.549295774647888,106.76486858735528
ATAZF,9,5.459057071960298,12.195121951219512,6.736064879259215,36.09422534251837
ATBHF,1,4.81651376146789,17.46031746031746,12.643803698849569,-36.0400165223444
ATBHF,6,4.0,10.588235294117649,6.5882352941176485,-36.0400165223444
ATBPF,1,8.108108108108109,14.84375,6.735641891891891,-72.54117660604959
ATBPF,3,6.349206349206349,11.620294599018004,5.271088249811656,-72.54117660604959
ATBPF,6,3.389830508474576,16.5266106442577,13.136780135783125,-72.54117660604959
ATBPF,9,4.62962962962963,15.66265060240964,11.03302097278001,-72.54117660604959
ATCC,4,8.73015873015873,17.543859649122805,8.813700918964075,856.2406245024274
ATCC,6,3.7800687285223367,12.5,8.719931271477662,856.2406245024274
ATCD,2,0.6652957542034595,10.625,9.95970424579654,-1.17759765625
ATCD,6,5.907172995780591,20.0,14.092827004219409,-1.17759765625
ATCMF,3,6.0606060606060606,11.620294599018004,5.559688538411944,74.02489783723621
ATCMF,4,11.620294599018004,16.666666666666664,5.04637206764866,74.02489783723621
ATCMF,8,2.832244008714597,10.084033613445378,7.2517896047307815,74.02489783723621
ATCN,1,4.81651376146789,12.790697674418606,7.974183912950716,-10.90723782390779
ATCN,4,7.317073170731707,12.610619469026547,5.2935462982948405,-10.90723782390779
ATCN,8,5.666666666666666,11.728395061728394,6.061728395061728,-10.90723782390779
ATCUF,2,3.1630170316301705,8.423913043478262,5.260896011848091,311.67882290727016
ATDRY,7,1.7467248908296942,9.352517985611511,7.605793094781817,
ATDS,2,0.6652957542034595,10.625,9.95970424579654,-99.78968647448905
ATDS,6,11.475409836065571,20.0,8.524590163934429,-99.78968647448905
ATEC,3,6.097560975609756,11.496746203904555,5.399185228294799,118.60095522082108
ATEC,9,6.315789473684211,11.452513966480447,5.136724492796237,118.60095522082108
ATEN,1,3.787878787878788,15.18987341772152,11.401994629842733,106.29765190491862
ATEN,3,4.326923076923077,11.496746203904555,7.169823126981479,106.29765190491862
ATEX,2,3.1630170316301705,12.015503875968992,8.852486844338822,
ATEX,5,6.122448979591836,13.958810068649884,7.836361089058047,
ATEX,7,4.651162790697675,10.024449877750612,5.373287087052938,
ATEYY,2,2.6537997587454765,11.578947368421051,8.925147609675575,76.6793914480896
ATEYY,8,4.678362573099415,14.592274678111588,9.913912105012173,76.6793914480896
ATGE,3,5.603448275862069,11.620294599018004,6.016846323155935,5.511853454437677
ATGE,6,5.185185185185185,16.5266106442577,11.341425459072516,5.511853454437677
ATGE,9,3.947368421052632,9.32642487046632,5.379056449413689,5.511853454437677
ATGFF,2,3.1630170316301705,8.423913043478262,5.260896011848091,35.69965599698236
ATGFF,5,4.132231404958678,10.1010101010101,5.968778696051422,35.69965599698236
ATGFF,9,4.666666666666667,10.989010989010987,6.32234432234432,35.69965599698236
ATGGF,7,0.4524247136999859,16.3265306122449,15.874105898544913,
ATGN,2,2.6537997587454765,10.625,7.9712002412545235,90.22222306993272
ATGN,5,5.864197530864197,11.475409836065571,5.6112123052013745,90.22222306993272
ATGN,8,3.4552845528455287,13.333333333333334,9.878048780487806,90.22222306993272
ATHC,3,3.5000000000000004,11.620294599018004,8.120294599018004,95.30601292531968
ATHC,5,0.4798340033718065,6.8181818181818175,6.338347814810011,95.30601292531968
ATHJF,9,2.3622047244094486,7.947019867549669,5.58481514314022,130.10936869720226
ATHM,8,4.294478527607362,14.592274678111588,10.297796150504226,-45.83494331055513
ATHOF,6,4.848484848484849,11.612903225806452,6.764418377321603,93.43831864965348
ATI,2,3.1630170316301705,8.423913043478262,5.260896011848091,-15.236428627553526
ATI,4,4.9079754601227,30.46875,25.5607745398773,-15.236428627553526
ATIG,1,4.215456674473068,14.457831325301203,10.242374650828136,4850.0001913576425
ATIG,6,0.4018215912135012,7.207207207207207,6.805385615993706,4850.0001913576425
ATIW,9,1.9900497512437807,12.903225806451612,10.913176055207831,99.33333445092047
ATKR,3,0.5821875387092779,11.496746203904555,10.914558665195278,
ATKR,7,3.968253968253968,15.217391304347828,11.24913733609386,
ATKR,9,8.762886597938143,14.156626506024098,5.393739908085955,
ATLC,3,0.5821875387092779,5.907172995780591,5.324985457071314,574.5399968791011
ATLC,7,4.838709677419355,13.47517730496454,8.636467627545183,574.5399968791011
ATLC,9,5.555555555555555,14.156626506024098,8.601070950468543,574.5399968791011
ATLCY,8,4.225352112676056,14.592274678111588,10.366922565435532,74.89152696476187
ATLFF,4,5.907172995780591,11.188811188811188,5.281638193030597,121.59091229281152
ATLFF,8,4.225352112676056,13.333333333333334,9.107981220657278,121.59091229281152
ATLKY,8,4.225352112676056,14.592274678111588,10.366922565435532,81.52295580440749
ATLO,3,1.9230769230769231,9.67741935483871,7.754342431761787,-15.364526252751537
ATLPF,3,6.25,11.620294599018004,5.370294599018004,110.71478080333596
ATLPF,8,4.444444444444445,14.592274678111588,10.147830233667143,110.71478080333596
ATNF,5,0.4798340033718065,6.593406593406594,6.113572590034788,
ATNI,1,5.421686746987952,17.5,12.078313253012048,-20.225237029353423
ATNI,3,6.349206349206349,21.03004291845493,14.680836569248584,-20.225237029353423
ATNI,6,4.844290657439446,16.5266106442577,11.682319986818255,-20.225237029353423
ATNM,4,2.3255813953488373,10.085836909871244,7.760255514522406,19.13477343266496
ATNM,7,3.491271820448877,9.266409266409266,5.775137445960389,19.13477343266496
ATNNF,3,4.326923076923077,11.496746203904555,7.169823126981479,47.21457444453838
ATNNF,6,2.3255813953488373,10.588235294117649,8.26265389876881,47.21457444453838
ATNPQ,8,2.145922746781116,12.258064516129032,10.112141769347916,0.0
ATO,2,2.631578947368421,11.9533527696793,9.32177382231088,-20.48143149210172
ATO,4,3.589743589743589,11.519607843137257,7.929864253393667,-20.48143149210172
ATO,7,3.065134099616858,9.266409266409266,6.201275166792408,-20.48143149210172
ATO,9,3.7593984962406015,11.452513966480447,7.693115470239846,-20.48143149210172
ATOM,3,0.5821875387092779,7.6923076923076925,7.110120153598414,
ATOM,6,5.555555555555555,20.0,14.444444444444445,
ATONF,2,7.18954248366013,14.332247557003258,7.142705073343128,-40.00000082784226
ATONY,4,4.411764705882353,12.195121951219512,7.783357245337159,-38.34951663064463
ATONY,6,3.389830508474576,8.540925266903916,5.151094758429339,-38.34951663064463
ATOR,1,8.108108108108109,14.666666666666666,6.558558558558557,-54.54545553065526
ATOR,6,4.0,10.588235294117649,6.5882352941176485,-54.54545553065526
ATOS,2,2.6537997587454765,14.332247557003258,11.678447798257782,83.77293364728303
ATR,1,6.0,17.5,11.5,3.734471797138372
ATR,9,5.172413793103448,10.989010989010987,5.816597195907539,3.734471797138372
ATRC,4,3.636363636363636,11.11111111111111,7.474747474747475,162.2466485651374
ATRC,6,6.7669172932330826,12.12121212121212,5.354294827979037,162.2466485651374
ATRO,3,6.25,11.620294599018004,5.370294599018004,-51.87136872733877
ATRO,7,5.434782608695652,11.76470588235294,6.329923273657288,-51.87136872733877
ATRO,9,3.7593984962406015,9.701492537313433,5.942094041072831,-51.87136872733877
ATROB,3,6.25,11.620294599018004,5.370294599018004,-51.78001081829014
ATROB,7,5.434782608695652,11.76470588235294,6.329923273657288,-51.78001081829014
ATROB,9,3.7593984962406015,9.701492537313433,5.942094041072831,-51.78001081829014
ATRX,4,1.7482517482517483,11.519607843137257,9.771356094885508,144.42391798649496
ATS,4,2.8735632183908044,8.25242718446602,5.378863966075215,140.80933896792178
ATS,6,3.79746835443038,9.064327485380115,5.266859130949735,140.80933896792178
ATSG,7,5.82010582010582,11.538461538461538,5.718355718355719,23.34589549682019
ATTBF,2,5.084745762711865,14.332247557003258,9.247501794291393,-60.2931470195903
ATTOF,5,5.555555555555555,12.910798122065728,7.355242566510173,97.54964243302516
ATTRF,2,3.2710280373831773,9.230769230769232,5.959741193386055,-16.091952290524272
ATTRF,5,2.272727272727273,8.860759493670885,6.588032220943612,-16.091952290524272
ATTRF,9,0.3988341770210155,6.8181818181818175,6.419347641160802,-16.091952290524272
ATUS,8,3.636363636363636,15.774647887323944,12.138284250960307,
ATUSF,3,0.966183574879227,7.428571428571429,6.462387853692202,49.78754435578384
ATVK,1,0.4216359474762077,17.5,17.078364052523792,150.87719504275904
ATVK,5,6.976744186046512,13.958810068649884,6.982065882603372,150.87719504275904
ATVVF,6,0.4018215912135012,5.555555555555555,5.153733964342054,
ATVVF,9,2.931596091205212,7.971014492753622,5.03941840154841,
ATWT,1,7.194244604316546,12.790697674418606,5.59645307010206,-93.31483341697133
ATWT,6,0.4018215912135012,9.45945945945946,9.057637868245958,-93.31483341697133
ATWT,8,4.273504273504273,15.774647887323944,11.501143613819671,-93.31483341697133
ATXG,7,3.932584269662921,16.176470588235293,12.243886318572372,
ATXI,6,3.7800687285223367,11.891891891891891,8.111823163369554,
ATXMF,3,0.5821875387092779,8.75,8.167812461290723,0.0
ATXMF,5,2.272727272727273,10.344827586206897,8.072100313479623,0.0
ATXMF,8,5.263157894736842,13.157894736842104,7.894736842105263,0.0
ATYG,2,5.172413793103448,11.971830985915492,6.799417192812044,865.0000556610318
ATYG,7,0.4524247136999859,8.51063829787234,8.058213584172355,865.0000556610318
ATYR,4,2.631578947368421,9.876543209876544,7.244964262508123,
ATYR,7,3.8461538461538463,9.090909090909092,5.244755244755245,
AU,8,5.755395683453238,24.873096446700508,19.11770076324727,-21.07515582718161
AUB,7,1.7467248908296942,7.051282051282051,5.304557160452357,0.1704584259059087
AUB,9,2.0905923344947737,9.210526315789473,7.1199339812946985,0.1704584259059087
AUCM,5,9.395973154362416,18.0327868852459,8.636813730883485,0.0
AUDAQ,2,2.9702970297029703,8.333333333333332,5.363036303630362,10.344827870508714
AUDAQ,7,3.491271820448877,9.090909090909092,5.599637270460215,10.344827870508714
AUDC,7,2.9940119760479043,10.687022900763358,7.693010924715454,73.15624786370078
AUIAF,4,0.4710975299210593,12.698412698412698,12.22731516849164,
AUIAF,8,4.72972972972973,13.333333333333334,8.603603603603604,
AUKNY,2,3.260869565217391,11.9533527696793,8.69248320446191,-5.340814043878424
AUKNY,8,2.8169014084507045,11.728395061728394,8.91149365327769,-5.340814043878424
AUKUF,3,6.944444444444445,15.903614457831324,8.95917001338688,-32.77853922982931
AUKUF,6,8.722741433021806,17.80821917808219,9.085477745060384,-32.77853922982931
AUKUF,9,2.185792349726776,14.066496163682864,11.880703813956087,-32.77853922982931
AUMN,2,3.1630170316301705,9.230769230769232,6.067752199139061,94.14414414414416
AUMN,8,3.4552845528455287,10.084033613445378,6.62874906059985,94.14414414414416
AUNXF,3,3.5000000000000004,10.714285714285714,7.2142857142857135,174.41666378215575
AUPH,6,3.389830508474576,10.416666666666668,7.026836158192092,339.0480090122911
AUPH,8,4.0,24.873096446700508,20.873096446700508,339.0480090122911
AURI,1,4.150943396226415,9.655172413793103,5.504229017566688,-69.25492201122239
AURI,8,4.643962848297214,11.650485436893204,7.00652258859599,-69.25492201122239
AURT,2,8.98876404494382,14.814814814814811,5.8260507698709905,0.0
AURT,5,0.4798340033718065,13.958810068649884,13.478976065278077,0.0
AURWF,7,0.4524247136999859,10.687022900763358,10.234598187063373,
AURX,6,0.4018215912135012,9.747292418772563,9.345470827559062,
AUSDF,2,2.6537997587454765,11.971830985915492,9.318031227170016,-49.16813588263509
AUSDF,9,3.508771929824561,10.15625,6.647478070175438,-49.16813588263509
AUSTF,7,0.4524247136999859,6.756756756756757,6.304332043056771,43.00517833883504
AUSVF,1,4.81651376146789,11.67883211678832,6.862318355320429,62.65180965991512
AUSVF,7,5.82010582010582,35.13513513513514,29.315029315029317,62.65180965991512
AUTL,7,0.4524247136999859,8.653846153846153,8.201421440146168,
AUTLF,4,2.8735632183908044,10.679611650485436,7.806048432094631,-53.78708563537636
AUTLF,8,2.2222222222222223,13.333333333333334,11.11111111111111,-53.78708563537636
AUTR,4,8.24742268041237,16.666666666666664,8.419243986254294,-54.54545214017891
AUVGF,2,3.1630170316301705,10.294117647058822,7.131100615428652,37.49988097685613
AVA,2,2.631578947368421,11.9533527696793,9.32177382231088,-16.55071429439556
AVA,9,3.508771929824561,11.452513966480447,7.943742036655886,-16.55071429439556
AVACF,1,0.4216359474762077,5.7324840764331215,5.310848128956914,
AVACF,4,3.690036900369003,9.395973154362416,5.705936253993412,
AVACF,6,4.761904761904762,16.5266106442577,11.764705882352938,
AVACF,9,2.247191011235955,9.210526315789473,6.963335304553517,
AVAL,5,5.555555555555555,12.910798122065728,7.355242566510173,-24.034224569629743
AVAV,2,2.5974025974025974,7.865168539325842,5.267765941923245,48.098468439110455
AVAV,4,5.323193916349809,10.679611650485436,5.3564177341356265,48.098468439110455
AVAV,7,2.9940119760479043,10.024449877750612,7.030437901702708,48.098468439110455
AVB,2,2.631578947368421,11.18421052631579,8.552631578947368,1.953264803443926
AVB,4,4.891304347826087,12.610619469026547,7.71931512120046,1.953264803443926
AVB,7,3.065134099616858,15.217391304347828,12.15225720473097,1.953264803443926
AVB,9,3.7593984962406015,11.452513966480447,7.693115470239846,1.953264803443926
AVBH,2,0.6652957542034595,10.625,9.95970424579654,-6.166529665415438
AVCRF,2,5.172413793103448,11.9533527696793,6.780938976575852,497.89064258415794
AVD,2,2.9702970297029703,12.087912087912088,9.117615058209118,12.983054442307516
AVD,5,5.376344086021505,13.958810068649884,8.582465982628378,12.983054442307516
AVDL,9,2.931596091205212,11.363636363636363,8.432040272431152,153.67854322861342
AVEFF,4,9.019607843137257,20.33898305084746,11.319375207710204,0.0
AVEFF,6,3.0303030303030303,18.181818181818183,15.151515151515152,0.0
AVGO,7,3.225806451612903,9.01639344262295,5.790586991010048,70.31452671926056
AVGR,1,4.215456674473068,17.5,13.284543325526933,
AVGR,7,3.491271820448877,9.01639344262295,5.5251216221740735,
AVHHL,1,4.150943396226415,13.924050632911392,9.773107236684977,-72.34350663124177
AVHNF,1,0.4216359474762077,15.060240963855422,14.638605016379215,19.63998329233392
AVHNF,5,0.4798340033718065,8.80281690140845,8.322982898036644,19.63998329233392
AVHNY,7,0.4524247136999859,6.756756756756757,6.304332043056771,
AVIFY,2,3.0534351145038165,14.332247557003258,11.278812442499442,-23.04646152522661
AVIJF,4,1.7482517482517483,10.085836909871244,8.337585161619495,3.773592756753207
AVIJF,9,0.0,6.25,6.25,3.773592756753207
AVIX,4,0.4710975299210593,10.218978102189782,9.747880572268723,-95.1720001079957
AVIX,7,4.296875,9.352517985611511,5.055642985611511,-95.1720001079957
AVIX,8,9.352517985611511,24.873096446700508,15.520578461088997,-95.1720001079957
AVIZF,2,0.6652957542034595,8.96551724137931,8.30022148717585,0.0
AVIZF,8,0.5016969160395455,24.873096446700508,24.371399530660963,0.0
AVLNF,3,0.5821875387092779,21.03004291845493,20.447855379745654,
AVLNF,5,6.698564593301436,13.958810068649884,7.260245475348448,
AVLP,5,1.0101010101010102,13.958810068649884,12.948709058548873,-76.00000053644183
AVNI,1,10.981308411214954,18.75,7.768691588785046,118.58545818370996
AVNS,5,4.9079754601227,13.958810068649884,9.050834608527182,-24.10411687498225
AVNS,7,5.434782608695652,16.176470588235293,10.741687979539641,-24.10411687498225
AVNW,6,13.86861313868613,20.0,6.131386861313869,387.7691659667043
AVNY,2,0.6652957542034595,8.333333333333332,7.668037579129873,0.0
AVNY,5,7.100591715976331,13.86861313868613,6.7680214227098,0.0
AVNY,8,0.5016969160395455,6.60377358490566,6.102076668866115,0.0
AVNY,9,6.60377358490566,14.066496163682864,7.462722578777203,0.0
AVOT,1,4.81651376146789,17.02127659574468,12.20476283427679,-83.99999947845937
AVOT,4,1.7482517482517483,10.714285714285714,8.966033966033965,-83.99999947845937
AVOZ,1,4.215456674473068,31.03448275862069,26.819026084147623,-71.7900631441426
AVOZ,3,10.294117647058822,19.480519480519483,9.18640183346066,-71.7900631441426
AVPI,5,0.4798340033718065,18.0327868852459,17.552952881874095,471.4285600246327
AVPMF,1,8.333333333333332,15.060240963855422,6.72690763052209,-24.06103358232032
AVPMF,6,3.636363636363636,11.304347826086955,7.667984189723319,-24.06103358232032
AVRI,1,4.215456674473068,17.02127659574468,12.805819921271613,8004.767951500605
AVRI,4,3.11284046692607,20.33898305084746,17.22614258392139,8004.767951500605
AVRI,8,3.755868544600939,10.0,6.244131455399061,8004.767951500605
AVRTF,2,0.6652957542034595,6.349206349206349,5.68391059500289,
AVRTF,6,3.6231884057971016,20.0,16.3768115942029,
AVRTF,9,4.666666666666667,10.989010989010987,6.32234432234432,
AVRW,4,0.4710975299210593,6.976744186046512,6.505646656125452,
AVRW,8,8.653846153846153,15.774647887323944,7.120801733477791,
AVSFY,3,1.8867924528301887,8.75,6.863207547169811,-24.66185011375856
AVSR,8,4.225352112676056,11.650485436893204,7.425133324217148,120.77922326631372
AVT,3,4.53257790368272,11.650485436893204,7.117907533210484,-8.17603836011892
AVT,7,6.63265306122449,15.217391304347828,8.584738243123338,-8.17603836011892
AVTBD,7,0.4524247136999859,10.024449877750612,9.572025164050627,
AVTBF,7,0.4524247136999859,10.024449877750612,9.572025164050627,
AVTI,1,7.194244604316546,12.790697674418606,5.59645307010206,-73.54497451249145
AVTI,4,8.59375,16.666666666666664,8.072916666666664,-73.54497451249145
AVTR,9,0.3988341770210155,5.88235294117647,5.483518764155455,
AVTX,5,5.952380952380952,12.761506276150628,6.809125323769677,
AVTX,7,9.064327485380115,16.176470588235293,7.112143102855178,
AVVH,9,0.3988341770210155,6.748466257668712,6.349632080647696,48100.00092259141
AVVIY,4,2.5,12.610619469026547,10.110619469026547,-0.1660670138479847
AVVIY,6,2.4390243902439024,9.064327485380115,6.625303095136212,-0.1660670138479847
AVXL,1,12.093023255813954,17.5,5.406976744186046,535.2142864909708
AVXL,3,3.5000000000000004,21.03004291845493,17.53004291845493,535.2142864909708
AVXL,7,3.8461538461538463,11.538461538461538,7.692307692307692,535.2142864909708
AVXT,1,6.666666666666667,13.513513513513514,6.846846846846847,-89.30817660457579
AVXT,4,3.11284046692607,9.090909090909092,5.978068623983022,-89.30817660457579
AVXT,7,8.333333333333332,15.09433962264151,6.7610062893081775,-89.30817660457579
AVY,8,5.263157894736842,15.774647887323944,10.511489992587101,72.97016006501902
AWAEF,5,0.4798340033718065,10.344827586206897,9.86499358283509,5.882356034843124
AWAEF,8,0.7042253521126761,6.565656565656567,5.861431213543891,5.882356034843124
AWAW,4,4.054054054054054,10.218978102189782,6.1649240481357275,-53.75722770900991
AWCA,4,8.59375,16.666666666666664,8.072916666666664,238.23527091514944
AWCA,6,6.289308176100629,11.304347826086955,5.015039649986326,238.23527091514944
AWH,4,4.040404040404041,10.085836909871244,6.045432869467203,492.7140221026267
AWI,4,4.9079754601227,11.519607843137257,6.611632383014556,-1.0572517799948389
AWI,7,5.147058823529411,15.217391304347828,10.070332480818417,-1.0572517799948389
AWK,2,2.631578947368421,11.9533527696793,9.32177382231088,40.38218028836847
AWK,4,3.589743589743589,11.519607843137257,7.929864253393667,40.38218028836847
AWK,9,3.7593984962406015,11.452513966480447,7.693115470239846,40.38218028836847
AWLCF,2,3.1630170316301705,14.332247557003258,11.169230525373088,-73.07472927030634
AWLCF,5,1.0101010101010102,8.860759493670885,7.850658483569875,-73.07472927030634
AWON,1,3.375527426160337,9.655172413793103,6.279644987632766,633.6996308005415
AWON,9,3.7735849056603774,9.210526315789473,5.436941410129095,633.6996308005415
AWR,3,6.097560975609756,21.03004291845493,14.932481942845175,-7.194295542092894
AWR,5,3.903903903903904,12.761506276150628,8.857602372246724,-7.194295542092894
AWR,9,3.7593984962406015,14.066496163682864,10.307097667442262,-7.194295542092894
AWRRF,2,2.6537997587454765,12.087912087912088,9.434112329166611,1.9347394366287487
AWRRF,5,4.9079754601227,12.195121951219512,7.287146491096812,1.9347394366287487
AWRRF,7,3.065134099616858,10.687022900763358,7.6218888011465005,1.9347394366287487
AWSL,5,2.941176470588235,8.653846153846153,5.712669683257918,242.9794322472115
AWSL,7,7.207207207207207,35.13513513513514,27.92792792792793,242.9794322472115
AWWI,4,4.3478260869565215,10.218978102189782,5.87115201523326,28.26087027511046
AWWI,9,5.813953488372093,14.156626506024098,8.342673017652006,28.26087027511046
AWX,3,6.25,11.620294599018004,5.370294599018004,80.54930373241648
AWX,6,4.844290657439446,10.227272727272728,5.382982069833282,80.54930373241648
AX,6,8.722741433021806,20.0,11.277258566978194,73.5120355023946
AXAHF,4,2.5,10.650887573964498,8.150887573964498,4.4246802009251365
AXAHY,4,2.5,10.650887573964498,8.150887573964498,4.422226992141215
AXBSF,4,2.3255813953488373,9.090909090909092,6.765327695560254,
AXBSF,6,7.84313725490196,18.181818181818183,10.338680926916224,
AXCP,1,4.215456674473068,12.849162011173185,8.633705336700118,900.0000727595263
AXCP,8,5.263157894736842,11.180124223602483,5.916966328865642,900.0000727595263
AXDDF,6,0.4018215912135012,6.666666666666667,6.264845075453166,
AXDX,3,5.603448275862069,15.903614457831324,10.300166181969255,-67.21549107938934
AXGC,1,3.375527426160337,14.84375,11.468222573839663,-88.02395242453407
AXGC,4,3.11284046692607,10.27027027027027,7.1574298033442005,-88.02395242453407
AXGC,6,3.7800687285223367,11.612903225806452,7.832834497284115,-88.02395242453407
AXIM,2,3.260869565217391,10.75268817204301,7.491818606825619,1.104870897815575
AXL,3,4.326923076923077,11.620294599018004,7.293371522094928,5.6294425346174455
AXL,7,3.491271820448877,16.176470588235293,12.685198767786417,5.6294425346174455
AXLX,4,1.7482517482517483,10.085836909871244,8.337585161619495,-97.10144938356176
AXLX,7,2.9940119760479043,10.687022900763358,7.693010924715454,-97.10144938356176
AXLX,9,3.5000000000000004,15.66265060240964,12.16265060240964,-97.10144938356176
AXNLF,6,0.4018215912135012,7.051282051282051,6.64946046006855,
AXNLF,9,3.937007874015748,15.517241379310343,11.580233505294595,
AXNVF,6,0.4018215912135012,10.227272727272728,9.825451136059227,
AXNX,8,0.5016969160395455,15.774647887323944,15.272950971284398,
AXON,6,3.896103896103896,11.891891891891891,7.995787995787995,223.6513175181749
AXP,5,4.9079754601227,12.761506276150628,7.853530816027928,47.11778899372828
AXREF,5,5.864197530864197,11.475409836065571,5.6112123052013745,185.71429635797264
AXREF,9,3.343465045592705,9.32642487046632,5.982959824873616,185.71429635797264
AXS,6,2.3255813953488373,11.612903225806452,9.287321830457614,-24.74256481564939
AXS,9,2.857142857142857,14.066496163682864,11.209353306540006,-24.74256481564939
AXSM,2,0.6652957542034595,10.75268817204301,10.08739241783955,
AXSM,8,4.72972972972973,13.333333333333334,8.603603603603604,
AXTA,4,2.631578947368421,12.610619469026547,9.979040521658126,
AXTG,4,8.571428571428571,20.33898305084746,11.767554479418889,6053.799748193983
AXTG,8,0.5016969160395455,11.347517730496454,10.845820814456909,6053.799748193983
AXTI,2,5.387205387205387,11.578947368421051,6.191741981215665,174.84807617133953
AXTLF,1,5.1020408163265305,13.513513513513514,8.411472697186984,115.01548071527888
AXTLF,6,0.4018215912135012,20.0,19.5981784087865,115.01548071527888
AXTLF,7,20.0,35.13513513513514,15.135135135135137,115.01548071527888
AXVEF,2,3.2710280373831773,10.95890410958904,7.687876072205864,-52.13157976466205
AXXA,8,5.666666666666666,24.873096446700508,19.206429780033844,119.97816539151384
AXXDF,4,4.3478260869565215,9.395973154362416,5.048147067405894,-51.50021759711127
AY,7,3.8461538461538463,9.266409266409266,5.420255420255419,44.386520182270885
AYAAF,3,0.5821875387092779,8.75,8.167812461290723,-35.55555570272752
AYAAF,5,0.0,6.7669172932330826,6.7669172932330826,-35.55555570272752
AYAAF,8,4.225352112676056,24.873096446700508,20.647744334024452,-35.55555570272752
AYALY,8,4.678362573099415,10.0,5.321637426900585,-11.16015910331515
AYASF,5,6.122448979591836,13.958810068649884,7.836361089058047,342.52951602056834
AYI,5,1.6666666666666667,6.7669172932330826,5.100250626566416,46.04707580148551
AYI,7,3.225806451612903,10.687022900763358,7.461216449150455,46.04707580148551
AYRO,3,4.326923076923077,15.584415584415584,11.257492507492508,4.919614799906056
AYURF,3,7.865168539325842,13.461538461538462,5.596369922212619,
AYYLF,6,2.366863905325444,10.869565217391305,8.502701312065861,-12.947655521690354
AZFL,2,0.6652957542034595,11.258278145695364,10.592982391491905,1700.000049476456
AZGFF,2,5.084745762711865,11.18421052631579,6.099464763603924,-24.56140861470562
AZGFF,4,4.891304347826087,11.519607843137257,6.62830349531117,-24.56140861470562
AZIHF,2,2.6537997587454765,7.920792079207921,5.266992320462444,42.77772255727426
AZIL,3,4.059040590405904,11.650485436893204,7.5914448464873,-15.51459249443837
AZMTF,5,5.487804878048781,12.195121951219512,6.7073170731707314,368.6346866633872
AZN,1,2.2900763358778624,8.108108108108109,5.818031772230246,31.394428936759965
AZNCF,1,2.2900763358778624,8.108108108108109,5.818031772230246,33.39549169176742
AZNVF,2,3.2710280373831773,10.625,7.353971962616823,-90.21642484124722
AZNVF,4,1.7482517482517483,11.188811188811188,9.44055944055944,-90.21642484124722
AZO,1,9.79020979020979,17.5,7.70979020979021,50.43331658501488
AZO,7,5.434782608695652,15.217391304347828,9.782608695652176,50.43331658501488
AZPN,3,4.326923076923077,11.496746203904555,7.169823126981479,10.000431470818071
AZPN,6,8.93371757925072,20.0,11.06628242074928,10.000431470818071
AZREF,3,0.5821875387092779,7.07070707070707,6.488519531997792,
AZREF,4,7.07070707070707,14.285714285714285,7.215007215007215,
AZRGF,9,0.3988341770210155,12.857142857142856,12.45830868012184,
AZRH,1,6.666666666666667,15.18987341772152,8.523206751054854,-94.81661823194358
AZRH,9,5.459057071960298,14.156626506024098,8.697569434063801,-94.81661823194358
AZTA,3,4.326923076923077,15.903614457831324,11.576691380908247,150.0972202671736
AZTA,7,10.416666666666668,16.176470588235293,5.759803921568626,150.0972202671736
AZTA,9,2.857142857142857,10.666666666666668,7.80952380952381,150.0972202671736
AZTEF,3,4.53257790368272,11.620294599018004,7.087716695335285,-8.598921514357388
AZUL,4,0.4710975299210593,17.543859649122805,17.072762119201744,
AZUL,8,3.755868544600939,11.728395061728394,7.972526517127455,
AZZ,1,5.1020408163265305,15.384615384615383,10.282574568288853,39.307356673934216
B,3,1.9230769230769231,9.67741935483871,7.754342431761787,-20.91322303482796
B,7,4.296875,10.687022900763358,6.390147900763358,-20.91322303482796
BA,4,4.9079754601227,12.610619469026547,7.702644008903847,-35.41565668875139
BABA,3,6.25,11.496746203904555,5.246746203904555,-14.496278710014115
BABA,5,5.864197530864197,12.910798122065728,7.046600591201531,-14.496278710014115
BABA,8,7.281553398058252,15.774647887323944,8.493094489265692,-14.496278710014115
BABB,3,0.5821875387092779,11.496746203904555,10.914558665195278,-11.68224167611382
BABB,8,5.833333333333333,14.592274678111588,8.758941344778254,-11.68224167611382
BABL,5,5.487804878048781,13.86861313868613,8.38080826063735,599.0384550908441
BABL,9,2.931596091205212,12.23404255319149,9.302446461986278,599.0384550908441
BABLD,5,5.487804878048781,13.86861313868613,8.38080826063735,599.0384550908441
BABLD,9,2.931596091205212,12.23404255319149,9.302446461986278,599.0384550908441
BABWF,4,1.7482517482517483,12.610619469026547,10.862367720774799,-61.72539408140351
BABWF,6,3.0303030303030303,10.869565217391305,7.839262187088274,-61.72539408140351
BACHF,3,4.326923076923077,11.496746203904555,7.169823126981479,-13.3663358156406
BACHF,8,2.832244008714597,9.266409266409266,6.434165257694669,-13.3663358156406
BACHY,3,4.326923076923077,11.496746203904555,7.169823126981479,-14.351669576919065
BACHY,8,2.832244008714597,13.333333333333334,10.501089324618738,-14.351669576919065
BACK,8,0.5016969160395455,11.650485436893204,11.148788520853659,
BADFF,2,2.6537997587454765,11.578947368421051,8.925147609675575,-1.2238812609189738
BAESF,2,2.6537997587454765,12.5,9.846200241254524,10.088471255986638
BAESF,4,4.040404040404041,10.650887573964498,6.6104835335604575,10.088471255986638
BAESY,2,2.6537997587454765,12.5,9.846200241254524,8.119495030294582
BAESY,4,4.040404040404041,10.650887573964498,6.6104835335604575,8.119495030294582
BAGGF,3,7.865168539325842,13.461538461538462,5.596369922212619,0.0
BAH,1,14.7766323024055,27.884615384615387,13.107983082209886,15.635108206889772
BAH,7,5.147058823529411,15.217391304347828,10.070332480818417,15.635108206889772
BAJFF,2,0.6652957542034595,6.097560975609756,5.432265221406297,52.21164079899334
BAJFF,3,6.097560975609756,11.688311688311687,5.590750712701931,52.21164079899334
BAJFF,5,5.333333333333334,10.344827586206897,5.011494252873563,52.21164079899334
BAJFF,9,4.511278195488721,15.517241379310343,11.005963183821622,52.21164079899334
BAK,7,2.9940119760479043,8.51063829787234,5.516626321824436,53.109840606594936
BAKPF,1,6.666666666666667,18.75,12.083333333333332,1354.6159983367777
BAKPF,4,8.571428571428571,14.285714285714285,5.7142857142857135,1354.6159983367777
BAKPF,7,3.3707865168539324,10.024449877750612,6.6536633608966795,1354.6159983367777
BAKPF,9,4.666666666666667,10.989010989010987,6.32234432234432,1354.6159983367777
BALL,2,2.6537997587454765,7.865168539325842,5.211368780580366,25.546312030312407
BALL,5,5.487804878048781,11.926605504587156,6.4388006265383755,25.546312030312407
BALL,8,10.024449877750612,15.774647887323944,5.750198009573332,25.546312030312407
BALY,8,0.5016969160395455,8.035714285714286,7.534017369674741,
BAMKF,4,0.4710975299210593,10.085836909871244,9.614739379950185,
BAMKF,8,0.5016969160395455,6.60377358490566,6.102076668866115,
BAMXF,5,1.0101010101010102,8.181818181818182,7.171717171717171,25.678404476604545
BANC,2,5.387205387205387,12.015503875968992,6.628298488763606,33.314812663501925
BANC,7,0.0,7.051282051282051,7.051282051282051,33.314812663501925
BAND,6,0.4018215912135012,11.891891891891891,11.49007030067839,
BANF,1,5.387205387205387,15.384615384615383,9.997409997409996,6.050075137360608
BANF,7,0.0,7.623318385650224,7.623318385650224,6.050075137360608
BANR,1,0.0,12.849162011173185,12.849162011173185,1.3894140451135637
BANR,7,0.0,7.623318385650224,7.623318385650224,1.3894140451135637
BANX,3,0.966183574879227,11.267605633802818,10.30142205892359,-1.105269842227473
BANX,6,12.761506276150628,20.0,7.238493723849372,-1.105269842227473
BAOB,1,5.421686746987952,17.46031746031746,12.038630713329507,6.613889545277321
BAP,2,2.6537997587454765,8.423913043478262,5.770113284732785,-45.250804465710026
BASA,4,1.6853932584269662,10.650887573964498,8.965494315537532,152.1126741610249
BASFY,4,5.907172995780591,12.610619469026547,6.703446473245956,-1.07214670534942
BATRA,7,3.571428571428571,16.176470588235293,12.605042016806722,
BATRK,7,3.571428571428571,16.176470588235293,12.605042016806722,
BAUFF,5,4.761904761904762,11.604095563139932,6.84219080123517,140.33020411287524
BAUFF,8,2.145922746781116,8.035714285714286,5.889791538933171,140.33020411287524
BAX,5,5.864197530864197,12.910798122065728,7.046600591201531,-3.652323907675515
BAX,7,3.968253968253968,16.176470588235293,12.208216619981325,-3.652323907675515
BAYP,8,0.5016969160395455,9.375,8.873303083960455,-91.64799999445675
BAYRY,2,2.5974025974025974,14.332247557003258,11.734844959600661,-25.25792988070508
BAYRY,4,2.5,8.25242718446602,5.75242718446602,-25.25792988070508
BAYZF,2,2.5974025974025974,14.332247557003258,11.734844959600661,-25.751716967003592
BAYZF,4,2.5,8.25242718446602,5.75242718446602,-25.751716967003592
BB,2,2.6537997587454765,7.865168539325842,5.211368780580366,85.72804529497468
BBAL,1,4.81651376146789,17.5,12.68348623853211,-93.77593374713346
BBAL,5,5.555555555555555,13.958810068649884,8.403254513094328,-93.77593374713346
BBAL,7,1.9230769230769231,9.405940594059404,7.48286367098248,-93.77593374713346
BBAR,3,1.9230769230769231,8.571428571428571,6.648351648351648,-2.402863719149164
BBAR,5,5.181347150259067,12.195121951219512,7.013774800960445,-2.402863719149164
BBBK,1,2.769230769230769,8.484848484848486,5.715617715617717,0.2184996358339278
BBBT,9,5.714285714285714,12.23404255319149,6.519756838905775,42.02737476417956
BBBXF,2,5.447470817120623,11.650485436893204,6.203014619772581,-35.444579364587106
BBBXF,9,6.486486486486487,12.23404255319149,5.747556066705003,-35.444579364587106
BBCP,5,0.4798340033718065,11.604095563139932,11.124261559768126,
BBD,2,2.6537997587454765,8.423913043478262,5.770113284732785,-55.32729823667213
BBD,8,3.755868544600939,8.762886597938143,5.007018053337204,-55.32729823667213
BBDC,2,2.6537997587454765,12.087912087912088,9.434112329166611,8.48443294889521
BBDC,9,2.0905923344947737,11.258278145695364,9.16768581120059,8.48443294889521
BBDO,2,2.6537997587454765,8.423913043478262,5.770113284732785,-58.2752622208256
BBIG,7,0.4524247136999859,6.944444444444445,6.492019730744459,
BBLC,1,4.81651376146789,15.384615384615383,10.568101623147493,-75.84579644527156
BBLC,4,5.323193916349809,10.679611650485436,5.3564177341356265,-75.84579644527156
BBLC,6,3.389830508474576,8.540925266903916,5.151094758429339,-75.84579644527156
BBLKF,1,5.426356589147287,11.67883211678832,6.252475527641033,1235.555548638965
BBLKF,3,5.365853658536586,10.81081081081081,5.444957152274225,1235.555548638965
BBLKF,7,3.571428571428571,9.405940594059404,5.8345120226308325,1235.555548638965
BBLR,5,0.4798340033718065,8.49056603773585,8.010732034364043,-79.79864911047123
BBLR,8,2.832244008714597,13.333333333333334,10.501089324618738,-79.79864911047123
BBMPY,1,0.4216359474762077,11.304347826086955,10.882711878610747,
BBNA,1,10.606060606060606,17.5,6.8939393939393945,-19.68743496146324
BBNA,3,0.5821875387092779,11.650485436893204,11.068297898183927,-19.68743496146324
BBNA,5,0.0,13.958810068649884,13.958810068649884,-19.68743496146324
BBOE,1,5.387205387205387,17.02127659574468,11.634071208539293,66.66666915019367
BBOE,3,7.865168539325842,13.461538461538462,5.596369922212619,66.66666915019367
BBOE,4,13.461538461538462,30.46875,17.00721153846154,66.66666915019367
BBOE,6,2.3255813953488373,8.540925266903916,6.215343871555078,66.66666915019367
BBRRF,8,0.5016969160395455,11.650485436893204,11.148788520853659,
BBRYF,4,5.907172995780591,12.610619469026547,6.703446473245956,-0.7245764090137362
BBSEY,2,2.6537997587454765,8.423913043478262,5.770113284732785,-56.53594765058134
BBSEY,9,6.338028169014084,12.857142857142856,6.519114688128772,-56.53594765058134
BBSI,3,6.336633663366337,15.903614457831324,9.566980794464987,-10.13517206244607
BBSI,6,5.185185185185185,11.891891891891891,6.706706706706706,-10.13517206244607
BBSI,8,4.643962848297214,11.48936170212766,6.845398853830446,-10.13517206244607
BBSRF,1,6.666666666666667,14.457831325301203,7.791164658634536,21.117229452156884
BBTT,1,8.94308943089431,31.03448275862069,22.09139332772638,203.3333327124519
BBTT,9,3.343465045592705,9.210526315789473,5.867061270196768,203.3333327124519
BBU,4,2.5,9.876543209876544,7.376543209876544,
BBU,7,5.58659217877095,16.176470588235293,10.589878409464344,
BBUCQ,1,8.108108108108109,15.060240963855422,6.952132855747314,39.16501744956944
BBUCQ,3,8.423913043478262,15.584415584415584,7.160502540937323,39.16501744956944
BBW,1,5.625,13.541666666666666,7.916666666666666,375.7138846736363
BBW,6,3.896103896103896,16.5266106442577,12.630506748153806,375.7138846736363
BBY,5,3.903903903903904,12.910798122065728,9.006894218161824,49.31155626220874
BC,6,2.366863905325444,16.5266106442577,14.159746738932258,72.34109777692052
BC,9,4.072398190045249,9.210526315789473,5.138128125744224,72.34109777692052
BCAL,1,2.912621359223301,18.75,15.837378640776699,34.23815330750492
BCAL,7,1.7467248908296942,9.266409266409266,7.519684375579572,34.23815330750492
BCAP,2,6.896551724137931,12.015503875968992,5.118952151831062,0.0
BCAUF,8,2.832244008714597,8.125,5.292755991285404,-46.684984068639565
BCBP,3,5.603448275862069,15.903614457831324,10.300166181969255,15.454685433059169
BCBP,6,4.844290657439446,20.0,15.155709342560554,15.454685433059169
BCC,3,4.326923076923077,9.67741935483871,5.350496277915633,57.757344595392304
BCC,9,2.185792349726776,9.210526315789473,7.024733966062696,57.757344595392304
BCCEF,1,4.545454545454546,11.304347826086955,6.758893280632409,668.5345020896564
BCCEF,9,5.714285714285714,12.23404255319149,6.519756838905775,668.5345020896564
BCCI,2,3.3854166666666665,9.523809523809524,6.138392857142858,4.9621491204979815
BCCI,5,1.6666666666666667,6.7669172932330826,5.100250626566416,4.9621491204979815
BCCI,7,3.0,9.523809523809524,6.523809523809524,4.9621491204979815
BCCLF,6,8.653846153846153,20.0,11.346153846153847,
BCDA,3,0.5821875387092779,9.473684210526317,8.89149667181704,-27.55004756795409
BCDA,7,3.8461538461538463,9.523809523809524,5.677655677655677,-27.55004756795409
BCDMF,2,3.2710280373831773,18.0,14.728971962616823,-90.76923063697194
BCDMF,5,0.4798340033718065,12.761506276150628,12.281672272778822,-90.76923063697194
BCDMF,7,3.491271820448877,9.090909090909092,5.599637270460215,-90.76923063697194
BCDRF,4,2.5,12.610619469026547,10.110619469026547,-15.585008531691212
BCDRF,8,5.666666666666666,12.34567901234568,6.6790123456790145,-15.585008531691212
BCDS,3,3.5000000000000004,10.714285714285714,7.2142857142857135,67.03297201291683
BCE,9,3.7593984962406015,14.156626506024098,10.397228009783497,4.8783031071038
BCEKF,2,2.6537997587454765,12.015503875968992,9.361704117223516,-54.16216205906223
BCEKF,6,3.6231884057971016,10.588235294117649,6.965046888320547,-54.16216205906223
BCEXF,3,5.603448275862069,19.480519480519483,13.877071204657414,
BCEXF,5,3.903903903903904,8.93371757925072,5.029813675346816,
BCH,2,2.9702970297029703,8.423913043478262,5.453616013775291,-34.58096330055695
BCHEY,2,3.260869565217391,8.423913043478262,5.163043478260871,-56.11064053966929
BCHEY,7,9.064327485380115,15.217391304347828,6.153063818967713,-56.11064053966929
BCHHF,2,2.5974025974025974,12.015503875968992,9.418101278566395,49.76837340984563
BCHHF,8,3.4552845528455287,11.650485436893204,8.195200884047676,49.76837340984563
BCHMF,1,0.4216359474762077,14.666666666666666,14.245030719190458,373.7945566990687
BCHMF,9,0.3988341770210155,10.15625,9.757415822978984,373.7945566990687
BCHT,1,2.6785714285714284,7.7490774907749085,5.07050606220348,128.70662743201876
BCHT,3,9.523809523809524,15.903614457831324,6.3798049340218,128.70662743201876
BCII,6,0.4018215912135012,6.63265306122449,6.230831470010989,
BCKIF,6,3.896103896103896,10.416666666666668,6.520562770562772,-26.23822769354814
BCKIY,2,0.6652957542034595,6.336633663366337,5.671337909162878,-31.8518548844862
BCLI,3,4.326923076923077,9.523809523809524,5.196886446886447,-15.912063210336374
BCLI,8,7.6923076923076925,13.333333333333334,5.641025641025641,-15.912063210336374
BCLYF,6,6.8181818181818175,16.5266106442577,9.708428826075885,21.776503074592053
BCML,1,6.164383561643835,14.84375,8.679366438356166,-15.143782387191598
BCML,6,8.80281690140845,20.0,11.19718309859155,-15.143782387191598
BCNAY,3,0.5821875387092779,11.620294599018004,11.038107060308727,
BCNAY,6,3.5211267605633805,8.540925266903916,5.0197985063405355,
BCNAY,9,1.9900497512437807,11.452513966480447,9.462464215236666,
BCO,2,4.477611940298507,12.087912087912088,7.6103001476135805,-25.880489038523752
BCO,7,2.0408163265306123,35.13513513513514,33.09431880860453,-25.880489038523752
BCOMF,1,8.108108108108109,17.5,9.391891891891891,82.16303437692838
BCOMF,4,1.7482517482517483,7.100591715976331,5.352339967724583,82.16303437692838
BCOV,3,6.25,15.903614457831324,9.653614457831324,20.509898598889432
BCOW,8,0.5016969160395455,6.315789473684211,5.814092557644665,
BCPC,1,8.108108108108109,15.060240963855422,6.952132855747314,47.98143138727304
BCPC,4,11.496746203904555,30.46875,18.972003796095443,47.98143138727304
BCPC,7,5.454545454545454,16.176470588235293,10.72192513368984,47.98143138727304
BCRD,7,3.3707865168539324,8.51063829787234,5.1398517810184075,-30.591612062916035
BCRX,3,6.336633663366337,11.620294599018004,5.2836609356516675,491.642284057952
BCRX,6,3.896103896103896,11.224489795918368,7.328385899814472,491.642284057952
BCS,6,6.8181818181818175,16.5266106442577,9.708428826075885,23.085941598299804
BCSF,8,0.5016969160395455,8.125,7.6233030839604545,
BCSO,3,0.5821875387092779,7.82608695652174,7.243899417812463,-6.666666666666667
BCSO,8,0.5016969160395455,9.375,8.873303083960455,-6.666666666666667
BCTF,6,8.870967741935484,16.5266106442577,7.655642902322217,-12.32783600281168
BCTX,7,5.555555555555555,11.538461538461538,5.982905982905983,-24.742856706891743
BCTX,9,3.1746031746031744,9.701492537313433,6.526889362710259,-24.742856706891743
BCUCF,2,5.172413793103448,10.714285714285714,5.541871921182265,82.59686466814637
BCUCY,2,5.633802816901409,11.258278145695364,5.624475328793955,74.44347085171653
BCUCY,4,5.325443786982249,12.610619469026547,7.285175682044298,74.44347085171653
BCUCY,9,0.3988341770210155,8.045977011494253,7.647142834473238,74.44347085171653
BCUFF,2,5.633802816901409,14.814814814814811,9.181011997913402,220.31705922898337
BCUFF,8,0.5016969160395455,5.555555555555555,5.05385863951601,220.31705922898337
BCV,3,4.53257790368272,11.620294599018004,7.087716695335285,24.45638601739052
BCV,7,3.3707865168539324,16.176470588235293,12.80568407138136,24.45638601739052
BCV,9,2.857142857142857,10.0,7.142857142857142,24.45638601739052
BCVVF,7,0.4524247136999859,9.550561797752808,9.098137084052823,
BDC,3,0.966183574879227,7.894736842105263,6.928553267226036,8.812800931732315
BDC,7,2.0408163265306123,8.51063829787234,6.469821971341728,8.812800931732315
BDCM,7,5.454545454545454,11.538461538461538,6.083916083916084,8229.411456198643
BDCO,2,3.0534351145038165,8.333333333333332,5.279898218829516,-67.28395185345053
BDCO,9,6.849315068493151,15.66265060240964,8.813335533916488,-67.28395185345053
BDGR,2,0.6652957542034595,6.451612903225806,5.786317149022347,460.0000291037906
BDGR,7,0.4524247136999859,5.833333333333333,5.380908619633347,460.0000291037906
BDGR,9,0.3988341770210155,5.494505494505495,5.09567131748448,460.0000291037906
BDLNF,2,5.387205387205387,11.971830985915492,6.584625598710105,-36.264438035083735
BDLNF,6,6.862745098039216,20.0,13.137254901960784,-36.264438035083735
BDLNF,8,3.937007874015748,11.650485436893204,7.713477562877456,-36.264438035083735
BDN,8,2.877697841726619,8.125,5.247302158273381,-7.893492166909574
BDNNY,3,4.326923076923077,11.620294599018004,7.293371522094928,22.632443753802377
BDNNY,8,4.545454545454546,14.592274678111588,10.046820132657043,22.632443753802377
BDORY,2,2.6537997587454765,8.423913043478262,5.770113284732785,-52.180698749804336
BDORY,8,3.755868544600939,8.762886597938143,5.007018053337204,-52.180698749804336
BDOUY,4,0.4710975299210593,6.976744186046512,6.505646656125452,
BDOUY,5,6.976744186046512,13.958810068649884,6.982065882603372,
BDOUY,8,2.145922746781116,11.180124223602483,9.034201476821368,
BDPT,4,2.5,10.679611650485436,8.179611650485436,-73.20800334828354
BDRAF,6,6.806282722513089,20.0,13.193717277486911,35.212355212355206
BDRBF,6,6.806282722513089,20.0,13.193717277486911,35.749185667752435
BDRFF,5,5.864197530864197,12.910798122065728,7.046600591201531,-4.029170667789357
BDRFF,9,6.849315068493151,12.195121951219512,5.345806882726361,-4.029170667789357
BDRFY,2,4.477611940298507,14.332247557003258,9.854635616704751,-5.1960909411737815
BDRFY,9,6.849315068493151,12.195121951219512,5.345806882726361,-5.1960909411737815
BDRGF,4,1.7482517482517483,12.76595744680851,11.017705698556762,69.6078472728858
BDRGF,8,3.937007874015748,12.5,8.562992125984252,69.6078472728858
BDRL,3,6.334841628959276,15.903614457831324,9.56877282887205,58.88888400461948
BDRSF,6,4.844290657439446,17.80821917808219,12.963928520642744,-33.33333333333355
BDRX,2,0.6652957542034595,6.557377049180328,5.892081294976869,
BDUUY,2,2.5974025974025974,10.95890410958904,8.361501512186443,-24.65975521659221
BDUUY,5,6.698564593301436,13.86861313868613,7.170048545384695,-24.65975521659221
BDUUY,8,9.266409266409266,24.873096446700508,15.606687180291242,-24.65975521659221
BDVC,4,0.4710975299210593,17.543859649122805,17.072762119201744,
BDVSY,1,2.912621359223301,9.333333333333334,6.4207119741100325,-9.225536380310048
BDVSY,3,0.966183574879227,8.24742268041237,7.281239105533143,-9.225536380310048
BDX,1,5.625,12.790697674418606,7.165697674418606,-2.474482764831221
BDX,5,5.864197530864197,12.910798122065728,7.046600591201531,-2.474482764831221
BDX,7,5.434782608695652,15.217391304347828,9.782608695652176,-2.474482764831221
BDX,9,5.555555555555555,11.452513966480447,5.896958410924892,-2.474482764831221
BDYS,1,5.421686746987952,13.513513513513514,8.091826766525562,212.4999999998828
BDYS,8,4.444444444444445,24.873096446700508,20.428652002256065,212.4999999998828
BE,7,0.4524247136999859,9.550561797752808,9.098137084052823,
BEBE,5,0.4798340033718065,6.7669172932330826,6.287083289861276,44.68405161919296
BEBE,9,6.60377358490566,15.66265060240964,9.05887701750398,44.68405161919296
BECN,1,9.79020979020979,17.5,7.70979020979021,50.30706823500096
BECN,4,3.589743589743589,10.650887573964498,7.061143984220909,50.30706823500096
BECN,8,3.937007874015748,10.0,6.062992125984252,50.30706823500096
BEDU,5,0.4798340033718065,7.894736842105263,7.414902838733457,
BEEM,1,4.150943396226415,13.375796178343949,9.224852782117534,394.6558008838592
BEEM,6,4.878048780487805,11.891891891891891,7.0138431114040865,394.6558008838592
BEEM,9,2.0,14.066496163682864,12.066496163682864,394.6558008838592
BEGI,6,3.896103896103896,10.869565217391305,6.973461321287409,5.173216881890462
BEHL,5,0.4798340033718065,9.803921568627452,9.324087565255645,0.0
BEHL,7,8.333333333333332,15.09433962264151,6.7610062893081775,0.0
BEIJF,1,3.787878787878788,14.666666666666666,10.878787878787879,-55.55555831502973
BEIJF,8,2.145922746781116,11.650485436893204,9.504562690112088,-55.55555831502973
BEKAY,3,5.365853658536586,19.480519480519483,14.114665821982896,0.0
BEKSF,2,3.260869565217391,10.95890410958904,7.69803454437165,56.19357297760463
BELDF,7,1.282051282051282,7.4074074074074066,6.125356125356125,9.803920881145997
BELFA,1,4.215456674473068,9.734513274336283,5.519056599863215,16.746688187573476
BELFA,3,4.326923076923077,11.496746203904555,7.169823126981479,16.746688187573476
BELFB,1,4.215456674473068,9.734513274336283,5.519056599863215,-10.92857217156157
BELFB,3,4.326923076923077,11.496746203904555,7.169823126981479,-10.92857217156157
BELFB,7,3.065134099616858,10.687022900763358,7.6218888011465005,-10.92857217156157
BEN,7,2.0408163265306123,7.575757575757576,5.534941249226964,10.150648563123204
BENH,1,0.4216359474762077,6.896551724137931,6.474915776661723,
BENH,6,0.4018215912135012,10.227272727272728,9.825451136059227,
BENH,8,0.5016969160395455,6.315789473684211,5.814092557644665,
BEOB,2,3.3854166666666665,18.0,14.614583333333334,5.847520355292381
BEOB,9,1.98019801980198,11.363636363636363,9.383438343834383,5.847520355292381
BEP,2,3.1630170316301705,8.423913043478262,5.260896011848091,62.92300028000538
BEP,5,5.181347150259067,12.910798122065728,7.729450971806661,62.92300028000538
BEP,8,4.678362573099415,15.774647887323944,11.096285314224529,62.92300028000538
BEPTF,2,3.260869565217391,8.423913043478262,5.163043478260871,-37.52495200918958
BEPTF,7,5.58659217877095,15.217391304347828,9.630799125576878,-37.52495200918958
BERI,2,5.387205387205387,11.971830985915492,6.584625598710105,384.6522804858277
BERI,5,1.6666666666666667,11.475409836065571,9.808743169398905,384.6522804858277
BERY,8,5.88235294117647,11.728395061728394,5.846042120551924,51.17512469293253
BESIY,2,2.6537997587454765,12.087912087912088,9.434112329166611,135.69421068969964
BESIY,8,3.4552845528455287,14.592274678111588,11.13699012526606,135.69421068969964
BEST,5,0.4798340033718065,8.860759493670885,8.380925490299079,
BESVF,1,0.4216359474762077,12.849162011173185,12.427526063696977,280.1461851500495
BESVF,2,12.849162011173185,18.0,5.150837988826815,280.1461851500495
BESVF,6,3.0303030303030303,20.0,16.96969696969697,280.1461851500495
BETRF,4,3.11284046692607,11.11111111111111,7.998270644185041,-81.70854279823139
BETSF,1,0.4216359474762077,7.7490774907749085,7.327441543298701,
BETSF,6,3.7800687285223367,14.634146341463412,10.854077612941076,
BEUT,2,0.6652957542034595,11.9533527696793,11.288057015475841,-97.65624982947
BEVFF,2,2.6537997587454765,14.332247557003258,11.678447798257782,4.050876662224231
BF-A,1,5.421686746987952,13.375796178343949,7.954109431355997,4.411209065804096
BF-A,5,2.380952380952381,8.93371757925072,6.552765198298339,4.411209065804096
BF-A,6,8.93371757925072,20.0,11.06628242074928,4.411209065804096
BF-A,8,4.678362573099415,15.774647887323944,11.096285314224529,4.411209065804096
BF-B,1,5.421686746987952,13.375796178343949,7.954109431355997,5.215589273622747
BF-B,5,2.380952380952381,8.93371757925072,6.552765198298339,5.215589273622747
BF-B,8,4.678362573099415,15.774647887323944,11.096285314224529,5.215589273622747
BFAM,5,3.903903903903904,11.604095563139932,7.700191659236028,0.0891248910760326
BFAM,7,9.064327485380115,15.217391304347828,6.153063818967713,0.0891248910760326
BFC,1,5.625,15.18987341772152,9.56487341772152,2.68879591400638
BFC,8,2.2222222222222223,15.774647887323944,13.552425665101723,2.68879591400638
BFCH,1,9.230769230769232,31.03448275862069,21.803713527851457,379.9547413757999
BFDE,1,0.4216359474762077,12.849162011173185,12.427526063696977,360.0
BFFAF,4,5.907172995780591,12.610619469026547,6.703446473245956,-1.1887925028040165
BFH,6,4.844290657439446,36.03603603603604,31.191745378596593,-12.0518516285954
BFHJ,1,12.149532710280374,17.5,5.350467289719626,1145.2830373684064
BFICQ,6,0.4018215912135012,11.304347826086955,10.902526234873454,
BFIN,5,3.903903903903904,13.958810068649884,10.05490616474598,-6.239831618294529
BFK,5,0.0,6.806282722513089,6.806282722513089,7.125326231732157
BFK,8,2.877697841726619,11.728395061728394,8.850697220001775,7.125326231732157
BFLBF,3,0.5821875387092779,8.24742268041237,7.665235141703093,7.255197271242525
BFLBF,5,3.903903903903904,13.86861313868613,9.964709234782227,7.255197271242525
BFLBF,7,1.7467248908296942,9.352517985611511,7.605793094781817,7.255197271242525
BFNH,4,2.5,9.876543209876544,7.376543209876544,395.6363731691661
BFS,2,4.225352112676056,14.332247557003258,10.106895444327202,-18.005449397254264
BFYW,1,4.150943396226415,11.67883211678832,7.527888720561904,5412.694155721769
BFYW,8,4.294478527607362,9.523809523809524,5.229330996202162,5412.694155721769
BFZ,8,2.145922746781116,11.728395061728394,9.582472314947278,8.786890413493339
BG,6,2.3255813953488373,8.540925266903916,6.215343871555078,49.308003568831296
BGADF,1,4.81651376146789,31.03448275862069,26.217968997152802,-70.87692368637174
BGADF,4,12.82051282051282,20.33898305084746,7.518470230334641,-70.87692368637174
BGAOF,4,2.3255813953488373,10.27027027027027,7.944688874921432,-35.84067696981935
BGAOF,6,0.4018215912135012,10.869565217391305,10.467743626177803,-35.84067696981935
BGAOF,9,5.813953488372093,11.452513966480447,5.638560478108355,-35.84067696981935
BGAOY,5,5.864197530864197,11.926605504587156,6.0624079737229595,-33.15345569478781
BGAOY,8,5.666666666666666,11.650485436893204,5.983818770226538,-33.15345569478781
BGAVF,4,3.589743589743589,10.27027027027027,6.680526680526681,-23.137616647703585
BGAVF,8,4.643962848297214,24.873096446700508,20.229133598403294,-23.137616647703585
BGC,5,4.9079754601227,12.761506276150628,7.853530816027928,-3.440782481310309
BGFV,3,6.097560975609756,11.620294599018004,5.522733623408248,884.7740070731099
BGFV,9,2.185792349726776,7.55813953488372,5.3723471851569435,884.7740070731099
BGI,3,4.53257790368272,11.267605633802818,6.735027730120098,204.24627849199263
BGLAF,1,0.4216359474762077,10.625,10.203364052523792,35.1549156571733
BGLAF,4,2.5,9.649122807017545,7.1491228070175445,35.1549156571733
BGMD,8,5.833333333333333,12.5,6.666666666666667,2.0408167144199325
BGNE,3,0.5821875387092779,8.75,8.167812461290723,
BGNE,6,7.894736842105263,20.0,12.105263157894736,
BGNE,9,3.7593984962406015,12.23404255319149,8.474644056950888,
BGNX,4,0.4710975299210593,7.100591715976331,6.629494186055272,209.9999941792464
BGNX,9,0.3988341770210155,15.517241379310343,15.118407202289328,209.9999941792464
BGOPF,5,0.4798340033718065,8.860759493670885,8.380925490299079,85.48386569573906
BGOUF,2,3.0534351145038165,10.625,7.5715648854961835,53.035049167357535
BGOUF,5,0.4798340033718065,12.910798122065728,12.430964118693922,53.035049167357535
BGPBF,4,0.4710975299210593,12.698412698412698,12.22731516849164,159.08861652444284
BGPBF,8,0.5016969160395455,8.035714285714286,7.534017369674741,159.08861652444284
BGSF,1,9.230769230769232,15.18987341772152,5.959104186952288,-33.575544102202294
BGSF,4,3.589743589743589,10.650887573964498,7.061143984220909,-33.575544102202294
BGSF,6,5.202312138728324,11.891891891891891,6.689579753163567,-33.575544102202294
BGUUF,5,1.0101010101010102,10.1010101010101,9.09090909090909,79900.00023283061
BGUUF,8,5.825242718446602,24.873096446700508,19.047853728253905,79900.00023283061
BH,1,7.784431137724551,12.849162011173185,5.064730873448633,102.78712308863336
BH,6,3.896103896103896,10.869565217391305,6.973461321287409,102.78712308863336
BHB,3,1.9230769230769231,11.267605633802818,9.344528710725895,12.079137473300667
BHB,7,0.0,7.281553398058252,7.281553398058252,12.079137473300667
BHC,5,4.975124378109453,11.926605504587156,6.951481126477703,22.091912415100627
BHC,7,5.147058823529411,17.02127659574468,11.87421777221527,22.091912415100627
BHDB,2,7.6923076923076925,13.286713286713288,5.594405594405596,-18.072289156626507
BHDB,4,0.4710975299210593,5.952380952380952,5.481283422459892,-18.072289156626507
BHDB,9,6.60377358490566,12.195121951219512,5.591348366313852,-18.072289156626507
BHE,3,10.294117647058822,15.903614457831324,5.609496810772502,-13.247317221427238
BHE,7,12.12121212121212,35.13513513513514,23.01392301392302,-13.247317221427238
BHFAL,8,0.7042253521126761,6.363636363636363,5.659411011523687,
BHFAL,9,6.363636363636363,14.066496163682864,7.7028598000465,
BHKLY,3,4.53257790368272,11.620294599018004,7.087716695335285,-11.957594615211892
BHLB,7,0.0,16.176470588235293,16.176470588235293,-10.905216578433912
BHOOY,1,8.108108108108109,15.18987341772152,7.081765309613411,-6.903786437449699
BHOOY,9,4.511278195488721,11.363636363636363,6.852358168147642,-6.903786437449699
