Security,Block,Prev_Quality,New_Quality,Quality_Loss,Final_Return
A,1,16.85082872928177,3.260869565217391,13.589959164064378,108.15683866567647
A,6,12.761506276150628,3.968253968253968,8.79325230789666,108.15683866567647
A,9,9.266409266409266,2.272727272727273,6.993681993681992,108.15683866567647
AA,3,11.18421052631579,4.891304347826087,6.2929061784897025,135.26108523266905
AAALY,2,17.46031746031746,8.98876404494382,8.471553415373638,-25.542750833206124
AAALY,3,8.98876404494382,0.4710975299210593,8.517666515022762,-25.542750833206124
AABB,3,11.971830985915492,2.8735632183908044,9.098267767524687,1619.689372641135
AABB,6,18.0327868852459,10.588235294117649,7.444551591128253,1619.689372641135
AABB,8,9.266409266409266,2.185792349726776,7.080616916682489,1619.689372641135
AABVF,6,12.761506276150628,5.58659217877095,7.174914097379679,306.6666679084305
AACAF,2,18.75,11.18421052631579,7.565789473684211,-13.591085111101492
AACAF,4,15.903614457831324,5.864197530864197,10.039416926967128,-13.591085111101492
AACAY,2,18.75,11.18421052631579,7.565789473684211,-23.567729741152608
AACAY,4,15.903614457831324,5.864197530864197,10.039416926967128,-23.567729741152608
AACG,1,19.047619047619047,5.387205387205387,13.66041366041366,28.934287653606525
AACG,3,9.523809523809524,3.11284046692607,6.410969056883454,28.934287653606525
AACG,7,10.869565217391305,2.145922746781116,8.723642470610189,28.934287653606525
AACS,1,14.7766323024055,8.21917808219178,6.557454220213721,47.27272552410477
AACS,4,15.584415584415584,4.975124378109453,10.609291206306132,47.27272552410477
AACS,7,12.5,7.042253521126761,5.457746478873239,47.27272552410477
AAGC,1,19.047619047619047,12.790697674418606,6.256921373200441,1376.1904851003037
AAGC,4,10.256410256410255,4.132231404958678,6.124178851451577,1376.1904851003037
AAGFF,2,27.884615384615387,7.865168539325842,20.019446845289544,86.48332152444657
AAGFF,4,13.461538461538462,2.941176470588235,10.520361990950226,86.48332152444657
AAGFF,6,18.0327868852459,8.21917808219178,9.813608803054121,86.48332152444657
AAGFF,8,10.024449877750612,3.937007874015748,6.087442003734864,86.48332152444657
AAGH,1,8.88888888888889,2.9702970297029703,5.918591859185919,772.7056374058545
AAGIY,1,9.79020979020979,2.6537997587454765,7.1364100314643135,17.903351618244333
AAGIY,7,11.224489795918368,4.605263157894736,6.6192266380236315,17.903351618244333
AAGIY,9,9.266409266409266,2.4242424242424243,6.842166842166842,17.903351618244333
AAIGF,1,9.79020979020979,2.6537997587454765,7.1364100314643135,18.66638790591053
AAIGF,7,11.224489795918368,4.605263157894736,6.6192266380236315,18.66638790591053
AAIGF,9,9.266409266409266,2.4242424242424243,6.842166842166842,18.66638790591053
AAIIQ,2,12.0,6.097560975609756,5.902439024390244,-67.84565927953473
AAL,2,17.46031746031746,4.326923076923077,13.133394383394382,-28.15840028491575
AAMAF,6,7.777777777777778,2.419354838709677,5.358422939068101,-70.30901314426188
AAME,3,10.714285714285714,4.891304347826087,5.822981366459627,80.30954255193019
AAME,8,9.090909090909092,3.5000000000000004,5.590909090909092,80.30954255193019
AAMTF,1,12.093023255813954,3.260869565217391,8.832153690596563,28.86363608654866
AAMTF,8,35.13513513513514,9.523809523809524,25.61132561132561,28.86363608654866
AAMTF,9,9.523809523809524,3.7593984962406015,5.764411027568922,28.86363608654866
AAOI,2,15.18987341772152,6.557377049180328,8.632496368541192,-32.34013832585939
AAON,1,11.304347826086955,3.658536585365853,7.645811240721102,40.51058396036584
AAON,3,12.087912087912088,5.907172995780591,6.180739092131496,40.51058396036584
AAON,5,9.649122807017545,3.896103896103896,5.7530189109136485,40.51058396036584
AAON,9,15.774647887323944,2.4242424242424243,13.35040546308152,40.51058396036584
AAP,2,17.5,6.334841628959276,11.165158371040725,28.648819920001245
AAP,8,15.217391304347828,5.172413793103448,10.04497751124438,28.648819920001245
AAPI,1,9.230769230769232,3.0534351145038165,6.177334116265415,-36.17021211837416
AAPI,8,11.538461538461538,5.172413793103448,6.36604774535809,-36.17021211837416
AAPL,6,11.475409836065571,5.555555555555555,5.919854280510016,135.91643956855697
AAPL,8,15.217391304347828,4.666666666666667,10.55072463768116,135.91643956855697
AAPT,3,6.451612903225806,0.4710975299210593,5.980515373304747,23414.286277654373
AAPT,8,10.493827160493826,4.62962962962963,5.864197530864196,23414.286277654373
AASP,4,11.267605633802818,5.376344086021505,5.891261547781313,34.504131106769826
AASP,7,16.5266106442577,2.832244008714597,13.694366635543105,34.504131106769826
AAT,3,14.332247557003258,6.0,8.332247557003258,-19.99578974313443
AAT,5,30.46875,2.272727272727273,28.196022727272727,-19.99578974313443
AATC,2,15.18987341772152,6.336633663366337,8.853239754355183,55.40712555475163
AATC,4,11.620294599018004,2.941176470588235,8.679118128429769,55.40712555475163
AATC,8,9.550561797752808,3.508771929824561,6.041789867928246,55.40712555475163
AATGF,2,10.625,0.5821875387092779,10.042812461290723,256.60000445793105
AATGF,6,11.604095563139932,6.086956521739131,5.517139041400801,256.60000445793105
AATGF,7,6.086956521739131,0.5016969160395455,5.585259605699585,256.60000445793105
AATRL,1,9.230769230769232,3.260869565217391,5.969899665551841,18.100041118321617
AATV,1,12.587412587412588,5.084745762711865,7.502666824700723,39.450982775426056
AATV,3,11.9533527696793,2.3255813953488373,9.627771374330463,39.450982775426056
AAUAF,1,8.333333333333332,2.6537997587454765,5.679533574587856,-40.24577741384662
AAUAF,4,9.67741935483871,3.4246575342465757,6.252761820592134,-40.24577741384662
AAUKF,4,11.496746203904555,4.9079754601227,6.588770743781855,41.55494750672908
AAUKF,7,10.227272727272728,3.4552845528455287,6.7719881744272,41.55494750672908
AAUKF,9,14.592274678111588,4.761904761904762,9.830369916206827,41.55494750672908
AAVVF,1,10.981308411214954,2.9702970297029703,8.011011381511985,219.7837088510599
AAVVF,4,11.620294599018004,5.952380952380952,5.667913646637053,219.7837088510599
AAVXF,6,13.86861313868613,4.487179487179487,9.381433651506644,
AAVXF,9,11.180124223602483,1.9417475728155336,9.23837665078695,
AB,1,16.85082872928177,2.6537997587454765,14.197028970536293,76.90983368915883
AB,8,16.176470588235293,2.0905923344947737,14.08587825374052,76.90983368915883
ABAT,4,21.03004291845493,5.487804878048781,15.54223804040615,
ABAT,9,11.180124223602483,3.1358885017421603,8.044235721860323,
ABBNY,3,12.087912087912088,5.907172995780591,6.180739092131496,66.17969426540652
ABBV,6,11.604095563139932,5.82010582010582,5.7839897430341125,41.72991788990662
ABBY,3,14.332247557003258,4.040404040404041,10.291843516599219,-97.64150952785808
ABBY,5,17.543859649122805,8.181818181818182,9.362041467304623,-97.64150952785808
ABCB,2,17.5,7.920792079207921,9.57920792079208,23.93284896799408
ABCB,4,11.620294599018004,4.9079754601227,6.712319138895304,23.93284896799408
ABCB,7,20.0,7.281553398058252,12.718446601941748,23.93284896799408
ABCB,8,7.281553398058252,2.0905923344947737,5.190961063563478,23.93284896799408
ABCE,3,14.332247557003258,1.6853932584269662,12.646854298576292,-97.762468290065
ABCE,7,11.304347826086955,2.877697841726619,8.426649984360337,-97.762468290065
ABCFF,1,12.587412587412588,2.9702970297029703,9.617115557709617,95.45454976479871
ABCFF,6,13.86861313868613,6.25,7.618613138686131,95.45454976479871
ABCP,2,12.244897959183673,6.349206349206349,5.895691609977324,10.397668568916
ABCZF,2,17.5,9.243697478991598,8.256302521008402,36.88770227924779
ABCZF,7,16.5266106442577,10.0,6.526610644257701,36.88770227924779
ABEO,2,11.67883211678832,4.326923076923077,7.351909039865243,-55.80808080808081
ABEO,4,11.496746203904555,5.952380952380952,5.544365251523604,-55.80808080808081
ABEV,1,12.048192771084338,2.6537997587454765,9.394393012338861,-38.929439501382525
ABEV,4,15.903614457831324,5.181347150259067,10.722267307572256,-38.929439501382525
ABG,1,9.79020979020979,3.0534351145038165,6.736774675705973,96.91249410152818
ABG,5,30.46875,3.5211267605633805,26.94762323943662,96.91249410152818
ABGOF,1,8.98876404494382,2.6537997587454765,6.334964286198344,577.7523102353399
ABGOF,3,14.332247557003258,8.73015873015873,5.602088826844529,577.7523102353399
ABGOF,5,12.698412698412698,3.6231884057971016,9.075224292615596,577.7523102353399
ABGOF,9,8.035714285714286,2.702702702702702,5.333011583011585,577.7523102353399
ABGSF,2,12.244897959183673,6.349206349206349,5.895691609977324,110.26191062269052
ABILF,2,11.304347826086955,5.603448275862069,5.700899550224886,-92.08095375146904
ABLT,7,16.5266106442577,9.266409266409266,7.2602013778484356,-62.37915090374106
ABLT,9,11.650485436893204,4.3478260869565215,7.3026593499366825,-62.37915090374106
ABLZF,3,12.087912087912088,5.907172995780591,6.180739092131496,70.59449259938492
ABM,1,11.304347826086955,3.2710280373831773,8.033319788703778,23.32708931919681
ABM,4,15.903614457831324,10.679611650485436,5.224002807345888,23.32708931919681
ABM,5,10.679611650485436,4.761904761904762,5.917706888580674,23.32708931919681
ABMBF,3,11.9533527696793,2.702702702702702,9.250650066976599,24.19354854215577
ABMC,2,17.5,6.25,11.25,-36.01819777855874
ABMC,4,8.571428571428571,0.4798340033718065,8.091594568056765,-36.01819777855874
ABMC,6,8.93371757925072,0.4524247136999859,8.481292865550735,-36.01819777855874
ABMT,3,11.9533527696793,4.3478260869565215,7.605526682722779,63.016390727496095
ABNAF,3,11.971830985915492,2.702702702702702,9.26912828321279,-41.14309474352594
ABNAF,6,13.958810068649884,2.9940119760479043,10.96479809260198,-41.14309474352594
ABPR,2,15.060240963855422,6.557377049180328,8.502863914675094,-65.79804715200382
ABPR,5,8.641975308641975,3.389830508474576,5.2521448001673985,-65.79804715200382
ABR,5,12.76595744680851,5.185185185185185,7.580772261623325,39.69636023244955
ABR,9,11.48936170212766,4.9079754601227,6.581386242004959,39.69636023244955
ABSCF,3,11.971830985915492,3.690036900369003,8.281794085546489,
ABSCF,5,12.610619469026547,5.555555555555555,7.055063913470992,
ABSCF,8,9.090909090909092,3.5000000000000004,5.590909090909092,
ABSOF,9,14.592274678111588,2.8169014084507045,11.775373269660884,
ABSSF,2,12.244897959183673,5.365853658536586,6.879044300647087,409.0207113694114
ABSSF,7,11.612903225806452,4.643962848297214,6.968940377509238,409.0207113694114
ABT,1,11.447811447811448,2.5974025974025974,8.85040885040885,43.77997069302605
ABT,6,12.761506276150628,6.63265306122449,6.1288532149261385,43.77997069302605
ABT,8,10.024449877750612,3.7593984962406015,6.265051381510011,43.77997069302605
ABTI,8,10.493827160493826,2.7649769585253456,7.728850201968481,53.22834330517452
ABTS,2,14.457831325301203,4.059040590405904,10.3987907348953,298.9682398611867
ABTS,5,9.090909090909092,3.636363636363636,5.454545454545456,298.9682398611867
ABTS,7,10.869565217391305,3.937007874015748,6.9325573433755565,298.9682398611867
ABTZY,7,9.747292418772563,4.225352112676056,5.521940306096507,-2.4469713875526176
ABTZY,9,8.762886597938143,2.967359050445104,5.795527547493039,-2.4469713875526176
ABUS,1,19.047619047619047,2.6537997587454765,16.393819288873573,366.66667194725534
ABUS,8,10.0,3.947368421052632,6.052631578947368,366.66667194725534
ABVC,2,12.790697674418606,6.315789473684211,6.474908200734395,-61.20574482957541
ABVC,3,6.315789473684211,0.4710975299210593,5.844691943763151,-61.20574482957541
ABVN,5,11.519607843137257,3.6231884057971016,7.896419437340155,
ABWN,5,10.085836909871244,3.636363636363636,6.449473273507608,
ABZPY,1,12.093023255813954,0.6652957542034595,11.427727501610494,-19.714282807849703
AC,8,10.493827160493826,2.0905923344947737,8.403234825999052,
ACAD,1,11.447811447811448,5.7324840764331215,5.715327371378327,-58.91534614376225
ACAI,9,15.774647887323944,4.329004329004329,11.445643558319615,-43.84422154183609
ACAN,2,18.75,12.5,6.25,20.04095874925251
ACAN,3,12.5,5.323193916349809,7.176806083650191,20.04095874925251
ACAZF,2,17.46031746031746,11.18421052631579,6.276106934001669,14.925375391577123
ACAZF,3,11.18421052631579,5.172413793103448,6.011796733212341,14.925375391577123
ACAZF,6,12.761506276150628,2.9940119760479043,9.767494300102724,14.925375391577123
ACBD,8,13.47517730496454,5.813953488372093,7.661223816592447,
ACCFF,8,10.024449877750612,3.2085561497326207,6.815893728017992,9.351499961614977
ACCO,4,15.584415584415584,3.903903903903904,11.68051168051168,-10.621343248442306
ACCO,8,8.056872037914692,2.857142857142857,5.199729180771834,-10.621343248442306
ACCYY,1,14.7766323024055,2.6537997587454765,12.122832543660024,-13.377221446221336
ACDSF,6,12.910798122065728,6.944444444444445,5.966353677621283,-3.5186761293366224
ACDSF,9,13.333333333333334,6.666666666666667,6.666666666666667,-3.5186761293366224
ACEHF,2,27.884615384615387,10.95890410958904,16.925711275026345,-41.66666511446233
ACEHF,3,10.95890410958904,5.128205128205128,5.830698981383913,-41.66666511446233
ACEHF,7,8.333333333333332,0.7042253521126761,7.629107981220656,-41.66666511446233
ACEHF,9,15.774647887323944,2.8169014084507045,12.95774647887324,-41.66666511446233
ACET,8,7.6923076923076925,1.9900497512437807,5.702257941063912,
ACEYY,8,9.266409266409266,0.0,9.266409266409266,217.96610043467345
ACFN,3,14.332247557003258,2.631578947368421,11.700668609634837,136.882127748005
ACFN,5,10.085836909871244,3.389830508474576,6.696006401396668,136.882127748005
ACFN,7,10.588235294117649,4.643962848297214,5.944272445820435,136.882127748005
ACFN,9,12.258064516129032,7.142857142857142,5.11520737327189,136.882127748005
ACGBF,1,10.126582278481012,2.6537997587454765,7.472782519735535,-16.86746609852956
ACGBF,7,10.227272727272728,3.4552845528455287,6.7719881744272,-16.86746609852956
ACGBY,1,10.126582278481012,2.6537997587454765,7.472782519735535,-16.64213434389809
ACGBY,5,10.085836909871244,3.076923076923077,7.008913832948167,-16.64213434389809
ACGBY,7,10.227272727272728,3.4552845528455287,6.7719881744272,-16.64213434389809
ACGBY,9,9.266409266409266,2.2535211267605635,7.012888139648702,-16.64213434389809
ACGL,3,14.332247557003258,9.019607843137257,5.312639713866002,-5.568791533132823
ACGX,6,13.86861313868613,8.540925266903916,5.327687871782215,-26.272759480365654
ACGX,9,12.34567901234568,3.1358885017421603,9.20979051060352,-26.272759480365654
ACGYF,5,12.610619469026547,3.896103896103896,8.71451557292265,-21.999998092651367
ACHC,1,16.85082872928177,5.7324840764331215,11.118344652848648,103.62710803183452
ACHFF,3,11.9533527696793,2.631578947368421,9.32177382231088,94.66143945996434
ACHFF,7,20.0,9.266409266409266,10.733590733590734,94.66143945996434
ACHFF,8,9.266409266409266,2.931596091205212,6.3348131752040535,94.66143945996434
ACHV,2,12.244897959183673,5.365853658536586,6.879044300647087,-70.32786854276902
ACIC,1,19.047619047619047,9.734513274336283,9.313105773282764,-69.1823898666748
ACIC,7,20.0,7.6923076923076925,12.307692307692307,-69.1823898666748
ACITF,2,15.18987341772152,0.5821875387092779,14.607685879012243,38.461549042244926
ACIU,6,8.181818181818182,2.0408163265306123,6.14100185528757,
ACIW,9,11.728395061728394,4.761904761904762,6.966490299823632,-1.5388059045578066
ACJJF,2,14.84375,6.349206349206349,8.494543650793652,0.0
ACJJF,4,10.638297872340424,0.4798340033718065,10.158463868968617,0.0
ACJJF,9,5.459057071960298,0.3528468323977546,5.106210239562543,0.0
ACKDF,4,15.903614457831324,8.26086956521739,7.642744892613933,-8.18457433686288
ACKRF,3,11.9533527696793,4.891304347826087,7.062048421853214,110.29412098241824
ACKRF,5,7.344632768361582,0.4018215912135012,6.942811177148081,110.29412098241824
ACLS,1,13.636363636363637,5.633802816901409,8.002560819462229,150.2550516362457
ACLS,6,8.80281690140845,3.065134099616858,5.737682801791593,150.2550516362457
ACLS,9,9.266409266409266,2.272727272727273,6.993681993681992,150.2550516362457
ACLTF,3,6.336633663366337,0.4710975299210593,5.865536133445278,11.660159279387992
ACLTF,6,8.860759493670885,3.065134099616858,5.795625394054028,11.660159279387992
ACLTF,9,6.60377358490566,0.3528468323977546,6.2509267525079055,11.660159279387992
ACMB,3,10.625,0.4710975299210593,10.153902470078942,
ACMB,7,9.747292418772563,4.72972972972973,5.017562689042833,
ACMDY,9,13.333333333333334,4.3478260869565215,8.985507246376812,
ACMR,7,11.891891891891891,6.722689075630252,5.169202816261639,
ACMR,9,11.48936170212766,3.1358885017421603,8.3534732003855,
ACMT,5,12.698412698412698,6.806282722513089,5.892129975899609,15.53273484046522
ACMTA,4,11.496746203904555,2.272727272727273,9.224018931177282,6.068397109393307
ACN,6,12.761506276150628,1.7467248908296942,11.014781385320934,75.62393036739982
ACNB,2,18.75,8.423913043478262,10.326086956521738,-17.463842354350234
ACNB,8,10.024449877750612,0.3988341770210155,9.625615700729597,-17.463842354350234
ACNDF,1,10.981308411214954,2.5974025974025974,8.383905813812357,-10.75455367089766
ACNDF,5,8.47457627118644,0.4018215912135012,8.072754679972938,-10.75455367089766
ACNE,7,11.304347826086955,4.444444444444445,6.859903381642511,73.3333407839149
ACNFF,3,18.0,2.3255813953488373,15.674418604651162,2.6745354215386103
ACNFF,9,15.774647887323944,4.3478260869565215,11.426821800367422,2.6745354215386103
ACNI,1,8.333333333333332,0.6652957542034595,7.668037579129873,-50.98038935949404
ACNI,4,11.650485436893204,5.952380952380952,5.698104484512252,-50.98038935949404
ACNI,9,15.774647887323944,4.0,11.774647887323944,-50.98038935949404
ACNV,5,16.666666666666664,3.6231884057971016,13.043478260869563,
ACNV,7,16.5266106442577,4.225352112676056,12.301258531581645,
ACOPF,7,20.0,3.4552845528455287,16.54471544715447,-46.844514890912
ACPS,2,12.0,6.097560975609756,5.902439024390244,0.0
ACPS,3,6.097560975609756,0.4710975299210593,5.626463445688697,0.0
ACPS,6,11.604095563139932,3.571428571428571,8.032666991711361,0.0
ACR,8,11.76470588235294,2.3622047244094486,9.402501157943492,-53.47481969663208
ACRB,2,17.46031746031746,8.695652173913043,8.764665286404416,-90.01663871272181
ACRB,9,9.266409266409266,2.702702702702702,6.563706563706564,-90.01663871272181
ACRE,2,17.5,4.326923076923077,13.173076923076923,-0.4095690820546743
ACRE,4,11.267605633802818,5.376344086021505,5.891261547781313,-0.4095690820546743
ACRFF,1,14.7766323024055,2.6537997587454765,12.122832543660024,-17.037744636587572
ACRG,5,14.285714285714285,3.636363636363636,10.649350649350648,63.69230838922353
ACRL,5,11.519607843137257,5.907172995780591,5.612434847356665,
ACRL,9,24.873096446700508,14.066496163682864,10.806600283017644,
ACRS,2,14.84375,9.243697478991598,5.6000525210084025,
ACRS,5,10.650887573964498,2.4390243902439024,8.211863183720595,
ACSAF,9,13.333333333333334,2.2535211267605635,11.07981220657277,-33.459415028435714
ACSAY,5,11.519607843137257,4.958677685950414,6.560930157186843,
ACSAY,9,13.333333333333334,2.2535211267605635,11.07981220657277,
ACSYF,3,8.98876404494382,0.4710975299210593,8.517666515022762,101.75438431381409
ACSYF,6,8.722741433021806,0.4524247136999859,8.270316719321821,101.75438431381409
ACSYF,9,12.258064516129032,4.444444444444445,7.813620071684587,101.75438431381409
ACTG,4,11.620294599018004,1.6666666666666667,9.953627932351338,146.56750721066163
ACTG,9,11.48936170212766,1.9417475728155336,9.547614129312127,146.56750721066163
ACTL,7,10.588235294117649,4.545454545454546,6.042780748663103,19.999999999985
ACTX,2,18.75,7.920792079207921,10.82920792079208,-90.77499036555932
ACTX,8,10.493827160493826,5.459057071960298,5.034770088533528,-90.77499036555932
ACU,1,10.476190476190476,3.260869565217391,7.215320910973086,62.139677568374985
ACU,5,12.610619469026547,4.844290657439446,7.766328811587101,62.139677568374985
ACUR,1,16.85082872928177,5.387205387205387,11.463623342076382,58.09035875577639
ACUR,3,12.015503875968992,3.690036900369003,8.325466975599989,58.09035875577639
ACWRF,7,10.227272727272728,2.832244008714597,7.395028718558132,
ACXIF,1,16.85082872928177,7.575757575757576,9.275071153524193,66.84406592824065
ACXIF,9,14.592274678111588,1.4035087719298245,13.188765906181764,66.84406592824065
ADAD,3,10.75268817204301,4.891304347826087,5.861383824216923,
ADAP,7,10.588235294117649,4.72972972972973,5.858505564387919,
ADBE,9,15.774647887323944,9.32642487046632,6.448223016857623,115.08288345205672
ADC,3,11.9533527696793,6.0,5.9533527696793005,-12.579484846674143
ADCV,1,8.108108108108109,0.6652957542034595,7.44281235390465,
ADD,5,11.519607843137257,3.896103896103896,7.6235039470333605,-78.10004223987511
ADDDF,1,16.85082872928177,9.333333333333334,7.517495395948435,0.4303125372071297
ADDDF,4,15.903614457831324,6.976744186046512,8.926870271784813,0.4303125372071297
ADDYY,1,16.85082872928177,9.333333333333334,7.517495395948435,0.5257659077896285
ADDYY,4,15.903614457831324,6.976744186046512,8.926870271784813,0.5257659077896285
ADEA,1,11.447811447811448,2.6537997587454765,8.794011689065972,-9.647000192798224
ADEA,4,11.496746203904555,2.702702702702702,8.794043501201854,-9.647000192798224
ADEA,7,9.45945945945946,3.4552845528455287,6.004174906613931,-9.647000192798224
ADEA,9,11.728395061728394,0.7633587786259541,10.965036283102439,-9.647000192798224
ADERY,3,8.96551724137931,0.4710975299210593,8.494419711458251,19.230316481626904
ADERY,7,8.21917808219178,2.832244008714597,5.386934073477184,19.230316481626904
ADFJF,5,12.698412698412698,2.3255813953488373,10.37283130306386,40.00000627417321
ADFS,5,17.543859649122805,3.389830508474576,14.154029140648229,-94.31792680403164
ADGO,6,12.761506276150628,6.666666666666667,6.094839609483961,-95.28301905571612
ADHC,6,13.86861313868613,5.555555555555555,8.313057583130576,27.393878815765248
ADHI,2,18.75,6.557377049180328,12.192622950819672,2.989306002404467
ADI,7,12.12121212121212,7.042253521126761,5.078958600085358,54.89389155568286
ADI,9,13.333333333333334,2.4242424242424243,10.90909090909091,54.89389155568286
ADIA,7,16.5266106442577,5.88235294117647,10.64425770308123,-82.90598217461334
ADKIL,8,9.523809523809524,0.3988341770210155,9.124975346788508,
ADLI,3,9.230769230769232,3.11284046692607,6.117928763843162,-96.15384626147858
ADLRF,3,12.015503875968992,5.128205128205128,6.8872987477638645,-38.49489261397176
ADM,8,10.024449877750612,3.508771929824561,6.515677947926051,51.7545150609848
ADMA,2,15.384615384615383,4.326923076923077,11.057692307692307,-75.19828529360014
ADMA,7,20.0,10.687022900763358,9.312977099236642,-75.19828529360014
ADMA,8,10.687022900763358,4.072398190045249,6.614624710718109,-75.19828529360014
ADMG,4,10.638297872340424,2.702702702702702,7.935595169637722,450.4761994304037
ADMG,9,24.873096446700508,2.702702702702702,22.170393743997806,450.4761994304037
ADMT,3,14.814814814814811,1.6853932584269662,13.129421556387845,-39.24731197870873
ADMT,5,9.876543209876544,3.896103896103896,5.980439313772648,-39.24731197870873
ADMT,7,11.891891891891891,3.755868544600939,8.136023347290951,-39.24731197870873
ADOOY,5,11.519607843137257,2.272727272727273,9.246880570409983,49.77745004458498
ADP,2,9.333333333333334,0.966183574879227,8.367149758454106,24.65031855413659
ADP,4,21.03004291845493,3.903903903903904,17.12613901455103,24.65031855413659
ADPPF,8,9.550561797752808,3.508771929824561,6.041789867928246,
ADPXY,3,14.814814814814811,6.0,8.814814814814811,58.70896696545695
ADRGF,2,18.75,4.53257790368272,14.21742209631728,92.99516650483883
ADRGF,7,11.612903225806452,4.225352112676056,7.387551113130396,92.99516650483883
ADRNY,1,14.7766323024055,6.521739130434782,8.254893171970718,32.615479776712
ADRNY,7,16.5266106442577,6.722689075630252,9.803921568627448,32.615479776712
ADRZF,1,9.79020979020979,3.0534351145038165,6.736774675705973,10.169493560596928
ADRZF,7,10.588235294117649,4.643962848297214,5.944272445820435,10.169493560596928
ADRZY,1,10.981308411214954,3.260869565217391,7.720438845997563,31.55465649637022
ADRZY,5,9.090909090909092,2.366863905325444,6.724045185583648,31.55465649637022
ADSK,1,16.85082872928177,4.477611940298507,12.373216788983262,96.85441811739987
ADSK,9,14.592274678111588,1.4035087719298245,13.188765906181764,96.85441811739987
ADST,3,8.96551724137931,0.4710975299210593,8.494419711458251,0.0
ADST,5,8.641975308641975,0.4018215912135012,8.240153717428473,0.0
ADST,7,16.5266106442577,5.88235294117647,10.64425770308123,0.0
ADST,9,9.375,0.3528468323977546,9.022153167602246,0.0
ADSV,1,10.981308411214954,3.1630170316301705,7.8182913795847835,322.4952670102398
ADSV,7,10.227272727272728,3.4552845528455287,6.7719881744272,322.4952670102398
ADSV,9,14.592274678111588,4.329004329004329,10.263270349107259,322.4952670102398
ADTN,3,11.9533527696793,4.615384615384616,7.337968154294685,98.77417327029602
ADTR,6,12.910798122065728,5.607476635514018,7.3033214865517095,25.00000277179358
ADTTF,5,17.543859649122805,6.0606060606060606,11.483253588516744,218.20561774423192
ADTTF,6,6.0606060606060606,0.4524247136999859,5.608181346906075,218.20561774423192
ADUS,4,11.496746203904555,5.369127516778524,6.127618687126032,-7.219269607792059
ADUS,8,15.217391304347828,7.575757575757576,7.641633728590252,-7.219269607792059
ADVM,1,11.76470588235294,5.084745762711865,6.679960119641075,-69.04291317985887
ADVOF,5,11.519607843137257,4.844290657439446,6.675317185697811,107.67999246271329
ADVOF,9,11.48936170212766,2.702702702702702,8.786658999424958,107.67999246271329
ADVT,2,14.84375,6.349206349206349,8.494543650793652,-87.34177191581878
ADVT,5,10.085836909871244,3.389830508474576,6.696006401396668,-87.34177191581878
ADVT,7,8.540925266903916,3.4552845528455287,5.085640714058387,-87.34177191581878
ADWPF,7,20.0,4.225352112676056,15.774647887323944,-36.44465244564683
ADXDF,7,10.227272727272728,4.72972972972973,5.497542997542999,267.7999821884553
ADXRF,2,18.75,7.865168539325842,10.884831460674157,66.666672875484
ADXRF,9,9.58904109589041,1.1494252873563218,8.43961580853409,66.666672875484
ADYX,9,11.728395061728394,4.3478260869565215,7.380568974771872,-98.37586148194202
ADYYF,9,8.125,2.967359050445104,5.157640949554896,
AE,1,14.7766323024055,5.109489051094891,9.667143251310609,4.839615331680468
AE,3,14.332247557003258,4.054054054054054,10.278193502949204,4.839615331680468
AE,9,9.523809523809524,1.9417475728155336,7.582061950993991,4.839615331680468
AEBZY,7,10.227272727272728,3.4552845528455287,6.7719881744272,-27.85714353833879
AECFF,9,5.777777777777778,0.3528468323977546,5.424930945380023,
AECX,1,8.108108108108109,0.6652957542034595,7.44281235390465,3540.0000042574766
AEE,3,9.230769230769232,3.589743589743589,5.641025641025642,6.998469844392392
AEE,6,12.910798122065728,3.065134099616858,9.84566402244887,6.998469844392392
AEE,8,9.266409266409266,3.7593984962406015,5.507010770168664,6.998469844392392
AEG,7,16.5266106442577,3.755868544600939,12.770742099656761,16.613345571572644
AEGXF,4,11.620294599018004,5.181347150259067,6.438947448758937,13.542737970348004
AEGY,3,8.571428571428571,0.4710975299210593,8.100331041507513,0.0
AEHL,1,9.79020979020979,3.1630170316301705,6.6271927585796195,22.759856405701807
AEHR,5,11.188811188811188,3.389830508474576,7.798980680336612,719.1143543581413
AEIS,9,14.592274678111588,2.272727272727273,12.319547405384315,57.12450668717198
AEM,1,19.047619047619047,6.521739130434782,12.525879917184266,-6.178163782564608
AEMMF,7,6.666666666666667,0.5016969160395455,6.1649697506271215,-46.74403259725173
AEMMY,2,15.18987341772152,8.96551724137931,6.22435617634221,23.93800262933809
AEMMY,4,7.82608695652174,0.4798340033718065,7.346252953149934,23.93800262933809
AEMMY,7,10.227272727272728,4.225352112676056,6.001920614596672,23.93800262933809
AEO,2,12.849162011173185,6.962025316455696,5.887136694717489,62.5829879877714
AEO,4,9.67741935483871,1.6666666666666667,8.010752688172044,62.5829879877714
AEO,7,16.5266106442577,7.623318385650224,8.903292258607477,62.5829879877714
AEO,9,6.363636363636363,0.7633587786259541,5.600277585010409,62.5829879877714
AEOXF,1,14.814814814814811,0.6652957542034595,14.149519060611352,-26.95013594953981
AEOXF,7,10.869565217391305,4.72972972972973,6.139835487661575,-26.95013594953981
AEP,3,11.9533527696793,3.589743589743589,8.363609179935711,-12.104278559261516
AEP,5,11.519607843137257,0.0,11.519607843137257,-12.104278559261516
AEPLF,7,8.21917808219178,0.5016969160395455,7.7174811661522345,14.754100154721936
AEPT,3,9.70873786407767,1.7482517482517483,7.960486115825921,-61.50582708693908
AER,1,16.85082872928177,3.658536585365853,13.192292143915916,4.213541826045546
AER,8,16.176470588235293,3.508771929824561,12.667698658410732,4.213541826045546
AERN,1,8.94308943089431,0.6652957542034595,8.27779367669085,0.0
AERN,3,10.75268817204301,0.4710975299210593,10.281590642121952,0.0
AERN,5,10.606060606060606,3.6231884057971016,6.982872200263504,0.0
AERN,7,10.869565217391305,0.5016969160395455,10.36786830135176,0.0
AERS,5,10.606060606060606,3.6231884057971016,6.982872200263504,234.1389723761457
AES,4,11.267605633802818,6.122448979591836,5.1451566542109815,39.53405152011876
AES,9,15.774647887323944,4.761904761904762,11.012743125419181,39.53405152011876
AESO,2,6.896551724137931,0.5821875387092779,6.314364185428653,1450.0000836734955
AESO,6,13.86861313868613,4.838709677419355,9.029903461266777,1450.0000836734955
AETHF,9,9.375,0.7633587786259541,8.611641221374047,
AEXAY,6,12.910798122065728,3.5211267605633805,9.389671361502348,
AEXE,2,12.244897959183673,6.336633663366337,5.908264295817336,-25.925926524756854
AEXFF,5,11.519607843137257,5.907172995780591,5.612434847356665,-19.99999441206428
AEYE,3,10.294117647058822,3.11284046692607,7.181277180132753,247.4744296264232
AEYE,5,10.27027027027027,3.389830508474576,6.880439761795694,247.4744296264232
AEYE,9,9.266409266409266,3.1358885017421603,6.130520764667105,247.4744296264232
AFCL,3,6.097560975609756,0.4710975299210593,5.626463445688697,900.0
AFCL,7,18.181818181818183,4.444444444444445,13.737373737373739,900.0
AFDG,2,14.457831325301203,6.336633663366337,8.121197661934866,2389.9999757856576
AFFL,3,8.571428571428571,0.4710975299210593,8.100331041507513,1900.0001455190527
AFFL,7,7.207207207207207,0.5016969160395455,6.705510291167662,1900.0001455190527
AFFN,2,13.541666666666666,4.411764705882353,9.129901960784313,99900.0002910375
AFFS,2,13.375796178343949,6.349206349206349,7.0265898291376,
AFG,1,16.85082872928177,10.625,6.225828729281769,26.320020933723463
AFG,2,10.625,4.326923076923077,6.298076923076923,26.320020933723463
AFG,5,12.610619469026547,3.79746835443038,8.813151114596167,26.320020933723463
AFG,7,9.064327485380115,3.571428571428571,5.492898913951544,26.320020933723463
AFGVF,8,9.550561797752808,0.3988341770210155,9.151727620731792,0.0
AFGVY,3,10.625,3.11284046692607,7.51215953307393,10.98155021458844
AFGVY,7,10.227272727272728,2.2222222222222223,8.005050505050505,10.98155021458844
AFIIQ,4,7.894736842105263,1.0101010101010102,6.884635832004252,
AFIIQ,8,10.024449877750612,4.072398190045249,5.952051687705364,
AFL,2,9.734513274336283,0.966183574879227,8.768329699457055,0.6657596202780333
AFL,7,16.5266106442577,3.571428571428571,12.95518207282913,0.6657596202780333
AFLYY,3,11.9533527696793,3.11284046692607,8.84051230275323,-56.40649363436812
AFLYY,6,12.910798122065728,3.491271820448877,9.419526301616852,-56.40649363436812
AFMD,1,12.093023255813954,5.7324840764331215,6.360539179380832,106.07217481426184
AFMD,5,10.606060606060606,4.761904761904762,5.844155844155844,106.07217481426184
AFMD,9,11.48936170212766,3.7593984962406015,7.729963205887058,106.07217481426184
AFMJF,6,12.910798122065728,6.140350877192982,6.770447244872746,391.1764830918052
AFML,6,8.653846153846153,1.282051282051282,7.371794871794871,800.0000072759125
AFNL,6,13.86861313868613,3.0,10.86861313868613,116.00000000000004
AFOM,6,8.80281690140845,3.491271820448877,5.311545080959573,
AFPW,2,12.0,0.5821875387092779,11.417812461290723,280.00001018629763
AFPW,9,7.377049180327869,1.7241379310344829,5.6529112492933855,280.00001018629763
AFRAF,3,13.286713286713288,3.11284046692607,10.173872819787219,-53.20582715876958
AFRAF,6,12.910798122065728,7.051282051282051,5.859516070783677,-53.20582715876958
AFRAF,9,11.728395061728394,5.0,6.728395061728394,-53.20582715876958
AFRMF,4,11.496746203904555,5.952380952380952,5.544365251523604,975.2688508004152
AFRMF,9,12.258064516129032,2.8169014084507045,9.441163107678328,975.2688508004152
AFSIA,1,16.85082872928177,7.575757575757576,9.275071153524193,6.256821876813941
AFSIA,2,7.575757575757576,0.5821875387092779,6.993570037048299,6.256821876813941
AFSIB,2,7.575757575757576,0.5821875387092779,6.993570037048299,
AFSIC,1,11.447811447811448,3.260869565217391,8.186941882594057,12.004184809570798
AFYG,4,11.650485436893204,4.0,7.650485436893204,-3.633733046924628
AFYG,6,10.1010101010101,4.62962962962963,5.471380471380471,-3.633733046924628
AG,1,19.047619047619047,5.447470817120623,13.600148230498425,10.0420459683141
AG,3,12.015503875968992,2.702702702702702,9.31280117326629,10.0420459683141
AGAE,7,16.5266106442577,10.024449877750612,6.502160766507089,
AGAE,9,11.728395061728394,4.66321243523316,7.0651826264952335,
AGCCF,1,19.047619047619047,10.625,8.422619047619047,115.7407395526338
AGCCF,3,14.814814814814811,4.891304347826087,9.923510466988724,115.7407395526338
AGCCF,7,16.5266106442577,4.294478527607362,12.23213211665034,115.7407395526338
AGCO,1,10.981308411214954,5.7324840764331215,5.248824334781832,67.82877481164422
AGCO,9,13.333333333333334,2.4242424242424243,10.90909090909091,67.82877481164422
AGCZ,9,12.5,1.1494252873563218,11.350574712643677,-39.37008011442054
AGDXF,2,13.924050632911392,6.6115702479338845,7.3124803849775075,44.33332593449301
AGDY,3,11.650485436893204,3.690036900369003,7.960448536524201,78.67713792412691
AGDY,7,16.5266106442577,7.042253521126761,9.484357123130941,78.67713792412691
AGDY,9,24.873096446700508,7.55813953488372,17.314956911816786,78.67713792412691
AGEN,1,13.636363636363637,5.109489051094891,8.526874585268747,118.27572170713488
AGEN,7,9.747292418772563,3.4552845528455287,6.292007865927035,118.27572170713488
AGEN,9,10.084033613445378,2.469135802469136,7.614897810976242,118.27572170713488
AGESF,3,8.571428571428571,1.7482517482517483,6.823176823176823,-16.841729380192152
AGESF,5,9.649122807017545,2.272727272727273,7.376395534290271,-16.841729380192152
AGESF,7,10.227272727272728,4.643962848297214,5.5833098789755145,-16.841729380192152
AGESF,9,15.774647887323944,4.9079754601227,10.866672427201244,-16.841729380192152
AGESY,2,17.5,5.603448275862069,11.89655172413793,-16.098240898986916
AGESY,7,16.5266106442577,3.755868544600939,12.770742099656761,-16.098240898986916
AGFAF,9,7.142857142857142,1.9417475728155336,5.201109570041609,
AGFMF,2,7.6923076923076925,0.966183574879227,6.726124117428466,38.08558623407212
AGFMF,6,13.958810068649884,3.491271820448877,10.467538248201006,38.08558623407212
AGGG,8,10.687022900763358,5.263157894736842,5.423865006026516,
AGGHF,9,7.142857142857142,1.9417475728155336,5.201109570041609,
AGGI,7,16.5266106442577,4.643962848297214,11.882647795960487,372.10359370744646
AGGZF,4,15.903614457831324,5.369127516778524,10.534486941052801,-26.601923322582188
AGI,6,8.98876404494382,3.491271820448877,5.497492224494944,43.64640470719179
AGIN,3,8.571428571428571,1.7482517482517483,6.823176823176823,919.2156492866012
AGIO,1,10.476190476190476,5.109489051094891,5.366701425095585,38.36596787741223
AGLDF,2,17.02127659574468,7.865168539325842,9.156108056418837,
AGLDF,4,11.496746203904555,4.878048780487805,6.618697423416751,
AGLXY,5,12.610619469026547,6.8181818181818175,5.79243765084473,-67.93802132752262
AGLXY,9,24.873096446700508,4.329004329004329,20.54409211769618,-67.93802132752262
AGM,7,16.5266106442577,4.643962848297214,11.882647795960487,32.68926860921965
AGM-A,7,16.5266106442577,4.643962848297214,11.882647795960487,38.47481824833428
AGMH,8,17.02127659574468,2.931596091205212,14.08968050453947,
AGMJF,6,11.926605504587156,1.7467248908296942,10.179880613757462,31.88410127134698
AGNC,6,8.870967741935484,3.065134099616858,5.8058336423186265,-3.184483842928136
AGNC,9,12.34567901234568,2.702702702702702,9.642976309642979,-3.184483842928136
AGNY,2,9.090909090909092,0.5821875387092779,8.508721552199814,309.83605596270195
AGO,9,15.774647887323944,3.8461538461538463,11.928494041170097,2.354200923423706
AGOAF,3,14.332247557003258,7.428571428571429,6.9036761284318295,-13.571431707514868
AGOAF,6,13.86861313868613,1.9230769230769231,11.945536215609208,-13.571431707514868
AGOAF,9,12.34567901234568,2.967359050445104,9.378319961900576,-13.571431707514868
AGPYY,1,15.584415584415584,5.172413793103448,10.412001791312136,-35.76187010728415
AGPYY,5,7.100591715976331,0.4018215912135012,6.69877012476283,-35.76187010728415
AGPYY,7,10.227272727272728,4.643962848297214,5.5833098789755145,-35.76187010728415
AGR,6,12.910798122065728,5.454545454545454,7.456252667520274,
AGRDF,1,8.98876404494382,0.6652957542034595,8.323468290740362,64.34714128142109
AGRDF,4,11.620294599018004,4.975124378109453,6.645170220908551,64.34714128142109
AGREF,5,9.395973154362416,3.389830508474576,6.00614264588784,1600.0000223517418
AGREF,9,15.774647887323944,3.125,12.649647887323944,1600.0000223517418
AGRO,1,8.98876404494382,2.6537997587454765,6.334964286198344,47.33874936326507
AGRPF,7,9.747292418772563,0.5016969160395455,9.245595502733018,0.0
AGRPF,9,5.777777777777778,0.3528468323977546,5.424930945380023,0.0
AGRPY,1,12.048192771084338,3.260869565217391,8.787323205866947,-8.372245531909549
AGRPY,5,12.195121951219512,4.0,8.195121951219512,-8.372245531909549
AGRPY,7,9.064327485380115,3.937007874015748,5.127319611364367,-8.372245531909549
AGRS,2,31.03448275862069,11.258278145695364,19.776204612925326,25.000003637979614
AGRS,5,16.666666666666664,5.555555555555555,11.111111111111109,25.000003637979614
AGRS,7,16.5266106442577,4.273504273504273,12.253106370753429,25.000003637979614
AGRUF,2,13.924050632911392,5.263157894736842,8.66089273817455,10.822735535894417
AGRUF,5,10.27027027027027,0.4018215912135012,9.868448679056769,10.822735535894417
AGRUF,9,24.873096446700508,12.195121951219512,12.677974495480996,10.822735535894417
AGS,8,15.217391304347828,6.486486486486487,8.73090481786134,
AGSS,7,16.5266106442577,5.263157894736842,11.263452749520859,33636.53894090793
AGSVF,5,10.27027027027027,3.7800687285223367,6.4902015417479335,-47.45850634807077
AGTEF,4,21.03004291845493,6.8181818181818175,14.211861100273115,-14.79392078417288
AGTEF,6,8.93371757925072,3.8461538461538463,5.087563733096873,-14.79392078417288
AGX,2,12.244897959183673,1.9230769230769231,10.32182103610675,13.210495428502488
AGX,4,15.903614457831324,3.903903903903904,11.99971055392742,13.210495428502488
AGX,9,11.48936170212766,2.2123893805309733,9.276972321596686,13.210495428502488
AGXKF,8,17.02127659574468,11.180124223602483,5.841152372142197,-3.02857058388846
AGYP,3,11.578947368421051,4.040404040404041,7.538543328017011,12104.258875935337
AGYS,2,15.060240963855422,1.9230769230769231,13.137164040778499,106.89912179092514
AGYS,4,10.714285714285714,5.454545454545454,5.259740259740259,106.89912179092514
AGYTF,2,17.5,0.5821875387092779,16.917812461290723,170.0000008765389
AGZNF,2,17.5,4.57516339869281,12.92483660130719,
AGZNF,4,7.6923076923076925,0.0,7.6923076923076925,
AHAHF,7,6.086956521739131,0.5016969160395455,5.585259605699585,
AHCHF,1,10.126582278481012,2.6537997587454765,7.472782519735535,-7.891636473666402
AHCHF,7,16.5266106442577,4.605263157894736,11.921347486362965,-7.891636473666402
AHCHF,9,15.774647887323944,1.910828025477707,13.863819861846236,-7.891636473666402
AHCHY,1,10.126582278481012,2.6537997587454765,7.472782519735535,-9.239857170343194
AHCHY,7,16.5266106442577,4.605263157894736,11.921347486362965,-9.239857170343194
AHCHY,9,15.774647887323944,2.4242424242424243,13.35040546308152,-9.239857170343194
AHELF,1,20.833333333333336,3.2710280373831773,17.562305295950157,41896.99921660295
AHELF,3,18.867924528301888,12.82051282051282,6.047411707789069,41896.99921660295
AHELF,6,18.0327868852459,11.891891891891891,6.14089499335401,41896.99921660295
AHELF,7,11.891891891891891,3.4552845528455287,8.436607339046363,41896.99921660295
AHEXF,2,12.244897959183673,5.365853658536586,6.879044300647087,-7.087466194437637
AHEXY,1,14.7766323024055,5.7324840764331215,9.044148225972378,-11.77644016203548
AHEXY,5,9.395973154362416,3.5211267605633805,5.874846393799036,-11.77644016203548
AHEXY,9,14.592274678111588,7.947019867549669,6.645254810561919,-11.77644016203548
AHFCF,3,9.70873786407767,3.11284046692607,6.5958973971515995,266.6666728754841
AHFD,3,8.695652173913043,0.4710975299210593,8.224554643991985,754.0000458384857
AHFD,6,13.958810068649884,7.207207207207207,6.751602861442676,754.0000458384857
AHFD,8,7.4074074074074066,0.3988341770210155,7.008573230386391,754.0000458384857
AHFI,8,11.76470588235294,3.508771929824561,8.255933952528379,402810.013244426
AHH,1,14.7766323024055,9.734513274336283,5.042119028069218,-25.97181995160277
AHH,3,12.087912087912088,6.0,6.087912087912088,-25.97181995160277
AHIX,1,9.230769230769232,3.260869565217391,5.969899665551841,-55.97777824652047
AHIX,3,9.70873786407767,4.3478260869565215,5.360911777121148,-55.97777824652047
AHIX,7,10.588235294117649,5.05050505050505,5.537730243612598,-55.97777824652047
AHIX,9,14.592274678111588,3.125,11.467274678111588,-55.97777824652047
AHKSY,1,14.7766323024055,5.084745762711865,9.691886539693636,-3.407844679588011
AHNR,3,11.9533527696793,6.0,5.9533527696793005,136.36363913451356
AHNR,7,14.634146341463412,5.755395683453238,8.878750658010173,136.36363913451356
AHODF,3,13.286713286713288,7.894736842105263,5.391976444608026,30.492324867146856
AHODF,7,16.5266106442577,6.722689075630252,9.803921568627448,30.492324867146856
AHOTF,8,10.024449877750612,2.185792349726776,7.838657528023836,-34.48967678371046
AHPIQ,7,12.5,4.643962848297214,7.856037151702786,422.1295229352187
AHPIQ,9,9.523809523809524,4.444444444444445,5.079365079365079,422.1295229352187
AHRO,2,17.46031746031746,9.230769230769232,8.229548229548227,-96.72651920294632
AHRO,7,14.634146341463412,7.4074074074074066,7.226738934056005,-96.72651920294632
AHT,4,6.334841628959276,1.0101010101010102,5.324740618858265,-94.76652881594048
AHT,8,8.056872037914692,2.857142857142857,5.199729180771834,-94.76652881594048
AIABF,3,10.625,0.4710975299210593,10.153902470078942,-62.93650728699903
AIAD,2,18.75,4.57516339869281,14.17483660130719,418.4263004750903
AIAD,6,13.958810068649884,4.296875,9.661935068649884,418.4263004750903
AIAGF,2,15.060240963855422,5.365853658536586,9.694387305318838,118.3622870123376
AIAGF,7,9.747292418772563,0.5016969160395455,9.245595502733018,118.3622870123376
AIAGY,2,15.18987341772152,8.96551724137931,6.22435617634221,47.33991779777004
AIAGY,4,7.82608695652174,0.4798340033718065,7.346252953149934,47.33991779777004
AIBGY,9,8.125,2.967359050445104,5.157640949554896,
AICAF,1,10.126582278481012,3.260869565217391,6.865712713263621,-25.54347935240071
AICAF,5,11.519607843137257,4.958677685950414,6.560930157186843,-25.54347935240071
AICAF,9,14.592274678111588,1.4035087719298245,13.188765906181764,-25.54347935240071
AIDA,3,9.523809523809524,4.054054054054054,5.469755469755469,-58.94909649090992
AIDA,5,12.76595744680851,6.289308176100629,6.476649270707881,-58.94909649090992
AIDA,8,10.493827160493826,4.511278195488721,5.982548965005105,-58.94909649090992
AIFF,2,7.6923076923076925,0.5821875387092779,7.110120153598414,1945.333346162019
AIFF,5,11.188811188811188,4.761904761904762,6.426906426906426,1945.333346162019
AIFLY,2,14.84375,6.944444444444445,7.899305555555555,41.0256441606652
AIFLY,3,6.944444444444445,1.6853932584269662,5.259051186017478,41.0256441606652
AIFLY,7,10.869565217391305,2.832244008714597,8.037321208676708,41.0256441606652
AIFS,3,11.258278145695364,2.631578947368421,8.626699198326943,-40.14084695043415
AIG,2,12.849162011173185,6.336633663366337,6.512528347806848,5.80331994031441
AIKO,2,15.18987341772152,6.349206349206349,8.84066706851517,-97.80123120096395
AIKO,4,8.75,0.4798340033718065,8.270165996628194,-97.80123120096395
AIKO,7,9.45945945945946,4.273504273504273,5.185955185955186,-97.80123120096395
AILIH,3,13.286713286713288,2.8735632183908044,10.413150068322484,1.0844060674644314
AILIM,1,19.047619047619047,0.6652957542034595,18.38232329341559,0.0197986565013923
AILIM,7,5.82010582010582,0.5016969160395455,5.318408904066274,0.0197986565013923
AILIM,9,6.338028169014084,0.3528468323977546,5.985181336616329,0.0197986565013923
AILIN,2,10.625,5.263157894736842,5.361842105263158,-1.8600006103515625
AILIN,8,11.76470588235294,3.937007874015748,7.827698008337192,-1.8600006103515625
AILLM,4,7.82122905027933,2.272727272727273,5.548501777552056,0.1551912087589746
AILLN,3,18.0,8.73015873015873,9.26984126984127,3.238614526125461
AILLN,6,12.195121951219512,2.419354838709677,9.775767112509836,3.238614526125461
AILLN,8,13.47517730496454,4.666666666666667,8.808510638297872,3.238614526125461
AILLO,6,8.870967741935484,1.7467248908296942,7.12424285110579,-1.810997772216794
AILQF,7,9.747292418772563,2.2222222222222223,7.525070196550341,59.07885865213645
AIM,4,10.81081081081081,4.975124378109453,5.835686432701357,247.7477520242274
AIMFF,4,11.650485436893204,4.9079754601227,6.742509976770504,39.284383662251
AIMLF,4,19.480519480519483,5.952380952380952,13.52813852813853,389.366326666933
AIN,7,17.80821917808219,10.687022900763358,7.121196277318832,-4.912614984651398
AIN,8,10.687022900763358,5.555555555555555,5.131467345207803,-4.912614984651398
AINSF,6,12.910798122065728,4.487179487179487,8.42361863488624,61.57323602722433
AIOT,3,13.286713286713288,4.411764705882353,8.874948580830935,10.122049282986296
AIPG,3,10.75268817204301,5.128205128205128,5.624483043837882,-94.09055154411088
AIPG,5,10.679611650485436,2.3255813953488373,8.354030255136598,-94.09055154411088
AIPG,7,12.5,7.042253521126761,5.457746478873239,-94.09055154411088
AIPG,9,24.873096446700508,4.329004329004329,20.54409211769618,-94.09055154411088
AIPUF,6,8.722741433021806,0.4524247136999859,8.270316719321821,34.02060968790517
AIPUF,9,24.873096446700508,0.3528468323977546,24.520249614302752,34.02060968790517
AIPUY,2,10.625,0.5821875387092779,10.042812461290723,-25.437759961452244
AIPUY,4,19.480519480519483,5.333333333333334,14.147186147186149,-25.437759961452244
AIPUY,7,10.227272727272728,3.4552845528455287,6.7719881744272,-25.437759961452244
AIQUF,1,16.85082872928177,7.575757575757576,9.275071153524193,28.276839961156963
AIQUF,3,14.332247557003258,2.5,11.832247557003258,28.276839961156963
AIQUY,1,14.7766323024055,3.260869565217391,11.51576273718811,24.90090021534041
AIQUY,3,14.332247557003258,8.73015873015873,5.602088826844529,24.90090021534041
AIR,1,10.981308411214954,3.0534351145038165,7.927873296711137,-18.647800941230688
AIRG,8,10.024449877750612,3.1746031746031744,6.849846703147438,
AIRI,7,11.224489795918368,4.294478527607362,6.930011268311006,-9.458298310949315
AIRRF,2,15.060240963855422,9.230769230769232,5.829471733086191,-55.71086241903527
AIRRF,4,15.903614457831324,10.085836909871244,5.81777754796008,-55.71086241903527
AIRRF,6,11.604095563139932,3.065134099616858,8.538961463523075,-55.71086241903527
AIRRF,8,13.47517730496454,2.185792349726776,11.289384955237763,-55.71086241903527
AIRT,3,11.18421052631579,3.690036900369003,7.494173625946786,42.94081622766062
AIRT,8,17.02127659574468,2.185792349726776,14.835484246017904,42.94081622766062
AIRYY,1,10.126582278481012,3.260869565217391,6.865712713263621,-25.43505300285558
AIRYY,9,14.592274678111588,0.7633587786259541,13.828915899485633,-25.43505300285558
AIT,5,30.46875,8.0,22.46875,64.17571710592898
AIT,8,16.176470588235293,4.072398190045249,12.104072398190045,64.17571710592898
AITVF,1,15.584415584415584,7.7490774907749085,7.835338093640676,241.3994106037825
AITVF,5,5.952380952380952,0.4018215912135012,5.55055936116745,241.3994106037825
AIV,3,11.18421052631579,6.0,5.184210526315789,-2.412604669730756
AIV,6,11.475409836065571,3.065134099616858,8.410275736448714,-2.412604669730756
AIV,8,15.217391304347828,3.7593984962406015,11.457992808107226,-2.412604669730756
AIVAF,5,12.610619469026547,6.8181818181818175,5.79243765084473,1.6122977855768332
AIVN,1,19.047619047619047,8.484848484848486,10.562770562770561,194.16961557366216
AIXXF,7,11.891891891891891,3.937007874015748,7.954884017876143,137.6809143878193
AIZ,2,17.5,6.336633663366337,11.163366336633663,27.02040603654939
AIZ,8,10.0,2.0905923344947737,7.909407665505226,27.02040603654939
AJG,7,20.0,10.687022900763358,9.312977099236642,68.94270890102823
AJINY,4,21.03004291845493,0.0,21.03004291845493,53.28110606565559
AJLGF,3,18.0,7.07070707070707,10.92929292929293,-75.8662503335484
AJMPF,5,5.864197530864197,0.4018215912135012,5.462375939650696,-26.299118096408986
AJMPF,9,14.592274678111588,6.25,8.342274678111588,-26.299118096408986
AJOY,4,10.309278350515465,4.975124378109453,5.334153972406011,-4.444443543016151
AJX,1,14.814814814814811,5.7324840764331215,9.082330738381689,
AJX,6,12.761506276150628,3.065134099616858,9.696372176533771,
AJYG,4,7.07070707070707,0.4798340033718065,6.590873067335264,
AJYG,7,10.227272727272728,2.832244008714597,7.395028718558132,
AKAAF,5,10.085836909871244,4.0,6.085836909871244,69.06423335173073
AKAM,1,10.981308411214954,4.477611940298507,6.503696470916447,16.100678508772575
AKAM,4,8.571428571428571,2.702702702702702,5.868725868725869,16.100678508772575
AKBA,2,13.924050632911392,7.920792079207921,6.003258553703471,-30.785099392513747
AKBA,3,7.920792079207921,2.631578947368421,5.2892131318394995,-30.785099392513747
AKBA,6,12.761506276150628,3.491271820448877,9.27023445570175,-30.785099392513747
AKBIF,6,6.0606060606060606,0.4524247136999859,5.608181346906075,-23.874774188354515
AKBLF,3,11.9533527696793,5.323193916349809,6.630158853329491,100.04204132866184
AKBLF,6,12.761506276150628,3.225806451612903,9.535699824537726,100.04204132866184
AKBLF,8,16.176470588235293,5.617977528089887,10.558493060145405,100.04204132866184
AKBTY,3,12.015503875968992,4.054054054054054,7.961449821914938,-47.19485990371075
AKO-A,2,18.75,0.966183574879227,17.783816425120772,-31.55390786245112
AKO-A,4,15.903614457831324,3.4246575342465757,12.478956923584748,-31.55390786245112
AKO-A,6,7.894736842105263,2.419354838709677,5.475382003395586,-31.55390786245112
AKO-A,9,10.0,4.66321243523316,5.33678756476684,-31.55390786245112
AKO-B,2,18.75,0.966183574879227,17.783816425120772,-29.43092976026121
AKO-B,4,9.67741935483871,3.4246575342465757,6.252761820592134,-29.43092976026121
AKO-B,6,7.894736842105263,2.419354838709677,5.475382003395586,-29.43092976026121
AKO-B,9,11.180124223602483,4.66321243523316,6.516911788369323,-29.43092976026121
AKR,8,16.176470588235293,2.0905923344947737,14.08587825374052,-26.40798392257781
AKRBF,5,30.46875,8.93371757925072,21.535032420749282,20.766582527168943
AKRFF,8,9.550561797752808,2.857142857142857,6.69341894060995,-5.655293762998244
AKRRF,3,11.258278145695364,1.6853932584269662,9.572884887268398,34.625753517403226
AKRYY,5,8.26086956521739,0.4018215912135012,7.859047974003889,
AKRYY,7,8.21917808219178,0.5016969160395455,7.7174811661522345,
AKTS,5,12.76595744680851,5.907172995780591,6.858784451027919,
AKTS,9,24.873096446700508,11.258278145695364,13.614818301005144,
AKTX,2,15.060240963855422,6.944444444444445,8.115796519410978,-4.538700364220297
AKVA,3,10.714285714285714,3.11284046692607,7.601445247359644,-44.28152482657332
AKVA,8,9.352517985611511,4.040404040404041,5.312113945207471,-44.28152482657332
AKZOF,1,14.7766323024055,3.260869565217391,11.51576273718811,26.74534338721354
AKZOF,7,20.0,7.4074074074074066,12.592592592592593,26.74534338721354
AKZOY,1,14.7766323024055,2.6537997587454765,12.122832543660024,17.090109223017432
AKZOY,7,20.0,7.6923076923076925,12.307692307692307,17.090109223017432
AL,1,16.85082872928177,4.477611940298507,12.373216788983262,-6.786865181672195
AL,6,12.761506276150628,3.3707865168539324,9.390719759296696,-6.786865181672195
AL,8,8.653846153846153,2.0905923344947737,6.563253819351379,-6.786865181672195
ALB,1,8.108108108108109,2.6537997587454765,5.454308349362632,230.1356480007329
ALB,6,11.604095563139932,3.225806451612903,8.378289111527028,230.1356480007329
ALBT,9,12.34567901234568,2.8169014084507045,9.528777603894977,
ALBY,1,11.447811447811448,5.172413793103448,6.275397654708,22.592425449306404
ALBY,3,10.294117647058822,2.5,7.7941176470588225,22.592425449306404
ALBY,6,12.910798122065728,6.086956521739131,6.823841600326597,22.592425449306404
ALCO,6,11.604095563139932,3.065134099616858,8.538961463523075,5.864027503242614
ALDA,8,9.352517985611511,3.2085561497326207,6.1439618358788906,30.617427950818893
ALDX,1,14.7766323024055,5.7324840764331215,9.044148225972378,49.9227743932505
ALE,3,9.230769230769232,3.589743589743589,5.641025641025642,-30.931992069273623
ALE,6,13.958810068649884,3.065134099616858,10.893675969033026,-30.931992069273623
ALEC,9,11.650485436893204,1.4035087719298245,10.24697666496338,
ALFFF,7,16.5266106442577,4.10958904109589,12.41702160316181,-21.66105687289178
ALFVF,6,12.910798122065728,5.58659217877095,7.324205943294778,85.32144955255893
ALG,1,14.814814814814811,3.260869565217391,11.55394524959742,16.749563242656517
ALG,4,11.267605633802818,3.903903903903904,7.363701729898914,16.749563242656517
ALG,7,11.224489795918368,5.88235294117647,5.342136854741898,16.749563242656517
ALGGY,1,9.79020979020979,3.0534351145038165,6.736774675705973,-7.099427979616476
ALGGY,9,11.728395061728394,6.179775280898876,5.548619780829518,-7.099427979616476
ALGN,8,16.176470588235293,6.565656565656567,9.610814022578726,190.5188413273804
ALGT,2,10.625,4.53257790368272,6.09242209631728,27.21118645127773
ALITF,2,15.384615384615383,4.326923076923077,11.057692307692307,37.37499565382814
ALITF,8,9.352517985611511,1.9900497512437807,7.36246823436773,37.37499565382814
ALIZF,3,7.920792079207921,2.5,5.420792079207921,-5.920572896362006
ALIZY,3,7.920792079207921,2.5,5.420792079207921,-6.786271734880948
ALK,8,7.4074074074074066,2.0,5.4074074074074066,-11.550091965608726
ALKEF,6,11.475409836065571,5.555555555555555,5.919854280510016,21.41453765473641
ALKS,2,12.244897959183673,6.336633663366337,5.908264295817336,66.4505542085982
ALKS,5,10.679611650485436,4.844290657439446,5.83532099304599,66.4505542085982
ALLE,1,10.981308411214954,3.658536585365853,7.322771825849101,22.117760212272696
ALLE,7,20.0,7.6923076923076925,12.307692307692307,22.117760212272696
ALLE,9,11.48936170212766,5.88235294117647,5.60700876095119,22.117760212272696
ALLY,1,8.108108108108109,2.5974025974025974,5.510705510705511,71.17596982270207
ALME,3,11.578947368421051,1.6853932584269662,9.893554109994085,19.999999999985
ALME,9,11.347517730496454,0.3528468323977546,10.9946708980987,19.999999999985
ALMMF,6,13.958810068649884,5.970149253731343,7.988660814918541,138.70967673709563
ALMTF,6,11.604095563139932,3.932584269662921,7.67151129347701,33.26287752696524
ALMTF,8,9.352517985611511,3.1746031746031744,6.177914811008337,33.26287752696524
ALNPF,7,6.140350877192982,0.5016969160395455,5.6386539611534365,-32.7557332430024
ALNPF,9,12.258064516129032,0.3528468323977546,11.905217683731278,-32.7557332430024
ALNPY,2,13.541666666666666,6.334841628959276,7.20682503770739,-24.453953711623168
ALNPY,7,36.03603603603604,4.605263157894736,31.4307728781413,-24.453953711623168
ALNPY,9,11.180124223602483,3.7593984962406015,7.420725727361882,-24.453953711623168
ALNT,1,11.304347826086955,2.9702970297029703,8.334050796383984,31.159577799516
ALNT,5,30.46875,11.926605504587156,18.542144495412842,31.159577799516
ALNT,6,11.926605504587156,5.921052631578947,6.0055528730082095,31.159577799516
ALNT,8,16.176470588235293,2.0,14.176470588235293,31.159577799516
ALNY,1,14.814814814814811,5.109489051094891,9.70532576371992,121.81849602924416
ALNY,6,8.860759493670885,3.0,5.860759493670885,121.81849602924416
ALOD,3,14.814814814814811,2.5,12.314814814814811,19.16667240982272
ALOT,1,10.476190476190476,3.2710280373831773,7.2051624388072995,-3.2308849788348537
ALOT,3,10.75268817204301,2.702702702702702,8.049985469340308,-3.2308849788348537
ALOT,9,11.650485436893204,4.444444444444445,7.206040992448759,-3.2308849788348537
ALPE,3,13.286713286713288,5.323193916349809,7.963519370363479,-73.81770636781751
ALPMF,4,11.267605633802818,4.975124378109453,6.292481255693365,1.5399995266852402
ALPMF,8,15.217391304347828,5.172413793103448,10.04497751124438,1.5399995266852402
ALPMY,4,11.267605633802818,4.975124378109453,6.292481255693365,4.959039029313543
ALPMY,8,15.217391304347828,5.172413793103448,10.04497751124438,4.959039029313543
ALPP,8,35.13513513513514,6.60377358490566,28.531361550229477,
ALRM,6,13.958810068649884,5.384615384615385,8.574194684034499,
ALRN,6,12.761506276150628,3.8461538461538463,8.915352429996782,
ALRS,2,12.244897959183673,4.53257790368272,7.712320055500953,41.51401876289155
ALRS,7,20.0,2.877697841726619,17.12230215827338,41.51401876289155
ALRTF,8,9.550561797752808,2.3622047244094486,7.18835707334336,72.48810690843293
ALSE,1,8.94308943089431,0.6652957542034595,8.27779367669085,-48.49785407725322
ALSE,5,5.952380952380952,0.4018215912135012,5.55055936116745,-48.49785407725322
ALSI,1,15.584415584415584,6.896551724137931,8.687863860277654,2124.522609433343
ALSI,3,11.258278145695364,4.3478260869565215,6.9104520587388425,2124.522609433343
ALSI,5,10.27027027027027,4.958677685950414,5.311592584319857,2124.522609433343
ALSSF,3,12.015503875968992,1.7482517482517483,10.267252127717244,-20.27807326099814
ALSSF,7,16.5266106442577,2.145922746781116,14.380687897476585,-20.27807326099814
ALST,3,10.95890410958904,4.3478260869565215,6.611078022632519,-99.79119565661834
ALTB,8,9.266409266409266,0.3988341770210155,8.86757508938825,
ALTR,8,16.176470588235293,6.565656565656567,9.610814022578726,
ALTS,1,13.043478260869565,2.6537997587454765,10.389678502124088,127.85072350934612
ALTX,1,11.304347826086955,3.260869565217391,8.043478260869565,55.432096880359225
ALV,1,11.447811447811448,2.9702970297029703,8.477514418108477,8.468401612228007
ALV,7,20.0,4.294478527607362,15.705521472392638,8.468401612228007
ALVLF,3,18.0,2.5,15.5,349.99999329447814
ALVOF,6,11.475409836065571,4.487179487179487,6.988230348886084,133.7622146540214
ALVRQ,4,21.03004291845493,7.344632768361582,13.68541015009335,-57.23014444945888
ALVRQ,6,12.761506276150628,6.140350877192982,6.621155398957646,-57.23014444945888
ALVRQ,9,11.347517730496454,2.469135802469136,8.878381928027318,-57.23014444945888
ALX,9,15.774647887323944,3.125,12.649647887323944,-23.942872583721385
ALXEF,3,11.971830985915492,2.5,9.471830985915492,191.35333652839105
ALXEF,5,9.395973154362416,2.366863905325444,7.029109249036972,191.35333652839105
ALXEF,8,35.13513513513514,3.5000000000000004,31.635135135135137,191.35333652839105
ALXXF,3,8.423913043478262,2.8735632183908044,5.550349825087457,84.78837120277886
ALXXF,5,10.687022900763358,3.636363636363636,7.050659264399722,84.78837120277886
ALXXF,7,17.80821917808219,7.6923076923076925,10.115911485774497,84.78837120277886
ALYAF,4,8.333333333333332,0.0,8.333333333333332,-4.594401344680791
ALYI,3,8.695652173913043,1.6853932584269662,7.010258915486077,96.51849217023576
ALYI,5,6.698564593301436,0.4018215912135012,6.2967430020879345,96.51849217023576
ALYI,9,12.258064516129032,4.329004329004329,7.929060187124703,96.51849217023576
AM,7,36.03603603603604,5.825242718446602,30.210793317589435,
AMADF,1,9.79020979020979,4.225352112676056,5.564857677533734,-8.88839764984193
AMADF,3,11.18421052631579,5.907172995780591,5.277037530535198,-8.88839764984193
AMADF,8,10.687022900763358,4.666666666666667,6.020356234096691,-8.88839764984193
AMADY,1,9.79020979020979,4.225352112676056,5.564857677533734,-9.126793694841446
AMADY,3,11.18421052631579,5.907172995780591,5.277037530535198,-9.126793694841446
AMADY,8,16.176470588235293,4.666666666666667,11.509803921568626,-9.126793694841446
AMAL,8,13.47517730496454,2.0,11.47517730496454,
AMAT,1,8.88888888888889,2.6537997587454765,6.235089130143413,142.7265416986166
AMAT,9,14.592274678111588,5.47945205479452,9.112822623317069,142.7265416986166
AMBA,2,12.849162011173185,4.326923076923077,8.522238934250108,187.92997658074788
AMBA,4,15.903614457831324,5.952380952380952,9.951233505450372,187.92997658074788
AMBC,1,12.149532710280374,3.1630170316301705,8.986515678650203,-27.285914450738964
AMBC,4,15.903614457831324,6.60377358490566,9.299840872925664,-27.285914450738964
AMBD,3,12.5,5.325443786982249,7.174556213017751,900.0
AMBD,9,15.774647887323944,3.125,12.649647887323944,900.0
AMBFF,9,10.0,4.3478260869565215,5.6521739130434785,
AMBK,2,27.884615384615387,11.9533527696793,15.931262614936086,32.06922040911356
AMBK,4,11.620294599018004,5.181347150259067,6.438947448758937,32.06922040911356
AMBO,9,11.728395061728394,6.25,5.478395061728394,
AMBS,7,10.869565217391305,4.294478527607362,6.575086689783943,-29.894874240366462
AMBS,9,10.084033613445378,4.329004329004329,5.755029284441049,-29.894874240366462
AMBZ,2,15.18987341772152,9.243697478991598,5.9461759387299224,11.74807808076396
AMBZ,3,9.243697478991598,3.11284046692607,6.130857012065528,11.74807808076396
AMBZ,5,9.649122807017545,2.3255813953488373,7.323541411668707,11.74807808076396
AMBZ,8,9.266409266409266,2.3622047244094486,6.9042045419998175,11.74807808076396
AMC,1,10.981308411214954,5.7324840764331215,5.248824334781832,290.22204123121134
AMC,4,11.496746203904555,5.454545454545454,6.042200749359101,290.22204123121134
AMCCF,1,8.823529411764707,2.5974025974025974,6.226126814362109,5.574324026695668
AMCCF,3,12.087912087912088,6.862745098039216,5.225166989872871,5.574324026695668
AMCCF,6,12.910798122065728,5.970149253731343,6.940648868334385,5.574324026695668
AMCCF,9,11.728395061728394,4.444444444444445,7.283950617283949,5.574324026695668
AMCF,5,10.714285714285714,2.3255813953488373,8.388704318936876,-97.14285730322624
AMCR,1,8.823529411764707,2.5974025974025974,6.226126814362109,22.36361577034115
AMCR,3,12.087912087912088,6.862745098039216,5.225166989872871,22.36361577034115
AMCR,6,12.910798122065728,5.970149253731343,6.940648868334385,22.36361577034115
AMCR,9,11.728395061728394,4.444444444444445,7.283950617283949,22.36361577034115
AMCT,4,7.6923076923076925,1.0101010101010102,6.682206682206682,
AMCX,8,16.176470588235293,5.555555555555555,10.620915032679738,-0.7930448484433651
AMD,1,12.149532710280374,2.9702970297029703,9.179235680577403,223.75458688742484
AMD,4,15.903614457831324,9.649122807017545,6.25449165081378,223.75458688742484
AMDLY,1,12.093023255813954,0.6652957542034595,11.427727501610494,-9.148405681460286
AMDLY,4,11.620294599018004,0.4798340033718065,11.140460595646198,-9.148405681460286
AMDLY,7,8.21917808219178,0.5016969160395455,7.7174811661522345,-9.148405681460286
AMDWF,2,13.375796178343949,0.5821875387092779,12.793608639634671,8.804018582368377
AMDWF,9,15.774647887323944,0.3528468323977546,15.42180105492619,8.804018582368377
AME,6,12.761506276150628,1.7467248908296942,11.014781385320934,41.04380519497523
AME,9,15.774647887323944,2.4242424242424243,13.35040546308152,41.04380519497523
AMED,3,12.087912087912088,5.323193916349809,6.764718171562278,9.392663837943084
AMED,8,15.217391304347828,10.0,5.217391304347828,9.392663837943084
AMEN,1,14.814814814814811,3.2710280373831773,11.543786777431635,-48.583479386904855
AMEN,5,9.876543209876544,4.848484848484849,5.028058361391696,-48.583479386904855
AMEN,7,10.588235294117649,0.5016969160395455,10.086538378078103,-48.583479386904855
AMFC,1,15.909090909090908,10.625,5.284090909090908,26.093826369356872
AMFC,3,11.9533527696793,4.9079754601227,7.0453773095566,26.093826369356872
AMFC,5,12.610619469026547,7.5,5.110619469026547,26.093826369356872
AMFL,6,13.958810068649884,5.555555555555555,8.403254513094328,1214.1414026702128
AMG,1,11.447811447811448,3.0534351145038165,8.394376333307632,97.8960198682141
AMG,6,12.761506276150628,2.0408163265306123,10.720689949620017,97.8960198682141
AMGN,6,12.761506276150628,6.63265306122449,6.1288532149261385,3.798732454547982
AMGN,8,15.217391304347828,2.0905923344947737,13.126798969853054,3.798732454547982
AMGY,2,13.513513513513514,3.5000000000000004,10.013513513513514,61.29031434313988
AMGY,7,9.747292418772563,2.2222222222222223,7.525070196550341,61.29031434313988
AMH,1,10.606060606060606,2.9702970297029703,7.635763576357635,47.86735387017082
AMH,5,10.085836909871244,3.636363636363636,6.449473273507608,47.86735387017082
AMIGF,4,11.650485436893204,3.4246575342465757,8.225827902646628,63.953313850226536
AMIGF,7,16.5266106442577,3.755868544600939,12.770742099656761,63.953313850226536
AMIGF,9,13.333333333333334,4.3478260869565215,8.985507246376812,63.953313850226536
AMIGY,4,11.650485436893204,3.4246575342465757,8.225827902646628,68.22630969467546
AMIGY,7,16.5266106442577,3.755868544600939,12.770742099656761,68.22630969467546
AMIGY,9,8.125,1.910828025477707,6.2141719745222925,68.22630969467546
AMIVF,2,11.304347826086955,0.5821875387092779,10.722160287377678,
AMIVF,6,13.958810068649884,6.086956521739131,7.871853546910753,
AMIVF,8,10.687022900763358,3.5000000000000004,7.187022900763358,
AMKBF,9,10.0,3.7593984962406015,6.2406015037593985,137.89523752804956
AMKR,5,11.11111111111111,3.896103896103896,7.215007215007215,137.56198091207793
AMKR,7,12.12121212121212,2.877697841726619,9.2435142794855,137.56198091207793
AMLH,1,19.047619047619047,7.7490774907749085,11.298541556844139,2152.5000605731784
AMLI,3,11.650485436893204,3.690036900369003,7.960448536524201,
AMLI,8,10.024449877750612,3.508771929824561,6.515677947926051,
AMLM,4,6.334841628959276,0.4798340033718065,5.8550076255874695,1360.368141415782
AMLM,7,10.227272727272728,3.4552845528455287,6.7719881744272,1360.368141415782
AMMHF,5,11.188811188811188,4.844290657439446,6.344520531371742,-12.62135911093478
AMMJ,6,13.958810068649884,7.734806629834254,6.22400343881563,-48.78194875332208
AMN,8,35.13513513513514,5.263157894736842,29.871977240398294,98.26868314399916
AMNC,2,18.75,6.349206349206349,12.400793650793652,97.17199465057452
AMNC,5,9.395973154362416,3.7800687285223367,5.615904425840079,97.17199465057452
AMNC,7,36.03603603603604,11.76470588235294,24.271330153683095,97.17199465057452
AMNCB,2,17.02127659574468,7.865168539325842,9.156108056418837,52.76145658973921
AMNE,1,9.230769230769232,3.2710280373831773,5.959741193386055,
AMNE,5,10.218978102189782,0.4018215912135012,9.81715651097628,
AMNF,1,10.981308411214954,5.7324840764331215,5.248824334781832,-3.866777268304333
AMNF,4,7.8125,2.702702702702702,5.109797297297298,-3.866777268304333
AMNF,7,16.5266106442577,10.687022900763358,5.839587743494343,-3.866777268304333
AMNI,7,14.634146341463412,0.5016969160395455,14.132449425423866,129.4009841424029
AMNL,8,9.405940594059404,3.508771929824561,5.897168664234842,-4.765836912640459
AMNP,1,13.043478260869565,5.633802816901409,7.409675443968156,79.16666121547313
AMNP,9,14.592274678111588,2.967359050445104,11.624915627666484,79.16666121547313
AMP,1,9.230769230769232,2.5974025974025974,6.633366633366634,86.44989566126596
AMP,5,9.649122807017545,3.79746835443038,5.851654452587164,86.44989566126596
AMPE,3,11.971830985915492,1.7482517482517483,10.223579237663744,276.31318635458564
AMPE,5,12.195121951219512,6.756756756756757,5.438365194462755,276.31318635458564
AMPE,7,10.869565217391305,3.937007874015748,6.9325573433755565,276.31318635458564
AMPH,1,11.447811447811448,5.109489051094891,6.338322396716557,-4.062109003680075
AMPY,6,8.280254777070063,2.0408163265306123,6.239438450539451,-40.9460969325609
AMPY,9,10.0,3.7593984962406015,6.2406015037593985,-40.9460969325609
AMRC,9,11.347517730496454,3.7593984962406015,7.588119234255853,301.92475467933247
AMRK,2,18.75,11.9533527696793,6.7966472303206995,468.3422816683361
AMRK,5,30.46875,8.93371757925072,21.535032420749282,468.3422816683361
AMRK,6,8.93371757925072,3.065134099616858,5.8685834796338625,468.3422816683361
AMRN,2,14.457831325301203,4.326923076923077,10.130908248378127,-69.04631099398854
AMRN,7,36.03603603603604,9.523809523809524,26.512226512226512,-69.04631099398854
AMRU,2,17.02127659574468,7.865168539325842,9.156108056418837,-93.54838744505336
AMRU,6,18.0327868852459,11.304347826086955,6.728439059158946,-93.54838744505336
AMRU,7,11.304347826086955,4.643962848297214,6.660384977789741,-93.54838744505336
AMRU,9,9.58904109589041,3.125,6.46404109589041,-93.54838744505336
AMRX,8,16.176470588235293,3.508771929824561,12.667698658410732,
AMS,1,10.606060606060606,2.5974025974025974,8.008658008658008,14.07345864139847
AMS,5,12.610619469026547,4.844290657439446,7.766328811587101,14.07345864139847
AMS,8,10.024449877750612,2.185792349726776,7.838657528023836,14.07345864139847
AMSC,3,11.9533527696793,3.690036900369003,8.263315869310297,66.02475917346085
AMSC,9,11.728395061728394,3.7593984962406015,7.968996565487792,66.02475917346085
AMSF,2,10.625,1.9230769230769231,8.701923076923077,-11.30390075897347
AMSF,4,9.473684210526317,3.903903903903904,5.5697803066224125,-11.30390075897347
AMSF,8,8.653846153846153,2.3622047244094486,6.291641429436705,-11.30390075897347
AMSSD,7,17.80821917808219,7.575757575757576,10.232461602324614,
AMSSD,8,7.575757575757576,2.185792349726776,5.3899652260307995,
AMSSY,8,7.575757575757576,2.185792349726776,5.3899652260307995,
AMSWA,2,13.924050632911392,6.336633663366337,7.587416969545055,55.36125897412926
AMSWA,7,20.0,5.825242718446602,14.174757281553397,55.36125897412926
AMSYF,6,8.722741433021806,1.7467248908296942,6.976016542192112,98.2685417339908
AMT,7,17.80821917808219,9.266409266409266,8.541809911672924,19.972776573398875
AMTX,7,10.588235294117649,4.545454545454546,6.042780748663103,1660.3207635097165
AMTY,2,13.513513513513514,8.423913043478262,5.089600470035252,186.36363890360752
AMTY,5,11.519607843137257,3.636363636363636,7.883244206773621,186.36363890360752
AMVMF,6,13.958810068649884,2.9940119760479043,10.96479809260198,22.49866148097244
AMWD,2,17.5,10.714285714285714,6.7857142857142865,-31.58501617052888
AMWD,5,11.519607843137257,2.4390243902439024,9.080583452893354,-31.58501617052888
AMWD,7,36.03603603603604,9.405940594059404,26.630095441976636,-31.58501617052888
AMWD,9,15.774647887323944,2.272727272727273,13.50192061459667,-31.58501617052888
AMWK,2,27.884615384615387,6.944444444444445,20.940170940170944,98.74476808099544
AMWK,8,7.4074074074074066,0.3988341770210155,7.008573230386391,98.74476808099544
AMX,7,20.0,3.8461538461538463,16.153846153846153,8.727451924303528
AMX,9,10.084033613445378,1.910828025477707,8.17320558796767,8.727451924303528
AMXOF,6,12.910798122065728,5.555555555555555,7.355242566510173,38.88895397205532
AMXX,7,8.333333333333332,0.5016969160395455,7.831636417293787,-46.070585811839386
AMYZF,1,12.048192771084338,0.6652957542034595,11.382897016880879,354.904235478198
AMYZF,4,11.620294599018004,5.369127516778524,6.251167082239481,354.904235478198
AMZN,2,17.5,7.920792079207921,9.57920792079208,85.43426314830951
AMZN,4,15.903614457831324,5.864197530864197,10.039416926967128,85.43426314830951
AMZN,8,15.217391304347828,6.363636363636363,8.853754940711465,85.43426314830951
AN,1,9.79020979020979,3.0534351145038165,6.736774675705973,137.25621840002924
AN,6,11.604095563139932,3.932584269662921,7.67151129347701,137.25621840002924
ANAB,6,8.80281690140845,1.7467248908296942,7.056092010578756,
ANAS,7,14.634146341463412,5.833333333333333,8.800813008130078,1101.141192589713
ANCTF,2,17.5,7.865168539325842,9.634831460674157,27.58638823812931
ANCTF,9,11.728395061728394,3.125,8.603395061728394,27.58638823812931
ANDE,8,11.76470588235294,2.857142857142857,8.907563025210083,71.38961635277678
ANDI,2,12.790697674418606,5.603448275862069,7.187249398556537,-59.34959529940552
ANDI,4,21.03004291845493,4.975124378109453,16.05491854034548,-59.34959529940552
ANDR,1,12.598425196850393,7.352941176470589,5.245484020379804,16.030290924365236
ANDR,3,10.294117647058822,1.6853932584269662,8.608724388631856,16.030290924365236
ANET,7,17.80821917808219,7.051282051282051,10.756937126800139,45.22466686835431
ANET,9,15.774647887323944,1.910828025477707,13.863819861846236,45.22466686835431
ANF,3,11.578947368421051,2.631578947368421,8.94736842105263,139.14629738529362
ANF,7,16.5266106442577,2.145922746781116,14.380687897476585,139.14629738529362
ANF,9,13.333333333333334,4.3478260869565215,8.985507246376812,139.14629738529362
ANFGF,9,13.333333333333334,1.910828025477707,11.422505307855626,66.46743664622916
ANFIF,9,13.333333333333334,4.329004329004329,9.004329004329005,-93.40798084486713
ANGCF,3,9.230769230769232,3.589743589743589,5.641025641025642,-23.07692307692309
ANGCF,5,14.285714285714285,3.636363636363636,10.649350649350648,-23.07692307692309
ANGGF,1,15.584415584415584,9.090909090909092,6.493506493506493,65.71428717399131
ANGGF,3,14.814814814814811,3.11284046692607,11.701974347888742,65.71428717399131
ANGGF,7,16.5266106442577,5.263157894736842,11.263452749520859,65.71428717399131
ANGI,3,12.5,6.862745098039216,5.637254901960784,82.78447241004238
ANGI,4,6.862745098039216,1.6666666666666667,5.196078431372549,82.78447241004238
ANGI,8,15.217391304347828,3.343465045592705,11.873926258755123,82.78447241004238
ANGO,4,15.903614457831324,6.122448979591836,9.781165478239487,74.92832795751787
ANGO,6,13.958810068649884,5.555555555555555,8.403254513094328,74.92832795751787
ANGO,9,11.48936170212766,6.179775280898876,5.309586421228784,74.92832795751787
ANIK,3,11.18421052631579,3.589743589743589,7.5944669365722,-32.467511897898845
ANIK,6,13.958810068649884,3.932584269662921,10.026225798986962,-32.467511897898845
ANIOY,1,12.587412587412588,3.2710280373831773,9.316384550029412,42.98875495873119
ANIP,1,11.447811447811448,5.7324840764331215,5.715327371378327,-55.79666493068967
ANIP,4,9.67741935483871,2.941176470588235,6.7362428842504745,-55.79666493068967
ANIP,9,15.774647887323944,2.4242424242424243,13.35040546308152,-55.79666493068967
ANIX,2,15.18987341772152,6.334841628959276,8.855031788762243,20.196280064293227
ANIX,7,20.0,10.493827160493826,9.506172839506174,20.196280064293227
ANKOF,1,10.126582278481012,3.3854166666666665,6.7411656118143455,-23.053805063337872
ANLDF,8,11.76470588235294,5.777777777777778,5.986928104575163,2.999999329447768
ANMP,3,10.294117647058822,4.3478260869565215,5.946291560102301,
ANMP,6,11.475409836065571,3.932584269662921,7.54282556640265,
ANNSF,3,12.015503875968992,2.8735632183908044,9.141940657578187,
ANNSF,5,11.519607843137257,4.761904761904762,6.757703081232495,
ANNSF,7,10.869565217391305,5.666666666666666,5.202898550724639,
ANNSF,9,15.774647887323944,5.88235294117647,9.892294946147473,
ANPCF,9,11.650485436893204,0.3528468323977546,11.29763860449545,117.69230980844898
ANPCY,7,8.21917808219178,2.145922746781116,6.073255335410664,
ANPDF,9,14.592274678111588,5.47945205479452,9.112822623317069,98.6110881005735
ANPDY,2,15.18987341772152,9.243697478991598,5.9461759387299224,94.99950354860502
ANPDY,7,20.0,7.575757575757576,12.424242424242424,94.99950354860502
ANPDY,9,13.333333333333334,5.47945205479452,7.853881278538814,94.99950354860502
ANSLF,1,9.79020979020979,3.3854166666666665,6.404793123543124,43.433735147410566
ANSLF,7,5.921052631578947,0.5016969160395455,5.419355715539401,43.433735147410566
ANSLY,1,9.79020979020979,3.1630170316301705,6.6271927585796195,31.45415406352219
ANSLY,5,10.650887573964498,3.5211267605633805,7.129760813401118,31.45415406352219
ANSLY,9,15.774647887323944,5.494505494505495,10.280142392818448,31.45415406352219
ANSS,2,15.384615384615383,4.326923076923077,11.057692307692307,56.523951011871375
ANSU,1,13.761467889908255,6.0344827586206895,7.726985131287566,-96.07843161312422
ANSU,4,21.03004291845493,7.344632768361582,13.68541015009335,-96.07843161312422
ANTH,2,12.244897959183673,4.326923076923077,7.917974882260596,-98.4853362118372
ANTMF,3,14.814814814814811,2.5,12.314814814814811,994.8305935810793
ANTMF,8,10.493827160493826,5.263157894736842,5.230669265756984,994.8305935810793
ANZFF,1,15.909090909090908,2.9702970297029703,12.938793879387937,-39.027120446771576
ANZFF,3,13.286713286713288,2.5,10.786713286713288,-39.027120446771576
ANZFF,5,12.610619469026547,6.806282722513089,5.804336746513458,-39.027120446771576
ANZFF,7,9.747292418772563,3.4552845528455287,6.292007865927035,-39.027120446771576
ANZGY,5,12.610619469026547,2.272727272727273,10.337892196299274,5.310801323751056
ANZLY,7,10.416666666666668,2.145922746781116,8.270743919885552,
AOAO,5,11.519607843137257,5.555555555555555,5.964052287581701,90.9158281112492
AOAO,8,9.405940594059404,0.3988341770210155,9.007106417038388,90.9158281112492
AOBI,9,9.266409266409266,0.3528468323977546,8.913562434011512,-45.0
AOCIF,4,11.267605633802818,2.380952380952381,8.886653252850437,468.8939388030379
AOCIF,6,8.93371757925072,3.491271820448877,5.442445758801843,468.8939388030379
AOECF,2,18.75,0.5821875387092779,18.167812461290723,-33.05084266322859
AOGC,1,8.98876404494382,3.260869565217391,5.72789447972643,11.111105635964224
AOGC,7,10.416666666666668,2.564102564102564,7.852564102564104,11.111105635964224
AOIFF,3,12.087912087912088,4.615384615384616,7.472527472527472,63.49557451667506
AOIFF,5,9.395973154362416,3.636363636363636,5.75960951799878,63.49557451667506
AOIFF,8,9.523809523809524,2.0905923344947737,7.43321718931475,63.49557451667506
AOLS,1,12.587412587412588,3.1630170316301705,9.424395555782418,-27.862943205791463
AON,6,12.761506276150628,3.571428571428571,9.190077704722057,51.782535221939575
AONNY,6,11.926605504587156,5.921052631578947,6.0055528730082095,26.90087619836073
AONNY,8,17.02127659574468,1.9900497512437807,15.0312268445009,26.90087619836073
AOOO,5,10.27027027027027,4.848484848484849,5.4217854217854216,3899.999999999499
AOOO,7,10.227272727272728,0.5016969160395455,9.725575811233183,3899.999999999499
AOOO,9,5.617977528089887,0.3528468323977546,5.265130695692132,3899.999999999499
AOREF,1,8.88888888888889,3.3854166666666665,5.503472222222223,-27.75953412245311
AOREF,4,21.03004291845493,12.698412698412698,8.331630220042234,-27.75953412245311
AOREF,5,12.698412698412698,3.389830508474576,9.308582189938122,-27.75953412245311
AOREF,8,11.76470588235294,4.040404040404041,7.7243018419489,-27.75953412245311
AORT,4,11.496746203904555,5.454545454545454,6.042200749359101,-6.023040449858498
AORT,8,15.217391304347828,4.072398190045249,11.14499311430258,-6.023040449858498
AOS,1,14.7766323024055,8.21917808219178,6.557454220213721,24.78364293371947
AOS,4,15.903614457831324,9.649122807017545,6.25449165081378,24.78364293371947
AOS,6,7.777777777777778,1.7467248908296942,6.031052886948084,24.78364293371947
AOS,9,15.774647887323944,2.272727272727273,13.50192061459667,24.78364293371947
AOSL,4,11.496746203904555,5.454545454545454,6.042200749359101,148.3734755669319
AOTOF,2,13.375796178343949,6.349206349206349,7.0265898291376,-21.42857218883475
AOTUF,1,12.048192771084338,2.9702970297029703,9.077895741381369,15.533989347087232
AOTUF,6,13.958810068649884,4.838709677419355,9.12010039123053,15.533989347087232
AOTUF,9,11.180124223602483,0.3528468323977546,10.82727739120473,15.533989347087232
AOTVF,4,11.620294599018004,5.487804878048781,6.1324897209692235,114.9367098635616
AOTVF,9,9.58904109589041,2.967359050445104,6.621682045445306,114.9367098635616
AOVTF,1,13.043478260869565,0.6652957542034595,12.378182506666105,1299.9999854480743
AOVTF,6,8.280254777070063,0.4524247136999859,7.827830063370077,1299.9999854480743
AOXY,3,14.814814814814811,4.3478260869565215,10.46698872785829,273.88911879303225
AOXY,7,11.304347826086955,3.1746031746031744,8.129744651483781,273.88911879303225
AOZOY,1,9.79020979020979,3.3854166666666665,6.404793123543124,-0.515422676986444
AOZOY,4,11.620294599018004,5.864197530864197,5.7560970681538075,-0.515422676986444
AP,3,12.015503875968992,1.6853932584269662,10.330110617542026,26.9312749617076
AP,6,8.860759493670885,3.8461538461538463,5.014605647517039,26.9312749617076
APAJF,1,16.85082872928177,2.9702970297029703,13.8805316995788,-21.5605723764339
APCFF,6,13.86861313868613,7.6923076923076925,6.176305446378438,0.0
APCOF,2,12.849162011173185,1.8867924528301887,10.962369558342996,155.5621664746033
APCOF,5,11.188811188811188,2.272727272727273,8.916083916083915,155.5621664746033
APD,1,11.447811447811448,4.477611940298507,6.970199507512941,22.20373720800442
APD,3,12.087912087912088,6.334841628959276,5.753070458952812,22.20373720800442
APD,6,11.604095563139932,5.147058823529411,6.457036739610521,22.20373720800442
APDN,2,18.75,5.263157894736842,13.486842105263158,-41.542792964626
APEI,7,11.891891891891891,4.643962848297214,7.247929043594677,18.48096951154169
APELY,2,12.244897959183673,6.336633663366337,5.908264295817336,-46.12006031061943
APEMY,1,16.85082872928177,3.260869565217391,13.589959164064378,118.01342007969632
APEMY,3,12.087912087912088,5.907172995780591,6.180739092131496,118.01342007969632
APEMY,6,8.93371757925072,3.932584269662921,5.001133309587798,118.01342007969632
APEOF,2,12.849162011173185,0.966183574879227,11.882978436293957,-25.92592653914242
APGI,3,14.332247557003258,7.633587786259542,6.698659770743716,98.54014168828778
APGI,9,11.180124223602483,4.329004329004329,6.851119894598154,98.54014168828778
APH,1,11.447811447811448,3.658536585365853,7.789274862445595,49.603671730453534
APH,6,13.958810068649884,3.968253968253968,9.990556100395915,49.603671730453534
APH,9,15.774647887323944,1.910828025477707,13.863819861846236,49.603671730453534
APHD,3,9.230769230769232,2.3255813953488373,6.905187835420394,800.2777973884422
APHD,9,9.523809523809524,3.125,6.398809523809524,800.2777973884422
APHP,3,18.0,7.6923076923076925,10.307692307692307,212.51999679942952
APHP,7,10.588235294117649,4.10958904109589,6.478646253021759,212.51999679942952
APHP,9,11.347517730496454,3.125,8.222517730496454,212.51999679942952
APLE,3,8.333333333333332,2.702702702702702,5.63063063063063,
APLE,5,30.46875,6.862745098039216,23.606004901960784,
APLO,4,21.03004291845493,12.195121951219512,8.83492096723542,3.6013829115260507
APLS,7,16.5266106442577,2.832244008714597,13.694366635543105,
APMCF,6,12.910798122065728,2.9940119760479043,9.916786146017824,37.5838046317002
APMSF,2,14.666666666666666,4.326923076923077,10.33974358974359,71.98715107685636
APMSF,5,9.395973154362416,0.4018215912135012,8.994151563148915,71.98715107685636
APMSF,7,9.064327485380115,0.5016969160395455,8.56263056934057,71.98715107685636
APNHY,1,8.333333333333332,2.5974025974025974,5.735930735930735,145.9190875374194
APNHY,7,7.207207207207207,2.145922746781116,5.061284460426091,145.9190875374194
APO,6,13.958810068649884,2.9940119760479043,10.96479809260198,53.47838919796989
APO,8,10.0,4.666666666666667,5.333333333333333,53.47838919796989
APOG,1,9.79020979020979,3.658536585365853,6.131673204843937,1.8100037468696084
APPB,3,11.650485436893204,5.325443786982249,6.325041649910955,
APPB,5,10.085836909871244,3.6231884057971016,6.462648504074142,
APPCF,6,11.604095563139932,4.838709677419355,6.765385885720577,
APPF,2,17.5,4.059040590405904,13.440959409594097,
APPF,6,13.958810068649884,4.296875,9.661935068649884,
APPN,6,12.761506276150628,7.734806629834254,5.0266996463163744,
APPS,7,9.064327485380115,2.832244008714597,6.232083476665519,946.2920421593676
APPZ,7,9.45945945945946,0.5016969160395455,8.957762543419914,0.0
APRAF,6,8.93371757925072,3.8461538461538463,5.087563733096873,-35.51630434870637
APRO,2,18.75,10.75268817204301,7.99731182795699,-93.54838668489964
APRO,3,10.75268817204301,5.325443786982249,5.427244385060761,-93.54838668489964
APRO,6,8.93371757925072,3.8461538461538463,5.087563733096873,-93.54838668489964
APRU,3,11.18421052631579,4.3478260869565215,6.836384439359268,-57.9173690260116
APRU,8,9.405940594059404,3.343465045592705,6.062475548466699,-57.9173690260116
APSI,1,13.761467889908255,7.18954248366013,6.571925406248125,7012.149173890447
APT,4,11.620294599018004,1.6666666666666667,9.953627932351338,79.30657697597971
APTL,2,18.75,9.243697478991598,9.506302521008402,-9.288001505533847
APTL,4,15.903614457831324,10.27027027027027,5.633344187561054,-9.288001505533847
APTL,8,16.176470588235293,0.3988341770210155,15.777636411214278,-9.288001505533847
APTO,7,16.5266106442577,7.281553398058252,9.24505724619945,14.042980102384764
APTV,1,10.981308411214954,2.9702970297029703,8.011011381511985,74.69731566776679
APTV,6,13.958810068649884,5.82010582010582,8.138704248544064,74.69731566776679
APVS,3,11.258278145695364,5.325443786982249,5.932834358713115,-58.67768563236224
APVS,5,10.085836909871244,3.7800687285223367,6.305768181348907,-58.67768563236224
APVS,7,7.6923076923076925,2.564102564102564,5.128205128205129,-58.67768563236224
APWC,1,9.230769230769232,3.3854166666666665,5.845352564102566,129.16358271825328
APWL,5,10.27027027027027,0.4018215912135012,9.868448679056769,
APWL,8,9.523809523809524,0.3988341770210155,9.124975346788508,
APYI,1,20.833333333333336,9.655172413793103,11.178160919540232,-45.717077801305045
APYI,6,8.870967741935484,1.9230769230769231,6.947890818858561,-45.717077801305045
APYI,9,15.774647887323944,6.25,9.524647887323944,-45.717077801305045
APYRF,6,10.344827586206897,3.932584269662921,6.412243316543975,-20.92778203500704
AQB,8,15.09433962264151,2.857142857142857,12.237196765498652,
AQMS,3,12.015503875968992,5.325443786982249,6.690060088986743,
AQMS,5,12.610619469026547,3.636363636363636,8.974255832662912,
AQMS,9,11.347517730496454,3.7593984962406015,7.588119234255853,
AQN,1,10.606060606060606,2.9702970297029703,7.635763576357635,7.589025521818134
AQN,3,10.294117647058822,3.589743589743589,6.704374057315233,7.589025521818134
AQN,6,12.910798122065728,3.225806451612903,9.684991670452824,7.589025521818134
AQPW,6,13.86861313868613,7.734806629834254,6.133806508851877,-49.472914187178006
AQPW,9,11.650485436893204,4.329004329004329,7.321481107888875,-49.472914187178006
AQQSQ,7,9.45945945945946,2.145922746781116,7.313536712678344,400.0
AQSZF,2,12.790697674418606,6.336633663366337,6.454064011052269,
AQUI,4,8.571428571428571,2.380952380952381,6.19047619047619,168.33632176250205
AQUI,7,12.5,0.5016969160395455,11.998303083960455,168.33632176250205
AR,4,11.650485436893204,4.761904761904762,6.888580674988442,645.171116279607
AR,7,20.0,5.833333333333333,14.166666666666668,645.171116279607
ARAFF,8,7.575757575757576,2.247191011235955,5.328566564521621,153.96825881141328
ARAO,1,16.85082872928177,2.6537997587454765,14.197028970536293,369.6604180724845
ARAT,1,13.043478260869565,0.6652957542034595,12.378182506666105,11840.000165154555
ARAT,4,8.24742268041237,0.4798340033718065,7.767588677040564,11840.000165154555
ARAY,1,10.981308411214954,3.2710280373831773,7.710280373831777,44.14678723839599
ARBTF,2,17.02127659574468,6.336633663366337,10.684642932378344,18.90494094311227
ARBTF,5,11.519607843137257,5.555555555555555,5.964052287581701,18.90494094311227
ARBU,5,12.698412698412698,6.730769230769231,5.967643467643467,0.0
ARBV,2,17.5,6.557377049180328,10.942622950819672,6.563507415911987
ARC,3,14.332247557003258,5.128205128205128,9.20404242879813,118.02326147542774
ARC,8,10.687022900763358,2.0905923344947737,8.596430566268584,118.02326147542774
ARCAY,1,16.85082872928177,3.1630170316301705,13.687811697651599,149.89858360210962
ARCAY,6,12.910798122065728,3.932584269662921,8.978213852402806,149.89858360210962
ARCAY,9,15.774647887323944,6.748466257668712,9.026181629655232,149.89858360210962
ARCB,3,14.332247557003258,5.907172995780591,8.425074561222667,175.7148053085781
ARCB,8,7.6923076923076925,2.0,5.6923076923076925,175.7148053085781
ARCC,1,10.981308411214954,3.0534351145038165,7.927873296711137,11.279253571998172
ARCH,4,7.07070707070707,1.6666666666666667,5.404040404040403,
ARCS,6,13.86861313868613,5.555555555555555,8.313057583130576,-70.58823705645689
ARCS,8,35.13513513513514,9.375,25.760135135135137,-70.58823705645689
ARCS,9,9.375,2.2123893805309733,7.162610619469026,-70.58823705645689
ARCT,2,14.457831325301203,4.059040590405904,10.3987907348953,333.6597164657368
ARCT,6,10.344827586206897,3.491271820448877,6.85355576575802,333.6597164657368
ARCVF,1,16.85082872928177,2.6537997587454765,14.197028970536293,141.9245558256441
ARCVF,6,13.958810068649884,3.932584269662921,10.026225798986962,141.9245558256441
ARCXF,4,9.019607843137257,0.4798340033718065,8.53977383976545,66.66667287548402
ARDX,2,15.18987341772152,6.336633663366337,8.853239754355183,-73.07692343719802
ARE,1,15.584415584415584,4.225352112676056,11.359063471739528,22.84981646024696
ARE,6,12.910798122065728,5.454545454545454,7.456252667520274,22.84981646024696
ARE,9,15.774647887323944,10.15625,5.618397887323944,22.84981646024696
AREC,8,13.47517730496454,2.7649769585253456,10.710200346439194,
ARES,9,11.48936170212766,4.49438202247191,6.994979679655749,165.92974332055374
ARET,3,14.332247557003258,7.8125,6.519747557003258,-99.3442622989928
ARET,9,6.60377358490566,1.36986301369863,5.23391057120703,-99.3442622989928
ARGNF,2,15.18987341772152,6.336633663366337,8.853239754355183,
ARGNF,7,16.5266106442577,0.7042253521126761,15.822385292145025,
ARGQ,2,18.75,6.349206349206349,12.400793650793652,81.26983897262507
ARGQ,7,11.224489795918368,2.8169014084507045,8.407588387467664,81.26983897262507
ARGX,7,9.064327485380115,2.877697841726619,6.186629643653497,
ARGYF,4,15.584415584415584,5.487804878048781,10.096610706366803,
ARGYF,5,5.487804878048781,0.4018215912135012,5.08598328683528,
ARGYF,8,15.09433962264151,6.60377358490566,8.49056603773585,
ARHN,2,13.541666666666666,4.326923076923077,9.21474358974359,0.0
ARHN,6,8.93371757925072,3.225806451612903,5.707911127637817,0.0
ARHN,8,16.176470588235293,6.60377358490566,9.572697003329633,0.0
ARHOF,5,10.27027027027027,0.4018215912135012,9.868448679056769,
ARHTF,7,9.747292418772563,4.444444444444445,5.3028479743281185,
ARHUF,2,17.5,0.5821875387092779,16.917812461290723,-3.350513563461196
ARHVF,3,14.332247557003258,3.690036900369003,10.642210656634255,41.22340882761141
ARHVF,6,62.06896551724138,2.9940119760479043,59.07495354119348,41.22340882761141
ARI,1,9.79020979020979,2.5974025974025974,7.192807192807193,-19.03182841946974
ARI,8,16.176470588235293,2.0905923344947737,14.08587825374052,-19.03182841946974
ARIZF,2,17.02127659574468,4.57516339869281,12.44611319705187,-17.142326545960884
ARKAF,1,16.85082872928177,7.18954248366013,9.661286245621639,26.35451478744319
ARKAF,4,8.75,1.0101010101010102,7.73989898989899,26.35451478744319
ARKAF,7,20.0,4.444444444444445,15.555555555555555,26.35451478744319
ARKAY,1,14.7766323024055,4.477611940298507,10.299020362106994,28.56748764488441
ARKAY,7,20.0,4.678362573099415,15.321637426900585,28.56748764488441
ARKR,1,15.584415584415584,7.18954248366013,8.394873100755454,-24.1049427690356
ARKR,5,12.610619469026547,5.185185185185185,7.425434283841362,-24.1049427690356
ARL,2,15.060240963855422,6.944444444444445,8.115796519410978,-15.866796798947156
ARL,6,11.926605504587156,5.921052631578947,6.0055528730082095,-15.866796798947156
ARLP,4,11.496746203904555,1.6666666666666667,9.83007953723789,-16.86469561132195
ARLP,8,15.217391304347828,2.0905923344947737,13.126798969853054,-16.86469561132195
ARLUF,1,12.587412587412588,4.225352112676056,8.362060474736532,55.94418409530122
ARLUF,7,16.5266106442577,5.825242718446602,10.701367925811098,55.94418409530122
ARMC,1,14.7766323024055,0.6652957542034595,14.111336548202042,-32.02416898843865
ARMC,4,11.620294599018004,4.132231404958678,7.488063194059326,-32.02416898843865
ARMC,6,7.84313725490196,0.4524247136999859,7.390712541201974,-32.02416898843865
ARMK,6,8.870967741935484,3.5211267605633805,5.349840981372104,-20.649966624299072
ARMN,3,14.332247557003258,6.0,8.332247557003258,2.754094002762474
ARMN,7,20.0,4.294478527607362,15.705521472392638,2.754094002762474
ARMP,1,11.304347826086955,3.3854166666666665,7.918931159420289,-13.82410283686016
ARNI,6,12.910798122065728,6.140350877192982,6.770447244872746,33.75796107499784
AROC,4,11.496746203904555,1.0101010101010102,10.486645193803545,-14.35124018291883
AROW,2,10.625,4.326923076923077,6.298076923076923,3.194775564983679
AROW,4,15.903614457831324,5.376344086021505,10.52727037180982,3.194775564983679
AROW,8,7.623318385650224,2.0905923344947737,5.53272605115545,3.194775564983679
ARPC,3,10.294117647058822,5.128205128205128,5.165912518853695,-97.02005735751436
ARPC,8,11.76470588235294,3.343465045592705,8.421240836760235,-97.02005735751436
ARQ,7,10.416666666666668,2.8169014084507045,7.599765258215964,-54.42658136100492
ARR,4,11.620294599018004,3.4246575342465757,8.195637064771429,-35.386258220973666
ARR,6,12.910798122065728,3.065134099616858,9.84566402244887,-35.386258220973666
ARR,9,7.575757575757576,1.9417475728155336,5.634010002942043,-35.386258220973666
ARREF,7,10.869565217391305,4.545454545454546,6.324110671936759,80.28418869570402
ARREF,9,8.125,1.910828025477707,6.2141719745222925,80.28418869570402
ARRNF,8,5.88235294117647,0.3988341770210155,5.483518764155455,
ARRPY,9,5.777777777777778,0.3528468323977546,5.424930945380023,
ARRT,8,5.666666666666666,0.3988341770210155,5.2678324896456505,
ARSC,2,12.0,5.365853658536586,6.634146341463414,-36.666667713596496
ARSC,5,14.285714285714285,8.98876404494382,5.296950240770464,-36.666667713596496
ARSEF,7,11.304347826086955,4.444444444444445,6.859903381642511,0.0
ARSMF,9,6.565656565656567,0.3528468323977546,6.212809733258812,
ARSRF,4,9.019607843137257,0.4798340033718065,8.53977383976545,
ARSUF,8,10.024449877750612,4.666666666666667,5.357783211083945,
ARTH,3,18.0,11.267605633802818,6.732394366197182,-28.40757904268528
ARTH,9,9.58904109589041,3.1358885017421603,6.45315259414825,-28.40757904268528
ARTNA,2,18.75,6.097560975609756,12.652439024390244,3.614033893374148
ARTNA,5,10.650887573964498,3.076923076923077,7.5739644970414215,3.614033893374148
ARTNA,8,9.405940594059404,4.040404040404041,5.365536553655363,3.614033893374148
ARTNB,3,11.9533527696793,3.589743589743589,8.363609179935711,7.062152356747475
ARTNB,6,11.926605504587156,3.065134099616858,8.861471404970299,7.062152356747475
ARTTF,6,11.604095563139932,3.8461538461538463,7.757941716986085,
ARTZF,2,15.060240963855422,0.5821875387092779,14.478053425146145,205.71428026471816
ARTZF,4,15.584415584415584,8.47457627118644,7.109839313229145,205.71428026471816
ARTZF,7,10.227272727272728,0.5016969160395455,9.725575811233183,205.71428026471816
ARUXF,1,7.784431137724551,2.6537997587454765,5.130631378979075,-30.769225478877537
ARUXF,8,9.523809523809524,2.247191011235955,7.2766185125735685,-30.769225478877537
ARW,9,9.266409266409266,2.272727272727273,6.993681993681992,50.5185070660234
ARWD,3,9.523809523809524,3.690036900369003,5.83377262344052,-80.85208349982234
ARWD,9,11.347517730496454,4.329004329004329,7.018513401492125,-80.85208349982234
ARWR,1,15.584415584415584,7.0588235294117645,8.52559205500382,62.17801705459725
ARXRF,4,21.03004291845493,10.085836909871244,10.944206008583688,34.736846955364456
ARXRF,8,15.09433962264151,2.931596091205212,12.162743531436298,34.736846955364456
ARYC,7,20.0,9.266409266409266,10.733590733590734,-99.66045296370524
ARYMF,7,9.747292418772563,3.755868544600939,5.991423874171624,782.3529435100564
ARYX,6,8.49056603773585,1.282051282051282,7.2085147556845675,27.77778115525684
ARYX,9,11.650485436893204,3.7593984962406015,7.8910869406526025,27.77778115525684
ARZGF,1,10.476190476190476,5.172413793103448,5.303776683087028,7.0594273636805145
ARZGY,9,13.333333333333334,2.272727272727273,11.06060606060606,7.709162198059721
ASA,1,12.048192771084338,5.447470817120623,6.600721953963715,56.13561878371278
ASAPF,1,9.230769230769232,3.3854166666666665,5.845352564102566,25.71933587440465
ASAPQ,9,7.142857142857142,1.9417475728155336,5.201109570041609,
ASASF,9,7.368421052631578,1.9230769230769231,5.4453441295546545,-21.42857218883475
ASAZF,2,9.655172413793103,0.5821875387092779,9.072984875083826,27.23280387817561
ASAZF,5,11.519607843137257,5.202312138728324,6.317295704408933,27.23280387817561
ASAZF,9,15.774647887323944,6.666666666666667,9.107981220657276,27.23280387817561
ASAZY,1,10.981308411214954,3.658536585365853,7.322771825849101,24.90451439371459
ASAZY,9,15.774647887323944,6.666666666666667,9.107981220657276,24.90451439371459
ASB,6,5.202312138728324,0.0,5.202312138728324,7.325774464684703
ASBFF,2,17.5,4.326923076923077,13.173076923076923,-11.061081692375504
ASBFF,6,13.958810068649884,5.384615384615385,8.574194684034499,-11.061081692375504
ASBFY,2,17.5,4.326923076923077,13.173076923076923,-12.02319348739445
ASBFY,6,13.958810068649884,4.487179487179487,9.471630581470396,-12.02319348739445
ASBRF,1,15.584415584415584,7.575757575757576,8.008658008658008,-4.886020440434018
ASBRF,4,11.620294599018004,5.864197530864197,5.7560970681538075,-4.886020440434018
ASC,2,12.849162011173185,4.059040590405904,8.790121420767282,-53.80478269146253
ASCCF,2,13.541666666666666,3.5000000000000004,10.041666666666666,44.74475035211489
ASCCF,7,10.588235294117649,4.444444444444445,6.143790849673204,44.74475035211489
ASCCY,7,10.588235294117649,3.4552845528455287,7.13295074127212,
ASCJF,3,14.332247557003258,7.428571428571429,6.9036761284318295,-5.016807184218257
ASCJF,8,10.493827160493826,1.9900497512437807,8.503777409250045,-5.016807184218257
ASCK,2,14.84375,9.70873786407767,5.135012135922331,
ASCK,3,9.70873786407767,3.690036900369003,6.018700963708666,
ASCN,2,15.060240963855422,6.334841628959276,8.725399334896146,6.883003393661215
ASCN,7,17.80821917808219,9.266409266409266,8.541809911672924,6.883003393661215
ASCN,8,9.266409266409266,3.508771929824561,5.757637336584704,6.883003393661215
ASCS,3,14.332247557003258,2.3255813953488373,12.00666616165442,10.294117647058822
ASCS,7,16.5266106442577,10.493827160493826,6.032783483763875,10.294117647058822
ASCS,9,8.045977011494253,2.8169014084507045,5.229075603043549,10.294117647058822
ASDRF,2,7.6923076923076925,0.5821875387092779,7.110120153598414,-18.875501628299
ASDRF,7,8.540925266903916,2.832244008714597,5.708681258189319,-18.875501628299
ASDZF,3,12.015503875968992,5.172413793103448,6.843090082865544,-16.415695088079037
ASEKY,1,10.126582278481012,2.6537997587454765,7.472782519735535,7.0252163612487335
ASFT,8,11.76470588235294,4.62962962962963,7.1350762527233105,
ASFX,2,17.46031746031746,6.451612903225806,11.008704557091653,-78.44827653796985
ASFX,6,13.86861313868613,5.147058823529411,8.72155431515672,-78.44827653796985
ASFX,8,8.653846153846153,0.3988341770210155,8.255011976825138,-78.44827653796985
ASFZ,7,8.333333333333332,2.145922746781116,6.187410586552216,-3.8461538461523768
ASGLY,1,10.981308411214954,4.477611940298507,6.503696470916447,54.49662304379954
ASGLY,5,10.085836909871244,4.844290657439446,5.241546252431798,54.49662304379954
ASGN,2,12.849162011173185,6.336633663366337,6.512528347806848,89.09301729579812
ASGN,4,11.650485436893204,4.9079754601227,6.742509976770504,89.09301729579812
ASGN,7,20.0,7.051282051282051,12.948717948717949,89.09301729579812
ASGOF,2,13.513513513513514,7.865168539325842,5.648344974187672,
ASGOF,4,11.267605633802818,5.952380952380952,5.315224681421866,
ASGTF,2,7.352941176470589,0.966183574879227,6.386757601591362,73.58105866377775
ASGTF,4,11.496746203904555,1.0101010101010102,10.486645193803545,73.58105866377775
ASGTF,6,13.958810068649884,2.0408163265306123,11.917993742119272,73.58105866377775
ASGXF,2,9.655172413793103,0.5821875387092779,9.072984875083826,-67.84565987863984
ASH,1,11.447811447811448,2.6537997587454765,8.794011689065972,17.550214588669448
ASH,8,7.623318385650224,2.0905923344947737,5.53272605115545,17.550214588669448
ASHI,3,8.333333333333332,2.8735632183908044,5.459770114942527,-44.444445824181535
ASHTF,4,15.903614457831324,4.9079754601227,10.995638997708625,168.7486716824335
ASHTF,6,11.604095563139932,6.086956521739131,5.517139041400801,168.7486716824335
ASHTY,4,15.903614457831324,4.9079754601227,10.995638997708625,168.96247960922508
ASHTY,6,11.604095563139932,6.086956521739131,5.517139041400801,168.96247960922508
ASHXF,2,17.02127659574468,11.9533527696793,5.06792382606538,393.6507690595609
ASHXF,3,11.9533527696793,3.690036900369003,8.263315869310297,393.6507690595609
ASII,2,11.67883211678832,4.57516339869281,7.103668718095509,99.21144526391832
ASII,9,11.347517730496454,3.7593984962406015,7.588119234255853,99.21144526391832
ASIX,6,12.761506276150628,4.651162790697675,8.110343485452955,
ASKE,2,11.304347826086955,4.326923076923077,6.977424749163879,0.0
ASKE,6,7.84313725490196,0.4524247136999859,7.390712541201974,0.0
ASKH,7,9.747292418772563,4.545454545454546,5.201837873318017,352.72377303098506
ASLM,2,14.457831325301203,9.230769230769232,5.227062094531972,-59.27168138950709
ASMB,8,7.575757575757576,2.0,5.575757575757576,-76.82254469381391
ASMIY,7,20.0,4.605263157894736,15.394736842105264,
ASML,1,9.230769230769232,2.6537997587454765,6.576969472023755,189.2115094634733
ASML,7,20.0,6.722689075630252,13.277310924369747,189.2115094634733
ASMLF,1,9.230769230769232,2.6537997587454765,6.576969472023755,192.9328094880068
ASMLF,7,20.0,6.722689075630252,13.277310924369747,192.9328094880068
ASMVY,3,10.294117647058822,4.3478260869565215,5.946291560102301,-16.46490634412279
ASMVY,6,11.604095563139932,4.62962962962963,6.974465933510302,-16.46490634412279
ASMVY,9,14.592274678111588,9.210526315789473,5.381748362322115,-16.46490634412279
ASNCF,8,10.687022900763358,3.343465045592705,7.343557855170653,175.86327453268945
ASND,2,12.244897959183673,6.6115702479338845,5.633327711249788,
ASND,5,10.085836909871244,4.878048780487805,5.207788129383439,
ASND,7,20.0,7.6923076923076925,12.307692307692307,
ASNHF,3,10.625,5.128205128205128,5.496794871794872,27.906970625137426
ASNHF,4,5.128205128205128,0.0,5.128205128205128,27.906970625137426
ASNHF,6,11.475409836065571,0.4524247136999859,11.022985122365586,27.906970625137426
ASNHF,8,8.653846153846153,3.508771929824561,5.145074224021592,27.906970625137426
ASOMF,1,10.981308411214954,3.2710280373831773,7.710280373831777,47.571427481515066
ASOMF,7,9.747292418772563,4.545454545454546,5.201837873318017,47.571427481515066
ASOMY,1,10.981308411214954,3.260869565217391,7.720438845997563,-9.509490792896113
ASOMY,4,11.496746203904555,5.864197530864197,5.6325486730403584,-9.509490792896113
ASOZF,1,14.814814814814811,4.477611940298507,10.337202874516304,41.53138164981361
ASOZF,5,9.649122807017545,3.389830508474576,6.259292298542968,41.53138164981361
ASOZF,9,12.258064516129032,0.3528468323977546,11.905217683731278,41.53138164981361
ASOZY,9,11.650485436893204,5.494505494505495,6.155979942387709,
ASPN,2,13.513513513513514,4.059040590405904,9.454472923107609,682.1237291781542
ASPN,4,11.496746203904555,0.0,11.496746203904555,682.1237291781542
ASPR,2,31.03448275862069,6.334841628959276,24.699641129661416,200.000021827838
ASPS,5,10.27027027027027,3.79746835443038,6.47280191583989,-49.2319466979249
ASPT,2,31.03448275862069,6.334841628959276,24.699641129661416,650.0000254661256
ASPT,6,13.86861313868613,5.384615384615385,8.483997754070746,650.0000254661256
ASPU,6,11.926605504587156,3.225806451612903,8.700799052974254,-4.473816209519004
ASPW,2,13.375796178343949,6.557377049180328,6.818419129163621,-82.60869647742588
ASPW,7,10.588235294117649,5.05050505050505,5.537730243612598,-82.60869647742588
ASPZ,1,15.584415584415584,3.260869565217391,12.323546019198194,1883.884303875764
ASPZ,4,9.019607843137257,2.272727272727273,6.746880570409983,1883.884303875764
ASR,1,9.79020979020979,2.631578947368421,7.158630842841369,16.949458737795073
ASR,4,10.256410256410255,3.4246575342465757,6.83175272216368,16.949458737795073
ASR,9,10.084033613445378,4.761904761904762,5.322128851540616,16.949458737795073
ASRMF,2,17.5,6.336633663366337,11.163366336633663,2.360390487063466
ASRMF,6,12.910798122065728,3.065134099616858,9.84566402244887,2.360390487063466
ASRT,2,12.244897959183673,4.57516339869281,7.669734560490863,-77.18495895069269
ASRT,4,11.496746203904555,4.975124378109453,6.521621825795102,-77.18495895069269
ASRV,8,8.653846153846153,2.0905923344947737,6.563253819351379,-6.034273554239335
ASTA,7,11.304347826086955,5.666666666666666,5.637681159420289,
ASTC,9,11.180124223602483,1.9417475728155336,9.23837665078695,-35.54140211991068
ASTE,1,16.85082872928177,2.6537997587454765,14.197028970536293,70.69415251368987
ASTE,4,11.267605633802818,5.369127516778524,5.898478117024294,70.69415251368987
ASTH,2,12.244897959183673,0.5821875387092779,11.662710420474395,502.6147321478551
ASTO,7,10.227272727272728,5.05050505050505,5.176767676767678,-18.918916741977927
ASTO,9,10.084033613445378,1.9230769230769231,8.160956690368455,-18.918916741977927
ASTVF,3,18.0,10.256410256410255,7.7435897435897445,29.743585831079702
ASTVF,4,10.256410256410255,2.702702702702702,7.553707553707554,29.743585831079702
ASTVF,8,17.02127659574468,2.931596091205212,14.08968050453947,29.743585831079702
ASWRF,6,11.604095563139932,5.607476635514018,5.996618927625914,194.9429062185872
ASX,1,10.981308411214954,5.447470817120623,5.533837594094331,49.6533958639453
ASX,7,20.0,3.4552845528455287,16.54471544715447,49.6533958639453
ASX,9,15.774647887323944,9.210526315789473,6.564121571534471,49.6533958639453
ASXFF,1,10.981308411214954,3.2710280373831773,7.710280373831777,0.9736475306799124
ASXFF,4,15.903614457831324,10.085836909871244,5.81777754796008,0.9736475306799124
ASXFY,1,16.85082872928177,3.260869565217391,13.589959164064378,4.640471355868572
ASXFY,6,12.910798122065728,6.63265306122449,6.278145060841238,4.640471355868572
ASXSF,1,12.587412587412588,2.6537997587454765,9.933612828667112,117.40740134474036
ASXSF,5,16.666666666666664,8.280254777070063,8.386411889596602,117.40740134474036
ASYS,1,16.85082872928177,2.6537997587454765,14.197028970536293,106.76486858735528
ASYS,3,13.286713286713288,5.323193916349809,7.963519370363479,106.76486858735528
ASYS,6,13.958810068649884,3.8461538461538463,10.112656222496037,106.76486858735528
ASYS,9,15.774647887323944,1.4035087719298245,14.371139115394119,106.76486858735528
ATAZF,1,16.85082872928177,7.7490774907749085,9.10175123850686,36.09422534251837
ATAZF,3,8.423913043478262,2.8735632183908044,5.550349825087457,36.09422534251837
ATAZF,7,11.891891891891891,2.832244008714597,9.059647883177295,36.09422534251837
ATBHF,3,13.286713286713288,7.82122905027933,5.465484236433959,-36.0400165223444
ATBHF,7,10.588235294117649,4.294478527607362,6.2937567665102865,-36.0400165223444
ATBPF,2,14.84375,6.349206349206349,8.494543650793652,-72.54117660604959
ATBPF,5,10.218978102189782,3.389830508474576,6.829147593715206,-72.54117660604959
ATBPF,7,16.5266106442577,4.545454545454546,11.981156098803154,-72.54117660604959
ATCC,5,17.543859649122805,3.7800687285223367,13.763790920600467,856.2406245024274
ATCD,1,15.584415584415584,0.6652957542034595,14.919119830212125,-1.17759765625
ATCD,7,20.0,4.444444444444445,15.555555555555555,-1.17759765625
ATCMF,5,16.666666666666664,2.272727272727273,14.393939393939391,74.02489783723621
ATCN,9,11.728395061728394,4.3478260869565215,7.380568974771872,-10.90723782390779
ATCUF,3,8.423913043478262,2.702702702702702,5.72121034077556,311.67882290727016
ATCV,6,10.1010101010101,3.968253968253968,6.132756132756132,-84.67153218511247
ATDRY,9,13.333333333333334,6.25,7.083333333333334,
ATDS,7,20.0,4.545454545454546,15.454545454545453,-99.78968647448905
ATEC,4,11.496746203904555,5.952380952380952,5.544365251523604,118.60095522082108
ATEC,7,10.416666666666668,3.636363636363636,6.780303030303032,118.60095522082108
ATEN,2,15.18987341772152,4.326923076923077,10.862950340798443,106.29765190491862
ATEX,1,10.981308411214954,3.1630170316301705,7.8182913795847835,
ATEX,3,12.015503875968992,3.11284046692607,8.902663409042923,
ATEX,6,13.958810068649884,4.651162790697675,9.30764727795221,
ATEYY,1,11.447811447811448,2.6537997587454765,8.794011689065972,76.6793914480896
ATEYY,4,15.903614457831324,9.395973154362416,6.507641303468908,76.6793914480896
ATEYY,5,9.395973154362416,3.5211267605633805,5.874846393799036,76.6793914480896
ATGE,4,11.620294599018004,4.9079754601227,6.712319138895304,5.511853454437677
ATGE,7,16.5266106442577,4.225352112676056,12.301258531581645,5.511853454437677
ATGFF,6,10.1010101010101,3.491271820448877,6.609738280561223,35.69965599698236
ATGGF,8,16.3265306122449,1.98019801980198,14.346332592442918,
ATGN,1,14.7766323024055,2.6537997587454765,12.122832543660024,90.22222306993272
ATGN,3,10.625,3.690036900369003,6.9349630996309966,90.22222306993272
ATGN,7,9.064327485380115,3.4552845528455287,5.609042932534587,90.22222306993272
ATGN,9,13.333333333333334,5.769230769230769,7.564102564102565,90.22222306993272
ATGVF,8,9.405940594059404,3.937007874015748,5.4689327200436555,
ATHC,2,9.734513274336283,3.5000000000000004,6.234513274336283,95.30601292531968
ATHC,4,11.620294599018004,0.4798340033718065,11.140460595646198,95.30601292531968
ATHC,8,9.01639344262295,3.7735849056603774,5.242808536962573,95.30601292531968
ATHM,1,8.98876404494382,2.6537997587454765,6.334964286198344,-45.83494331055513
ATHM,7,16.5266106442577,4.294478527607362,12.23213211665034,-45.83494331055513
ATHM,9,14.592274678111588,3.7593984962406015,10.832876181870986,-45.83494331055513
ATHOF,4,8.571428571428571,1.0101010101010102,7.561327561327561,93.43831864965348
ATHOF,7,11.612903225806452,4.643962848297214,6.968940377509238,93.43831864965348
ATI,1,9.230769230769232,3.1630170316301705,6.067752199139061,-15.236428627553526
ATI,5,30.46875,7.894736842105263,22.574013157894736,-15.236428627553526
ATIG,2,14.457831325301203,8.571428571428571,5.886402753872632,4850.0001913576425
ATIG,3,8.571428571428571,0.4710975299210593,8.100331041507513,4850.0001913576425
ATIW,2,31.03448275862069,10.95890410958904,20.075578649031648,99.33333445092047
ATIW,3,10.95890410958904,4.3478260869565215,6.611078022632519,99.33333445092047
ATKR,4,11.496746203904555,4.9079754601227,6.588770743781855,
ATKR,8,15.217391304347828,8.762886597938143,6.4545047064096845,
ATLC,2,13.375796178343949,0.5821875387092779,12.793608639634671,574.5399968791011
ATLC,8,13.47517730496454,5.555555555555555,7.919621749408984,574.5399968791011
ATLCY,1,10.981308411214954,2.6537997587454765,8.327508652469477,74.89152696476187
ATLCY,6,11.604095563139932,3.5211267605633805,8.082968802576552,74.89152696476187
ATLCY,9,14.592274678111588,2.4242424242424243,12.168032253869164,74.89152696476187
ATLFF,1,16.85082872928177,2.5974025974025974,14.253426131879172,121.59091229281152
ATLFF,6,12.761506276150628,5.58659217877095,7.174914097379679,121.59091229281152
ATLFF,9,13.333333333333334,5.769230769230769,7.564102564102565,121.59091229281152
ATLKY,1,10.981308411214954,2.6537997587454765,8.327508652469477,81.52295580440749
ATLKY,6,11.604095563139932,3.5211267605633805,8.082968802576552,81.52295580440749
ATLKY,9,14.592274678111588,2.4242424242424243,12.168032253869164,81.52295580440749
ATLO,9,8.045977011494253,2.272727272727273,5.77324973876698,-15.364526252751537
ATLPF,1,10.981308411214954,2.6537997587454765,8.327508652469477,110.71478080333596
ATLPF,9,14.592274678111588,2.4242424242424243,12.168032253869164,110.71478080333596
ATMH,2,12.0,6.557377049180328,5.442622950819672,-59.99068302599413
ATMH,8,9.405940594059404,2.7649769585253456,6.640963635534058,-59.99068302599413
ATNI,2,17.5,6.349206349206349,11.150793650793652,-20.225237029353423
ATNI,4,21.03004291845493,1.0101010101010102,20.01994190835392,-20.225237029353423
ATNI,7,16.5266106442577,10.687022900763358,5.839587743494343,-20.225237029353423
ATNI,8,10.687022900763358,2.931596091205212,7.755426809558146,-20.225237029353423
ATNM,5,10.085836909871244,3.896103896103896,6.189733013767348,19.13477343266496
ATNM,8,9.266409266409266,2.185792349726776,7.080616916682489,19.13477343266496
ATNNF,4,11.496746203904555,0.4798340033718065,11.016912200532749,47.21457444453838
ATNNF,8,5.666666666666666,0.3988341770210155,5.2678324896456505,47.21457444453838
ATNPQ,6,8.80281690140845,2.419354838709677,6.383462062698773,0.0
ATNPQ,9,12.258064516129032,0.3528468323977546,11.905217683731278,0.0
ATO,3,11.9533527696793,3.589743589743589,8.363609179935711,-20.48143149210172
ATO,8,9.266409266409266,3.7593984962406015,5.507010770168664,-20.48143149210172
ATOM,7,20.0,7.042253521126761,12.95774647887324,
ATONF,5,10.714285714285714,3.636363636363636,7.077922077922078,-40.00000082784226
ATONY,1,10.606060606060606,3.3854166666666665,7.2206439393939394,-38.34951663064463
ATONY,5,12.195121951219512,3.389830508474576,8.805291442744936,-38.34951663064463
ATONY,9,11.650485436893204,4.444444444444445,7.206040992448759,-38.34951663064463
ATOR,3,10.294117647058822,1.7482517482517483,8.545865898807074,-54.54545553065526
ATOR,7,10.588235294117649,4.643962848297214,5.944272445820435,-54.54545553065526
ATOS,1,14.7766323024055,2.6537997587454765,12.122832543660024,83.77293364728303
ATOS,3,14.332247557003258,5.323193916349809,9.009053640653448,83.77293364728303
ATOXF,2,17.02127659574468,11.971830985915492,5.049445609829188,-29.403113736918108
ATOXF,3,11.971830985915492,5.325443786982249,6.646387198933243,-29.403113736918108
ATOXF,5,10.218978102189782,2.272727272727273,7.9462508294625085,-29.403113736918108
ATR,2,17.5,10.294117647058822,7.2058823529411775,3.734471797138372
ATR,8,10.687022900763358,5.172413793103448,5.5146091076599095,3.734471797138372
ATRA,1,12.587412587412588,5.7324840764331215,6.854928510979467,39.38210085708591
ATRA,8,9.01639344262295,3.7593984962406015,5.256994946382349,39.38210085708591
ATRC,2,14.457831325301203,6.336633663366337,8.121197661934866,162.2466485651374
ATRC,8,15.217391304347828,5.714285714285714,9.503105590062113,162.2466485651374
ATRO,1,10.981308411214954,3.0534351145038165,7.927873296711137,-51.87136872733877
ATRO,4,11.620294599018004,1.6666666666666667,9.953627932351338,-51.87136872733877
ATRO,8,11.76470588235294,3.7593984962406015,8.005307386112339,-51.87136872733877
ATROB,1,10.981308411214954,3.0534351145038165,7.927873296711137,-51.78001081829014
ATROB,4,11.620294599018004,1.6666666666666667,9.953627932351338,-51.78001081829014
ATROB,8,11.76470588235294,3.7593984962406015,8.005307386112339,-51.78001081829014
ATRX,5,11.519607843137257,4.844290657439446,6.675317185697811,144.42391798649496
ATS,8,10.024449877750612,4.666666666666667,5.357783211083945,140.80933896792178
ATSG,1,11.304347826086955,5.387205387205387,5.9171424388815685,23.34589549682019
ATSG,3,10.294117647058822,4.9079754601227,5.386142186936122,23.34589549682019
ATSG,9,10.084033613445378,4.66321243523316,5.4208211782122175,23.34589549682019
ATTBF,3,14.332247557003258,7.317073170731707,7.015174386271552,-60.2931470195903
ATTBF,5,10.27027027027027,4.848484848484849,5.4217854217854216,-60.2931470195903
ATTOF,1,9.79020979020979,3.2710280373831773,6.519181752826613,97.54964243302516
ATTOF,6,12.910798122065728,5.970149253731343,6.940648868334385,97.54964243302516
ATTRF,3,9.230769230769232,3.589743589743589,5.641025641025642,-16.091952290524272
ATTRF,6,8.860759493670885,0.4524247136999859,8.4083347799709,-16.091952290524272
ATUSF,1,11.76470588235294,5.387205387205387,6.377500495147554,49.78754435578384
ATVK,2,17.5,6.334841628959276,11.165158371040725,150.87719504275904
ATVK,6,13.958810068649884,3.8461538461538463,10.112656222496037,150.87719504275904
ATWT,2,12.790697674418606,6.0606060606060606,6.7300916138125455,-93.31483341697133
ATWT,7,9.45945945945946,4.273504273504273,5.185955185955186,-93.31483341697133
ATXG,8,16.176470588235293,5.617977528089887,10.558493060145405,
ATXG,9,5.617977528089887,0.3528468323977546,5.265130695692132,
ATXMF,2,7.18954248366013,0.5821875387092779,6.607354944950853,0.0
ATXMF,4,8.75,2.272727272727273,6.477272727272727,0.0
ATXS,7,10.416666666666668,4.225352112676056,6.191314553990612,
ATYG,1,13.043478260869565,5.172413793103448,7.871064467766116,865.0000556610318
ATYG,3,11.971830985915492,0.4710975299210593,11.500733455994434,865.0000556610318
ATYG,6,8.0,0.4524247136999859,7.547575286300014,865.0000556610318
AU,1,19.047619047619047,6.521739130434782,12.525879917184266,-21.07515582718161
AU,3,9.230769230769232,2.702702702702702,6.52806652806653,-21.07515582718161
AU,9,24.873096446700508,10.0,14.873096446700508,-21.07515582718161
AUCM,2,17.46031746031746,0.5821875387092779,16.87812992160818,0.0
AUDAQ,1,10.126582278481012,2.9702970297029703,7.156285248778041,10.344827870508714
AUDC,4,11.496746203904555,4.9079754601227,6.588770743781855,73.15624786370078
AUDC,6,8.860759493670885,2.9940119760479043,5.866747517622981,73.15624786370078
AUDC,9,14.592274678111588,6.666666666666667,7.925608011444921,73.15624786370078
AUGG,4,11.496746203904555,4.975124378109453,6.521621825795102,19.7571743566287
AUIAF,5,12.698412698412698,4.0,8.698412698412698,
AUIAF,9,13.333333333333334,4.329004329004329,9.004329004329005,
AUKNY,4,11.620294599018004,2.380952380952381,9.239342218065623,-5.340814043878424
AUKUF,1,10.981308411214954,5.447470817120623,5.533837594094331,-32.77853922982931
AUKUF,7,17.80821917808219,7.575757575757576,10.232461602324614,-32.77853922982931
AUKUF,8,7.575757575757576,2.185792349726776,5.3899652260307995,-32.77853922982931
AUMN,9,10.084033613445378,1.7241379310344829,8.359895682410896,94.14414414414416
AUNXF,9,11.728395061728394,3.125,8.603395061728394,174.41666378215575
AUPH,7,10.416666666666668,4.0,6.416666666666668,339.0480090122911
AUPH,9,24.873096446700508,3.1358885017421603,21.73720794495835,339.0480090122911
AURT,3,14.814814814814811,0.4710975299210593,14.343717284893753,0.0
AURT,6,13.958810068649884,6.25,7.708810068649884,0.0
AURWF,8,10.687022900763358,0.3988341770210155,10.288188723742342,
AURX,7,9.747292418772563,4.643962848297214,5.103329570475349,
AUSDF,4,11.496746203904555,5.952380952380952,5.544365251523604,-49.16813588263509
AUSDF,7,9.747292418772563,3.4552845528455287,6.292007865927035,-49.16813588263509
AUSTF,6,8.98876404494382,0.4524247136999859,8.536339331243836,43.00517833883504
AUSVF,4,11.620294599018004,5.864197530864197,5.7560970681538075,62.65180965991512
AUSVF,8,35.13513513513514,5.459057071960298,29.676078063174838,62.65180965991512
AUTLF,5,10.679611650485436,3.636363636363636,7.0432480141218,-53.78708563537636
AUTLF,7,8.540925266903916,2.2222222222222223,6.318703044681693,-53.78708563537636
AUTR,5,16.666666666666664,7.84313725490196,8.823529411764705,-54.54545214017891
AUTR,6,7.84313725490196,2.419354838709677,5.4237824161922825,-54.54545214017891
AUVGF,7,11.891891891891891,4.225352112676056,7.666539779215835,37.49988097685613
AVA,3,11.9533527696793,3.589743589743589,8.363609179935711,-16.55071429439556
AVA,6,11.475409836065571,5.454545454545454,6.020864381520117,-16.55071429439556
AVACF,7,16.5266106442577,4.643962848297214,11.882647795960487,
AVAL,6,12.910798122065728,6.944444444444445,5.966353677621283,-24.034224569629743
AVAV,6,13.958810068649884,2.9940119760479043,10.96479809260198,48.098468439110455
AVAV,8,10.024449877750612,3.343465045592705,6.6809848321579075,48.098468439110455
AVB,3,11.18421052631579,4.891304347826087,6.2929061784897025,1.953264803443926
AVB,5,12.610619469026547,4.958677685950414,7.651941783076134,1.953264803443926
AVB,8,15.217391304347828,3.7593984962406015,11.457992808107226,1.953264803443926
AVBH,1,15.584415584415584,0.6652957542034595,14.919119830212125,-6.166529665415438
AVBH,4,11.620294599018004,4.9079754601227,6.712319138895304,-6.166529665415438
AVCRF,1,14.814814814814811,5.172413793103448,9.642401021711363,497.89064258415794
AVCRF,3,11.9533527696793,3.690036900369003,8.263315869310297,497.89064258415794
AVCVF,3,11.258278145695364,3.11284046692607,8.145437678769294,9.12332925031552
AVD,3,12.087912087912088,6.334841628959276,5.753070458952812,12.983054442307516
AVD,9,9.266409266409266,2.272727272727273,6.993681993681992,12.983054442307516
AVDL,3,14.332247557003258,6.334841628959276,7.997405928043983,153.67854322861342
AVEFF,5,20.33898305084746,3.0303030303030303,17.30868002054443,0.0
AVEW,5,10.27027027027027,3.389830508474576,6.880439761795694,85.18518817942923
AVGO,4,15.903614457831324,10.085836909871244,5.81777754796008,70.31452671926056
AVGO,6,12.910798122065728,3.225806451612903,9.684991670452824,70.31452671926056
AVGR,2,17.5,9.243697478991598,8.256302521008402,
AVGR,4,8.24742268041237,1.6666666666666667,6.580756013745703,
AVHNF,2,15.060240963855422,0.5821875387092779,14.478053425146145,19.63998329233392
AVHNF,6,8.80281690140845,2.419354838709677,6.383462062698773,19.63998329233392
AVHNY,8,6.756756756756757,0.3988341770210155,6.3579225797357415,
AVIFY,1,10.126582278481012,3.0534351145038165,7.073147163977195,-23.04646152522661
AVIFY,3,14.332247557003258,2.702702702702702,11.629544854300557,-23.04646152522661
AVIFY,7,10.227272727272728,3.755868544600939,6.471404182671789,-23.04646152522661
AVIJF,1,12.093023255813954,4.761904761904762,7.331118493909192,3.773592756753207
AVIJF,3,9.70873786407767,1.7482517482517483,7.960486115825921,3.773592756753207
AVIJF,8,7.623318385650224,0.0,7.623318385650224,3.773592756753207
AVIX,1,12.598425196850393,3.2710280373831773,9.327397159467216,-95.1720001079957
AVIX,3,6.097560975609756,0.4710975299210593,5.626463445688697,-95.1720001079957
AVIX,9,24.873096446700508,1.9230769230769231,22.950019523623585,-95.1720001079957
AVIZF,1,12.093023255813954,0.6652957542034595,11.427727501610494,0.0
AVIZF,3,8.96551724137931,0.4710975299210593,8.494419711458251,0.0
AVIZF,9,24.873096446700508,0.3528468323977546,24.520249614302752,0.0
AVLNF,4,21.03004291845493,6.698564593301436,14.331478325153496,
AVLNF,6,13.958810068649884,2.9940119760479043,10.96479809260198,
AVLP,4,7.428571428571429,1.0101010101010102,6.418470418470418,-76.00000053644183
AVLP,6,13.958810068649884,7.017543859649122,6.941266209000761,-76.00000053644183
AVNI,3,18.0,5.325443786982249,12.674556213017752,118.58545818370996
AVNS,1,11.447811447811448,2.6537997587454765,8.794011689065972,-24.10411687498225
AVNS,6,13.958810068649884,5.434782608695652,8.524027459954231,-24.10411687498225
AVNS,8,16.176470588235293,3.343465045592705,12.833005542642589,-24.10411687498225
AVNW,7,20.0,3.636363636363636,16.363636363636363,387.7691659667043
AVNY,7,9.747292418772563,0.5016969160395455,9.245595502733018,0.0
AVOA,1,15.584415584415584,9.655172413793103,5.929243170622481,-3.578315834583242
AVOA,8,10.024449877750612,2.7649769585253456,7.259472919225267,-3.578315834583242
AVOT,2,17.02127659574468,7.865168539325842,9.156108056418837,-83.99999947845937
AVOT,3,7.865168539325842,1.7482517482517483,6.116916791074094,-83.99999947845937
AVOZ,2,31.03448275862069,10.294117647058822,20.740365111561868,-71.7900631441426
AVOZ,4,19.480519480519483,6.122448979591836,13.358070500927646,-71.7900631441426
AVOZ,9,8.762886597938143,2.8169014084507045,5.945985189487439,-71.7900631441426
AVPI,6,18.0327868852459,4.296875,13.735911885245901,471.4285600246327
AVPI,8,8.51063829787234,2.931596091205212,5.579042206667128,471.4285600246327
AVPMF,2,15.060240963855422,6.944444444444445,8.115796519410978,-24.06103358232032
AVRI,2,17.02127659574468,5.603448275862069,11.417828319882611,8004.767951500605
AVRI,5,20.33898305084746,8.653846153846153,11.685136897001307,8004.767951500605
AVRI,7,10.588235294117649,3.755868544600939,6.8323667495167095,8004.767951500605
AVRI,9,10.0,4.444444444444445,5.555555555555555,8004.767951500605
AVRTF,7,20.0,3.937007874015748,16.062992125984252,
AVSR,9,11.650485436893204,4.3478260869565215,7.3026593499366825,120.77922326631372
AVT,4,11.650485436893204,5.369127516778524,6.28135792011468,-8.17603836011892
AVT,8,15.217391304347828,5.555555555555555,9.661835748792273,-8.17603836011892
AVTBD,8,10.024449877750612,4.072398190045249,5.952051687705364,
AVTBF,8,10.024449877750612,4.072398190045249,5.952051687705364,
AVTI,5,16.666666666666664,10.1010101010101,6.565656565656564,-73.54497451249145
AVTX,8,16.176470588235293,9.266409266409266,6.910061321826028,
AVTX,9,9.266409266409266,2.967359050445104,6.2990502159641615,
AVVH,6,13.86861313868613,5.769230769230769,8.099382369455363,48100.00092259141
AVVIY,5,12.610619469026547,2.4390243902439024,10.171595078782644,-0.1660670138479847
AVVIY,7,9.064327485380115,3.4552845528455287,5.609042932534587,-0.1660670138479847
AVXL,2,17.5,3.5000000000000004,14.0,535.2142864909708
AVXL,4,21.03004291845493,12.610619469026547,8.419423449428384,535.2142864909708
AVXL,5,12.610619469026547,5.907172995780591,6.703446473245956,535.2142864909708
AVXT,2,13.513513513513514,6.336633663366337,7.176879850147177,-89.30817660457579
AVXT,8,15.09433962264151,4.62962962962963,10.46470999301188,-89.30817660457579
AVY,6,12.761506276150628,5.434782608695652,7.326723667454976,72.97016006501902
AVY,9,15.774647887323944,6.666666666666667,9.107981220657276,72.97016006501902
AWAEF,3,9.230769230769232,1.7482517482517483,7.482517482517483,5.882356034843124
AWAEF,7,10.588235294117649,0.7042253521126761,9.884009942004973,5.882356034843124
AWAW,1,13.761467889908255,3.3854166666666665,10.37605122324159,-53.75722770900991
AWCA,5,16.666666666666664,6.289308176100629,10.377358490566035,238.23527091514944
AWCA,8,16.176470588235293,2.931596091205212,13.244874497030082,238.23527091514944
AWH,1,15.584415584415584,9.655172413793103,5.929243170622481,492.7140221026267
AWH,5,10.085836909871244,3.896103896103896,6.189733013767348,492.7140221026267
AWI,2,7.575757575757576,1.9230769230769231,5.652680652680653,-1.0572517799948389
AWK,3,11.9533527696793,3.589743589743589,8.363609179935711,40.38218028836847
AWK,6,12.761506276150628,3.225806451612903,9.535699824537726,40.38218028836847
AWLCF,4,11.267605633802818,1.0101010101010102,10.257504623701807,-73.07472927030634
AWON,2,9.655172413793103,4.059040590405904,5.596131823387199,633.6996308005415
AWR,2,18.75,6.097560975609756,12.652439024390244,-7.194295542092894
AWR,4,21.03004291845493,3.903903903903904,17.12613901455103,-7.194295542092894
AWR,6,12.761506276150628,6.711409395973154,6.050096880177475,-7.194295542092894
AWR,8,9.266409266409266,3.7593984962406015,5.507010770168664,-7.194295542092894
AWRE,1,19.047619047619047,9.090909090909092,9.956709956709956,42.30769211355093
AWRE,4,11.620294599018004,5.454545454545454,6.16574914447255,42.30769211355093
AWRE,6,8.653846153846153,3.491271820448877,5.162574333397276,42.30769211355093
AWRRF,1,12.598425196850393,2.6537997587454765,9.944625438104916,1.9347394366287487
AWRRF,4,11.620294599018004,4.9079754601227,6.712319138895304,1.9347394366287487
AWRRF,6,12.195121951219512,3.065134099616858,9.129987851602655,1.9347394366287487
AWRS,2,31.03448275862069,18.867924528301888,12.166558230318802,4900.000363797632
AWRS,3,18.867924528301888,12.82051282051282,6.047411707789069,4900.000363797632
AWRS,5,12.698412698412698,5.555555555555555,7.142857142857142,4900.000363797632
AWRS,6,5.555555555555555,0.4524247136999859,5.103130841855569,4900.000363797632
AWSL,1,12.587412587412588,5.387205387205387,7.200207200207202,242.9794322472115
AWSL,4,8.24742268041237,2.941176470588235,5.306246209824135,242.9794322472115
AWSL,8,35.13513513513514,11.180124223602483,23.955010911532653,242.9794322472115
AWX,4,11.620294599018004,4.761904761904762,6.858389837113243,80.54930373241648
AWX,8,10.687022900763358,2.931596091205212,7.755426809558146,80.54930373241648
AX,2,15.18987341772152,4.53257790368272,10.6572955140388,73.5120355023946
AX,7,20.0,7.281553398058252,12.718446601941748,73.5120355023946
AXAHF,3,7.920792079207921,2.5,5.420792079207921,4.4246802009251365
AXAHY,3,7.920792079207921,2.5,5.420792079207921,4.422226992141215
AXBSF,7,18.181818181818183,9.550561797752808,8.631256384065376,
AXCP,4,11.620294599018004,5.487804878048781,6.1324897209692235,900.0000727595263
AXCP,9,11.180124223602483,0.3528468323977546,10.82727739120473,900.0000727595263
AXDX,1,13.636363636363637,3.0534351145038165,10.58292852185982,-67.21549107938934
AXDX,4,15.903614457831324,9.876543209876544,6.02707124795478,-67.21549107938934
AXDX,5,9.876543209876544,4.844290657439446,5.0322525524370985,-67.21549107938934
AXGC,2,14.84375,3.5000000000000004,11.34375,-88.02395242453407
AXGC,5,10.27027027027027,3.7800687285223367,6.4902015417479335,-88.02395242453407
AXGC,7,11.612903225806452,4.225352112676056,7.387551113130396,-88.02395242453407
AXGC,9,7.142857142857142,0.3528468323977546,6.790010310459388,-88.02395242453407
AXGN,8,8.056872037914692,1.9900497512437807,6.066822286670911,27.09098307433144
AXL,1,11.447811447811448,3.1630170316301705,8.284794416181278,5.6294425346174455
AXL,5,12.195121951219512,3.5211267605633805,8.673995190656132,5.6294425346174455
AXL,8,16.176470588235293,6.486486486486487,9.689984101748806,5.6294425346174455
AXL,9,6.486486486486487,1.4035087719298245,5.082977714556662,5.6294425346174455
AXLX,5,10.085836909871244,3.076923076923077,7.008913832948167,-97.10144938356176
AXLX,8,10.687022900763358,3.5000000000000004,7.187022900763358,-97.10144938356176
AXNVF,7,10.227272727272728,4.72972972972973,5.497542997542999,
AXNX,9,15.774647887323944,4.49438202247191,11.280265864852034,
AXON,8,16.176470588235293,6.363636363636363,9.81283422459893,223.6513175181749
AXP,6,12.761506276150628,3.3707865168539324,9.390719759296696,47.11778899372828
AXR,4,11.496746203904555,4.132231404958678,7.364514798945877,160.91855982770102
AXR,8,8.51063829787234,2.931596091205212,5.579042206667128,160.91855982770102
AXREF,2,11.67883211678832,6.0606060606060606,5.618226056182259,185.71429635797264
AXREF,6,11.475409836065571,3.491271820448877,7.984138015616694,185.71429635797264
AXRX,8,9.523809523809524,3.5000000000000004,6.023809523809524,130.31726533468265
AXS,4,11.620294599018004,4.9079754601227,6.712319138895304,-24.74256481564939
AXS,7,11.612903225806452,5.263157894736842,6.34974533106961,-24.74256481564939
AXSM,3,10.75268817204301,3.11284046692607,7.6398477051169404,
AXSM,9,13.333333333333334,4.49438202247191,8.838951310861423,
AXTA,1,15.909090909090908,5.387205387205387,10.521885521885523,
AXTA,5,12.610619469026547,3.896103896103896,8.71451557292265,
AXTG,2,12.790697674418606,5.365853658536586,7.42484401588202,6053.799748193983
AXTG,6,18.0327868852459,0.4524247136999859,17.580362171545914,6053.799748193983
AXTG,9,11.347517730496454,2.469135802469136,8.878381928027318,6053.799748193983
AXTI,1,10.476190476190476,5.387205387205387,5.08898508898509,174.84807617133953
AXTLF,3,13.286713286713288,4.040404040404041,9.246309246309249,115.01548071527888
AXTLF,5,5.952380952380952,0.4018215912135012,5.55055936116745,115.01548071527888
AXTLF,8,35.13513513513514,5.777777777777778,29.35735735735736,115.01548071527888
AXXA,3,11.258278145695364,4.040404040404041,7.217874105291323,119.97816539151384
AXXA,9,24.873096446700508,11.258278145695364,13.614818301005144,119.97816539151384
AXXDF,9,12.258064516129032,3.1358885017421603,9.122176014386872,-51.50021759711127
AY,5,9.649122807017545,4.0,5.6491228070175445,44.386520182270885
AYAAF,1,10.981308411214954,2.5974025974025974,8.383905813812357,-35.55555570272752
AYAAF,4,8.75,0.0,8.75,-35.55555570272752
AYAAF,7,10.869565217391305,4.225352112676056,6.644213104715249,-35.55555570272752
AYAAF,9,24.873096446700508,9.32642487046632,15.546671576234187,-35.55555570272752
AYALY,1,13.636363636363637,5.084745762711865,8.551617873651772,-11.16015910331515
AYAMF,1,12.587412587412588,0.6652957542034595,11.92211683320913,
AYI,2,13.375796178343949,6.962025316455696,6.413770861888253,46.04707580148551
AYI,8,10.687022900763358,5.555555555555555,5.131467345207803,46.04707580148551
AYRO,5,12.195121951219512,3.5211267605633805,8.673995190656132,4.919614799906056
AYTU,9,7.142857142857142,1.4035087719298245,5.739348370927318,-75.54883338710617
AYURF,2,17.02127659574468,7.865168539325842,9.156108056418837,
AYURF,5,10.714285714285714,3.0303030303030303,7.683982683982683,
AYYLF,2,12.244897959183673,6.944444444444445,5.300453514739228,-12.947655521690354
AYYLF,7,10.869565217391305,3.571428571428571,7.2981366459627335,-12.947655521690354
AZFL,3,11.258278145695364,3.11284046692607,8.145437678769294,1700.000049476456
AZFL,6,8.93371757925072,3.8461538461538463,5.087563733096873,1700.000049476456
AZGFF,3,11.18421052631579,4.891304347826087,6.2929061784897025,-24.56140861470562
AZGFF,5,11.519607843137257,4.0,7.519607843137257,-24.56140861470562
AZGFF,9,9.58904109589041,1.36986301369863,8.21917808219178,-24.56140861470562
AZIHF,1,16.85082872928177,2.6537997587454765,14.197028970536293,42.77772255727426
AZIHF,3,7.920792079207921,1.7482517482517483,6.172540330956172,42.77772255727426
AZIL,1,16.85082872928177,9.090909090909092,7.759919638372677,-15.51459249443837
AZIL,2,9.090909090909092,4.059040590405904,5.031868500503188,-15.51459249443837
AZIL,9,8.045977011494253,1.9230769230769231,6.12290008841733,-15.51459249443837
AZLCZ,6,13.958810068649884,7.6923076923076925,6.266502376342191,24.076660433524992
AZLCZ,9,6.338028169014084,1.1494252873563218,5.188602881657762,24.076660433524992
AZMTF,4,11.620294599018004,5.487804878048781,6.1324897209692235,368.6346866633872
AZMTF,6,12.195121951219512,6.944444444444445,5.250677506775068,368.6346866633872
AZNVF,3,10.625,1.7482517482517483,8.876748251748252,-90.21642484124722
AZNVF,6,8.870967741935484,3.571428571428571,5.299539170506913,-90.21642484124722
AZO,2,17.5,0.966183574879227,16.533816425120772,50.43331658501488
AZO,9,11.728395061728394,6.666666666666667,5.061728395061727,50.43331658501488
AZPN,1,16.85082872928177,3.0534351145038165,13.797393614777953,10.000431470818071
AZPN,8,15.217391304347828,8.125,7.092391304347828,10.000431470818071
AZREF,5,14.285714285714285,3.896103896103896,10.38961038961039,
AZREF,7,6.086956521739131,0.7042253521126761,5.382731169626455,
AZRH,7,12.5,4.545454545454546,7.954545454545454,-94.81661823194358
AZTA,8,16.176470588235293,2.857142857142857,13.319327731092436,150.0972202671736
AZTEF,6,8.722741433021806,3.491271820448877,5.231469612572929,-8.598921514357388
AZTEF,9,9.58904109589041,2.967359050445104,6.621682045445306,-8.598921514357388
AZUL,5,17.543859649122805,8.93371757925072,8.610142069872085,
AZUL,7,9.747292418772563,3.755868544600939,5.991423874171624,
AZURF,5,11.188811188811188,3.389830508474576,7.798980680336612,229.4347511680336
AZZ,2,15.384615384615383,6.962025316455696,8.422590068159687,39.307356673934216
AZZ,8,10.0,2.0905923344947737,7.909407665505226,39.307356673934216
B,1,16.85082872928177,3.658536585365853,13.192292143915916,-20.91322303482796
B,6,12.761506276150628,4.296875,8.464631276150628,-20.91322303482796
BA,2,9.734513274336283,4.326923076923077,5.407590197413207,-35.41565668875139
BABA,4,11.496746203904555,5.864197530864197,5.6325486730403584,-14.496278710014115
BABA,6,12.910798122065728,5.555555555555555,7.355242566510173,-14.496278710014115
BABA,9,15.774647887323944,8.045977011494253,7.728670875829691,-14.496278710014115
BABB,9,14.592274678111588,0.3528468323977546,14.239427845713834,-11.68224167611382
BABL,6,13.86861313868613,5.555555555555555,8.313057583130576,599.0384550908441
BABLD,6,13.86861313868613,5.555555555555555,8.313057583130576,599.0384550908441
BABWF,5,12.610619469026547,3.0303030303030303,9.580316438723518,-61.72539408140351
BACHF,1,10.126582278481012,2.6537997587454765,7.472782519735535,-13.3663358156406
BACHF,7,10.227272727272728,2.832244008714597,7.395028718558132,-13.3663358156406
BACHF,9,9.266409266409266,0.7633587786259541,8.503050487783312,-13.3663358156406
BACHY,1,10.126582278481012,2.6537997587454765,7.472782519735535,-14.351669576919065
BACHY,7,10.227272727272728,2.832244008714597,7.395028718558132,-14.351669576919065
BACHY,9,13.333333333333334,0.7633587786259541,12.569974554707379,-14.351669576919065
BADFF,4,9.019607843137257,4.0,5.019607843137257,-1.2238812609189738
BAESF,1,7.784431137724551,2.6537997587454765,5.130631378979075,10.088471255986638
BAESF,3,12.5,4.040404040404041,8.459595959595958,10.088471255986638
BAESF,7,10.227272727272728,4.643962848297214,5.5833098789755145,10.088471255986638
BAESY,1,7.784431137724551,2.6537997587454765,5.130631378979075,8.119495030294582
BAESY,3,12.5,4.040404040404041,8.459595959595958,8.119495030294582
BAESY,7,10.227272727272728,4.643962848297214,5.5833098789755145,8.119495030294582
BAFBF,1,11.447811447811448,5.633802816901409,5.814008630910039,29.55017064335097
BAGGF,2,17.02127659574468,7.865168539325842,9.156108056418837,0.0
BAH,2,27.884615384615387,7.920792079207921,19.963823305407466,15.635108206889772
BAH,5,10.679611650485436,4.848484848484849,5.831126802000587,15.635108206889772
BAJFF,4,11.688311688311687,5.333333333333334,6.354978354978353,52.21164079899334
BAK,4,11.496746203904555,4.0,7.496746203904555,53.109840606594936
BAKPF,2,18.75,8.695652173913043,10.054347826086957,1354.6159983367777
BAKPF,5,14.285714285714285,3.076923076923077,11.208791208791208,1354.6159983367777
BAKPF,8,10.024449877750612,4.666666666666667,5.357783211083945,1354.6159983367777
BALL,1,10.981308411214954,2.6537997587454765,8.327508652469477,25.546312030312407
BALL,4,11.620294599018004,5.487804878048781,6.1324897209692235,25.546312030312407
BALL,9,15.774647887323944,10.0,5.774647887323944,25.546312030312407
BALY,9,8.035714285714286,2.967359050445104,5.068355235269182,
BAMKF,6,13.958810068649884,0.4524247136999859,13.506385354949899,
BAMKF,9,6.60377358490566,0.3528468323977546,6.2509267525079055,
BAMXF,1,14.7766323024055,2.6537997587454765,12.122832543660024,25.678404476604545
BANC,1,12.587412587412588,5.387205387205387,7.200207200207202,33.314812663501925
BANC,5,12.610619469026547,5.202312138728324,7.408307330298223,33.314812663501925
BANC,6,5.202312138728324,0.0,5.202312138728324,33.314812663501925
BANF,2,15.384615384615383,1.9230769230769231,13.46153846153846,6.050075137360608
BANF,8,7.623318385650224,2.3622047244094486,5.261113661240776,6.050075137360608
BANR,2,12.849162011173185,4.326923076923077,8.522238934250108,1.3894140451135637
BANR,8,7.623318385650224,2.0905923344947737,5.53272605115545,1.3894140451135637
BANX,2,7.352941176470589,0.966183574879227,6.386757601591362,-1.105269842227473
BANX,7,20.0,11.538461538461538,8.461538461538462,-1.105269842227473
BAOB,2,17.46031746031746,10.75268817204301,6.707629288274449,6.613889545277321
BAOB,5,9.649122807017545,2.3255813953488373,7.323541411668707,6.613889545277321
BAP,6,12.910798122065728,5.921052631578947,6.989745490486781,-45.250804465710026
BARUF,8,10.024449877750612,4.666666666666667,5.357783211083945,
BASA,3,13.286713286713288,1.6853932584269662,11.601320028286322,152.1126741610249
BASFY,1,16.85082872928177,2.6537997587454765,14.197028970536293,-1.07214670534942
BATRA,5,10.650887573964498,2.272727272727273,8.378160301237225,
BATRA,8,16.176470588235293,8.125,8.051470588235293,
BATRK,5,10.650887573964498,2.272727272727273,8.378160301237225,
BATRK,8,16.176470588235293,8.125,8.051470588235293,
BAUFF,2,17.02127659574468,7.865168539325842,9.156108056418837,140.33020411287524
BAUFF,6,11.604095563139932,3.571428571428571,8.032666991711361,140.33020411287524
BAUFF,9,8.035714285714286,2.8169014084507045,5.2188128772635825,140.33020411287524
BAX,6,12.910798122065728,3.968253968253968,8.94254415381176,-3.652323907675515
BAYP,1,16.85082872928177,7.6923076923076925,9.158521036974076,-91.64799999445675
BAYP,6,8.49056603773585,3.3707865168539324,5.119779520881917,-91.64799999445675
BAYP,9,9.375,2.702702702702702,6.672297297297298,-91.64799999445675
BAYRY,1,16.85082872928177,2.5974025974025974,14.253426131879172,-25.25792988070508
BAYRY,3,14.332247557003258,2.5,11.832247557003258,-25.25792988070508
BAYZF,1,16.85082872928177,2.5974025974025974,14.253426131879172,-25.751716967003592
BAYZF,3,14.332247557003258,2.5,11.832247557003258,-25.751716967003592
BBAL,2,17.5,8.695652173913043,8.804347826086957,-93.77593374713346
BBAL,6,13.958810068649884,1.9230769230769231,12.03573314557296,-93.77593374713346
BBAR,2,7.7490774907749085,1.9230769230769231,5.826000567697985,-2.402863719149164
BBBXF,1,13.761467889908255,5.447470817120623,8.313997072787632,-35.444579364587106
BBBXF,3,11.650485436893204,6.0,5.650485436893204,-35.444579364587106
BBCP,8,10.024449877750612,3.5000000000000004,6.524449877750612,
BBDC,3,12.087912087912088,5.172413793103448,6.915498294808639,8.48443294889521
BBGI,5,11.519607843137257,3.076923076923077,8.44268476621418,-11.145298696307968
BBLC,2,15.384615384615383,0.5821875387092779,14.802427845906106,-75.84579644527156
BBLC,5,10.679611650485436,3.389830508474576,7.28978114201086,-75.84579644527156
BBLKF,2,11.67883211678832,5.365853658536586,6.312978458251734,1235.555548638965
BBLKF,5,10.679611650485436,3.389830508474576,7.28978114201086,1235.555548638965
BBLKF,8,9.405940594059404,2.7649769585253456,6.640963635534058,1235.555548638965
BBLR,4,9.019607843137257,0.4798340033718065,8.53977383976545,-79.79864911047123
BBLR,7,11.304347826086955,2.832244008714597,8.472103817372359,-79.79864911047123
BBMPY,2,11.304347826086955,0.5821875387092779,10.722160287377678,
BBNA,2,17.5,0.5821875387092779,16.917812461290723,-19.68743496146324
BBNA,4,11.650485436893204,0.0,11.650485436893204,-19.68743496146324
BBNA,6,13.958810068649884,2.419354838709677,11.539455229940206,-19.68743496146324
BBOE,2,17.02127659574468,7.865168539325842,9.156108056418837,66.66666915019367
BBOE,5,30.46875,2.3255813953488373,28.143168604651162,66.66666915019367
BBRRF,9,11.650485436893204,1.9417475728155336,9.708737864077671,
BBRYF,6,12.910798122065728,4.296875,8.613923122065728,-0.7245764090137362
BBSEY,4,11.496746203904555,5.181347150259067,6.315399053645488,-56.53594765058134
BBSI,2,14.84375,6.336633663366337,8.507116336633663,-10.13517206244607
BBSI,4,15.903614457831324,5.369127516778524,10.534486941052801,-10.13517206244607
BBSI,7,11.891891891891891,4.643962848297214,7.247929043594677,-10.13517206244607
BBTT,2,31.03448275862069,12.5,18.53448275862069,203.3333327124519
BBU,8,16.176470588235293,4.666666666666667,11.509803921568626,
BBUCQ,2,15.060240963855422,8.423913043478262,6.636327920377161,39.16501744956944
BBUCQ,4,15.584415584415584,10.085836909871244,5.498578674544341,39.16501744956944
BBUZ,1,12.093023255813954,3.1630170316301705,8.930006224183783,432.17391501527743
BBW,2,13.541666666666666,6.334841628959276,7.20682503770739,375.7138846736363
BBW,7,16.5266106442577,3.755868544600939,12.770742099656761,375.7138846736363
BBY,6,12.910798122065728,1.7467248908296942,11.164073231236033,49.31155626220874
BC,8,16.176470588235293,4.072398190045249,12.104072398190045,72.34109777692052
BCAL,2,18.75,10.625,8.125,34.23815330750492
BCAL,6,8.49056603773585,1.7467248908296942,6.743841146906155,34.23815330750492
BCAL,8,9.266409266409266,1.9900497512437807,7.276359515165485,34.23815330750492
BCAP,3,12.015503875968992,4.615384615384616,7.400119260584376,0.0
BCAP,8,5.833333333333333,0.3988341770210155,5.4344991563123175,0.0
BCAUF,1,10.981308411214954,2.9702970297029703,8.011011381511985,-46.684984068639565
BCAUF,6,12.910798122065728,3.0,9.910798122065728,-46.684984068639565
BCAUF,9,8.125,2.4242424242424243,5.700757575757576,-46.684984068639565
BCBP,5,12.610619469026547,4.844290657439446,7.766328811587101,15.454685433059169
BCBP,7,20.0,7.575757575757576,12.424242424242424,15.454685433059169
BCC,1,19.047619047619047,5.387205387205387,13.66041366041366,57.757344595392304
BCC,5,12.610619469026547,3.669724770642202,8.940894698384344,57.757344595392304
BCCEF,6,10.1010101010101,4.296875,5.8041351010101,668.5345020896564
BCCI,1,8.94308943089431,3.3854166666666665,5.557672764227643,4.9621491204979815
BCCI,3,9.523809523809524,3.690036900369003,5.83377262344052,4.9621491204979815
BCCI,8,9.523809523809524,3.7735849056603774,5.750224618149146,4.9621491204979815
BCCLF,7,20.0,4.444444444444445,15.555555555555555,
BCDA,1,7.784431137724551,2.6537997587454765,5.130631378979075,-27.55004756795409
BCDA,8,9.523809523809524,3.508771929824561,6.015037593984962,-27.55004756795409
BCDMF,3,18.0,11.620294599018004,6.379705400981996,-90.76923063697194
BCDMF,4,11.620294599018004,0.4798340033718065,11.140460595646198,-90.76923063697194
BCDMF,6,12.761506276150628,3.491271820448877,9.27023445570175,-90.76923063697194
BCDRF,9,12.34567901234568,1.4035087719298245,10.942170240415855,-15.585008531691212
BCDS,1,9.79020979020979,3.2710280373831773,6.519181752826613,67.03297201291683
BCDS,5,12.76595744680851,5.555555555555555,7.210401891252955,67.03297201291683
BCDS,7,10.416666666666668,4.643962848297214,5.772703818369454,67.03297201291683
BCE,3,8.423913043478262,2.702702702702702,5.72121034077556,4.8783031071038
BCE,6,8.722741433021806,3.491271820448877,5.231469612572929,4.8783031071038
BCEKF,3,12.015503875968992,6.0,6.015503875968992,-54.16216205906223
BCEXF,4,19.480519480519483,3.903903903903904,15.576615576615579,
BCEXF,7,11.891891891891891,5.88235294117647,6.009538950715421,
BCEXF,8,5.88235294117647,0.3988341770210155,5.483518764155455,
BCHHF,1,10.476190476190476,2.5974025974025974,7.878787878787879,49.76837340984563
BCHHF,7,9.064327485380115,3.4552845528455287,5.609042932534587,49.76837340984563
BCHHF,9,11.650485436893204,0.3528468323977546,11.29763860449545,49.76837340984563
BCHMF,7,10.869565217391305,0.5016969160395455,10.36786830135176,373.7945566990687
BCHT,4,15.903614457831324,4.975124378109453,10.928490079721872,128.70662743201876
BCKIF,7,10.416666666666668,4.294478527607362,6.122188139059306,-26.23822769354814
BCKIY,1,8.108108108108109,0.6652957542034595,7.44281235390465,-31.8518548844862
BCLI,1,15.584415584415584,3.3854166666666665,12.198998917748918,-15.912063210336374
BCLI,9,13.333333333333334,2.4242424242424243,10.90909090909091,-15.912063210336374
BCLYF,7,16.5266106442577,3.937007874015748,12.589602770241953,21.776503074592053
BCML,2,14.84375,6.349206349206349,8.494543650793652,-15.143782387191598
BCML,8,15.217391304347828,3.508771929824561,11.708619374523266,-15.143782387191598
BCNAY,5,10.27027027027027,3.5211267605633805,6.74914350970689,
BCNAY,8,10.687022900763358,1.9900497512437807,8.696973149519577,
BCO,1,14.7766323024055,4.477611940298507,10.299020362106994,-25.880489038523752
BCO,6,13.958810068649884,2.0408163265306123,11.917993742119272,-25.880489038523752
BCO,8,35.13513513513514,9.266409266409266,25.86872586872587,-25.880489038523752
BCO,9,9.266409266409266,2.4242424242424243,6.842166842166842,-25.880489038523752
BCOMF,2,17.5,11.9533527696793,5.5466472303206995,82.16303437692838
BCOMF,3,11.9533527696793,1.7482517482517483,10.205101021427552,82.16303437692838
BCOV,1,10.476190476190476,2.6537997587454765,7.822390717445,20.509898598889432
BCOV,4,15.903614457831324,4.878048780487805,11.025565677343518,20.509898598889432
BCPC,2,15.060240963855422,6.557377049180328,8.502863914675094,47.98143138727304
BCPC,5,30.46875,5.202312138728324,25.266437861271676,47.98143138727304
BCPC,8,16.176470588235293,4.666666666666667,11.509803921568626,47.98143138727304
BCRD,2,13.375796178343949,6.097560975609756,7.2782352027341926,-30.591612062916035
BCRD,4,7.6923076923076925,1.6666666666666667,6.0256410256410255,-30.591612062916035
BCRX,5,10.650887573964498,3.896103896103896,6.754783677860602,491.642284057952
BCRX,8,15.217391304347828,10.0,5.217391304347828,491.642284057952
BCRX,9,10.0,4.3478260869565215,5.6521739130434785,491.642284057952
BCS,7,16.5266106442577,3.937007874015748,12.589602770241953,23.085941598299804
BCSO,5,6.8181818181818175,0.4018215912135012,6.416360226968316,-6.666666666666667
BCSO,9,9.375,0.3528468323977546,9.022153167602246,-6.666666666666667
BCTF,1,12.598425196850393,6.0344827586206895,6.563942438229703,-12.32783600281168
BCTF,7,16.5266106442577,8.51063829787234,8.015972346385361,-12.32783600281168
BCTX,1,12.093023255813954,2.9702970297029703,9.122726226110984,-24.742856706891743
BCTX,5,10.218978102189782,4.0,6.218978102189782,-24.742856706891743
BCTX,8,11.538461538461538,3.1746031746031744,8.363858363858364,-24.742856706891743
BCUCF,6,11.475409836065571,6.25,5.225409836065571,82.59686466814637
BCUCY,1,12.149532710280374,5.633802816901409,6.515729893378965,74.44347085171653
BCUCY,3,11.258278145695364,5.325443786982249,5.932834358713115,74.44347085171653
BCUCY,5,12.610619469026547,6.0606060606060606,6.550013408420487,74.44347085171653
BCUCY,8,9.550561797752808,0.3988341770210155,9.151727620731792,74.44347085171653
BCUFF,3,14.814814814814811,7.894736842105263,6.9200779727095485,220.31705922898337
BCUFF,7,6.711409395973154,0.5016969160395455,6.209712479933608,220.31705922898337
BCV,1,9.79020979020979,3.3854166666666665,6.404793123543124,24.45638601739052
BCV,8,16.176470588235293,2.857142857142857,13.319327731092436,24.45638601739052
BDC,1,11.447811447811448,2.6537997587454765,8.794011689065972,8.812800931732315
BDC,6,7.777777777777778,2.0408163265306123,5.736961451247165,8.812800931732315
BDCM,9,12.258064516129032,6.748466257668712,5.50959825846032,8229.411456198643
BDCO,1,12.093023255813954,3.0534351145038165,9.039588141310137,-67.28395185345053
BDGR,3,6.451612903225806,0.4710975299210593,5.980515373304747,460.0000291037906
BDGR,8,5.833333333333333,0.3988341770210155,5.4344991563123175,460.0000291037906
BDL,5,12.195121951219512,2.366863905325444,9.828258045894069,17.745623311011254
BDL,8,10.0,4.511278195488721,5.488721804511279,17.745623311011254
BDLNF,1,12.587412587412588,5.387205387205387,7.200207200207202,-36.264438035083735
BDLNF,4,11.620294599018004,5.952380952380952,5.667913646637053,-36.264438035083735
BDLNF,7,20.0,3.937007874015748,16.062992125984252,-36.264438035083735
BDNNY,1,14.814814814814811,5.084745762711865,9.730069052102946,22.632443753802377
BDNNY,7,10.588235294117649,4.545454545454546,6.042780748663103,22.632443753802377
BDNNY,9,14.592274678111588,1.910828025477707,12.68144665263388,22.632443753802377
BDOUY,1,19.047619047619047,5.447470817120623,13.600148230498425,
BDOUY,3,8.96551724137931,0.4710975299210593,8.494419711458251,
BDOUY,6,13.958810068649884,3.3707865168539324,10.588023551795951,
BDPT,1,8.333333333333332,3.0534351145038165,5.279898218829516,-73.20800334828354
BDPT,5,10.679611650485436,3.389830508474576,7.28978114201086,-73.20800334828354
BDRAF,7,20.0,11.538461538461538,8.461538461538462,35.212355212355206
BDRAF,8,11.538461538461538,4.666666666666667,6.871794871794871,35.212355212355206
BDRBF,7,20.0,11.538461538461538,8.461538461538462,35.749185667752435
BDRBF,8,11.538461538461538,4.666666666666667,6.871794871794871,35.749185667752435
BDRFF,3,14.332247557003258,7.633587786259542,6.698659770743716,-4.029170667789357
BDRFF,6,12.910798122065728,6.711409395973154,6.199388726092574,-4.029170667789357
BDRFY,6,12.910798122065728,6.711409395973154,6.199388726092574,-5.1960909411737815
BDRGF,3,10.625,1.7482517482517483,8.876748251748252,69.6078472728858
BDRGF,5,12.76595744680851,2.3255813953488373,10.440376051459673,69.6078472728858
BDRGF,9,12.5,2.2123893805309733,10.287610619469026,69.6078472728858
BDRL,4,15.903614457831324,8.26086956521739,7.642744892613933,58.88888400461948
BDRL,5,8.26086956521739,2.3255813953488373,5.935288169868553,58.88888400461948
BDRL,9,11.180124223602483,4.444444444444445,6.735679779158039,58.88888400461948
BDRSF,8,13.47517730496454,1.9900497512437807,11.485127553720758,-33.33333333333355
BDUUY,1,14.814814814814811,2.5974025974025974,12.217412217412214,-24.65975521659221
BDUUY,6,13.86861313868613,6.140350877192982,7.728262261493149,-24.65975521659221
BDUUY,9,24.873096446700508,1.9230769230769231,22.950019523623585,-24.65975521659221
BDVC,5,17.543859649122805,8.80281690140845,8.741042747714355,
BDVSY,2,9.333333333333334,0.966183574879227,8.367149758454106,-9.225536380310048
BDVSY,9,10.0,2.2535211267605635,7.746478873239436,-9.225536380310048
BDX,4,11.267605633802818,5.864197530864197,5.403408102938621,-2.474482764831221
BDX,6,12.910798122065728,5.434782608695652,7.476015513370076,-2.474482764831221
BDX,8,15.217391304347828,5.555555555555555,9.661835748792273,-2.474482764831221
BDYS,2,13.513513513513514,6.944444444444445,6.569069069069069,212.4999999998828
BDYS,9,24.873096446700508,3.125,21.748096446700508,212.4999999998828
BEBE,1,14.7766323024055,5.084745762711865,9.691886539693636,44.68405161919296
BEBE,4,6.334841628959276,0.4798340033718065,5.8550076255874695,44.68405161919296
BECN,2,17.5,7.865168539325842,9.634831460674157,50.30706823500096
BECN,6,12.195121951219512,6.711409395973154,5.483712555246359,50.30706823500096
BECN,9,10.0,1.4035087719298245,8.596491228070175,50.30706823500096
BEEM,7,11.891891891891891,3.4552845528455287,8.436607339046363,394.6558008838592
BEGI,1,12.093023255813954,3.0534351145038165,9.039588141310137,5.173216881890462
BEGI,7,10.869565217391305,3.937007874015748,6.9325573433755565,5.173216881890462
BEHL,8,15.09433962264151,9.375,5.71933962264151,0.0
BEIJF,2,14.666666666666666,4.411764705882353,10.254901960784313,-55.55555831502973
BEIJF,9,11.650485436893204,4.761904761904762,6.888580674988442,-55.55555831502973
BEKAY,1,6.666666666666667,0.6652957542034595,6.001370912463208,0.0
BEKAY,4,19.480519480519483,0.4798340033718065,19.000685477147677,0.0
BEKSF,9,5.459057071960298,0.3528468323977546,5.106210239562543,56.19357297760463
BELDF,1,13.043478260869565,6.849315068493151,6.194163192376413,9.803920881145997
BELDF,3,8.423913043478262,2.702702702702702,5.72121034077556,9.803920881145997
BELDF,5,7.272727272727272,0.4018215912135012,6.87090568151377,9.803920881145997
BELFA,2,9.734513274336283,4.326923076923077,5.407590197413207,16.746688187573476
BELFA,4,11.496746203904555,5.376344086021505,6.12040211788305,16.746688187573476
BELFA,6,8.80281690140845,3.065134099616858,5.737682801791593,16.746688187573476
BELFA,9,6.363636363636363,0.7633587786259541,5.600277585010409,16.746688187573476
BELFB,2,9.734513274336283,4.326923076923077,5.407590197413207,-10.92857217156157
BELFB,4,11.496746203904555,5.376344086021505,6.12040211788305,-10.92857217156157
BELFB,6,8.80281690140845,3.065134099616858,5.737682801791593,-10.92857217156157
BELFB,9,6.363636363636363,0.7633587786259541,5.600277585010409,-10.92857217156157
BELR,1,13.761467889908255,7.0588235294117645,6.702644360496491,0.0
BELR,6,10.1010101010101,0.4524247136999859,9.648585387310115,0.0
BEN,6,7.43801652892562,2.0408163265306123,5.397200202395007,10.150648563123204
BEN,9,11.48936170212766,1.4035087719298245,10.085852930197834,10.150648563123204
BENH,2,6.896551724137931,0.5821875387092779,6.314364185428653,
BENH,7,10.227272727272728,0.5016969160395455,9.725575811233183,
BENH,9,6.315789473684211,0.3528468323977546,5.962942641286456,
BEOB,3,18.0,11.496746203904555,6.503253796095445,5.847520355292381
BEOB,5,11.188811188811188,2.366863905325444,8.821947283485745,5.847520355292381
BEP,1,13.636363636363637,3.1630170316301705,10.473346604733466,62.92300028000538
BEP,6,12.910798122065728,3.491271820448877,9.419526301616852,62.92300028000538
BERI,3,11.971830985915492,6.334841628959276,5.636989356956216,384.6522804858277
BERI,6,11.475409836065571,6.140350877192982,5.335058958872589,384.6522804858277
BERI,9,5.714285714285714,0.3528468323977546,5.36143888188796,384.6522804858277
BERY,4,11.620294599018004,3.903903903903904,7.7163906951141,51.17512469293253
BERY,9,11.728395061728394,1.4035087719298245,10.32488628979857,51.17512469293253
BESIY,1,14.814814814814811,2.6537997587454765,12.161015056069335,135.69421068969964
BESIY,7,16.5266106442577,3.4552845528455287,13.071326091412173,135.69421068969964
BESIY,9,14.592274678111588,9.210526315789473,5.381748362322115,135.69421068969964
BESVF,3,18.0,11.496746203904555,6.503253796095445,280.1461851500495
BESVF,5,11.519607843137257,3.0303030303030303,8.489304812834227,280.1461851500495
BESVF,7,20.0,3.937007874015748,16.062992125984252,280.1461851500495
BETRF,2,13.513513513513514,6.349206349206349,7.164307164307165,-81.70854279823139
BETSF,7,14.634146341463412,4.545454545454546,10.088691796008867,
BEUT,1,8.108108108108109,0.6652957542034595,7.44281235390465,-97.65624982947
BEUT,3,11.9533527696793,2.8735632183908044,9.079789551288496,-97.65624982947
BEVFF,1,8.108108108108109,2.6537997587454765,5.454308349362632,4.050876662224231
BEVFF,3,14.332247557003258,5.907172995780591,8.425074561222667,4.050876662224231
BEVFF,6,8.181818181818182,2.0408163265306123,6.14100185528757,4.050876662224231
BEVFF,9,8.125,2.967359050445104,5.157640949554896,4.050876662224231
BF-A,4,10.256410256410255,2.380952380952381,7.875457875457874,4.411209065804096
BF-A,7,20.0,4.678362573099415,15.321637426900585,4.411209065804096
BF-B,4,10.256410256410255,2.380952380952381,7.875457875457874,5.215589273622747
BF-B,7,10.869565217391305,4.678362573099415,6.19120264429189,5.215589273622747
BFAM,2,17.5,11.258278145695364,6.241721854304636,0.0891248910760326
BFC,6,12.761506276150628,5.921052631578947,6.8404536445716815,2.68879591400638
BFC,9,15.774647887323944,4.761904761904762,11.012743125419181,2.68879591400638
BFCH,2,31.03448275862069,8.423913043478262,22.61056971514243,379.9547413757999
BFCH,4,10.714285714285714,4.878048780487805,5.836236933797909,379.9547413757999
BFDE,4,12.82051282051282,5.952380952380952,6.868131868131868,360.0
BFDE,6,8.49056603773585,3.065134099616858,5.425431938118992,360.0
BFFAF,1,16.85082872928177,2.6537997587454765,14.197028970536293,-1.1887925028040165
BFH,1,10.126582278481012,2.9702970297029703,7.156285248778041,-12.0518516285954
BFH,5,10.650887573964498,4.844290657439446,5.806596916525052,-12.0518516285954
BFH,7,36.03603603603604,7.623318385650224,28.412717650385815,-12.0518516285954
BFHJ,2,17.5,6.349206349206349,11.150793650793652,1145.2830373684064
BFIN,7,11.612903225806452,4.294478527607362,7.31842469819909,-6.239831618294529
BFIN,9,8.762886597938143,2.2535211267605635,6.5093654711775795,-6.239831618294529
BFK,3,11.9533527696793,3.589743589743589,8.363609179935711,7.125326231732157
BFLBF,1,12.093023255813954,5.447470817120623,6.645552438693331,7.255197271242525
BFLBF,6,13.86861313868613,1.7467248908296942,12.121888247856436,7.255197271242525
BFLBY,3,8.333333333333332,1.7482517482517483,6.585081585081584,27.096774358944565
BFLBY,7,9.747292418772563,3.1746031746031744,6.572689244169389,27.096774358944565
BFS,4,11.267605633802818,5.369127516778524,5.898478117024294,-18.005449397254264
BFS,6,8.93371757925072,3.225806451612903,5.707911127637817,-18.005449397254264
BFYW,9,9.523809523809524,2.967359050445104,6.5564504733644196,5412.694155721769
BFZ,3,11.9533527696793,3.589743589743589,8.363609179935711,8.786890413493339
BG,5,12.610619469026547,2.3255813953488373,10.28503807367771,49.308003568831296
BGADF,2,31.03448275862069,18.867924528301888,12.166558230318802,-70.87692368637174
BGADF,3,18.867924528301888,12.82051282051282,6.047411707789069,-70.87692368637174
BGADF,7,18.181818181818183,10.687022900763358,7.4947952810548255,-70.87692368637174
BGADF,8,10.687022900763358,5.555555555555555,5.131467345207803,-70.87692368637174
BGADF,9,5.555555555555555,0.3528468323977546,5.202708723157801,-70.87692368637174
BGAOF,5,10.27027027027027,0.4018215912135012,9.868448679056769,-35.84067696981935
BGAOF,7,10.869565217391305,4.225352112676056,6.644213104715249,-35.84067696981935
BGAOY,1,12.598425196850393,7.575757575757576,5.0226676210928165,-33.15345569478781
BGAOY,3,9.230769230769232,2.3255813953488373,6.905187835420394,-33.15345569478781
BGAOY,6,11.926605504587156,3.932584269662921,7.994021234924235,-33.15345569478781
BGAVF,3,12.015503875968992,3.589743589743589,8.425760286225403,-23.137616647703585
BGAVF,9,24.873096446700508,12.23404255319149,12.639053893509018,-23.137616647703585
BGC,3,7.865168539325842,2.5,5.365168539325842,-3.440782481310309
BGC,6,12.761506276150628,3.225806451612903,9.535699824537726,-3.440782481310309
BGFV,4,11.620294599018004,1.6666666666666667,9.953627932351338,884.7740070731099
BGI,1,10.476190476190476,2.6537997587454765,7.822390717445,204.24627849199263
BGI,6,8.93371757925072,3.8461538461538463,5.087563733096873,204.24627849199263
BGLAF,3,10.625,2.5,8.125,35.1549156571733
BGLAF,8,7.4074074074074066,2.247191011235955,5.160216396171451,35.1549156571733
BGMD,1,14.7766323024055,3.260869565217391,11.51576273718811,2.0408167144199325
BGNE,7,20.0,4.605263157894736,15.394736842105264,
BGNX,5,7.100591715976331,0.4018215912135012,6.69877012476283,209.9999941792464
BGOPF,6,8.860759493670885,3.491271820448877,5.369487673222008,85.48386569573906
BGOUF,3,10.625,2.8735632183908044,7.751436781609195,53.035049167357535
BGOUF,6,12.910798122065728,6.63265306122449,6.278145060841238,53.035049167357535
BGPBF,1,14.814814814814811,9.090909090909092,5.72390572390572,159.08861652444284
BGPBF,3,11.971830985915492,0.4710975299210593,11.500733455994434,159.08861652444284
BGPBF,5,12.698412698412698,6.806282722513089,5.892129975899609,159.08861652444284
BGPBF,6,6.806282722513089,0.4524247136999859,6.353858008813103,159.08861652444284
BGRP,1,12.093023255813954,5.109489051094891,6.983534204719063,-21.08261989247305
BGS,2,13.513513513513514,6.349206349206349,7.164307164307165,86.02317340569637
BGSF,2,15.18987341772152,7.865168539325842,7.324704878395678,-33.575544102202294
BGSF,5,10.650887573964498,5.202312138728324,5.448575435236174,-33.575544102202294
BGSF,8,9.266409266409266,4.040404040404041,5.226005226005225,-33.575544102202294
BGUUF,2,31.03448275862069,18.867924528301888,12.166558230318802,79900.00023283061
BGUUF,3,18.867924528301888,12.82051282051282,6.047411707789069,79900.00023283061
BGUUF,4,12.82051282051282,1.0101010101010102,11.810411810411809,79900.00023283061
BGUUF,6,10.1010101010101,3.491271820448877,6.609738280561223,79900.00023283061
BGUUF,9,24.873096446700508,3.389830508474576,21.483265938225934,79900.00023283061
BH,2,12.849162011173185,6.6115702479338845,6.2375917632393,102.78712308863336
BHB,2,9.090909090909092,1.9230769230769231,7.167832167832168,12.079137473300667
BHB,4,11.267605633802818,3.903903903903904,7.363701729898914,12.079137473300667
BHB,6,5.202312138728324,0.0,5.202312138728324,12.079137473300667
BHC,6,11.926605504587156,5.147058823529411,6.779546681057745,22.091912415100627
BHC,8,17.02127659574468,6.363636363636363,10.657640232108317,22.091912415100627
BHDB,3,13.286713286713288,0.4710975299210593,12.81561575679223,-18.072289156626507
BHE,4,15.903614457831324,4.9079754601227,10.995638997708625,-13.247317221427238
BHE,8,35.13513513513514,8.125,27.010135135135137,-13.247317221427238
BHKLY,1,9.79020979020979,2.5974025974025974,7.192807192807193,-11.957594615211892
BHKLY,6,8.722741433021806,3.3707865168539324,5.351954916167873,-11.957594615211892
BHKLY,9,6.565656565656567,1.4035087719298245,5.162147793726742,-11.957594615211892
BHLB,2,12.849162011173185,4.326923076923077,8.522238934250108,-10.905216578433912
BHLB,8,16.176470588235293,2.0905923344947737,14.08587825374052,-10.905216578433912
BHOOY,8,10.493827160493826,4.511278195488721,5.982548965005105,-6.903786437449699
