Block_ID,Cluster_ID,Cluster_Size,Avg_Block_Return,Median_Block_Return,Avg_Volatility,Avg_Correlation,Avg_Price_Level,Median_Price_Level,Post_Clustering_Avg_Return,Post_Clustering_Median_Return,Num_Securities_With_Future_Data
0,34,362,21.098385676231516,12.15746014134666,3.3137394616491136,0.0,1102.249982676805,17.928198718503523,78.30970123127379,9.94520725463694,309
0,5,237,-30.960002537394033,-24.50703935901265,7.56280857164297,0.0,14457440.38252363,4.866160121917725,210.52437259326535,14.045908434791196,193
0,21,291,70.02842882493725,21.841397401514413,11.763956771383707,0.8255941406668789,111.28462161830267,24.666,150.6083292776522,16.868004531418812,234
0,13,258,-34.57697165871735,-30.343555349942164,9.052794042328092,0.7214446911309891,1006226100.945284,3.8188302859328322,989.376209145516,19.32372507319532,216
0,15,325,-38.763487034230515,-33.800525036625814,8.278378281599165,0.7877951742408325,16604.129120180714,6.251333318154017,180.38440070088933,5.3816737112017865,272
0,36,132,22.30838841804409,6.856600224917695,17.753943337634194,0.0,14029.240289661524,10.235834391168256,99.50635329018681,22.832673302210218,110
0,52,105,1102.163353930928,4.692263649747093,1389.8409629130858,0.5122998700573292,387708.29025479045,3.0925600051879885,506.44487982485845,2.427961581116749,86
0,61,8301,-1.0291883313410115,0.0,6.161740713183605,0.0,134828.14642941658,2.609999895095825,1204.9468811360898,0.0,380
0,46,180,43.860731746807346,7.143612532128332,177.67180301540103,0.0,82.17007948091253,15.421755529101429,147.54254599949854,10.598718223246777,154
0,32,286,69.01747656765636,26.475275981835843,4.225151049187909,0.0,5011.772705667951,16.94292832692464,87.47859148107072,17.98724801319726,232
0,54,95,-21.75805978495192,-20.00000298023215,139.60875398767942,0.25768053887269665,443105.61599115795,0.1447154513704098,1077.3379435967884,7.29166260290973,81
0,50,105,129.92111628297715,11.45585178216468,340.72327879602045,0.510857311494169,3493.1774650712227,9.667571836504443,308.0105210570123,27.09098307433144,87
0,29,154,211811.40186305295,24.90617588413364,19403.94925681699,0.0,465.07722779471595,11.759837387053947,4022.6420534799827,14.720773494253894,130
0,37,215,4731.754790842768,27.196645540520354,443.30800652558685,0.0,7206.727694666913,3.4843333264191947,349.1822379435287,0.0,167
0,43,89,1.685518384206785,1.1371242706544331,8.23471320280765,0.556534303040577,377.2812364923975,4.243951612903226,97.32688513400103,2.6405133136096715,82
0,24,230,42.85129658855398,23.9757088251495,4.387113436908395,0.7658651504043118,237.5689162437749,19.42894124925629,414.53857159956726,14.52444373236762,189
0,56,130,25.37833717694225,-1.3327077040738677,86.03731383778347,0.0,74.01991954404114,14.252038763994458,371.673792069198,38.951590583676925,105
0,17,265,-54.698902678627114,-54.78250481049298,13.581428782828185,0.6991415173900969,700688.3752443609,0.733199996471405,423.60356913065857,42.514593261791816,228
0,35,428,73.14594544727512,21.842302275793404,9.707940612452832,0.0,85.63639460714202,17.624368237602255,310.54107014932805,17.720962825493295,342
0,20,436,-40.02672106651813,-33.33333089850309,7.929596236562798,0.0,5281.551515948041,3.662368717534247,396.96485568997025,21.34996225873216,362
0,51,132,10.834246536680839,5.055232966856062,3.3402647378080452,0.6849518642600582,870.1194054319237,16.828198227937193,169.6117089099439,2.070961934714053,106
0,53,127,11.455796424488112,0.0,43.063256020855555,0.0,761.9047117018021,1.1113916661279897,1105.8015662575958,11.635357894747882,103
0,31,143,169.73961843028164,17.503171211997174,12.91853917516985,0.7770974214490056,24.709938846231246,7.761279861450196,274.12062553454706,33.19252298837716,114
0,3,96,-24.88953608900579,-21.54900613599434,66.48205153988728,0.0,35752.86462128882,0.6355545511546214,11809.970998344566,0.0,86
0,42,98,2.3417957158310188,0.9261294118102384,11.220561857218557,0.540810467715868,147.97775048729542,21.93265267368787,114.97206231906651,26.700352475083186,79
0,18,185,-19.96935082002963,-10.344823156610481,62.94577305796786,0.0,1396583.7496353667,13.746724136944476,768.2787188342094,17.020425824397712,156
0,62,139,-9.031773282169704,-6.35036421657987,547.3739697146287,0.0,31.909340504303742,0.34679166711866855,1322.731876535619,14.78365343163414,122
0,41,50,5.066998177830257,4.2308459217823655,4.850202449167716,0.6807231204949956,472.4811845440231,36.051683018847214,51.18689425647367,16.802023133935492,44
0,27,88,40.285489574822144,22.877253111700462,13.6792144098126,0.5703798247714019,93.71228768099883,17.48993304231779,94.34933293516117,9.736962875225547,73
0,9,297,-32.57569785105159,-26.211921248347025,16.9982578470958,0.0,61847.211052581755,6.474999980131785,140.5750441601569,25.744614236849696,253
0,4,427,-30.099327182751946,-24.324324977406615,6.452697064913037,0.0,21147.980926047316,6.384000023206075,992.3544042474499,19.230316481626904,341
0,2,83,69.85878048529563,1.9082470025082061,119.41362413245385,0.3878505271147792,9.797130306309695,1.392400005340576,3060.989916461017,12.712049618598563,60
0,45,139,-1.5369413036598583,-0.35249489077642676,10.156230271849545,0.6494654975537474,297.28144064343644,15.865245905078826,734.182505254383,8.926231397106656,113
0,22,297,29.948681771802192,23.636361324425923,2.1898759308554103,0.7741063092006087,5834.043195618878,26.529917378070927,45.870803624417206,19.82154621645308,260
0,44,73,-0.45440318909932387,-2.564102564102564,83.61638035002468,0.5799032439407223,2696.626748573464,1.5645833164453506,2183.3318543109917,16.63307871588242,59
0,55,136,-26.11042177637856,-21.05262893719017,11.114396104059555,0.0,8706.722758651096,2.488215005993843,2878.110098125499,11.907728670293654,116
0,47,167,22.6294591737395,7.737229447987541,10.33694160324175,0.6019819037549909,21086.578116504712,12.568544069925943,228.5507382702867,21.371837574992995,130
0,8,112,-7.478323840220542,-4.907189150607222,8.554748999885977,0.5887389779706245,723.4109972218934,11.908237425889427,777.4715358148686,15.798670598979264,94
0,58,150,31.931368217753274,0.0,55.92652839405821,0.43583820648246896,9016.914897205505,6.611201752964659,15732.283360737776,7.169671425355453,126
0,48,107,-7.460948761785138,-4.347828727757521,207.7168215716467,0.32069172814831604,27.507767866675874,1.2086206833864082,1624.2653701152565,37.61931365105912,86
0,23,132,93.5239398380227,20.33268408770762,9.880161698150356,0.6227270593469061,192.04427005047808,13.471573318004609,193.51294554401974,17.464828389015885,115
0,28,160,118.23600351484981,16.732099568327712,578.2232460420615,0.7142612434051387,54.10647587907522,17.99963042324667,410.3974064352826,14.108030983314588,131
0,26,79,58.454003744634136,35.63371564684052,19.241882119421074,0.6921142082032306,45.63741160177013,11.114249952634175,9340.638380057611,-7.891636473666402,69
0,49,51,34.51123339429599,3.4133300781250187,48.596843349485646,0.4036408387596329,80.12066456149276,0.867803264836796,21389.490959036168,5.196023740415269,46
0,33,123,111.71769433731396,1.6331696943191012,215.6808325762214,0.0,118.78120713894245,0.16283333090444405,1347.593799632762,24.82444267473019,99
0,0,120,-11.615833826500692,-5.165299635353326,17.322310503449888,0.6452042787451602,6012.244874374495,8.675292320284068,187.497965895678,17.358132487776246,96
0,19,146,-21.313157242821564,-12.552984925006374,13.5785716557221,0.6474681962494458,2007200.6284932054,4.0964533388614655,186.5914495176462,10.075323163974524,132
0,11,166,3.6224014918403897,-0.31932709601171,33.98298787780506,0.5082657065379285,25.070979222378092,5.18807252762182,230.3708830359831,8.235592018203725,140
0,40,206,-13.841797392659775,-7.599839509634069,10.891096094228363,0.46631397871899377,20717345.854807146,8.341746409040983,100.35607841193575,15.653624835449712,172
0,1,95,-4.2086226790826915,-2.174301797492019,5.468798645981837,0.6246260557657995,35.92323399971916,27.68365855333282,143.9081659972975,0.201317370520823,78
0,6,69,-39.14563965986812,-30.69306650230898,6.195192158848081,0.0,139.00453040235774,1.4746349795865332,66078.24612834671,34.81354266038029,49
0,30,162,92.67244685799639,21.447771605464506,22.80558869507315,0.0,603.7528434709659,12.115002403846155,1520.555290745958,16.464468983756294,130
0,38,66,114758.8362350486,49.99999999999988,19938.89701422769,0.0,142285.22949350026,1.1463263959884644,2649.8046891646923,51.946786124791686,48
0,14,134,-15.770462358731619,-12.21321462026673,3.820648260688292,0.6871348064164939,189.57611832242992,25.968897039369715,74.33321134843293,11.785433835627636,109
0,59,72,0.0,0.0,0.0,0.0,0.06919065292458979,0.047749999910593005,1514.5088157586174,0.0,52
0,10,131,-8.102050770390855,-5.148397151338465,13.764053038188292,0.6301813751006534,13948.94261007964,7.695749986171722,838.3937623736308,12.914212197990576,112
0,12,180,-50.56437149104843,-49.99999999999062,40.26807631264398,0.0,49183.75736633827,0.28198250231115773,8715.226216639796,8.230030937097183,160
0,16,77,-18.24367728758166,-12.950942179761467,12.23750816343541,0.5156958684406765,66.17722656321051,2.6049180421672884,60.35212862624334,-0.4583666917669938,64
0,25,34,77.52570288531318,8.593067065235433,1307.8179079077638,0.4907737209267045,117.61432058797782,19.158346438451666,455.92576530182686,22.330296050566076,31
0,57,66,1.634526316430027,0.0,366.56294180709943,0.0,1491.0339549869732,5.025528451291526,381.0651563444384,22.963534475544325,57
0,39,109,97.03640741714705,23.20144660540934,55.5409361201082,0.0,86322528.42567085,1.6156896558301201,196.50947699178406,0.0,80
0,7,45,-36.73638155880517,-26.829268015668056,7.054146963666093,0.0,111.20306766302059,0.768524600834143,170.30025441029187,28.164477326488498,30
0,60,38,0.0,0.0,0.0,0.0,0.020305263331561223,0.006399999838322349,45629.02294410122,256.2500140668342,26
1,44,368,-25.826175698737273,-20.137292665869296,10.819776180283183,0.0,627.8252585262842,8.577640033721924,123.2193720196218,7.627600293608582,300
1,40,202,-14.416105589958523,-10.478575580856209,3.5034999678356074,0.7938833636908618,1795.9729775276212,14.583477323532104,54.31026408443784,15.860199635323212,173
1,56,126,-27.973793281771886,-17.31609783890874,50.74107743654401,0.5646539965253509,4581834.505466175,1.0311600019633769,223.86337642688557,0.0,111
1,24,145,5.80560654637809,0.0,24.881923278577347,0.4942804630947321,47336.138025981665,0.46360799980163575,716.4725333154349,17.51366642487525,115
1,43,134,-11.914471840226867,-7.584933755677925,5.060071267001032,0.6462506694311041,12886.509939607746,22.655386650085447,55.99545869801868,3.358210191731461,115
1,19,128,3582.502870028078,30.24823247256694,192.9831376901003,0.0,60.50985024351883,0.5618060044050217,9858.552162786873,19.811778836525498,106
1,49,297,-15.786470151652374,-11.78413770721148,10.29915372232298,0.7757487957138871,12748.479921281887,10.223920082092285,309.98883467182446,18.650338689710058,236
1,15,73,25.359402331688255,9.08488624777596,22.487376473460653,0.4675481002066056,37.77158337086351,30.9370400390625,56.31215344831609,16.68144267935443,59
1,3,8267,2.5109873504200553,0.0,43.45867880035867,0.0,217.15848653272084,2.413567066192627,13021.213884132187,0.0,543
1,50,154,-32.78351409558935,-27.42956687816662,13.74124134824614,0.0,363.5015858988086,4.749819991111755,196.05372485674056,9.0780909379534,129
1,35,86,-3.5552826540156306,0.0,571.2955839932764,0.4495831400322929,55230.832182997954,8.11444002342224,9871.012787683874,4.693424010751759,68
1,22,104,-1.7951101007878179,-1.0483373384938388,5.081728827802426,0.45866529096218905,194.98131405206198,7.396119995117187,14.619214315205705,-18.991426120645485,89
1,46,829,-30.677056412625245,-25.81981263212602,3.475165541731725,0.8879525647824467,2547.3547408445907,14.465120056152344,247.52203576998156,12.478664417968126,675
1,52,25,-40.44334440764751,-33.33333333333333,17.199405327554064,0.6802693976117926,241.4031978442501,0.5749719948768616,254.51545414929484,18.1198820678213,20
1,45,384,-36.62338959611523,-33.33333333333333,4.66503732852959,0.8269764046765153,127851.04959904084,11.792440128326415,813.8216739900535,16.579814031198918,313
1,18,128,244.41804888152456,25.844877371027142,33.50998304452232,0.0,1911091.0433144013,3.0025200033187867,517.4481315231624,0.0,94
1,12,158,53.34239246967907,18.212845901707205,11.425419017515768,0.0,534.5718985713341,9.964280042648316,172.9005073392761,24.45714855972611,127
1,36,82,-6.113365041002575,-5.3377878711605256,2.2433586625930704,0.6592180215821246,41.492566449684816,28.1041399230957,20.601061773694397,15.339722721617337,71
1,6,240,137.1623035885653,21.704656669478815,10.640621391330248,0.0,7620.746506636156,18.11755993652344,358.49579481712004,16.73846024733323,189
1,51,262,-26.32201494382572,-21.472902921928625,4.05125171359958,0.8109246130062139,594.1658458084515,14.350960021972657,154.52712221192243,8.021829317999376,210
1,58,89,50.748149827773,0.0,177.7586599975913,0.0,194.67937734901324,0.16586400020122527,862.5773087946799,19.120875804151773,71
1,61,85,63.190461280531494,-0.9900980750178164,186.32874795801652,0.0,21129.03423847623,0.9932800002098083,1213.7008006804224,26.82087246071516,75
1,30,214,-35.558426590737554,-29.054269838903913,37.17404570192698,0.0,14439.595784312336,2.910680043935776,700.512137118654,21.76861088036248,160
1,14,71,2.354345746710873,2.319234123064896,1.5233080255580498,0.619680760240584,66.7850705321444,40.42047985839844,11.742455301458305,-0.9526961903208706,63
1,7,160,161.1237742590074,18.628750469856282,12.573059205842739,0.7723890553182774,125.73223344448714,19.06199993133545,574.7243261413471,16.773254731828082,118
1,39,236,-41.14427875907652,-37.495693006234916,17.13091564136247,0.7255668835683956,41711594.85971009,1.4375200028419495,294.89824534805666,18.483247875030344,198
1,16,79,35.78938552394721,14.26501993842206,4.918254495169111,0.5035878521356153,23.65727685734792,17.14736000061035,20.793377836284915,2.740130514183016,68
1,27,157,-12.56063148656352,-10.145921708734127,4.179599626473642,0.7417335951311651,1443595715.1468747,30.365999816894533,71.61437711666386,22.017821004982693,130
1,53,115,-43.09636138976858,-42.500001455193306,17.28967411751527,0.0,1028.07224146663,0.48548600387573243,597.7529753245353,0.0,95
1,9,196,1036.7519027244578,0.0,39.187558532682324,0.541651114731898,19359.38613395655,10.291648002624513,136.8092778639244,26.850272709462825,160
1,57,137,-21.21143373028331,-23.015870162539027,34.54622926437281,0.0,2335.0875792686206,0.20671200133860113,2409.7126203953576,62.33468810228059,111
1,23,165,-5.980300927496474,-2.51851964879919,10.669362133321137,0.4679040905377572,18828.513854033627,7.208071979522705,445.21602328126806,6.190518763039631,132
1,54,271,-33.73256768609522,-27.061310068250215,12.025136445667911,0.0,596906.6759425637,2.1412796025276184,669.1987033041289,27.393878815765248,219
1,5,96,14.865822615372258,4.70620657464519,14.988571440237267,0.6050803774311486,35701996.852190115,9.413130519866943,2479.866307884326,20.36934507237328,77
1,20,166,92.06828108576673,18.535983401226076,13.378469782799048,0.0,50.81804857453975,5.306199991226197,746.0526615490938,10.535442541990864,129
1,29,231,-22.576706745188204,-15.441179532029075,11.110631392036016,0.8354135224140933,110.55256257987406,12.311120025634766,357.77757047028786,24.112041370908315,178
1,31,83,-8.61687281435163,-5.1118241663026796,11.268273216620049,0.5510109484893286,11889.43592896033,12.87953620147705,265.8020804060075,19.999999999985,63
1,62,136,-6.620412829276084,-3.3114019634662837,9.098347068108387,0.48916604485017817,872524.4254443508,5.163932007789612,186.3747170991453,16.816652579672954,111
1,48,113,-1.6339989312719485,-2.240322827506518,5.041582968325829,0.6915414493704378,84.71935408353677,21.604719970703126,90.61376133033623,8.910493470152428,93
1,33,153,-31.636181283289044,-23.912246739928797,8.75603824189385,0.0,2599.3923919630392,3.14503999710083,7378.08728465559,3.7559877684984677,120
1,41,257,-32.18827989912831,-27.779884587675024,7.309023456588693,0.8510385452285608,329.54996423159344,4.1941999874114995,482.27350796300243,16.13655766475732,204
1,8,157,108.91026239487235,9.302318126785277,29.23194552329957,0.0,735.7993040075951,13.365920021057129,976.761999572936,16.382283752849542,128
1,38,411,-45.16519800970765,-43.99999976158142,7.7357789322076576,0.852068727821391,7266328.76794107,4.048479991912842,290.4807165833975,27.720872131206846,347
1,2,71,18.82088623123084,1.250004768371582,41.41783991610287,0.0,25.217832740953664,2.7393600082397462,2306.895182401493,15.17949208921997,58
1,37,132,-12.57449715229957,-8.981650203657365,236.0149130160625,0.0,139.11883962729144,14.19637995147705,164.12259157919797,25.044426774375992,100
1,55,169,-55.27991647878102,-55.000000931322504,23.84378532562399,0.7298780335906314,79335.93027940432,0.41792000710964206,597.9396150706436,20.915004750202762,136
1,42,232,-33.47765877013008,-29.117461109196192,91.42010079882554,0.7067999081131641,76.14880788018985,1.3511171967047397,4258.33820939081,22.67319823596966,190
1,59,75,10.922996803115797,4.669279676307058,8.89360934692976,0.5558773217285533,31.301040078339113,14.19704002380371,40.31656939582078,2.972324916010578,62
1,60,138,3.895839326030916,-0.6670471496477948,11.24071309627544,0.5003454472115726,25.08193908799183,7.33680001449585,1134.8557876620116,21.645210355652527,117
1,11,143,200.62750158617027,13.25,20.335070648390516,0.0,455.347000637919,13.984720039367676,200.61065023267977,15.12573003809413,117
1,17,34,1438.0509625097645,122.79411708195886,,0.0,6.700194860823591,0.3335587837100029,9151.792023507904,33.096438060453046,21
1,21,185,455.1886350936796,25.898204543872765,48.517151563523264,0.70739457787098,883.9534977398498,7.193199996948242,200.78658115920342,14.394244010261184,149
1,26,179,4.0898364995706,1.7391287762185803,139.00750250022116,0.5733899453658252,435.6093054331541,19.929920074462892,186.55769670515176,20.121488413641263,142
1,28,137,-9.233103547692805,-4.444451770337339,3.1579321263495825,0.7189440462499093,311.46109708027086,20.39839999771118,75.37425605309319,15.613941444658,102
1,13,76,11.095238330615734,8.778831934947162,1.896239438373543,0.7182697956434602,53.495050822891606,44.139760009765624,4.327843565895704,-0.3884207162794041,61
1,34,74,-10.927208511865238,-3.2020724935592106,6.681916150109652,0.3870241266738293,46.09693643417749,15.909919960021973,321.8996192147863,5.272018561514722,61
1,4,58,575.7829914336392,1.632679473276646,2847.48582787741,0.49610677763697986,131441.5397500826,0.6350490046143532,490.4483745248521,6.580608012022035,44
1,0,94,0.0,0.0,,0.0,0.06535695775094973,0.05800000019371506,794.1174981690045,15.51020855011934,71
1,1,58,0.0,0.0,0.0,0.0,0.017267241464086737,0.004549999954178848,16160.534066672228,203.3333327124519,39
1,25,116,4.642153206233456,0.0,17.57989840700786,0.0,410892.0101257731,2.6034000144004823,1990.5892823107706,16.426757549703005,89
1,10,75,131.49655596466727,19.02114105889915,12.825876844802545,0.6445800205056038,945.2385696437224,9.31111856842041,10039.135663106787,25.16311956194288,63
1,47,73,0.3109868397278223,-0.128779809615162,4.066993129563002,0.60117523939639,52.846577956023076,26.77679998779297,228.81454612105324,24.28473297865333,62
1,32,42,-38.06082586178255,-28.22387248163044,8.002633275082761,0.0,1531896.5736273336,1.4393879909515381,453.0310461798309,61.86046511627908,29
2,1,89,132.63122371427528,17.777771706934615,13.301844184750362,0.5211929814915649,33.990788831876316,14.533199996948243,117.9685666180802,37.56459558069757,69
2,26,152,87.96939624053527,9.1297538348605,13.842313996656207,0.4430844546460182,39.23648378592057,10.268240020751954,165.65878338311845,8.043478218616771,119
2,40,89,7.608728328376602,0.8587014291490358,18.104642308773393,0.32445545176160073,14.91209308122429,0.5172837612628937,220.81770156350547,15.81921618409321,68
2,30,142,1087.9037542160531,34.66006502104557,181.433914877629,0.0,4207.732399522627,0.4595038432478905,506.6451536109581,26.35451478744319,101
2,0,316,7.575599332143159,4.267813050196006,3.2938410855319398,0.7200765766384793,205.8556864109447,18.90579996109009,38.47394091852872,16.908387737630274,255
2,52,84,66.25060282990268,14.398957667548181,40.51462686228353,0.5064044374662984,63.895859691918055,9.558440015792847,153.84270949466648,7.733595487978434,64
2,46,8073,3.3017433866359363,0.0,42.912642966206974,0.0,844.9025061184597,2.4550000429153442,10168.078978379335,0.0,507
2,36,272,221.80256417337307,19.43583659816785,22.096914071630128,0.0,26.961418775754662,16.630039974212647,142.86817432568023,18.57949269070168,213
2,53,93,726.2888403435388,0.0,191.45008010665626,0.4061824846846566,5310.750788947031,0.21344000029563903,3092.7510108415922,6.613889545277321,79
2,41,89,0.0,0.0,0.0,0.0,0.0739013370456111,0.06539999693632123,550.709950953793,4.512500584404878,66
2,43,164,31.74726864074287,0.0,509.25530067584754,0.0,464.3618718002194,0.37148400449752805,1346.8193646398229,14.804905756199048,136
2,19,624,-15.685653969224736,-13.056730142757331,4.922310517959761,0.8028463909251357,5793.610988370676,18.307800037384034,65.74895949215413,12.88366726814399,507
2,48,82,-27.175553443458327,-20.526318699859544,2870.1050777007245,0.21242325056629469,129.67735079939322,0.11717340235412116,561.5867920628267,5.33391621869789,68
2,2,140,16.602299999161545,8.507856925227042,8.948767142529265,0.6498840672374366,420.11605399614126,27.253619956970212,61.044570738415416,34.24120404009709,102
2,6,106,3.0756127087840133,0.3185352689437274,9.751715663052249,0.684379436398829,27235.837069191573,6.2932800331115715,360.50960995766206,15.196968265169948,79
2,12,244,-40.759505287809006,-39.64273247157639,26.96310637714026,0.643850626096819,41810.70693701919,1.6411399965286253,580.9437495580221,9.214507622036322,198
2,25,273,21.26687037388152,15.227512581638559,2.97303919624315,0.7708675773529866,45.505273235195205,17.54728008270264,49.70450133201029,28.859669232542608,219
2,9,221,-40.18327384044827,-38.881117977532384,39.3860199278487,0.0,6206.46191647023,0.2992720015048981,596.2059184384732,21.39750385592992,172
2,57,95,93.80408833616062,-17.796613114621874,49.45473744849927,0.0,59.193470420034735,2.708250064849854,1926.2795977077853,5.173216881890462,73
2,17,202,-4.586577834886535,-2.9157855461843307,4.307920480938732,0.6637111632015457,54.803686372794104,18.85180349279083,104.97409339699571,20.943038484185347,156
2,7,353,-9.556474351224512,-8.121829033020754,3.886344498479794,0.7790298773709708,155.22677613733345,14.889040069580078,70.19386884955473,17.479104717294085,294
2,50,62,-3.4860794992501116,-6.876700829736663,134.5736750986806,0.2947711071259611,43.386106450735774,0.20802114361524582,30285.105654545157,23.52617518151774,47
2,15,307,39.34731996970835,-21.27659516905128,70.40952780814905,0.7627622515998161,2580.402144559822,5.363520008087158,894.7760880382216,4.411209065804096,255
2,21,505,-27.779434235003073,-19.887490510902595,8.499632860101906,0.8353125616631032,66578.09720662024,10.63863996887207,376.0840913800921,15.294392111931707,390
2,16,144,2.3292232145183416,0.06770312616626552,3.62783903743718,0.7936161826547193,546.3497635377175,27.13799993133545,37.0335465973876,31.49335175430661,111
2,35,343,115.07091477921598,24.637683663291117,6.408963424508,0.7718459276342419,986.2253673114861,11.936080017089843,3757.731309953125,6.8209996337301835,276
2,31,258,270.59936372318634,55.19798634189465,16.22452762510784,0.0,53.505260910889724,2.2411600069999693,167.12849625004932,21.582873195423034,202
2,24,368,9.333017349573515,4.398795340779076,10.520636002769965,0.6743752901954772,581.2426955940463,10.904676446914673,511.5533961894354,13.751038269712918,310
2,37,260,108.9125633302073,22.75589038073555,31.399085948645496,0.0,595.4930402945706,3.409879992008209,282.29260146850527,16.791117305947445,228
2,27,146,291.0370453501505,22.10356138608353,2608.4228492946577,0.0,317578.60906604264,1.3775967950820922,1379.7040192886311,17.114034566178667,116
2,55,252,-38.82518150534006,-34.69899836975178,8.112383777908896,0.0,176318.31419741604,1.809294408559799,257.75740634459015,10.397668568916,203
2,51,119,-8.810578574596013,-6.790124319835579,24.47908146865005,0.5447088503452365,17778.174688087216,7.573519973754883,903.109046183409,25.00000465661382,91
2,3,207,2.907637301497672,2.058322556104568,2.762483940724033,0.802170452667865,37.256608614870075,16.878559982299805,38.07641691593409,18.191422806481974,166
2,20,232,-25.4174893850727,-18.863800247568363,9.71757724676991,0.705209372372781,5570438.413587767,7.009120003700256,251.75891007686633,18.528849308123014,174
2,14,205,-42.10085607069701,-40.03322414396047,89.88417660585773,0.8654904914548915,434200296.3763349,1.1944050011634826,14503.037855828283,15.049482323852123,169
2,22,271,-42.094147227871865,-37.034897384968225,10.44498128596788,0.8349385896561601,3340.4234857416263,6.160800025939942,3058.8474284660842,0.0,212
2,28,143,140.19798414429977,23.066660563151043,43.64767587177836,0.6273462884387335,31.43347606105509,11.206471961975097,414.333504398618,12.123325362051117,122
2,18,144,-9.245567034304567,-8.320803562757352,17.591560190745042,0.6062888236888673,23937.803465110817,6.357679974555969,110.185885652513,9.79452064107087,116
2,47,88,44.1640181955594,0.0,47.402108695127545,0.42562222405019906,56.25833715831013,0.7130799950361252,321.26030706757234,45.87196358496014,76
2,13,92,1596.7483405105565,-6.334034826647963,1322.2355175255523,0.568899590819005,39536356.801642634,0.22586728990077973,461.76956604063344,0.0,81
2,56,68,-32.32996505225721,-26.415095358142814,,0.0,61.82082079319381,2.46413812076431,2833.2716501517066,0.0,43
2,49,120,129.46420742504424,-3.517540750363513,240.28800777407136,0.0,163.0662865353194,0.13719020092487333,1846.0383202401636,9.04436906535496,93
2,34,160,152.08333402263844,27.318349985483405,18.317039529743596,0.0,5010.712868834411,6.030119998931885,185.59365288703626,5.258038675531734,126
2,29,100,163.87861633126485,27.152620351023216,42.51538720228498,0.0,22.67970203886976,0.27109999978542326,1065.4388325037812,22.39189924892254,80
2,4,165,-13.370668160072686,-11.28804143036569,12.689159602962514,0.6268081408216075,421.581066661203,8.045360054016113,88.39696732110968,23.222746587405336,133
2,11,200,-54.571639808668344,-53.22228309233563,11.063015072567811,0.79702123248052,24510007.233607206,2.7682399883270263,1568.1672768048797,43.39622125459272,153
2,54,145,-27.064843139814563,-24.64646940786268,14.352894169965309,0.0,611.9552676469384,5.047661918640137,4156.632612483109,16.835775785827174,112
2,38,103,1783.3832685855407,69.90049027815418,140.54651455462627,0.0,7.425927771596772,0.10056241700053212,346.6702462566743,46.71052726307378,61
2,45,151,13.016422773714805,0.0,247.70156061400223,0.0,831731.2380560215,0.10080000150203704,4320.95992430449,22.330296050566076,123
2,39,81,31.649172294574974,18.59074796494432,27.140981829048823,0.41120321728220105,12.94027419659847,0.41997600221633913,145.33222545412613,29.16178977835479,70
2,33,95,67.1536480727725,22.86296398617752,7.5416722872898045,0.581792848738165,509712.97080855595,12.486998176574707,277.62954943158513,27.67704098241931,76
2,32,70,123.2930627109703,19.441568985840856,13.558998476632247,0.0,54685118.12486224,4.811759709358215,702.1460983009418,17.57328817391665,58
2,23,153,-37.0617690172889,-31.748130412049097,14.320991708459959,0.0,116.04348470565814,0.7234623966217041,191.56201240605523,16.941527788436705,123
2,10,103,-40.53981013067623,-37.14285641300434,19.589610846394546,0.7798920096076847,1921039.5077492595,0.5133360035419464,689.337111551734,18.145060077490132,82
2,42,121,3.162786917182485,-1.7137096774193548,19.481412002551078,0.42264230244201173,1119.1395933090446,1.665800000190735,914.5515548716509,9.452736318407952,95
2,8,38,-43.40035371681349,-38.40742313271143,17.78245772349957,0.7093063400822887,7146.905112114591,1.3391199839115142,145.94530130820414,-4.447542318346735,32
2,5,156,-4.525965428872186,-3.511056994304778,2.6454640905448947,0.7555319021828223,175.62937972673893,21.96156002807617,21.203584319531604,7.325774464684703,121
2,44,53,0.0,0.0,0.0,0.0,0.020805660356275398,0.005299999844282796,10581.867459044244,66.666672875484,35
3,11,152,20.357291797494202,6.474382107878197,3.8211714019127347,0.6948487171166847,37.93454197029181,23.605014282226563,76.72706411099344,17.054566383483195,119
3,62,184,-21.038327019558913,-15.188998707325531,15.982036008630406,0.0,2821.947259570665,10.892904998779297,385.7811751272784,35.53520282138498,147
3,50,7854,17.574407878345834,0.0,15.030090732541463,0.0,157.4549024768423,2.3799999952316284,7696.385677118525,0.0,506
3,24,174,5.631496545207672,0.5431582666038626,10.53956822654775,0.6219762880253965,364.1508928803462,7.863080013275146,61.487856990697104,15.576105568219912,138
3,43,175,-11.213423330494633,-9.29767874129907,35.114882779155685,0.0,253.22779436327696,3.5431200160980225,373.4427026414988,0.991735537190085,141
3,20,415,63.529582020789206,25.52707682868532,3.0236324041947147,0.8295033872925904,137.9204469686403,17.289760017395018,54.96348606413719,23.66738327524255,328
3,40,257,-52.54261280081117,-50.00000000000012,17.867133108401873,0.7780434060702003,30101.877785160075,0.6481834844848432,3506.7681592910535,10.68960939175222,188
3,53,77,4.175157964009153,0.09182070608152576,4.249078051110219,0.6170327496015728,55.06396455535581,16.83263995361328,135.2806627636205,34.858214349999464,63
3,36,169,60.35048173491702,-6.697697831082205,168.1112248273088,0.5223731820853801,2073.348087864533,0.44375899314880374,3891.833536850928,5.456966580945886,130
3,61,117,-18.444943104872493,-15.964445714615055,37.966180146504236,0.0,104149.18166447032,2.928640003204346,223.6754464483154,6.468199775743292,91
3,46,104,-0.3639721802893223,0.0,0.03268566668510375,0.0,0.06379122696333346,0.04074999876320361,8593.79758890308,9.025001168809755,77
3,23,65,94.59258858207338,2.782075836025011,14.037812458225252,0.5496549148761773,60.306085663424746,10.555999992370605,62.795332420508906,22.91739174069295,49
3,17,461,93.24050348127571,30.046945594126978,4.750188184310315,0.7916713732643473,84.7900952393316,13.041040031433106,50.28931113790187,15.04363598622557,347
3,16,240,230.82804866874818,33.715111122377124,14.801493068756978,0.0,36.64772468702645,5.17884010219574,772.6467232408968,17.044936654018077,179
3,31,237,21.088168809419386,9.09434384519949,12.179570290064815,0.6770888901385995,73.37661856164875,12.463688919067383,139.28610402929837,18.931667273111113,188
3,33,271,-36.02800832488795,-33.333328918174345,10.63036266002606,0.0,79425.26049996208,4.148560028076172,338.4260309154703,15.703476419874267,199
3,7,74,-3.0700627666864264,-5.149655021470251,17.84536327559692,0.6908438930483378,8270815.298326692,12.941760023117066,40.815143845901936,15.7625360967283,59
3,12,131,79.68891130640756,7.3847560386206155,96.64346394414852,0.0,32755.698892792447,1.2410399990081786,2198.7001026603957,11.165189131734682,105
3,3,284,628.3209939622105,19.278201324344707,44.16416975687921,0.0,93.8185070241875,11.415301856994628,4689.357365087538,10.656595822906926,221
3,6,200,66.88544140089972,7.549887860018548,14.955366324607997,0.7202738599017128,51.74279753463612,12.958157970428466,13677.223585915928,14.108030983314588,149
3,18,611,632.3201127393959,19.148935270791505,24.15980966313912,0.0,4668.72247258284,11.929679992675782,344.1562098593723,20.01976626687437,497
3,37,161,-44.95833623523251,-40.0,11.471100492005451,0.7156178019675277,5791.449938892925,0.5797184078097344,5279.020826333899,0.0,127
3,57,129,-21.518138963542167,-22.287968806077743,18.94374413971194,0.0,1078180.6199486288,8.214399967193604,230.25756043557288,18.58924952144656,91
3,9,341,92.44815399700154,15.068486551559468,11.94316319302263,0.7734190100605517,1057.3197712642582,10.777440002441406,762.4547728292704,13.944837965392171,264
3,58,99,-32.209446136211334,-23.23439548587872,19.43799317690192,0.0,5017.484525290586,1.1578571427436102,305.9638878868183,8.119495030294582,61
3,34,234,-34.77493390259428,-28.52767416382312,10.502070603124118,0.0,1958.0837133475015,3.7128799991607666,582.4788425144508,23.503142486806226,184
3,54,233,-14.539504938464319,-9.124847396291171,6.609659759678511,0.5785156217531204,11458155.949736098,6.478240005493164,106.53164639751782,1.3934136922657512,197
3,13,221,10.168019533273617,0.0,20.109435644593738,0.6026356805330054,294511774.25530344,16.70400001525879,254.15225827997418,20.866681869864244,182
3,38,178,-38.09048785852391,-35.05265084671824,364.8172694303537,0.6707328474812958,251972.71693968604,4.946635744571686,118.5096203128072,16.31802175024271,134
3,39,77,9.182781663508077,-8.139533916636402,58.582413777252526,0.0,5.09736767453588,0.15511999979615212,155.54014625093302,16.941527788436705,59
3,26,126,-9.531023215354672,-12.595899793101125,90.3586257501835,0.48975196984553754,108.05014375019903,5.728480001449585,1068.8779853895442,43.074840706600064,100
3,28,58,-11.002390878971804,-8.212001454277445,5.6118098045007585,0.508502136610122,32.191530451426175,16.082599960327148,118.35876658011982,23.39703962551991,48
3,59,80,-13.666260369042565,-10.657378667930525,18.998760861049973,0.3779062716722658,24.29144210180977,1.7411999969482421,131.51259549487955,21.818182126057145,73
3,52,140,31.83807412004121,0.0,252.71216207630786,0.26892481982724886,103.29013604744425,0.855972002506256,823.3705678831564,-0.26178063571474436,112
3,60,114,-16.388312301323268,-11.864053260474211,9.072850164530886,0.4036334187265146,2157.974580726388,12.420439994812012,243.27433587305907,9.65128189478165,91
3,48,64,60.76976544829101,1.3749980926513672,54.701929437196526,0.0,228.59677313976744,0.26721204111725094,788.9647143377737,15.219229374883332,40
3,55,95,153.04357859385382,7.523279065417652,46.64370091354125,0.48691721793943193,24.382177322674856,2.6973599948883056,392.0907286306192,7.684965042974399,76
3,35,263,-28.539779467899805,-22.22225478401762,9.024012210693645,0.7655155740394437,7136.874959119718,6.81711999130249,211.03290768004717,22.12389404454054,197
3,22,246,163.1531215979756,35.67999267578125,52.19350638703723,0.0,936.7137783536867,1.2141391985416412,251.3645032876485,5.322484119891945,174
3,45,286,-25.593360966666708,-22.70941919108177,26.094393593128736,0.0,11745.254559325587,8.79223987197876,4249.658211934925,2.2471956014182672,227
3,2,115,72.52846443152995,21.29870628502355,7.905050935268099,0.7211278306068601,151.7249582082471,4.796400001525879,547.3532087162691,29.95180667030456,89
3,51,103,-2.16787920080691,-2.790013148848626,64.96794853638667,0.1917028383952539,60.920681391054124,6.15550626373291,532.6015892474885,38.02467877422424,88
3,15,255,130.4604621514371,17.295593554801037,14.657555431593591,0.0,781.6238526101512,5.058400012969971,7919.215625419662,19.132736240890956,186
3,32,194,-25.730634399610803,-17.12151710947511,53.59118937545414,0.7112151434338809,5487740.660801668,1.9115799881219864,426.38818069265307,7.746307572484222,154
3,1,94,73.64814262729725,20.866482835120557,111.27679434076501,0.0,41969777.70654608,4.558760032653809,159.27755623261072,6.741577608840498,73
3,30,165,5.811955789835802,6.0429989204909615,2.042544052384418,0.6783547268378607,33.49356810287805,23.338000061035157,40.68540488701508,17.394230739801678,138
3,19,179,65.70926979717407,23.545211248678154,5.853139557690086,0.6250885157503282,737.1518044107399,15.29851993560791,59.927475224803224,7.665840458726592,150
3,8,74,-7.592688508204531,-4.593536078880765,9.1973541440457,0.47896984112804425,30.697888881744753,2.668626398086548,1972.5604068810496,0.6585701046344118,63
3,49,112,15.524305056802351,0.0,255.52916556717614,0.0,143.20903777839914,1.9217303261756897,678.1135693830362,38.97347701830492,89
3,29,163,5.102146774430048,2.186474434956498,3.3505363305871505,0.6118693680978771,43.95610838739908,16.86637996673584,28.74969840805711,25.29273837307404,137
3,42,74,-4.479353203142504,-3.2936032219033065,11.310924835241138,0.35607470255412327,33.42013811253021,4.886512006759643,2370.691391778998,23.317338099714526,56
3,56,195,31.9521301038806,1.378129249077165,29.940516593872655,0.5827425105284594,659.6680597998682,15.919120040893555,88.95157738281569,5.663837972905915,164
3,5,97,31.20426201320977,1.2861801164264657,83.2449639989336,0.29399228607984523,1706.085920001623,0.32543200469017025,2669.2081420286468,22.759856405701807,73
3,25,102,98.03758206793323,0.8643388567805107,16.345407865335556,0.564581545029744,36.406337981249855,17.01339994430542,204.3077994157178,22.47151038823089,76
3,4,63,35.23360733677506,1.5443234830289274,34.903692081362884,0.37692327269248366,64.6459894695777,0.6634400072097778,799.1546327046873,1.66620770415459,44
3,27,68,0.005404979524914262,-0.9754760191485763,7.161176184433039,0.46713172061191266,19.943962394998024,6.524323223114013,188.80150857290795,16.056387949993972,54
3,41,200,-15.359808052516868,-10.761952653213118,20.655682445643023,0.607307533985829,35425.919399879545,14.561412071228027,105.19759516266316,12.309370933540304,142
3,44,128,95.54617429992072,-1.2376064740265158,84.49772697276677,0.41006919218085414,35.472320164503756,0.17526035997271538,1716.2965297496353,43.00150823621674,100
3,14,39,118.6215509424892,0.0,143.20260339188664,0.43443100064547846,7.267483972254567,0.12364799934625623,1087.1361415501758,26.40094343094686,28
3,47,78,0.0,0.0,0.0,0.0,0.019269756426346638,0.0030000000260769996,10240.186657881484,672.9921168886856,54
3,0,77,4390.426970112314,37.08680727069519,396.08931257802345,0.0,240.1289321464675,1.2282680206298828,1542.8814954860318,9.837671003407838,69
3,10,60,5.612555011482106,2.40329704502321,8.91529147782034,0.4075983507419412,32.54853606544396,19.33511999511719,148.84134168937888,27.614840774510878,51
3,21,99,340.19635629822466,97.89918241185379,,0.0,43.82785507651342,0.10720000141859053,123.35256558010352,-1.5777181752187024,70
4,53,466,466.51975102753204,23.192341000521253,12.223090870825024,0.0,784.316485486029,10.823599971771241,260.61378114182065,21.85522984044532,355
4,49,326,39.66707567164167,23.573901946360117,6.755000625458675,0.8023325291534587,862.7486541211208,24.714919960021973,40.72265917078505,25.761127642550818,264
4,13,7711,15.563090209518768,0.0,,0.0,642.2415269687947,2.0,8782.353176699942,0.0,521
4,34,132,-39.561265080996456,-38.56567093406038,12.247878978149915,0.7727762347052913,258.8752924221872,0.4716740010976791,285.5646427723807,0.0,104
4,15,189,-27.5247494640131,-23.50969297123326,,0.0,27003.262627577493,6.801959762573242,140.49275120995145,4.818569660072701,126
4,64,324,14.800025622556554,7.679268497237209,5.457473149916835,0.785615775130056,43.021124859493426,18.21687992095947,472.77040223302566,7.725703453584737,247
4,4,72,11.89923679695958,5.060727765352788,4.758651974223556,0.40855687410087155,46.226726575053796,16.011073181152344,425.1930102721041,18.48556519753969,61
4,25,402,-39.45658465967605,-35.98290546249197,11.565995136625041,0.0,626312.0068311706,3.040997573852539,1381.7605265226323,21.374966963844134,306
4,55,230,168.34884616631325,9.98398675961899,15.481214400250334,0.0,3844.630632778137,4.173285946846008,176.69382075273853,18.514659212675312,177
4,19,121,-32.882354460449065,-24.8700183604514,24.236928047586158,0.0,28.59774715793053,4.941759906768799,246.45853622706565,1.3729647309317672,86
4,17,102,-28.141795874451105,-22.582920735890703,14.862438154497578,0.7864945148170434,195.49413977056918,9.12421492576599,1831.782173401888,10.250450247421913,64
4,61,118,-2.5828742872324035,-3.441181220884073,6.374810822337267,0.6233156079552734,78.38452340870455,8.03506665611267,228.28190068320848,4.175241593827807,89
4,52,137,139.47675803311142,0.8000061094775416,186.3312870440015,0.4331427336796819,124.27092493396633,0.09654679942131039,1847.524693680812,44.2892946293547,103
4,36,149,18.108799715733646,11.932640603702904,3.0000663336514317,0.788984977668295,79.51519051668384,28.93119999694824,27.880226746981336,6.50678810444559,118
4,23,98,-18.704023207828435,-10.266034531018187,12.081585249249558,0.3314265880595594,40.72221944496243,5.445589988708496,451.9780119287192,24.08269170736822,81
4,47,103,90.04574231235034,10.048098723224033,21.812691943521756,0.3658617167010282,45.54871530646007,14.024479995727539,206.8739443507649,16.207547180161676,82
4,56,143,827.1697755526708,29.72972972972973,43.66370627082086,0.0,90.72628688048681,5.544649772644043,139.3117378575165,44.96314849422718,111
4,50,342,174.31411834807943,27.10856660669227,3.886664326764991,0.8526570629374995,69.59155184418884,18.475266681671144,55.456161795900414,20.707729759424733,269
4,37,186,8.415135920001685,5.658025077937625,3.1192152460665166,0.691646875971782,164.01288604363702,27.657440017700196,81.07650688159235,17.131331625311855,147
4,59,408,303.5333871010976,24.665422294137727,53.72233214370492,0.7346134296313374,67.75107266961155,13.858999919891357,177.6952854714165,10.600004196166992,313
4,39,128,35.89714055004502,16.173190427490155,4.988084889022881,0.7480124170291108,207.33839720842212,11.44523999786377,14.20484094816924,-0.0104705236886399,107
4,20,110,-15.786064142526387,-9.678931811140316,3.1437011439100857,0.749829895070139,1225.4455103115322,17.87455994796753,76.82644661816832,22.72726681606841,71
4,60,146,12.77503802219996,3.3554834673036327,19.61653580422342,0.6047192906933481,29.83018020701554,5.3106800460815435,48.44337968956038,7.4385434241232815,110
4,3,84,99.72469049171531,5.982250578240128,51.51529699825013,0.3693943536155039,1367.0584118178174,1.0307199981212616,304.4588796041731,5.864027503242614,59
4,22,88,110.6658738920915,-1.1200488995908306,85.14717864338276,0.0,36.014752847354345,0.7921760039329528,379.67442703493,5.805981423353874,60
4,29,164,-40.334253546873796,-37.14166987564782,14.69467107885216,0.6068024645819833,126718.59509466354,2.0314479997158053,484.3059800263547,15.708548906699846,115
4,42,298,510.2230368443764,18.262571460208463,95.51889097159771,0.0,469.9061510794743,3.4325840215682986,618.5810303673334,29.004677630152855,234
4,54,206,46.476019558970286,11.706346881073047,6.032457134853072,0.6670380794354633,184.29568196985323,14.56953994369507,81.52191925792562,9.50550197260636,161
4,45,169,122.3242889062038,20.393117658450812,9.582200356972805,0.6020287502094425,2177.792813575742,19.87416003417969,521.6732462130273,14.284205933553585,141
4,0,57,477.3582611936108,97.2222268213088,22.988144419713688,0.0,99.4276672541751,0.12815327692031855,685.5795491336478,17.41379437287207,41
4,26,336,-39.212467405785134,-34.307036087579505,15.199034984261367,0.68877622918616,1329.2347605348864,0.932686199426651,1140.482338757039,11.16812140510247,256
4,11,84,0.17006799100786857,0.0,0.015272556445027544,0.0,0.0629836427499318,0.039999999105930314,663.2403262660022,0.0,59
4,65,193,-3.525763459441523,-2.4186347634382312,12.189859685949125,0.5559002247415858,328.727636422247,10.012720046997071,139.4928529876065,7.687411015419494,155
4,14,63,-42.020989918741385,-33.333331177496234,1432.3881427688318,0.0,39.528845514959386,1.0800000429153442,16161.996217233478,0.0,39
4,32,164,-12.934772671437022,-11.177742557144507,10.833314906070802,0.5899195181830653,66.43515260025418,2.3943265986442563,184.8234534667321,17.644990797192023,119
4,2,132,-3.868869395269341,-3.9890251101540706,36.59874414265187,0.4693794725105726,67.32284843187314,2.4559600210189823,187.98637658181667,6.175397877984085,110
4,21,81,23.051076330183893,0.0,105.57909157168442,0.3478441726071062,2253064.307116683,0.07112000088393683,2213.5241782774815,66.05147739158595,69
4,58,141,380.39425501138334,28.082188760883163,35.79976277797469,0.0,77.95851815815618,4.830240009307861,218.75008004506316,11.912128354529845,99
4,51,452,44.28737225680929,26.76291770991906,2.5806525836581873,0.8492508141544689,39.04312678240955,19.403171985626223,54.57919361829902,16.735254303806542,367
4,9,84,-24.87346368935848,-19.478023980978485,127.24896080159058,0.4278321768078223,16700.080427518988,3.179719205856323,300.1918476687291,33.08500788953744,63
4,6,209,7.195449560664757,-4.000002145767223,44.339604471583684,0.3909239983344945,28863.859988536962,0.5433399965763092,595.6975983437782,23.544670334890355,158
4,24,169,-38.34329085605573,-34.133330729789584,19.33028499303855,0.7974996193076741,21531184.37663668,0.686311998128891,12078.38113838666,1.1519702312368014,124
4,41,300,139.01644781195137,17.843267109657077,14.745375483381146,0.0,31.134485819796367,11.73252601623535,69.1272061170337,8.915355829806337,224
4,7,75,46.40085414223688,1.476921668419471,51.17440166226911,0.24340134127939286,14.043777939931303,0.05240000078082078,560.1356045808658,47.65100667339476,61
4,48,333,74.79434801192514,22.49999953433867,5.381203731868499,0.0,46.804833871580335,23.857040023803712,47.245006416598365,16.651109898340245,263
4,30,63,-35.40934969293927,-21.999998092651357,15.814387282037554,0.63209550348183,6397.7381403194895,0.6136800174713135,63688.671514030575,32.43695022268118,49
4,63,131,115.89159451568709,8.644615042792681,42.28495375059935,0.5394875522848722,92239.29045254129,2.551999988555908,363.0790289382648,12.69994051566188,102
4,8,81,13.335143059053097,1.9656000081542664,11.35730904521487,0.34880335558161984,291.78410395969803,7.562323192596436,130.9562752290014,4.81079677406856,63
4,27,177,27.622007678970025,-12.00000178813925,729.8986038114255,0.24462708509885647,170.0066566442277,0.09709272015094754,697.0231344188539,22.493614164441603,156
4,57,172,3658.1543016739433,33.15231965141769,108.65121788952955,0.0,3088.9404774112227,4.2392799854278564,296.9784428533406,20.94387741717057,128
4,38,198,14.836170013283802,3.9522173448657574,625.0067690676121,0.6087603721517669,6995698.826846669,14.245479984283447,1579.5708241465516,8.04657756732504,154
4,62,66,9.73625750428522,-1.9584245222800658,67.78881886932798,0.3229097794037503,50785.57386509218,0.12145072051882744,1536.3758336667997,40.65679982224428,51
4,43,60,76.57028631061971,2.022420331070926,50.558586638568514,0.46973427211522945,684.4234594185036,0.22387480044364927,1535.5339863867896,45.42429143160426,51
4,46,44,471.65243589247456,35.123289131183185,857.0499056883908,0.5563028542469527,199.8313381141863,4.644411930851172,24252.08639429306,12.517990867624375,36
4,5,70,79.91079381183359,14.005603492627113,75.60209490877278,0.0,50.873374446086004,1.383239998817444,673.4178871142318,18.6699497010124,45
4,18,120,-26.56548480258377,-19.281082847870508,8.496040651004428,0.7336015171092591,400959062.95511085,13.013699996948242,111.23646141872085,39.8266823058464,87
4,1,185,1107.0025277229197,48.020470797752616,33.742270945589844,0.0,15.09571855846108,0.5884400011226535,6118.767265778137,7.682701099983937,130
4,16,74,-18.498644820694636,-14.150472485317088,5.622913667767079,0.6543877477430509,1211.5197669176612,3.446880002975464,267.5582296148853,16.100678508772575,57
4,35,106,2.037974809018221,0.2506668061536028,14.566974483797654,0.6234525340763084,2689.3800752942398,17.835698261260987,257.7912966233702,29.51223833831634,86
4,40,82,68.07854871484619,0.0,51.013835172366804,0.563989787485203,38045.592163663605,6.936239997863769,1498.2185726443993,15.800203163503575,62
4,28,110,-14.281051321979136,-20.083039273671844,12.213799286797206,0.45678791935686747,1557.0326398266377,1.3976199977397918,83.26629044247008,8.093449802275122,82
4,44,90,2.0599342473696414,0.0,6.790811000420452,0.5161747845753393,35467.53576208838,7.934560001373291,163.51137966371613,8.664761569498259,72
4,10,81,19.69176564143074,-5.403376935237269,35.25988402820523,0.4037045850094218,28.85115242042997,0.6098495984077453,159.66145815821494,12.835217371112766,61
4,31,105,-16.75825631635717,-7.441864127142966,21.640279634464534,0.0,25.828822188754803,7.54448002243042,358.4045102294596,1.3842726565065426,74
4,12,59,0.0,0.0,0.0,0.0,0.018877966229071775,0.004000000189989799,9920.248743617452,300.0000000000004,45
4,33,32,42.343421507838485,0.0,167.54683048272472,0.4060257060086556,3.277715518466957,0.006499120028689463,3409.626716659157,165.9722055429379,26
5,17,478,37.70557238725402,25.88105639886877,2.909178144314754,0.0,61.60909406820859,22.3601000289917,39.964202469272756,23.593951930091947,356
5,15,304,46.90584546360852,24.37111016444836,2.9550719894364104,0.8253148431927418,960.2275246867707,23.44367997741699,87.08464887322357,20.707729759424733,227
5,42,7466,254.6608811507277,0.0,68.3497616404725,0.0,127.67867018159936,3.650000095367432,14342.671573066844,0.0,526
5,38,61,0.0,0.0,0.0,0.0,0.014313196755523866,0.0030000000260769987,19193.430792456675,150.20041511165687,46
5,20,248,271.6490515716862,14.96635245604117,33.219140737042096,0.0,148.88370593223792,11.078310291290283,216.3323355179779,9.586271671435957,180
5,66,165,-12.909254683322034,-8.555625180054903,11.372745453659675,0.6351012617464964,228.97408497297988,8.224399990081787,233.6385963823774,23.28469552283672,133
5,58,176,-35.86376806846468,-35.153349749940304,7.854788365944364,0.5761764702718958,7264.834843960937,1.7597464065551758,145.09532967645487,17.58036519778178,130
5,44,138,-15.507930650187557,-9.897028221885202,30.630309568467833,0.0,8.071574673611687,0.2758863664865494,385.19974149317073,44.62521768466406,97
5,29,104,5.595403283621982,-3.1672647285833206,157.2383474833684,0.4551375727882704,37.051318933944906,0.20138388459384443,586.4915256215994,25.610512776061167,82
5,12,321,2192.81721169332,21.609192221564623,197.29836545689272,0.0,99.34491360526022,13.334312110900878,4163.384000395703,14.585034376909944,247
5,51,106,-12.465056745039488,-6.331011448994154,129.51585572863476,0.17444635301688757,8.084403474381725,0.11605291977524755,3438.1406803131295,0.0,79
5,60,173,11.289884759223977,4.359469650581734,5.775900976013711,0.47274375258386275,99.66893043676785,23.992399993896484,144.70262921809086,14.033630473675897,140
5,6,90,30.994623017493456,19.71905732803448,2.5071377897584237,0.6254233228429987,43.67382289505056,25.52320006561279,68.92447535414689,24.93372904532614,74
5,47,289,-31.589546097733702,-25.786168378844415,6.980995341821909,0.0,6856.939018513277,4.939439981460572,719.2500374507093,13.831308383515914,212
5,34,159,14.185579325347124,2.8541583985016326,32.759665494243876,0.44111973551355704,1065.953704234656,2.8943999862670897,4000.6869463910743,38.67751819476577,110
5,50,308,-15.310646703769487,-10.10880229374566,4.644062232122257,0.7109400093465215,24114.922880346818,20.576573797423265,176.67943297220273,16.27906956596597,219
5,56,291,-33.38964706528409,-40.00000000000002,8.529048308319808,0.7751872900018835,3688.2808418135564,2.2694399948120116,778.2562565269687,7.215633111025445,214
5,35,84,-17.01616838320279,-15.942517063598821,11.841223672465231,0.34844841577465074,30032.147480432894,1.8548734145164492,365.6776578698401,25.562969902841587,63
5,1,347,570.2926019917924,14.840120241724616,120.60353971661476,0.0,128.85206046776685,5.13479998588562,461.89008470694006,15.527737468441735,256
5,11,122,220.41736947050393,16.756542839542156,30.58999832571452,0.0,16355.462260014292,5.052280027389527,425.8893755469908,10.000001975844643,89
5,40,91,-6.817792686980994,-0.874633363654431,64.64529449085843,0.0,251.35531667431565,0.12078319960832593,2028.2991439486157,22.00641114953359,67
5,46,89,50.10588076637741,2.5252526225563057,35.69355835576042,0.0,8.623143013629278,0.12895919799804684,1731.704192120878,7.95238617707933,63
5,36,132,-3.977538948762247,-0.3047318392310867,5.6292836159583075,0.5449837436647523,58.79834928513709,9.840320053100587,122.07626821935476,13.195644091781642,103
5,32,169,-3.719950900448783,-5.633797614353404,1075.9871217445886,0.5397103768712747,554.2893358503605,9.04176000213623,339.0349550393165,17.745623311011254,129
5,0,293,322.5743138045596,32.08269100887421,42.184826978216805,0.0,66.02208260171552,14.163840019226074,413.88256958940815,29.22705839721683,202
5,65,102,-51.81836913781802,-52.99418491600128,26.425555277023314,0.6581301200776438,63.65164198631916,0.4537375597059727,3615.131185090729,39.450982775426056,75
5,57,237,-29.77478732580117,-22.299998006969986,12.848741777417027,0.0,2342.60189032517,3.1938249950408935,288.47011648623794,17.721735793088826,169
5,24,133,160.8992438597733,1.0504202017397906,29.76863835720676,0.5899050959826078,17.30915679278758,3.8561599884033204,1811.4036001034049,17.05263427006243,100
5,55,137,28.88972009657998,0.0,154.07212265208395,0.44012048211290095,1315.5306386527143,0.39913600707054137,670.4846519807281,12.96153739676248,120
5,3,110,25.850911314786664,9.191062082987628,19.025602871045187,0.6234697403586554,72.94281224388175,7.274680088043213,112.38029374131708,20.493249073020806,92
5,48,220,-37.53716200053093,-35.31172741234293,9.286719342703124,0.0,190110.26737573688,3.0319119887351986,70.03052659245499,-1.692494375446437,159
5,18,426,36.15929365312526,20.876870575958584,4.870508594608633,0.7120496468316104,94.80247616230193,21.390719970703124,39.84799277548071,13.36807838715764,336
5,37,104,-0.4854368932038839,0.0,0.04359351990941144,0.0,0.06537829962940613,0.03895200043916701,534.5587430283344,4.512500584404878,74
5,63,142,7.834234048393987,5.782997699014546,3.155049922570886,0.6338418095062581,64.96221152362986,26.314960006713868,29.58346326161898,5.270066798654401,118
5,54,102,-16.834830580552712,-7.728007566815262,18.284552255271635,0.3910920086414898,3117.2002786332187,3.9728000202178952,350.79587850317563,19.16667240982272,75
5,9,51,385.3304004336468,25.64766969391859,39.69012262194535,0.0,177.21446774563546,1.3245600214004516,6281.863294644178,11.713835343606902,32
5,39,65,1.2742567724509042,0.0,136.0651559565024,0.27675222938593635,43.93487476253042,13.498320007324219,1126.3430654589524,11.161208996799337,51
5,13,437,77.59747751542366,29.9844262906318,11.897711969059841,0.0,407.9795080512004,16.431599967956544,125.26542974333051,27.084183860695845,326
5,59,413,-40.341136940694874,-35.73667634750745,15.219271947254523,0.0,1032059.6248522643,1.6840176343917848,644.3692502972946,5.583084628307438,312
5,49,135,-15.011052724875123,-8.960424217484517,4.2997820577109085,0.6684938856938027,98690.39153588576,18.60511994934082,130.45819286435915,16.639555319608313,106
5,64,216,-44.17564448034205,-42.395444524688074,14.593520241211763,0.643571140670989,3870871.985837159,0.31309512215852736,1048.2508685470154,6.61130023779584,159
5,25,55,6.906770578144613,5.766423159500779,8.99145584080177,0.5916252127873418,371.189575694612,10.832541534423829,135.51757057681704,5.545485042161037,41
5,8,158,645.2405318409495,22.91627745900046,63.66563001791316,0.0,29.407885481318928,12.412093425750733,53.75022422281682,16.280418184468463,118
5,10,284,233.403708019552,41.07142857142857,,0.0,2245129.4331893483,6.675135276794434,136.8406936443973,4.478108542731526,175
5,53,80,21.15879805392379,2.308795366082893,44.05412939276978,0.24468860664254513,145.61330196292596,0.14705540069937706,623.5841948611748,-0.8067534563380582,66
5,61,75,-6.861483752088033,-5.210914426494349,5.620316752926428,0.6213384254521568,3127.500102193239,16.995039962768555,150.80225101830183,45.432716815327794,60
5,5,99,24.418176666618187,0.8934291170460968,50.842449830753424,0.0,14.841980646205144,0.05768479993939394,1416.5756209834344,0.0,77
5,19,191,57.205773819496684,15.384616560249448,14.352111555166372,0.0,1315.1831854779043,11.627120048522949,136.4799228545925,4.662227462755427,149
5,22,109,41.55761217765895,18.599323311237374,3.366734219744223,0.5880390948754017,40.612595902928824,17.242399955749512,120.16332921716926,16.980355773759136,85
5,28,125,-29.964751087701558,-22.000000372528728,5.655313935885776,0.0,270.1605972754969,1.0281200189590454,11157.430904759984,45.58823967479842,85
5,7,109,13.16222497175718,10.983056537175582,2.1197432701552827,0.70923389092312,27052.642402750862,28.113440032958984,51.80585469291108,15.974931452588404,86
5,62,74,25.780007108358326,5.676318772776667,7.610115294580949,0.5714860128795494,135.42039476881598,11.112021072387694,98.58393796630915,11.752306537780655,56
5,16,121,35.34662554818413,14.51787886289781,10.888500982093554,0.6448057981879542,539.4021331261737,32.9456000213623,2863.9735217354023,25.636815638223887,96
5,31,82,21.967083935213623,-2.5982200505074697,216.53632353012645,0.4674248580632349,884.5229367281255,14.158852046966553,1105.8464988996975,36.15570159532025,62
5,21,109,31.419125731426966,11.219513386505717,5.947674446823128,0.5031815971394291,43.32776290269147,14.575119995117188,33.397325952004735,13.533301507230611,74
5,30,121,-8.089991000986586,-3.6422083684895386,21.235950080251047,0.5936981680394114,14.98559917225211,4.711599994659424,455.33731707781635,16.805895282320204,96
5,27,129,-28.326612070918763,-18.181820211764716,10.98299960668377,0.6729142674016801,26654914.567084532,1.3007400102615356,1569.077587875957,33.28010347269299,104
5,68,157,-8.600365241618855,-7.751930820906596,10.05368197538206,0.511039203962429,27.01997311728322,3.72120001411438,547.2498126668725,10.991164502599215,118
5,14,79,40.94824104583211,14.664589313015258,3.999957802094503,0.6314993990436185,30.473564472528363,18.91440005493164,40.16702054904235,22.323909931882046,58
5,41,33,472.2616152428086,15.503875445026877,457.94695858408386,0.5811713379368492,15.41139297337483,7.420239833831787,518.4210213162291,24.691906925460238,30
5,26,84,48.39663265875555,0.0,46.63141287570265,0.5585515984439775,17.99677405792495,6.190593278884888,248.1297672983496,5.6045169854009504,56
5,23,99,64.57250103289262,17.117111311941173,9.046892379817365,0.6629950719144971,33.23499326534705,8.043279876708985,181.16807963342484,5.153881960469445e-07,70
5,45,48,46.83493075467579,4.823397891984824,5.93535280420415,0.5278550823084256,33.62572287900411,20.152919982910156,20.842332276953886,-5.50181715764057,41
5,4,82,15.983651421205145,5.494860089067592,10.17265311658957,0.3833178013088209,32009.637125966685,3.8895000104904174,190.4369603937651,14.196648646755769,61
5,33,139,19.06909590916906,4.079292734288947,39.40444209424971,0.598207949777532,706.6011443562256,2.8777599964141847,5846.959350946056,9.361946232971452,104
5,52,58,8.15000017279461,3.6088214441087363,92.88232122105406,0.0,23.972828317525984,0.5760569215416909,520.6875370893683,36.51754189912056,42
5,43,57,-19.190274596896824,-13.544305806892663,,0.0,118.95783403927886,1.1692500114440918,731.0835334543921,43.65671880054848,29
5,67,58,-8.036871896148424,-2.53703031285987,237.59611094665684,0.6145192790574561,6.315724531407363,6.35604398727417,102.61591172067696,-83.46282984141253,53
5,2,82,10.564073282407854,7.098071191288183,3.826684875732955,0.6654231921494611,33.12513630423376,14.362460498809813,383.75358965082665,12.409943058126352,66
6,51,126,0.18754456966612137,0.8840978811668065,6.765154568200808,0.6654638433047939,49.841466359078304,14.542440036773682,201.0742073913815,12.707445719624797,102
6,53,72,68.65703253670402,11.187738857239045,10.704217773686967,0.5780128110156239,1849.8363471578195,23.983639976501465,24.415426494540956,12.575783279045906,58
6,45,7073,5.132660844314685,0.0,,0.0,176.7221856410498,2.75,12983.015784506197,0.0,471
6,14,255,488.1844580302643,50.00000372529018,24.234792088068478,0.0,246.84974947880508,3.1445599994659426,978.6083146042214,22.519135201211473,166
6,6,179,176.72428861530588,19.72789954807604,15.218349970346823,0.7500894488506986,34.196753698252024,4.025920017242432,214.9200362010485,21.48553412937904,128
6,32,96,9.04149230529863,0.0,36.34378808639797,0.5217922393105322,135.75442548957227,0.43864375883340834,706.0945328353299,2.717038601355041,80
6,3,230,155.1685700885631,24.444443531978337,17.336647427744595,0.0,45.50995040210422,10.190253170847893,200.93768472335182,8.055788337308396,160
6,21,64,141.47771206687898,9.768072719451835,72.16892032265908,0.49470813617957426,56.075838939673886,0.09059835992753504,14919.9393971811,25.310531800892768,48
6,39,260,-36.75026057391843,-34.63906922812856,7.108030123167491,0.7746916814286229,402.81358298357065,4.8270046377182005,363.00750827325743,11.204940709357391,181
6,19,115,209.26481021777818,4.6622241717143655,59.012483906312696,0.0,22036.360014946833,0.13070400023460385,299.41180692691745,-3.12088537597629,84
6,1,146,112.46603335301691,20.03874882111814,15.55247691026688,0.5357506279562921,1528.0501008518938,11.379939838409424,145.59515351254828,16.258412307615647,110
6,25,277,363.9010227857459,26.213587457446767,47.12588313372386,0.0,68.4500020873536,5.284959968566895,639.5287390235746,17.224874106387368,192
6,12,98,27.203798750492133,11.612460506645968,8.184760843129354,0.3757370471780133,43.278422463085924,21.140919914245604,68.55087425448839,13.368002179996928,78
6,26,260,-43.14025646857646,-41.234178886082844,16.785488920117498,0.7569238909603222,25756.142207246212,0.9948375892639161,974.3209696153001,25.110627226154072,166
6,2,136,25.887239311154236,8.482893334195733,14.111111210161232,0.0,1127.2495987780753,18.667960067749025,216.76414548138987,21.507132057443854,99
6,18,124,0.3441750816338923,-0.9473955348030514,6.671446335784594,0.518503690592164,33.911870300483564,9.313936000823976,26.601988481317036,-1.9715945911161472,93
6,33,120,29.666832422889506,0.0,160.55371771490232,0.0,610.0545486118049,0.059060039915144386,16056.558797210435,16.584905178710706,90
6,8,281,696.3795308986772,21.34102424347395,96.99860157242864,0.759448678995736,43.393480880268136,4.693199977874756,178.72752663985446,12.861150809521057,199
6,37,310,-17.248313020540223,-11.440725456441301,3.2485283288172617,0.0,177.01856603502372,16.62251999282837,38.94767155665938,4.390618723030305,218
6,10,342,658.0146936945592,28.49335858253921,30.361315224448976,0.7882791028919367,692.4646485488594,19.845903953552245,85.1592150964273,15.823447858685059,238
6,46,66,-11.251980203384345,-3.949106373623413,36.31881832613373,0.38954745719876716,2400.4567621074343,1.0916936001777648,1845.7064359660951,16.53589381813567,53
6,72,72,-5.94246979002138,-4.098066692197852,4.7749550137063075,0.4227536966685391,28.90849257866671,15.020920013427734,81.714176423527,45.66571671164991,52
6,55,189,-5.250093733493601,-2.797206761324065,9.673175243871029,0.5108829136440853,29.687176262756374,4.916479990005493,1181.099688505259,19.960911279427,127
6,23,357,67.56636448107284,27.584568740654653,5.995668303295949,0.7063321020347078,135.73323839411435,19.89839976501465,664.5450392963776,25.05750347544361,264
6,41,261,-21.028140464085723,-13.059912809185322,4.390140808663698,0.0,921.5238814117981,24.113120056152344,96.39994178710054,3.639950475634323,193
6,16,155,25.83101177500749,8.648646732940588,13.698357369416255,0.4501811744883587,22.102243159718192,7.186400016784668,97.45773814927801,8.329476515324941,123
6,4,230,33.60949546851159,8.428731407476509,13.456771416602612,0.6441543774872951,135.16642050293905,9.958276832580566,1239.4052001309378,23.184468743193946,184
6,28,256,-30.489089930448667,-26.939351596928834,29.88859060967503,0.0,1892534.9155675857,1.7301000204086303,890.9516408608478,12.525531401323406,178
6,63,107,-24.69114813831605,-19.696977222808385,6.521155998374532,0.6335189569594816,719.1638029607035,4.872351993560791,72.0042682909442,21.746842079922516,82
6,9,264,143.41185088498597,22.830188577393276,10.126660480004317,0.0,12888990.374548703,8.278640018463134,133.90152392704016,14.94789511557516,191
6,64,156,-33.89451212389427,-30.711281764678127,5.751941569874339,0.6900841256387776,14572.886094222442,7.38423641204834,101.51609623611853,9.12332925031552,109
6,68,156,-24.79906454280374,-16.762428483357844,7.232726356078454,0.0,1174.0506077834423,3.0362000074386595,1130.724025650187,7.909845720693978,103
6,67,245,-10.30906822525616,-8.16326739664235,2.4859000471837924,0.7428504998172092,9382.231205785001,26.503199981689452,57.54625566456702,17.886491493882925,181
6,66,142,-9.600884867070373,-5.926354269519255,4.665251036245487,0.6738898409790877,246.44789460119486,17.397902591705325,617.3599336184923,14.607571938931248,114
6,29,56,-31.796601764272356,-15.241818985161531,16.989442711524465,0.5131885711725546,20.661839265350928,2.9391584167480467,2810.2136339922426,15.672723263285262,40
6,22,340,94.13550093635183,28.75936084610953,4.53906034993367,0.7865729797240678,164973.01956503844,26.667519981384277,57.08870034670631,22.963397968203903,247
6,7,229,29.742105074916292,12.960461930791606,4.017180061897948,0.7644603241306132,1417.9832935929103,29.845919967651366,51.97397186533442,28.43907329343452,171
6,13,90,147.58911906098692,29.285715430071356,28.498065265084126,0.0,21.14263034680228,1.0787475066781043,848.4070640355394,4.59452154714843,63
6,50,92,35.048804474511165,11.837358577882195,17.47068067084038,0.696651947261391,66.05706087210139,26.537920036315917,172.0985218176431,25.75775068201033,62
6,17,78,22.49604617139365,3.1561612659248244,13.71767945422011,0.4900705299488061,14.675750837139597,0.24623716053366662,269.3329222434052,19.120875804151773,65
6,5,196,184.88418332438863,7.1284500288920745,11.39994627584218,0.636065675390176,396.8758331329641,9.593077511787415,159.79454904486607,30.62433605668805,137
6,57,167,-6.503111474860691,-7.942012272673554,21.3562446475167,0.0,441.8890336760355,6.520727962493896,335.9123764158564,21.145648635379068,123
6,31,96,-13.71548929868276,-12.844940121362669,8.213531269988684,0.5623601838947129,81.08073558634466,4.792660001754761,475.6106837057554,22.97688183103713,71
6,69,178,-14.168882151882032,-9.790500625972285,5.476116433635753,0.0,1129.8331054109467,15.36404002380371,132.1954194632818,26.349557488901752,120
6,27,108,-21.537458302646765,-15.158526757961585,,0.4622212047952252,573.4507871248518,2.3460245723724364,396.8497595131078,17.898068065419725,84
6,65,134,-25.335078578457097,-23.17108915021765,37.62977013518055,0.556759274173434,211.98966108718443,5.219724003791809,62.00973094533563,13.731004481507984,99
6,59,186,16.766923593275273,-8.204927008074392,56.976673276917055,0.0,4309.204725688684,2.454213086128235,7136.685352503429,23.328675920933826,137
6,52,181,69.64464420583882,13.794842930473822,11.503879985317491,0.6997023908329549,240.9838240123732,1.5042644004821777,142.99828270100926,6.372776659291141,127
6,36,110,4.769895711261163,0.0,21.38309606207362,0.4685848564437497,149.88115793767795,16.389940017700194,299.6799827644972,5.422826134367993,79
6,54,104,-7.2766188453029,-3.9698789560138725,80.50909892797667,0.21109563617792962,13.773737518412391,0.055309960395097696,1669.8286952828023,27.37754257963117,83
6,24,185,224.56398273320417,14.646472917285994,23.2929333763956,0.7263712251525265,141.46661924660137,13.779199806213379,424.9561304002236,13.613664058840362,131
6,49,178,4.092147914349232,1.27470397576896,5.934220341024597,0.662190114989984,44.506413778435885,25.668639957427978,68.46960858842718,23.1997120767746,130
6,15,90,3314.877700565559,39.791538832789136,108.31095282963912,0.0,80.26082454469655,0.615574674218893,3045.493869919233,76.61345579796345,56
6,35,55,-3.8784756132191323,-4.145514245086882,8.53088571364664,0.5979117116402595,25.62642765493906,7.098560001373291,417.3873913133528,30.428253576659337,38
6,40,228,-34.361627640525704,-32.2608682124511,12.340705251124092,0.0,1137.41549981557,2.1809999895095826,234.9562527199505,0.0,163
6,38,401,-26.580498822524596,-21.18570399828987,4.196302342792702,0.0,246501.69186830698,12.371862303535893,403.4489745090955,18.6699497010124,299
6,34,90,5.989545602869292,2.5374884134353763,3.77763574831891,0.4376928682651204,25.5221918101661,14.526240005493165,107.56162481229192,8.648462987675764,66
6,58,149,9.84421417177485,2.2962454163025874,7.419475948493814,0.653661663336729,9634.653371424265,14.04936001586914,161.14403246328735,22.843820025359456,112
6,62,74,96.44594930528856,1.4036823155656877,153.13947891014396,0.2741304001863937,277997.3980487596,0.06006000019609923,1845.8080310474097,0.0,63
6,30,66,-6.40907551303577,-2.321224077827953,32.914922451575244,0.44486481718298115,221.03452713839147,20.649000030517577,72.42261862121005,27.09085694370621,49
6,11,152,52.898165415832146,25.765247746528516,4.218848559175254,0.6471482091647919,129.01671163226163,20.052279972076416,146.65371219193028,8.523493223343772,109
6,43,44,0.0,0.0,0.0,0.0,0.014438636338044515,0.004999999888241199,10423.340546981955,100.00000000000011,28
6,47,111,-20.73561096542449,-15.611818789624943,139.41297144309266,0.25078078467272796,362.56184752406125,0.08151999968290323,3335.9337887005013,4.142471042157432,85
6,61,78,3.5795451440976933,-5.423551523372311,24.949427152027077,0.42258497375636395,399.30451111505306,0.3710807961821556,2548.6805923170755,40.16089196875727,57
6,70,100,-29.706662625883123,-21.97801833115729,4.624015730604432,0.0,252.22201540706956,5.6354999980926515,157.1561864009608,5.501595752995379,58
6,20,52,35.2406340196945,1.515701807264504,24.220651942098826,0.5421585058452324,47.44683596318352,0.8242228001356124,1424.877116680439,7.828524439562408,40
6,42,78,0.0,0.0,0.0,0.0,0.06611187157865897,0.04235499911010261,620.433754974094,0.0,57
6,44,41,13.384639741787916,0.0,50.55998789998689,0.22436848512551139,459.16030003551526,0.014462319754064007,274.890366372839,21.95121951219512,37
6,0,73,55.73831265986743,16.750461865186537,16.919035538281335,0.4509230147644026,98.19551594747367,21.781839981079102,2185.9049936277497,19.972776573398875,59
6,48,111,-5.901381171746344,-3.31010709994892,3.546897815598009,0.7421523383135178,20.062084899209303,10.550240013122558,16.40552694845985,-12.386397700441748,92
6,71,43,-9.731628937249035,-8.410726328634606,9.137356037296783,0.4105817776964806,5435.349149748528,7.561552650050113,371.72183029832513,2.9779692229565264,25
6,60,114,30.989813668241126,-2.043957685838689,130.02280180806974,0.44024055901309556,71103.66731783157,0.5726640008091927,23129.393634692296,12.49999906867747,87
6,56,53,-3.9766909756210316,-4.721551571336659,1.5275738783188526,0.5775518141092091,40.54635869540808,32.96120007324219,12.407165449348875,5.479156610538611,42
7,38,104,2.3904267004938604,-0.4516367787147704,2.4727143866542227,0.6997670262246415,2989.2927857237396,47.071159942626956,33.42888857426316,22.73053518952971,78
7,10,492,-37.592945009343616,-32.87973261052947,5.816887058425647,0.8024870786604517,8999.766975429091,6.656112386703491,638.6077763078099,20.999105335357896,334
7,68,6777,0.29623266791001207,0.0,,0.0,35.6027185675626,2.4049999713897705,15204.901820320047,0.0,528
7,41,259,89.25278687383687,17.708333333333336,7.62606198599074,0.0,48.45096560694439,17.879720069885256,569.8189535560668,12.35694109031912,177
7,5,198,-33.972828762871984,-29.305427523472773,4.326525766167046,0.8202026240289297,90.66344394154173,11.074159992218018,42.62013965428178,13.815504715378324,133
7,2,352,-33.91387402984262,-29.478633338465066,132.92407222035607,0.8461034044860836,301405.884751646,6.871000003814697,238.87824869307414,19.6560179432529,243
7,57,233,-31.639493346593877,-25.0,4.48867744949156,0.0,5893.893223450376,3.7761798667907716,31.224149795087254,0.0,137
7,56,142,63.33774669034987,-3.2664894198922223,120.53272517425646,0.5801227889789812,43.808418009883226,22.93133997344971,86.04207220601224,12.061595113279909,105
7,55,211,-13.442076595932269,-12.307692134060192,5.116220509519244,0.675695912007237,98.03684903555386,18.00559986114502,107.02063932363315,22.654325391542766,159
7,0,459,-33.348839688693026,-29.692153542516653,6.090600050607256,0.0,1304.772515678504,5.910240043640137,607.1096789117296,19.839692405413654,294
7,54,202,-6.559970818004833,-4.697922779492266,26.028859880232535,0.45834514150620415,839.1550707259152,0.8375777864456176,885.744036729298,3.0735133885105386,146
7,20,409,125.94318189030238,22.383632254618348,13.017378934649635,0.7349089570236957,11033.810081683561,15.007519989013671,130.80780731708185,19.045938031519857,295
7,69,135,27.960614998000434,0.0,70.03703781603242,0.0,1342.316076358897,0.03364119988679882,815.5007129642358,56.13918228652134,102
7,4,152,-18.530549852013074,-14.372425867858349,10.62428660664072,0.5202686744229809,41.25670309857693,13.920523986816406,124.76256243028253,19.3717278834841,117
7,12,213,-31.943714877668633,-24.892705601024495,5.728831976713813,0.0,598.0200221186776,6.391919998168945,793.9364359114363,1.6122977855768332,143
7,8,381,-42.01710684331397,-38.83629238217005,5.650708102543967,0.7879282588280248,41817.01715595011,4.526061595916748,162.37521800785657,25.38272009554274,260
7,14,99,-37.32522166369628,-31.850492513721115,8.20885572561353,0.7606765702234535,235003.73825748664,2.7168000049591066,197.04832326480397,15.630955875297357,64
7,27,72,68.5796469212948,7.152812531672322,16.716223995617003,0.36688416660980344,24.27044652706222,3.19303999209404,195.3053403488286,16.79737998602166,52
7,51,111,-17.724104578559494,-12.500002793967683,7.080350312254919,0.4503018107260572,15.930275823390769,6.14968240737915,42.609347314574435,-25.01229545870764,91
7,58,139,-18.978371780278703,-13.539189711408053,3.778575464103163,0.7033986121986591,141.14908953410668,15.839359977722168,34.380003053804245,6.300289733410267,94
7,45,223,16.532445232072657,4.574565288559329,9.801360574108942,0.7388048307132994,56.73242272553222,34.22048001098633,93.29123399002331,11.161208996799337,167
7,42,276,34.141810476056115,17.905640117366133,2.3495745992788795,0.8187110957626391,106.28436509098967,37.316360076904296,42.17155496361001,17.377655077523045,199
7,29,130,88.21255852546035,8.124179597074962,11.931612561764087,0.5867500195107195,414.38311552964706,10.931739997863769,142.55044566334197,6.540033992448711,90
7,65,122,5.919523200196294,0.0,18.765625308966552,0.37212390724668376,6245.998942059423,0.5389497819272882,747.7546873412232,22.096585772058077,87
7,26,162,703.2113254472879,44.74358938776458,172.3235331278529,0.0,38.28172452247949,0.49237999868392945,3015.5005994632756,33.83333771581809,110
7,22,178,70.99369832768669,10.974275470455408,7.50019157900566,0.0,531.8843596690258,9.546429082453251,129.46675751683293,20.711541346344152,119
7,37,104,24.885613341909238,2.6670488448747722,10.094798728002216,0.5886000692606909,41.32119852527883,11.695480018615722,482.4677587408809,15.050847889049518,74
7,62,110,-15.95215404754529,-11.567167713068873,7.216649553560604,0.5095685839428434,63.41294811602437,9.973888809204102,237.5439635832767,4.44524599695235,70
7,43,272,20.615487546113247,9.974429005080658,2.7373211853962296,0.7035881795340971,159.3672279401167,29.31964002227783,435.8973226333294,33.73594952357725,196
7,17,171,-18.525302170862,-14.719002693201139,5.501032325961325,0.4515511053263851,225.39005283621228,13.44223999786377,144.25525735406518,22.267052271690535,133
7,6,206,-28.189756933627248,-26.66166894993729,5.501692762311522,0.7042594179218917,176.66876875861624,19.63856003189087,411.40520216919055,24.06319875507493,142
7,28,143,56.92948822372191,8.102771566120255,9.01771213132787,0.0,34.00454391991063,13.253199989318848,105.012680153717,15.103775519887495,105
7,44,170,41.35431493269851,4.765269340555239,11.553683620805677,0.6432731410108093,66.66116302358868,11.376321655273438,178.24514602957507,22.095622111030963,135
7,59,142,-32.9887769235541,-24.210522353153777,,0.0,1282.4624726023721,5.483356590270996,445.82039511878986,21.37482322841376,76
7,15,300,-33.17892365180533,-31.93261155549885,15.633654422639927,0.0,9014.200461379776,2.520320013999939,1021.2783709207724,5.790168459330766,215
7,46,156,-7.545230366855144,-5.83059831061726,3.3194498390850016,0.49795822299739106,56.50684705134958,27.898259963989258,43.37944256916531,14.885900143152693,118
7,9,225,-28.305022651542036,-20.172411578305358,7.237524280436316,0.719020088986108,14234843.309097975,3.9027999820709227,196.44641956090592,16.406268720733053,156
7,53,117,5.518066304239713,-5.4408121589600045,48.47041661419797,0.3444143022129159,208.118912471375,0.1363740801215172,1490.5066166928855,8.949412958298675,89
7,39,94,38.49101951111524,0.0,34.53461750637677,0.0,26.73044870590719,0.8168932638168335,34107.36089472605,14.015091750861785,60
7,13,213,-9.628423356081546,-11.670859844305259,24.05474685383514,0.5637723691980908,661.4956194610878,10.147688018798828,126.15460933316977,8.85265158955777,162
7,40,262,98.7577276759641,14.156627879380896,42.43234474253277,0.0,69.24772888819123,21.60423998260498,59.57156759278751,17.616909236128272,177
7,3,323,-23.98963537564166,-20.856610484987332,49.08131773301427,0.0,279.43345495677477,6.792407989501953,143.30601865794856,10.128982408291783,224
7,16,39,-31.455977791129897,-21.87499977262773,14.715013710652958,0.5262639916100307,30.849131263082253,0.6767042407989502,4411.037168417264,14.69830436274442,27
7,25,147,2499.892407928786,17.4799180815608,157.36069218275205,0.0,34.487720466261806,1.8553999729156494,163.46312757930247,7.692311050455264,107
7,36,135,5.837781646289651,-5.031447542896837,12.6457326365737,0.5030508253943604,114.52295871676769,9.264320037841797,100.53379404609169,5.05457747581353,100
7,21,141,226.44763544462,38.88888888888889,25.62972352742976,0.0,76.37672592487304,3.671474475127,513.3451842157491,16.019055078621435,84
7,18,78,-28.108856092220357,-21.120352972901088,6.996436232366459,0.5071386283962989,28.643774866920058,7.748300016403198,88.98380317379558,7.9871773625714315,56
7,31,139,44.70440086526703,13.209270935847133,12.925814889171647,0.0,3402.292889631657,8.72536004257202,101.62955165112687,12.299937308900368,101
7,7,139,-24.531193748026794,-21.745728891744484,10.220816852023862,0.5298048755959113,14019.65844261766,1.942880009651184,727.8362117771817,24.01916023472744,106
7,63,148,-0.9197308601399259,-2.596004229192213,89.0122381568001,0.4814305296538383,21989.214224096108,2.7238800067901607,719.7244892466191,24.90090021534041,99
7,50,119,-3.209501054040207,-5.47945205479452,5.949078304100893,0.0,847.891614237551,17.92612001800537,905.9834342141072,9.733786734277947,81
7,32,136,49.35946254317835,1.2991465521391659,173.49184951320996,0.47821899213031477,86.03468161454641,1.3211016914844513,4153.8689604980045,8.291932884912695,112
7,47,114,-26.04522547034701,-16.36654260524642,,0.0,83.13873832344837,17.852680114746097,705.0937049235959,5.80331994031441,65
7,35,56,-3.2713297317181906,-1.1201432467389958,20.576260154185512,0.45317583126130223,436.02963019160404,14.121267971038819,423.7210976932711,10.185980159717861,40
7,52,120,101.73676760963522,0.0,196.8787928579911,0.0,13.521297090403444,0.03735055993497369,11879.029035967606,6.382978723404249,91
7,1,163,-23.4219768139208,-17.158473081648555,8.957011071534257,0.736374298895451,11155.30642368923,9.007279941558838,185.38659957899768,23.200953083171473,112
7,19,102,-37.079331051106614,-29.874058421160516,7.333791602164966,0.6193871520022589,36.22048764499443,0.5387024040222168,1853.2030216128155,6.649679516125441,79
7,48,71,9.295005488064856,0.0,21.71333463768284,0.36797342550149575,20.955688797493227,0.08516800075769422,636.3828007496033,28.91183950392577,56
7,34,73,5.822734424598309,2.286930652118759,28.50467836107903,0.5327126491385502,75.02311258661689,19.03944009399414,950.3997474822653,0.360533044459925,56
7,23,94,104.75834983758361,26.70970044269299,7.3491791794298775,0.6653996226205151,157.54157313233202,11.222040000915527,181.56792025332535,24.300448847724674,68
7,60,135,2.8308272545847406,-2.8225779316303967,10.790338102977705,0.5155711075333643,252.26613000870324,3.400239995956421,124.13053524722328,10.457316781773855,86
7,66,107,0.0,0.0,0.0,0.0,0.0725682058369427,0.06300000101327893,802.6870564649532,0.0,73
7,49,103,-1.3419789352379619,-2.4734971445131952,25.111778909981997,0.6648022290989442,26.610322988285066,15.73479995727539,1173.5281597199678,24.239846666481995,76
7,11,99,-2.517008979275612,-15.172409009139534,19.439673212682507,0.5922709147003934,1715.0686791067571,0.5880159917473793,1031.058605384397,22.405826648620568,73
7,24,71,16.320999874456863,3.7639612082900653,7.2291940673849995,0.0,55.8623225219469,23.023679885864258,219.92418873707172,4.822885299811218,52
7,33,63,-11.38440663647095,-9.83009666600542,3.746260440952144,0.4366598232032413,140.8813193526026,19.027279998779296,93.23369228388069,24.40591215778973,46
7,30,148,555.2963413711373,14.73499676516436,49.477913646940365,0.5868220314442427,175.7329779500405,8.82692003417015,90.20103997950916,19.40588243323039,90
7,61,53,-5.695862200420243,-2.1670894029634615,87.83593235353575,0.2816056926330879,17.944791477275754,0.3062040061950684,1725.272245964462,12.980371650951398,41
7,64,50,20.38186981180642,5.446012979135784,9.871906460473518,0.3132312055256525,29.98388480771536,1.2731479969024657,315.824889142304,9.210964623635777,41
7,67,49,0.0,0.0,0.0,0.0,0.018802040891795435,0.006000000052153997,8891.058988349187,60.256416805060624,32
8,28,259,66.53734793920393,18.619243251482608,5.562074155831946,0.0,183.01497349354315,20.613359970092773,2536.2664691644445,1.6609957484894533,185
8,50,403,-36.52319163470744,-31.578942362986307,108.98285861860538,0.7457921097836844,3649.430283812657,5.279760009765625,662.584126264782,23.609934791956675,259
8,38,6519,4.1342017737505214,0.0,,0.0,3594772.3131325687,2.599260091781616,7690.58223791083,0.0,496
8,49,183,-25.736333206844744,-22.755739516700153,13.13916210562776,0.629516042939981,58.76643615056948,6.4060800132751465,112.81927188398271,17.3413001984599,115
8,60,266,-47.721252655808236,-45.36842079413151,33.87171826114472,0.7757546923567188,558.5932768788537,1.1813199875354767,1379.1824506624102,17.745623311011254,179
8,57,285,-28.84119318507324,-22.958901810319457,6.861328985525215,0.7881742498274731,11491.101423183449,10.529919677734375,12648.856676446841,19.82730288878394,192
8,18,112,2238.382674415384,54.54546378171145,210.49859110873533,0.0,9682486.704374133,0.25844930185377596,1765.2681257946886,28.420634090083933,68
8,3,87,-5.218893029431881,-9.999999148505061,534.3081476999912,0.3877161521316677,67.52051617755787,2.6534400539398195,1187.668242032969,19.169492283112067,64
8,33,142,2.841725653471418,-2.7040802702611746,14.350874373546354,0.48175516133451296,75.1321188079575,4.396855219841003,587.1432562103711,15.7625360967283,101
8,64,95,21.887206787479567,4.761911790117163,35.85820579275227,0.0,36.6401596812056,1.2964799995422362,987.4230897185093,28.514178203820904,60
8,48,127,-33.44343072103063,-22.5210036757334,77.6009495699911,0.6534806037854086,46.33177027749577,2.676067985534668,1453.294044440279,16.119401444834338,73
8,45,217,-31.33488742356745,-24.928696993345454,8.317897594442885,0.0,170.9712246650442,2.199119998693466,383.88247225770033,20.027920536822617,131
8,56,108,176.46650649633932,-0.6927532170257055,340.53515286931474,0.0,28.41484331314357,0.07549504046142098,1421.2128805258974,5.049193774660387,76
8,40,100,-18.88740793987973,-16.656167738706735,68.58615693652014,0.6392460744163748,40.63732970566221,21.990239936828612,131.45785329958215,19.619796450244376,75
8,51,200,-17.665187511049613,-15.472707008089419,89.19852559701381,0.4778982562859699,948.3263563764984,5.689560012817383,248.19382700404913,25.558056234982153,130
8,54,122,-31.398314440776687,-25.000001455191835,52.27845871977059,0.0,282840.5649481892,0.5550788020491599,1021.7963102651402,23.537426133016936,83
8,53,147,-6.073051186607531,-20.100216520188788,115.65155468955135,0.27140034077580194,11.245555893797995,0.14811232018470763,351.7392542588824,13.123782135113672,118
8,61,307,-41.52371300204321,-39.83152632094721,14.319014439594612,0.7537061855148938,2025.33988198218,2.3131820812225343,297.293162510526,34.736846955364456,213
8,24,355,218.6771987710435,19.762572384681327,20.74776773889028,0.0,576.3714339319212,28.43831996154785,59.53783440048778,27.50969507604846,256
8,5,116,14.97002064538297,3.465955856174596,10.532084485068012,0.5834251009155389,32.2592339723983,14.18991954421997,31.379446723507378,4.887668663908531,97
8,27,194,133.63870904916084,8.212664639449361,48.61457853963134,0.0,372.6430731836146,7.914880018234253,223.1356590712578,5.555346680297397,136
8,2,300,1358.7141422848429,-6.285715103149414,291.6377772558853,0.6674669064550077,80.24182679738698,14.278061824798584,62.97194320454844,17.298997463412988,206
8,25,133,21.49148405328939,11.994613668080726,3.6458441632986114,0.6719756585582439,75.84475026272736,42.47800015258789,118.23521402310611,1.9427440781939085,102
8,62,73,-0.9963824084477063,-1.3043445089588994,131.08279643158247,0.4085483127941241,68.46637493010252,1.1377599697113037,111.56749298347218,33.59999974568684,47
8,22,233,107.87608006113645,30.303024290528462,7.84498645597933,0.7381558807853985,106.32876640473901,8.3306397895813,56.87548364098026,17.075518426746456,162
8,34,161,307.9600951447169,23.188409678101227,39.45673348892625,0.0,209.115181193529,1.01184001493454,1468.0926404806155,0.2533276729330317,114
8,10,287,-1.1850991998569103,-4.467807445765101,3.467302647968706,0.5996781668471735,55.21367089873609,24.470480026245117,32.61613580705734,12.88366726814399,213
8,67,201,-31.097878129923497,-22.4999995343387,6.949423141041883,0.0,650.3726155747182,4.0244800643920895,6529.635224909288,7.607292548167527,136
8,44,187,-34.72082076471227,-26.6467066202202,8.126591921150048,0.7951426053061058,5972.577497208384,3.151519971847534,6948.382472921543,19.083406917835816,114
8,14,99,9.072121278722252,-3.9156589950699776,49.575944817281,0.3485159030835736,12.138097405062133,0.2413599978685379,2121.9946889269786,3.3016699478893075,78
8,15,185,-5.438210849888587,-4.490828711592053,5.768028505534471,0.6282108285145591,38.21230679502846,12.614671974182128,97.66115542358428,20.196280064293227,127
8,23,300,55.840949657129045,28.560986212254008,4.215234344685174,0.8479855441174411,48.65349082404194,13.396508007049562,64.4270375814084,22.751511474646477,197
8,0,221,-12.747914352312327,-11.547691399583208,3.686871953229246,0.7427435159492461,3553.1159170863943,17.757640029907225,63.8929940609749,23.71629277368831,153
8,11,162,3.2318473149296447,3.3468160247277883,5.433505630681246,0.5817356680634037,44.78272658967081,26.152839965820313,55.98816403957402,27.575686327216292,120
8,17,206,1072.9260898088905,38.68217601696335,2482.055499741639,0.0,34201.593783794226,1.0337199947834015,1654.0655048519884,9.918048501523584,129
8,7,330,2.020833155563377,1.5011597531517873,4.822005330893214,0.0,351.73477758301533,22.92071997833252,86.64121398273632,19.89318486181876,236
8,16,175,-8.38369816015525,-7.12165517116472,3.5120197088671343,0.6757533791115671,45.29806315118016,20.223919998168945,103.33468059072058,16.64143131829521,129
8,6,235,15.931226921430143,10.364686533649673,18.956190752216184,0.677396436919721,54.998725549302634,23.851040023803712,147.98841916290138,23.4082691475694,163
8,19,238,123.4343645724028,25.2907084595848,16.650866473189048,0.0,153.9708316002416,1.0416800065040588,414.01584996427516,6.068397109393307,157
8,66,76,18.091550456628635,-2.307257426060054,43.790488419162735,0.5378756533544875,90.42868595309012,3.235200000286102,352.37107793218854,15.16252985246361,53
8,8,320,13.451733775299001,9.365314258124146,3.274387554214018,0.7910180758869596,44.24439586404818,25.162360023498536,51.91430565866446,20.025280685632396,214
8,9,198,4.532150668679077,1.297054325654964,5.896420704921665,0.7068170791206853,257.73701148378245,15.552120002746582,122.98529830368355,13.699998502433434,129
8,39,86,176.51366069960116,9.77777851363763,653.8182243933176,0.0,21.85713405114643,0.08387920098006724,526.22232176518,28.26087027511046,55
8,68,212,-20.920924303861746,-19.02300364269721,60.69616463893814,0.0,220.71752840339076,0.7706337969303131,1018.0031313662673,15.339722721617337,149
8,59,329,-40.51889271732393,-38.78932248127911,31.18223314086783,0.7418764304190646,3341.6292372059847,5.104994327545166,112.18929890690315,20.413014883602536,221
8,42,36,-29.93135922293329,-19.932621459638447,4.92450008602417,0.0,45.63022216689886,7.608333468437195,37.294505622827096,-21.3980190317224,14
8,29,155,1468118.229119738,27.90697738890907,13414.325207492995,0.0,18.075434206957407,1.2361519947052002,1582.507114418616,36.647174451235465,111
8,30,90,36.630634535188754,11.525681455013586,6.720524966905149,0.5453292919744305,52.244051893337506,17.15532006454468,427.4655675139649,11.209902914365777,70
8,13,81,44.06665670112526,3.829158196896578,167.04771339778335,0.32185460762413254,40.597473342096464,0.4400799987316132,377.0620241437383,8.195959049968767,71
8,4,126,1.8124954242027613,-0.7368913431375188,176.3087537153079,0.6186586225328875,4676.263557895352,3.5990400199890136,375.6670620126194,8.086464670937527,87
8,58,225,-28.78518179317731,-24.999999999999424,12.386058998707725,0.0,2522.3783953486686,2.97978080368042,277.7391546367408,18.33911427008717,142
8,26,324,76.15977362970659,20.756460458093187,4.750101315670854,0.7570861937674631,71.27057980628473,12.920380012512208,74.9527464321882,4.996217911453322,230
8,35,128,271.6000567128425,18.915342129273384,76.94245230659334,0.0,215.16707050432763,0.8684840050935745,2554.0919051934043,4.305551035273993,95
8,43,178,-26.228339243198647,-19.56288899512446,6.916143687240591,0.0,306.18416693305534,4.973798129297652,10532.626154690512,12.8918628769095,108
8,20,54,23.17527076247443,0.0,56.04080202218126,0.4221927822968697,24.212190448921433,0.04153800033405417,1045.9343677649551,4.920767359204608,44
8,1,127,-18.064299927678366,-16.983696004280755,220.01357782145325,0.6484347336791029,2780.1428050666677,11.815679977416993,91.30311037917062,11.76914645748355,89
8,31,197,380.7384439318792,24.99999813735488,242.62848058009502,0.0,20.834740800173627,6.609719203948974,657.5804524333425,-18.44712672813453,147
8,32,119,4.861607429467866,-4.347828340440204,17.59694713628082,0.0,49.883758260432145,0.749975998878479,113.68008567517853,6.576775525272025,90
8,52,70,-19.030779093557566,-13.892121349424404,368.67258586129145,0.6466277315635179,34.822001369309426,14.575279945373534,157.93229627565805,12.852616866070477,50
8,47,132,-4.2474007341636355,-5.673602989645056,12.458347616284806,0.4625348765627144,106963.43794040276,2.2580240020751954,152.14523030218518,-10.714284934711664,95
8,46,73,19.867993578211436,0.0,28.932068438082005,0.461448296886052,474.2909508005649,0.3191920003890991,25308.617279001883,10.600004196166992,55
8,55,56,34.66813506521972,2.3833167825223436,47.51052436183257,0.0,172.33733527102234,0.032639999538660015,682.6724384321211,0.0,39
8,41,152,-27.19742651356384,-20.00000298023215,6.463487520077465,0.0,39.11740002878846,2.883784888267517,6779.831728307327,25.71428115270633,105
8,63,89,130.79087489664727,-1.3368983411779416,44.7484467409374,0.6514873677044501,10063.780907171898,1.3369599733352662,869.2496024671301,16.865698318103114,60
8,12,53,10.096946650218056,0.0,62.557044085295566,0.4196542806906202,46.05365008722468,0.03901472017168995,758.8786912257679,21.51466144390118,36
8,21,141,2780.034346392593,16.99999968210856,108.92056134692146,0.0,48.18272212164898,0.1388751999483793,998.3310821503936,27.517230291888584,94
8,36,95,0.0,0.0,0.0,0.0,0.07221542102725878,0.04470999911427491,753.9795345283042,0.0,64
8,37,38,0.0,0.0,0.0,0.0,0.014190789573292784,0.002500000060535949,9738.109073794041,323.01204265171964,24
8,65,101,1.0623898549166337,-0.3846180650608829,55.15739392603478,0.5296553833017825,3081.070065116299,11.45831997680664,886.1274738419528,5.847520355292381,75
9,71,176,-2.8915991555804945,-2.603297218388883,3.1730500881187256,0.6002139697809025,80.02835904234983,27.25535996246338,47.251720368444616,26.29271021651769,134
9,9,131,-27.22280539545087,-24.94481373299372,2.9256303986058985,0.8423295388738226,47.9876658469261,12.314479984283448,80.78560738431318,19.837124778379444,93
9,35,6235,-0.7724875382167209,0.0,,0.0,39.914317987378766,2.5,11006.325633328355,0.0,492
9,7,226,-34.32324502419514,-26.122603921143572,19.698235216452638,0.0,49.963742533592225,2.30705999994278,651.7456223847385,11.174444935866266,148
9,53,188,31.022040699078637,9.285718799773473,18.0846531164211,0.0,23.790039007902955,0.7311006988286972,500.43506922554775,8.910493470152428,133
9,40,157,-13.879928008088717,-12.015688714707048,2.2579691388666765,0.7261183865832502,45.22132759593248,24.050047988891603,41.59996096295395,28.0033195489067,121
9,44,193,-8.589778942315219,-7.151517001065341,9.35371271259502,0.5811015896167033,46.266833995063394,8.41479998779297,246.63748434024572,4.012652471506098,127
9,19,336,-40.658076589709914,-37.19539016138474,91.92376204167759,0.0,398.16919473013627,2.3033282352685926,1142.4736491542255,20.41220004548088,213
9,18,309,-52.33385990037838,-53.8461517796142,30.761418258748968,0.8551510276236838,587.816147236221,5.201119998931885,125.40106825967274,5.889859741906906,169
9,23,104,-28.51186261262804,-24.021043037631507,,0.0,27.822836779995082,3.3558399515151978,312.20204959969294,-5.83556569716883,52
9,31,104,1.6673071404852384,0.0,68.64392521523058,0.0,12.87559047694569,0.11831999912858007,908.8457801294762,19.999999999985,77
9,55,391,461.9351057785966,21.335650659915952,9.330054948321553,0.0,376.0441465431844,15.222635131835938,2181.8615816438396,13.628617111821887,256
9,33,96,-11.38772398519177,-9.600225745876942,22.635080670951698,0.31882584532224567,21.093561922824563,5.486991979598999,384.31046646238434,12.35694109031912,73
9,42,165,5.160877117682002,-0.16408854094493003,5.905526002953242,0.5128089740815067,1923.3509575748462,24.05354670715332,224.39127308700003,17.903351618244333,123
9,34,112,57.02443281226822,-0.9195402298850575,180.0767396165506,0.0,207.38401063447463,0.07955636049807067,373.040325425592,24.734453327257395,80
9,14,285,-32.073670115308104,-28.325252351369574,19.45250462696939,0.7935254049927584,1225.4268574972289,15.72592002105713,72.12592740882293,15.16252985246361,181
9,68,73,46.80389808935998,5.617019977975398,59.89095319547609,0.4991474297604285,12.666313898054462,0.05335040035843846,3239.567242061862,26.260909462975857,46
9,52,111,42.65427272611144,6.024096477831745,19.04036099769717,0.6817400447590829,12.813440575757035,0.6019999969005585,211.26321298881743,12.336245045379096,73
9,12,266,-17.759130039272993,-13.815334021566049,9.83633779185872,0.600279280309274,91.68630525634931,12.697240020751952,259.7449811205443,31.620770266101655,176
9,17,337,-35.91029207049884,-32.11008849223035,8.31852411564291,0.0,830.588290571329,5.173943920135498,702.0364153784095,23.707247487083094,196
9,26,85,-16.63070573987336,-13.722628763611352,15.399720925153275,0.3339357192004149,24.09482909394905,0.6453600068092347,542.170452964495,31.73278130923293,62
9,63,146,8.101590531619483,6.035595406387863,12.348662651980515,0.6946541021612959,48.22652914362365,26.604319984436035,4371.545251829398,27.728348320254437,107
9,74,151,105.32125415434763,8.644864977536066,45.77615333984171,0.0,48.96268132980448,6.212640037536621,327.3625181113623,2.289447072050596,104
9,30,76,36.59167300618588,0.0,57.61767085931517,0.0,145.29805556033725,0.5057199990749359,218.14029862438272,5.663407629471982,52
9,58,69,38.866974522909686,0.0,30.982076450728034,0.0,16.262225735308864,0.16077872097492216,796.261870262701,16.368498273876046,49
9,16,287,-44.63619824522971,-43.15789329213132,5.581722076654496,0.7821688916780519,2392473.1824023956,2.5144799919128418,140.2643958084369,10.75309907658692,181
9,27,101,0.5657708477458463,0.0,0.05080772199366865,0.0,0.07422519819740904,0.06199999898672101,1247.1649424969148,7.300192409419944,68
9,0,160,-41.23084737044839,-37.81686154043001,15.496881135141967,0.7523510756239218,1041.1036095459585,0.2335919997692108,11291.951272171098,23.222746587405336,107
9,22,315,-29.853044211982283,-25.000003326151955,5.389033194710729,0.0,105.22964118710192,6.8748800010681155,123.8833605324062,16.69533827730055,199
9,54,220,90.33337338814444,18.81798572035644,24.455511911161317,0.8307505503834871,35.81577107622157,12.776399974822997,33.8532907760803,9.293807864939891,149
9,38,168,-7.697168269175845,-6.523780468373047,7.815869243083985,0.6750288924259061,50.459225085824635,24.846639991760256,24.403967456345164,10.491357793594421,128
9,70,163,1.767981303247123,-0.7775069743141045,10.570932187867795,0.5509834294645581,31.89185630489938,7.552906681060791,83.52559609390612,5.9029024288861205,114
9,57,57,74.6298407974964,4.285713525451365,66.21559711411291,0.0,69.0677476074968,0.11351127952337262,7172.038636705693,48.33219346658308,42
9,41,91,-9.806425607552118,-6.9093633175339395,9.385640468267258,0.4332087299518788,45.169818880651185,23.26511996459961,26.216370878405453,12.638561241496976,64
9,72,87,494.53484225586817,29.295680401509387,24.456631218542928,0.0,3534.9754350688554,2.046440809249878,329.1401422657206,1.5853672861556842,55
9,59,88,100.86579745989182,15.076260065657522,12.216016527103513,0.4176004515603125,27.999881717707627,6.237238355636597,178.5281870025557,12.208628083203184,62
9,1,87,-25.36675016223687,-17.412628903560716,120.19054801449806,0.5397778780227221,35.4131400485107,2.90728000831604,122.8452202551615,36.15072126803101,58
9,62,205,130.0426309012885,17.124954736188172,29.14493503639658,0.6158973423786052,75.86870226195187,10.527747550964355,237.0595584986674,6.739127117654552,147
9,67,332,95.53601244697543,23.018003905910405,14.966886250514316,0.7440477777750059,53.03752284441844,17.00769184875488,65.76052159087521,13.793113448444892,244
9,15,148,-33.98849495391853,-33.33333333333328,16.408200299164474,0.4454159384932881,8.111273931702994,0.3175559995472431,659.8419622201147,15.739884597569198,110
9,10,184,-45.56040015343253,-45.27002501425295,7.7093632268360714,0.8443558777820828,3068.634027385004,3.4410920019149778,1052.5162599266137,7.255197271242525,109
9,28,151,18.365910613455647,1.173404846058052,11.813809779999259,0.3685864425950576,31.110286861781287,7.094942359924317,233.46905624822676,5.3156270695816605,104
9,20,178,-21.561970934880367,-16.924156503851318,140.3291592860396,0.6866543454812346,77.63723124189609,13.19084409713745,87.35033059991261,10.637096273704337,114
9,3,71,-37.00088290937085,-28.947367776092186,21.82584207232216,0.5866849617376,33616306.32839745,0.3829413022994995,507.4576297135539,30.20329545690105,41
9,56,280,1765.3392364484744,13.507993024642355,33.507195360468835,0.0,1105.6519347919348,10.895640022277831,509.911959369259,22.15285323979157,195
9,36,81,-7.960159002167696,-5.6415954760390905,34.89752557707872,0.25356540736436955,23.376541866562622,0.315567198574543,1262.531199663146,45.0284638933238,53
9,60,135,18.721506510644804,7.981212616976208,3.3044614780478283,0.5961126200734204,66.08547905020907,17.381439987182617,28.64783863941167,17.17768474173075,96
9,69,166,896.8917851112333,21.629231480278506,125.98670741782836,0.0,23.45683844844925,4.912995025634766,935.9623304579103,12.634498120868017,114
9,37,75,14.332307143977308,4.87588833116037,4.74500194405565,0.5132263091766336,62.79569123380516,21.801226654052734,112.6188484539666,16.67335806309644,53
9,75,174,355.51465323609375,26.940696339188868,22.870906027502798,0.0,15.963874635548532,3.625839993476868,52.59871613070935,4.879787748767534,118
9,8,462,-48.175858300011,-47.937008886818,12.926342012045193,0.8036501838725918,58392.41636955917,2.7382399747371675,722.6890905670442,16.29030185177458,292
9,51,163,-1.4706340230826778,-9.242200503199923,241.2714401772244,0.0,50.470790889284075,0.286,940.6458118777836,21.89199210770808,108
9,2,118,-16.075806657511507,-17.04892897097738,35.709547350640044,0.43202464407039026,86198.78024556905,0.11688300096988677,11683.31647027472,3.436873789965458,83
9,48,134,-10.877360831146039,-5.525308449762204,11.415005700332683,0.5607629932547988,140.68656964389228,4.995787996292114,270.8896821150229,5.786460707817239,104
9,13,355,-18.658476323802365,-15.223880745727788,2.9849219695955065,0.7959979446053147,1667.6969244147951,14.584320075988769,88.68596056807363,17.232466994295436,264
9,61,358,43.85570018539046,18.00287425783644,4.509087124049197,0.744341524112146,119.95738566300265,27.66500001525879,360.2036859081066,13.085646943381304,243
9,43,182,56.25986496206974,5.137337337605337,10.734742425538291,0.6014426906771891,40.856312146549726,16.70112000656128,72.51726172528416,11.082767043835958,122
9,66,128,465.30550191949413,20.117927548643806,18.31927016573417,0.0,23.158072164499867,6.59217580986023,37627.64068666489,-1.871564529451604,85
9,21,193,-22.751109631101453,-15.816329385478548,4.206734060494631,0.7949191544249236,70.86408372030826,11.721600021362304,77.05275171460967,11.483657549278249,138
9,4,75,-19.991541615675615,-16.316317835695752,56.480320311222286,0.47943924892150075,29.129747094981102,0.7042560076713562,595.0215390804043,16.53589381813567,51
9,6,138,-19.69524154209599,-16.749999860298807,82.37142477869007,0.5513530469175287,28.227187923632933,0.2827585583329201,478.626310619271,15.301626823279996,86
9,73,34,404.33440195726473,54.36747094413783,,0.0,3.907925845948215,0.1417356016039848,691.6533114460526,61.833689779547385,21
9,49,58,-9.61038291955674,-13.333330978629391,72.01614092831154,0.32677436482632327,83.90731886483947,0.051815999686717906,341.2655620705463,48.3591802817614,46
9,64,152,7.884537078892613,5.0248144132179355,2.9103271685718264,0.6841512714658252,29.83660476685194,17.719279972076414,72.77395161934545,30.625072337916528,104
9,24,160,-24.806262689307736,-25.191019636380794,6.64204759785805,0.0,28.94751663778398,1.3237200174331667,374.858235746753,27.71953575303575,90
9,11,172,-19.207331538132028,-16.874844677188857,9.229221063899178,0.6221337516832279,15.550071072564437,2.171399999141693,189.81635027196612,14.68667089835436,123
9,25,87,-28.232577624966545,-24.22228253791673,5.91491161912719,0.8285706983513833,40.260374594084126,1.5384000329971312,362.0272396224916,24.076660433524992,55
9,65,100,3.361700777483957,0.0,984.184096621411,0.5631293306130574,20.5987958342069,1.5280800051689147,2174.0079464581113,13.727945455763258,72
9,5,78,-10.713730689593136,-7.968948000469109,5.779479954534081,0.4719243501315768,21.440288477079736,5.134447353363036,119.61184854545384,40.48128273982445,40
9,50,119,87.81780562580867,-2.352942672430286,43.06733908144662,0.5335350877012565,133.35326344634018,2.6569600105285645,357.9062341706579,36.210711398697946,77
9,46,62,217.2913859636163,24.202128527094416,26.82450388549155,0.6012014839719099,146.1484493041033,1.8023800058364867,104.33661127127682,15.995288400262384,43
9,39,60,-3.004681884694009,-2.508035810413176,1.775919278828624,0.6405880081272676,46.033739567534134,32.079799972534175,30.16867740253999,8.301299284308087,50
9,32,45,0.0,0.0,0.0,0.0,0.015510227289434407,0.004999999888241199,8786.246818179025,31.99999731779115,25
9,47,44,2356.6357324948144,12.588100762158032,216.54721527718831,0.5283099874151118,14.24440739784846,1.0247675507068634,2391.858937660624,-1.3157894736842104,25
9,45,89,-2.903710040353229,-2.8202087504491007,17.474184810527984,0.4339124402973208,33.422225998837,3.1282400093078615,1388.726135214255,24.956834112650103,59
9,29,39,27.269190691349106,25.882350697236923,3.177028565649687,0.9337283279944647,1038.195307088216,19.61720014953613,-83.58079529284059,-83.69396819896153,38
