n_trades,total_pnl,total_return_pct,win_rate,avg_return_pct,median_return_pct,std_return_pct,final_capital,avg_hold_days,exit_signal_counts,capital_tier
180,791322.8983461056,791.3228983461056,0.7722222222222223,115.01477983264364,15.413026869954415,391.00933987101223,891322.8983461057,129.77777777777777,"{'DROPOUT': 160, 'END_OF_DATA': 20}",100000
180,482531.02433421015,482.5310243342101,0.7055555555555556,81.60076433254935,18.33438736716048,284.67982508043474,582531.0243342102,129.77777777777777,"{'DROPOUT': 160, 'END_OF_DATA': 20}",100000
180,533680.0818103596,533.6800818103595,0.7833333333333333,73.95833982849705,19.336467850022906,251.65732934444156,633680.0818103597,129.77777777777777,"{'DROPOUT': 160, 'END_OF_DATA': 20}",100000
180,898854.6853498267,898.8546853498267,0.7888888888888889,127.73812600213158,20.70637709973452,418.7556494943434,998854.6853498268,129.77777777777777,"{'DROPOUT': 160, 'END_OF_DATA': 20}",100000
180,761494.3038559621,761.4943038559621,0.8055555555555556,118.12122306343639,21.233421832776187,348.58647603089184,861494.3038559618,129.77777777777777,"{'DROPOUT': 160, 'END_OF_DATA': 20}",100000
180,424526.20609606884,424.52620609606885,0.7333333333333333,107.39936716547437,18.74762257100644,305.3376699106769,524526.2060960687,129.77777777777777,"{'DROPOUT': 160, 'END_OF_DATA': 20}",100000
180,680184.9393628009,680.184939362801,0.8277777777777777,132.45736935591682,22.793535332105293,400.0199087380812,780184.9393628006,129.77777777777777,"{'DROPOUT': 160, 'END_OF_DATA': 20}",100000
180,635673.2820992955,635.6732820992955,0.7555555555555555,120.7757973583588,26.040069237385985,380.7965909640069,735673.2820992955,129.77777777777777,"{'DROPOUT': 160, 'END_OF_DATA': 20}",100000
180,288925.11920903437,288.9251192090344,0.7444444444444445,106.1078404862198,16.04000592612857,379.34707654751736,388925.11920903425,129.77777777777777,"{'DROPOUT': 160, 'END_OF_DATA': 20}",100000
180,294373.94643399166,294.37394643399165,0.7277777777777777,55.68215308830232,14.974408767623256,208.25486450662595,394373.9464339917,129.77777777777777,"{'DROPOUT': 160, 'END_OF_DATA': 20}",100000
180,343423.6437613553,343.4236437613553,0.7555555555555555,64.56517850151938,16.58154312899684,222.01795584740302,443423.64376135526,129.77777777777777,"{'DROPOUT': 160, 'END_OF_DATA': 20}",100000
180,414425.0017458779,414.42500174587786,0.8222222222222222,125.65126244269553,25.522108543323633,417.6412826180982,514425.0017458779,129.77777777777777,"{'DROPOUT': 160, 'END_OF_DATA': 20}",100000
180,571320.0902402649,571.3200902402649,0.7444444444444445,90.45175028122014,22.239460549509545,245.66112136981997,671320.0902402648,129.77777777777777,"{'DROPOUT': 160, 'END_OF_DATA': 20}",100000
180,407189.03940853756,407.18903940853755,0.7666666666666667,62.73242576983056,14.33035475867134,228.78475492098133,507189.0394085375,129.77777777777777,"{'DROPOUT': 160, 'END_OF_DATA': 20}",100000
180,308906.60151758994,308.90660151758993,0.7722222222222223,53.199269217377555,14.701894436579607,201.69593747203223,408906.6015175899,129.77777777777777,"{'DROPOUT': 160, 'END_OF_DATA': 20}",100000
180,578092.3037047737,578.0923037047737,0.8333333333333334,113.6616063613436,25.196252558913336,355.2548348126518,678092.3037047735,129.77777777777777,"{'DROPOUT': 160, 'END_OF_DATA': 20}",100000
180,449108.03363033384,449.1080336303338,0.7611111111111111,107.01244562336655,17.01822474402517,362.7399746228318,549108.033630334,129.77777777777777,"{'DROPOUT': 160, 'END_OF_DATA': 20}",100000
180,532895.5752175851,532.8955752175851,0.8333333333333334,106.63360200099818,27.09650189484584,329.9155592342178,632895.5752175851,129.77777777777777,"{'DROPOUT': 160, 'END_OF_DATA': 20}",100000
180,455241.0626901729,455.24106269017295,0.7555555555555555,102.23701212886465,18.578091426651156,342.804942086796,555241.0626901729,129.77777777777777,"{'DROPOUT': 160, 'END_OF_DATA': 20}",100000
180,397217.74024317187,397.2177402431719,0.7833333333333333,73.5102607640022,20.08046924394713,249.65472163338464,497217.74024317163,129.77777777777777,"{'DROPOUT': 160, 'END_OF_DATA': 20}",100000
180,425218.0301163016,425.21803011630163,0.8055555555555556,97.92047135170358,19.20307990002788,307.1564425944839,525218.0301163016,129.77777777777777,"{'DROPOUT': 160, 'END_OF_DATA': 20}",100000
180,249649.6433826012,249.6496433826012,0.7611111111111111,78.83107154302641,14.30023820957054,322.3018167788391,349649.64338260127,129.77777777777777,"{'DROPOUT': 160, 'END_OF_DATA': 20}",100000
180,448881.80058431736,448.8818005843173,0.8111111111111111,98.54830006091275,23.43015529419787,324.6469646620012,548881.8005843175,129.77777777777777,"{'DROPOUT': 160, 'END_OF_DATA': 20}",100000
180,420826.7672860768,420.8267672860768,0.75,60.93209260964322,19.65856227836997,203.82958345831983,520826.76728607656,129.77777777777777,"{'DROPOUT': 160, 'END_OF_DATA': 20}",100000
180,508841.75336541026,508.8417533654103,0.7777777777777778,96.9230134906253,15.977483733270663,334.3563239752896,608841.7533654106,129.77777777777777,"{'DROPOUT': 160, 'END_OF_DATA': 20}",100000
180,386933.54336069094,386.9335433606909,0.7611111111111111,62.61514073285788,22.203545904200254,181.35850132069598,486933.5433606909,129.77777777777777,"{'DROPOUT': 160, 'END_OF_DATA': 20}",100000
180,304184.3920717895,304.1843920717895,0.7555555555555555,61.55796324714849,15.68544385755235,235.63876851302993,404184.3920717895,129.77777777777777,"{'DROPOUT': 160, 'END_OF_DATA': 20}",100000
180,816060.5529262023,816.0605529262023,0.7666666666666667,144.35780327825464,18.03087073521088,455.30771962244734,916060.5529262023,129.77777777777777,"{'DROPOUT': 160, 'END_OF_DATA': 20}",100000
180,701626.2553351887,701.6262553351887,0.75,104.27162113378107,16.694030302438282,352.72314914554744,801626.255335189,129.77777777777777,"{'DROPOUT': 160, 'END_OF_DATA': 20}",100000
180,268586.225697067,268.586225697067,0.7555555555555555,63.70281564141896,15.454198922320447,212.47762430348956,368586.225697067,129.77777777777777,"{'DROPOUT': 160, 'END_OF_DATA': 20}",100000
180,404449.90968545026,404.4499096854502,0.7222222222222222,108.67191759950401,17.893061979244713,379.2276874892764,504449.90968545043,129.77777777777777,"{'DROPOUT': 160, 'END_OF_DATA': 20}",100000
180,423635.39373192366,423.63539373192367,0.7777777777777778,101.63993280780619,20.36763284403633,368.42900435863885,523635.39373192354,129.77777777777777,"{'DROPOUT': 160, 'END_OF_DATA': 20}",100000
180,586974.4786902796,586.9744786902796,0.8222222222222222,101.85901018429948,17.866155290924077,331.93493506978876,686974.4786902795,129.77777777777777,"{'DROPOUT': 160, 'END_OF_DATA': 20}",100000
180,375330.59588128526,375.33059588128526,0.8055555555555556,89.08109634071053,21.67578851835625,294.9281695412102,475330.5958812853,129.77777777777777,"{'DROPOUT': 160, 'END_OF_DATA': 20}",100000
180,475479.37971865083,475.4793797186508,0.7722222222222223,115.74439123800296,19.584039436402087,345.22760222723167,575479.3797186507,129.77777777777777,"{'DROPOUT': 160, 'END_OF_DATA': 20}",100000
180,650789.1461915728,650.7891461915727,0.7611111111111111,111.67811208819602,20.304446919609305,380.1949555007613,750789.1461915724,129.77777777777777,"{'DROPOUT': 160, 'END_OF_DATA': 20}",100000
180,478877.8746867761,478.8778746867761,0.8111111111111111,69.51904152641589,20.55805432626729,219.68776305586255,578877.8746867761,129.77777777777777,"{'DROPOUT': 160, 'END_OF_DATA': 20}",100000
180,528463.3671490392,528.4633671490392,0.8111111111111111,94.70123707716212,17.984779168082316,303.3476254352198,628463.3671490393,129.77777777777777,"{'DROPOUT': 160, 'END_OF_DATA': 20}",100000
180,454321.4647667359,454.32146476673586,0.7888888888888889,86.51034622954793,17.812775310807403,309.9502159743132,554321.464766736,129.77777777777777,"{'DROPOUT': 160, 'END_OF_DATA': 20}",100000
180,473847.70117539284,473.8477011753928,0.8111111111111111,123.36008809146169,24.6286168233234,388.72865536238174,573847.7011753927,129.77777777777777,"{'DROPOUT': 160, 'END_OF_DATA': 20}",100000
180,557284.3712107323,557.2843712107323,0.7888888888888889,109.05290231463526,15.773122854187054,378.53811200482085,657284.3712107326,129.77777777777777,"{'DROPOUT': 160, 'END_OF_DATA': 20}",100000
180,377342.5375532325,377.34253755323255,0.8444444444444444,75.25192655228392,23.42153738765325,211.86451750840507,477342.5375532325,129.77777777777777,"{'DROPOUT': 160, 'END_OF_DATA': 20}",100000
180,349120.6674709169,349.1206674709168,0.7611111111111111,95.36838284044092,17.143002882271844,327.8489135929166,449120.6674709168,129.77777777777777,"{'DROPOUT': 160, 'END_OF_DATA': 20}",100000
180,371193.1636047146,371.19316360471464,0.8166666666666667,85.26966845438866,20.209421652533024,290.32185715108545,471193.1636047146,129.77777777777777,"{'DROPOUT': 160, 'END_OF_DATA': 20}",100000
180,349708.14975411864,349.70814975411866,0.7388888888888889,64.74214510535856,15.543542072832862,212.22274494713744,449708.1497541185,129.77777777777777,"{'DROPOUT': 160, 'END_OF_DATA': 20}",100000
180,517802.177146902,517.8021771469021,0.8222222222222222,74.76740871057778,24.401035499676837,246.7091439159334,617802.1771469021,129.77777777777777,"{'DROPOUT': 160, 'END_OF_DATA': 20}",100000
180,499284.2456185485,499.2842456185484,0.8055555555555556,82.0774643921811,17.887384528854078,279.8677322706125,599284.2456185485,129.77777777777777,"{'DROPOUT': 160, 'END_OF_DATA': 20}",100000
180,453214.06291463884,453.2140629146388,0.8,108.04542812308293,18.51508454955934,312.4609457752836,553214.0629146389,129.77777777777777,"{'DROPOUT': 160, 'END_OF_DATA': 20}",100000
180,594756.295366396,594.756295366396,0.7722222222222223,88.32392570586316,24.91248024916771,243.66814815013143,694756.2953663962,129.77777777777777,"{'DROPOUT': 160, 'END_OF_DATA': 20}",100000
180,493574.58924830356,493.5745892483036,0.7833333333333333,96.71195434643056,16.291189325118985,343.84814423600216,593574.5892483036,129.77777777777777,"{'DROPOUT': 160, 'END_OF_DATA': 20}",100000
180,625265.7238160224,625.2657238160224,0.8055555555555556,92.90424697389474,19.037057754939212,262.76705894393996,725265.7238160223,129.77777777777777,"{'DROPOUT': 160, 'END_OF_DATA': 20}",100000
180,471852.15881885623,471.85215881885625,0.7388888888888889,108.73797289643882,15.851814621801912,354.17145152184696,571852.158818856,129.77777777777777,"{'DROPOUT': 160, 'END_OF_DATA': 20}",100000
180,605455.7438576214,605.4557438576214,0.7833333333333333,111.81739510261096,18.776441162906693,332.93078596770965,705455.7438576216,129.77777777777777,"{'DROPOUT': 160, 'END_OF_DATA': 20}",100000
180,441505.7880241821,441.5057880241821,0.7388888888888889,74.55452072540682,11.553255805483012,242.13486956464996,541505.788024182,129.77777777777777,"{'DROPOUT': 160, 'END_OF_DATA': 20}",100000
180,300132.39920819545,300.13239920819547,0.7111111111111111,87.55110368304304,12.683793517444922,299.4430005655733,400132.3992081954,129.77777777777777,"{'DROPOUT': 160, 'END_OF_DATA': 20}",100000
180,339383.64028997056,339.3836402899706,0.7444444444444445,85.34325857362533,13.59171185151404,283.00424302287104,439383.64028997056,129.77777777777777,"{'DROPOUT': 160, 'END_OF_DATA': 20}",100000
180,653701.7304296563,653.7017304296563,0.7666666666666667,84.48907694447682,12.86985410487913,286.1196474279149,753701.7304296566,129.77777777777777,"{'DROPOUT': 160, 'END_OF_DATA': 20}",100000
180,602858.065095409,602.8580650954091,0.7333333333333333,83.9487035335607,12.681538136044585,310.388379873497,702858.0650954092,129.77777777777777,"{'DROPOUT': 160, 'END_OF_DATA': 20}",100000
180,468207.3377833937,468.20733778339365,0.7166666666666667,75.24241895263383,16.58485127693475,225.41155843149724,568207.3377833937,129.77777777777777,"{'DROPOUT': 160, 'END_OF_DATA': 20}",100000
180,419727.30452898436,419.7273045289844,0.8111111111111111,67.43698737741991,24.95282441870045,217.89156653536585,519727.3045289843,129.77777777777777,"{'DROPOUT': 160, 'END_OF_DATA': 20}",100000
180,620884.237296886,620.8842372968861,0.8055555555555556,100.7913284175295,17.315852307998885,335.2041346763955,720884.2372968863,129.77777777777777,"{'DROPOUT': 160, 'END_OF_DATA': 20}",100000
180,620499.0973843613,620.4990973843613,0.7888888888888889,110.47948716675047,28.806213520223515,358.20603090302495,720499.097384361,129.77777777777777,"{'DROPOUT': 160, 'END_OF_DATA': 20}",100000
180,299341.98906843143,299.3419890684314,0.7333333333333333,74.23033498105765,12.97536512035127,253.3209505575609,399341.98906843166,129.77777777777777,"{'DROPOUT': 160, 'END_OF_DATA': 20}",100000
180,501283.75429714244,501.2837542971424,0.8,83.93804233608103,19.748249734690255,282.557696483822,601283.7542971424,129.77777777777777,"{'DROPOUT': 160, 'END_OF_DATA': 20}",100000
180,497020.6648663811,497.0206648663811,0.7833333333333333,61.227246880559,15.75214006733391,161.92733100227588,597020.6648663811,129.77777777777777,"{'DROPOUT': 160, 'END_OF_DATA': 20}",100000
180,344809.6191031551,344.8096191031551,0.7777777777777778,63.093781037855926,24.489472182883517,136.8167042181632,444809.61910315487,129.77777777777777,"{'DROPOUT': 160, 'END_OF_DATA': 20}",100000
180,449843.6158458094,449.8436158458094,0.7722222222222223,77.83254440976908,13.553907221145108,234.2713124246456,549843.6158458092,129.77777777777777,"{'DROPOUT': 160, 'END_OF_DATA': 20}",100000
180,544195.379932099,544.1953799320991,0.7722222222222223,107.28970789636216,18.109006177798424,351.6816926272655,644195.3799320987,129.77777777777777,"{'DROPOUT': 160, 'END_OF_DATA': 20}",100000
180,471421.5117371116,471.4215117371116,0.7555555555555555,82.12535049936639,19.921674203930927,279.22238583745417,571421.5117371116,129.77777777777777,"{'DROPOUT': 160, 'END_OF_DATA': 20}",100000
180,385410.046184127,385.410046184127,0.7888888888888889,77.51053041913308,21.022730479760952,231.96199027610817,485410.0461841269,129.77777777777777,"{'DROPOUT': 160, 'END_OF_DATA': 20}",100000
180,446263.5371991466,446.2635371991466,0.8166666666666667,81.19067948742375,17.2716950734877,257.71450873023963,546263.5371991465,129.77777777777777,"{'DROPOUT': 160, 'END_OF_DATA': 20}",100000
180,334085.95205793146,334.0859520579314,0.8055555555555556,72.26009159834591,23.49110319691642,210.86512807517423,434085.9520579314,129.77777777777777,"{'DROPOUT': 160, 'END_OF_DATA': 20}",100000
180,327938.3834245966,327.9383834245966,0.7444444444444445,72.03314479279965,19.926487373446506,248.98331296247525,427938.38342459634,129.77777777777777,"{'DROPOUT': 160, 'END_OF_DATA': 20}",100000
180,591597.9098743387,591.5979098743387,0.7666666666666667,96.79569145436827,15.761901909441342,299.5321696619426,691597.9098743385,129.77777777777777,"{'DROPOUT': 160, 'END_OF_DATA': 20}",100000
180,458412.1900603981,458.412190060398,0.7777777777777778,77.82814419494403,17.99157367773325,255.95781030365916,558412.1900603981,129.77777777777777,"{'DROPOUT': 160, 'END_OF_DATA': 20}",100000
180,483098.4726533884,483.09847265338834,0.7777777777777778,89.22925495126259,18.156532783363005,319.31313322879464,583098.4726533883,129.77777777777777,"{'DROPOUT': 160, 'END_OF_DATA': 20}",100000
180,448090.88424023637,448.09088424023633,0.7666666666666667,66.22189142126754,16.10862691010287,214.56174936095562,548090.8842402365,129.77777777777777,"{'DROPOUT': 160, 'END_OF_DATA': 20}",100000
180,311932.4183860168,311.9324183860168,0.7555555555555555,74.0997262522492,16.419890610345988,261.07873748379,411932.4183860167,129.77777777777777,"{'DROPOUT': 160, 'END_OF_DATA': 20}",100000
180,552287.7238468726,552.2877238468726,0.7611111111111111,102.36458484798592,18.323114011937022,343.74972324257396,652287.7238468727,129.77777777777777,"{'DROPOUT': 160, 'END_OF_DATA': 20}",100000
180,777311.9623096175,777.3119623096176,0.7888888888888889,117.68856206222372,19.948318226019882,379.3012662774911,877311.9623096173,129.77777777777777,"{'DROPOUT': 160, 'END_OF_DATA': 20}",100000
180,557110.8192311305,557.1108192311306,0.7555555555555555,112.8303785701446,14.578394682855567,388.5953775056575,657110.8192311304,129.77777777777777,"{'DROPOUT': 160, 'END_OF_DATA': 20}",100000
180,510836.82879569853,510.83682879569847,0.8444444444444444,89.22569736150425,22.10787758474725,271.75655515424035,610836.8287956982,129.77777777777777,"{'DROPOUT': 160, 'END_OF_DATA': 20}",100000
180,294487.23835226125,294.4872383522613,0.8055555555555556,65.3429014455969,22.738652188727848,203.87467148487303,394487.23835226137,129.77777777777777,"{'DROPOUT': 160, 'END_OF_DATA': 20}",100000
180,379563.0676995702,379.56306769957024,0.7888888888888889,68.93011419734499,17.381348882163575,269.36842859072453,479563.06769957044,129.77777777777777,"{'DROPOUT': 160, 'END_OF_DATA': 20}",100000
180,613870.7187006463,613.8707187006463,0.7888888888888889,109.23630874365413,17.03916779874659,383.93068453989207,713870.7187006462,129.77777777777777,"{'DROPOUT': 160, 'END_OF_DATA': 20}",100000
180,409183.5464160785,409.1835464160785,0.7777777777777778,78.18358624476575,12.711704408105776,230.06433957279268,509183.5464160787,129.77777777777777,"{'DROPOUT': 160, 'END_OF_DATA': 20}",100000
180,489913.43621047685,489.91343621047685,0.7555555555555555,83.98233415813607,17.07044663171216,280.58076461479675,589913.4362104768,129.77777777777777,"{'DROPOUT': 160, 'END_OF_DATA': 20}",100000
180,418799.0493954513,418.7990493954513,0.8222222222222222,78.66164780826044,20.89947257417076,227.40223687923574,518799.0493954512,129.77777777777777,"{'DROPOUT': 160, 'END_OF_DATA': 20}",100000
180,509995.2913010792,509.99529130107925,0.7555555555555555,96.79237618546965,17.168938508410278,303.07920288152076,609995.2913010792,129.77777777777777,"{'DROPOUT': 160, 'END_OF_DATA': 20}",100000
180,354644.10196611215,354.64410196611215,0.7722222222222223,69.30745068231809,20.773128191745023,214.6753338253183,454644.10196611227,129.77777777777777,"{'DROPOUT': 160, 'END_OF_DATA': 20}",100000
180,378100.4773050008,378.1004773050008,0.7555555555555555,87.55677154665925,15.662153855025867,261.95898483759777,478100.4773050008,129.77777777777777,"{'DROPOUT': 160, 'END_OF_DATA': 20}",100000
180,450425.22978354763,450.42522978354765,0.7944444444444444,88.59955050179802,18.897719142117992,324.7689867367574,550425.2297835476,129.77777777777777,"{'DROPOUT': 160, 'END_OF_DATA': 20}",100000
180,292373.46200565575,292.3734620056557,0.7111111111111111,78.76103695283759,13.841607835545211,295.49192295401883,392373.4620056557,129.77777777777777,"{'DROPOUT': 160, 'END_OF_DATA': 20}",100000
180,331805.4112519511,331.8054112519511,0.7777777777777778,76.80295806067898,18.308124459373598,273.27905045463854,431805.4112519512,129.77777777777777,"{'DROPOUT': 160, 'END_OF_DATA': 20}",100000
180,489003.2037474578,489.0032037474578,0.8111111111111111,66.9032915561155,14.537465844549843,220.9627882286946,589003.2037474583,129.77777777777777,"{'DROPOUT': 160, 'END_OF_DATA': 20}",100000
180,375554.5749609866,375.55457496098666,0.7333333333333333,52.3943344990637,17.8606807208622,141.02566384571372,475554.5749609863,129.77777777777777,"{'DROPOUT': 160, 'END_OF_DATA': 20}",100000
180,664525.3531168348,664.5253531168348,0.8166666666666667,107.56396990524901,19.33397135807966,380.0085912584576,764525.3531168345,129.77777777777777,"{'DROPOUT': 160, 'END_OF_DATA': 20}",100000
180,370963.76483534556,370.96376483534556,0.8111111111111111,85.82004841463657,26.01949389124234,286.2012816667592,470963.76483534556,129.77777777777777,"{'DROPOUT': 160, 'END_OF_DATA': 20}",100000
180,511862.4329898907,511.8624329898907,0.7888888888888889,69.47357757644501,20.042152709759037,232.5713086054075,611862.4329898907,129.77777777777777,"{'DROPOUT': 160, 'END_OF_DATA': 20}",100000
180,665839.1788277195,665.8391788277196,0.7722222222222223,133.0495746727494,22.884723674255625,426.83752496802134,765839.1788277191,129.77777777777777,"{'DROPOUT': 160, 'END_OF_DATA': 20}",100000
180,304515.6025881191,304.5156025881191,0.7722222222222223,58.14772489368636,14.089171639247294,217.27337001447017,404515.6025881193,129.77777777777777,"{'DROPOUT': 160, 'END_OF_DATA': 20}",100000
180,358169.6918736166,358.16969187361656,0.7833333333333333,91.00049364217271,15.81067075077572,310.28861191765697,458169.6918736166,129.77777777777777,"{'DROPOUT': 160, 'END_OF_DATA': 20}",100000
180,294218.69310063525,294.2186931006352,0.7666666666666667,63.301293643827194,17.148187705844716,211.2751640579162,394218.6931006352,129.77777777777777,"{'DROPOUT': 160, 'END_OF_DATA': 20}",100000
180,370841.236619846,370.84123661984603,0.8,51.1707062017337,21.255892083473682,109.30617319721203,470841.23661984596,129.77777777777777,"{'DROPOUT': 160, 'END_OF_DATA': 20}",100000
180,353029.87498841446,353.02987498841446,0.7833333333333333,93.23025339625403,21.038026757776407,319.46617414255445,453029.87498841446,129.77777777777777,"{'DROPOUT': 160, 'END_OF_DATA': 20}",100000
180,498730.19806527917,498.7301980652791,0.7888888888888889,96.2020760187893,18.738973649990555,343.9144680690097,598730.198065279,129.77777777777777,"{'DROPOUT': 160, 'END_OF_DATA': 20}",100000
180,286556.7301726127,286.55673017261273,0.7666666666666667,83.91986755409273,15.302467516879144,276.04735604749715,386556.73017261265,129.77777777777777,"{'DROPOUT': 160, 'END_OF_DATA': 20}",100000
180,331801.03401413676,331.80103401413675,0.7833333333333333,87.57701464862792,20.70152985524622,273.67690633211396,431801.034014137,129.77777777777777,"{'DROPOUT': 160, 'END_OF_DATA': 20}",100000
180,435574.7123077549,435.5747123077549,0.7666666666666667,75.13749513065713,18.311692753525154,195.36331135301074,535574.7123077548,129.77777777777777,"{'DROPOUT': 160, 'END_OF_DATA': 20}",100000
180,415001.2374699657,415.00123746996576,0.7666666666666667,92.81127265874937,22.264916806786005,272.53713510666944,515001.23746996553,129.77777777777777,"{'DROPOUT': 160, 'END_OF_DATA': 20}",100000
180,375935.8546085173,375.93585460851733,0.7888888888888889,95.7725501907267,18.13151007647454,303.0141435444685,475935.854608517,129.77777777777777,"{'DROPOUT': 160, 'END_OF_DATA': 20}",100000
180,523113.63317735813,523.1136331773581,0.7666666666666667,88.09456878357085,13.718297547605099,289.3050018774003,623113.6331773581,129.77777777777777,"{'DROPOUT': 160, 'END_OF_DATA': 20}",100000
180,267261.67478435166,267.26167478435167,0.7611111111111111,79.3400117592825,15.754138830990481,277.28124590380554,367261.6747843516,129.77777777777777,"{'DROPOUT': 160, 'END_OF_DATA': 20}",100000
180,506237.10926780826,506.23710926780825,0.7333333333333333,82.0123822101461,18.189981996454975,288.87789800455954,606237.1092678088,129.77777777777777,"{'DROPOUT': 160, 'END_OF_DATA': 20}",100000
180,481637.35556673014,481.6373555667301,0.8166666666666667,95.93624341045047,28.23771969114325,259.06638712434903,581637.3555667299,129.77777777777777,"{'DROPOUT': 160, 'END_OF_DATA': 20}",100000
180,473830.0996663752,473.8300996663752,0.8,76.95072832575178,16.666669771075334,279.0370266575244,573830.0996663749,129.77777777777777,"{'DROPOUT': 160, 'END_OF_DATA': 20}",100000
180,341214.59286668606,341.2145928666861,0.7777777777777778,85.6622859284269,25.27484494869242,285.5823614357127,441214.592866686,129.77777777777777,"{'DROPOUT': 160, 'END_OF_DATA': 20}",100000
180,425729.4792133471,425.7294792133471,0.7777777777777778,67.8953173197655,16.552667543984178,272.12599464010276,525729.4792133471,129.77777777777777,"{'DROPOUT': 160, 'END_OF_DATA': 20}",100000
180,425642.67798710405,425.6426779871041,0.8,84.85150938493771,19.152248039824176,212.54357549748084,525642.677987104,129.77777777777777,"{'DROPOUT': 160, 'END_OF_DATA': 20}",100000
180,320151.44762090396,320.151447620904,0.7611111111111111,85.67548621437672,20.59272231943936,294.17717754683304,420151.4476209039,129.77777777777777,"{'DROPOUT': 160, 'END_OF_DATA': 20}",100000
180,534834.205550567,534.834205550567,0.7166666666666667,94.34670850867866,17.30205602147951,346.97499975256756,634834.205550567,129.77777777777777,"{'DROPOUT': 160, 'END_OF_DATA': 20}",100000
180,472678.66702643747,472.67866702643744,0.7388888888888889,67.37563339015705,15.085537202570666,242.6680385797084,572678.6670264375,129.77777777777777,"{'DROPOUT': 160, 'END_OF_DATA': 20}",100000
180,422928.47920492763,422.92847920492767,0.8555555555555555,69.61658622115154,19.66224882237295,179.03222225171643,522928.47920492775,129.77777777777777,"{'DROPOUT': 160, 'END_OF_DATA': 20}",100000
180,477970.6426083159,477.97064260831587,0.7388888888888889,97.21679331166305,17.655390720741423,341.86218305882807,577970.642608316,129.77777777777777,"{'DROPOUT': 160, 'END_OF_DATA': 20}",100000
180,265246.64292297495,265.24664292297496,0.7722222222222223,62.10976007504588,16.324787968138125,198.03137489943475,365246.642922975,129.77777777777777,"{'DROPOUT': 160, 'END_OF_DATA': 20}",100000
180,559093.3840107794,559.0933840107795,0.7555555555555555,78.7484880215589,19.16976792492906,231.14423304253285,659093.3840107796,129.77777777777777,"{'DROPOUT': 160, 'END_OF_DATA': 20}",100000
180,748812.8526923191,748.8128526923191,0.8333333333333334,137.88701023369055,26.09264942174751,417.64073139791935,848812.8526923194,129.77777777777777,"{'DROPOUT': 160, 'END_OF_DATA': 20}",100000
180,558329.7870171661,558.3297870171662,0.7777777777777778,99.94405053502123,16.025646393003996,351.4120955528663,658329.7870171663,129.77777777777777,"{'DROPOUT': 160, 'END_OF_DATA': 20}",100000
180,428004.9998464768,428.00499984647684,0.7,76.07743242820443,13.314212784788008,303.3498892540594,528004.9998464768,129.77777777777777,"{'DROPOUT': 160, 'END_OF_DATA': 20}",100000
180,586735.8751168199,586.7358751168199,0.7833333333333333,93.87114359331358,20.308952517836516,259.31432456269545,686735.8751168199,129.77777777777777,"{'DROPOUT': 160, 'END_OF_DATA': 20}",100000
180,347678.89206355193,347.6788920635519,0.7222222222222222,64.27983097264594,15.138466599786437,229.9380608839456,447678.8920635516,129.77777777777777,"{'DROPOUT': 160, 'END_OF_DATA': 20}",100000
180,468276.7328865727,468.2767328865727,0.7055555555555556,90.18906088405522,16.967752423867655,347.71390387711295,568276.7328865728,129.77777777777777,"{'DROPOUT': 160, 'END_OF_DATA': 20}",100000
180,439829.5721200407,439.8295721200407,0.7611111111111111,87.05600293552799,13.53605232664886,327.6960224804203,539829.5721200408,129.77777777777777,"{'DROPOUT': 160, 'END_OF_DATA': 20}",100000
180,478008.6892555498,478.00868925554977,0.7777777777777778,104.5299048028291,20.614023902509032,339.8924420384723,578008.6892555497,129.77777777777777,"{'DROPOUT': 160, 'END_OF_DATA': 20}",100000
180,374860.01350639504,374.86001350639503,0.7777777777777778,73.36629967016626,17.604828378019377,225.1568379501464,474860.0135063952,129.77777777777777,"{'DROPOUT': 160, 'END_OF_DATA': 20}",100000
180,562061.6640801883,562.0616640801883,0.75,91.53828098552827,17.23438859373524,319.43671381158134,662061.6640801884,129.77777777777777,"{'DROPOUT': 160, 'END_OF_DATA': 20}",100000
180,477712.8466215723,477.7128466215722,0.7111111111111111,77.77230809039162,13.872464037458016,286.1401282332303,577712.8466215724,129.77777777777777,"{'DROPOUT': 160, 'END_OF_DATA': 20}",100000
180,507967.95935918164,507.96795935918163,0.7722222222222223,105.30118929777497,19.031201659616727,376.97847468286363,607967.9593591818,129.77777777777777,"{'DROPOUT': 160, 'END_OF_DATA': 20}",100000
180,466238.154424543,466.238154424543,0.7722222222222223,85.57955355292677,15.42351489402569,299.53062571301507,566238.1544245429,129.77777777777777,"{'DROPOUT': 160, 'END_OF_DATA': 20}",100000
180,483166.26544309896,483.166265443099,0.7611111111111111,74.08053046111132,17.547129797761418,216.76896813565799,583166.2654430986,129.77777777777777,"{'DROPOUT': 160, 'END_OF_DATA': 20}",100000
180,420151.07537620113,420.1510753762011,0.7777777777777778,84.3350849971383,22.078897333240704,288.08648292629005,520151.07537620136,129.77777777777777,"{'DROPOUT': 160, 'END_OF_DATA': 20}",100000
180,520327.7335835845,520.3277335835845,0.7722222222222223,93.71213605994208,15.403889447378937,334.4609890308419,620327.7335835842,129.77777777777777,"{'DROPOUT': 160, 'END_OF_DATA': 20}",100000
180,403573.05036117224,403.5730503611722,0.7888888888888889,62.79503797105804,19.944757246492536,164.32335824968973,503573.05036117224,129.77777777777777,"{'DROPOUT': 160, 'END_OF_DATA': 20}",100000
180,478273.91618740495,478.27391618740495,0.8055555555555556,80.1834734691638,16.666656412849054,218.923526370747,578273.9161874051,129.77777777777777,"{'DROPOUT': 160, 'END_OF_DATA': 20}",100000
180,400955.1054839778,400.95510548397783,0.7611111111111111,95.85721578236353,15.705682525858363,355.8204625169654,500955.1054839777,129.77777777777777,"{'DROPOUT': 160, 'END_OF_DATA': 20}",100000
180,525390.5643776874,525.3905643776874,0.7777777777777778,75.44013178993387,17.571695225625675,220.10197188783556,625390.5643776875,129.77777777777777,"{'DROPOUT': 160, 'END_OF_DATA': 20}",100000
180,361808.22090344684,361.8082209034468,0.7388888888888889,78.19369171304399,16.282976700430435,281.868774940481,461808.22090344684,129.77777777777777,"{'DROPOUT': 160, 'END_OF_DATA': 20}",100000
180,282059.6305658015,282.0596305658015,0.7888888888888889,98.61183814754484,21.65607808938694,364.95076198486544,382059.6305658016,129.77777777777777,"{'DROPOUT': 160, 'END_OF_DATA': 20}",100000
180,297282.331593999,297.282331593999,0.7611111111111111,74.60102494586812,15.32358884665852,277.7002757332604,397282.33159399877,129.77777777777777,"{'DROPOUT': 160, 'END_OF_DATA': 20}",100000
180,462911.11986151774,462.91111986151776,0.7833333333333333,67.9551823826077,18.07979226157328,215.30019361957184,562911.1198615173,129.77777777777777,"{'DROPOUT': 160, 'END_OF_DATA': 20}",100000
180,671451.9358362817,671.4519358362818,0.7555555555555555,135.30878804571512,18.77967406910267,418.9736237750138,771451.9358362814,129.77777777777777,"{'DROPOUT': 160, 'END_OF_DATA': 20}",100000
180,409414.6137078552,409.4146137078552,0.7722222222222223,93.03672353384115,16.72466088870818,329.864868692533,509414.6137078551,129.77777777777777,"{'DROPOUT': 160, 'END_OF_DATA': 20}",100000
180,472827.7794320152,472.82777943201523,0.8,102.61019663476905,19.886838575642013,347.5573745677297,572827.7794320153,129.77777777777777,"{'DROPOUT': 160, 'END_OF_DATA': 20}",100000
180,501888.88030385063,501.8888803038506,0.7666666666666667,73.65356785118354,14.228839860210979,227.30183286450293,601888.8803038505,129.77777777777777,"{'DROPOUT': 160, 'END_OF_DATA': 20}",100000
180,522193.7781433713,522.1937781433713,0.7888888888888889,105.96448459762426,15.246239825040586,378.1269201626014,622193.7781433711,129.77777777777777,"{'DROPOUT': 160, 'END_OF_DATA': 20}",100000
180,491636.20644188294,491.63620644188296,0.8333333333333334,61.66553677499932,20.303217005922704,205.7808069493462,591636.206441883,129.77777777777777,"{'DROPOUT': 160, 'END_OF_DATA': 20}",100000
180,781207.9352383934,781.2079352383934,0.7666666666666667,130.09715370513743,19.26528974341931,427.39991905448437,881207.9352383934,129.77777777777777,"{'DROPOUT': 160, 'END_OF_DATA': 20}",100000
180,401194.9850017556,401.1949850017555,0.8111111111111111,95.87047684695511,23.908559803680944,327.07031967528036,501194.9850017555,129.77777777777777,"{'DROPOUT': 160, 'END_OF_DATA': 20}",100000
180,471462.94241615175,471.4629424161518,0.8111111111111111,67.19216226799715,18.237975490624393,190.29595782126145,571462.9424161521,129.77777777777777,"{'DROPOUT': 160, 'END_OF_DATA': 20}",100000
180,621829.0371361342,621.8290371361343,0.7888888888888889,100.41872827881251,22.463750590501654,330.6629452348385,721829.0371361342,129.77777777777777,"{'DROPOUT': 160, 'END_OF_DATA': 20}",100000
180,780617.2004325795,780.6172004325795,0.7388888888888889,111.3556626282407,21.486331763873128,362.68246806984024,880617.2004325797,129.77777777777777,"{'DROPOUT': 160, 'END_OF_DATA': 20}",100000
180,490198.1551184187,490.19815511841864,0.7833333333333333,105.15658776669326,20.819117409237023,342.9447838004504,590198.1551184186,129.77777777777777,"{'DROPOUT': 160, 'END_OF_DATA': 20}",100000
180,695055.3692132899,695.05536921329,0.7888888888888889,108.88371649725919,22.874441789620896,327.4724762697234,795055.3692132903,129.77777777777777,"{'DROPOUT': 160, 'END_OF_DATA': 20}",100000
180,394679.56987489224,394.67956987489225,0.7555555555555555,57.44136430258603,14.601607167445241,156.21696135574115,494679.5698748923,129.77777777777777,"{'DROPOUT': 160, 'END_OF_DATA': 20}",100000
180,490532.4233653359,490.5324233653359,0.7277777777777777,76.3069423658727,16.26862149869349,227.32650765052605,590532.4233653358,129.77777777777777,"{'DROPOUT': 160, 'END_OF_DATA': 20}",100000
180,447414.715222764,447.41471522276396,0.8388888888888889,99.11122002505928,24.180765797587906,289.39438489278615,547414.7152227642,129.77777777777777,"{'DROPOUT': 160, 'END_OF_DATA': 20}",100000
180,290810.8563499667,290.81085634996674,0.7666666666666667,69.70397971943132,17.838348272513226,220.9340175391047,390810.8563499668,129.77777777777777,"{'DROPOUT': 160, 'END_OF_DATA': 20}",100000
180,496146.85168391734,496.1468516839173,0.8333333333333334,100.45268953929764,21.997407103002345,317.2951658054561,596146.8516839172,129.77777777777777,"{'DROPOUT': 160, 'END_OF_DATA': 20}",100000
180,522610.8528202167,522.6108528202167,0.7777777777777778,71.65475608912604,16.868032252320187,208.07317906784323,622610.8528202164,129.77777777777777,"{'DROPOUT': 160, 'END_OF_DATA': 20}",100000
180,380337.46557920135,380.33746557920136,0.8055555555555556,76.39438363842403,17.063492864241127,247.19592537941725,480337.4655792011,129.77777777777777,"{'DROPOUT': 160, 'END_OF_DATA': 20}",100000
180,454924.23204770416,454.9242320477042,0.7666666666666667,76.5327313967952,14.719722874727491,265.1209790607201,554924.2320477043,129.77777777777777,"{'DROPOUT': 160, 'END_OF_DATA': 20}",100000
180,548782.2637316443,548.7822637316443,0.8111111111111111,150.67766949798457,27.788869474578075,441.27142289184985,648782.2637316446,129.77777777777777,"{'DROPOUT': 160, 'END_OF_DATA': 20}",100000
180,530718.2079009943,530.7182079009943,0.7777777777777778,110.31118995135992,17.987371428214114,351.5146843505864,630718.2079009947,129.77777777777777,"{'DROPOUT': 160, 'END_OF_DATA': 20}",100000
180,539846.8060731941,539.8468060731941,0.7666666666666667,114.60141028531939,17.707152082777615,413.5280622346473,639846.8060731944,129.77777777777777,"{'DROPOUT': 160, 'END_OF_DATA': 20}",100000
180,600216.6001109958,600.2166001109958,0.8388888888888889,88.64161680931466,20.032540328445013,292.04009131144926,700216.6001109956,129.77777777777777,"{'DROPOUT': 160, 'END_OF_DATA': 20}",100000
180,675916.5288152187,675.9165288152187,0.7555555555555555,108.17910656262178,15.52593794373948,326.97651482720306,775916.5288152185,129.77777777777777,"{'DROPOUT': 160, 'END_OF_DATA': 20}",100000
180,705442.3112053098,705.4423112053098,0.8111111111111111,142.84165158514054,20.195886414561514,457.63818514779587,805442.3112053098,129.77777777777777,"{'DROPOUT': 160, 'END_OF_DATA': 20}",100000
180,411545.44783363136,411.54544783363133,0.8166666666666667,73.29823353556796,17.685050339308937,244.64755777830956,511545.4478336314,129.77777777777777,"{'DROPOUT': 160, 'END_OF_DATA': 20}",100000
180,463728.04550452926,463.7280455045293,0.75,63.52996838587964,14.225416445834773,266.64715934607955,563728.045504529,129.77777777777777,"{'DROPOUT': 160, 'END_OF_DATA': 20}",100000
180,340046.92239488446,340.04692239488446,0.75,99.17388952873074,16.79807896114805,311.55118261100034,440046.9223948844,129.77777777777777,"{'DROPOUT': 160, 'END_OF_DATA': 20}",100000
180,353547.18958310445,353.54718958310445,0.7944444444444444,87.6938420289574,25.121987651241867,290.425351268469,453547.1895831045,129.77777777777777,"{'DROPOUT': 160, 'END_OF_DATA': 20}",100000
180,473082.4702578513,473.0824702578513,0.8111111111111111,96.74763125792832,17.276532456317895,313.7116378715102,573082.4702578512,129.77777777777777,"{'DROPOUT': 160, 'END_OF_DATA': 20}",100000
180,450128.2004816263,450.1282004816264,0.7888888888888889,70.89249370028953,19.68749583233153,172.9368223509265,550128.2004816262,129.77777777777777,"{'DROPOUT': 160, 'END_OF_DATA': 20}",100000
180,547302.7998901167,547.3027998901166,0.7944444444444444,110.90310193531187,21.625159309627627,381.8111083751746,647302.7998901168,129.77777777777777,"{'DROPOUT': 160, 'END_OF_DATA': 20}",100000
180,555536.9717728514,555.5369717728514,0.75,82.99795263273357,19.182350889353422,270.0721876428626,655536.9717728514,129.77777777777777,"{'DROPOUT': 160, 'END_OF_DATA': 20}",100000
180,323137.5602172307,323.1375602172307,0.7888888888888889,49.258090223578556,21.035866653414814,76.62602356050296,423137.56021723064,129.77777777777777,"{'DROPOUT': 160, 'END_OF_DATA': 20}",100000
180,432376.2121818652,432.3762121818651,0.8388888888888889,99.74172701262658,17.670127579908577,355.7155138318118,532376.2121818651,129.77777777777777,"{'DROPOUT': 160, 'END_OF_DATA': 20}",100000
180,351943.04306720186,351.94304306720187,0.8166666666666667,88.30482860898721,24.298302981458246,280.50776235048926,451943.0430672018,129.77777777777777,"{'DROPOUT': 160, 'END_OF_DATA': 20}",100000
180,514009.564098453,514.009564098453,0.7333333333333333,89.36407445786499,16.174164128301953,304.4595135723034,614009.564098453,129.77777777777777,"{'DROPOUT': 160, 'END_OF_DATA': 20}",100000
180,334872.0851281138,334.87208512811384,0.7666666666666667,93.13889458450132,15.641755647194435,284.9617016317343,434872.0851281137,129.77777777777777,"{'DROPOUT': 160, 'END_OF_DATA': 20}",100000
180,275500.19878906617,275.5001987890662,0.7944444444444444,80.41192840026659,21.449720691097482,291.52597278643077,375500.19878906617,129.77777777777777,"{'DROPOUT': 160, 'END_OF_DATA': 20}",100000
180,551802.8720350865,551.8028720350866,0.7944444444444444,121.59849380830767,15.789475197717254,416.24018194697913,651802.8720350862,129.77777777777777,"{'DROPOUT': 160, 'END_OF_DATA': 20}",100000
180,398466.6260427313,398.46662604273126,0.7944444444444444,97.24519331204422,23.560483500250307,366.75898188996564,498466.6260427311,129.77777777777777,"{'DROPOUT': 160, 'END_OF_DATA': 20}",100000
180,675103.1260228099,675.1031260228099,0.7777777777777778,102.71347297942792,20.94946482336414,345.4828979038975,775103.1260228098,129.77777777777777,"{'DROPOUT': 160, 'END_OF_DATA': 20}",100000
180,279242.1342310789,279.2421342310789,0.8055555555555556,63.04755654139272,14.366800350719789,211.68591746191996,379242.13423107885,129.77777777777777,"{'DROPOUT': 160, 'END_OF_DATA': 20}",100000
180,505321.7478698491,505.32174786984905,0.7888888888888889,72.84646673628778,14.583732519179234,250.7426478621207,605321.7478698494,129.77777777777777,"{'DROPOUT': 160, 'END_OF_DATA': 20}",100000
180,491238.4023672772,491.23840236727716,0.7666666666666667,91.41403548471833,16.624482350583754,284.9884288475087,591238.4023672768,129.77777777777777,"{'DROPOUT': 160, 'END_OF_DATA': 20}",100000
180,296949.8962123276,296.9498962123276,0.8222222222222222,121.13886718044192,22.879667093357746,411.08606551381456,396949.8962123276,129.77777777777777,"{'DROPOUT': 160, 'END_OF_DATA': 20}",100000
180,365209.95117399894,365.20995117399895,0.7888888888888889,78.35625914581546,17.02720636293796,285.3386210517709,465209.9511739991,129.77777777777777,"{'DROPOUT': 160, 'END_OF_DATA': 20}",100000
180,407380.4393589598,407.38043935895985,0.75,81.43464540741597,12.50000225069635,290.86168937664434,507380.43935895973,129.77777777777777,"{'DROPOUT': 160, 'END_OF_DATA': 20}",100000
180,438558.87150228716,438.55887150228716,0.8555555555555555,73.2805170596654,26.626659930069955,222.6070324789545,538558.871502287,129.77777777777777,"{'DROPOUT': 160, 'END_OF_DATA': 20}",100000
180,686033.7504901346,686.0337504901346,0.8166666666666667,94.19549387421098,18.306264327513958,309.49086660506157,786033.7504901348,129.77777777777777,"{'DROPOUT': 160, 'END_OF_DATA': 20}",100000
180,334172.51535978535,334.17251535978534,0.8,62.372400806772745,19.159123417314873,140.2929823650333,434172.51535978535,129.77777777777777,"{'DROPOUT': 160, 'END_OF_DATA': 20}",100000
180,626496.7392891471,626.4967392891471,0.7833333333333333,125.85447677483826,20.960731138682192,422.92255809507407,726496.739289147,129.77777777777777,"{'DROPOUT': 160, 'END_OF_DATA': 20}",100000
180,461300.27437800326,461.3002743780033,0.7722222222222223,98.82473561195606,17.642837436630906,289.803501359022,561300.2743780033,129.77777777777777,"{'DROPOUT': 160, 'END_OF_DATA': 20}",100000
180,730642.2460833788,730.6422460833787,0.7333333333333333,121.16969605393564,19.500247159219423,375.1847902638035,830642.246083379,129.77777777777777,"{'DROPOUT': 160, 'END_OF_DATA': 20}",100000
180,457808.3275683041,457.8083275683041,0.8166666666666667,90.4727834289733,23.05971348420646,235.25293802363706,557808.3275683041,129.77777777777777,"{'DROPOUT': 160, 'END_OF_DATA': 20}",100000
180,477783.4142641487,477.78341426414863,0.7666666666666667,64.96193672670326,20.541783700438984,255.16341035483865,577783.4142641487,129.77777777777777,"{'DROPOUT': 160, 'END_OF_DATA': 20}",100000
180,322971.75153874804,322.97175153874804,0.7833333333333333,61.84483846381621,19.29001466530989,198.1845747534463,422971.75153874786,129.77777777777777,"{'DROPOUT': 160, 'END_OF_DATA': 20}",100000
180,579012.5514085938,579.0125514085938,0.8,95.4233879116471,19.77731263540578,309.74589393550445,679012.5514085937,129.77777777777777,"{'DROPOUT': 160, 'END_OF_DATA': 20}",100000
180,392018.10845686146,392.01810845686146,0.7777777777777778,79.92210312231437,19.806650351474,280.54039934760334,492018.1084568616,129.77777777777777,"{'DROPOUT': 160, 'END_OF_DATA': 20}",100000
180,365084.0928302913,365.08409283029135,0.7611111111111111,107.46404104746847,19.995293339056534,372.66037490331973,465084.0928302912,129.77777777777777,"{'DROPOUT': 160, 'END_OF_DATA': 20}",100000
180,640656.0639398801,640.6560639398801,0.7666666666666667,100.96599142852914,15.50683192048962,342.6074205705575,740656.0639398801,129.77777777777777,"{'DROPOUT': 160, 'END_OF_DATA': 20}",100000
180,330343.66376247373,330.34366376247374,0.8055555555555556,75.27812820231158,16.47170893327344,274.88621453178934,430343.6637624736,129.77777777777777,"{'DROPOUT': 160, 'END_OF_DATA': 20}",100000
180,336178.50054662325,336.17850054662324,0.8,57.05207391510803,18.72217718135365,121.95519634704957,436178.5005466232,129.77777777777777,"{'DROPOUT': 160, 'END_OF_DATA': 20}",100000
180,603216.7437575527,603.2167437575528,0.7555555555555555,109.75414746091691,16.995301607001153,334.5787105382494,703216.7437575524,129.77777777777777,"{'DROPOUT': 160, 'END_OF_DATA': 20}",100000
180,357746.9139211033,357.74691392110327,0.8,75.20085675991206,16.98810871503597,227.6497824009395,457746.91392110323,129.77777777777777,"{'DROPOUT': 160, 'END_OF_DATA': 20}",100000
180,475516.54833437933,475.5165483343793,0.7944444444444444,72.28863721180302,18.95059988678506,240.10412494805922,575516.5483343797,129.77777777777777,"{'DROPOUT': 160, 'END_OF_DATA': 20}",100000
180,408733.3510590738,408.73335105907375,0.7666666666666667,86.4544161825537,16.789528394903215,241.09693071726358,508733.35105907376,129.77777777777777,"{'DROPOUT': 160, 'END_OF_DATA': 20}",100000
180,285603.8919133147,285.60389191331467,0.8,45.38257518355923,18.370356780846382,77.24054542943391,385603.8919133148,129.77777777777777,"{'DROPOUT': 160, 'END_OF_DATA': 20}",100000
180,531255.4536405802,531.2554536405802,0.8,80.29994516979711,17.12833409863107,295.67747438262705,631255.4536405801,129.77777777777777,"{'DROPOUT': 160, 'END_OF_DATA': 20}",100000
180,353049.3616154797,353.0493616154797,0.75,84.52342927782506,16.929141266171456,294.5862644414741,453049.36161547963,129.77777777777777,"{'DROPOUT': 160, 'END_OF_DATA': 20}",100000
180,332532.76853754185,332.5327685375418,0.8388888888888889,90.90137124935292,24.50761120172022,317.26667714534574,432532.7685375418,129.77777777777777,"{'DROPOUT': 160, 'END_OF_DATA': 20}",100000
180,614207.6130129762,614.2076130129763,0.8166666666666667,111.60809248739695,26.870967962863425,279.9328202164164,714207.613012976,129.77777777777777,"{'DROPOUT': 160, 'END_OF_DATA': 20}",100000
180,399469.49019847496,399.46949019847494,0.75,77.09056666825416,15.011450808767636,234.8403422425361,499469.49019847513,129.77777777777777,"{'DROPOUT': 160, 'END_OF_DATA': 20}",100000
180,409015.82031518174,409.01582031518177,0.7722222222222223,67.30426819775118,22.5729042015641,168.00098560595512,509015.8203151817,129.77777777777777,"{'DROPOUT': 160, 'END_OF_DATA': 20}",100000
180,814133.789480904,814.1337894809039,0.8111111111111111,146.9627679854612,16.73407885403376,448.18822694588346,914133.7894809035,129.77777777777777,"{'DROPOUT': 160, 'END_OF_DATA': 20}",100000
180,417254.41686029546,417.2544168602955,0.7833333333333333,87.48995253697952,18.227165259043996,327.3824784069223,517254.4168602953,129.77777777777777,"{'DROPOUT': 160, 'END_OF_DATA': 20}",100000
180,467111.54039782414,467.1115403978241,0.7777777777777778,91.04584081901885,17.88633676889787,314.6422740782778,567111.5403978239,129.77777777777777,"{'DROPOUT': 160, 'END_OF_DATA': 20}",100000
180,469349.4885927332,469.34948859273317,0.7722222222222223,95.56304530446911,13.912414678658628,371.32846688918687,569349.4885927332,129.77777777777777,"{'DROPOUT': 160, 'END_OF_DATA': 20}",100000
180,364885.7870081491,364.88578700814907,0.7833333333333333,64.99153299014486,17.038094656808028,217.7376454288912,464885.78700814885,129.77777777777777,"{'DROPOUT': 160, 'END_OF_DATA': 20}",100000
180,429631.4329061844,429.63143290618444,0.7944444444444444,96.70532973799018,18.31482860463332,343.45175155269203,529631.4329061846,129.77777777777777,"{'DROPOUT': 160, 'END_OF_DATA': 20}",100000
180,642655.9990982917,642.6559990982918,0.8055555555555556,167.94534184588153,21.825064117261828,481.1502182574187,742655.9990982914,129.77777777777777,"{'DROPOUT': 160, 'END_OF_DATA': 20}",100000
180,349716.5287605643,349.71652876056424,0.7833333333333333,60.29587715300929,16.91098422908045,203.63827207035177,449716.52876056446,129.77777777777777,"{'DROPOUT': 160, 'END_OF_DATA': 20}",100000
180,491729.33257862815,491.72933257862815,0.7722222222222223,97.86266537202894,16.702124127383478,331.99173115619976,591729.3325786281,129.77777777777777,"{'DROPOUT': 160, 'END_OF_DATA': 20}",100000
180,377354.8307442552,377.3548307442552,0.7722222222222223,60.10175553083045,18.47927925056523,208.32709333185286,477354.83074425504,129.77777777777777,"{'DROPOUT': 160, 'END_OF_DATA': 20}",100000
180,443221.6768078732,443.22167680787317,0.7611111111111111,77.5450254209762,14.28571276518765,277.3173438077415,543221.6768078734,129.77777777777777,"{'DROPOUT': 160, 'END_OF_DATA': 20}",100000
180,548672.2333810059,548.6722333810059,0.7444444444444445,105.1897618811699,17.65162410490835,371.44885400469366,648672.2333810059,129.77777777777777,"{'DROPOUT': 160, 'END_OF_DATA': 20}",100000
180,284694.8400152348,284.6948400152348,0.7888888888888889,72.37437578857885,18.405109743712316,264.5632099107467,384694.8400152348,129.77777777777777,"{'DROPOUT': 160, 'END_OF_DATA': 20}",100000
180,257559.13835280456,257.55913835280455,0.7444444444444445,39.83818143662892,16.079775605920744,77.22662762015712,357559.1383528045,129.77777777777777,"{'DROPOUT': 160, 'END_OF_DATA': 20}",100000
180,425628.88242198585,425.62888242198585,0.75,77.66603431741007,19.02512700995672,243.8030739655675,525628.8824219859,129.77777777777777,"{'DROPOUT': 160, 'END_OF_DATA': 20}",100000
180,564365.3607041393,564.3653607041393,0.75,125.33443757375794,19.083067447082072,428.8832632193469,664365.3607041391,129.77777777777777,"{'DROPOUT': 160, 'END_OF_DATA': 20}",100000
180,498632.94396780146,498.63294396780145,0.8222222222222222,80.24338863201399,20.048209975663937,241.53426412760683,598632.9439678015,129.77777777777777,"{'DROPOUT': 160, 'END_OF_DATA': 20}",100000
180,631908.3494786522,631.9083494786522,0.7611111111111111,133.69773525741735,20.92158577559112,431.681731535498,731908.3494786515,129.77777777777777,"{'DROPOUT': 160, 'END_OF_DATA': 20}",100000
180,629171.1212908798,629.1711212908798,0.7944444444444444,92.46481879802592,15.732603055837517,355.1101967001771,729171.1212908798,129.77777777777777,"{'DROPOUT': 160, 'END_OF_DATA': 20}",100000
180,561347.5013253094,561.3475013253094,0.8,73.01018367920149,22.213394167163358,213.9100120835925,661347.5013253095,129.77777777777777,"{'DROPOUT': 160, 'END_OF_DATA': 20}",100000
180,546013.7746814252,546.0137746814252,0.7444444444444445,103.51711331515156,13.857706214154867,364.5513210360746,646013.7746814252,129.77777777777777,"{'DROPOUT': 160, 'END_OF_DATA': 20}",100000
180,418103.33839812904,418.10333839812904,0.8166666666666667,86.49760134807418,19.510195536212542,295.49882737317785,518103.3383981289,129.77777777777777,"{'DROPOUT': 160, 'END_OF_DATA': 20}",100000
180,599197.8036264095,599.1978036264095,0.7722222222222223,84.19838105935845,20.197987154873005,268.33211311713734,699197.8036264096,129.77777777777777,"{'DROPOUT': 160, 'END_OF_DATA': 20}",100000
180,354214.5977703141,354.21459777031407,0.6722222222222223,90.55960293031455,16.21137452728515,330.2133871308081,454214.5977703141,129.77777777777777,"{'DROPOUT': 160, 'END_OF_DATA': 20}",100000
180,508377.21028168546,508.37721028168545,0.7888888888888889,117.0665438461406,18.972388606538004,379.25937602154215,608377.2102816856,129.77777777777777,"{'DROPOUT': 160, 'END_OF_DATA': 20}",100000
180,468079.2124953662,468.07921249536616,0.7833333333333333,106.61974909967232,20.515574441460558,320.74179659016363,568079.2124953661,129.77777777777777,"{'DROPOUT': 160, 'END_OF_DATA': 20}",100000
180,420259.1972494594,420.2591972494594,0.7277777777777777,97.35215550754924,13.919249484814795,360.25404888638616,520259.1972494591,129.77777777777777,"{'DROPOUT': 160, 'END_OF_DATA': 20}",100000
180,627730.3494562925,627.7303494562925,0.7666666666666667,107.2066451376058,18.908647468837927,356.2965487091268,727730.3494562923,129.77777777777777,"{'DROPOUT': 160, 'END_OF_DATA': 20}",100000
180,504517.3213456428,504.51732134564276,0.8222222222222222,85.78631494255194,24.117712781473475,300.56838555862805,604517.3213456428,129.77777777777777,"{'DROPOUT': 160, 'END_OF_DATA': 20}",100000
180,445330.4148123114,445.3304148123114,0.7888888888888889,63.852335111418526,20.80997327961277,199.151855027735,545330.4148123112,129.77777777777777,"{'DROPOUT': 160, 'END_OF_DATA': 20}",100000
180,302272.10737198585,302.27210737198584,0.7833333333333333,68.33505756005086,14.623201449063753,195.20620452752095,402272.1073719859,129.77777777777777,"{'DROPOUT': 160, 'END_OF_DATA': 20}",100000
180,531186.0958414399,531.1860958414399,0.7888888888888889,120.65786443224248,21.666666471380992,397.0593332710007,631186.0958414399,129.77777777777777,"{'DROPOUT': 160, 'END_OF_DATA': 20}",100000
180,510678.9301482588,510.6789301482588,0.7277777777777777,90.78393357149311,18.189041162168053,307.32064044197136,610678.9301482587,129.77777777777777,"{'DROPOUT': 160, 'END_OF_DATA': 20}",100000
180,492297.96218913316,492.2979621891332,0.8055555555555556,67.40183688996356,23.06623619672728,205.0057547720699,592297.9621891333,129.77777777777777,"{'DROPOUT': 160, 'END_OF_DATA': 20}",100000
180,328803.11105785024,328.80311105785023,0.8,79.20692782671252,23.464529992738655,248.58591340480547,428803.1110578504,129.77777777777777,"{'DROPOUT': 160, 'END_OF_DATA': 20}",100000
180,419038.65174043464,419.0386517404346,0.8166666666666667,76.64926516837633,17.332089118838745,268.7159636606285,519038.65174043475,129.77777777777777,"{'DROPOUT': 160, 'END_OF_DATA': 20}",100000
180,765734.072813185,765.7340728131851,0.7388888888888889,129.57394451446797,22.86764709053069,365.4487225533974,865734.0728131853,129.77777777777777,"{'DROPOUT': 160, 'END_OF_DATA': 20}",100000
180,314311.392388762,314.311392388762,0.75,77.82710395406981,18.570351223892793,249.39373127693787,414311.3923887618,129.77777777777777,"{'DROPOUT': 160, 'END_OF_DATA': 20}",100000
180,362964.27743389306,362.9642774338931,0.7888888888888889,86.46940322295647,17.048059698132754,324.63371767116206,462964.27743389347,129.77777777777777,"{'DROPOUT': 160, 'END_OF_DATA': 20}",100000
180,613233.6012260386,613.2336012260386,0.7888888888888889,104.65068145012931,18.244665884729613,380.2833830368839,713233.6012260386,129.77777777777777,"{'DROPOUT': 160, 'END_OF_DATA': 20}",100000
180,349602.8078352666,349.60280783526656,0.7611111111111111,63.414193042497494,21.26208391301117,131.64697221755134,449602.80783526646,129.77777777777777,"{'DROPOUT': 160, 'END_OF_DATA': 20}",100000
180,330831.43593423336,330.83143593423335,0.7388888888888889,86.09232287134158,12.15261332082705,323.04443101893764,430831.4359342334,129.77777777777777,"{'DROPOUT': 160, 'END_OF_DATA': 20}",100000
180,766036.7249748579,766.0367249748579,0.7555555555555555,110.32560424610419,15.161008989716581,367.6932417236305,866036.724974858,129.77777777777777,"{'DROPOUT': 160, 'END_OF_DATA': 20}",100000
180,669664.441022736,669.664441022736,0.7833333333333333,97.71629067976082,18.308786130796044,291.8975086182999,769664.4410227359,129.77777777777777,"{'DROPOUT': 160, 'END_OF_DATA': 20}",100000
180,496722.10227940703,496.722102279407,0.8277777777777777,106.68940928270762,26.14072578087187,307.30202142583494,596722.1022794071,129.77777777777777,"{'DROPOUT': 160, 'END_OF_DATA': 20}",100000
180,338920.10276629694,338.92010276629696,0.7444444444444445,54.43177626525824,14.256295015410466,120.17339307175969,438920.10276629706,129.77777777777777,"{'DROPOUT': 160, 'END_OF_DATA': 20}",100000
180,424750.0105392247,424.7500105392247,0.7555555555555555,74.34501418902015,19.273655123422834,234.5874226484721,524750.0105392247,129.77777777777777,"{'DROPOUT': 160, 'END_OF_DATA': 20}",100000
180,207308.46647600425,207.30846647600427,0.7111111111111111,62.10346706116745,13.029236824726954,264.4010678356947,307308.4664760043,129.77777777777777,"{'DROPOUT': 160, 'END_OF_DATA': 20}",100000
180,544513.0320823644,544.5130320823644,0.7666666666666667,93.48671740948498,15.834205000402907,335.0662177006035,644513.0320823645,129.77777777777777,"{'DROPOUT': 160, 'END_OF_DATA': 20}",100000
180,360013.9851981045,360.01398519810454,0.75,70.86387189708732,16.62937612946914,245.5313527433834,460013.98519810475,129.77777777777777,"{'DROPOUT': 160, 'END_OF_DATA': 20}",100000
180,413919.5186434819,413.91951864348187,0.7722222222222223,70.73031472475563,21.154879497223867,159.72036965847693,513919.51864348195,129.77777777777777,"{'DROPOUT': 160, 'END_OF_DATA': 20}",100000
180,339756.9704702898,339.7569704702898,0.8333333333333334,95.20184777680038,18.75082864137533,349.3916870738151,439756.9704702899,129.77777777777777,"{'DROPOUT': 160, 'END_OF_DATA': 20}",100000
180,352763.9015273523,352.7639015273523,0.8388888888888889,90.83701419091771,18.64816735404335,289.3485667984727,452763.90152735217,129.77777777777777,"{'DROPOUT': 160, 'END_OF_DATA': 20}",100000
180,403463.4264120747,403.4634264120747,0.7833333333333333,94.3213408392567,19.49967086755896,304.17247280910954,503463.42641207465,129.77777777777777,"{'DROPOUT': 160, 'END_OF_DATA': 20}",100000
180,335944.33130765706,335.9443313076571,0.8055555555555556,66.53191806475348,13.05737365419855,224.70031341071336,435944.3313076572,129.77777777777777,"{'DROPOUT': 160, 'END_OF_DATA': 20}",100000
180,581694.6665227049,581.6946665227049,0.7611111111111111,103.77608459971529,21.296925309004315,336.1853451887832,681694.6665227049,129.77777777777777,"{'DROPOUT': 160, 'END_OF_DATA': 20}",100000
180,459843.0329416322,459.8430329416322,0.8,100.56996860700254,21.845050656037962,334.89795480703907,559843.0329416322,129.77777777777777,"{'DROPOUT': 160, 'END_OF_DATA': 20}",100000
180,359538.96957302454,359.53896957302453,0.7888888888888889,73.69507105809114,17.94071324580304,223.54551725339113,459538.96957302454,129.77777777777777,"{'DROPOUT': 160, 'END_OF_DATA': 20}",100000
180,256747.6781075902,256.7476781075902,0.7777777777777778,74.39014282190016,17.64482675511252,319.5953336247694,356747.67810759024,129.77777777777777,"{'DROPOUT': 160, 'END_OF_DATA': 20}",100000
180,674547.9635477569,674.5479635477569,0.7833333333333333,143.32747268865194,21.018397907588003,454.61983721965566,774547.9635477563,129.77777777777777,"{'DROPOUT': 160, 'END_OF_DATA': 20}",100000
180,929069.460644246,929.069460644246,0.7777777777777778,149.3207451192845,16.746350134749335,463.40643528241105,1029069.4606442458,129.77777777777777,"{'DROPOUT': 160, 'END_OF_DATA': 20}",100000
180,204011.02947257285,204.01102947257286,0.6833333333333333,39.332578250246804,10.888843585304866,87.01063590119459,304011.0294725727,129.77777777777777,"{'DROPOUT': 160, 'END_OF_DATA': 20}",100000
180,530743.3943496569,530.7433943496568,0.7888888888888889,92.47320279656479,16.942161619841094,273.452358932872,630743.3943496569,129.77777777777777,"{'DROPOUT': 160, 'END_OF_DATA': 20}",100000
180,261723.3708634714,261.7233708634714,0.75,93.8025059924191,18.758775457611435,344.0680314032927,361723.37086347135,129.77777777777777,"{'DROPOUT': 160, 'END_OF_DATA': 20}",100000
180,402086.85034768714,402.0868503476871,0.8055555555555556,76.85877105960178,17.816612342209865,280.33365885928026,502086.85034768726,129.77777777777777,"{'DROPOUT': 160, 'END_OF_DATA': 20}",100000
180,652449.9074921804,652.4499074921804,0.8,98.70818097230496,23.35816226709867,265.81394890776426,752449.9074921804,129.77777777777777,"{'DROPOUT': 160, 'END_OF_DATA': 20}",100000
180,473110.43105716514,473.1104310571651,0.7888888888888889,107.55216565875146,19.255031581545488,379.6307383756155,573110.4310571653,129.77777777777777,"{'DROPOUT': 160, 'END_OF_DATA': 20}",100000
180,361443.6221270561,361.44362212705613,0.8111111111111111,56.639481308938535,19.741326803850125,122.10548457730845,461443.6221270563,129.77777777777777,"{'DROPOUT': 160, 'END_OF_DATA': 20}",100000
180,547747.8741003192,547.7478741003192,0.7722222222222223,111.0267425661764,16.947542165597262,411.9303869996782,647747.874100319,129.77777777777777,"{'DROPOUT': 160, 'END_OF_DATA': 20}",100000
180,304046.43042191654,304.04643042191657,0.7333333333333333,83.23053514562746,14.809115622887099,326.8288298643847,404046.4304219166,129.77777777777777,"{'DROPOUT': 160, 'END_OF_DATA': 20}",100000
180,482030.47633966565,482.0304763396656,0.75,90.10003398143421,16.194717219720935,295.82497270484924,582030.4763396657,129.77777777777777,"{'DROPOUT': 160, 'END_OF_DATA': 20}",100000
180,232997.17033375165,232.99717033375168,0.7444444444444445,57.41965805140487,16.52298979925069,204.0994871459322,332997.17033375165,129.77777777777777,"{'DROPOUT': 160, 'END_OF_DATA': 20}",100000
180,356208.6065164518,356.2086065164518,0.7611111111111111,89.5469010644049,12.3629920372003,342.06213698965377,456208.60651645187,129.77777777777777,"{'DROPOUT': 160, 'END_OF_DATA': 20}",100000
180,394204.5161924881,394.2045161924881,0.8388888888888889,70.64663514601642,23.61387583859765,192.3773140865576,494204.5161924883,129.77777777777777,"{'DROPOUT': 160, 'END_OF_DATA': 20}",100000
180,571139.4482496373,571.1394482496373,0.7833333333333333,100.57415461479295,17.357168848401173,320.1543128548824,671139.4482496373,129.77777777777777,"{'DROPOUT': 160, 'END_OF_DATA': 20}",100000
180,436624.0679309535,436.6240679309535,0.8555555555555555,88.46439399712992,22.66466543613676,326.2218408389959,536624.0679309537,129.77777777777777,"{'DROPOUT': 160, 'END_OF_DATA': 20}",100000
180,328759.02936583094,328.75902936583094,0.8333333333333334,62.51554271556039,18.556009809158912,143.4128254866465,428759.0293658308,129.77777777777777,"{'DROPOUT': 160, 'END_OF_DATA': 20}",100000
180,589553.405858551,589.5534058585511,0.7722222222222223,97.68856386807707,15.812630105497139,342.85044563881485,689553.4058585509,129.77777777777777,"{'DROPOUT': 160, 'END_OF_DATA': 20}",100000
180,278953.951384322,278.95395138432207,0.7055555555555556,83.11899500685509,14.580589152394591,332.5060198024919,378953.9513843221,129.77777777777777,"{'DROPOUT': 160, 'END_OF_DATA': 20}",100000
180,785737.8791565689,785.737879156569,0.7611111111111111,106.23131622787697,19.209478110934487,332.14370521257393,885737.8791565686,129.77777777777777,"{'DROPOUT': 160, 'END_OF_DATA': 20}",100000
180,443445.83272116265,443.4458327211626,0.7111111111111111,69.30384540619949,13.619590371223278,215.81610336792068,543445.8327211627,129.77777777777777,"{'DROPOUT': 160, 'END_OF_DATA': 20}",100000
180,711621.4307478786,711.6214307478785,0.7944444444444444,117.11705928724126,22.1707761051655,346.74129222459936,811621.430747879,129.77777777777777,"{'DROPOUT': 160, 'END_OF_DATA': 20}",100000
180,234188.40885443182,234.18840885443183,0.7722222222222223,57.45262266918065,16.629289971359366,206.4165166720151,334188.40885443165,129.77777777777777,"{'DROPOUT': 160, 'END_OF_DATA': 20}",100000
180,527222.6963405849,527.2226963405849,0.8055555555555556,79.395060650594,20.14207349945751,273.18543424307,627222.6963405849,129.77777777777777,"{'DROPOUT': 160, 'END_OF_DATA': 20}",100000
180,661481.9496079624,661.4819496079624,0.8333333333333334,107.99540321632541,25.27272913922082,331.3679788756872,761481.9496079624,129.77777777777777,"{'DROPOUT': 160, 'END_OF_DATA': 20}",100000
180,564238.0977239755,564.2380977239756,0.7888888888888889,101.50037008677658,19.798316890999693,271.3845100015389,664238.0977239755,129.77777777777777,"{'DROPOUT': 160, 'END_OF_DATA': 20}",100000
180,376063.974861461,376.063974861461,0.7555555555555555,86.71924084479785,11.90052326979454,329.52348670289933,476063.9748614611,129.77777777777777,"{'DROPOUT': 160, 'END_OF_DATA': 20}",100000
180,454410.01913206204,454.410019132062,0.7611111111111111,63.80126253857407,16.666662251507894,210.2499183857643,554410.0191320621,129.77777777777777,"{'DROPOUT': 160, 'END_OF_DATA': 20}",100000
180,335990.0344392523,335.99003443925227,0.8166666666666667,105.22999029191334,17.483018922728593,357.0849007338741,435990.03443925246,129.77777777777777,"{'DROPOUT': 160, 'END_OF_DATA': 20}",100000
180,661305.2579148263,661.3052579148263,0.7611111111111111,91.92973342949114,19.284157430699082,326.6908782026889,761305.2579148262,129.77777777777777,"{'DROPOUT': 160, 'END_OF_DATA': 20}",100000
180,325885.1298342217,325.8851298342217,0.7777777777777778,47.357986032322636,14.360099758891288,113.97213297106207,425885.12983422173,129.77777777777777,"{'DROPOUT': 160, 'END_OF_DATA': 20}",100000
180,710518.3420436031,710.5183420436031,0.7722222222222223,126.9453269464246,27.998953052388345,387.0982011925076,810518.342043603,129.77777777777777,"{'DROPOUT': 160, 'END_OF_DATA': 20}",100000
180,604169.3881531914,604.1693881531914,0.8166666666666667,102.87236441435628,21.01713639400302,292.2825134563061,704169.3881531915,129.77777777777777,"{'DROPOUT': 160, 'END_OF_DATA': 20}",100000
180,526362.3337413244,526.3623337413244,0.7611111111111111,80.58418860401761,16.331123396174252,266.10794828214966,626362.333741325,129.77777777777777,"{'DROPOUT': 160, 'END_OF_DATA': 20}",100000
180,391626.75282477285,391.62675282477284,0.7777777777777778,61.32104980082228,17.70479856527153,151.10036823221475,491626.7528247727,129.77777777777777,"{'DROPOUT': 160, 'END_OF_DATA': 20}",100000
180,480600.99798638094,480.6009979863809,0.7333333333333333,95.51902394419372,15.829602250101303,305.66971968133174,580600.9979863806,129.77777777777777,"{'DROPOUT': 160, 'END_OF_DATA': 20}",100000
180,302413.93655163224,302.4139365516322,0.7944444444444444,135.0497110885278,18.776493058811692,468.5482266215871,402413.9365516323,129.77777777777777,"{'DROPOUT': 160, 'END_OF_DATA': 20}",100000
180,739134.4546590371,739.134454659037,0.7944444444444444,100.782814117149,23.368778278056134,307.443925419807,839134.4546590372,129.77777777777777,"{'DROPOUT': 160, 'END_OF_DATA': 20}",100000
180,358085.8976212975,358.0858976212975,0.7166666666666667,59.15221201250901,11.911442504547136,194.83432722569597,458085.8976212975,129.77777777777777,"{'DROPOUT': 160, 'END_OF_DATA': 20}",100000
180,415660.17710232246,415.6601771023224,0.7833333333333333,59.95095372099805,18.548029464856484,201.22232159270925,515660.1771023226,129.77777777777777,"{'DROPOUT': 160, 'END_OF_DATA': 20}",100000
180,503436.4648182307,503.4364648182307,0.7666666666666667,105.19710305361954,22.926588392402852,355.9832010913664,603436.4648182307,129.77777777777777,"{'DROPOUT': 160, 'END_OF_DATA': 20}",100000
180,561920.713342011,561.920713342011,0.8166666666666667,76.88127947044832,16.013747906004134,259.94374510517395,661920.713342011,129.77777777777777,"{'DROPOUT': 160, 'END_OF_DATA': 20}",100000
180,324317.34492051066,324.31734492051066,0.7722222222222223,63.009676528414985,18.28586140406759,207.05002399661205,424317.34492051054,129.77777777777777,"{'DROPOUT': 160, 'END_OF_DATA': 20}",100000
180,426279.89793776977,426.2798979377697,0.75,56.11760451274026,16.885927135771922,213.8012856275541,526279.8979377694,129.77777777777777,"{'DROPOUT': 160, 'END_OF_DATA': 20}",100000
180,394523.8352469585,394.52383524695847,0.7555555555555555,78.21544981313248,18.72211414958597,271.02685150612825,494523.8352469585,129.77777777777777,"{'DROPOUT': 160, 'END_OF_DATA': 20}",100000
180,320119.536715763,320.119536715763,0.7611111111111111,89.50035006118264,16.965121089589804,302.6214451554716,420119.5367157627,129.77777777777777,"{'DROPOUT': 160, 'END_OF_DATA': 20}",100000
180,358112.3239161395,358.1123239161395,0.7944444444444444,70.12528528607191,17.57159737908716,224.88084619420212,458112.3239161393,129.77777777777777,"{'DROPOUT': 160, 'END_OF_DATA': 20}",100000
180,316410.61945292196,316.410619452922,0.8277777777777777,94.83980490532865,20.04415991821876,348.9302634062602,416410.61945292196,129.77777777777777,"{'DROPOUT': 160, 'END_OF_DATA': 20}",100000
180,602026.895321739,602.0268953217391,0.8277777777777777,108.39564160832852,25.45180955722214,330.03124899990917,702026.8953217391,129.77777777777777,"{'DROPOUT': 160, 'END_OF_DATA': 20}",100000
180,350983.8335242128,350.9838335242128,0.7222222222222222,94.2634893672436,18.800884959644492,331.0083454806436,450983.83352421277,129.77777777777777,"{'DROPOUT': 160, 'END_OF_DATA': 20}",100000
180,507774.3626337144,507.77436263371436,0.7555555555555555,88.4663154431722,17.45477976692355,329.75943742903036,607774.3626337143,129.77777777777777,"{'DROPOUT': 160, 'END_OF_DATA': 20}",100000
180,463102.3676687009,463.10236766870094,0.8111111111111111,121.66429866344762,23.71506836465286,365.4817858648744,563102.3676687012,129.77777777777777,"{'DROPOUT': 160, 'END_OF_DATA': 20}",100000
180,555252.2134020245,555.2522134020245,0.75,93.01825777574594,12.748226163937787,272.0986108096185,655252.2134020247,129.77777777777777,"{'DROPOUT': 160, 'END_OF_DATA': 20}",100000
180,500527.88482463,500.52788482462995,0.7277777777777777,86.64830872306518,19.08263339400255,261.0784848478748,600527.8848246301,129.77777777777777,"{'DROPOUT': 160, 'END_OF_DATA': 20}",100000
180,302508.73823252495,302.50873823252493,0.7388888888888889,78.46243779551558,15.894524081627072,278.747994671462,402508.7382325252,129.77777777777777,"{'DROPOUT': 160, 'END_OF_DATA': 20}",100000
180,578389.9684861402,578.3899684861402,0.7888888888888889,88.73668492733991,17.701147278606676,288.4074733912903,678389.9684861402,129.77777777777777,"{'DROPOUT': 160, 'END_OF_DATA': 20}",100000
180,562503.988134934,562.5039881349339,0.7722222222222223,117.3386012860022,20.75741343112427,378.63861276999756,662503.9881349339,129.77777777777777,"{'DROPOUT': 160, 'END_OF_DATA': 20}",100000
180,587489.1065923269,587.4891065923268,0.8,104.63447037463288,19.757411615396833,337.5616115664587,687489.1065923268,129.77777777777777,"{'DROPOUT': 160, 'END_OF_DATA': 20}",100000
180,515139.54518683604,515.139545186836,0.7944444444444444,133.3288530519785,27.67107031778125,388.33577486023455,615139.5451868359,129.77777777777777,"{'DROPOUT': 160, 'END_OF_DATA': 20}",100000
180,536690.9346887455,536.6909346887455,0.8166666666666667,83.47694925221239,17.76509920829703,245.31851608140664,636690.9346887456,129.77777777777777,"{'DROPOUT': 160, 'END_OF_DATA': 20}",100000
180,447566.9852766553,447.5669852766553,0.7722222222222223,126.54644602425198,16.397844600407673,426.6187023703739,547566.9852766551,129.77777777777777,"{'DROPOUT': 160, 'END_OF_DATA': 20}",100000
180,880782.217161648,880.7822171616478,0.8055555555555556,112.68610924379287,21.388510992111534,390.8772180791033,980782.217161648,129.77777777777777,"{'DROPOUT': 160, 'END_OF_DATA': 20}",100000
180,441012.0399278035,441.01203992780347,0.8388888888888889,133.8541030697604,20.759248324325785,423.061544851924,541012.0399278037,129.77777777777777,"{'DROPOUT': 160, 'END_OF_DATA': 20}",100000
180,687173.413467651,687.173413467651,0.7666666666666667,112.60277333351482,23.347404833249207,358.97931781456276,787173.4134676509,129.77777777777777,"{'DROPOUT': 160, 'END_OF_DATA': 20}",100000
180,622152.8797325799,622.1528797325799,0.7777777777777778,110.47907414942905,17.180411013953925,345.9790202847496,722152.87973258,129.77777777777777,"{'DROPOUT': 160, 'END_OF_DATA': 20}",100000
180,667400.0330376842,667.4000330376841,0.8111111111111111,134.37602185586374,25.74870341663408,386.9530899083937,767400.0330376837,129.77777777777777,"{'DROPOUT': 160, 'END_OF_DATA': 20}",100000
180,395379.79026657774,395.37979026657774,0.8,96.93704507699549,21.13939240451686,286.155932454597,495379.79026657785,129.77777777777777,"{'DROPOUT': 160, 'END_OF_DATA': 20}",100000
180,292267.0125601312,292.2670125601312,0.6944444444444444,79.27899750665901,14.387177094565242,254.9267074277192,392267.0125601314,129.77777777777777,"{'DROPOUT': 160, 'END_OF_DATA': 20}",100000
180,420008.7120854705,420.0087120854705,0.7833333333333333,106.87258048050057,17.3918670866764,378.24662279269774,520008.71208547044,129.77777777777777,"{'DROPOUT': 160, 'END_OF_DATA': 20}",100000
180,445549.83454538725,445.5498345453872,0.7388888888888889,102.15350977636675,15.146859116038833,366.07123636909176,545549.8345453871,129.77777777777777,"{'DROPOUT': 160, 'END_OF_DATA': 20}",100000
180,389568.3785987065,389.56837859870654,0.7555555555555555,63.446949823515226,15.713505496962057,188.14884171377565,489568.37859870645,129.77777777777777,"{'DROPOUT': 160, 'END_OF_DATA': 20}",100000
180,435110.34461464034,435.1103446146403,0.7222222222222222,100.20706083590362,18.673395859611922,340.63925251764726,535110.3446146403,129.77777777777777,"{'DROPOUT': 160, 'END_OF_DATA': 20}",100000
180,924968.4478159864,924.9684478159863,0.8277777777777777,152.013708176,24.337459866204107,460.85955202175535,1024968.4478159864,129.77777777777777,"{'DROPOUT': 160, 'END_OF_DATA': 20}",100000
180,611670.1990808775,611.6701990808774,0.7888888888888889,114.58508039621391,16.306603186032685,389.28036987078144,711670.1990808772,129.77777777777777,"{'DROPOUT': 160, 'END_OF_DATA': 20}",100000
180,491603.7193172783,491.60371931727826,0.8388888888888889,74.48779220009627,24.1105553956938,206.8577215737758,591603.7193172784,129.77777777777777,"{'DROPOUT': 160, 'END_OF_DATA': 20}",100000
180,403766.32689964515,403.7663268996451,0.7722222222222223,66.61383919439285,16.003184580694963,187.7011236473843,503766.3268996449,129.77777777777777,"{'DROPOUT': 160, 'END_OF_DATA': 20}",100000
180,428701.605852466,428.701605852466,0.7222222222222222,75.36753013884277,16.517967208040872,285.38120560301536,528701.6058524661,129.77777777777777,"{'DROPOUT': 160, 'END_OF_DATA': 20}",100000
180,627522.5292150278,627.5225292150278,0.7888888888888889,113.23423460789232,21.196459311720943,373.6738884030417,727522.5292150277,129.77777777777777,"{'DROPOUT': 160, 'END_OF_DATA': 20}",100000
180,453520.34890589607,453.52034890589607,0.8166666666666667,88.23578977129061,22.20620294114414,291.1233942090224,553520.3489058962,129.77777777777777,"{'DROPOUT': 160, 'END_OF_DATA': 20}",100000
180,495600.1767632003,495.6001767632003,0.7722222222222223,69.65728008944663,23.869085914740797,222.86185838977147,595600.1767632003,129.77777777777777,"{'DROPOUT': 160, 'END_OF_DATA': 20}",100000
180,649695.8901877684,649.6958901877684,0.7777777777777778,111.14293027678895,24.350547924877738,337.561423966788,749695.8901877677,129.77777777777777,"{'DROPOUT': 160, 'END_OF_DATA': 20}",100000
180,398920.6941244801,398.9206941244801,0.7833333333333333,127.94336359869118,21.968018753971087,403.4075792659206,498920.69412447995,129.77777777777777,"{'DROPOUT': 160, 'END_OF_DATA': 20}",100000
180,469309.1583848295,469.3091583848295,0.8055555555555556,77.73042665787312,18.354929504656347,279.25203018915875,569309.1583848298,129.77777777777777,"{'DROPOUT': 160, 'END_OF_DATA': 20}",100000
180,474623.8332546079,474.623833254608,0.8277777777777777,86.97637434053861,25.351527066235057,219.2818964130617,574623.8332546081,129.77777777777777,"{'DROPOUT': 160, 'END_OF_DATA': 20}",100000
180,416360.61404227593,416.3606140422759,0.75,75.0568159882199,14.634944235429543,232.23179294087404,516360.61404227576,129.77777777777777,"{'DROPOUT': 160, 'END_OF_DATA': 20}",100000
180,510276.26151030895,510.276261510309,0.7444444444444445,119.28647488535951,18.072847891053406,371.5470534370493,610276.2615103088,129.77777777777777,"{'DROPOUT': 160, 'END_OF_DATA': 20}",100000
180,548663.0446185073,548.6630446185072,0.8222222222222222,85.08320710267947,24.298042117917866,256.26204540473736,648663.0446185071,129.77777777777777,"{'DROPOUT': 160, 'END_OF_DATA': 20}",100000
180,588864.2635585156,588.8642635585156,0.7833333333333333,85.77169175905055,20.00997076166533,242.25582097275765,688864.2635585152,129.77777777777777,"{'DROPOUT': 160, 'END_OF_DATA': 20}",100000
180,523241.8613427215,523.2418613427214,0.7722222222222223,98.75746231700806,19.782610226880735,311.1145874452832,623241.8613427215,129.77777777777777,"{'DROPOUT': 160, 'END_OF_DATA': 20}",100000
180,792020.2531226615,792.0202531226615,0.7555555555555555,134.00809060626182,18.59861618537431,413.4650231472116,892020.2531226617,129.77777777777777,"{'DROPOUT': 160, 'END_OF_DATA': 20}",100000
180,328075.2069810041,328.0752069810041,0.7944444444444444,93.02133644746755,19.35322788061553,338.30888664136313,428075.2069810041,129.77777777777777,"{'DROPOUT': 160, 'END_OF_DATA': 20}",100000
180,548723.4444465196,548.7234444465196,0.7888888888888889,90.0778628859417,19.402560634233385,296.20803426856105,648723.4444465196,129.77777777777777,"{'DROPOUT': 160, 'END_OF_DATA': 20}",100000
180,392496.17786156357,392.4961778615636,0.7722222222222223,67.95275016968017,15.212213150226926,216.67853098154285,492496.17786156345,129.77777777777777,"{'DROPOUT': 160, 'END_OF_DATA': 20}",100000
180,373205.9047301564,373.2059047301564,0.8333333333333334,77.16392230194954,22.42944340175117,221.6179555920293,473205.9047301565,129.77777777777777,"{'DROPOUT': 160, 'END_OF_DATA': 20}",100000
180,794958.9278864099,794.9589278864099,0.7555555555555555,115.29999328539922,24.012220806608816,374.45539382198075,894958.9278864098,129.77777777777777,"{'DROPOUT': 160, 'END_OF_DATA': 20}",100000
180,693100.8057679057,693.1008057679056,0.8222222222222222,87.73031023941347,21.55987225773089,285.3084852815862,793100.8057679059,129.77777777777777,"{'DROPOUT': 160, 'END_OF_DATA': 20}",100000
180,492052.1335340077,492.05213353400774,0.7722222222222223,89.87904630760576,22.326715947543875,254.04337992889515,592052.1335340077,129.77777777777777,"{'DROPOUT': 160, 'END_OF_DATA': 20}",100000
180,292967.6909766969,292.96769097669693,0.85,49.26408189993524,18.877596585871473,99.08076105609999,392967.6909766971,129.77777777777777,"{'DROPOUT': 160, 'END_OF_DATA': 20}",100000
180,535121.367529989,535.121367529989,0.7222222222222222,77.12381868357063,15.629829205232262,279.47774102124436,635121.3675299893,129.77777777777777,"{'DROPOUT': 160, 'END_OF_DATA': 20}",100000
180,554450.2697405836,554.4502697405836,0.7611111111111111,113.38745274760768,22.23093338615657,316.2097981098566,654450.2697405836,129.77777777777777,"{'DROPOUT': 160, 'END_OF_DATA': 20}",100000
180,397884.4364955501,397.8844364955501,0.7722222222222223,107.51135780572315,19.18107252011236,344.3148138797596,497884.4364955501,129.77777777777777,"{'DROPOUT': 160, 'END_OF_DATA': 20}",100000
180,562592.2604169439,562.5922604169439,0.7722222222222223,101.1703678611135,17.168384801854103,341.7398759198279,662592.2604169442,129.77777777777777,"{'DROPOUT': 160, 'END_OF_DATA': 20}",100000
180,751444.5944930251,751.4445944930251,0.7888888888888889,126.78930784559702,22.705248075328015,371.0806350755446,851444.5944930253,129.77777777777777,"{'DROPOUT': 160, 'END_OF_DATA': 20}",100000
180,249230.0736582788,249.2300736582788,0.7722222222222223,71.62210879961599,20.03382049569776,281.7762246321086,349230.0736582786,129.77777777777777,"{'DROPOUT': 160, 'END_OF_DATA': 20}",100000
180,461959.8647246894,461.9598647246894,0.8055555555555556,104.43106032728242,18.666498300126243,318.05756560877194,561959.8647246893,129.77777777777777,"{'DROPOUT': 160, 'END_OF_DATA': 20}",100000
180,450748.7587007229,450.7487587007229,0.7777777777777778,88.61401463837832,15.893933676346487,242.19510571555261,550748.7587007232,129.77777777777777,"{'DROPOUT': 160, 'END_OF_DATA': 20}",100000
180,908721.3936333009,908.721393633301,0.7666666666666667,113.74458679335774,20.523990638216546,400.9120384445304,1008721.3936333011,129.77777777777777,"{'DROPOUT': 160, 'END_OF_DATA': 20}",100000
180,460784.0957833759,460.78409578337596,0.8,96.88775110610885,22.406479512066397,329.20901017221286,560784.0957833759,129.77777777777777,"{'DROPOUT': 160, 'END_OF_DATA': 20}",100000
180,310647.7833510748,310.6477833510748,0.8,81.91836905657314,24.136603771819722,227.825895969731,410647.78335107455,129.77777777777777,"{'DROPOUT': 160, 'END_OF_DATA': 20}",100000
180,575275.4862302237,575.2754862302237,0.8,75.49371848574212,23.738862209217743,278.69519106615985,675275.4862302236,129.77777777777777,"{'DROPOUT': 160, 'END_OF_DATA': 20}",100000
180,564854.6367331331,564.8546367331331,0.7944444444444444,114.71686783810655,21.886099608900544,353.91321477592714,664854.6367331333,129.77777777777777,"{'DROPOUT': 160, 'END_OF_DATA': 20}",100000
180,704714.1287363429,704.7141287363429,0.7055555555555556,143.86219455167682,13.816742920243774,486.50160734461844,804714.1287363428,129.77777777777777,"{'DROPOUT': 160, 'END_OF_DATA': 20}",100000
180,732553.383360566,732.553383360566,0.8055555555555556,90.5288077522024,16.37047758056957,308.4472099559976,832553.3833605656,129.77777777777777,"{'DROPOUT': 160, 'END_OF_DATA': 20}",100000
180,380128.2341073493,380.12823410734933,0.7277777777777777,82.47124484389872,16.048523263203066,298.206868389314,480128.23410734907,129.77777777777777,"{'DROPOUT': 160, 'END_OF_DATA': 20}",100000
180,718077.5056578338,718.0775056578337,0.8222222222222222,106.4223225580711,22.795089386560417,371.03597431973594,818077.5056578337,129.77777777777777,"{'DROPOUT': 160, 'END_OF_DATA': 20}",100000
180,326798.145425386,326.798145425386,0.7777777777777778,98.29740363430754,20.558991886471873,307.12693333271596,426798.1454253864,129.77777777777777,"{'DROPOUT': 160, 'END_OF_DATA': 20}",100000
180,415272.0666053896,415.2720666053896,0.7833333333333333,82.73450180832194,20.937426127909838,319.62512251820306,515272.0666053896,129.77777777777777,"{'DROPOUT': 160, 'END_OF_DATA': 20}",100000
180,546605.8482549917,546.6058482549917,0.8388888888888889,78.2450408806407,25.688876788103826,213.88557717789024,646605.8482549916,129.77777777777777,"{'DROPOUT': 160, 'END_OF_DATA': 20}",100000
180,378436.64911138755,378.43664911138757,0.7888888888888889,75.92622158900299,17.702240338275942,275.79404937432236,478436.6491113875,129.77777777777777,"{'DROPOUT': 160, 'END_OF_DATA': 20}",100000
180,385848.47017920413,385.8484701792041,0.7777777777777778,66.35346305696945,17.272894408332228,236.93397395144294,485848.47017920396,129.77777777777777,"{'DROPOUT': 160, 'END_OF_DATA': 20}",100000
180,458919.52106471563,458.9195210647157,0.7444444444444445,86.84103756936422,17.39793324102252,335.9837757234939,558919.5210647156,129.77777777777777,"{'DROPOUT': 160, 'END_OF_DATA': 20}",100000
180,438922.9379809905,438.92293798099047,0.8166666666666667,90.99627682236036,21.353709575233548,270.6930579302692,538922.9379809904,129.77777777777777,"{'DROPOUT': 160, 'END_OF_DATA': 20}",100000
180,497216.25125370047,497.2162512537005,0.8222222222222222,71.20739312772375,17.562206334698644,243.72605324495004,597216.2512537001,129.77777777777777,"{'DROPOUT': 160, 'END_OF_DATA': 20}",100000
180,298861.4581062021,298.86145810620206,0.8,52.130725084696486,18.01031885814907,123.8568935900741,398861.4581062023,129.77777777777777,"{'DROPOUT': 160, 'END_OF_DATA': 20}",100000
180,557311.8929528818,557.3118929528817,0.7944444444444444,133.36562927616254,17.816131646134682,434.87256239345265,657311.8929528819,129.77777777777777,"{'DROPOUT': 160, 'END_OF_DATA': 20}",100000
180,456762.1986066303,456.7621986066303,0.7888888888888889,83.16334406701169,23.28264827076518,280.0325489216319,556762.1986066303,129.77777777777777,"{'DROPOUT': 160, 'END_OF_DATA': 20}",100000
180,296001.4052327818,296.0014052327818,0.7888888888888889,53.61890514969573,15.823635386751938,133.14772542841135,396001.4052327819,129.77777777777777,"{'DROPOUT': 160, 'END_OF_DATA': 20}",100000
180,503552.0267820334,503.5520267820334,0.7666666666666667,78.62298717658413,17.703838944457836,230.1903963639711,603552.0267820336,129.77777777777777,"{'DROPOUT': 160, 'END_OF_DATA': 20}",100000
180,446270.5605541229,446.27056055412294,0.7222222222222222,86.17837824445452,13.522618644056983,324.9860346788951,546270.560554123,129.77777777777777,"{'DROPOUT': 160, 'END_OF_DATA': 20}",100000
180,626122.0204641225,626.1220204641226,0.8166666666666667,125.94687795525829,20.343066242549348,379.92613228052005,726122.0204641222,129.77777777777777,"{'DROPOUT': 160, 'END_OF_DATA': 20}",100000
180,451735.386796864,451.735386796864,0.7833333333333333,94.62270968391968,21.595482141428082,310.574255374997,551735.3867968642,129.77777777777777,"{'DROPOUT': 160, 'END_OF_DATA': 20}",100000
180,466101.4109875487,466.1014109875487,0.7555555555555555,99.28494816594815,10.561708134926633,379.26105612013987,566101.410987549,129.77777777777777,"{'DROPOUT': 160, 'END_OF_DATA': 20}",100000
180,431422.8192383537,431.42281923835367,0.7722222222222223,80.84387895399594,18.362387154973916,234.30553385425185,531422.8192383536,129.77777777777777,"{'DROPOUT': 160, 'END_OF_DATA': 20}",100000
180,406523.7355840199,406.5237355840199,0.7666666666666667,73.94152719024964,19.367365499795554,171.58899067618674,506523.7355840199,129.77777777777777,"{'DROPOUT': 160, 'END_OF_DATA': 20}",100000
180,420016.0563277572,420.01605632775716,0.8111111111111111,94.67460599870122,20.029406372362153,336.0825415070271,520016.0563277571,129.77777777777777,"{'DROPOUT': 160, 'END_OF_DATA': 20}",100000
180,593198.8707608856,593.1988707608856,0.8222222222222222,97.535068944089,21.629206567071932,312.3702948509744,693198.8707608856,129.77777777777777,"{'DROPOUT': 160, 'END_OF_DATA': 20}",100000
180,426494.42921315355,426.4944292131536,0.7777777777777778,60.07043924243367,21.986175109195596,149.061858566644,526494.4292131532,129.77777777777777,"{'DROPOUT': 160, 'END_OF_DATA': 20}",100000
180,389949.0716601414,389.9490716601414,0.7388888888888889,72.76702577068691,12.971799778487025,255.76423768791662,489949.07166014134,129.77777777777777,"{'DROPOUT': 160, 'END_OF_DATA': 20}",100000
180,441667.9259469325,441.66792594693254,0.8166666666666667,60.98093446295681,18.193069759885475,209.6839822682102,541667.9259469326,129.77777777777777,"{'DROPOUT': 160, 'END_OF_DATA': 20}",100000
180,445335.89794766624,445.33589794766624,0.7777777777777778,72.18434679318197,20.353261723778026,242.77226923244794,545335.8979476662,129.77777777777777,"{'DROPOUT': 160, 'END_OF_DATA': 20}",100000
180,449645.7735309546,449.6457735309546,0.8166666666666667,76.80529944236886,21.48746690454596,258.00993973073116,549645.7735309547,129.77777777777777,"{'DROPOUT': 160, 'END_OF_DATA': 20}",100000
180,350808.4148378272,350.80841483782723,0.7777777777777778,68.27865224439653,21.274192579905154,253.07074360095692,450808.41483782727,129.77777777777777,"{'DROPOUT': 160, 'END_OF_DATA': 20}",100000
180,589218.5074737304,589.2185074737304,0.75,116.9688194863918,20.579048580980547,381.237548576281,689218.5074737306,129.77777777777777,"{'DROPOUT': 160, 'END_OF_DATA': 20}",100000
180,422848.40591094294,422.8484059109429,0.7611111111111111,67.01935312882213,15.212720171328591,190.90239026512998,522848.40591094294,129.77777777777777,"{'DROPOUT': 160, 'END_OF_DATA': 20}",100000
180,590212.163890675,590.2121638906749,0.7944444444444444,115.64417936382358,20.463305883081503,357.80602463789995,690212.163890675,129.77777777777777,"{'DROPOUT': 160, 'END_OF_DATA': 20}",100000
180,405408.4382002304,405.4084382002304,0.7444444444444445,81.51431555959685,18.405736214182745,257.85176964814525,505408.43820023054,129.77777777777777,"{'DROPOUT': 160, 'END_OF_DATA': 20}",100000
180,440930.3165122414,440.9303165122414,0.8055555555555556,82.06203763325466,24.194630124524004,249.6951206344973,540930.3165122411,129.77777777777777,"{'DROPOUT': 160, 'END_OF_DATA': 20}",100000
180,451173.7750163594,451.17377501635946,0.8111111111111111,97.70062940991197,21.002393068312323,304.4666042171215,551173.7750163598,129.77777777777777,"{'DROPOUT': 160, 'END_OF_DATA': 20}",100000
180,411825.72782632837,411.8257278263283,0.8,99.30613951892673,21.045892982626114,318.46805927030823,511825.7278263283,129.77777777777777,"{'DROPOUT': 160, 'END_OF_DATA': 20}",100000
180,358870.1763273139,358.87017632731386,0.7444444444444445,83.72994982518576,15.805052872922165,288.34890067731413,458870.17632731417,129.77777777777777,"{'DROPOUT': 160, 'END_OF_DATA': 20}",100000
180,655286.0088142825,655.2860088142825,0.7666666666666667,125.58746912048368,21.68148936834444,365.00106697328624,755286.0088142825,129.77777777777777,"{'DROPOUT': 160, 'END_OF_DATA': 20}",100000
180,432876.95508890273,432.8769550889027,0.7666666666666667,108.70738736610492,21.953099661845762,329.1297844088422,532876.9550889031,129.77777777777777,"{'DROPOUT': 160, 'END_OF_DATA': 20}",100000
180,397726.10260073014,397.72610260073014,0.7333333333333333,79.80194894332793,14.690421984407372,247.54050904958765,497726.1026007304,129.77777777777777,"{'DROPOUT': 160, 'END_OF_DATA': 20}",100000
180,269456.97238765843,269.4569723876584,0.8166666666666667,105.96371861415913,23.68096639090234,347.0605764522287,369456.97238765843,129.77777777777777,"{'DROPOUT': 160, 'END_OF_DATA': 20}",100000
180,641860.1196821996,641.8601196821996,0.7722222222222223,127.86734866484795,17.105454614140022,460.0261445143141,741860.1196821996,129.77777777777777,"{'DROPOUT': 160, 'END_OF_DATA': 20}",100000
180,725819.2567962316,725.8192567962317,0.7888888888888889,100.1572468894167,16.235755564766848,342.00292300750607,825819.2567962315,129.77777777777777,"{'DROPOUT': 160, 'END_OF_DATA': 20}",100000
180,353928.28050487547,353.9282805048755,0.7833333333333333,105.59387789249146,22.559308945822785,337.4630554707156,453928.2805048755,129.77777777777777,"{'DROPOUT': 160, 'END_OF_DATA': 20}",100000
180,327079.60400280735,327.07960400280734,0.7833333333333333,121.4665010795241,19.364249174151333,406.6684746929497,427079.60400280735,129.77777777777777,"{'DROPOUT': 160, 'END_OF_DATA': 20}",100000
180,377169.42025322537,377.1694202532254,0.7722222222222223,70.89387716869533,17.39631886125501,226.2079692001772,477169.4202532254,129.77777777777777,"{'DROPOUT': 160, 'END_OF_DATA': 20}",100000
180,524332.5090951369,524.3325090951369,0.7555555555555555,94.49516830446822,14.418265782759313,315.561229866631,624332.5090951371,129.77777777777777,"{'DROPOUT': 160, 'END_OF_DATA': 20}",100000
180,357085.18528086576,357.08518528086574,0.7722222222222223,84.50914598070707,15.902354104295318,241.84906633161992,457085.1852808657,129.77777777777777,"{'DROPOUT': 160, 'END_OF_DATA': 20}",100000
180,551652.1377283429,551.652137728343,0.8,98.03430520038006,18.524005129699752,312.3780945089146,651652.1377283426,129.77777777777777,"{'DROPOUT': 160, 'END_OF_DATA': 20}",100000
180,534511.235547029,534.511235547029,0.7333333333333333,116.23239836653191,14.296362165215605,398.600915295189,634511.2355470288,129.77777777777777,"{'DROPOUT': 160, 'END_OF_DATA': 20}",100000
180,798045.9911853664,798.0459911853665,0.8055555555555556,180.1055119376947,23.712164260245657,515.8448147125323,898045.9911853664,129.77777777777777,"{'DROPOUT': 160, 'END_OF_DATA': 20}",100000
180,520150.05565036903,520.150055650369,0.7777777777777778,103.07791827638313,20.770797000476392,356.4588331983834,620150.0556503693,129.77777777777777,"{'DROPOUT': 160, 'END_OF_DATA': 20}",100000
180,465963.03454188793,465.9630345418879,0.7777777777777778,84.03722438806298,17.99999737739562,322.7399448702429,565963.0345418875,129.77777777777777,"{'DROPOUT': 160, 'END_OF_DATA': 20}",100000
180,759293.4041870541,759.2934041870541,0.7722222222222223,151.5725253705611,20.78087618306904,453.5734031850946,859293.4041870543,129.77777777777777,"{'DROPOUT': 160, 'END_OF_DATA': 20}",100000
180,394863.74284389365,394.86374284389365,0.8333333333333334,71.33124774331867,15.300104948381088,254.9639274349704,494863.74284389324,129.77777777777777,"{'DROPOUT': 160, 'END_OF_DATA': 20}",100000
180,592326.0661005056,592.3260661005057,0.75,119.45367234341671,16.744548618628862,392.41448753203315,692326.0661005053,129.77777777777777,"{'DROPOUT': 160, 'END_OF_DATA': 20}",100000
180,451274.6144662089,451.27461446620896,0.8111111111111111,76.66976293298762,18.63256219464791,179.79815996949742,551274.6144662086,129.77777777777777,"{'DROPOUT': 160, 'END_OF_DATA': 20}",100000
180,563712.6040486108,563.7126040486108,0.7888888888888889,86.54647542473268,24.720487074428988,232.24867458487267,663712.6040486109,129.77777777777777,"{'DROPOUT': 160, 'END_OF_DATA': 20}",100000
180,255758.94866430428,255.75894866430428,0.7555555555555555,72.4193104684155,18.468686184233427,274.91957967178,355758.9486643041,129.77777777777777,"{'DROPOUT': 160, 'END_OF_DATA': 20}",100000
180,836674.4171452966,836.6744171452966,0.8,111.18572204838337,22.07564967551902,336.99872916940103,936674.4171452968,129.77777777777777,"{'DROPOUT': 160, 'END_OF_DATA': 20}",100000
180,891516.1930751887,891.5161930751888,0.8166666666666667,124.9109825528962,19.261638650955582,405.80156289296997,991516.1930751887,129.77777777777777,"{'DROPOUT': 160, 'END_OF_DATA': 20}",100000
180,316421.06945238507,316.42106945238504,0.8222222222222222,64.1038712651291,18.26197933868732,186.36380930642255,416421.0694523851,129.77777777777777,"{'DROPOUT': 160, 'END_OF_DATA': 20}",100000
180,463159.56219613436,463.15956219613435,0.7555555555555555,87.10593692431539,16.389889726301895,312.05930753966175,563159.5621961344,129.77777777777777,"{'DROPOUT': 160, 'END_OF_DATA': 20}",100000
180,565966.1482994923,565.9661482994923,0.7277777777777777,89.57305298066508,15.029850254543547,315.49499136233237,665966.1482994927,129.77777777777777,"{'DROPOUT': 160, 'END_OF_DATA': 20}",100000
180,340542.67011715577,340.54267011715575,0.8277777777777777,64.05004862331373,16.173124831451368,235.3928507910952,440542.67011715553,129.77777777777777,"{'DROPOUT': 160, 'END_OF_DATA': 20}",100000
180,390642.7219029327,390.6427219029327,0.8,137.18879109248286,18.55150290282502,446.8934667262777,490642.7219029329,129.77777777777777,"{'DROPOUT': 160, 'END_OF_DATA': 20}",100000
180,271792.0834476055,271.7920834476055,0.7777777777777778,56.743427450168696,16.69945377001512,200.53515726141393,371792.08344760584,129.77777777777777,"{'DROPOUT': 160, 'END_OF_DATA': 20}",100000
180,641451.9030089723,641.4519030089723,0.7888888888888889,110.28012607581958,18.377644837150225,339.46735730811304,741451.9030089723,129.77777777777777,"{'DROPOUT': 160, 'END_OF_DATA': 20}",100000
180,495810.66553565767,495.8106655356577,0.7611111111111111,92.13344660278753,16.216985682117624,333.44612734822476,595810.6655356577,129.77777777777777,"{'DROPOUT': 160, 'END_OF_DATA': 20}",100000
180,359168.6532935824,359.16865329358234,0.7833333333333333,129.32463865144592,19.734512266066027,420.53288153877594,459168.65329358226,129.77777777777777,"{'DROPOUT': 160, 'END_OF_DATA': 20}",100000
180,365947.62723274005,365.94762723274005,0.8,72.15395182048192,19.56811688172758,245.83804595160035,465947.62723274017,129.77777777777777,"{'DROPOUT': 160, 'END_OF_DATA': 20}",100000
180,551672.6229542485,551.6726229542485,0.7555555555555555,102.66208598300162,12.937560115067232,356.17915049763485,651672.6229542483,129.77777777777777,"{'DROPOUT': 160, 'END_OF_DATA': 20}",100000
180,356187.00845714763,356.1870084571476,0.7722222222222223,97.71494102035084,20.494818322473996,328.34718045822,456187.0084571478,129.77777777777777,"{'DROPOUT': 160, 'END_OF_DATA': 20}",100000
180,321454.51029285754,321.45451029285755,0.7277777777777777,76.80546319322298,17.41174701375494,254.41655588774458,421454.5102928575,129.77777777777777,"{'DROPOUT': 160, 'END_OF_DATA': 20}",100000
180,339387.92111244216,339.38792111244214,0.8055555555555556,68.2659312931066,16.863479786978942,179.2434007784896,439387.9211124421,129.77777777777777,"{'DROPOUT': 160, 'END_OF_DATA': 20}",100000
180,425815.90302317403,425.8159030231741,0.8222222222222222,68.01668783870088,19.078360754643384,276.4294166331347,525815.9030231739,129.77777777777777,"{'DROPOUT': 160, 'END_OF_DATA': 20}",100000
180,642558.6372138303,642.5586372138303,0.7833333333333333,113.76312084573328,19.00741482497989,353.4867199159638,742558.6372138304,129.77777777777777,"{'DROPOUT': 160, 'END_OF_DATA': 20}",100000
180,564826.9396504897,564.8269396504897,0.8444444444444444,90.55078413792907,25.088082480001223,256.60263553007985,664826.9396504897,129.77777777777777,"{'DROPOUT': 160, 'END_OF_DATA': 20}",100000
180,494713.5532039076,494.7135532039076,0.7722222222222223,72.20529465688321,15.887131819350028,230.19176982604176,594713.5532039076,129.77777777777777,"{'DROPOUT': 160, 'END_OF_DATA': 20}",100000
180,275554.97748951556,275.5549774895155,0.7555555555555555,56.94845184241074,16.18441314474096,188.22762728592303,375554.9774895155,129.77777777777777,"{'DROPOUT': 160, 'END_OF_DATA': 20}",100000
180,400961.1908978469,400.9611908978469,0.8,71.41959926920026,14.414814976524589,215.25955567669743,500961.19089784677,129.77777777777777,"{'DROPOUT': 160, 'END_OF_DATA': 20}",100000
180,578812.6837876597,578.8126837876598,0.8444444444444444,120.97262006087877,18.97146279268818,377.7463771327074,678812.6837876597,129.77777777777777,"{'DROPOUT': 160, 'END_OF_DATA': 20}",100000
180,544715.0434671137,544.7150434671138,0.7777777777777778,108.32845493843625,17.479168952263997,347.22283303987314,644715.0434671134,129.77777777777777,"{'DROPOUT': 160, 'END_OF_DATA': 20}",100000
180,319077.8468144062,319.0778468144062,0.7722222222222223,66.29313198323412,14.664686426180399,162.68369038054254,419077.84681440634,129.77777777777777,"{'DROPOUT': 160, 'END_OF_DATA': 20}",100000
180,401506.56472148566,401.5065647214857,0.7166666666666667,81.44280278212533,17.082626568332998,299.55560534482044,501506.56472148554,129.77777777777777,"{'DROPOUT': 160, 'END_OF_DATA': 20}",100000
180,420386.1930934754,420.3861930934754,0.8,83.4299427349566,22.632292771140694,234.83321638027022,520386.1930934755,129.77777777777777,"{'DROPOUT': 160, 'END_OF_DATA': 20}",100000
180,431664.7263236188,431.6647263236188,0.7666666666666667,67.21014796200264,17.248569229949098,189.86541080700354,531664.7263236188,129.77777777777777,"{'DROPOUT': 160, 'END_OF_DATA': 20}",100000
180,406433.5759729733,406.4335759729733,0.7722222222222223,70.06191412523991,20.09615605046772,222.8997240565762,506433.57597297325,129.77777777777777,"{'DROPOUT': 160, 'END_OF_DATA': 20}",100000
180,494562.7023535004,494.5627023535004,0.7722222222222223,79.05870949694699,13.89199985547151,288.72475640159166,594562.7023535002,129.77777777777777,"{'DROPOUT': 160, 'END_OF_DATA': 20}",100000
180,668206.4989449473,668.2064989449473,0.8166666666666667,95.73014575371441,15.925663733083649,304.6560221329278,768206.4989449469,129.77777777777777,"{'DROPOUT': 160, 'END_OF_DATA': 20}",100000
180,596943.7713794378,596.9437713794377,0.8,107.86751798326412,21.438329443140262,358.1335653925642,696943.7713794376,129.77777777777777,"{'DROPOUT': 160, 'END_OF_DATA': 20}",100000
180,315860.4237084808,315.86042370848077,0.7944444444444444,50.490516876719944,17.656676640889685,101.06720798863523,415860.423708481,129.77777777777777,"{'DROPOUT': 160, 'END_OF_DATA': 20}",100000
180,464320.0349560755,464.32003495607546,0.7722222222222223,82.50089717485457,19.63412405537511,259.2371226737265,564320.0349560753,129.77777777777777,"{'DROPOUT': 160, 'END_OF_DATA': 20}",100000
180,321093.8963472958,321.0938963472958,0.8,78.31179240289687,19.907304168515566,209.74923099882525,421093.8963472957,129.77777777777777,"{'DROPOUT': 160, 'END_OF_DATA': 20}",100000
180,684041.1105243196,684.0411105243196,0.7777777777777778,104.65294839940444,22.63426609405389,347.4728238526131,784041.1105243202,129.77777777777777,"{'DROPOUT': 160, 'END_OF_DATA': 20}",100000
180,350950.1402465597,350.9501402465597,0.7777777777777778,83.35437978557772,23.193205439673505,239.04568170535433,450950.14024655975,129.77777777777777,"{'DROPOUT': 160, 'END_OF_DATA': 20}",100000
180,616548.4185400584,616.5484185400584,0.75,92.16810853762296,20.09155923168352,305.3725080944631,716548.4185400585,129.77777777777777,"{'DROPOUT': 160, 'END_OF_DATA': 20}",100000
180,361908.8833947747,361.9088833947747,0.7388888888888889,56.24241798851177,17.217525148742993,210.71591100979904,461908.8833947747,129.77777777777777,"{'DROPOUT': 160, 'END_OF_DATA': 20}",100000
180,422364.6721557874,422.36467215578745,0.8,93.2020550116052,17.263782365268952,371.43608915334465,522364.67215578735,129.77777777777777,"{'DROPOUT': 160, 'END_OF_DATA': 20}",100000
180,1045674.1317155098,1045.6741317155097,0.7555555555555555,148.66093420523896,18.633571382079502,465.8034470853773,1145674.1317155103,129.77777777777777,"{'DROPOUT': 160, 'END_OF_DATA': 20}",100000
180,416907.88946549036,416.90788946549037,0.7277777777777777,78.9628937148737,13.699525779801059,283.50149415014147,516907.88946549065,129.77777777777777,"{'DROPOUT': 160, 'END_OF_DATA': 20}",100000
180,348406.73456200503,348.40673456200506,0.7388888888888889,62.14232442117671,16.336559771562875,216.47701682529706,448406.7345620053,129.77777777777777,"{'DROPOUT': 160, 'END_OF_DATA': 20}",100000
180,383146.3418599994,383.1463418599994,0.7722222222222223,84.90029095763497,13.768651350852071,280.0984003786903,483146.34185999964,129.77777777777777,"{'DROPOUT': 160, 'END_OF_DATA': 20}",100000
180,520731.4802797349,520.7314802797349,0.8333333333333334,101.30625307049507,20.802668307850155,289.09061134145054,620731.4802797348,129.77777777777777,"{'DROPOUT': 160, 'END_OF_DATA': 20}",100000
180,401086.7204217351,401.0867204217351,0.7555555555555555,87.27411957408013,17.41637566163663,328.6100079703607,501086.72042173514,129.77777777777777,"{'DROPOUT': 160, 'END_OF_DATA': 20}",100000
180,546653.5431529172,546.6535431529172,0.8,110.35860129670695,25.052303764656102,334.16721067366507,646653.543152917,129.77777777777777,"{'DROPOUT': 160, 'END_OF_DATA': 20}",100000
180,617976.5476050389,617.9765476050388,0.7833333333333333,127.7516949797001,20.01140395501568,353.5776034807338,717976.5476050387,129.77777777777777,"{'DROPOUT': 160, 'END_OF_DATA': 20}",100000
180,336593.93584027217,336.5939358402722,0.7277777777777777,107.54799835824342,20.73646340056147,345.65928768196267,436593.9358402718,129.77777777777777,"{'DROPOUT': 160, 'END_OF_DATA': 20}",100000
180,496981.78448041365,496.9817844804137,0.7666666666666667,109.62822844741142,18.229831093968862,350.92028099576027,596981.7844804137,129.77777777777777,"{'DROPOUT': 160, 'END_OF_DATA': 20}",100000
180,588394.9957299153,588.3949957299153,0.8055555555555556,91.48400602076221,19.622177343675816,307.39770040797305,688394.9957299157,129.77777777777777,"{'DROPOUT': 160, 'END_OF_DATA': 20}",100000
180,464364.0972734187,464.3640972734187,0.7833333333333333,77.64029213697606,20.631123916853014,233.43026665290995,564364.0972734188,129.77777777777777,"{'DROPOUT': 160, 'END_OF_DATA': 20}",100000
180,304481.1947300564,304.4811947300564,0.75,80.30478189899576,15.598182177476883,266.1694873706822,404481.1947300567,129.77777777777777,"{'DROPOUT': 160, 'END_OF_DATA': 20}",100000
180,606434.3119668234,606.4343119668234,0.8,96.93829239374774,18.268274733346686,357.11958624903446,706434.311966823,129.77777777777777,"{'DROPOUT': 160, 'END_OF_DATA': 20}",100000
180,310853.15617075673,310.85315617075673,0.8055555555555556,69.05189581231416,17.92517769638652,241.46224974291746,410853.1561707565,129.77777777777777,"{'DROPOUT': 160, 'END_OF_DATA': 20}",100000
180,424349.66546094953,424.3496654609495,0.7944444444444444,107.97241764900447,24.834333034022983,310.0291635634385,524349.6654609495,129.77777777777777,"{'DROPOUT': 160, 'END_OF_DATA': 20}",100000
180,450714.3725400762,450.71437254007617,0.7666666666666667,101.62279084800983,20.521034897861767,319.8289787695114,550714.3725400761,129.77777777777777,"{'DROPOUT': 160, 'END_OF_DATA': 20}",100000
180,443473.4576861665,443.4734576861665,0.7611111111111111,88.0842564169768,16.20844909562509,302.2314428601669,543473.4576861665,129.77777777777777,"{'DROPOUT': 160, 'END_OF_DATA': 20}",100000
180,569024.4000110351,569.0244000110351,0.8111111111111111,112.1384328293365,20.238217448802324,345.0452033899952,669024.4000110348,129.77777777777777,"{'DROPOUT': 160, 'END_OF_DATA': 20}",100000
180,581806.815543669,581.806815543669,0.7444444444444445,89.85571071801382,10.850148190647982,325.96621353320023,681806.815543669,129.77777777777777,"{'DROPOUT': 160, 'END_OF_DATA': 20}",100000
180,474136.65828320844,474.1366582832084,0.7833333333333333,84.94524759055481,23.567007968288546,290.81753693701313,574136.6582832084,129.77777777777777,"{'DROPOUT': 160, 'END_OF_DATA': 20}",100000
180,622100.9615653409,622.1009615653409,0.7555555555555555,115.4791913644342,15.965365130989591,381.35636121511317,722100.9615653409,129.77777777777777,"{'DROPOUT': 160, 'END_OF_DATA': 20}",100000
180,529416.0052868098,529.4160052868098,0.7944444444444444,108.36669697472864,22.479642380931885,359.1560009270668,629416.0052868094,129.77777777777777,"{'DROPOUT': 160, 'END_OF_DATA': 20}",100000
180,597676.8820048233,597.6768820048233,0.8,97.3307113106331,15.538735681294597,338.0257485425908,697676.8820048231,129.77777777777777,"{'DROPOUT': 160, 'END_OF_DATA': 20}",100000
180,643937.6155313329,643.9376155313329,0.8055555555555556,119.11595585995944,19.590100326713483,365.07517465751977,743937.6155313329,129.77777777777777,"{'DROPOUT': 160, 'END_OF_DATA': 20}",100000
180,385847.9878985521,385.8479878985521,0.8111111111111111,71.44095342637598,15.857428654199913,196.15536561629716,485847.98789855227,129.77777777777777,"{'DROPOUT': 160, 'END_OF_DATA': 20}",100000
180,352759.015048243,352.759015048243,0.7722222222222223,56.05020825401335,18.316064285789366,96.30947140253508,452759.015048243,129.77777777777777,"{'DROPOUT': 160, 'END_OF_DATA': 20}",100000
180,379097.4663897932,379.0974663897932,0.8666666666666667,83.82648827139928,19.207872473262423,302.34113138066675,479097.4663897934,129.77777777777777,"{'DROPOUT': 160, 'END_OF_DATA': 20}",100000
180,626624.6941158616,626.6246941158615,0.7444444444444445,96.38035410109984,19.603960171922168,333.16370646276056,726624.6941158612,129.77777777777777,"{'DROPOUT': 160, 'END_OF_DATA': 20}",100000
180,482806.41448710044,482.8064144871004,0.8,85.00509478521278,18.25971339757549,287.70629494571085,582806.4144871004,129.77777777777777,"{'DROPOUT': 160, 'END_OF_DATA': 20}",100000
180,205548.92248453782,205.5489224845378,0.6944444444444444,88.8016851754593,13.782349535489473,337.7884584782074,305548.922484538,129.77777777777777,"{'DROPOUT': 160, 'END_OF_DATA': 20}",100000
180,407097.73604487965,407.09773604487964,0.7944444444444444,109.26712376654515,24.51547992564184,330.34558857714705,507097.73604487965,129.77777777777777,"{'DROPOUT': 160, 'END_OF_DATA': 20}",100000
180,532543.084247636,532.5430842476361,0.8222222222222222,137.66669237772908,24.7269247600005,448.8656592528362,632543.0842476359,129.77777777777777,"{'DROPOUT': 160, 'END_OF_DATA': 20}",100000
180,402267.6508048712,402.2676508048712,0.7944444444444444,77.86126133654504,19.42244947893759,189.18432817669924,502267.65080487117,129.77777777777777,"{'DROPOUT': 160, 'END_OF_DATA': 20}",100000
180,398342.1296953723,398.3421296953723,0.7888888888888889,84.59144068848504,19.938332207981624,309.30729592984596,498342.1296953723,129.77777777777777,"{'DROPOUT': 160, 'END_OF_DATA': 20}",100000
180,247537.78686015808,247.5377868601581,0.7611111111111111,68.61539780563952,13.569473709395297,231.89338527639754,347537.786860158,129.77777777777777,"{'DROPOUT': 160, 'END_OF_DATA': 20}",100000
180,292759.8289574655,292.75982895746546,0.7388888888888889,69.8734503171747,19.093786602401586,268.2515107011477,392759.8289574655,129.77777777777777,"{'DROPOUT': 160, 'END_OF_DATA': 20}",100000
180,439883.1118121552,439.8831118121552,0.7555555555555555,77.62411497445267,11.063491712853248,258.6221894731295,539883.1118121553,129.77777777777777,"{'DROPOUT': 160, 'END_OF_DATA': 20}",100000
180,388891.0761954845,388.8910761954845,0.75,113.97484854585458,14.851381247549384,385.55315622245735,488891.0761954844,129.77777777777777,"{'DROPOUT': 160, 'END_OF_DATA': 20}",100000
180,282887.91071418254,282.8879107141825,0.7944444444444444,130.92275406909084,22.83824910760477,444.9863508217932,382887.9107141825,129.77777777777777,"{'DROPOUT': 160, 'END_OF_DATA': 20}",100000
180,602148.0193566296,602.1480193566296,0.7555555555555555,99.09520477612556,13.503370782322529,380.286005002675,702148.0193566293,129.77777777777777,"{'DROPOUT': 160, 'END_OF_DATA': 20}",100000
180,729197.4377985375,729.1974377985375,0.8166666666666667,137.92526493305138,22.691170851714382,425.82793798272456,829197.4377985374,129.77777777777777,"{'DROPOUT': 160, 'END_OF_DATA': 20}",100000
180,730578.0203006477,730.5780203006477,0.7444444444444445,108.03902670786402,20.372900854622053,369.4048970222938,830578.0203006476,129.77777777777777,"{'DROPOUT': 160, 'END_OF_DATA': 20}",100000
180,360253.4491022999,360.25344910229995,0.8111111111111111,99.30851842592872,22.16381586721305,316.35859713313346,460253.44910229987,129.77777777777777,"{'DROPOUT': 160, 'END_OF_DATA': 20}",100000
180,463834.16835803434,463.8341683580343,0.8388888888888889,72.19342769518924,19.37891167558103,152.74578886328723,563834.1683580342,129.77777777777777,"{'DROPOUT': 160, 'END_OF_DATA': 20}",100000
180,597985.1728230903,597.9851728230904,0.7444444444444445,105.14080934846751,19.29124127478373,337.53464648716084,697985.1728230901,129.77777777777777,"{'DROPOUT': 160, 'END_OF_DATA': 20}",100000
180,567723.2912658912,567.7232912658912,0.7888888888888889,105.68806466281848,22.099167012791227,341.9031061351048,667723.2912658912,129.77777777777777,"{'DROPOUT': 160, 'END_OF_DATA': 20}",100000
180,345444.0376156359,345.44403761563586,0.75,58.41981123744936,19.21397515627193,142.63024476748635,445444.0376156361,129.77777777777777,"{'DROPOUT': 160, 'END_OF_DATA': 20}",100000
180,583054.0088683069,583.0540088683069,0.7333333333333333,102.40177963588515,16.997594400937523,300.976531745907,683054.0088683069,129.77777777777777,"{'DROPOUT': 160, 'END_OF_DATA': 20}",100000
180,431397.3037209812,431.3973037209812,0.7555555555555555,105.5705894481275,17.52683703041932,377.2570871407197,531397.3037209809,129.77777777777777,"{'DROPOUT': 160, 'END_OF_DATA': 20}",100000
180,357226.08569917455,357.2260856991746,0.7444444444444445,96.90614994332684,16.81149045482508,351.6992616909656,457226.0856991747,129.77777777777777,"{'DROPOUT': 160, 'END_OF_DATA': 20}",100000
180,433492.4458041835,433.4924458041835,0.7944444444444444,74.7908828435484,23.1637396969181,224.58147765584545,533492.4458041834,129.77777777777777,"{'DROPOUT': 160, 'END_OF_DATA': 20}",100000
180,746813.6200185997,746.8136200185997,0.7388888888888889,103.37857789158338,17.209653788754807,305.20064960386975,846813.6200185992,129.77777777777777,"{'DROPOUT': 160, 'END_OF_DATA': 20}",100000
180,453201.8267521028,453.2018267521028,0.7833333333333333,106.2697903506583,20.999999546039298,368.6147306922373,553201.8267521027,129.77777777777777,"{'DROPOUT': 160, 'END_OF_DATA': 20}",100000
180,542550.5482846659,542.5505482846659,0.7611111111111111,106.4413305014766,14.588862933237479,360.99705988570435,642550.5482846656,129.77777777777777,"{'DROPOUT': 160, 'END_OF_DATA': 20}",100000
180,383303.3096913068,383.30330969130677,0.7944444444444444,71.21972321113891,17.496133873414323,186.46119666000772,483303.30969130684,129.77777777777777,"{'DROPOUT': 160, 'END_OF_DATA': 20}",100000
180,388063.28868651367,388.06328868651366,0.7833333333333333,79.39220430321939,25.423880126015124,248.32595477767092,488063.2886865138,129.77777777777777,"{'DROPOUT': 160, 'END_OF_DATA': 20}",100000
180,500748.6155537857,500.7486155537857,0.7722222222222223,83.30868949990706,19.429653055121165,278.7049258179125,600748.6155537859,129.77777777777777,"{'DROPOUT': 160, 'END_OF_DATA': 20}",100000
180,498966.806684603,498.966806684603,0.7777777777777778,110.03318785845018,17.766506992586493,354.59781644293906,598966.8066846028,129.77777777777777,"{'DROPOUT': 160, 'END_OF_DATA': 20}",100000
180,255836.386692773,255.836386692773,0.7444444444444445,56.97121417600649,14.86322917954566,221.74510920220098,355836.38669277297,129.77777777777777,"{'DROPOUT': 160, 'END_OF_DATA': 20}",100000
180,362022.19029198337,362.02219029198335,0.8055555555555556,75.15498578017043,17.64979122403018,218.14577854885985,462022.19029198337,129.77777777777777,"{'DROPOUT': 160, 'END_OF_DATA': 20}",100000
180,366240.2152808566,366.2402152808566,0.7722222222222223,72.27071807155635,19.408170487297898,236.45725173977374,466240.2152808563,129.77777777777777,"{'DROPOUT': 160, 'END_OF_DATA': 20}",100000
180,389023.8604237207,389.02386042372063,0.7388888888888889,74.40246538522977,13.325273931352225,262.0182267367144,489023.86042372044,129.77777777777777,"{'DROPOUT': 160, 'END_OF_DATA': 20}",100000
180,452263.13950595295,452.26313950595295,0.75,71.0046977364644,21.38962839070141,147.3171309438378,552263.139505953,129.77777777777777,"{'DROPOUT': 160, 'END_OF_DATA': 20}",100000
180,735524.6535137983,735.5246535137983,0.7666666666666667,112.25072727250334,14.664889139551088,374.2527501764196,835524.6535137985,129.77777777777777,"{'DROPOUT': 160, 'END_OF_DATA': 20}",100000
180,325687.807947025,325.68780794702496,0.8166666666666667,70.04860929585615,19.16786144155946,241.04614460362717,425687.80794702494,129.77777777777777,"{'DROPOUT': 160, 'END_OF_DATA': 20}",100000
180,363995.02350723615,363.9950235072361,0.7944444444444444,53.928636086819076,20.392206585322807,106.42397830009227,463995.0235072361,129.77777777777777,"{'DROPOUT': 160, 'END_OF_DATA': 20}",100000
180,309542.87535859447,309.5428753585945,0.7388888888888889,84.52210098517041,16.579837755747743,292.4619037148339,409542.8753585945,129.77777777777777,"{'DROPOUT': 160, 'END_OF_DATA': 20}",100000
180,431391.2364938737,431.39123649387375,0.8277777777777777,79.71522423288224,24.48007437165098,185.01852515552196,531391.2364938736,129.77777777777777,"{'DROPOUT': 160, 'END_OF_DATA': 20}",100000
180,520296.28236930433,520.2962823693043,0.7777777777777778,100.93775116988944,24.644639718560676,302.0897685073996,620296.2823693042,129.77777777777777,"{'DROPOUT': 160, 'END_OF_DATA': 20}",100000
180,425054.4212429181,425.0544212429181,0.75,77.52587352884758,16.143010384152625,281.06205858116084,525054.421242918,129.77777777777777,"{'DROPOUT': 160, 'END_OF_DATA': 20}",100000
180,575132.3875396952,575.1323875396953,0.8277777777777777,107.69094956642647,26.50385990005129,348.8948371141989,675132.3875396954,129.77777777777777,"{'DROPOUT': 160, 'END_OF_DATA': 20}",100000
180,538036.3265720308,538.0363265720308,0.8111111111111111,92.04764004590417,20.800899565621542,286.81106763456364,638036.3265720308,129.77777777777777,"{'DROPOUT': 160, 'END_OF_DATA': 20}",100000
180,442053.14605790365,442.0531460579037,0.7555555555555555,87.34327568281114,14.647823476669807,349.1685003025629,542053.1460579035,129.77777777777777,"{'DROPOUT': 160, 'END_OF_DATA': 20}",100000
180,524125.81615277345,524.1258161527735,0.7555555555555555,92.61932836465014,25.74604156323786,311.40825455209034,624125.8161527738,129.77777777777777,"{'DROPOUT': 160, 'END_OF_DATA': 20}",100000
180,562866.289429051,562.866289429051,0.7722222222222223,80.66990706806368,15.664748825121764,270.8806644204006,662866.2894290512,129.77777777777777,"{'DROPOUT': 160, 'END_OF_DATA': 20}",100000
180,399560.289296933,399.560289296933,0.7666666666666667,79.11155589935883,18.63154286929167,238.88122967960442,499560.28929693287,129.77777777777777,"{'DROPOUT': 160, 'END_OF_DATA': 20}",100000
180,548967.4702557618,548.9674702557618,0.7555555555555555,103.03657848454215,20.070360352118605,379.24941243605343,648967.4702557618,129.77777777777777,"{'DROPOUT': 160, 'END_OF_DATA': 20}",100000
180,325267.8633763082,325.2678633763081,0.7444444444444445,61.219012417858295,14.880029851087585,173.1728956535397,425267.86337630823,129.77777777777777,"{'DROPOUT': 160, 'END_OF_DATA': 20}",100000
180,515538.0482413439,515.5380482413439,0.7444444444444445,96.81395913702302,17.20294255423878,337.04750036182645,615538.0482413438,129.77777777777777,"{'DROPOUT': 160, 'END_OF_DATA': 20}",100000
180,638386.4761336625,638.3864761336624,0.7833333333333333,87.20732675456806,15.963184603284876,261.54852671395116,738386.4761336623,129.77777777777777,"{'DROPOUT': 160, 'END_OF_DATA': 20}",100000
180,414299.28471166716,414.29928471166716,0.7777777777777778,69.42190819544257,20.17120954961876,213.4863656448452,514299.2847116672,129.77777777777777,"{'DROPOUT': 160, 'END_OF_DATA': 20}",100000
180,395089.0042350027,395.0890042350027,0.7944444444444444,55.49043346999342,18.47091424020757,190.33583254074114,495089.00423500274,129.77777777777777,"{'DROPOUT': 160, 'END_OF_DATA': 20}",100000
180,391650.5909839378,391.6505909839378,0.7833333333333333,136.29237310381782,18.307769006645284,437.4371154857738,491650.59098393784,129.77777777777777,"{'DROPOUT': 160, 'END_OF_DATA': 20}",100000
180,542147.8435386025,542.1478435386025,0.7611111111111111,78.01309768964016,19.961216439348263,274.37203504516407,642147.8435386027,129.77777777777777,"{'DROPOUT': 160, 'END_OF_DATA': 20}",100000
180,305550.8624579495,305.5508624579495,0.7666666666666667,73.25773623798851,20.653551752957366,272.7323462649915,405550.86245794944,129.77777777777777,"{'DROPOUT': 160, 'END_OF_DATA': 20}",100000
180,282316.9872590741,282.3169872590741,0.8166666666666667,63.87980762547984,15.912711507433833,194.55225830929697,382316.9872590741,129.77777777777777,"{'DROPOUT': 160, 'END_OF_DATA': 20}",100000
180,281018.2834433358,281.0182834433358,0.7555555555555555,60.73286213467152,14.023036348138154,208.7522949590413,381018.2834433358,129.77777777777777,"{'DROPOUT': 160, 'END_OF_DATA': 20}",100000
180,586499.7026484502,586.4997026484501,0.7888888888888889,99.3055589024324,21.12740205009557,307.47446680105446,686499.7026484502,129.77777777777777,"{'DROPOUT': 160, 'END_OF_DATA': 20}",100000
180,773550.7752882185,773.5507752882186,0.8555555555555555,146.76585376717352,26.47735890741304,438.7798711775821,873550.775288219,129.77777777777777,"{'DROPOUT': 160, 'END_OF_DATA': 20}",100000
180,527250.0888023917,527.2500888023917,0.7722222222222223,94.34370331969889,19.021158346960135,344.7636462278073,627250.088802392,129.77777777777777,"{'DROPOUT': 160, 'END_OF_DATA': 20}",100000
180,372359.5529567337,372.35955295673364,0.8,83.33183861833616,16.7841600111416,299.2231519034262,472359.5529567335,129.77777777777777,"{'DROPOUT': 160, 'END_OF_DATA': 20}",100000
180,564475.6359585682,564.4756359585682,0.8111111111111111,119.89367804173565,21.237198668657328,399.7783811343574,664475.6359585681,129.77777777777777,"{'DROPOUT': 160, 'END_OF_DATA': 20}",100000
180,538271.450027904,538.271450027904,0.8,82.51807187931925,21.42386229284805,256.54419491168693,638271.4500279039,129.77777777777777,"{'DROPOUT': 160, 'END_OF_DATA': 20}",100000
180,374378.6761295777,374.3786761295777,0.7944444444444444,95.42880709874703,17.814897655707867,315.68070998995927,474378.6761295777,129.77777777777777,"{'DROPOUT': 160, 'END_OF_DATA': 20}",100000
180,519866.0126922811,519.8660126922812,0.8222222222222222,90.18870199581615,20.03610032971886,301.26368860819656,619866.0126922812,129.77777777777777,"{'DROPOUT': 160, 'END_OF_DATA': 20}",100000
180,690254.4601010547,690.2544601010547,0.7888888888888889,89.63461681467682,16.251705695962524,296.9997795078073,790254.4601010546,129.77777777777777,"{'DROPOUT': 160, 'END_OF_DATA': 20}",100000
180,525819.9785053985,525.8199785053985,0.8277777777777777,72.14655863825155,19.776360895577046,267.9787798469276,625819.9785053987,129.77777777777777,"{'DROPOUT': 160, 'END_OF_DATA': 20}",100000
180,493099.1116149002,493.0991116149002,0.75,91.72881738727295,13.20075623000081,273.60404715036333,593099.1116149004,129.77777777777777,"{'DROPOUT': 160, 'END_OF_DATA': 20}",100000
180,374567.760111075,374.567760111075,0.7722222222222223,78.01522243503408,18.6260032492529,281.62842436667665,474567.7601110749,129.77777777777777,"{'DROPOUT': 160, 'END_OF_DATA': 20}",100000
180,286130.0288264981,286.13002882649806,0.7833333333333333,56.67108504818239,15.994224876363827,153.752029958018,386130.0288264983,129.77777777777777,"{'DROPOUT': 160, 'END_OF_DATA': 20}",100000
180,504897.10218691174,504.8971021869117,0.7888888888888889,72.5086709523282,20.000000829282005,249.89498566489755,604897.1021869116,129.77777777777777,"{'DROPOUT': 160, 'END_OF_DATA': 20}",100000
180,417119.26446056843,417.1192644605684,0.8055555555555556,103.03751882239493,22.191102818809895,309.6047536137638,517119.26446056884,129.77777777777777,"{'DROPOUT': 160, 'END_OF_DATA': 20}",100000
180,458729.6012673426,458.7296012673426,0.8,81.83634766246911,15.831837962385398,265.0820762687455,558729.6012673426,129.77777777777777,"{'DROPOUT': 160, 'END_OF_DATA': 20}",100000
180,513720.2107225803,513.7202107225803,0.75,101.20550092836243,19.572613502788435,283.6672515609092,613720.2107225802,129.77777777777777,"{'DROPOUT': 160, 'END_OF_DATA': 20}",100000
180,593620.7017240428,593.6207017240428,0.7611111111111111,95.61428957101467,18.187081071226444,292.3816518753833,693620.7017240428,129.77777777777777,"{'DROPOUT': 160, 'END_OF_DATA': 20}",100000
180,429904.69056036056,429.9046905603605,0.7166666666666667,63.7742389790825,14.722658084604658,158.8057672026037,529904.6905603607,129.77777777777777,"{'DROPOUT': 160, 'END_OF_DATA': 20}",100000
180,546288.5764645683,546.2885764645682,0.7611111111111111,114.05139435713241,16.993908716158238,383.15594449713416,646288.5764645681,129.77777777777777,"{'DROPOUT': 160, 'END_OF_DATA': 20}",100000
180,521900.4445755549,521.9004445755548,0.7722222222222223,86.31537415606121,21.104811248804886,243.8378036008968,621900.4445755548,129.77777777777777,"{'DROPOUT': 160, 'END_OF_DATA': 20}",100000
180,379193.08736353554,379.19308736353554,0.7777777777777778,102.57191132384688,21.94494099759911,348.2226091788209,479193.0873635356,129.77777777777777,"{'DROPOUT': 160, 'END_OF_DATA': 20}",100000
180,679400.8373788111,679.400837378811,0.8055555555555556,105.46398211037624,22.766715750026876,365.24024613401735,779400.8373788111,129.77777777777777,"{'DROPOUT': 160, 'END_OF_DATA': 20}",100000
180,507779.7927398364,507.77979273983635,0.8166666666666667,84.89933177379658,17.0648984614967,213.29604816653688,607779.792739836,129.77777777777777,"{'DROPOUT': 160, 'END_OF_DATA': 20}",100000
180,490573.30921156215,490.57330921156216,0.7888888888888889,129.1188422318054,22.23776975950395,409.55673583612435,590573.3092115623,129.77777777777777,"{'DROPOUT': 160, 'END_OF_DATA': 20}",100000
180,375982.768096048,375.98276809604795,0.8,87.29362740638823,21.43753882119921,247.1939351572769,475982.7680960479,129.77777777777777,"{'DROPOUT': 160, 'END_OF_DATA': 20}",100000
180,347079.75596488314,347.07975596488313,0.8333333333333334,90.83753180478269,22.29352174802348,322.89517669088906,447079.7559648833,129.77777777777777,"{'DROPOUT': 160, 'END_OF_DATA': 20}",100000
180,298943.39216443663,298.9433921644366,0.7722222222222223,43.8052644503533,15.342587033613649,95.36177806668888,398943.39216443663,129.77777777777777,"{'DROPOUT': 160, 'END_OF_DATA': 20}",100000
180,505346.2080251201,505.34620802512006,0.7611111111111111,85.17731176864791,17.452401862940192,304.72964230864466,605346.2080251202,129.77777777777777,"{'DROPOUT': 160, 'END_OF_DATA': 20}",100000
180,244204.40283228445,244.20440283228447,0.6777777777777778,49.396978471559166,11.191074695977097,126.20547655277936,344204.40283228445,129.77777777777777,"{'DROPOUT': 160, 'END_OF_DATA': 20}",100000
180,587881.4344019201,587.88143440192,0.8166666666666667,90.76936531317034,25.611510846517884,283.9262974278933,687881.4344019201,129.77777777777777,"{'DROPOUT': 160, 'END_OF_DATA': 20}",100000
180,375543.183484687,375.543183484687,0.7944444444444444,104.38042755392638,18.177443274945404,338.3595165813872,475543.18348468695,129.77777777777777,"{'DROPOUT': 160, 'END_OF_DATA': 20}",100000
180,279971.38402272295,279.971384022723,0.75,92.7177923896372,18.770574508230144,350.8081134998657,379971.384022723,129.77777777777777,"{'DROPOUT': 160, 'END_OF_DATA': 20}",100000
180,375399.4272556164,375.3994272556164,0.7555555555555555,60.36821600976281,16.30007042075254,129.71890239963565,475399.4272556164,129.77777777777777,"{'DROPOUT': 160, 'END_OF_DATA': 20}",100000
180,536581.476565515,536.581476565515,0.8111111111111111,98.88478510825982,17.88235346731222,323.6748776529425,636581.4765655149,129.77777777777777,"{'DROPOUT': 160, 'END_OF_DATA': 20}",100000
180,447515.8674468482,447.5158674468481,0.75,76.61687588477359,13.903028668150595,280.69364315710385,547515.8674468482,129.77777777777777,"{'DROPOUT': 160, 'END_OF_DATA': 20}",100000
180,451959.7691656026,451.9597691656026,0.7666666666666667,80.13521204362524,20.233372352544578,280.3535176239714,551959.7691656025,129.77777777777777,"{'DROPOUT': 160, 'END_OF_DATA': 20}",100000
180,585888.8053302225,585.8888053302225,0.7944444444444444,118.80117645275475,17.027463443546047,382.64621804181184,685888.8053302228,129.77777777777777,"{'DROPOUT': 160, 'END_OF_DATA': 20}",100000
180,424924.8575213995,424.92485752139953,0.75,77.90740148452299,20.950189542557716,246.00129230927885,524924.8575213995,129.77777777777777,"{'DROPOUT': 160, 'END_OF_DATA': 20}",100000
180,530887.5587847957,530.8875587847956,0.8,87.50726643100596,18.34146674465811,316.95411760144276,630887.5587847959,129.77777777777777,"{'DROPOUT': 160, 'END_OF_DATA': 20}",100000
180,313062.48776226246,313.06248776226244,0.8277777777777777,81.8982748516107,20.008021029840894,251.9787184623114,413062.4877622623,129.77777777777777,"{'DROPOUT': 160, 'END_OF_DATA': 20}",100000
180,524850.2270510361,524.8502270510361,0.7944444444444444,104.39076625549104,20.202855594130227,394.7933413392075,624850.2270510361,129.77777777777777,"{'DROPOUT': 160, 'END_OF_DATA': 20}",100000
180,412979.4452134376,412.97944521343754,0.8111111111111111,96.35117906946536,21.30315775415276,294.6598007418477,512979.4452134375,129.77777777777777,"{'DROPOUT': 160, 'END_OF_DATA': 20}",100000
180,582065.1810613973,582.0651810613973,0.8055555555555556,109.9728305392778,22.56035322326573,349.1421344549655,682065.1810613974,129.77777777777777,"{'DROPOUT': 160, 'END_OF_DATA': 20}",100000
180,439712.4631089184,439.7124631089184,0.7944444444444444,91.89933076795599,22.674296475049573,320.3666049224407,539712.4631089186,129.77777777777777,"{'DROPOUT': 160, 'END_OF_DATA': 20}",100000
180,243597.00150719838,243.5970015071984,0.6833333333333333,55.78115782300698,14.277031780583076,200.6032112629359,343597.00150719844,129.77777777777777,"{'DROPOUT': 160, 'END_OF_DATA': 20}",100000
180,261013.9356016945,261.0139356016945,0.7777777777777778,57.23437536292226,16.544118735571196,206.47629107527706,361013.9356016944,129.77777777777777,"{'DROPOUT': 160, 'END_OF_DATA': 20}",100000
180,440948.1026477546,440.9481026477546,0.8055555555555556,100.51753916141335,19.61251907428101,338.149197955952,540948.1026477547,129.77777777777777,"{'DROPOUT': 160, 'END_OF_DATA': 20}",100000
180,543398.0219665731,543.3980219665731,0.75,104.30809760673012,14.468123451158629,382.77454835734403,643398.0219665732,129.77777777777777,"{'DROPOUT': 160, 'END_OF_DATA': 20}",100000
180,369395.65540796285,369.39565540796286,0.8,81.52175346977137,22.212891316967756,293.7444679227696,469395.6554079629,129.77777777777777,"{'DROPOUT': 160, 'END_OF_DATA': 20}",100000
180,354618.7771898693,354.6187771898693,0.8388888888888889,79.18320655338351,24.21468416322373,239.61263402690162,454618.7771898691,129.77777777777777,"{'DROPOUT': 160, 'END_OF_DATA': 20}",100000
180,322853.9556590724,322.85395565907237,0.7777777777777778,61.06179638345976,15.139123040011025,202.14765905402064,422853.95565907256,129.77777777777777,"{'DROPOUT': 160, 'END_OF_DATA': 20}",100000
180,425258.48605460353,425.2584860546035,0.8055555555555556,91.78404516014407,21.63653953863669,304.03842844427203,525258.4860546035,129.77777777777777,"{'DROPOUT': 160, 'END_OF_DATA': 20}",100000
180,471967.84643770324,471.9678464377032,0.7666666666666667,65.42828226372772,17.116998918129852,209.96009837866598,571967.846437703,129.77777777777777,"{'DROPOUT': 160, 'END_OF_DATA': 20}",100000
180,703075.5010428757,703.0755010428757,0.8111111111111111,106.14033910790502,28.020966106925503,350.15382045521693,803075.5010428753,129.77777777777777,"{'DROPOUT': 160, 'END_OF_DATA': 20}",100000
180,527888.8943888706,527.8888943888707,0.7277777777777777,105.4493059319393,13.969739447342562,313.63323355993055,627888.8943888702,129.77777777777777,"{'DROPOUT': 160, 'END_OF_DATA': 20}",100000
180,664528.6128112996,664.5286128112996,0.7666666666666667,117.8434093200212,16.874704991004307,388.9053649480376,764528.6128112997,129.77777777777777,"{'DROPOUT': 160, 'END_OF_DATA': 20}",100000
180,726968.1306055733,726.9681306055733,0.7722222222222223,125.4923002511323,13.674927884819422,418.37464119630937,826968.1306055731,129.77777777777777,"{'DROPOUT': 160, 'END_OF_DATA': 20}",100000
180,495146.26823046256,495.14626823046257,0.75,107.6232090044568,18.853423699348824,379.53163652866937,595146.2682304628,129.77777777777777,"{'DROPOUT': 160, 'END_OF_DATA': 20}",100000
180,528488.970856695,528.488970856695,0.7666666666666667,103.2941906256526,16.857247656433596,344.18754648434924,628488.970856695,129.77777777777777,"{'DROPOUT': 160, 'END_OF_DATA': 20}",100000
180,460331.5448631095,460.3315448631095,0.8166666666666667,77.55827433884133,20.201900986232044,257.66016011684763,560331.5448631097,129.77777777777777,"{'DROPOUT': 160, 'END_OF_DATA': 20}",100000
180,365559.1648527516,365.5591648527516,0.7833333333333333,67.6490946491178,15.317374204605212,268.71804803018284,465559.1648527513,129.77777777777777,"{'DROPOUT': 160, 'END_OF_DATA': 20}",100000
180,459772.89189407567,459.77289189407566,0.7388888888888889,100.2924913214465,12.512193024947141,333.7541753980642,559772.8918940754,129.77777777777777,"{'DROPOUT': 160, 'END_OF_DATA': 20}",100000
180,449433.0934662516,449.4330934662516,0.7888888888888889,85.98367282809036,18.283867788197025,254.41632642050095,549433.0934662519,129.77777777777777,"{'DROPOUT': 160, 'END_OF_DATA': 20}",100000
180,363230.9148526661,363.2309148526661,0.7888888888888889,77.57620829200766,18.28319264268,234.96112602640457,463230.914852666,129.77777777777777,"{'DROPOUT': 160, 'END_OF_DATA': 20}",100000
180,666955.0110832201,666.9550110832201,0.7833333333333333,107.35690316473479,18.954934283122626,347.7538279575848,766955.0110832201,129.77777777777777,"{'DROPOUT': 160, 'END_OF_DATA': 20}",100000
180,591142.8484369525,591.1428484369525,0.7611111111111111,108.21461686212271,24.515211139465784,336.70488621520894,691142.8484369526,129.77777777777777,"{'DROPOUT': 160, 'END_OF_DATA': 20}",100000
180,399733.29129120056,399.73329129120054,0.7222222222222222,71.44340947157549,17.69247580421039,231.46762723749725,499733.29129120056,129.77777777777777,"{'DROPOUT': 160, 'END_OF_DATA': 20}",100000
180,559634.463273962,559.634463273962,0.7388888888888889,91.24279818063272,19.203076487916647,216.17296239258306,659634.4632739617,129.77777777777777,"{'DROPOUT': 160, 'END_OF_DATA': 20}",100000
180,457990.0629098051,457.99006290980515,0.7444444444444445,77.8885972334162,17.11120181114773,278.7866516885636,557990.0629098052,129.77777777777777,"{'DROPOUT': 160, 'END_OF_DATA': 20}",100000
180,450393.90001766395,450.393900017664,0.7666666666666667,81.15341553314389,15.632834974390104,266.7252721570929,550393.900017664,129.77777777777777,"{'DROPOUT': 160, 'END_OF_DATA': 20}",100000
180,851530.227530017,851.530227530017,0.8111111111111111,154.94131306229335,21.186995487725106,451.6877399142866,951530.2275300173,129.77777777777777,"{'DROPOUT': 160, 'END_OF_DATA': 20}",100000
180,491258.05068730837,491.2580506873083,0.7888888888888889,86.60265878372122,18.779231361212524,289.61491317460144,591258.0506873084,129.77777777777777,"{'DROPOUT': 160, 'END_OF_DATA': 20}",100000
180,342034.09222063684,342.03409222063686,0.7833333333333333,56.96269457692839,15.392877117544533,195.4095412004191,442034.0922206367,129.77777777777777,"{'DROPOUT': 160, 'END_OF_DATA': 20}",100000
180,533632.3730162955,533.6323730162956,0.75,102.85172184520218,17.5931298007347,340.7839135110381,633632.3730162953,129.77777777777777,"{'DROPOUT': 160, 'END_OF_DATA': 20}",100000
180,413875.53803588176,413.8755380358818,0.8111111111111111,107.8412680217902,19.761687249879554,384.97854523897064,513875.5380358816,129.77777777777777,"{'DROPOUT': 160, 'END_OF_DATA': 20}",100000
180,381186.7578594332,381.1867578594332,0.7833333333333333,88.65739964277249,18.9652068695165,292.79835344656107,481186.7578594332,129.77777777777777,"{'DROPOUT': 160, 'END_OF_DATA': 20}",100000
180,369627.60887517745,369.62760887517743,0.7944444444444444,85.77425984516077,19.75609175610189,284.20220802298206,469627.6088751775,129.77777777777777,"{'DROPOUT': 160, 'END_OF_DATA': 20}",100000
180,466458.21432838595,466.45821432838596,0.7555555555555555,102.07068931437038,21.431701795513355,332.79437623877396,566458.214328386,129.77777777777777,"{'DROPOUT': 160, 'END_OF_DATA': 20}",100000
180,484142.05502477504,484.14205502477506,0.7666666666666667,78.8335730249478,14.668650917966332,262.9894094623526,584142.0550247751,129.77777777777777,"{'DROPOUT': 160, 'END_OF_DATA': 20}",100000
180,461622.39587582566,461.62239587582565,0.7722222222222223,92.39655374174973,15.165094339622641,365.7238632494062,561622.3958758253,129.77777777777777,"{'DROPOUT': 160, 'END_OF_DATA': 20}",100000
180,502022.98829303024,502.02298829303027,0.7611111111111111,77.88212437588716,17.195181579135678,237.1631989275415,602022.9882930304,129.77777777777777,"{'DROPOUT': 160, 'END_OF_DATA': 20}",100000
180,247605.1168238117,247.60511682381167,0.7444444444444445,62.090366058903925,16.327964672634725,223.35930844548963,347605.11682381184,129.77777777777777,"{'DROPOUT': 160, 'END_OF_DATA': 20}",100000
180,442500.9046186653,442.5009046186653,0.7222222222222222,55.943038080740536,14.23749604521393,197.49754406796632,542500.9046186649,129.77777777777777,"{'DROPOUT': 160, 'END_OF_DATA': 20}",100000
180,665796.6680293796,665.7966680293796,0.7722222222222223,88.62792877940299,17.46125215783573,297.91371212220133,765796.6680293798,129.77777777777777,"{'DROPOUT': 160, 'END_OF_DATA': 20}",100000
180,650043.8933483032,650.0438933483031,0.7888888888888889,95.26366046894549,16.23716188414891,312.8672014732906,750043.8933483033,129.77777777777777,"{'DROPOUT': 160, 'END_OF_DATA': 20}",100000
180,450988.1056613601,450.9881056613601,0.7777777777777778,96.89421626802984,19.846800786301394,299.149685060054,550988.1056613603,129.77777777777777,"{'DROPOUT': 160, 'END_OF_DATA': 20}",100000
180,570610.6844274576,570.6106844274576,0.8,70.5738328541954,22.219826527516737,224.18492476977954,670610.6844274575,129.77777777777777,"{'DROPOUT': 160, 'END_OF_DATA': 20}",100000
180,309377.2035005075,309.3772035005075,0.7666666666666667,96.50677756130474,21.366359261186517,332.92860020282035,409377.2035005073,129.77777777777777,"{'DROPOUT': 160, 'END_OF_DATA': 20}",100000
180,360128.49659336405,360.12849659336405,0.7722222222222223,82.15761582076007,18.2627133561291,286.31438889016795,460128.49659336417,129.77777777777777,"{'DROPOUT': 160, 'END_OF_DATA': 20}",100000
180,488062.04231266805,488.0620423126681,0.8,75.35949095870143,18.806020234954776,234.318199480346,588062.042312668,129.77777777777777,"{'DROPOUT': 160, 'END_OF_DATA': 20}",100000
180,492116.9502991744,492.1169502991744,0.8222222222222222,80.17613006115306,17.929289403467223,282.0850541186883,592116.9502991743,129.77777777777777,"{'DROPOUT': 160, 'END_OF_DATA': 20}",100000
180,374166.19970590365,374.16619970590364,0.7944444444444444,72.14499954781614,21.408172107636602,174.74323944230514,474166.1997059035,129.77777777777777,"{'DROPOUT': 160, 'END_OF_DATA': 20}",100000
180,520779.1809016365,520.7791809016366,0.7666666666666667,73.83455448361326,17.981734905571116,274.8786998540781,620779.1809016363,129.77777777777777,"{'DROPOUT': 160, 'END_OF_DATA': 20}",100000
180,460305.72387881146,460.3057238788114,0.8,69.37184257665353,22.474487406907272,173.04535458892434,560305.7238788116,129.77777777777777,"{'DROPOUT': 160, 'END_OF_DATA': 20}",100000
180,503301.6882843192,503.3016882843192,0.7722222222222223,101.99957977923265,18.026177316881988,301.78657931168766,603301.6882843192,129.77777777777777,"{'DROPOUT': 160, 'END_OF_DATA': 20}",100000
180,498426.7114949437,498.42671149494373,0.7777777777777778,92.26263652344504,17.339564898602045,316.8013460932523,598426.7114949436,129.77777777777777,"{'DROPOUT': 160, 'END_OF_DATA': 20}",100000
180,592294.1200763173,592.2941200763173,0.8055555555555556,83.38229121182329,19.35301036786572,237.36977512546648,692294.1200763171,129.77777777777777,"{'DROPOUT': 160, 'END_OF_DATA': 20}",100000
180,475632.533551709,475.632533551709,0.8111111111111111,127.55509848956018,19.783335225454962,405.71253462020735,575632.533551709,129.77777777777777,"{'DROPOUT': 160, 'END_OF_DATA': 20}",100000
180,509979.98836939933,509.97998836939934,0.8333333333333334,103.75410513869262,21.77003975188658,340.4124883914514,609979.9883693992,129.77777777777777,"{'DROPOUT': 160, 'END_OF_DATA': 20}",100000
180,543142.7047576883,543.1427047576883,0.7888888888888889,132.8692599222278,22.51231131916583,410.04096488708035,643142.7047576885,129.77777777777777,"{'DROPOUT': 160, 'END_OF_DATA': 20}",100000
180,555363.4168614128,555.3634168614128,0.7833333333333333,78.43667992603946,15.154341812214485,292.72318490942973,655363.4168614132,129.77777777777777,"{'DROPOUT': 160, 'END_OF_DATA': 20}",100000
180,332810.9657298315,332.8109657298315,0.8,54.2691285350842,17.890325281158333,152.50673587454526,432810.9657298313,129.77777777777777,"{'DROPOUT': 160, 'END_OF_DATA': 20}",100000
180,795385.2581849822,795.3852581849821,0.7555555555555555,112.56538556862539,21.19738256465095,355.28076173129864,895385.2581849821,129.77777777777777,"{'DROPOUT': 160, 'END_OF_DATA': 20}",100000
180,501936.11703882844,501.93611703882846,0.7666666666666667,98.55557680031593,17.954708694013718,337.37615792632795,601936.1170388284,129.77777777777777,"{'DROPOUT': 160, 'END_OF_DATA': 20}",100000
180,454180.7294639816,454.1807294639816,0.7388888888888889,112.18749661399235,15.775925912817653,359.0440762230222,554180.7294639813,129.77777777777777,"{'DROPOUT': 160, 'END_OF_DATA': 20}",100000
180,436586.5783397145,436.5865783397145,0.7777777777777778,68.40111932053209,20.64657949519136,139.93276483904467,536586.5783397141,129.77777777777777,"{'DROPOUT': 160, 'END_OF_DATA': 20}",100000
180,417871.2099047047,417.8712099047047,0.75,92.27788042348143,16.436373511046703,331.03615744560295,517871.2099047046,129.77777777777777,"{'DROPOUT': 160, 'END_OF_DATA': 20}",100000
180,586123.716184081,586.123716184081,0.7777777777777778,101.23036784525904,14.057070785300457,358.0836575858987,686123.7161840812,129.77777777777777,"{'DROPOUT': 160, 'END_OF_DATA': 20}",100000
180,400697.93507004244,400.69793507004243,0.8277777777777777,90.26824190111174,17.813575066350285,320.7880650397081,500697.93507004227,129.77777777777777,"{'DROPOUT': 160, 'END_OF_DATA': 20}",100000
180,675329.8300789944,675.3298300789944,0.7666666666666667,99.08567093900423,19.941161214246225,370.9487771565732,775329.8300789943,129.77777777777777,"{'DROPOUT': 160, 'END_OF_DATA': 20}",100000
180,601681.8838063889,601.6818838063889,0.7833333333333333,135.62938002300885,20.857756961951452,387.73017685993807,701681.8838063895,129.77777777777777,"{'DROPOUT': 160, 'END_OF_DATA': 20}",100000
180,507755.3441072615,507.75534410726146,0.7611111111111111,104.19388685381487,16.843971067068686,323.9881414207318,607755.3441072616,129.77777777777777,"{'DROPOUT': 160, 'END_OF_DATA': 20}",100000
180,343827.71865193336,343.82771865193337,0.8055555555555556,57.16284677471692,17.553425559137132,157.43217852606955,443827.71865193336,129.77777777777777,"{'DROPOUT': 160, 'END_OF_DATA': 20}",100000
180,430298.63645568094,430.29863645568093,0.7777777777777778,77.25162572323373,19.017540537697485,268.4053931763173,530298.6364556808,129.77777777777777,"{'DROPOUT': 160, 'END_OF_DATA': 20}",100000
180,612361.1619109275,612.3611619109275,0.8555555555555555,129.47106890613904,18.368573131178714,425.5289418185757,712361.1619109276,129.77777777777777,"{'DROPOUT': 160, 'END_OF_DATA': 20}",100000
180,567301.5244433983,567.3015244433984,0.8277777777777777,86.76226724868037,19.948976189891127,284.8816562543998,667301.5244433983,129.77777777777777,"{'DROPOUT': 160, 'END_OF_DATA': 20}",100000
180,381976.4423409491,381.97644234094906,0.7944444444444444,63.53736007863989,17.028987760730157,144.66735270483127,481976.4423409491,129.77777777777777,"{'DROPOUT': 160, 'END_OF_DATA': 20}",100000
180,544339.0838752768,544.3390838752769,0.8222222222222222,120.09944281079552,20.111034940007094,377.1371294142004,644339.0838752766,129.77777777777777,"{'DROPOUT': 160, 'END_OF_DATA': 20}",100000
180,458694.0223181936,458.69402231819356,0.7833333333333333,84.46964091045083,18.298589240113216,254.42735311868478,558694.0223181937,129.77777777777777,"{'DROPOUT': 160, 'END_OF_DATA': 20}",100000
180,523720.64700484497,523.720647004845,0.7333333333333333,80.44508710957109,19.716957224551606,241.51269530028122,623720.6470048447,129.77777777777777,"{'DROPOUT': 160, 'END_OF_DATA': 20}",100000
180,313680.86233768717,313.6808623376872,0.7666666666666667,56.25289910649,18.425980688876454,123.17101568829655,413680.862337687,129.77777777777777,"{'DROPOUT': 160, 'END_OF_DATA': 20}",100000
180,453636.1423384865,453.63614233848654,0.7666666666666667,102.87154552833091,18.72199691479068,358.059551430234,553636.1423384866,129.77777777777777,"{'DROPOUT': 160, 'END_OF_DATA': 20}",100000
180,343194.7168645505,343.19471686455046,0.7611111111111111,73.7510713912264,18.90085580412473,257.0316755187419,443194.7168645505,129.77777777777777,"{'DROPOUT': 160, 'END_OF_DATA': 20}",100000
180,473023.45438174077,473.02345438174075,0.7722222222222223,79.21735667571426,16.17348996099816,283.52040349993297,573023.4543817407,129.77777777777777,"{'DROPOUT': 160, 'END_OF_DATA': 20}",100000
180,316046.43747350737,316.04643747350735,0.7666666666666667,74.64212132305293,16.4817040491826,236.50447453015906,416046.43747350737,129.77777777777777,"{'DROPOUT': 160, 'END_OF_DATA': 20}",100000
180,463987.5747768155,463.9875747768155,0.8111111111111111,59.946884283155406,21.159634109546907,138.73814572252994,563987.5747768155,129.77777777777777,"{'DROPOUT': 160, 'END_OF_DATA': 20}",100000
180,654185.7415914084,654.1857415914084,0.7944444444444444,109.99808359406904,21.61897991794208,329.33266811419753,754185.7415914085,129.77777777777777,"{'DROPOUT': 160, 'END_OF_DATA': 20}",100000
180,510603.658328773,510.60365832877295,0.8222222222222222,95.87707525168236,19.73317974232515,293.6345171546403,610603.6583287733,129.77777777777777,"{'DROPOUT': 160, 'END_OF_DATA': 20}",100000
180,341301.84789500124,341.30184789500123,0.7611111111111111,139.6832282256683,17.381669487409603,446.4620927345864,441301.8478950016,129.77777777777777,"{'DROPOUT': 160, 'END_OF_DATA': 20}",100000
180,780481.642165777,780.4816421657771,0.7888888888888889,119.8615287055566,14.451742739348681,386.62386638732147,880481.642165777,129.77777777777777,"{'DROPOUT': 160, 'END_OF_DATA': 20}",100000
180,427478.80922144675,427.47880922144674,0.7944444444444444,70.9696398436437,19.22431989475594,259.4687440617942,527478.8092214471,129.77777777777777,"{'DROPOUT': 160, 'END_OF_DATA': 20}",100000
180,497575.053483781,497.575053483781,0.7222222222222222,122.08467350006465,14.169598285478601,416.27040045655235,597575.0534837808,129.77777777777777,"{'DROPOUT': 160, 'END_OF_DATA': 20}",100000
180,327639.6312479847,327.6396312479847,0.7611111111111111,85.16489272274644,14.941971739249894,277.51044183760604,427639.6312479847,129.77777777777777,"{'DROPOUT': 160, 'END_OF_DATA': 20}",100000
180,398578.8440780025,398.5788440780025,0.7666666666666667,61.771162195178555,20.674116682439987,139.69578449840066,498578.8440780026,129.77777777777777,"{'DROPOUT': 160, 'END_OF_DATA': 20}",100000
180,506173.7427708716,506.1737427708716,0.8,95.26455500722089,18.72076476092664,329.0664634733641,606173.7427708715,129.77777777777777,"{'DROPOUT': 160, 'END_OF_DATA': 20}",100000
180,415330.41727174737,415.33041727174736,0.7611111111111111,66.63042595964279,18.18921429321839,210.22102310393038,515330.4172717477,129.77777777777777,"{'DROPOUT': 160, 'END_OF_DATA': 20}",100000
180,742849.7756693894,742.8497756693895,0.7944444444444444,94.54513598863572,20.45656807754427,346.59252449247805,842849.7756693895,129.77777777777777,"{'DROPOUT': 160, 'END_OF_DATA': 20}",100000
180,685221.53973974,685.2215397397399,0.7388888888888889,106.88314246825713,16.251179557443358,350.14066412680415,785221.53973974,129.77777777777777,"{'DROPOUT': 160, 'END_OF_DATA': 20}",100000
180,612480.6653100519,612.4806653100519,0.7666666666666667,93.0503442303727,17.683349605361556,327.2392496071696,712480.665310052,129.77777777777777,"{'DROPOUT': 160, 'END_OF_DATA': 20}",100000
180,390384.4302416926,390.38443024169254,0.7833333333333333,95.73492078814994,15.894639838914589,371.63452125200797,490384.43024169264,129.77777777777777,"{'DROPOUT': 160, 'END_OF_DATA': 20}",100000
180,315495.7898618646,315.4957898618646,0.7833333333333333,59.37562184013068,19.398613954914737,206.5280958531942,415495.7898618645,129.77777777777777,"{'DROPOUT': 160, 'END_OF_DATA': 20}",100000
180,287410.8101686631,287.4108101686631,0.7833333333333333,64.96699801283178,20.20151247921786,206.6304927673005,387410.81016866304,129.77777777777777,"{'DROPOUT': 160, 'END_OF_DATA': 20}",100000
180,537684.0214081298,537.6840214081299,0.7833333333333333,99.86080421953916,16.983127380935123,333.27843536148384,637684.0214081297,129.77777777777777,"{'DROPOUT': 160, 'END_OF_DATA': 20}",100000
180,639094.6967672005,639.0946967672005,0.8111111111111111,129.94218291618216,19.935899578455505,423.58440088902,739094.6967672003,129.77777777777777,"{'DROPOUT': 160, 'END_OF_DATA': 20}",100000
180,292531.45342266106,292.53145342266106,0.7888888888888889,56.48836773925757,20.15386424165958,177.93265192417306,392531.4534226612,129.77777777777777,"{'DROPOUT': 160, 'END_OF_DATA': 20}",100000
180,372453.4551685766,372.4534551685766,0.7722222222222223,70.406970481485,22.082931462877973,192.3588718021444,472453.45516857645,129.77777777777777,"{'DROPOUT': 160, 'END_OF_DATA': 20}",100000
180,481191.0207589875,481.1910207589875,0.8166666666666667,88.0719735452706,19.738132226502138,291.81749967182174,581191.0207589876,129.77777777777777,"{'DROPOUT': 160, 'END_OF_DATA': 20}",100000
180,240896.41070687425,240.89641070687424,0.7277777777777777,43.99563699633886,11.285054058005592,111.32134279735284,340896.41070687433,129.77777777777777,"{'DROPOUT': 160, 'END_OF_DATA': 20}",100000
180,383118.2225749811,383.1182225749811,0.7666666666666667,93.19662643455234,17.513653434568255,335.733581811821,483118.2225749814,129.77777777777777,"{'DROPOUT': 160, 'END_OF_DATA': 20}",100000
180,543649.4542699482,543.6494542699481,0.7888888888888889,98.97061281666835,16.474540252862344,353.07945690246225,643649.454269948,129.77777777777777,"{'DROPOUT': 160, 'END_OF_DATA': 20}",100000
180,341396.7891823314,341.3967891823314,0.7888888888888889,96.65995313362238,18.854851070206646,343.90587575347956,441396.7891823314,129.77777777777777,"{'DROPOUT': 160, 'END_OF_DATA': 20}",100000
180,648745.286370913,648.745286370913,0.7611111111111111,105.44203918933852,21.354786394361447,316.7210807326167,748745.2863709131,129.77777777777777,"{'DROPOUT': 160, 'END_OF_DATA': 20}",100000
180,435292.9388340466,435.2929388340466,0.7777777777777778,90.3736109210094,18.74581725849795,254.45599971034002,535292.9388340465,129.77777777777777,"{'DROPOUT': 160, 'END_OF_DATA': 20}",100000
180,225886.68351765562,225.88668351765563,0.7611111111111111,46.81937557400809,22.010631393030486,85.62337062648253,325886.68351765553,129.77777777777777,"{'DROPOUT': 160, 'END_OF_DATA': 20}",100000
180,498396.3218879521,498.39632188795207,0.8111111111111111,86.60944822014865,18.83445808450961,262.36634118738107,598396.3218879519,129.77777777777777,"{'DROPOUT': 160, 'END_OF_DATA': 20}",100000
180,363655.80706227774,363.65580706227774,0.8166666666666667,99.46193676565342,17.881490235967668,305.3103656283351,463655.80706227786,129.77777777777777,"{'DROPOUT': 160, 'END_OF_DATA': 20}",100000
180,360915.1512985622,360.9151512985622,0.7555555555555555,125.27484097270111,22.844839827863396,410.6879312553808,460915.1512985622,129.77777777777777,"{'DROPOUT': 160, 'END_OF_DATA': 20}",100000
180,677693.2734017512,677.6932734017512,0.7333333333333333,88.61875092773258,16.463871581816026,332.3843346156517,777693.2734017514,129.77777777777777,"{'DROPOUT': 160, 'END_OF_DATA': 20}",100000
180,567386.5439011494,567.3865439011494,0.7833333333333333,74.35902798072628,17.731692566646885,209.49769146571575,667386.5439011493,129.77777777777777,"{'DROPOUT': 160, 'END_OF_DATA': 20}",100000
180,603974.4445804459,603.9744445804458,0.7555555555555555,100.21793033230837,20.75850384778707,356.9819133944071,703974.4445804458,129.77777777777777,"{'DROPOUT': 160, 'END_OF_DATA': 20}",100000
180,307784.3110637041,307.7843110637041,0.8166666666666667,57.67426187156724,15.432717301674796,199.97073562246482,407784.31106370426,129.77777777777777,"{'DROPOUT': 160, 'END_OF_DATA': 20}",100000
180,599465.0658369234,599.4650658369235,0.75,88.34970105367577,14.553592856706498,312.29297581740906,699465.0658369234,129.77777777777777,"{'DROPOUT': 160, 'END_OF_DATA': 20}",100000
180,586586.0852898608,586.5860852898609,0.7666666666666667,115.52180831354426,16.382000689474413,374.473481768121,686586.0852898607,129.77777777777777,"{'DROPOUT': 160, 'END_OF_DATA': 20}",100000
180,473461.8407871748,473.4618407871748,0.7388888888888889,143.17726017247202,19.474905367792,435.04892299320824,573461.8407871748,129.77777777777777,"{'DROPOUT': 160, 'END_OF_DATA': 20}",100000
180,571017.3649037469,571.0173649037469,0.75,123.68499021693715,13.6875485830783,394.468139594204,671017.3649037468,129.77777777777777,"{'DROPOUT': 160, 'END_OF_DATA': 20}",100000
180,418387.20389282727,418.3872038928273,0.8111111111111111,91.34059500126965,25.051261581329264,247.53818101372266,518387.20389282744,129.77777777777777,"{'DROPOUT': 160, 'END_OF_DATA': 20}",100000
180,550205.2504254838,550.2052504254838,0.7666666666666667,133.7533185022427,23.11194967031372,400.6410247645178,650205.2504254839,129.77777777777777,"{'DROPOUT': 160, 'END_OF_DATA': 20}",100000
180,282065.42597245384,282.06542597245385,0.7888888888888889,45.73967736734717,14.217107903109316,109.39360414054019,382065.42597245384,129.77777777777777,"{'DROPOUT': 160, 'END_OF_DATA': 20}",100000
180,429202.9993228257,429.20299932282575,0.7833333333333333,105.76123555290269,19.738885723435,350.2916236439335,529202.9993228256,129.77777777777777,"{'DROPOUT': 160, 'END_OF_DATA': 20}",100000
180,583676.8738844099,583.6768738844099,0.8277777777777777,127.21639672973753,22.363593911289932,423.3234307960892,683676.8738844095,129.77777777777777,"{'DROPOUT': 160, 'END_OF_DATA': 20}",100000
180,345760.0834986103,345.7600834986103,0.8222222222222222,88.35038138517417,23.940027466245898,287.4371953075804,445760.0834986103,129.77777777777777,"{'DROPOUT': 160, 'END_OF_DATA': 20}",100000
180,362541.6372849075,362.5416372849075,0.7277777777777777,101.78863872819697,13.09949203361522,354.0623448623715,462541.6372849078,129.77777777777777,"{'DROPOUT': 160, 'END_OF_DATA': 20}",100000
180,529029.2265385876,529.0292265385876,0.8111111111111111,81.66909758280727,14.371799173335418,283.303837022399,629029.2265385876,129.77777777777777,"{'DROPOUT': 160, 'END_OF_DATA': 20}",100000
180,602921.3613837764,602.9213613837765,0.7666666666666667,94.68938757474233,22.845403608075586,299.89015863034655,702921.3613837768,129.77777777777777,"{'DROPOUT': 160, 'END_OF_DATA': 20}",100000
180,406917.35074114916,406.91735074114916,0.7555555555555555,108.8472662721185,20.1586484525396,376.3706373999075,506917.3507411491,129.77777777777777,"{'DROPOUT': 160, 'END_OF_DATA': 20}",100000
180,452326.1656884977,452.3261656884977,0.7944444444444444,64.74387700176244,18.739269810367915,209.9090025978503,552326.1656884977,129.77777777777777,"{'DROPOUT': 160, 'END_OF_DATA': 20}",100000
180,653148.1686439876,653.1481686439876,0.7833333333333333,89.62345139771016,21.703198166688672,294.9485164299568,753148.1686439874,129.77777777777777,"{'DROPOUT': 160, 'END_OF_DATA': 20}",100000
180,445855.5288998077,445.8555288998077,0.7833333333333333,69.37560502720642,21.216681973083993,228.93852896757295,545855.5288998073,129.77777777777777,"{'DROPOUT': 160, 'END_OF_DATA': 20}",100000
180,546553.6822154962,546.5536822154962,0.8055555555555556,94.04446454763189,23.545379685220798,291.6299707795598,646553.682215496,129.77777777777777,"{'DROPOUT': 160, 'END_OF_DATA': 20}",100000
180,433301.88622485613,433.30188622485616,0.7666666666666667,68.36629571856166,15.60447853180465,175.7344296782381,533301.8862248563,129.77777777777777,"{'DROPOUT': 160, 'END_OF_DATA': 20}",100000
180,346662.50742030086,346.66250742030087,0.7611111111111111,59.17668599339346,14.178931879855133,159.40667255581954,446662.507420301,129.77777777777777,"{'DROPOUT': 160, 'END_OF_DATA': 20}",100000
180,350143.66280591534,350.14366280591537,0.7611111111111111,62.68028432688087,17.196912251358995,201.76768032074506,450143.6628059152,129.77777777777777,"{'DROPOUT': 160, 'END_OF_DATA': 20}",100000
180,549505.2086801558,549.5052086801559,0.8444444444444444,86.65753765499436,18.841657368598,263.4714629694512,649505.2086801559,129.77777777777777,"{'DROPOUT': 160, 'END_OF_DATA': 20}",100000
180,627494.7082644433,627.4947082644434,0.7777777777777778,103.07422114635249,20.348441088446663,328.00373704011173,727494.7082644432,129.77777777777777,"{'DROPOUT': 160, 'END_OF_DATA': 20}",100000
180,649752.5235845603,649.7525235845602,0.7722222222222223,115.63922798181112,15.636234939774166,383.7706475391333,749752.5235845601,129.77777777777777,"{'DROPOUT': 160, 'END_OF_DATA': 20}",100000
180,377201.4795967682,377.2014795967682,0.7555555555555555,58.35521233203714,14.259719666331616,148.37626983980198,477201.4795967683,129.77777777777777,"{'DROPOUT': 160, 'END_OF_DATA': 20}",100000
180,481988.1171757273,481.98811717572727,0.7888888888888889,78.591457574381,19.67234185910472,196.34330964507106,581988.1171757274,129.77777777777777,"{'DROPOUT': 160, 'END_OF_DATA': 20}",100000
180,545988.0763851242,545.9880763851243,0.7777777777777778,92.5261887728158,18.950275858440044,310.3189786914276,645988.0763851242,129.77777777777777,"{'DROPOUT': 160, 'END_OF_DATA': 20}",100000
180,428778.10472497134,428.77810472497134,0.8166666666666667,81.39770423009863,19.852567502971915,234.85849824292845,528778.1047249712,129.77777777777777,"{'DROPOUT': 160, 'END_OF_DATA': 20}",100000
180,354930.43267514417,354.9304326751442,0.75,75.36820340016688,15.712242267173929,293.3269938659228,454930.43267514417,129.77777777777777,"{'DROPOUT': 160, 'END_OF_DATA': 20}",100000
180,567075.2931252372,567.0752931252372,0.8333333333333334,80.22366065538709,23.304791976964925,234.9722937664626,667075.2931252375,129.77777777777777,"{'DROPOUT': 160, 'END_OF_DATA': 20}",100000
180,420080.3118953105,420.0803118953105,0.7611111111111111,100.85103445748027,15.174636873430199,376.72375703553683,520080.31189531053,129.77777777777777,"{'DROPOUT': 160, 'END_OF_DATA': 20}",100000
180,402508.7145683134,402.5087145683134,0.8055555555555556,75.1508163869205,20.449443546261357,194.8950013355671,502508.7145683133,129.77777777777777,"{'DROPOUT': 160, 'END_OF_DATA': 20}",100000
180,342239.86735075596,342.23986735075596,0.8,70.0601316537515,15.693675794202457,235.00919036727865,442239.8673507559,129.77777777777777,"{'DROPOUT': 160, 'END_OF_DATA': 20}",100000
180,568963.524916921,568.9635249169211,0.7888888888888889,72.95957192815777,20.084096944604884,262.389081855711,668963.5249169209,129.77777777777777,"{'DROPOUT': 160, 'END_OF_DATA': 20}",100000
180,402256.22375523706,402.25622375523704,0.8111111111111111,76.44743125514998,21.77462529135886,281.9070367169818,502256.2237552371,129.77777777777777,"{'DROPOUT': 160, 'END_OF_DATA': 20}",100000
180,425869.8784862196,425.86987848621965,0.8,75.44195992679066,22.41026185540143,236.2348763213999,525869.8784862193,129.77777777777777,"{'DROPOUT': 160, 'END_OF_DATA': 20}",100000
180,630813.7156821627,630.8137156821628,0.7722222222222223,113.41766764685303,16.664987327442923,395.95616023418563,730813.7156821624,129.77777777777777,"{'DROPOUT': 160, 'END_OF_DATA': 20}",100000
180,388551.53831745416,388.5515383174542,0.7888888888888889,59.32824305913451,15.975167055700258,128.68397331616424,488551.53831745416,129.77777777777777,"{'DROPOUT': 160, 'END_OF_DATA': 20}",100000
180,433126.29888006806,433.12629888006813,0.8055555555555556,91.14600529512269,20.064939711061367,340.28584846627473,533126.298880068,129.77777777777777,"{'DROPOUT': 160, 'END_OF_DATA': 20}",100000
180,370300.9147789583,370.3009147789583,0.7555555555555555,83.0775250518766,15.948655829267816,322.10941516805667,470300.914778958,129.77777777777777,"{'DROPOUT': 160, 'END_OF_DATA': 20}",100000
180,421560.4701080583,421.56047010805827,0.8,122.86207513146387,25.217540137759926,415.0497769133223,521560.47010805825,129.77777777777777,"{'DROPOUT': 160, 'END_OF_DATA': 20}",100000
180,322130.12499640055,322.1301249964005,0.7777777777777778,46.866132387575774,13.972893865125716,88.61695530923542,422130.12499640055,129.77777777777777,"{'DROPOUT': 160, 'END_OF_DATA': 20}",100000
180,435295.04744265985,435.29504744265984,0.7388888888888889,91.81250469856718,17.669875975600153,289.9292277472527,535295.0474426599,129.77777777777777,"{'DROPOUT': 160, 'END_OF_DATA': 20}",100000
180,393455.80293035373,393.45580293035374,0.8,99.67239208248871,22.948838732265344,339.6162662470596,493455.80293035373,129.77777777777777,"{'DROPOUT': 160, 'END_OF_DATA': 20}",100000
180,222328.3132510631,222.32831325106312,0.7888888888888889,53.5408803564359,18.40380011207599,172.88083208748282,322328.31325106317,129.77777777777777,"{'DROPOUT': 160, 'END_OF_DATA': 20}",100000
180,407189.4121472187,407.1894121472187,0.7777777777777778,107.59697351434703,20.190330667606098,339.5947730061361,507189.41214721854,129.77777777777777,"{'DROPOUT': 160, 'END_OF_DATA': 20}",100000
180,338677.09565413767,338.67709565413764,0.7944444444444444,71.40232238587093,14.239631243370184,253.81565360727302,438677.09565413767,129.77777777777777,"{'DROPOUT': 160, 'END_OF_DATA': 20}",100000
180,713228.8934689409,713.2288934689409,0.7888888888888889,115.65909762493558,19.669078959696165,353.52899445263506,813228.8934689406,129.77777777777777,"{'DROPOUT': 160, 'END_OF_DATA': 20}",100000
180,442638.2020664732,442.63820206647324,0.7722222222222223,73.05993577490948,16.501905159604554,220.91050754648708,542638.2020664733,129.77777777777777,"{'DROPOUT': 160, 'END_OF_DATA': 20}",100000
180,330517.0472527897,330.5170472527897,0.7666666666666667,48.49382388247463,16.695157659805865,192.398322828861,430517.0472527898,129.77777777777777,"{'DROPOUT': 160, 'END_OF_DATA': 20}",100000
180,557103.5427552145,557.1035427552144,0.7833333333333333,86.07440027399582,21.44137208136197,260.590028256189,657103.5427552146,129.77777777777777,"{'DROPOUT': 160, 'END_OF_DATA': 20}",100000
180,371516.22978891095,371.51622978891095,0.7444444444444445,47.940842899657696,11.23236998897367,170.34657364646156,471516.229788911,129.77777777777777,"{'DROPOUT': 160, 'END_OF_DATA': 20}",100000
180,492991.7102949256,492.9917102949256,0.7222222222222222,82.27605602021934,16.169290807808125,262.22224810343835,592991.7102949253,129.77777777777777,"{'DROPOUT': 160, 'END_OF_DATA': 20}",100000
180,814564.7202793038,814.5647202793037,0.7555555555555555,159.40193691055612,20.188511333035827,515.5299374766138,914564.7202793036,129.77777777777777,"{'DROPOUT': 160, 'END_OF_DATA': 20}",100000
180,467301.9981314275,467.3019981314275,0.7555555555555555,91.03546253781145,15.565400636018659,293.8265281565076,567301.9981314274,129.77777777777777,"{'DROPOUT': 160, 'END_OF_DATA': 20}",100000
180,428983.345735523,428.983345735523,0.8,83.8447551674404,18.344017948052482,296.6774905532019,528983.345735523,129.77777777777777,"{'DROPOUT': 160, 'END_OF_DATA': 20}",100000
180,359970.5906455879,359.9705906455879,0.75,80.17247528143251,14.679121870430802,285.9935089738193,459970.59064558806,129.77777777777777,"{'DROPOUT': 160, 'END_OF_DATA': 20}",100000
180,428705.88385981106,428.7058838598111,0.7888888888888889,69.64573085604367,21.266482413893765,235.87336777377965,528705.8838598111,129.77777777777777,"{'DROPOUT': 160, 'END_OF_DATA': 20}",100000
180,643556.4278562343,643.5564278562342,0.7444444444444445,111.69966512473236,20.1692527382171,324.5265140299984,743556.427856234,129.77777777777777,"{'DROPOUT': 160, 'END_OF_DATA': 20}",100000
180,433705.02145130304,433.705021451303,0.7722222222222223,91.26226540193205,17.683204584576437,317.4971747868551,533705.0214513033,129.77777777777777,"{'DROPOUT': 160, 'END_OF_DATA': 20}",100000
180,326429.2749431575,326.4292749431575,0.7611111111111111,53.70912916785421,15.503307109411203,123.34495597542946,426429.2749431575,129.77777777777777,"{'DROPOUT': 160, 'END_OF_DATA': 20}",100000
180,442942.7013810967,442.9427013810967,0.7888888888888889,67.78957186950156,14.564227789043919,224.51618149516517,542942.7013810965,129.77777777777777,"{'DROPOUT': 160, 'END_OF_DATA': 20}",100000
180,435174.98550669604,435.17498550669603,0.75,90.38636275172954,17.364821358794767,297.9039196495786,535174.985506696,129.77777777777777,"{'DROPOUT': 160, 'END_OF_DATA': 20}",100000
180,327904.75671322277,327.90475671322275,0.7888888888888889,72.55991705794176,15.548368847077505,249.89649163504188,427904.7567132228,129.77777777777777,"{'DROPOUT': 160, 'END_OF_DATA': 20}",100000
180,311015.2910647513,311.0152910647513,0.7388888888888889,49.458650017001986,18.019604834288675,99.09038758867466,411015.2910647513,129.77777777777777,"{'DROPOUT': 160, 'END_OF_DATA': 20}",100000
180,721493.8300632699,721.4938300632699,0.7555555555555555,97.56364707525425,20.01838603421115,303.4101915091749,821493.83006327,129.77777777777777,"{'DROPOUT': 160, 'END_OF_DATA': 20}",100000
180,348590.1894313862,348.5901894313862,0.7333333333333333,91.70276579866484,18.41958739060135,290.4183216129361,448590.1894313861,129.77777777777777,"{'DROPOUT': 160, 'END_OF_DATA': 20}",100000
180,457472.3563680277,457.4723563680277,0.7722222222222223,58.951151670167526,17.274388120429762,137.02395939296667,557472.3563680275,129.77777777777777,"{'DROPOUT': 160, 'END_OF_DATA': 20}",100000
180,387141.9737055426,387.1419737055426,0.8055555555555556,91.23387980346526,20.020398222479518,329.65564080641207,487141.97370554256,129.77777777777777,"{'DROPOUT': 160, 'END_OF_DATA': 20}",100000
180,497815.2529002875,497.8152529002875,0.7777777777777778,126.10504419469515,18.11548370502741,374.00011663419514,597815.2529002873,129.77777777777777,"{'DROPOUT': 160, 'END_OF_DATA': 20}",100000
180,588212.9292232147,588.2129292232148,0.7222222222222222,87.33777821081851,16.683191835596617,252.0104192135804,688212.9292232151,129.77777777777777,"{'DROPOUT': 160, 'END_OF_DATA': 20}",100000
180,487246.17714818835,487.24617714818834,0.7888888888888889,93.15600963189694,16.854230750599797,333.61713725272364,587246.1771481885,129.77777777777777,"{'DROPOUT': 160, 'END_OF_DATA': 20}",100000
180,688483.3971267301,688.4833971267301,0.7944444444444444,123.7425504195181,26.130586384166342,369.6929827532929,788483.3971267301,129.77777777777777,"{'DROPOUT': 160, 'END_OF_DATA': 20}",100000
180,386282.0854389093,386.2820854389093,0.7611111111111111,128.0964855370821,12.070023855489612,456.0937797394231,486282.0854389094,129.77777777777777,"{'DROPOUT': 160, 'END_OF_DATA': 20}",100000
180,657044.9645672073,657.0449645672072,0.7888888888888889,100.10848928358776,19.43137734077652,303.4978663954651,757044.9645672076,129.77777777777777,"{'DROPOUT': 160, 'END_OF_DATA': 20}",100000
180,527237.6034629735,527.2376034629735,0.7666666666666667,97.20616664824013,15.33578099207325,321.3966497791615,627237.6034629735,129.77777777777777,"{'DROPOUT': 160, 'END_OF_DATA': 20}",100000
180,400148.24205660936,400.1482420566093,0.7388888888888889,71.44176745109151,15.730101609107887,291.6409811894996,500148.24205660966,129.77777777777777,"{'DROPOUT': 160, 'END_OF_DATA': 20}",100000
180,359844.1867255902,359.8441867255902,0.8111111111111111,80.96822047589318,18.70952513501109,277.38623350340583,459844.1867255904,129.77777777777777,"{'DROPOUT': 160, 'END_OF_DATA': 20}",100000
180,581159.2707931632,581.1592707931633,0.8277777777777777,89.73556725729944,18.977619196670503,285.95342314422584,681159.2707931632,129.77777777777777,"{'DROPOUT': 160, 'END_OF_DATA': 20}",100000
180,655799.6741489542,655.7996741489542,0.7277777777777777,92.1061052130722,13.795813013033424,295.9905383327243,755799.6741489545,129.77777777777777,"{'DROPOUT': 160, 'END_OF_DATA': 20}",100000
180,583782.8659468382,583.7828659468381,0.8222222222222222,107.2526241122192,22.71654670562311,350.22823259027683,683782.8659468383,129.77777777777777,"{'DROPOUT': 160, 'END_OF_DATA': 20}",100000
180,317997.5633362966,317.9975633362966,0.7777777777777778,78.40396003005463,17.204380748483157,281.7574394414145,417997.5633362966,129.77777777777777,"{'DROPOUT': 160, 'END_OF_DATA': 20}",100000
180,372826.4145742166,372.8264145742166,0.7888888888888889,62.30912951231941,17.73435742014688,177.15328519582272,472826.4145742166,129.77777777777777,"{'DROPOUT': 160, 'END_OF_DATA': 20}",100000
180,379957.1306593097,379.9571306593097,0.75,85.42946068095435,18.463999240757744,246.61885243412533,479957.1306593095,129.77777777777777,"{'DROPOUT': 160, 'END_OF_DATA': 20}",100000
180,442337.8803927809,442.33788039278085,0.7555555555555555,86.45060752429423,14.289002044676355,344.48525076980485,542337.8803927808,129.77777777777777,"{'DROPOUT': 160, 'END_OF_DATA': 20}",100000
180,480842.86252463894,480.8428625246389,0.7666666666666667,85.38507952400299,27.271134721959754,223.93300811235125,580842.8625246388,129.77777777777777,"{'DROPOUT': 160, 'END_OF_DATA': 20}",100000
180,633844.5865654609,633.8445865654609,0.7833333333333333,90.84143762060151,20.171639846169626,289.7731611857295,733844.5865654609,129.77777777777777,"{'DROPOUT': 160, 'END_OF_DATA': 20}",100000
180,727337.5746552346,727.3375746552346,0.7944444444444444,118.32286572677596,25.435478416414597,372.2090429422942,827337.5746552348,129.77777777777777,"{'DROPOUT': 160, 'END_OF_DATA': 20}",100000
180,415988.76296829537,415.9887629682954,0.8111111111111111,65.17374646343,22.04283435018686,154.27312812210278,515988.76296829537,129.77777777777777,"{'DROPOUT': 160, 'END_OF_DATA': 20}",100000
180,292010.22779053135,292.01022779053136,0.8111111111111111,61.21850475370033,20.99246429492151,196.20344112087804,392010.2277905314,129.77777777777777,"{'DROPOUT': 160, 'END_OF_DATA': 20}",100000
180,638807.6045682224,638.8076045682224,0.8111111111111111,101.47228090601254,20.376551214512624,350.40219374749574,738807.6045682221,129.77777777777777,"{'DROPOUT': 160, 'END_OF_DATA': 20}",100000
180,382688.1885096041,382.68818850960406,0.7388888888888889,77.65773156021842,16.46800573565056,250.14677243383983,482688.188509604,129.77777777777777,"{'DROPOUT': 160, 'END_OF_DATA': 20}",100000
180,452977.6246259707,452.9776246259707,0.7666666666666667,124.30005326666374,15.342216423461768,437.23053648582476,552977.6246259707,129.77777777777777,"{'DROPOUT': 160, 'END_OF_DATA': 20}",100000
180,354297.733974412,354.29773397441204,0.8,53.65945486687155,21.501501042889164,113.28151130943391,454297.733974412,129.77777777777777,"{'DROPOUT': 160, 'END_OF_DATA': 20}",100000
180,318459.55389923556,318.4595538992356,0.7722222222222223,60.4798719676074,20.37360760137565,199.6830931301771,418459.5538992356,129.77777777777777,"{'DROPOUT': 160, 'END_OF_DATA': 20}",100000
180,340405.59310340625,340.40559310340626,0.7888888888888889,53.10509411795882,17.15686046704859,124.43218862357872,440405.5931034061,129.77777777777777,"{'DROPOUT': 160, 'END_OF_DATA': 20}",100000
180,392803.46989435673,392.80346989435674,0.7888888888888889,106.68401611899687,15.736122512795784,369.54403676393406,492803.46989435644,129.77777777777777,"{'DROPOUT': 160, 'END_OF_DATA': 20}",100000
180,747536.613607053,747.5366136070529,0.7722222222222223,119.53046974523703,16.32118590579278,400.4736939882021,847536.6136070527,129.77777777777777,"{'DROPOUT': 160, 'END_OF_DATA': 20}",100000
180,561716.4593929343,561.7164593929343,0.7666666666666667,100.37134797959376,16.19483266464853,344.4466279791582,661716.4593929341,129.77777777777777,"{'DROPOUT': 160, 'END_OF_DATA': 20}",100000
180,427462.3666564769,427.46236665647695,0.7888888888888889,80.35854524294385,18.277652899515708,296.0529011084542,527462.366656477,129.77777777777777,"{'DROPOUT': 160, 'END_OF_DATA': 20}",100000
180,355759.0547040318,355.75905470403177,0.8111111111111111,86.84929842319119,21.90982116514929,281.873045008999,455759.0547040317,129.77777777777777,"{'DROPOUT': 160, 'END_OF_DATA': 20}",100000
180,332996.0972801335,332.99609728013354,0.7888888888888889,68.86348258837099,15.321481188994941,221.7036187879625,432996.0972801337,129.77777777777777,"{'DROPOUT': 160, 'END_OF_DATA': 20}",100000
180,393614.0547711031,393.6140547711031,0.7888888888888889,88.74164329349105,20.175444165462075,292.98661920939475,493614.0547711029,129.77777777777777,"{'DROPOUT': 160, 'END_OF_DATA': 20}",100000
180,406625.0471703765,406.6250471703765,0.7444444444444445,64.79484898411803,14.064104224431993,157.73270587287755,506625.0471703766,129.77777777777777,"{'DROPOUT': 160, 'END_OF_DATA': 20}",100000
180,699514.889838059,699.5148898380589,0.8,120.45545469150485,20.819236612812993,368.32281023027923,799514.8898380589,129.77777777777777,"{'DROPOUT': 160, 'END_OF_DATA': 20}",100000
180,435652.18058541906,435.65218058541905,0.7611111111111111,78.74048400039824,13.813321386623734,239.52092353088142,535652.180585419,129.77777777777777,"{'DROPOUT': 160, 'END_OF_DATA': 20}",100000
180,844841.8119002623,844.8418119002623,0.8111111111111111,120.20199403320508,22.062741793584145,328.4359640461677,944841.811900262,129.77777777777777,"{'DROPOUT': 160, 'END_OF_DATA': 20}",100000
180,457599.9181304092,457.5999181304092,0.7888888888888889,114.31586413390465,19.277517060899335,389.5032396531356,557599.9181304092,129.77777777777777,"{'DROPOUT': 160, 'END_OF_DATA': 20}",100000
180,483432.9037635847,483.4329037635847,0.7944444444444444,120.1767733485567,18.921393308152087,369.23167644866675,583432.9037635844,129.77777777777777,"{'DROPOUT': 160, 'END_OF_DATA': 20}",100000
180,608162.1833992187,608.1621833992187,0.7888888888888889,88.14521989198612,20.077520771238163,294.95462864408637,708162.1833992188,129.77777777777777,"{'DROPOUT': 160, 'END_OF_DATA': 20}",100000
180,367556.40943803266,367.5564094380327,0.75,75.9052227041437,12.36229328805416,304.49695814894085,467556.4094380324,129.77777777777777,"{'DROPOUT': 160, 'END_OF_DATA': 20}",100000
180,804912.6995868327,804.9126995868326,0.8166666666666667,137.35683363337182,20.721212913659315,459.2567284540145,904912.6995868324,129.77777777777777,"{'DROPOUT': 160, 'END_OF_DATA': 20}",100000
180,338818.2862228023,338.81828622280227,0.7444444444444445,82.43344305169572,12.960581141941955,301.35539444829374,438818.2862228023,129.77777777777777,"{'DROPOUT': 160, 'END_OF_DATA': 20}",100000
180,504760.28465007246,504.7602846500725,0.7833333333333333,134.9272133436755,23.648667662809597,391.0177449962304,604760.2846500726,129.77777777777777,"{'DROPOUT': 160, 'END_OF_DATA': 20}",100000
180,430929.5177947843,430.92951779478426,0.8111111111111111,83.53390845553355,17.463403480270408,251.38355854594877,530929.5177947842,129.77777777777777,"{'DROPOUT': 160, 'END_OF_DATA': 20}",100000
180,764185.2373465456,764.1852373465456,0.7666666666666667,97.15513659141666,18.460495014935535,337.6847537128875,864185.2373465456,129.77777777777777,"{'DROPOUT': 160, 'END_OF_DATA': 20}",100000
180,417118.1281563599,417.1181281563599,0.7944444444444444,67.12022156683055,21.656925070779458,178.7518551167521,517118.12815635954,129.77777777777777,"{'DROPOUT': 160, 'END_OF_DATA': 20}",100000
180,247323.76149989665,247.32376149989665,0.7444444444444445,60.06118588869619,12.903595833934512,211.93663725650768,347323.7614998964,129.77777777777777,"{'DROPOUT': 160, 'END_OF_DATA': 20}",100000
180,363811.0537994527,363.81105379945274,0.7722222222222223,58.072183700920746,17.49368503108215,148.36784986439304,463811.05379945267,129.77777777777777,"{'DROPOUT': 160, 'END_OF_DATA': 20}",100000
180,346443.13987032755,346.44313987032757,0.8166666666666667,105.30782491339234,19.78806617830527,344.0211072319932,446443.13987032766,129.77777777777777,"{'DROPOUT': 160, 'END_OF_DATA': 20}",100000
180,401912.8060679591,401.91280606795914,0.75,60.60633939785916,16.53522226820121,218.727184957845,501912.8060679595,129.77777777777777,"{'DROPOUT': 160, 'END_OF_DATA': 20}",100000
180,399188.129135373,399.188129135373,0.7555555555555555,60.8304017248182,18.68249714987364,205.06402998179618,499188.12913537305,129.77777777777777,"{'DROPOUT': 160, 'END_OF_DATA': 20}",100000
180,433017.5886760551,433.0175886760551,0.8444444444444444,82.7225866300211,22.842237867790175,260.81588105535656,533017.5886760548,129.77777777777777,"{'DROPOUT': 160, 'END_OF_DATA': 20}",100000
180,385535.29563159484,385.53529563159486,0.7722222222222223,58.44771443531453,16.126829927924764,130.46303601517724,485535.29563159484,129.77777777777777,"{'DROPOUT': 160, 'END_OF_DATA': 20}",100000
180,350190.2238788073,350.1902238788073,0.7611111111111111,73.00787982816142,19.249954939231564,277.1407089809558,450190.2238788071,129.77777777777777,"{'DROPOUT': 160, 'END_OF_DATA': 20}",100000
180,367685.3208722002,367.6853208722002,0.8055555555555556,71.91032453691383,21.63845556228776,168.2966518790758,467685.3208722001,129.77777777777777,"{'DROPOUT': 160, 'END_OF_DATA': 20}",100000
180,315855.93434706726,315.85593434706726,0.7944444444444444,103.1475293967933,18.06231463052414,366.1516073685694,415855.9343470673,129.77777777777777,"{'DROPOUT': 160, 'END_OF_DATA': 20}",100000
180,763109.9809699005,763.1099809699004,0.7944444444444444,124.22228631317485,22.412246093737544,375.00597914104367,863109.9809699001,129.77777777777777,"{'DROPOUT': 160, 'END_OF_DATA': 20}",100000
180,394186.90538646845,394.1869053864684,0.7722222222222223,76.13595255708044,17.678509667625026,229.66990522589288,494186.90538646857,129.77777777777777,"{'DROPOUT': 160, 'END_OF_DATA': 20}",100000
180,551836.0276892333,551.8360276892333,0.7666666666666667,92.33647866876674,16.356340140637236,298.44899829487036,651836.0276892331,129.77777777777777,"{'DROPOUT': 160, 'END_OF_DATA': 20}",100000
180,357330.88818617625,357.33088818617625,0.75,115.51680355161722,16.885555273995845,398.06791200093267,457330.8881861764,129.77777777777777,"{'DROPOUT': 160, 'END_OF_DATA': 20}",100000
180,437620.61183580017,437.62061183580016,0.8277777777777777,76.61384928073068,20.20833322295444,252.84366359154555,537620.6118358,129.77777777777777,"{'DROPOUT': 160, 'END_OF_DATA': 20}",100000
180,926744.0357615583,926.7440357615584,0.7388888888888889,131.59992679479353,19.456829389719083,421.0837413339912,1026744.0357615585,129.77777777777777,"{'DROPOUT': 160, 'END_OF_DATA': 20}",100000
180,844450.1076938907,844.4501076938908,0.8,132.9354437928846,17.79282761707482,433.76642638811217,944450.1076938906,129.77777777777777,"{'DROPOUT': 160, 'END_OF_DATA': 20}",100000
180,193006.59901258798,193.006599012588,0.8,58.991186853340835,16.279193577055214,195.6086702371564,293006.59901258786,129.77777777777777,"{'DROPOUT': 160, 'END_OF_DATA': 20}",100000
180,285520.44425855036,285.52044425855036,0.7833333333333333,76.8946552002926,14.834850212640402,287.7529956903321,385520.44425855024,129.77777777777777,"{'DROPOUT': 160, 'END_OF_DATA': 20}",100000
180,269685.5200133745,269.6855200133745,0.7944444444444444,79.18830141759322,15.265935387749451,288.6364322890643,369685.52001337433,129.77777777777777,"{'DROPOUT': 160, 'END_OF_DATA': 20}",100000
180,422462.41676822834,422.46241676822837,0.8222222222222222,101.74861774986233,19.892792145139683,366.72854251141035,522462.4167682285,129.77777777777777,"{'DROPOUT': 160, 'END_OF_DATA': 20}",100000
180,350278.4212612557,350.2784212612557,0.7444444444444445,74.94479278699829,18.779709030846487,253.6641722872064,450278.42126125545,129.77777777777777,"{'DROPOUT': 160, 'END_OF_DATA': 20}",100000
180,687741.2932188573,687.7412932188572,0.7388888888888889,99.80735437566177,17.807403615455787,338.56704232827923,787741.293218857,129.77777777777777,"{'DROPOUT': 160, 'END_OF_DATA': 20}",100000
180,393505.1843517957,393.50518435179566,0.7722222222222223,85.02069698517698,18.162681377223045,297.60693281627647,493505.1843517956,129.77777777777777,"{'DROPOUT': 160, 'END_OF_DATA': 20}",100000
180,586495.8215153455,586.4958215153455,0.8222222222222222,100.47028250789317,16.34817030192138,373.27061238183546,686495.8215153456,129.77777777777777,"{'DROPOUT': 160, 'END_OF_DATA': 20}",100000
180,497507.48328722786,497.5074832872279,0.7388888888888889,97.65682612606723,19.67478551060057,334.56782840590006,597507.4832872277,129.77777777777777,"{'DROPOUT': 160, 'END_OF_DATA': 20}",100000
180,500791.55489195307,500.79155489195307,0.7833333333333333,82.50199422350217,14.38932702087508,296.41809736344004,600791.554891953,129.77777777777777,"{'DROPOUT': 160, 'END_OF_DATA': 20}",100000
180,676123.9774997545,676.1239774997545,0.8222222222222222,103.92628418882545,19.93764694426542,318.2779467139836,776123.9774997545,129.77777777777777,"{'DROPOUT': 160, 'END_OF_DATA': 20}",100000
180,488987.3392077364,488.9873392077364,0.7777777777777778,99.75122796368653,24.548967385131707,298.6074500379353,588987.3392077362,129.77777777777777,"{'DROPOUT': 160, 'END_OF_DATA': 20}",100000
180,412536.7237772308,412.5367237772308,0.7777777777777778,87.24282569894636,18.244478888027015,302.689062636133,512536.7237772309,129.77777777777777,"{'DROPOUT': 160, 'END_OF_DATA': 20}",100000
180,412350.05548093823,412.35005548093824,0.7444444444444445,86.63600915531009,13.522272569890658,295.3035571026943,512350.05548093823,129.77777777777777,"{'DROPOUT': 160, 'END_OF_DATA': 20}",100000
180,330807.82048706396,330.80782048706396,0.7833333333333333,69.52622113719136,17.110642537307587,270.96080113253555,430807.82048706384,129.77777777777777,"{'DROPOUT': 160, 'END_OF_DATA': 20}",100000
180,499844.87665560626,499.8448766556063,0.7444444444444445,108.58575410674528,17.284154003389965,310.3196197859851,599844.8766556064,129.77777777777777,"{'DROPOUT': 160, 'END_OF_DATA': 20}",100000
180,429470.59525705565,429.4705952570556,0.7777777777777778,64.9053162507384,24.85331972271529,138.92294034629177,529470.5952570554,129.77777777777777,"{'DROPOUT': 160, 'END_OF_DATA': 20}",100000
180,574213.8625426393,574.2138625426392,0.8388888888888889,100.24189315654141,21.959920224624238,275.62403439499985,674213.8625426393,129.77777777777777,"{'DROPOUT': 160, 'END_OF_DATA': 20}",100000
180,613314.4496721835,613.3144496721835,0.7666666666666667,99.25792703559249,23.17938834560411,299.0877804068429,713314.4496721835,129.77777777777777,"{'DROPOUT': 160, 'END_OF_DATA': 20}",100000
180,493550.6617577217,493.5506617577217,0.7888888888888889,94.28776309670221,24.450539555074563,302.24659007639775,593550.6617577218,129.77777777777777,"{'DROPOUT': 160, 'END_OF_DATA': 20}",100000
180,756041.5747089777,756.0415747089778,0.7666666666666667,109.30122245346162,20.46779838889589,314.95245425685897,856041.5747089775,129.77777777777777,"{'DROPOUT': 160, 'END_OF_DATA': 20}",100000
180,545937.5197219125,545.9375197219124,0.7388888888888889,111.83616859315397,15.666230084585088,394.5138245803539,645937.5197219127,129.77777777777777,"{'DROPOUT': 160, 'END_OF_DATA': 20}",100000
180,419484.8906831836,419.48489068318366,0.7944444444444444,116.17189344890458,15.647286739241412,430.90873727155804,519484.8906831837,129.77777777777777,"{'DROPOUT': 160, 'END_OF_DATA': 20}",100000
180,487958.1287380778,487.9581287380778,0.8388888888888889,77.34361341593329,22.23161609719166,271.30180205822853,587958.128738078,129.77777777777777,"{'DROPOUT': 160, 'END_OF_DATA': 20}",100000
180,272754.32439620746,272.7543243962075,0.7555555555555555,58.175393922625275,15.063203720815707,219.32077481057408,372754.3243962074,129.77777777777777,"{'DROPOUT': 160, 'END_OF_DATA': 20}",100000
180,439327.37180310674,439.3273718031067,0.75,108.61435238561565,17.910300243241394,392.3585340714361,539327.3718031065,129.77777777777777,"{'DROPOUT': 160, 'END_OF_DATA': 20}",100000
180,228724.94254834545,228.72494254834544,0.7888888888888889,86.50749690436467,14.189079015415317,332.9235965632124,328724.9425483454,129.77777777777777,"{'DROPOUT': 160, 'END_OF_DATA': 20}",100000
180,603926.859567038,603.926859567038,0.7666666666666667,92.71708783483024,21.65638409763289,347.8773710756397,703926.8595670378,129.77777777777777,"{'DROPOUT': 160, 'END_OF_DATA': 20}",100000
180,585509.1501592969,585.509150159297,0.8166666666666667,94.36232247209925,21.103377148151697,295.82930735821975,685509.1501592972,129.77777777777777,"{'DROPOUT': 160, 'END_OF_DATA': 20}",100000
180,345113.54081263184,345.1135408126318,0.7611111111111111,91.48076375971303,19.66278051818853,295.50133617127443,445113.54081263184,129.77777777777777,"{'DROPOUT': 160, 'END_OF_DATA': 20}",100000
180,1206590.0568045173,1206.5900568045172,0.8222222222222222,181.9229377092152,25.42033366634902,535.1359116745856,1306590.0568045168,129.77777777777777,"{'DROPOUT': 160, 'END_OF_DATA': 20}",100000
180,244979.76506220887,244.97976506220888,0.7611111111111111,54.588009046009915,16.745503838662763,208.12844899339024,344979.7650622088,129.77777777777777,"{'DROPOUT': 160, 'END_OF_DATA': 20}",100000
180,312306.51369077736,312.30651369077736,0.8,44.324833162804445,17.8814091774082,129.0980849385045,412306.5136907773,129.77777777777777,"{'DROPOUT': 160, 'END_OF_DATA': 20}",100000
180,450224.10703590955,450.2241070359095,0.7722222222222223,71.88099653006888,14.400550714207487,175.28582788158363,550224.1070359098,129.77777777777777,"{'DROPOUT': 160, 'END_OF_DATA': 20}",100000
180,404435.1881908552,404.43518819085523,0.7666666666666667,82.40743126486755,12.609741834019795,279.8486434608857,504435.1881908551,129.77777777777777,"{'DROPOUT': 160, 'END_OF_DATA': 20}",100000
180,468897.67325219844,468.89767325219844,0.7944444444444444,77.5375195341075,18.23452263432778,284.98129796679893,568897.6732521984,129.77777777777777,"{'DROPOUT': 160, 'END_OF_DATA': 20}",100000
180,552741.5006711199,552.7415006711199,0.7777777777777778,93.01576721921326,14.772905858708256,293.49733384780814,652741.5006711195,129.77777777777777,"{'DROPOUT': 160, 'END_OF_DATA': 20}",100000
180,427715.0636480162,427.71506364801616,0.7444444444444445,85.8759105648468,18.60776521573195,253.85543829382874,527715.0636480162,129.77777777777777,"{'DROPOUT': 160, 'END_OF_DATA': 20}",100000
180,495808.3329030379,495.8083329030379,0.7222222222222222,81.7453093185894,19.752173239849938,229.2093154169666,595808.3329030379,129.77777777777777,"{'DROPOUT': 160, 'END_OF_DATA': 20}",100000
180,401725.82642267295,401.7258264226729,0.7555555555555555,95.73041072123611,14.759815908792909,318.3384264239281,501725.82642267284,129.77777777777777,"{'DROPOUT': 160, 'END_OF_DATA': 20}",100000
180,283803.47299142426,283.80347299142426,0.8,58.01168404487364,19.71407966786753,205.2432436171208,383803.4729914244,129.77777777777777,"{'DROPOUT': 160, 'END_OF_DATA': 20}",100000
180,718140.7153055817,718.1407153055817,0.7777777777777778,109.75817792334561,18.465908056106276,361.62059888159945,818140.7153055817,129.77777777777777,"{'DROPOUT': 160, 'END_OF_DATA': 20}",100000
180,616980.7732521549,616.980773252155,0.8277777777777777,98.63845473824757,22.523458700844216,308.8978626139036,716980.773252155,129.77777777777777,"{'DROPOUT': 160, 'END_OF_DATA': 20}",100000
180,468737.42594910803,468.73742594910806,0.7333333333333333,58.86214361544844,15.299515076555627,161.80742074257537,568737.4259491081,129.77777777777777,"{'DROPOUT': 160, 'END_OF_DATA': 20}",100000
180,438841.58069999143,438.8415806999914,0.7888888888888889,101.14751590956617,17.364092353277414,334.127268199932,538841.5806999914,129.77777777777777,"{'DROPOUT': 160, 'END_OF_DATA': 20}",100000
180,429525.4688317431,429.5254688317431,0.7277777777777777,64.84814612436547,13.169784442314679,247.89105055239077,529525.468831743,129.77777777777777,"{'DROPOUT': 160, 'END_OF_DATA': 20}",100000
180,288390.55276111106,288.39055276111105,0.7388888888888889,61.42486032128345,18.056746406467887,136.81111178844907,388390.55276111106,129.77777777777777,"{'DROPOUT': 160, 'END_OF_DATA': 20}",100000
180,380380.80629357754,380.3808062935775,0.8166666666666667,61.622497242745,18.456752422547005,213.0889353170451,480380.8062935779,129.77777777777777,"{'DROPOUT': 160, 'END_OF_DATA': 20}",100000
180,280474.88568638277,280.4748856863827,0.8,55.01982034702324,16.211125738866215,137.8944596167341,380474.88568638277,129.77777777777777,"{'DROPOUT': 160, 'END_OF_DATA': 20}",100000
180,493601.8752459899,493.60187524598985,0.7888888888888889,95.96166709652789,17.43482302768419,350.4489664336363,593601.8752459898,129.77777777777777,"{'DROPOUT': 160, 'END_OF_DATA': 20}",100000
180,695661.3019858422,695.6613019858421,0.7944444444444444,158.53451916618303,19.571429661342066,474.1838821113872,795661.3019858422,129.77777777777777,"{'DROPOUT': 160, 'END_OF_DATA': 20}",100000
180,326644.14731096267,326.64414731096264,0.8055555555555556,69.73675010340968,23.390214234019282,213.6541998680094,426644.1473109625,129.77777777777777,"{'DROPOUT': 160, 'END_OF_DATA': 20}",100000
180,428643.5679541725,428.6435679541725,0.7722222222222223,87.91995087406774,18.588346881502062,272.91976371827315,528643.5679541725,129.77777777777777,"{'DROPOUT': 160, 'END_OF_DATA': 20}",100000
180,603855.7257803429,603.8557257803429,0.8222222222222222,88.4397447059742,19.846494174035733,273.46573601637607,703855.7257803434,129.77777777777777,"{'DROPOUT': 160, 'END_OF_DATA': 20}",100000
180,288141.4187191821,288.14141871918207,0.7666666666666667,68.99065736922783,18.506498763434614,213.84207283675582,388141.4187191822,129.77777777777777,"{'DROPOUT': 160, 'END_OF_DATA': 20}",100000
180,471180.7419013039,471.18074190130386,0.8,92.74960831783838,17.610775564410304,340.999956993909,571180.7419013038,129.77777777777777,"{'DROPOUT': 160, 'END_OF_DATA': 20}",100000
180,434306.96338526637,434.30696338526633,0.7666666666666667,68.65314042420673,17.047161267873236,154.87119315324077,534306.9633852664,129.77777777777777,"{'DROPOUT': 160, 'END_OF_DATA': 20}",100000
180,524163.0347019073,524.1630347019072,0.7722222222222223,85.82103363774715,16.848099641942895,289.97098239869547,624163.0347019074,129.77777777777777,"{'DROPOUT': 160, 'END_OF_DATA': 20}",100000
180,540658.5716889218,540.6585716889218,0.85,89.36851751442357,25.65201673433155,286.46530122989304,640658.5716889219,129.77777777777777,"{'DROPOUT': 160, 'END_OF_DATA': 20}",100000
180,702690.8948015242,702.6908948015242,0.7833333333333333,127.75076589403531,23.793589324886472,431.39300560891087,802690.8948015241,129.77777777777777,"{'DROPOUT': 160, 'END_OF_DATA': 20}",100000
180,290259.8481429876,290.25984814298755,0.7888888888888889,48.605050885045756,15.104713517103187,116.51692623346608,390259.8481429875,129.77777777777777,"{'DROPOUT': 160, 'END_OF_DATA': 20}",100000
180,312559.8663644637,312.5598663644637,0.7333333333333333,64.81104473936534,14.286606628405494,214.38352502901537,412559.86636446364,129.77777777777777,"{'DROPOUT': 160, 'END_OF_DATA': 20}",100000
180,843325.0624774788,843.3250624774788,0.8,122.32176395733711,19.91281174978038,380.21863011458,943325.062477479,129.77777777777777,"{'DROPOUT': 160, 'END_OF_DATA': 20}",100000
180,477834.4227559809,477.8344227559809,0.7388888888888889,74.18443213047148,17.85786252343975,255.84133324814042,577834.4227559807,129.77777777777777,"{'DROPOUT': 160, 'END_OF_DATA': 20}",100000
180,626976.7588177912,626.9767588177913,0.7388888888888889,130.42381520550273,15.322083086023007,454.97351274981906,726976.7588177914,129.77777777777777,"{'DROPOUT': 160, 'END_OF_DATA': 20}",100000
180,370133.2741267205,370.1332741267205,0.7666666666666667,54.03451508041443,22.22222294083534,89.05330026471549,470133.2741267204,129.77777777777777,"{'DROPOUT': 160, 'END_OF_DATA': 20}",100000
180,498731.03322039207,498.731033220392,0.75,110.05222239806274,19.746829830808505,375.4380826154521,598731.0332203918,129.77777777777777,"{'DROPOUT': 160, 'END_OF_DATA': 20}",100000
180,399243.68797411025,399.24368797411023,0.7611111111111111,100.82680971970541,21.757903824194145,342.41569832756574,499243.68797411,129.77777777777777,"{'DROPOUT': 160, 'END_OF_DATA': 20}",100000
180,379442.06359602197,379.44206359602197,0.7777777777777778,66.4849082539968,16.611480934814104,272.74762815102326,479442.06359602185,129.77777777777777,"{'DROPOUT': 160, 'END_OF_DATA': 20}",100000
180,660616.2551344959,660.616255134496,0.8055555555555556,112.98968343073989,22.896331365220263,340.8538178821556,760616.2551344953,129.77777777777777,"{'DROPOUT': 160, 'END_OF_DATA': 20}",100000
180,669606.5974896238,669.6065974896238,0.7944444444444444,108.65667360027284,20.216711833488617,348.0237706546684,769606.597489624,129.77777777777777,"{'DROPOUT': 160, 'END_OF_DATA': 20}",100000
180,336837.4969719257,336.8374969719257,0.8055555555555556,116.93217137654683,23.373944491550112,389.59158920013226,436837.49697192566,129.77777777777777,"{'DROPOUT': 160, 'END_OF_DATA': 20}",100000
180,1000120.8867951266,1000.1208867951267,0.7888888888888889,136.27790786910757,20.94763090963737,450.2188956028937,1100120.8867951268,129.77777777777777,"{'DROPOUT': 160, 'END_OF_DATA': 20}",100000
180,291091.0041474948,291.0910041474948,0.8166666666666667,71.3951829965259,23.14724483285972,220.5529788143869,391091.00414749456,129.77777777777777,"{'DROPOUT': 160, 'END_OF_DATA': 20}",100000
180,692715.0319455441,692.7150319455441,0.7833333333333333,107.46723905220163,20.293732915694747,337.8249934518848,792715.0319455445,129.77777777777777,"{'DROPOUT': 160, 'END_OF_DATA': 20}",100000
180,328253.1864133872,328.25318641338714,0.7722222222222223,76.11518012014668,17.380031306042977,245.69383180200157,428253.1864133875,129.77777777777777,"{'DROPOUT': 160, 'END_OF_DATA': 20}",100000
180,360084.9416330581,360.08494163305807,0.7944444444444444,69.14750055494206,21.391806856796634,225.054277380882,460084.94163305796,129.77777777777777,"{'DROPOUT': 160, 'END_OF_DATA': 20}",100000
180,311690.2937293762,311.6902937293762,0.7833333333333333,80.18032267218797,17.011562870392677,259.7840850958826,411690.2937293762,129.77777777777777,"{'DROPOUT': 160, 'END_OF_DATA': 20}",100000
180,703435.9003029426,703.4359003029426,0.7611111111111111,98.67578993867613,17.808406877494185,328.44666792538055,803435.9003029423,129.77777777777777,"{'DROPOUT': 160, 'END_OF_DATA': 20}",100000
180,600307.7958203768,600.3077958203768,0.7722222222222223,126.89517597241655,19.585446676238647,426.0162272384442,700307.7958203771,129.77777777777777,"{'DROPOUT': 160, 'END_OF_DATA': 20}",100000
180,427422.7480765769,427.4227480765769,0.7333333333333333,75.14833109452084,16.1692783524615,254.80927115425376,527422.7480765769,129.77777777777777,"{'DROPOUT': 160, 'END_OF_DATA': 20}",100000
180,332958.1885054708,332.95818850547084,0.7222222222222222,96.6397040713477,14.902171088298967,344.2407731085866,432958.1885054707,129.77777777777777,"{'DROPOUT': 160, 'END_OF_DATA': 20}",100000
180,382420.62097732385,382.42062097732384,0.7833333333333333,112.80403926892868,22.970480619756987,357.2362370959433,482420.6209773237,129.77777777777777,"{'DROPOUT': 160, 'END_OF_DATA': 20}",100000
180,465435.11350660655,465.4351135066065,0.8277777777777777,89.39948749734162,15.778577275865153,328.41779139255857,565435.1135066067,129.77777777777777,"{'DROPOUT': 160, 'END_OF_DATA': 20}",100000
180,354601.30766126025,354.60130766126025,0.8277777777777777,52.28918717511895,17.099074163941495,195.361459068344,454601.3076612603,129.77777777777777,"{'DROPOUT': 160, 'END_OF_DATA': 20}",100000
180,459731.6955488706,459.7316955488706,0.85,98.24288899373201,24.968516212465197,303.6826527633471,559731.6955488705,129.77777777777777,"{'DROPOUT': 160, 'END_OF_DATA': 20}",100000
180,508730.2102245637,508.73021022456373,0.7944444444444444,101.96790009616778,16.021716943890805,365.70195609630036,608730.2102245635,129.77777777777777,"{'DROPOUT': 160, 'END_OF_DATA': 20}",100000
180,428953.03192472516,428.95303192472517,0.7944444444444444,67.7926334589772,18.141989504411583,170.34739217442652,528953.0319247252,129.77777777777777,"{'DROPOUT': 160, 'END_OF_DATA': 20}",100000
180,428078.68220728124,428.07868220728125,0.8055555555555556,78.78742114389199,16.763037316900558,283.21437372014014,528078.6822072814,129.77777777777777,"{'DROPOUT': 160, 'END_OF_DATA': 20}",100000
180,498862.4388361905,498.8624388361905,0.7444444444444445,125.08231002198964,18.848302772361656,392.59363598658774,598862.4388361903,129.77777777777777,"{'DROPOUT': 160, 'END_OF_DATA': 20}",100000
180,780929.8916134861,780.9298916134861,0.8333333333333334,152.09795093976965,26.766740117908697,470.75776424697506,880929.8916134858,129.77777777777777,"{'DROPOUT': 160, 'END_OF_DATA': 20}",100000
180,339740.0892975405,339.7400892975405,0.7222222222222222,71.2522443297807,14.253792023481985,229.56123330289918,439740.08929754054,129.77777777777777,"{'DROPOUT': 160, 'END_OF_DATA': 20}",100000
180,587988.833881228,587.988833881228,0.8055555555555556,92.14391662692957,18.776438211020178,271.25717921677483,687988.8338812285,129.77777777777777,"{'DROPOUT': 160, 'END_OF_DATA': 20}",100000
180,375655.49049986247,375.6554904998625,0.7833333333333333,58.55681200067884,22.454779998182403,112.61398776010492,475655.49049986247,129.77777777777777,"{'DROPOUT': 160, 'END_OF_DATA': 20}",100000
180,386347.94096895953,386.34794096895956,0.8166666666666667,114.95522407836386,20.039093974199133,404.13278508904625,486347.9409689594,129.77777777777777,"{'DROPOUT': 160, 'END_OF_DATA': 20}",100000
180,430112.8121959437,430.1128121959438,0.7611111111111111,96.50391225580566,16.540581737455096,310.27168200314424,530112.8121959436,129.77777777777777,"{'DROPOUT': 160, 'END_OF_DATA': 20}",100000
180,590525.7156327448,590.5257156327449,0.8166666666666667,101.63702590811121,26.509389713542667,268.7933506946456,690525.7156327448,129.77777777777777,"{'DROPOUT': 160, 'END_OF_DATA': 20}",100000
180,406198.26260389446,406.1982626038945,0.7277777777777777,102.11572913852041,16.330625624252093,309.737628771,506198.2626038946,129.77777777777777,"{'DROPOUT': 160, 'END_OF_DATA': 20}",100000
180,366103.96807962714,366.1039680796272,0.7277777777777777,52.203191850041165,14.817045159149373,137.047766206032,466103.9680796271,129.77777777777777,"{'DROPOUT': 160, 'END_OF_DATA': 20}",100000
180,292083.0102610411,292.0830102610411,0.75,48.15613489483947,16.97525111738213,96.27876125084407,392083.01026104105,129.77777777777777,"{'DROPOUT': 160, 'END_OF_DATA': 20}",100000
180,776979.256806811,776.979256806811,0.7944444444444444,108.59349826140259,19.044443766276054,338.8301074645367,876979.2568068113,129.77777777777777,"{'DROPOUT': 160, 'END_OF_DATA': 20}",100000
180,608211.8787448145,608.2118787448145,0.7611111111111111,123.0180780959284,16.073487214148678,422.96663784683426,708211.8787448147,129.77777777777777,"{'DROPOUT': 160, 'END_OF_DATA': 20}",100000
180,230442.3071611293,230.44230716112932,0.8388888888888889,50.660573826494705,19.16824092208089,163.04342880344493,330442.3071611295,129.77777777777777,"{'DROPOUT': 160, 'END_OF_DATA': 20}",100000
180,457265.72938114626,457.2657293811463,0.7722222222222223,69.46913199705337,23.082973752543566,164.6557200405934,557265.7293811463,129.77777777777777,"{'DROPOUT': 160, 'END_OF_DATA': 20}",100000
180,493825.15248224593,493.8251524822459,0.8333333333333334,97.11574685516887,15.884232703375428,283.245817834748,593825.1524822459,129.77777777777777,"{'DROPOUT': 160, 'END_OF_DATA': 20}",100000
180,619743.3224463253,619.7433224463254,0.7388888888888889,95.70675046871358,19.43472683139167,320.37674549286584,719743.3224463251,129.77777777777777,"{'DROPOUT': 160, 'END_OF_DATA': 20}",100000
180,742853.3540887603,742.8533540887603,0.8333333333333334,115.9484840205701,21.410372764476932,311.3354747623603,842853.3540887601,129.77777777777777,"{'DROPOUT': 160, 'END_OF_DATA': 20}",100000
180,350602.49512639246,350.60249512639245,0.6944444444444444,56.720141969459384,14.89158005200545,238.2799462797402,450602.4951263926,129.77777777777777,"{'DROPOUT': 160, 'END_OF_DATA': 20}",100000
180,738396.3812362405,738.3963812362406,0.7722222222222223,106.80318056818894,20.160428759892838,317.3372697263671,838396.3812362405,129.77777777777777,"{'DROPOUT': 160, 'END_OF_DATA': 20}",100000
180,481068.15011995874,481.0681501199587,0.7777777777777778,76.89301879715134,15.13069638922787,279.8277666086027,581068.1501199588,129.77777777777777,"{'DROPOUT': 160, 'END_OF_DATA': 20}",100000
180,383957.77335989487,383.9577733598949,0.7277777777777777,57.274269167890026,14.99494491333142,205.23976329367324,483957.77335989475,129.77777777777777,"{'DROPOUT': 160, 'END_OF_DATA': 20}",100000
180,554470.8708441588,554.4708708441588,0.7388888888888889,87.19911695247886,11.811087937226645,312.64254834233134,654470.8708441587,129.77777777777777,"{'DROPOUT': 160, 'END_OF_DATA': 20}",100000
180,332264.3177280904,332.2643177280904,0.7944444444444444,69.8695222777811,14.862544263264052,218.7734561865006,432264.3177280902,129.77777777777777,"{'DROPOUT': 160, 'END_OF_DATA': 20}",100000
180,516743.21940233634,516.7432194023363,0.8222222222222222,77.69434394911418,21.788110905001894,182.72580527729167,616743.2194023364,129.77777777777777,"{'DROPOUT': 160, 'END_OF_DATA': 20}",100000
180,444121.98381912743,444.1219838191274,0.7611111111111111,76.53885186761403,16.61464275545201,251.14820508716883,544121.9838191275,129.77777777777777,"{'DROPOUT': 160, 'END_OF_DATA': 20}",100000
180,305945.38468966854,305.9453846896686,0.7333333333333333,72.59929393046747,19.912493384040147,272.4831375253918,405945.38468966837,129.77777777777777,"{'DROPOUT': 160, 'END_OF_DATA': 20}",100000
180,456784.9243307098,456.78492433070977,0.7555555555555555,85.46446216479026,22.303114920564116,222.95378423148878,556784.9243307099,129.77777777777777,"{'DROPOUT': 160, 'END_OF_DATA': 20}",100000
180,487879.7664505127,487.8797664505127,0.7888888888888889,100.98668687971933,19.648517929637404,349.414181977621,587879.7664505126,129.77777777777777,"{'DROPOUT': 160, 'END_OF_DATA': 20}",100000
180,2716799.6053231806,271.67996053231803,0.8166666666666667,113.56626636953466,21.944439677325086,381.47547302396845,3716799.605323181,129.77777777777777,"{'DROPOUT': 160, 'END_OF_DATA': 20}",1000000
180,2469148.8328855173,246.91488328855172,0.8111111111111111,74.45687519304708,18.823566477660307,218.30767257510553,3469148.832885517,129.77777777777777,"{'DROPOUT': 160, 'END_OF_DATA': 20}",1000000
180,2645273.8132064035,264.52738132064036,0.7277777777777777,80.65631040057961,12.49032300600829,248.02506807921264,3645273.813206404,129.77777777777777,"{'DROPOUT': 160, 'END_OF_DATA': 20}",1000000
180,3150079.5174771165,315.0079517477117,0.7888888888888889,55.259791330247914,14.932146690454367,124.7493756053634,4150079.5174771156,129.77777777777777,"{'DROPOUT': 160, 'END_OF_DATA': 20}",1000000
180,4562762.406557685,456.27624065576845,0.8,79.95377688628905,18.23455885731282,259.01951894261845,5562762.406557687,129.77777777777777,"{'DROPOUT': 160, 'END_OF_DATA': 20}",1000000
180,2683809.72050896,268.380972050896,0.7333333333333333,134.45537297935567,15.34981586866659,443.7701192458446,3683809.720508961,129.77777777777777,"{'DROPOUT': 160, 'END_OF_DATA': 20}",1000000
180,6286644.586542483,628.6644586542484,0.8111111111111111,126.19189417161114,19.926786519738513,383.8005469549952,7286644.58654248,129.77777777777777,"{'DROPOUT': 160, 'END_OF_DATA': 20}",1000000
180,5397870.403724096,539.7870403724096,0.8166666666666667,121.4168921441619,23.012612995884325,383.7618136005699,6397870.403724097,129.77777777777777,"{'DROPOUT': 160, 'END_OF_DATA': 20}",1000000
180,4887410.298529478,488.74102985294775,0.7722222222222223,88.8798537162402,13.903427497089861,296.8452151556071,5887410.2985294815,129.77777777777777,"{'DROPOUT': 160, 'END_OF_DATA': 20}",1000000
180,2773118.5765311318,277.3118576531132,0.8,103.96821369550851,22.17623134129414,338.23585893141666,3773118.576531131,129.77777777777777,"{'DROPOUT': 160, 'END_OF_DATA': 20}",1000000
180,5060029.183216095,506.0029183216095,0.7944444444444444,80.84735707404634,20.154468166154004,259.57902595986985,6060029.183216095,129.77777777777777,"{'DROPOUT': 160, 'END_OF_DATA': 20}",1000000
180,3416756.6243872605,341.675662438726,0.7666666666666667,81.55487294126623,19.023768946712277,295.6153588491697,4416756.624387261,129.77777777777777,"{'DROPOUT': 160, 'END_OF_DATA': 20}",1000000
180,3715764.531278958,371.57645312789583,0.8611111111111112,97.07321257840215,28.009293937726856,244.40013581454662,4715764.531278959,129.77777777777777,"{'DROPOUT': 160, 'END_OF_DATA': 20}",1000000
180,2884724.675350421,288.47246753504214,0.7944444444444444,146.8401958103103,23.333893116345585,416.50310589786517,3884724.675350421,129.77777777777777,"{'DROPOUT': 160, 'END_OF_DATA': 20}",1000000
180,2240964.718847367,224.0964718847367,0.7555555555555555,51.62623923269784,15.809422501249212,125.19871455860616,3240964.718847368,129.77777777777777,"{'DROPOUT': 160, 'END_OF_DATA': 20}",1000000
180,3584070.4221939757,358.40704221939757,0.7777777777777778,113.81788187954844,23.407893105304343,313.42834700149865,4584070.422193976,129.77777777777777,"{'DROPOUT': 160, 'END_OF_DATA': 20}",1000000
180,1535360.27529205,153.536027529205,0.7388888888888889,38.17423727159397,11.3503224845828,85.31052269797608,2535360.2752920496,129.77777777777777,"{'DROPOUT': 160, 'END_OF_DATA': 20}",1000000
180,4249001.134145957,424.90011341459575,0.8,131.39316752977894,23.869431381614305,420.73677760190003,5249001.134145959,129.77777777777777,"{'DROPOUT': 160, 'END_OF_DATA': 20}",1000000
180,3168731.9047434824,316.87319047434823,0.8111111111111111,75.69011939752694,20.375296743850477,222.74456796925725,4168731.9047434824,129.77777777777777,"{'DROPOUT': 160, 'END_OF_DATA': 20}",1000000
180,2245934.3836375317,224.59343836375317,0.8111111111111111,59.15716518921054,19.238856731936547,201.87881507225248,3245934.3836375335,129.77777777777777,"{'DROPOUT': 160, 'END_OF_DATA': 20}",1000000
180,4569116.010797109,456.9116010797109,0.7833333333333333,78.23874332107715,19.443992257068807,185.85615412737977,5569116.0107971085,129.77777777777777,"{'DROPOUT': 160, 'END_OF_DATA': 20}",1000000
180,1927065.3747267325,192.70653747267326,0.7944444444444444,61.94767361776785,17.132612222663642,219.09679663863903,2927065.374726732,129.77777777777777,"{'DROPOUT': 160, 'END_OF_DATA': 20}",1000000
180,3394256.4741722792,339.42564741722794,0.7666666666666667,84.4753291885306,16.35069027524326,329.2232061267436,4394256.474172279,129.77777777777777,"{'DROPOUT': 160, 'END_OF_DATA': 20}",1000000
180,2049722.8214238447,204.97228214238444,0.7388888888888889,66.7107156396869,17.69888272260728,227.2863607123221,3049722.8214238454,129.77777777777777,"{'DROPOUT': 160, 'END_OF_DATA': 20}",1000000
180,4893107.238880415,489.31072388804154,0.8111111111111111,92.72238082342919,22.2137637016792,303.56769731138127,5893107.238880414,129.77777777777777,"{'DROPOUT': 160, 'END_OF_DATA': 20}",1000000
180,3720046.318138932,372.0046318138932,0.7666666666666667,86.27676977732865,20.462557154513327,290.05604568096095,4720046.318138932,129.77777777777777,"{'DROPOUT': 160, 'END_OF_DATA': 20}",1000000
180,8469928.854108052,846.9928854108053,0.7777777777777778,120.71541789931119,20.361821027170976,424.9156749283464,9469928.85410805,129.77777777777777,"{'DROPOUT': 160, 'END_OF_DATA': 20}",1000000
180,2185666.6381144905,218.56666381144905,0.8333333333333334,58.39527569464233,16.67202006172,134.70395066497937,3185666.6381144905,129.77777777777777,"{'DROPOUT': 160, 'END_OF_DATA': 20}",1000000
180,5310794.439846884,531.0794439846885,0.7944444444444444,146.23534945854095,18.428617300537248,474.636527834758,6310794.4398468835,129.77777777777777,"{'DROPOUT': 160, 'END_OF_DATA': 20}",1000000
180,2491959.7553381966,249.19597553381965,0.7611111111111111,59.56920262751565,14.28129220771317,202.96735453961523,3491959.7553381957,129.77777777777777,"{'DROPOUT': 160, 'END_OF_DATA': 20}",1000000
180,3409786.768390597,340.9786768390597,0.7666666666666667,70.13644890053024,17.76688442774821,250.67896145056002,4409786.768390597,129.77777777777777,"{'DROPOUT': 160, 'END_OF_DATA': 20}",1000000
180,3194875.8047712455,319.48758047712454,0.7333333333333333,90.92014893943902,12.649524840473843,362.2052189350157,4194875.804771246,129.77777777777777,"{'DROPOUT': 160, 'END_OF_DATA': 20}",1000000
180,5501683.813817693,550.1683813817693,0.7777777777777778,99.00051590020561,20.80064139025352,314.01615699217643,6501683.813817692,129.77777777777777,"{'DROPOUT': 160, 'END_OF_DATA': 20}",1000000
180,5158158.5837111175,515.8158583711117,0.7888888888888889,102.76939724100369,17.86696189225149,350.6021077343412,6158158.583711121,129.77777777777777,"{'DROPOUT': 160, 'END_OF_DATA': 20}",1000000
180,2564966.055122518,256.4966055122518,0.7833333333333333,62.7300256832597,14.17015659881089,205.75056848686208,3564966.055122518,129.77777777777777,"{'DROPOUT': 160, 'END_OF_DATA': 20}",1000000
180,6958849.512225056,695.8849512225056,0.7944444444444444,121.48791066701841,20.250740134939512,388.7284380871533,7958849.512225056,129.77777777777777,"{'DROPOUT': 160, 'END_OF_DATA': 20}",1000000
180,2655794.1357549233,265.57941357549237,0.7555555555555555,67.80652255282611,18.632578534902912,226.34348153610512,3655794.1357549247,129.77777777777777,"{'DROPOUT': 160, 'END_OF_DATA': 20}",1000000
180,1605865.146903454,160.5865146903454,0.7555555555555555,64.19548722440625,13.582673477858759,260.7599066759228,2605865.1469034543,129.77777777777777,"{'DROPOUT': 160, 'END_OF_DATA': 20}",1000000
180,4290220.000767068,429.0220000767068,0.8388888888888889,97.20170117655616,20.679228062765542,336.00299225819845,5290220.00076707,129.77777777777777,"{'DROPOUT': 160, 'END_OF_DATA': 20}",1000000
180,3461854.225746342,346.1854225746342,0.7944444444444444,83.08560645760514,21.730407742002882,238.04636108558816,4461854.225746343,129.77777777777777,"{'DROPOUT': 160, 'END_OF_DATA': 20}",1000000
180,3257189.65051613,325.718965051613,0.7611111111111111,51.55487384795318,15.85897533896987,130.18984627584535,4257189.650516129,129.77777777777777,"{'DROPOUT': 160, 'END_OF_DATA': 20}",1000000
180,4733611.553597709,473.36115535977086,0.7388888888888889,107.76341524940145,14.24999918256487,377.08358605397774,5733611.553597708,129.77777777777777,"{'DROPOUT': 160, 'END_OF_DATA': 20}",1000000
180,2481666.9415239645,248.16669415239647,0.7888888888888889,50.68164729401263,18.064775489739453,113.45322493627022,3481666.941523963,129.77777777777777,"{'DROPOUT': 160, 'END_OF_DATA': 20}",1000000
180,5666706.730314431,566.6706730314431,0.7722222222222223,125.45250206705843,19.615918729660635,405.88154249112745,6666706.73031443,129.77777777777777,"{'DROPOUT': 160, 'END_OF_DATA': 20}",1000000
180,3860066.0738515244,386.00660738515245,0.7722222222222223,84.82624811311211,27.05071970411933,259.38400609582067,4860066.073851523,129.77777777777777,"{'DROPOUT': 160, 'END_OF_DATA': 20}",1000000
180,2737891.049367169,273.7891049367169,0.75,106.62975692056926,18.43417595470362,362.05190307656073,3737891.0493671647,129.77777777777777,"{'DROPOUT': 160, 'END_OF_DATA': 20}",1000000
180,4820573.093327988,482.05730933279875,0.7944444444444444,123.40780941800735,19.35521436857454,354.54112719844926,5820573.093327988,129.77777777777777,"{'DROPOUT': 160, 'END_OF_DATA': 20}",1000000
180,2969212.6167313284,296.92126167313285,0.8,69.67533926437108,20.638947148056964,226.8150180217478,3969212.6167313284,129.77777777777777,"{'DROPOUT': 160, 'END_OF_DATA': 20}",1000000
180,3810407.315598306,381.0407315598306,0.7888888888888889,67.69648124875931,16.866125530788374,216.34450843314346,4810407.315598307,129.77777777777777,"{'DROPOUT': 160, 'END_OF_DATA': 20}",1000000
180,2202817.1921934704,220.28171921934705,0.7777777777777778,61.5368457668869,15.499988793656582,209.0996861718892,3202817.1921934695,129.77777777777777,"{'DROPOUT': 160, 'END_OF_DATA': 20}",1000000
180,4587871.786290562,458.78717862905614,0.7444444444444445,76.03714282444288,17.672192429566053,277.2181978969521,5587871.78629056,129.77777777777777,"{'DROPOUT': 160, 'END_OF_DATA': 20}",1000000
180,3422369.9991603843,342.2369999160384,0.7,64.98896052178503,11.897776015643814,267.30207193596743,4422369.999160382,129.77777777777777,"{'DROPOUT': 160, 'END_OF_DATA': 20}",1000000
180,2012886.7752704069,201.2886775270407,0.7277777777777777,50.036688993426964,16.545969954161947,100.96140458127903,3012886.775270408,129.77777777777777,"{'DROPOUT': 160, 'END_OF_DATA': 20}",1000000
180,3392948.166407028,339.29481664070283,0.7333333333333333,70.75111286738806,15.67676753304398,252.52277068051347,4392948.166407029,129.77777777777777,"{'DROPOUT': 160, 'END_OF_DATA': 20}",1000000
180,4991130.67598011,499.11306759801096,0.7611111111111111,95.55558563263155,15.875875640069502,291.59346620154207,5991130.67598011,129.77777777777777,"{'DROPOUT': 160, 'END_OF_DATA': 20}",1000000
180,4637882.771948205,463.7882771948205,0.7222222222222222,90.7406141581949,15.519209683290736,332.6875917327305,5637882.771948205,129.77777777777777,"{'DROPOUT': 160, 'END_OF_DATA': 20}",1000000
180,2456511.191819259,245.6511191819259,0.7888888888888889,82.681647064536,16.968250702440216,238.1898142076922,3456511.191819259,129.77777777777777,"{'DROPOUT': 160, 'END_OF_DATA': 20}",1000000
180,3712407.6553489286,371.2407655348929,0.7333333333333333,99.0065725135907,17.877479171737743,371.52472439904216,4712407.655348927,129.77777777777777,"{'DROPOUT': 160, 'END_OF_DATA': 20}",1000000
180,4080451.628584214,408.0451628584214,0.7277777777777777,132.17928611592345,16.01748007463766,422.08854628694536,5080451.628584216,129.77777777777777,"{'DROPOUT': 160, 'END_OF_DATA': 20}",1000000
180,2304700.0933759073,230.47000933759074,0.7555555555555555,65.94082766931604,15.234823223318532,216.8373859495921,3304700.0933759087,129.77777777777777,"{'DROPOUT': 160, 'END_OF_DATA': 20}",1000000
180,3678315.9012801955,367.8315901280195,0.8222222222222222,91.46268716269712,22.05799271056855,305.3630621172294,4678315.901280195,129.77777777777777,"{'DROPOUT': 160, 'END_OF_DATA': 20}",1000000
180,3552220.8823495153,355.2220882349515,0.7722222222222223,121.17730753348765,17.143092171845936,379.7924973376781,4552220.882349515,129.77777777777777,"{'DROPOUT': 160, 'END_OF_DATA': 20}",1000000
180,2442029.919858207,244.20299198582072,0.7833333333333333,101.9219989354806,17.09031278904508,366.32864835424147,3442029.9198582065,129.77777777777777,"{'DROPOUT': 160, 'END_OF_DATA': 20}",1000000
180,2363068.589322241,236.3068589322241,0.8222222222222222,64.8983782154782,18.957584417911562,141.15433107043947,3363068.5893222415,129.77777777777777,"{'DROPOUT': 160, 'END_OF_DATA': 20}",1000000
180,2198041.4357196465,219.80414357196466,0.8166666666666667,61.809341628197224,19.60135353453216,200.78541822848345,3198041.435719646,129.77777777777777,"{'DROPOUT': 160, 'END_OF_DATA': 20}",1000000
180,3842470.281391397,384.2470281391397,0.7833333333333333,111.27003039527806,18.897528849492698,383.0509095029685,4842470.281391397,129.77777777777777,"{'DROPOUT': 160, 'END_OF_DATA': 20}",1000000
180,3505478.996518486,350.5478996518486,0.8,97.69809524063939,25.069523269812585,321.1351989737652,4505478.996518487,129.77777777777777,"{'DROPOUT': 160, 'END_OF_DATA': 20}",1000000
180,2779835.0745830657,277.9835074583066,0.8166666666666667,85.74754031122416,21.279315766420552,232.3252798491251,3779835.074583066,129.77777777777777,"{'DROPOUT': 160, 'END_OF_DATA': 20}",1000000
180,2776211.694912576,277.6211694912576,0.7666666666666667,72.15398733179983,14.239650833575347,225.15772188884864,3776211.694912577,129.77777777777777,"{'DROPOUT': 160, 'END_OF_DATA': 20}",1000000
180,2966366.4910103893,296.6366491010389,0.7611111111111111,113.93029886176717,18.4738060994926,381.5334134877929,3966366.4910103907,129.77777777777777,"{'DROPOUT': 160, 'END_OF_DATA': 20}",1000000
180,2950156.692242168,295.01566922421677,0.7222222222222222,90.40855892340468,18.34230770981814,280.70144575672,3950156.692242167,129.77777777777777,"{'DROPOUT': 160, 'END_OF_DATA': 20}",1000000
180,3503977.1246021446,350.39771246021445,0.7611111111111111,101.49924643610464,21.178858649300913,341.9347149429759,4503977.124602143,129.77777777777777,"{'DROPOUT': 160, 'END_OF_DATA': 20}",1000000
180,2076063.5978097953,207.60635978097955,0.7555555555555555,73.31361568623403,16.069667221613376,243.97784363587203,3076063.5978097958,129.77777777777777,"{'DROPOUT': 160, 'END_OF_DATA': 20}",1000000
180,3619626.8897314947,361.96268897314945,0.7388888888888889,91.89361200068402,11.265847258323934,292.63693043682684,4619626.889731495,129.77777777777777,"{'DROPOUT': 160, 'END_OF_DATA': 20}",1000000
180,2581764.477590565,258.1764477590565,0.7722222222222223,94.52909133129346,19.41026817739583,322.6400508322167,3581764.477590567,129.77777777777777,"{'DROPOUT': 160, 'END_OF_DATA': 20}",1000000
180,3494519.319135218,349.4519319135218,0.7944444444444444,94.78178805181228,19.673301931550792,299.5720137040548,4494519.319135216,129.77777777777777,"{'DROPOUT': 160, 'END_OF_DATA': 20}",1000000
180,2616653.8713112744,261.66538713112743,0.7888888888888889,63.9628774082887,18.332145162549523,151.69056238907126,3616653.871311273,129.77777777777777,"{'DROPOUT': 160, 'END_OF_DATA': 20}",1000000
180,4678178.751446146,467.8178751446145,0.7722222222222223,90.50391392366659,19.24863064916344,280.67403856851047,5678178.751446142,129.77777777777777,"{'DROPOUT': 160, 'END_OF_DATA': 20}",1000000
180,2612393.4653014233,261.2393465301423,0.8055555555555556,136.87068405856388,21.733617303280063,444.9372500272286,3612393.465301423,129.77777777777777,"{'DROPOUT': 160, 'END_OF_DATA': 20}",1000000
180,3166651.397130621,316.6651397130621,0.7666666666666667,83.75386826665917,21.400464801469923,222.70368921564202,4166651.3971306207,129.77777777777777,"{'DROPOUT': 160, 'END_OF_DATA': 20}",1000000
180,4212375.455269367,421.2375455269368,0.7444444444444445,112.95658525957657,12.565560076599283,391.6602728894191,5212375.455269367,129.77777777777777,"{'DROPOUT': 160, 'END_OF_DATA': 20}",1000000
180,4440882.15068867,444.088215068867,0.8111111111111111,107.8059070424383,19.154266768359015,315.43816985606793,5440882.150688671,129.77777777777777,"{'DROPOUT': 160, 'END_OF_DATA': 20}",1000000
180,2514375.3668386564,251.4375366838656,0.7888888888888889,64.58851899755635,16.097653903742586,179.7321911950941,3514375.366838657,129.77777777777777,"{'DROPOUT': 160, 'END_OF_DATA': 20}",1000000
180,2904147.740456575,290.4147740456575,0.75,68.31021632728672,14.589417362764811,230.88919404345262,3904147.740456574,129.77777777777777,"{'DROPOUT': 160, 'END_OF_DATA': 20}",1000000
180,4599291.426648485,459.9291426648484,0.7777777777777778,137.0788854709786,19.998887803819436,432.3702673505456,5599291.426648484,129.77777777777777,"{'DROPOUT': 160, 'END_OF_DATA': 20}",1000000
180,3932245.326490749,393.2245326490749,0.7888888888888889,100.08717687852017,19.152755100107484,343.8513025528101,4932245.326490748,129.77777777777777,"{'DROPOUT': 160, 'END_OF_DATA': 20}",1000000
180,4055951.062728277,405.5951062728277,0.7611111111111111,82.09718024037055,20.945105256026643,256.80611661557305,5055951.062728274,129.77777777777777,"{'DROPOUT': 160, 'END_OF_DATA': 20}",1000000
180,3181947.5299661392,318.1947529966139,0.75,73.09607509236504,16.531124256140366,160.1466197839213,4181947.5299661397,129.77777777777777,"{'DROPOUT': 160, 'END_OF_DATA': 20}",1000000
180,4195262.949455891,419.52629494558903,0.7611111111111111,81.67960461376822,20.819469916157537,281.15953383537743,5195262.949455892,129.77777777777777,"{'DROPOUT': 160, 'END_OF_DATA': 20}",1000000
180,3452272.6691781627,345.2272669178163,0.7333333333333333,84.65704880200887,23.768277698624715,246.62133357872608,4452272.669178163,129.77777777777777,"{'DROPOUT': 160, 'END_OF_DATA': 20}",1000000
180,2003685.3330619903,200.36853330619903,0.7777777777777778,51.850777387193205,13.985744320528106,208.65461883822564,3003685.33306199,129.77777777777777,"{'DROPOUT': 160, 'END_OF_DATA': 20}",1000000
180,2193537.2919058492,219.35372919058494,0.7388888888888889,75.9392004288369,19.578912624161397,262.17092366368024,3193537.291905848,129.77777777777777,"{'DROPOUT': 160, 'END_OF_DATA': 20}",1000000
180,3440547.577184633,344.0547577184633,0.7944444444444444,103.96007719913426,19.385311548806353,338.5407214976478,4440547.577184632,129.77777777777777,"{'DROPOUT': 160, 'END_OF_DATA': 20}",1000000
180,2432617.1961269733,243.26171961269733,0.8,61.61652095512909,13.75343508036838,208.8014730536581,3432617.196126974,129.77777777777777,"{'DROPOUT': 160, 'END_OF_DATA': 20}",1000000
180,2928454.085723766,292.84540857237664,0.7611111111111111,48.95825452120043,17.460417923123828,148.49482848780758,3928454.085723766,129.77777777777777,"{'DROPOUT': 160, 'END_OF_DATA': 20}",1000000
180,3968455.627025429,396.8455627025429,0.8,75.52228548740912,17.926053028935524,268.2106414020687,4968455.62702543,129.77777777777777,"{'DROPOUT': 160, 'END_OF_DATA': 20}",1000000
180,1999897.2562942167,199.98972562942168,0.7944444444444444,86.32969489612744,18.75873643653258,284.10293864796154,2999897.256294217,129.77777777777777,"{'DROPOUT': 160, 'END_OF_DATA': 20}",1000000
180,3107323.02052818,310.732302052818,0.7444444444444445,81.9146653778633,16.828800330219124,247.62269579562053,4107323.020528179,129.77777777777777,"{'DROPOUT': 160, 'END_OF_DATA': 20}",1000000
180,2196989.824159582,219.69898241595823,0.75,58.80064986011135,14.464666979509127,206.01631449511999,3196989.824159583,129.77777777777777,"{'DROPOUT': 160, 'END_OF_DATA': 20}",1000000
180,3085696.828081008,308.5696828081008,0.7777777777777778,86.13716015374848,19.876149429810567,246.3666356230784,4085696.828081008,129.77777777777777,"{'DROPOUT': 160, 'END_OF_DATA': 20}",1000000
180,3646310.341803993,364.63103418039935,0.7888888888888889,89.5143532387268,19.471369824849567,294.0300710911437,4646310.34180399,129.77777777777777,"{'DROPOUT': 160, 'END_OF_DATA': 20}",1000000
180,5384942.226769449,538.4942226769449,0.8111111111111111,94.56116164907576,20.698873722919338,263.32739111847275,6384942.22676945,129.77777777777777,"{'DROPOUT': 160, 'END_OF_DATA': 20}",1000000
180,4426760.73141457,442.676073141457,0.7388888888888889,101.25369901521209,16.38298510168146,327.0165788649695,5426760.731414567,129.77777777777777,"{'DROPOUT': 160, 'END_OF_DATA': 20}",1000000
180,2553185.792966122,255.31857929661217,0.7722222222222223,91.16660316842254,21.615354978599843,298.1685528810753,3553185.792966121,129.77777777777777,"{'DROPOUT': 160, 'END_OF_DATA': 20}",1000000
180,6311234.178746729,631.1234178746729,0.7888888888888889,167.54779317148353,23.760526739669757,505.85446065802745,7311234.178746727,129.77777777777777,"{'DROPOUT': 160, 'END_OF_DATA': 20}",1000000
180,4089173.115676101,408.91731156761006,0.8,91.74328677562082,24.360939214971783,249.97700871315763,5089173.115676103,129.77777777777777,"{'DROPOUT': 160, 'END_OF_DATA': 20}",1000000
180,3333357.516318498,333.3357516318498,0.6777777777777778,81.52790735144545,13.54359802156483,328.6668155373011,4333357.516318497,129.77777777777777,"{'DROPOUT': 160, 'END_OF_DATA': 20}",1000000
180,3176595.7496178146,317.65957496178146,0.7888888888888889,88.81294309127742,19.194434370853223,273.837723018534,4176595.749617816,129.77777777777777,"{'DROPOUT': 160, 'END_OF_DATA': 20}",1000000
180,2427909.1245854404,242.79091245854403,0.6333333333333333,50.75037445569138,8.045340467417418,168.38930227315862,3427909.124585441,129.77777777777777,"{'DROPOUT': 160, 'END_OF_DATA': 20}",1000000
180,2898674.970410915,289.8674970410915,0.75,102.92083893470424,17.083334885537678,359.5963768241449,3898674.9704109174,129.77777777777777,"{'DROPOUT': 160, 'END_OF_DATA': 20}",1000000
180,2156534.848001976,215.6534848001976,0.7222222222222222,43.953859960846636,14.996156138303704,86.27007049190655,3156534.8480019765,129.77777777777777,"{'DROPOUT': 160, 'END_OF_DATA': 20}",1000000
180,3884407.326355207,388.4407326355207,0.8055555555555556,91.66265744115717,21.49871278606228,285.8832646254621,4884407.326355209,129.77777777777777,"{'DROPOUT': 160, 'END_OF_DATA': 20}",1000000
180,3865954.445921486,386.59544459214857,0.7611111111111111,87.4394190264168,21.79323056450607,280.0517495312152,4865954.445921484,129.77777777777777,"{'DROPOUT': 160, 'END_OF_DATA': 20}",1000000
180,3181881.5265607513,318.1881526560751,0.7555555555555555,124.10057898668909,19.507611839001314,424.3483953675232,4181881.5265607517,129.77777777777777,"{'DROPOUT': 160, 'END_OF_DATA': 20}",1000000
180,2153205.2869836986,215.32052869836983,0.8,98.91389970927186,16.928154302463142,344.81805894991567,3153205.2869836986,129.77777777777777,"{'DROPOUT': 160, 'END_OF_DATA': 20}",1000000
180,2345040.967964284,234.50409679642843,0.8222222222222222,98.4578425809384,20.509572550084584,372.64240525394683,3345040.9679642837,129.77777777777777,"{'DROPOUT': 160, 'END_OF_DATA': 20}",1000000
180,1616192.630420118,161.61926304201182,0.7388888888888889,48.584750424442,14.459663526953644,109.3068521034068,2616192.630420117,129.77777777777777,"{'DROPOUT': 160, 'END_OF_DATA': 20}",1000000
180,2160890.5427097157,216.08905427097156,0.7833333333333333,61.398320541792174,21.87066194815979,207.77754472531828,3160890.542709716,129.77777777777777,"{'DROPOUT': 160, 'END_OF_DATA': 20}",1000000
180,3158148.1627559587,315.8148162755959,0.7611111111111111,57.246504040771654,16.01172009873315,154.041946832053,4158148.1627559587,129.77777777777777,"{'DROPOUT': 160, 'END_OF_DATA': 20}",1000000
180,1660979.5801253682,166.09795801253682,0.7777777777777778,74.02024382131904,18.804948798551507,255.00031648129533,2660979.580125369,129.77777777777777,"{'DROPOUT': 160, 'END_OF_DATA': 20}",1000000
180,2989100.194534383,298.9100194534383,0.8166666666666667,98.98474424820621,23.37944145458307,330.3315111763822,3989100.1945343832,129.77777777777777,"{'DROPOUT': 160, 'END_OF_DATA': 20}",1000000
180,3681545.7192499754,368.1545719249975,0.8555555555555555,96.75048072961597,24.799076658091533,288.7693841375134,4681545.719249975,129.77777777777777,"{'DROPOUT': 160, 'END_OF_DATA': 20}",1000000
180,4182767.2994932877,418.2767299493288,0.8055555555555556,113.57237479277234,21.514163192086507,373.3819993929075,5182767.299493288,129.77777777777777,"{'DROPOUT': 160, 'END_OF_DATA': 20}",1000000
180,3535716.065502002,353.5716065502002,0.8388888888888889,69.34213131516607,21.00881558340611,155.9602758272929,4535716.065502,129.77777777777777,"{'DROPOUT': 160, 'END_OF_DATA': 20}",1000000
180,2576445.2341615586,257.6445234161559,0.7888888888888889,77.29407991415471,15.807472049583689,258.8582166413437,3576445.2341615595,129.77777777777777,"{'DROPOUT': 160, 'END_OF_DATA': 20}",1000000
180,2598197.935929722,259.8197935929722,0.8222222222222222,97.79500093703096,22.26360068859681,335.3748888065932,3598197.935929722,129.77777777777777,"{'DROPOUT': 160, 'END_OF_DATA': 20}",1000000
180,2589323.240280024,258.93232402800237,0.7611111111111111,82.5539880678002,18.248014452582296,283.0600741774636,3589323.2402800233,129.77777777777777,"{'DROPOUT': 160, 'END_OF_DATA': 20}",1000000
180,3822617.1344331494,382.26171344331493,0.8111111111111111,76.82791610492644,20.427218105230487,279.7301318787225,4822617.134433148,129.77777777777777,"{'DROPOUT': 160, 'END_OF_DATA': 20}",1000000
180,2768832.6444195714,276.8832644419571,0.7777777777777778,55.69500425316209,20.063805063108724,140.1963976964315,3768832.644419571,129.77777777777777,"{'DROPOUT': 160, 'END_OF_DATA': 20}",1000000
180,2944410.3317446,294.44103317446,0.8055555555555556,87.70312940921386,17.67263444537853,274.0066532987907,3944410.331744602,129.77777777777777,"{'DROPOUT': 160, 'END_OF_DATA': 20}",1000000
180,4273758.016428613,427.3758016428613,0.7944444444444444,109.08128457981078,21.33427902593059,373.69381877083055,5273758.016428614,129.77777777777777,"{'DROPOUT': 160, 'END_OF_DATA': 20}",1000000
180,2615435.2240579347,261.54352240579345,0.7777777777777778,65.04982294195145,20.067706845376556,155.06809567375532,3615435.2240579347,129.77777777777777,"{'DROPOUT': 160, 'END_OF_DATA': 20}",1000000
180,4299945.791651035,429.99457916510346,0.8166666666666667,91.81951755948329,22.817812976675846,290.907199161673,5299945.791651034,129.77777777777777,"{'DROPOUT': 160, 'END_OF_DATA': 20}",1000000
180,5326568.059974564,532.6568059974564,0.7555555555555555,105.89868708821214,18.911865482628407,409.55008901357337,6326568.059974564,129.77777777777777,"{'DROPOUT': 160, 'END_OF_DATA': 20}",1000000
180,2671534.742539823,267.1534742539823,0.7888888888888889,58.17826076612913,22.891431303937118,139.02736443868633,3671534.7425398245,129.77777777777777,"{'DROPOUT': 160, 'END_OF_DATA': 20}",1000000
180,3474689.9287063647,347.4689928706365,0.8277777777777777,77.44509005922193,20.28915757266755,240.0405337174071,4474689.928706367,129.77777777777777,"{'DROPOUT': 160, 'END_OF_DATA': 20}",1000000
180,2399447.8472288474,239.94478472288475,0.7555555555555555,80.38042474685778,18.097431475551716,244.63465334818918,3399447.8472288474,129.77777777777777,"{'DROPOUT': 160, 'END_OF_DATA': 20}",1000000
180,5146110.310686086,514.6110310686086,0.7777777777777778,113.54854132991007,19.800003642837254,379.4118267628348,6146110.310686086,129.77777777777777,"{'DROPOUT': 160, 'END_OF_DATA': 20}",1000000
180,3098903.883102693,309.8903883102693,0.8166666666666667,61.411776550350055,21.515055163774562,141.6873199090805,4098903.8831026945,129.77777777777777,"{'DROPOUT': 160, 'END_OF_DATA': 20}",1000000
180,4325671.236719263,432.56712367192625,0.7777777777777778,119.11865797891207,18.550364813975122,420.33912534773606,5325671.23671926,129.77777777777777,"{'DROPOUT': 160, 'END_OF_DATA': 20}",1000000
180,4689050.046778543,468.90500467785427,0.8055555555555556,127.6461432509436,24.840735114255644,391.8829144992652,5689050.046778543,129.77777777777777,"{'DROPOUT': 160, 'END_OF_DATA': 20}",1000000
180,3295161.733541563,329.5161733541563,0.8222222222222222,106.65689423279112,19.285388121844775,348.0299100009642,4295161.733541565,129.77777777777777,"{'DROPOUT': 160, 'END_OF_DATA': 20}",1000000
180,4772649.141010011,477.264914101001,0.7277777777777777,106.32348991544748,12.079287336797936,413.9427985313657,5772649.141010011,129.77777777777777,"{'DROPOUT': 160, 'END_OF_DATA': 20}",1000000
180,3240169.9138613744,324.0169913861374,0.7722222222222223,90.16010432580671,14.442148305846974,290.21170330711715,4240169.913861373,129.77777777777777,"{'DROPOUT': 160, 'END_OF_DATA': 20}",1000000
180,3442968.7499618633,344.2968749961863,0.7333333333333333,81.76217908701476,16.39548298413519,288.0569255063471,4442968.7499618605,129.77777777777777,"{'DROPOUT': 160, 'END_OF_DATA': 20}",1000000
180,2912794.5287877778,291.27945287877776,0.8166666666666667,85.64650424555681,22.837377037649972,305.89531055969667,3912794.528787777,129.77777777777777,"{'DROPOUT': 160, 'END_OF_DATA': 20}",1000000
180,1991295.685027818,199.1295685027818,0.7555555555555555,121.96736496158739,18.55982178313752,401.33849961075816,2991295.6850278163,129.77777777777777,"{'DROPOUT': 160, 'END_OF_DATA': 20}",1000000
180,2693639.1308506,269.36391308506,0.8277777777777777,76.73463957365317,21.117331765660033,277.6410649481497,3693639.1308506,129.77777777777777,"{'DROPOUT': 160, 'END_OF_DATA': 20}",1000000
180,3715501.8023737175,371.55018023737176,0.8,105.51845428488257,16.357085263874698,379.73376006358416,4715501.802373717,129.77777777777777,"{'DROPOUT': 160, 'END_OF_DATA': 20}",1000000
180,4932066.944040849,493.2066944040849,0.7944444444444444,100.33750057661847,15.371032763816043,353.7546384230482,5932066.944040849,129.77777777777777,"{'DROPOUT': 160, 'END_OF_DATA': 20}",1000000
180,3281406.9003309137,328.1406900330914,0.7944444444444444,95.45621242513661,19.465311720746882,335.5870394547001,4281406.900330913,129.77777777777777,"{'DROPOUT': 160, 'END_OF_DATA': 20}",1000000
180,2873528.108455148,287.35281084551485,0.6777777777777778,80.75862864427098,12.416663272513428,281.89641443196797,3873528.1084551485,129.77777777777777,"{'DROPOUT': 160, 'END_OF_DATA': 20}",1000000
180,3623597.20970327,362.359720970327,0.8055555555555556,113.90044536083263,16.3145515469895,396.0533519958477,4623597.209703271,129.77777777777777,"{'DROPOUT': 160, 'END_OF_DATA': 20}",1000000
180,2453525.2701302916,245.35252701302915,0.75,96.11350958262014,19.271076939363912,302.16621802397117,3453525.270130292,129.77777777777777,"{'DROPOUT': 160, 'END_OF_DATA': 20}",1000000
180,2994977.5198666314,299.49775198666316,0.75,68.41712842411896,14.285714285714285,171.69072172964488,3994977.5198666323,129.77777777777777,"{'DROPOUT': 160, 'END_OF_DATA': 20}",1000000
180,4147265.838451449,414.7265838451449,0.7611111111111111,84.58508627698464,17.721399405036287,231.39371289784134,5147265.838451447,129.77777777777777,"{'DROPOUT': 160, 'END_OF_DATA': 20}",1000000
180,2544125.935647941,254.41259356479412,0.8277777777777777,69.81493659162267,20.486217072727424,148.09112340772361,3544125.93564794,129.77777777777777,"{'DROPOUT': 160, 'END_OF_DATA': 20}",1000000
180,3166696.300290517,316.6696300290517,0.7666666666666667,127.83093625186686,18.524136911973294,395.37320030516656,4166696.300290519,129.77777777777777,"{'DROPOUT': 160, 'END_OF_DATA': 20}",1000000
180,4003226.042720177,400.3226042720177,0.7666666666666667,114.16395934297189,20.329675711795005,360.662841117153,5003226.042720175,129.77777777777777,"{'DROPOUT': 160, 'END_OF_DATA': 20}",1000000
180,2459316.1087884204,245.93161087884204,0.8166666666666667,113.16319127974447,19.122876886193115,351.89205435528635,3459316.108788419,129.77777777777777,"{'DROPOUT': 160, 'END_OF_DATA': 20}",1000000
180,3918203.3857056065,391.8203385705607,0.7722222222222223,113.30360810714461,17.49261275881451,377.55604319966886,4918203.385705606,129.77777777777777,"{'DROPOUT': 160, 'END_OF_DATA': 20}",1000000
180,3882346.7053176565,388.23467053176563,0.7666666666666667,80.11003701058645,17.028040862965984,290.13455512425907,4882346.7053176565,129.77777777777777,"{'DROPOUT': 160, 'END_OF_DATA': 20}",1000000
180,4163713.4022082994,416.3713402208299,0.8444444444444444,88.11939829729316,21.75800031793709,260.0710761112227,5163713.402208298,129.77777777777777,"{'DROPOUT': 160, 'END_OF_DATA': 20}",1000000
180,3146349.8972106525,314.6349897210652,0.75,65.84410939698361,19.171093725995703,233.68413914790116,4146349.8972106515,129.77777777777777,"{'DROPOUT': 160, 'END_OF_DATA': 20}",1000000
180,2717449.231315222,271.7449231315222,0.8111111111111111,54.0239324756545,18.028557250866545,132.29934495329076,3717449.231315223,129.77777777777777,"{'DROPOUT': 160, 'END_OF_DATA': 20}",1000000
180,3383877.4800586337,338.3877480058634,0.7777777777777778,125.37400815503263,17.27616474008882,427.49962390069527,4383877.480058635,129.77777777777777,"{'DROPOUT': 160, 'END_OF_DATA': 20}",1000000
180,4083388.374455554,408.3388374455554,0.7166666666666667,77.6300621035773,15.986646385649948,300.00124763172965,5083388.374455553,129.77777777777777,"{'DROPOUT': 160, 'END_OF_DATA': 20}",1000000
180,3933555.4326011967,393.3555432601197,0.75,86.27239661887259,16.32107367337794,275.5152106330903,4933555.432601195,129.77777777777777,"{'DROPOUT': 160, 'END_OF_DATA': 20}",1000000
180,4967435.687769135,496.7435687769135,0.8111111111111111,101.22688044893968,22.821345706252334,300.4873552647966,5967435.687769136,129.77777777777777,"{'DROPOUT': 160, 'END_OF_DATA': 20}",1000000
180,2958572.3678458175,295.85723678458174,0.7111111111111111,78.70886951155782,13.336225754700347,321.3986611670475,3958572.367845817,129.77777777777777,"{'DROPOUT': 160, 'END_OF_DATA': 20}",1000000
180,5171402.256346611,517.1402256346611,0.7777777777777778,115.93729989876012,17.45910266349425,407.9075661652505,6171402.256346612,129.77777777777777,"{'DROPOUT': 160, 'END_OF_DATA': 20}",1000000
180,4541900.096379446,454.19000963794457,0.8,87.48620645168106,22.819394269439456,206.53144437594494,5541900.096379447,129.77777777777777,"{'DROPOUT': 160, 'END_OF_DATA': 20}",1000000
180,3596890.470151062,359.6890470151062,0.7722222222222223,100.1489259199151,20.48581425989743,309.98924009937144,4596890.470151062,129.77777777777777,"{'DROPOUT': 160, 'END_OF_DATA': 20}",1000000
180,2360404.0993564874,236.04040993564874,0.7111111111111111,79.24261573644108,14.077435271869433,288.2033682330293,3360404.0993564893,129.77777777777777,"{'DROPOUT': 160, 'END_OF_DATA': 20}",1000000
180,6031464.210413215,603.1464210413214,0.8166666666666667,141.24753563476926,29.67668067790425,405.7642443516821,7031464.210413213,129.77777777777777,"{'DROPOUT': 160, 'END_OF_DATA': 20}",1000000
180,3723239.292078655,372.3239292078655,0.7833333333333333,83.25198554834702,14.87108643210978,210.94292946179027,4723239.292078655,129.77777777777777,"{'DROPOUT': 160, 'END_OF_DATA': 20}",1000000
180,5430448.313009434,543.0448313009434,0.7555555555555555,124.7091910506977,14.996479665134974,404.1416061968764,6430448.313009434,129.77777777777777,"{'DROPOUT': 160, 'END_OF_DATA': 20}",1000000
180,3354621.538013305,335.4621538013305,0.75,72.82243927699596,17.411919966800042,190.73616577987104,4354621.538013304,129.77777777777777,"{'DROPOUT': 160, 'END_OF_DATA': 20}",1000000
180,2305487.936019551,230.5487936019551,0.7944444444444444,58.11039967898564,19.60368214661164,182.17848137387716,3305487.936019551,129.77777777777777,"{'DROPOUT': 160, 'END_OF_DATA': 20}",1000000
180,4529605.966620815,452.96059666208146,0.85,111.00731880752133,25.27022144859674,339.89777830696477,5529605.966620817,129.77777777777777,"{'DROPOUT': 160, 'END_OF_DATA': 20}",1000000
180,2983734.482556876,298.3734482556876,0.7666666666666667,71.83952169864045,19.30480300631556,249.18779376145045,3983734.4825568763,129.77777777777777,"{'DROPOUT': 160, 'END_OF_DATA': 20}",1000000
180,3709104.0611590887,370.91040611590887,0.8055555555555556,93.0701101178804,18.90728004111771,316.1684811138572,4709104.061159088,129.77777777777777,"{'DROPOUT': 160, 'END_OF_DATA': 20}",1000000
180,5608954.39150215,560.895439150215,0.7722222222222223,91.3129457995956,20.848721147311956,331.7198419810301,6608954.391502148,129.77777777777777,"{'DROPOUT': 160, 'END_OF_DATA': 20}",1000000
180,2693937.1072294377,269.39371072294375,0.7833333333333333,140.01070380109806,18.405625716670585,455.720983196302,3693937.1072294386,129.77777777777777,"{'DROPOUT': 160, 'END_OF_DATA': 20}",1000000
180,5316411.106233668,531.6411106233668,0.75,121.60145029618013,26.841990830606157,378.2338298723079,6316411.106233673,129.77777777777777,"{'DROPOUT': 160, 'END_OF_DATA': 20}",1000000
180,3964606.9457663326,396.4606945766333,0.7666666666666667,82.8418532293928,17.845771869264443,260.6063679808444,4964606.945766334,129.77777777777777,"{'DROPOUT': 160, 'END_OF_DATA': 20}",1000000
180,2977987.913260183,297.79879132601826,0.7555555555555555,95.2004414667972,18.137601453339506,333.56897717465375,3977987.913260184,129.77777777777777,"{'DROPOUT': 160, 'END_OF_DATA': 20}",1000000
180,4440481.600622014,444.0481600622014,0.7944444444444444,150.20494000613343,23.569924558351182,455.4061105500371,5440481.600622019,129.77777777777777,"{'DROPOUT': 160, 'END_OF_DATA': 20}",1000000
180,1806079.6612192104,180.60796612192104,0.7277777777777777,66.18786537969113,12.065184882695833,270.1115530315727,2806079.6612192127,129.77777777777777,"{'DROPOUT': 160, 'END_OF_DATA': 20}",1000000
180,5676685.261452273,567.6685261452272,0.8,97.15602486943641,24.0421850654512,341.6350373491611,6676685.261452271,129.77777777777777,"{'DROPOUT': 160, 'END_OF_DATA': 20}",1000000
180,2913768.3402360356,291.3768340236035,0.7388888888888889,55.772268921355426,14.242094730957074,199.64228981262647,3913768.3402360356,129.77777777777777,"{'DROPOUT': 160, 'END_OF_DATA': 20}",1000000
180,5343574.293031523,534.3574293031522,0.7777777777777778,99.17482031489291,18.268633122858894,298.0461824168876,6343574.293031527,129.77777777777777,"{'DROPOUT': 160, 'END_OF_DATA': 20}",1000000
180,4068149.4099428067,406.8149409942807,0.7944444444444444,84.46074320060086,22.619218592954105,199.47939554278116,5068149.409942808,129.77777777777777,"{'DROPOUT': 160, 'END_OF_DATA': 20}",1000000
180,3735893.026806839,373.5893026806839,0.7944444444444444,122.86176270451861,17.983692091468676,393.37070105069074,4735893.026806838,129.77777777777777,"{'DROPOUT': 160, 'END_OF_DATA': 20}",1000000
180,2617787.8903313074,261.7787890331307,0.8,53.465664927369886,14.711657469722015,122.45101644111129,3617787.890331308,129.77777777777777,"{'DROPOUT': 160, 'END_OF_DATA': 20}",1000000
180,2831697.728248379,283.1697728248379,0.7888888888888889,55.661301191251184,18.919053894706522,138.08476609906515,3831697.7282483815,129.77777777777777,"{'DROPOUT': 160, 'END_OF_DATA': 20}",1000000
180,3804174.459055459,380.4174459055459,0.7833333333333333,99.6361127957641,17.173808931713957,339.8353584722703,4804174.459055458,129.77777777777777,"{'DROPOUT': 160, 'END_OF_DATA': 20}",1000000
180,2314448.338145014,231.44483381450138,0.8111111111111111,60.13048515859914,20.591176369485005,140.61636106334993,3314448.3381450134,129.77777777777777,"{'DROPOUT': 160, 'END_OF_DATA': 20}",1000000
180,3576104.0012642965,357.6104001264297,0.7722222222222223,107.82340390370017,23.51863902887307,285.6638785350711,4576104.0012642965,129.77777777777777,"{'DROPOUT': 160, 'END_OF_DATA': 20}",1000000
180,4668504.444051724,466.85044440517237,0.8,139.84590256302945,20.15503753126925,449.11461052837086,5668504.444051727,129.77777777777777,"{'DROPOUT': 160, 'END_OF_DATA': 20}",1000000
180,4225511.215183275,422.5511215183275,0.7888888888888889,103.74938865114692,17.17391295314335,350.3583015993474,5225511.215183275,129.77777777777777,"{'DROPOUT': 160, 'END_OF_DATA': 20}",1000000
180,3816449.9343283046,381.64499343283046,0.8055555555555556,100.53805713457501,22.57597357954127,324.23577640695373,4816449.934328307,129.77777777777777,"{'DROPOUT': 160, 'END_OF_DATA': 20}",1000000
180,4776047.144143265,477.60471441432645,0.7555555555555555,96.18046594551336,14.557179470526513,305.35459622849675,5776047.144143265,129.77777777777777,"{'DROPOUT': 160, 'END_OF_DATA': 20}",1000000
180,3149016.9198420513,314.9016919842052,0.7333333333333333,62.87041087574192,13.602743308871158,206.26448167860275,4149016.9198420495,129.77777777777777,"{'DROPOUT': 160, 'END_OF_DATA': 20}",1000000
180,2188252.5813643085,218.82525813643085,0.8055555555555556,55.67311367071637,19.19772005368339,142.66741332494058,3188252.5813643094,129.77777777777777,"{'DROPOUT': 160, 'END_OF_DATA': 20}",1000000
180,2540188.2589169387,254.01882589169387,0.7611111111111111,75.14222305148294,14.425370933835968,230.68384162814516,3540188.2589169405,129.77777777777777,"{'DROPOUT': 160, 'END_OF_DATA': 20}",1000000
180,1813188.1495705384,181.31881495705383,0.7888888888888889,46.69074234623725,20.885384809420735,82.48350013549229,2813188.1495705396,129.77777777777777,"{'DROPOUT': 160, 'END_OF_DATA': 20}",1000000
180,3673066.6803457635,367.3066680345764,0.7666666666666667,90.66642176825486,20.01129839354035,334.5546327414593,4673066.6803457625,129.77777777777777,"{'DROPOUT': 160, 'END_OF_DATA': 20}",1000000
180,5521387.813482432,552.1387813482431,0.8444444444444444,125.68034911290498,23.62811703152883,380.17342776507036,6521387.81348243,129.77777777777777,"{'DROPOUT': 160, 'END_OF_DATA': 20}",1000000
180,3273132.9753894582,327.3132975389458,0.7777777777777778,110.08035852368674,22.518955522261596,390.9300503820328,4273132.97538946,129.77777777777777,"{'DROPOUT': 160, 'END_OF_DATA': 20}",1000000
180,4296199.413121317,429.61994131213163,0.8,93.24011096737497,19.685226292130523,297.18232354229445,5296199.413121316,129.77777777777777,"{'DROPOUT': 160, 'END_OF_DATA': 20}",1000000
180,5555542.681767567,555.5542681767566,0.8055555555555556,91.56994741656919,22.634945716511695,303.67116145825185,6555542.681767569,129.77777777777777,"{'DROPOUT': 160, 'END_OF_DATA': 20}",1000000
180,3521917.9824520596,352.191798245206,0.8166666666666667,91.43602900048586,17.914859920797298,287.6657656327941,4521917.98245206,129.77777777777777,"{'DROPOUT': 160, 'END_OF_DATA': 20}",1000000
180,2050032.723192648,205.0032723192648,0.7944444444444444,93.4534883632432,14.757121913163717,329.1379933579175,3050032.723192647,129.77777777777777,"{'DROPOUT': 160, 'END_OF_DATA': 20}",1000000
180,4811954.683256305,481.1954683256305,0.8277777777777777,96.25288984076705,22.531471210306037,330.3519277413233,5811954.683256308,129.77777777777777,"{'DROPOUT': 160, 'END_OF_DATA': 20}",1000000
180,3385981.0282555176,338.59810282555173,0.7555555555555555,88.39501678671871,18.66071150292693,256.6544898223507,4385981.028255518,129.77777777777777,"{'DROPOUT': 160, 'END_OF_DATA': 20}",1000000
180,4358988.934982076,435.8988934982076,0.8222222222222222,111.72197798519515,25.807071057653317,379.7907876767526,5358988.934982075,129.77777777777777,"{'DROPOUT': 160, 'END_OF_DATA': 20}",1000000
180,4212695.380352188,421.26953803521883,0.8444444444444444,131.1207295893889,28.863436831537662,397.3314515511374,5212695.380352187,129.77777777777777,"{'DROPOUT': 160, 'END_OF_DATA': 20}",1000000
180,4740642.318461765,474.0642318461765,0.7277777777777777,138.9561896967827,17.443856898071143,468.17186860563265,5740642.318461766,129.77777777777777,"{'DROPOUT': 160, 'END_OF_DATA': 20}",1000000
180,3983422.1886244006,398.34221886244006,0.8,100.36645118773603,18.63037979273819,339.6959408808867,4983422.1886244,129.77777777777777,"{'DROPOUT': 160, 'END_OF_DATA': 20}",1000000
180,4000351.8804506543,400.0351880450654,0.7611111111111111,59.04741731829415,17.511229264573018,175.5324396927425,5000351.880450653,129.77777777777777,"{'DROPOUT': 160, 'END_OF_DATA': 20}",1000000
180,3456280.8766782964,345.6280876678296,0.7611111111111111,94.91289423334923,17.554169858984068,320.72141853033617,4456280.876678299,129.77777777777777,"{'DROPOUT': 160, 'END_OF_DATA': 20}",1000000
180,2777501.8127211276,277.7501812721128,0.8111111111111111,76.3726484339759,15.337218290987106,284.76663403005233,3777501.8127211286,129.77777777777777,"{'DROPOUT': 160, 'END_OF_DATA': 20}",1000000
180,2094212.4405271846,209.42124405271846,0.7333333333333333,61.5204626550521,17.004556721277634,175.38828335712662,3094212.4405271844,129.77777777777777,"{'DROPOUT': 160, 'END_OF_DATA': 20}",1000000
180,3277183.983306906,327.7183983306906,0.7666666666666667,83.92624107465335,17.31106104301317,324.1605118738608,4277183.983306908,129.77777777777777,"{'DROPOUT': 160, 'END_OF_DATA': 20}",1000000
180,5596692.907815327,559.6692907815327,0.8222222222222222,167.67865142276412,22.947991256605288,477.717251285578,6596692.907815324,129.77777777777777,"{'DROPOUT': 160, 'END_OF_DATA': 20}",1000000
180,1985751.2872501493,198.57512872501493,0.7555555555555555,101.03534984085717,13.638437054686806,344.461991286729,2985751.287250152,129.77777777777777,"{'DROPOUT': 160, 'END_OF_DATA': 20}",1000000
180,3018799.258472424,301.8799258472424,0.7777777777777778,120.15005171963276,19.987518418676565,416.77613862298176,4018799.258472424,129.77777777777777,"{'DROPOUT': 160, 'END_OF_DATA': 20}",1000000
180,3571939.575531029,357.1939575531029,0.7722222222222223,91.21039870969642,20.49159271243017,290.87901365052664,4571939.575531027,129.77777777777777,"{'DROPOUT': 160, 'END_OF_DATA': 20}",1000000
180,4677752.146017895,467.77521460178957,0.8111111111111111,82.31196755607137,23.548503283071305,257.6842197262447,5677752.146017895,129.77777777777777,"{'DROPOUT': 160, 'END_OF_DATA': 20}",1000000
180,5371139.68809865,537.113968809865,0.7722222222222223,106.56459450757995,19.781801684417314,352.37729390940177,6371139.688098651,129.77777777777777,"{'DROPOUT': 160, 'END_OF_DATA': 20}",1000000
180,5245043.493571756,524.5043493571757,0.7833333333333333,139.53034392151082,23.95742218686095,408.47849469924716,6245043.49357176,129.77777777777777,"{'DROPOUT': 160, 'END_OF_DATA': 20}",1000000
180,4795009.720348956,479.5009720348956,0.7277777777777777,84.96635080798673,12.834271334076302,343.4072990451107,5795009.720348957,129.77777777777777,"{'DROPOUT': 160, 'END_OF_DATA': 20}",1000000
180,3884483.5675853593,388.44835675853597,0.7722222222222223,87.84919690758001,17.058624316479694,259.61965873950356,4884483.56758536,129.77777777777777,"{'DROPOUT': 160, 'END_OF_DATA': 20}",1000000
180,2110133.9886595057,211.01339886595056,0.7666666666666667,39.549325495521295,13.85796521109223,111.55114738335024,3110133.9886595057,129.77777777777777,"{'DROPOUT': 160, 'END_OF_DATA': 20}",1000000
180,1726514.0882930802,172.65140882930802,0.7944444444444444,59.57072655137382,16.753353865371356,223.3105502905093,2726514.08829308,129.77777777777777,"{'DROPOUT': 160, 'END_OF_DATA': 20}",1000000
180,3344078.4742079675,334.40784742079677,0.8111111111111111,92.31733071606216,19.28705307361341,263.89048465919103,4344078.474207968,129.77777777777777,"{'DROPOUT': 160, 'END_OF_DATA': 20}",1000000
180,3331997.0511673717,333.19970511673716,0.7611111111111111,98.72476618221091,21.640227555737034,290.1730671934327,4331997.051167372,129.77777777777777,"{'DROPOUT': 160, 'END_OF_DATA': 20}",1000000
180,3554615.9099323656,355.46159099323654,0.7833333333333333,116.83224820255798,21.917327592505465,354.9606604862266,4554615.909932367,129.77777777777777,"{'DROPOUT': 160, 'END_OF_DATA': 20}",1000000
180,2025206.2704127606,202.52062704127604,0.7555555555555555,84.21601908796757,19.7843110415281,282.6886538575129,3025206.2704127603,129.77777777777777,"{'DROPOUT': 160, 'END_OF_DATA': 20}",1000000
180,2022293.8864120885,202.22938864120886,0.7555555555555555,53.003689887869214,15.349241946166906,162.5157400250327,3022293.8864120883,129.77777777777777,"{'DROPOUT': 160, 'END_OF_DATA': 20}",1000000
180,2952611.708522113,295.2611708522113,0.75,77.60327211356939,12.507308472025027,302.8314222255785,3952611.708522112,129.77777777777777,"{'DROPOUT': 160, 'END_OF_DATA': 20}",1000000
180,3816783.8055513995,381.67838055513994,0.7944444444444444,80.31902062161154,16.328012689831265,280.55461906214674,4816783.805551397,129.77777777777777,"{'DROPOUT': 160, 'END_OF_DATA': 20}",1000000
180,2842162.7240862236,284.21627240862233,0.7611111111111111,75.17879968189564,16.910625798068125,243.9736767409909,3842162.7240862222,129.77777777777777,"{'DROPOUT': 160, 'END_OF_DATA': 20}",1000000
180,3312038.259902719,331.2038259902719,0.7888888888888889,73.57362116756255,20.663770821092342,216.72228931446895,4312038.2599027185,129.77777777777777,"{'DROPOUT': 160, 'END_OF_DATA': 20}",1000000
180,4178287.3631765237,417.8287363176524,0.7833333333333333,79.73645497609786,19.677427613079164,286.85569322181317,5178287.363176527,129.77777777777777,"{'DROPOUT': 160, 'END_OF_DATA': 20}",1000000
180,3199166.1884986367,319.91661884986365,0.75,94.40997764881979,18.40990667268872,263.69287642473813,4199166.188498638,129.77777777777777,"{'DROPOUT': 160, 'END_OF_DATA': 20}",1000000
180,6333742.5001672665,633.3742500167267,0.7222222222222222,118.45168118848581,16.872970689861724,401.06591564900344,7333742.500167264,129.77777777777777,"{'DROPOUT': 160, 'END_OF_DATA': 20}",1000000
180,3595794.581786698,359.5794581786698,0.7888888888888889,79.45689727218301,18.030837004405285,224.94442915868467,4595794.581786699,129.77777777777777,"{'DROPOUT': 160, 'END_OF_DATA': 20}",1000000
180,2910453.2328204894,291.04532328204897,0.8,106.95211384782597,19.337680099835914,329.82241103332365,3910453.2328204885,129.77777777777777,"{'DROPOUT': 160, 'END_OF_DATA': 20}",1000000
180,4161683.1985793607,416.1683198579361,0.8055555555555556,117.6292544674625,24.968190381782144,394.2561210146835,5161683.198579358,129.77777777777777,"{'DROPOUT': 160, 'END_OF_DATA': 20}",1000000
180,3581483.353640566,358.1483353640566,0.8055555555555556,86.45255497531318,18.300809750768195,322.67872723397807,4581483.353640567,129.77777777777777,"{'DROPOUT': 160, 'END_OF_DATA': 20}",1000000
180,3035798.995826893,303.57989958268934,0.7944444444444444,87.05597934053428,18.251430417534102,313.5187337650268,4035798.995826893,129.77777777777777,"{'DROPOUT': 160, 'END_OF_DATA': 20}",1000000
180,4837333.722242209,483.73337222422094,0.7722222222222223,83.62844761720206,16.436837100722528,290.81811750244856,5837333.722242208,129.77777777777777,"{'DROPOUT': 160, 'END_OF_DATA': 20}",1000000
180,2445136.3516749837,244.51363516749836,0.8222222222222222,82.14531371983061,23.318014037261836,271.6494386409977,3445136.3516749833,129.77777777777777,"{'DROPOUT': 160, 'END_OF_DATA': 20}",1000000
180,3447427.443732855,344.74274437328546,0.8222222222222222,93.136504036191,19.999999148505054,235.16298316193547,4447427.443732855,129.77777777777777,"{'DROPOUT': 160, 'END_OF_DATA': 20}",1000000
180,5395793.358298761,539.5793358298761,0.7555555555555555,104.80143775895469,18.221563669801025,382.8706797286427,6395793.358298759,129.77777777777777,"{'DROPOUT': 160, 'END_OF_DATA': 20}",1000000
180,2473623.9472477925,247.36239472477925,0.7444444444444445,102.93353981071668,15.95086418706354,384.9442482239887,3473623.947247792,129.77777777777777,"{'DROPOUT': 160, 'END_OF_DATA': 20}",1000000
180,3467458.8858021805,346.7458885802181,0.7555555555555555,67.9986489070743,12.914985662662257,226.76383996780748,4467458.885802183,129.77777777777777,"{'DROPOUT': 160, 'END_OF_DATA': 20}",1000000
180,4866638.689407004,486.66386894070047,0.8277777777777777,106.03000269187339,24.29625267000722,342.5570180700386,5866638.689407005,129.77777777777777,"{'DROPOUT': 160, 'END_OF_DATA': 20}",1000000
180,3650142.285882707,365.0142285882707,0.7444444444444445,76.00742569684152,15.27352042901193,289.87903971391637,4650142.285882708,129.77777777777777,"{'DROPOUT': 160, 'END_OF_DATA': 20}",1000000
180,3384277.113466569,338.4277113466569,0.7777777777777778,79.54098983404583,17.987387398813787,301.3132219863462,4384277.11346657,129.77777777777777,"{'DROPOUT': 160, 'END_OF_DATA': 20}",1000000
180,3145609.4030244453,314.5609403024445,0.7388888888888889,51.87841020014041,14.06875232421267,195.2046005716293,4145609.4030244434,129.77777777777777,"{'DROPOUT': 160, 'END_OF_DATA': 20}",1000000
180,5186659.747452764,518.6659747452765,0.8055555555555556,101.18657032828877,19.960959785192443,376.990188595594,6186659.747452761,129.77777777777777,"{'DROPOUT': 160, 'END_OF_DATA': 20}",1000000
180,3553270.9091925835,355.32709091925835,0.7777777777777778,89.78127187097628,21.21979174390318,282.7002000504436,4553270.909192584,129.77777777777777,"{'DROPOUT': 160, 'END_OF_DATA': 20}",1000000
180,2081940.890416361,208.1940890416361,0.8333333333333334,139.36496628356255,19.722228316061443,444.0977946864257,3081940.890416362,129.77777777777777,"{'DROPOUT': 160, 'END_OF_DATA': 20}",1000000
180,3456611.675240889,345.6611675240889,0.7888888888888889,96.78808621517956,17.559185333871437,364.440129074643,4456611.675240888,129.77777777777777,"{'DROPOUT': 160, 'END_OF_DATA': 20}",1000000
180,4697683.152516583,469.7683152516583,0.7777777777777778,111.10813022377333,21.772876601947814,347.36151100525433,5697683.152516587,129.77777777777777,"{'DROPOUT': 160, 'END_OF_DATA': 20}",1000000
180,5310140.612917382,531.0140612917382,0.7666666666666667,105.61726494946195,18.35484239566414,380.64806220243395,6310140.612917383,129.77777777777777,"{'DROPOUT': 160, 'END_OF_DATA': 20}",1000000
180,4446251.064051645,444.6251064051645,0.7833333333333333,87.13909750756191,17.725425921869927,260.97482223370355,5446251.0640516495,129.77777777777777,"{'DROPOUT': 160, 'END_OF_DATA': 20}",1000000
180,3243935.3576410245,324.3935357641024,0.8,92.54714670017803,17.024462370115756,295.35292554064824,4243935.3576410245,129.77777777777777,"{'DROPOUT': 160, 'END_OF_DATA': 20}",1000000
180,4083184.922022203,408.3184922022203,0.7888888888888889,89.70352411716561,23.314882691231865,293.1994517416438,5083184.922022201,129.77777777777777,"{'DROPOUT': 160, 'END_OF_DATA': 20}",1000000
180,3332240.8962395824,333.22408962395826,0.7388888888888889,81.18703588901447,20.286739586771436,281.23160777405576,4332240.896239583,129.77777777777777,"{'DROPOUT': 160, 'END_OF_DATA': 20}",1000000
180,2176921.5829301523,217.6921582930152,0.7444444444444445,83.83659854973617,10.867434835844858,333.19503140290396,3176921.5829301514,129.77777777777777,"{'DROPOUT': 160, 'END_OF_DATA': 20}",1000000
180,3167467.0681288457,316.74670681288455,0.8333333333333334,97.54704504059022,25.04480622175883,339.93558865550784,4167467.068128847,129.77777777777777,"{'DROPOUT': 160, 'END_OF_DATA': 20}",1000000
180,3720907.341619362,372.0907341619362,0.8333333333333334,84.21713219863861,17.784001577372127,279.7719098786048,4720907.341619363,129.77777777777777,"{'DROPOUT': 160, 'END_OF_DATA': 20}",1000000
180,4908265.156375002,490.82651563750017,0.8,146.98956733269904,17.442402208907865,470.7145887311409,5908265.156375002,129.77777777777777,"{'DROPOUT': 160, 'END_OF_DATA': 20}",1000000
180,1770901.9743594455,177.09019743594453,0.7555555555555555,61.20717745598425,21.05114812570539,126.85114892234766,2770901.974359446,129.77777777777777,"{'DROPOUT': 160, 'END_OF_DATA': 20}",1000000
180,4172646.11651843,417.264611651843,0.8277777777777777,81.69169871271764,20.063263712509816,231.30517209060056,5172646.11651843,129.77777777777777,"{'DROPOUT': 160, 'END_OF_DATA': 20}",1000000
180,1898615.8238899983,189.8615823889998,0.75,63.793499586995715,16.709089449493856,211.78108885109015,2898615.8238899997,129.77777777777777,"{'DROPOUT': 160, 'END_OF_DATA': 20}",1000000
180,4774543.461742653,477.45434617426525,0.7611111111111111,82.658763241383,17.164411149880046,241.58508992100226,5774543.461742653,129.77777777777777,"{'DROPOUT': 160, 'END_OF_DATA': 20}",1000000
180,1913294.4323278908,191.3294432327891,0.7444444444444445,61.71147705136268,15.608977493998523,225.64476241646463,2913294.4323278917,129.77777777777777,"{'DROPOUT': 160, 'END_OF_DATA': 20}",1000000
180,3845078.108938462,384.5078108938462,0.8111111111111111,91.15589555090105,23.992065272337356,256.2677917034797,4845078.10893846,129.77777777777777,"{'DROPOUT': 160, 'END_OF_DATA': 20}",1000000
180,5256006.240263274,525.6006240263274,0.7944444444444444,119.24123957979809,19.39248332547009,383.205552453493,6256006.240263275,129.77777777777777,"{'DROPOUT': 160, 'END_OF_DATA': 20}",1000000
180,3297838.7171346364,329.7838717134636,0.7277777777777777,105.47154640908242,18.818784949273507,348.9382802161254,4297838.717134636,129.77777777777777,"{'DROPOUT': 160, 'END_OF_DATA': 20}",1000000
180,4089010.2639944674,408.9010263994467,0.7944444444444444,76.65700490680224,18.426555783003913,249.72541019801244,5089010.263994468,129.77777777777777,"{'DROPOUT': 160, 'END_OF_DATA': 20}",1000000
180,4730764.744308821,473.07647443088206,0.8111111111111111,149.1427633911207,17.93917769703459,482.8214407441939,5730764.744308821,129.77777777777777,"{'DROPOUT': 160, 'END_OF_DATA': 20}",1000000
180,7084845.52731039,708.484552731039,0.7444444444444445,149.74035554208666,19.231473451466954,458.6756945958172,8084845.52731039,129.77777777777777,"{'DROPOUT': 160, 'END_OF_DATA': 20}",1000000
180,1735629.7901271256,173.56297901271256,0.7444444444444445,51.62919063256348,15.185587460175554,202.20890723476285,2735629.7901271246,129.77777777777777,"{'DROPOUT': 160, 'END_OF_DATA': 20}",1000000
180,1889277.0494211167,188.92770494211166,0.7777777777777778,57.94306027038759,18.86778282074181,196.19267125264622,2889277.0494211176,129.77777777777777,"{'DROPOUT': 160, 'END_OF_DATA': 20}",1000000
180,5248264.864012794,524.8264864012793,0.85,129.72216982362795,21.033019782483418,391.0773461367932,6248264.864012794,129.77777777777777,"{'DROPOUT': 160, 'END_OF_DATA': 20}",1000000
180,3504220.194282138,350.4220194282138,0.7833333333333333,53.733610692607385,11.985171464527376,124.95958790978126,4504220.194282141,129.77777777777777,"{'DROPOUT': 160, 'END_OF_DATA': 20}",1000000
180,3929986.5986263775,392.99865986263774,0.8055555555555556,85.11041866216175,18.048275148461823,274.0456851522879,4929986.598626378,129.77777777777777,"{'DROPOUT': 160, 'END_OF_DATA': 20}",1000000
180,1766513.163258018,176.6513163258018,0.7777777777777778,48.97958796608964,15.817610196250808,106.43760743256664,2766513.163258019,129.77777777777777,"{'DROPOUT': 160, 'END_OF_DATA': 20}",1000000
180,4621844.459118602,462.1844459118602,0.7833333333333333,82.42489025512037,18.167163594711536,237.97041913621956,5621844.4591186,129.77777777777777,"{'DROPOUT': 160, 'END_OF_DATA': 20}",1000000
180,2991352.728865592,299.13527288655916,0.7833333333333333,111.22748873300006,20.590719627844557,364.95652944566547,3991352.7288655913,129.77777777777777,"{'DROPOUT': 160, 'END_OF_DATA': 20}",1000000
180,3625869.1966470075,362.58691966470076,0.7833333333333333,113.23301271985028,23.84106430185941,349.52039952470557,4625869.196647008,129.77777777777777,"{'DROPOUT': 160, 'END_OF_DATA': 20}",1000000
180,2475808.644069631,247.58086440696312,0.7722222222222223,66.20322938057075,18.58002247911179,143.76526217248275,3475808.64406963,129.77777777777777,"{'DROPOUT': 160, 'END_OF_DATA': 20}",1000000
180,3828840.7787200846,382.88407787200845,0.8166666666666667,80.57489926230717,16.95926073654741,283.2507897132051,4828840.778720083,129.77777777777777,"{'DROPOUT': 160, 'END_OF_DATA': 20}",1000000
180,2455949.778788665,245.5949778788665,0.8,70.30991875855428,18.746079848599607,216.28715995656546,3455949.778788662,129.77777777777777,"{'DROPOUT': 160, 'END_OF_DATA': 20}",1000000
180,3872225.9326097853,387.2225932609785,0.8166666666666667,81.40363923625618,17.762132168540113,201.06065869319755,4872225.932609785,129.77777777777777,"{'DROPOUT': 160, 'END_OF_DATA': 20}",1000000
180,3381233.5646053143,338.12335646053145,0.7888888888888889,69.96931232575905,15.776807312426712,250.40918131462112,4381233.564605314,129.77777777777777,"{'DROPOUT': 160, 'END_OF_DATA': 20}",1000000
180,3740542.759838084,374.0542759838084,0.7944444444444444,71.51700445313926,17.924546096712014,242.62896441677327,4740542.759838084,129.77777777777777,"{'DROPOUT': 160, 'END_OF_DATA': 20}",1000000
180,2375184.1470865333,237.51841470865332,0.7833333333333333,69.78784915369197,13.024579458397168,258.29429177537816,3375184.1470865346,129.77777777777777,"{'DROPOUT': 160, 'END_OF_DATA': 20}",1000000
180,3190820.6111962637,319.08206111962636,0.7055555555555556,79.36580034056027,15.216341196384299,281.054147127831,4190820.6111962656,129.77777777777777,"{'DROPOUT': 160, 'END_OF_DATA': 20}",1000000
180,2102201.543028899,210.2201543028899,0.75,75.44142593731283,17.9862821654703,252.28190289378625,3102201.5430288985,129.77777777777777,"{'DROPOUT': 160, 'END_OF_DATA': 20}",1000000
180,1951727.4152319757,195.17274152319757,0.7388888888888889,44.64651772001154,17.950869153606433,97.44468600333525,2951727.415231976,129.77777777777777,"{'DROPOUT': 160, 'END_OF_DATA': 20}",1000000
180,2531414.4587311335,253.14144587311333,0.8,56.95423019480634,17.145655271717853,195.2440815553127,3531414.458731133,129.77777777777777,"{'DROPOUT': 160, 'END_OF_DATA': 20}",1000000
180,5944384.48225924,594.438448225924,0.8166666666666667,104.07513974606393,23.925869886572308,315.9721449142483,6944384.482259243,129.77777777777777,"{'DROPOUT': 160, 'END_OF_DATA': 20}",1000000
180,4561362.133277978,456.1362133277978,0.7888888888888889,92.69608592059109,21.911179927860147,306.1618746242315,5561362.133277976,129.77777777777777,"{'DROPOUT': 160, 'END_OF_DATA': 20}",1000000
180,4385304.299073571,438.5304299073572,0.7444444444444445,109.2501742746472,16.283473288794674,338.4890732638586,5385304.29907357,129.77777777777777,"{'DROPOUT': 160, 'END_OF_DATA': 20}",1000000
180,4031053.020558141,403.1053020558141,0.7888888888888889,87.94757851073828,25.039686102005085,265.3981534220906,5031053.020558142,129.77777777777777,"{'DROPOUT': 160, 'END_OF_DATA': 20}",1000000
180,2537636.4768111887,253.76364768111887,0.7888888888888889,98.48235820608261,18.126053791874973,336.094116455943,3537636.476811189,129.77777777777777,"{'DROPOUT': 160, 'END_OF_DATA': 20}",1000000
180,2930582.420737147,293.05824207371467,0.8,71.30773413996944,21.66666872178516,158.22338542625525,3930582.4207371473,129.77777777777777,"{'DROPOUT': 160, 'END_OF_DATA': 20}",1000000
180,2011919.9767845697,201.19199767845694,0.7888888888888889,93.31401757197341,22.14907820379885,305.1183996049176,3011919.9767845683,129.77777777777777,"{'DROPOUT': 160, 'END_OF_DATA': 20}",1000000
180,2370898.3831895995,237.08983831895995,0.7888888888888889,52.88046604681141,15.96249221915653,126.37143010036279,3370898.3831895995,129.77777777777777,"{'DROPOUT': 160, 'END_OF_DATA': 20}",1000000
180,3831768.954795745,383.17689547957457,0.7888888888888889,89.453707791587,18.66641954932485,276.16971280723106,4831768.954795745,129.77777777777777,"{'DROPOUT': 160, 'END_OF_DATA': 20}",1000000
180,6147166.0740535725,614.7166074053573,0.7222222222222222,121.7832610257108,13.911552229378177,387.6933243514339,7147166.074053571,129.77777777777777,"{'DROPOUT': 160, 'END_OF_DATA': 20}",1000000
180,2250737.166256097,225.07371662560973,0.7777777777777778,63.72201089964313,14.955736820813067,209.96279759911766,3250737.166256097,129.77777777777777,"{'DROPOUT': 160, 'END_OF_DATA': 20}",1000000
180,2713133.779838796,271.3133779838796,0.8277777777777777,50.81193890523398,20.576656889108836,103.36477868427716,3713133.7798387953,129.77777777777777,"{'DROPOUT': 160, 'END_OF_DATA': 20}",1000000
180,4252835.234840632,425.28352348406327,0.7611111111111111,109.1738359670352,18.366433776680722,392.85501116581673,5252835.234840634,129.77777777777777,"{'DROPOUT': 160, 'END_OF_DATA': 20}",1000000
180,3439603.310663024,343.9603310663024,0.7611111111111111,100.80596071034248,24.116995929910885,357.3506671348163,4439603.310663024,129.77777777777777,"{'DROPOUT': 160, 'END_OF_DATA': 20}",1000000
180,4211058.772510663,421.1058772510663,0.7777777777777778,99.21055347829383,18.139449560331684,337.7052784447644,5211058.772510665,129.77777777777777,"{'DROPOUT': 160, 'END_OF_DATA': 20}",1000000
180,5175039.061935241,517.5039061935241,0.7777777777777778,99.70686900195267,17.29490459507057,336.9953152014364,6175039.061935243,129.77777777777777,"{'DROPOUT': 160, 'END_OF_DATA': 20}",1000000
180,2685625.2474388448,268.56252474388447,0.7666666666666667,57.000857912731234,16.15026012016623,152.049264587165,3685625.2474388448,129.77777777777777,"{'DROPOUT': 160, 'END_OF_DATA': 20}",1000000
180,2694964.6046690196,269.49646046690196,0.8444444444444444,97.3818236383507,21.696764123900028,335.0726363022338,3694964.6046690196,129.77777777777777,"{'DROPOUT': 160, 'END_OF_DATA': 20}",1000000
180,4991260.449369196,499.1260449369196,0.7611111111111111,86.51969276741488,16.69058909684061,303.1908115716402,5991260.449369196,129.77777777777777,"{'DROPOUT': 160, 'END_OF_DATA': 20}",1000000
180,1538328.1229194026,153.83281229194026,0.7166666666666667,88.90404547816138,11.79778369076704,337.39886780232985,2538328.1229194026,129.77777777777777,"{'DROPOUT': 160, 'END_OF_DATA': 20}",1000000
180,3461177.295944663,346.1177295944663,0.7888888888888889,81.6503054924012,18.331817458204036,290.92884290483937,4461177.295944664,129.77777777777777,"{'DROPOUT': 160, 'END_OF_DATA': 20}",1000000
180,4229472.553741312,422.9472553741312,0.7888888888888889,72.4022989381092,20.363922099437374,217.01283980993367,5229472.5537413135,129.77777777777777,"{'DROPOUT': 160, 'END_OF_DATA': 20}",1000000
180,3488652.934353306,348.8652934353306,0.8055555555555556,93.18182515621788,28.754483854902894,259.25191359523615,4488652.934353304,129.77777777777777,"{'DROPOUT': 160, 'END_OF_DATA': 20}",1000000
180,3342928.2547622286,334.2928254762229,0.7555555555555555,86.50341015245743,16.62122882721303,288.08236448349993,4342928.254762229,129.77777777777777,"{'DROPOUT': 160, 'END_OF_DATA': 20}",1000000
180,2519645.856783755,251.96458567837553,0.8111111111111111,45.33448011779805,20.865199671162543,83.93367307647524,3519645.856783756,129.77777777777777,"{'DROPOUT': 160, 'END_OF_DATA': 20}",1000000
180,5868655.521525048,586.8655521525047,0.7888888888888889,101.41637118753285,20.9756505080195,373.5972963164676,6868655.5215250505,129.77777777777777,"{'DROPOUT': 160, 'END_OF_DATA': 20}",1000000
180,3085378.482830441,308.53784828304407,0.7111111111111111,75.0489907444764,12.308203602507316,239.55156768011005,4085378.4828304397,129.77777777777777,"{'DROPOUT': 160, 'END_OF_DATA': 20}",1000000
180,3177724.3480971567,317.77243480971566,0.7833333333333333,84.17215297276489,19.746402832479056,298.2609573334562,4177724.348097158,129.77777777777777,"{'DROPOUT': 160, 'END_OF_DATA': 20}",1000000
180,4370619.249372404,437.0619249372404,0.7888888888888889,92.91378515923138,23.738580252712975,271.8581122994889,5370619.249372407,129.77777777777777,"{'DROPOUT': 160, 'END_OF_DATA': 20}",1000000
180,2504741.6365654343,250.47416365654342,0.75,102.74100499876194,19.266246087435555,305.59732552037934,3504741.6365654347,129.77777777777777,"{'DROPOUT': 160, 'END_OF_DATA': 20}",1000000
180,3703310.018537054,370.3310018537054,0.8,77.41449131191129,18.24042239043939,203.12966895059142,4703310.018537055,129.77777777777777,"{'DROPOUT': 160, 'END_OF_DATA': 20}",1000000
180,2311250.1717894943,231.12501717894943,0.7111111111111111,58.17534957717616,13.618875864879065,140.38307830432248,3311250.1717894943,129.77777777777777,"{'DROPOUT': 160, 'END_OF_DATA': 20}",1000000
180,2194322.917734834,219.4322917734834,0.7611111111111111,72.49362831864339,16.843971944004366,238.27691036272998,3194322.9177348344,129.77777777777777,"{'DROPOUT': 160, 'END_OF_DATA': 20}",1000000
180,2457954.3824268896,245.79543824268896,0.7611111111111111,94.71373098670281,16.351051283002615,325.89161960718104,3457954.3824268915,129.77777777777777,"{'DROPOUT': 160, 'END_OF_DATA': 20}",1000000
180,5085845.114181487,508.58451141814874,0.7055555555555556,86.85250937172243,12.816125846984976,327.18850266730726,6085845.114181488,129.77777777777777,"{'DROPOUT': 160, 'END_OF_DATA': 20}",1000000
180,2072845.4070040276,207.28454070040274,0.7722222222222223,45.25610334576844,16.96882993175751,96.502967239476,3072845.4070040304,129.77777777777777,"{'DROPOUT': 160, 'END_OF_DATA': 20}",1000000
180,3618316.4289932624,361.83164289932625,0.7944444444444444,101.14654415107702,14.826320508838844,320.79417385252145,4618316.428993262,129.77777777777777,"{'DROPOUT': 160, 'END_OF_DATA': 20}",1000000
180,3421477.6018636217,342.1477601863622,0.8222222222222222,78.80276857443414,24.149179660157905,236.09868709057605,4421477.601863624,129.77777777777777,"{'DROPOUT': 160, 'END_OF_DATA': 20}",1000000
180,3202972.138105651,320.2972138105651,0.7777777777777778,95.45179190052113,19.709938411220975,334.06269639202264,4202972.13810565,129.77777777777777,"{'DROPOUT': 160, 'END_OF_DATA': 20}",1000000
180,5178993.538834091,517.8993538834092,0.7277777777777777,93.27717874907074,17.44269659975417,305.42676230451747,6178993.538834089,129.77777777777777,"{'DROPOUT': 160, 'END_OF_DATA': 20}",1000000
180,4500033.485680636,450.00334856806364,0.7833333333333333,126.9395894696215,24.246115274842943,446.9660150970765,5500033.485680638,129.77777777777777,"{'DROPOUT': 160, 'END_OF_DATA': 20}",1000000
180,2642426.267560766,264.2426267560766,0.7222222222222222,96.17441627453874,15.107152611323745,333.2600340766757,3642426.2675607665,129.77777777777777,"{'DROPOUT': 160, 'END_OF_DATA': 20}",1000000
180,3442457.542617126,344.2457542617126,0.7944444444444444,70.01376033927316,21.197428756674228,269.71675700076366,4442457.542617126,129.77777777777777,"{'DROPOUT': 160, 'END_OF_DATA': 20}",1000000
180,1799068.342587981,179.90683425879809,0.7555555555555555,71.27518177532512,13.636099561058522,273.7190006505,2799068.3425879795,129.77777777777777,"{'DROPOUT': 160, 'END_OF_DATA': 20}",1000000
180,3777747.448373048,377.7747448373048,0.7888888888888889,105.73637570977513,18.900088475620432,323.11090959907074,4777747.448373048,129.77777777777777,"{'DROPOUT': 160, 'END_OF_DATA': 20}",1000000
180,2511489.527144056,251.14895271440557,0.85,72.23957247141914,22.90684228521276,238.08148148152767,3511489.5271440544,129.77777777777777,"{'DROPOUT': 160, 'END_OF_DATA': 20}",1000000
180,4662484.741127927,466.24847411279274,0.8277777777777777,104.00248338819242,19.602872797021398,311.5909770495998,5662484.741127925,129.77777777777777,"{'DROPOUT': 160, 'END_OF_DATA': 20}",1000000
180,2528817.204792398,252.88172047923982,0.8,51.69990732179407,18.23184641218356,124.1960855923994,3528817.2047923966,129.77777777777777,"{'DROPOUT': 160, 'END_OF_DATA': 20}",1000000
180,4103764.8026515935,410.37648026515933,0.7611111111111111,112.69137578230728,17.474997130510545,347.7038859137605,5103764.802651592,129.77777777777777,"{'DROPOUT': 160, 'END_OF_DATA': 20}",1000000
180,3972553.0970066306,397.2553097006631,0.7722222222222223,91.0717450596585,18.621985267527563,337.3048704452548,4972553.09700663,129.77777777777777,"{'DROPOUT': 160, 'END_OF_DATA': 20}",1000000
180,3517226.02370061,351.722602370061,0.7111111111111111,70.9295489655534,17.083707062654653,215.98699327049712,4517226.02370061,129.77777777777777,"{'DROPOUT': 160, 'END_OF_DATA': 20}",1000000
180,2069454.6787019435,206.94546787019434,0.7444444444444445,100.5885575461811,20.06252855178427,381.001861310145,3069454.678701944,129.77777777777777,"{'DROPOUT': 160, 'END_OF_DATA': 20}",1000000
180,2700993.4335989514,270.09934335989516,0.7611111111111111,63.91891605142976,15.606636480531563,257.1477629248092,3700993.4335989505,129.77777777777777,"{'DROPOUT': 160, 'END_OF_DATA': 20}",1000000
180,4129536.4641246255,412.95364641246255,0.7888888888888889,88.03593687925189,18.18874942827123,256.0018428791046,5129536.464124624,129.77777777777777,"{'DROPOUT': 160, 'END_OF_DATA': 20}",1000000
180,5207313.350388266,520.7313350388266,0.75,111.21588191329782,17.624288910336357,355.4774839700896,6207313.350388265,129.77777777777777,"{'DROPOUT': 160, 'END_OF_DATA': 20}",1000000
180,3572467.7644008677,357.24677644008676,0.7833333333333333,80.42565823655558,23.823011473039436,201.47850307728726,4572467.764400868,129.77777777777777,"{'DROPOUT': 160, 'END_OF_DATA': 20}",1000000
180,1915044.1926940298,191.50441926940297,0.7833333333333333,79.75282763313152,16.904373840628846,298.16170153700745,2915044.192694031,129.77777777777777,"{'DROPOUT': 160, 'END_OF_DATA': 20}",1000000
180,2207441.3434548704,220.74413434548705,0.7722222222222223,77.55773762975622,17.897702315012687,249.66044147056033,3207441.343454871,129.77777777777777,"{'DROPOUT': 160, 'END_OF_DATA': 20}",1000000
180,4047286.844558879,404.72868445588784,0.7388888888888889,97.31932069816551,16.277229129717238,366.3889111918641,5047286.844558877,129.77777777777777,"{'DROPOUT': 160, 'END_OF_DATA': 20}",1000000
180,4694636.204993518,469.4636204993518,0.7611111111111111,129.17883938846197,18.287526719617723,431.26213263292794,5694636.204993518,129.77777777777777,"{'DROPOUT': 160, 'END_OF_DATA': 20}",1000000
180,2466895.780532643,246.6895780532643,0.7944444444444444,58.980062478187776,20.350443082030566,194.81524732323246,3466895.7805326437,129.77777777777777,"{'DROPOUT': 160, 'END_OF_DATA': 20}",1000000
180,2594908.327102202,259.4908327102202,0.7277777777777777,46.754562785836335,13.747164375336654,120.41791970278761,3594908.3271022015,129.77777777777777,"{'DROPOUT': 160, 'END_OF_DATA': 20}",1000000
180,2290775.908637502,229.0775908637502,0.75,72.82785710325578,14.884012130888188,231.1836601619524,3290775.908637501,129.77777777777777,"{'DROPOUT': 160, 'END_OF_DATA': 20}",1000000
180,2242764.4143069545,224.27644143069543,0.7888888888888889,84.20168676197108,19.083824006910135,301.83322908600974,3242764.414306954,129.77777777777777,"{'DROPOUT': 160, 'END_OF_DATA': 20}",1000000
180,3884028.8586446866,388.40288586446866,0.7944444444444444,95.83292516480417,19.738145926324474,332.89411131840177,4884028.858644686,129.77777777777777,"{'DROPOUT': 160, 'END_OF_DATA': 20}",1000000
180,2147521.625990335,214.75216259903348,0.8277777777777777,67.74161489646781,18.08071244425575,213.82726175020403,3147521.625990335,129.77777777777777,"{'DROPOUT': 160, 'END_OF_DATA': 20}",1000000
180,3438910.3313350617,343.89103313350614,0.7666666666666667,100.60519776136783,14.823735217843177,377.97018872222424,4438910.331335062,129.77777777777777,"{'DROPOUT': 160, 'END_OF_DATA': 20}",1000000
180,3768938.9449673183,376.89389449673183,0.7944444444444444,87.96459119443612,18.55206363896603,294.63454422717143,4768938.944967318,129.77777777777777,"{'DROPOUT': 160, 'END_OF_DATA': 20}",1000000
180,2173253.7926187394,217.32537926187393,0.7555555555555555,38.20586399065858,14.341108228015882,73.7141397071446,3173253.7926187394,129.77777777777777,"{'DROPOUT': 160, 'END_OF_DATA': 20}",1000000
180,2942306.912877148,294.2306912877148,0.75,99.54164673329389,10.882546155746116,359.6109240909788,3942306.912877147,129.77777777777777,"{'DROPOUT': 160, 'END_OF_DATA': 20}",1000000
180,4394960.05746537,439.496005746537,0.7666666666666667,80.40160392030033,17.723500809555677,277.3035416261391,5394960.057465371,129.77777777777777,"{'DROPOUT': 160, 'END_OF_DATA': 20}",1000000
180,3447170.1470480473,344.71701470480474,0.7888888888888889,72.4872070455742,16.675104574591558,233.45198972982874,4447170.147048048,129.77777777777777,"{'DROPOUT': 160, 'END_OF_DATA': 20}",1000000
180,6617953.239694817,661.7953239694817,0.8,138.65777067343987,18.615456475873202,484.676525285718,7617953.239694818,129.77777777777777,"{'DROPOUT': 160, 'END_OF_DATA': 20}",1000000
180,2953768.6818492757,295.3768681849276,0.7944444444444444,59.75952651242835,16.057148040198392,174.15095492835758,3953768.681849277,129.77777777777777,"{'DROPOUT': 160, 'END_OF_DATA': 20}",1000000
180,3010168.7500743433,301.01687500743435,0.7944444444444444,113.4108879194006,24.803231238394936,303.06944390802437,4010168.7500743433,129.77777777777777,"{'DROPOUT': 160, 'END_OF_DATA': 20}",1000000
180,3890469.1981087616,389.04691981087615,0.7888888888888889,111.35160721761277,20.450124484675676,365.9993980940974,4890469.198108761,129.77777777777777,"{'DROPOUT': 160, 'END_OF_DATA': 20}",1000000
180,4332519.8652472105,433.251986524721,0.7611111111111111,78.74944790124928,16.24187964135845,249.06470584008298,5332519.8652472105,129.77777777777777,"{'DROPOUT': 160, 'END_OF_DATA': 20}",1000000
180,3778429.6838231357,377.84296838231353,0.7666666666666667,99.0265955942875,14.102308874311925,340.3946130638065,4778429.6838231385,129.77777777777777,"{'DROPOUT': 160, 'END_OF_DATA': 20}",1000000
180,2385649.856571206,238.5649856571206,0.8111111111111111,100.53805236638068,23.794957626116812,334.30739179739635,3385649.856571207,129.77777777777777,"{'DROPOUT': 160, 'END_OF_DATA': 20}",1000000
180,1837455.3685756652,183.74553685756652,0.7444444444444445,41.80273822931892,14.622989975753331,63.617202563651944,2837455.368575665,129.77777777777777,"{'DROPOUT': 160, 'END_OF_DATA': 20}",1000000
180,3251191.3662940804,325.11913662940805,0.7722222222222223,68.18704603947182,16.66615936808327,237.9204416126256,4251191.36629408,129.77777777777777,"{'DROPOUT': 160, 'END_OF_DATA': 20}",1000000
180,3427690.510911113,342.7690510911113,0.7722222222222223,73.29051775095574,14.285713272029875,254.0025159459506,4427690.510911114,129.77777777777777,"{'DROPOUT': 160, 'END_OF_DATA': 20}",1000000
180,1911788.2086049952,191.1788208604995,0.7333333333333333,66.2544598671505,14.596273521872778,273.31745340521445,2911788.2086049966,129.77777777777777,"{'DROPOUT': 160, 'END_OF_DATA': 20}",1000000
180,2835108.981573205,283.51089815732047,0.7777777777777778,130.20130336647347,17.30305406667882,417.8941337930909,3835108.981573204,129.77777777777777,"{'DROPOUT': 160, 'END_OF_DATA': 20}",1000000
180,3623225.129894807,362.3225129894807,0.7722222222222223,136.64371505043948,19.888092479215704,409.6562626465569,4623225.129894808,129.77777777777777,"{'DROPOUT': 160, 'END_OF_DATA': 20}",1000000
180,5779294.956421088,577.9294956421088,0.7777777777777778,118.93013149220435,20.288875385514803,366.87263626106045,6779294.956421085,129.77777777777777,"{'DROPOUT': 160, 'END_OF_DATA': 20}",1000000
180,2019710.9421486442,201.97109421486442,0.7666666666666667,62.19596936930941,20.608659789461946,224.67424685817778,3019710.9421486435,129.77777777777777,"{'DROPOUT': 160, 'END_OF_DATA': 20}",1000000
180,3493164.1571380505,349.3164157138051,0.7722222222222223,92.83919452455063,16.983667472484548,308.76877794692416,4493164.15713805,129.77777777777777,"{'DROPOUT': 160, 'END_OF_DATA': 20}",1000000
180,4230389.490030517,423.0389490030517,0.7722222222222223,101.74508057583459,20.14000177383422,349.96301127166106,5230389.490030518,129.77777777777777,"{'DROPOUT': 160, 'END_OF_DATA': 20}",1000000
180,2813918.996429347,281.39189964293473,0.7944444444444444,92.08337046639458,21.13732304960576,328.389211827688,3813918.9964293465,129.77777777777777,"{'DROPOUT': 160, 'END_OF_DATA': 20}",1000000
180,2282838.957741767,228.28389577417673,0.7666666666666667,123.2084822535301,20.899586572051792,387.7790565430053,3282838.957741766,129.77777777777777,"{'DROPOUT': 160, 'END_OF_DATA': 20}",1000000
180,2977559.834680248,297.7559834680248,0.7388888888888889,74.09015554013217,15.587514663727621,283.6759613703953,3977559.8346802476,129.77777777777777,"{'DROPOUT': 160, 'END_OF_DATA': 20}",1000000
180,4318939.586618053,431.8939586618053,0.8388888888888889,72.58606247392157,16.609470057345703,241.83795113288178,5318939.586618052,129.77777777777777,"{'DROPOUT': 160, 'END_OF_DATA': 20}",1000000
180,3963497.2990689008,396.34972990689005,0.7611111111111111,84.7927724621751,17.039345753844003,312.56134009893117,4963497.2990689045,129.77777777777777,"{'DROPOUT': 160, 'END_OF_DATA': 20}",1000000
180,3631556.2491524555,363.15562491524554,0.7833333333333333,104.0142808570527,27.034981685538522,290.3858376696515,4631556.249152456,129.77777777777777,"{'DROPOUT': 160, 'END_OF_DATA': 20}",1000000
180,2368578.1922098775,236.85781922098778,0.7666666666666667,64.12840370367012,19.877676594814695,122.73516586193067,3368578.192209877,129.77777777777777,"{'DROPOUT': 160, 'END_OF_DATA': 20}",1000000
180,2564893.625507919,256.48936255079195,0.8,83.541112683181,16.6952990781647,301.2329380481867,3564893.625507918,129.77777777777777,"{'DROPOUT': 160, 'END_OF_DATA': 20}",1000000
180,2506164.761891959,250.61647618919588,0.7722222222222223,65.61884636794903,18.044810193935515,222.32758652893395,3506164.76189196,129.77777777777777,"{'DROPOUT': 160, 'END_OF_DATA': 20}",1000000
180,2317324.7055598535,231.73247055598534,0.7222222222222222,95.48737942845415,13.503130666313576,339.19666938522096,3317324.7055598525,129.77777777777777,"{'DROPOUT': 160, 'END_OF_DATA': 20}",1000000
180,2110655.091113722,211.0655091113722,0.8111111111111111,79.31798642561678,19.545114252167988,248.83482662709451,3110655.091113722,129.77777777777777,"{'DROPOUT': 160, 'END_OF_DATA': 20}",1000000
180,3830118.254693983,383.0118254693983,0.8111111111111111,81.12914186726094,20.84540950818409,243.99466255115976,4830118.254693985,129.77777777777777,"{'DROPOUT': 160, 'END_OF_DATA': 20}",1000000
180,4845436.770003051,484.5436770003051,0.7777777777777778,101.12196041626028,19.076127108875188,297.5586135161084,5845436.77000305,129.77777777777777,"{'DROPOUT': 160, 'END_OF_DATA': 20}",1000000
180,4896222.654876158,489.6222654876158,0.7666666666666667,109.00754193574495,20.367680407319398,340.2504406561036,5896222.654876158,129.77777777777777,"{'DROPOUT': 160, 'END_OF_DATA': 20}",1000000
180,5150632.419962074,515.0632419962074,0.7388888888888889,89.29805319900461,18.34579097773291,311.7341650645022,6150632.419962071,129.77777777777777,"{'DROPOUT': 160, 'END_OF_DATA': 20}",1000000
180,3336409.1209549466,333.6409120954947,0.7388888888888889,71.28868230546193,12.34670056768907,239.62061292076228,4336409.120954947,129.77777777777777,"{'DROPOUT': 160, 'END_OF_DATA': 20}",1000000
180,2792295.4960597563,279.2295496059756,0.7888888888888889,74.400237521884,16.478502672804986,240.77096341786128,3792295.496059757,129.77777777777777,"{'DROPOUT': 160, 'END_OF_DATA': 20}",1000000
180,4797511.136004968,479.75111360049675,0.8333333333333334,96.12701332092753,17.984607821212588,335.2067880401352,5797511.136004968,129.77777777777777,"{'DROPOUT': 160, 'END_OF_DATA': 20}",1000000
180,2482702.223761292,248.27022237612923,0.7666666666666667,87.1561805124228,17.03992937091474,302.33136502860685,3482702.2237612912,129.77777777777777,"{'DROPOUT': 160, 'END_OF_DATA': 20}",1000000
180,2340181.608884616,234.01816088846158,0.7888888888888889,72.02090593947138,18.424283489839564,268.1421308010837,3340181.608884616,129.77777777777777,"{'DROPOUT': 160, 'END_OF_DATA': 20}",1000000
180,4631562.977839187,463.1562977839187,0.7611111111111111,97.82340577356267,16.5453925952249,354.7910416060934,5631562.977839186,129.77777777777777,"{'DROPOUT': 160, 'END_OF_DATA': 20}",1000000
180,3157185.700212358,315.7185700212358,0.7666666666666667,79.28083548349093,17.063460228050197,230.60714935969003,4157185.7002123594,129.77777777777777,"{'DROPOUT': 160, 'END_OF_DATA': 20}",1000000
180,4074008.081964397,407.4008081964397,0.7722222222222223,129.38824887582405,22.37249342199417,428.5886785316763,5074008.081964397,129.77777777777777,"{'DROPOUT': 160, 'END_OF_DATA': 20}",1000000
180,3645464.0069797556,364.54640069797557,0.7611111111111111,84.37889604580049,21.676531111312418,274.9178343602449,4645464.006979758,129.77777777777777,"{'DROPOUT': 160, 'END_OF_DATA': 20}",1000000
180,2483448.898083131,248.34488980831307,0.7944444444444444,75.08724834031838,19.57235269564916,226.82128154727684,3483448.89808313,129.77777777777777,"{'DROPOUT': 160, 'END_OF_DATA': 20}",1000000
180,2576359.2632208904,257.63592632208906,0.7777777777777778,65.88653036478446,20.455748734083944,176.54828040003744,3576359.26322089,129.77777777777777,"{'DROPOUT': 160, 'END_OF_DATA': 20}",1000000
180,5227064.272033874,522.7064272033874,0.7777777777777778,87.83081810842147,14.431360580092248,318.6623399996182,6227064.272033874,129.77777777777777,"{'DROPOUT': 160, 'END_OF_DATA': 20}",1000000
180,4646292.102729983,464.62921027299825,0.8,82.87295891779374,22.06347414606124,282.7769213638524,5646292.102729984,129.77777777777777,"{'DROPOUT': 160, 'END_OF_DATA': 20}",1000000
180,7439181.756326398,743.9181756326398,0.7666666666666667,121.05943994422293,21.156401428463937,365.2207009327744,8439181.756326394,129.77777777777777,"{'DROPOUT': 160, 'END_OF_DATA': 20}",1000000
180,1700330.6743706355,170.03306743706355,0.7555555555555555,42.3555123850245,16.086698374144397,83.65800183728732,2700330.674370636,129.77777777777777,"{'DROPOUT': 160, 'END_OF_DATA': 20}",1000000
180,3548186.573308791,354.8186573308791,0.7833333333333333,116.7166903822286,16.32538008835824,417.7334703440072,4548186.573308792,129.77777777777777,"{'DROPOUT': 160, 'END_OF_DATA': 20}",1000000
180,3490799.352518229,349.07993525182286,0.8,80.64158348744424,20.31064929263193,239.16156413424594,4490799.352518227,129.77777777777777,"{'DROPOUT': 160, 'END_OF_DATA': 20}",1000000
180,3995686.321438474,399.5686321438474,0.7722222222222223,85.95341298511849,17.465186320264017,252.66474072796413,4995686.321438473,129.77777777777777,"{'DROPOUT': 160, 'END_OF_DATA': 20}",1000000
180,3685481.186545099,368.5481186545099,0.75,67.06062345691957,16.536245396608287,230.6813469988557,4685481.186545101,129.77777777777777,"{'DROPOUT': 160, 'END_OF_DATA': 20}",1000000
180,2674473.187262566,267.4473187262566,0.7444444444444445,103.91961807245153,15.05166979615037,363.36031437743156,3674473.1872625668,129.77777777777777,"{'DROPOUT': 160, 'END_OF_DATA': 20}",1000000
180,2280255.341756143,228.02553417561433,0.7611111111111111,79.65777492074612,14.78320454595748,318.4692228894268,3280255.341756142,129.77777777777777,"{'DROPOUT': 160, 'END_OF_DATA': 20}",1000000
180,5636906.755911368,563.6906755911368,0.7944444444444444,114.88515011450751,23.634733747415293,362.4732476832831,6636906.755911364,129.77777777777777,"{'DROPOUT': 160, 'END_OF_DATA': 20}",1000000
180,2647155.585070328,264.71555850703277,0.7555555555555555,53.06992861419784,17.063094665167103,110.94765702759278,3647155.5850703274,129.77777777777777,"{'DROPOUT': 160, 'END_OF_DATA': 20}",1000000
180,2957070.076693547,295.7070076693547,0.8222222222222222,128.0839061841721,18.878624149048846,397.31944423568643,3957070.076693547,129.77777777777777,"{'DROPOUT': 160, 'END_OF_DATA': 20}",1000000
180,4185947.2648561774,418.59472648561774,0.8,114.66178368277126,21.05192932024403,381.8991125367687,5185947.264856175,129.77777777777777,"{'DROPOUT': 160, 'END_OF_DATA': 20}",1000000
180,2454573.3225687966,245.45733225687965,0.7666666666666667,67.8528835867198,20.176968635079458,214.60401014994125,3454573.3225687975,129.77777777777777,"{'DROPOUT': 160, 'END_OF_DATA': 20}",1000000
180,2934603.8602612335,293.46038602612333,0.7944444444444444,77.82942461737504,18.268141239222437,248.3517643720701,3934603.8602612335,129.77777777777777,"{'DROPOUT': 160, 'END_OF_DATA': 20}",1000000
180,2471556.019417067,247.15560194170672,0.7777777777777778,74.83624878940367,13.852574194969886,256.62844730003724,3471556.0194170666,129.77777777777777,"{'DROPOUT': 160, 'END_OF_DATA': 20}",1000000
180,2960774.238423423,296.0774238423423,0.8,107.37943485568024,22.074747542899694,332.03582507506667,3960774.238423422,129.77777777777777,"{'DROPOUT': 160, 'END_OF_DATA': 20}",1000000
180,3134403.1567363623,313.44031567363623,0.7777777777777778,69.9754506470425,17.239508548951086,179.46498414378294,4134403.1567363623,129.77777777777777,"{'DROPOUT': 160, 'END_OF_DATA': 20}",1000000
180,2291659.936026242,229.16599360262418,0.7611111111111111,93.5163710298946,17.078984018819554,338.11904994190184,3291659.936026241,129.77777777777777,"{'DROPOUT': 160, 'END_OF_DATA': 20}",1000000
180,2189784.453354431,218.9784453354431,0.7444444444444445,74.1817786671673,16.98363218758157,282.2328625796997,3189784.4533544313,129.77777777777777,"{'DROPOUT': 160, 'END_OF_DATA': 20}",1000000
180,2407952.300651525,240.79523006515254,0.7611111111111111,61.14687513697479,16.317410401661213,205.71556034763677,3407952.3006515233,129.77777777777777,"{'DROPOUT': 160, 'END_OF_DATA': 20}",1000000
180,2054867.845587158,205.48678455871584,0.7555555555555555,81.6927562265803,18.673912655980004,311.8786315970794,3054867.8455871586,129.77777777777777,"{'DROPOUT': 160, 'END_OF_DATA': 20}",1000000
180,5305134.669635289,530.5134669635289,0.7888888888888889,103.82355996474233,22.34812645046211,313.1567134046507,6305134.669635288,129.77777777777777,"{'DROPOUT': 160, 'END_OF_DATA': 20}",1000000
180,4612105.1785907885,461.2105178590789,0.8111111111111111,89.08789618627786,14.980928153005681,336.6436964530973,5612105.1785907885,129.77777777777777,"{'DROPOUT': 160, 'END_OF_DATA': 20}",1000000
180,2546138.4031584286,254.61384031584285,0.7888888888888889,70.44721933978067,20.499779324331072,216.39799209487308,3546138.403158429,129.77777777777777,"{'DROPOUT': 160, 'END_OF_DATA': 20}",1000000
180,2303207.5339432703,230.32075339432706,0.85,95.17414403732342,21.371975552255854,317.18746902751553,3303207.5339432703,129.77777777777777,"{'DROPOUT': 160, 'END_OF_DATA': 20}",1000000
180,2840540.7244450697,284.05407244450697,0.75,50.65324240163888,15.599787496801532,109.81294568052421,3840540.724445071,129.77777777777777,"{'DROPOUT': 160, 'END_OF_DATA': 20}",1000000
180,2725905.488146092,272.5905488146092,0.7722222222222223,80.40774164058521,20.56034552081807,286.33161721545207,3725905.4881460923,129.77777777777777,"{'DROPOUT': 160, 'END_OF_DATA': 20}",1000000
180,5199370.532167961,519.9370532167961,0.7777777777777778,151.86307586662912,20.77930075474721,482.4040943167779,6199370.532167961,129.77777777777777,"{'DROPOUT': 160, 'END_OF_DATA': 20}",1000000
180,2865704.1918080514,286.5704191808051,0.7944444444444444,77.05002073179831,22.038920461197428,239.52358498850532,3865704.1918080514,129.77777777777777,"{'DROPOUT': 160, 'END_OF_DATA': 20}",1000000
180,3511634.120492435,351.1634120492435,0.7944444444444444,127.08676890462226,19.95809799098633,408.4061991979512,4511634.120492433,129.77777777777777,"{'DROPOUT': 160, 'END_OF_DATA': 20}",1000000
180,3674672.560915618,367.4672560915618,0.7722222222222223,88.95976646010129,19.13525520822644,298.14710256114444,4674672.560915617,129.77777777777777,"{'DROPOUT': 160, 'END_OF_DATA': 20}",1000000
180,5652782.627983288,565.2782627983288,0.7777777777777778,107.88396356749375,22.45162389189479,329.4228565557118,6652782.627983287,129.77777777777777,"{'DROPOUT': 160, 'END_OF_DATA': 20}",1000000
180,2086326.6935178053,208.63266935178055,0.7722222222222223,108.54499102165444,20.04430732364561,379.56209325552203,3086326.6935178065,129.77777777777777,"{'DROPOUT': 160, 'END_OF_DATA': 20}",1000000
180,4313811.531675293,431.38115316752936,0.7277777777777777,98.30492785374256,16.222924872134488,342.87981732914795,5313811.531675293,129.77777777777777,"{'DROPOUT': 160, 'END_OF_DATA': 20}",1000000
180,2454316.058908269,245.4316058908269,0.7722222222222223,95.33245785724596,14.442385870657372,318.59883182774524,3454316.058908269,129.77777777777777,"{'DROPOUT': 160, 'END_OF_DATA': 20}",1000000
180,5816010.4592517745,581.6010459251775,0.7611111111111111,115.60728207044501,24.16890998632939,359.177762994778,6816010.459251774,129.77777777777777,"{'DROPOUT': 160, 'END_OF_DATA': 20}",1000000
180,3968628.2383162417,396.86282383162415,0.8222222222222222,114.01469608787791,19.02357058882008,381.3821238045701,4968628.238316241,129.77777777777777,"{'DROPOUT': 160, 'END_OF_DATA': 20}",1000000
180,3518683.6040582,351.86836040582,0.7555555555555555,122.40868798561314,21.78572032604209,379.56427603447827,4518683.604058199,129.77777777777777,"{'DROPOUT': 160, 'END_OF_DATA': 20}",1000000
180,2192197.2201831834,219.21972201831835,0.7888888888888889,87.9368681874824,21.752766625298886,256.88753593949895,3192197.2201831834,129.77777777777777,"{'DROPOUT': 160, 'END_OF_DATA': 20}",1000000
180,3534059.3246266525,353.40593246266525,0.7444444444444445,106.94103782266332,21.9510211932304,331.4470514095729,4534059.3246266525,129.77777777777777,"{'DROPOUT': 160, 'END_OF_DATA': 20}",1000000
180,2678707.7293616724,267.87077293616727,0.7666666666666667,96.25274082579148,17.988368584668383,330.56187049754584,3678707.7293616734,129.77777777777777,"{'DROPOUT': 160, 'END_OF_DATA': 20}",1000000
180,4892385.96845673,489.238596845673,0.8,110.7099432264787,21.036998175256247,349.84322628522585,5892385.968456734,129.77777777777777,"{'DROPOUT': 160, 'END_OF_DATA': 20}",1000000
180,2212382.9548431467,221.23829548431468,0.7777777777777778,90.20583039408254,18.53993014182941,325.9349878740686,3212382.9548431467,129.77777777777777,"{'DROPOUT': 160, 'END_OF_DATA': 20}",1000000
180,3231229.8030185886,323.12298030185883,0.7388888888888889,140.08036128063497,17.944786787840737,423.44409466159146,4231229.803018589,129.77777777777777,"{'DROPOUT': 160, 'END_OF_DATA': 20}",1000000
180,3001686.3799129645,300.16863799129646,0.7888888888888889,88.00014671519435,17.740417347226554,291.3708737483613,4001686.379912964,129.77777777777777,"{'DROPOUT': 160, 'END_OF_DATA': 20}",1000000
180,2675099.617704863,267.5099617704863,0.7777777777777778,69.85895031852192,19.11765029376766,211.30379726864857,3675099.617704864,129.77777777777777,"{'DROPOUT': 160, 'END_OF_DATA': 20}",1000000
180,3862673.8839951996,386.26738839952,0.7722222222222223,81.34950579164645,24.999996808599832,279.48155993885746,4862673.883995204,129.77777777777777,"{'DROPOUT': 160, 'END_OF_DATA': 20}",1000000
180,2171719.556411042,217.1719556411042,0.8,91.22108061530768,18.046079269169304,331.2753105342316,3171719.5564110414,129.77777777777777,"{'DROPOUT': 160, 'END_OF_DATA': 20}",1000000
180,2632343.543830962,263.2343543830962,0.7666666666666667,113.34169226762086,21.66432840868139,379.3622673063167,3632343.543830962,129.77777777777777,"{'DROPOUT': 160, 'END_OF_DATA': 20}",1000000
180,6175956.256934958,617.5956256934958,0.8166666666666667,109.26884028353345,16.15551839146007,337.1999919414664,7175956.256934959,129.77777777777777,"{'DROPOUT': 160, 'END_OF_DATA': 20}",1000000
180,3044500.397379023,304.45003973790233,0.7222222222222222,86.61991785905771,19.711112790243938,306.9817839108243,4044500.3973790226,129.77777777777777,"{'DROPOUT': 160, 'END_OF_DATA': 20}",1000000
180,2112361.439266893,211.2361439266893,0.7666666666666667,66.3305662445272,19.274137812262765,193.8773427727849,3112361.439266892,129.77777777777777,"{'DROPOUT': 160, 'END_OF_DATA': 20}",1000000
180,5184049.67737942,518.404967737942,0.8,97.61217691843126,19.509431913813202,337.1097018796235,6184049.677379421,129.77777777777777,"{'DROPOUT': 160, 'END_OF_DATA': 20}",1000000
180,4952906.410856713,495.29064108567127,0.75,115.64645445666451,17.391973701681117,340.416414885916,5952906.410856713,129.77777777777777,"{'DROPOUT': 160, 'END_OF_DATA': 20}",1000000
180,3063657.828558881,306.3657828558881,0.6944444444444444,55.08783169023604,12.700617159933252,138.44861279820233,4063657.8285588818,129.77777777777777,"{'DROPOUT': 160, 'END_OF_DATA': 20}",1000000
180,2693106.839570271,269.3106839570271,0.7944444444444444,68.70267015645916,18.417430031646404,220.05410386736972,3693106.8395702695,129.77777777777777,"{'DROPOUT': 160, 'END_OF_DATA': 20}",1000000
180,2555328.9451092873,255.5328945109287,0.7833333333333333,86.60455625269414,15.981943565991655,251.62788383489476,3555328.9451092873,129.77777777777777,"{'DROPOUT': 160, 'END_OF_DATA': 20}",1000000
180,1998975.7810368803,199.89757810368803,0.7666666666666667,80.11598024316088,14.218242848925762,307.50822913515276,2998975.78103688,129.77777777777777,"{'DROPOUT': 160, 'END_OF_DATA': 20}",1000000
180,4908034.605274022,490.8034605274022,0.8055555555555556,129.8976358310559,31.791444194008115,391.9864929455175,5908034.605274023,129.77777777777777,"{'DROPOUT': 160, 'END_OF_DATA': 20}",1000000
180,3954027.1847276613,395.40271847276614,0.85,121.55207660691562,25.668796470592547,357.30915029488983,4954027.18472766,129.77777777777777,"{'DROPOUT': 160, 'END_OF_DATA': 20}",1000000
180,3581219.2789861676,358.1219278986167,0.7777777777777778,103.4969228872584,21.76979395948694,342.49585040336643,4581219.278986167,129.77777777777777,"{'DROPOUT': 160, 'END_OF_DATA': 20}",1000000
180,2516003.4391682846,251.60034391682848,0.8,112.88521232589258,22.936135800233785,345.5086479896354,3516003.439168287,129.77777777777777,"{'DROPOUT': 160, 'END_OF_DATA': 20}",1000000
180,1856222.5090611884,185.62225090611884,0.8,84.94591029033451,20.518837948434545,330.94642076959065,2856222.5090611884,129.77777777777777,"{'DROPOUT': 160, 'END_OF_DATA': 20}",1000000
180,2739854.1657384573,273.9854165738457,0.8055555555555556,81.56622599843382,23.21979555411332,252.96558237797302,3739854.165738457,129.77777777777777,"{'DROPOUT': 160, 'END_OF_DATA': 20}",1000000
180,2388499.4318138533,238.84994318138536,0.7944444444444444,119.57128344408059,20.53557160345465,384.8837909180833,3388499.4318138524,129.77777777777777,"{'DROPOUT': 160, 'END_OF_DATA': 20}",1000000
180,4871068.081608984,487.10680816089837,0.8111111111111111,109.67860129344685,18.554654427854988,332.19627579854813,5871068.081608981,129.77777777777777,"{'DROPOUT': 160, 'END_OF_DATA': 20}",1000000
180,1901561.8722901272,190.15618722901274,0.7388888888888889,53.00379057380071,14.467221042110936,128.05268766708656,2901561.872290127,129.77777777777777,"{'DROPOUT': 160, 'END_OF_DATA': 20}",1000000
180,1974395.7838918138,197.43957838918138,0.75,43.898948854194835,17.63716099954496,80.07527915548263,2974395.7838918143,129.77777777777777,"{'DROPOUT': 160, 'END_OF_DATA': 20}",1000000
180,5625238.548163332,562.5238548163333,0.8555555555555555,128.71795714882325,22.09421849126706,365.988217431622,6625238.548163331,129.77777777777777,"{'DROPOUT': 160, 'END_OF_DATA': 20}",1000000
180,3633439.8160892157,363.3439816089216,0.8055555555555556,91.60347539624749,22.81630796690557,278.38045700876006,4633439.816089214,129.77777777777777,"{'DROPOUT': 160, 'END_OF_DATA': 20}",1000000
180,3424570.6835599774,342.45706835599776,0.8055555555555556,121.14197741046996,14.303351684861067,439.6218960463553,4424570.683559978,129.77777777777777,"{'DROPOUT': 160, 'END_OF_DATA': 20}",1000000
180,4368784.0190725215,436.8784019072521,0.7666666666666667,135.8187377501291,19.986043733693094,440.8299997419149,5368784.0190725215,129.77777777777777,"{'DROPOUT': 160, 'END_OF_DATA': 20}",1000000
180,4233795.932615472,423.37959326154714,0.7777777777777778,146.58831159885128,16.581348494106365,457.0046098588277,5233795.932615472,129.77777777777777,"{'DROPOUT': 160, 'END_OF_DATA': 20}",1000000
180,2670285.1085366616,267.02851085366615,0.8055555555555556,70.16132553994417,17.546044310638504,226.0512288878372,3670285.1085366597,129.77777777777777,"{'DROPOUT': 160, 'END_OF_DATA': 20}",1000000
180,4111842.927194154,411.18429271941534,0.7722222222222223,84.47455070692392,17.673752001584937,255.61662229651324,5111842.927194154,129.77777777777777,"{'DROPOUT': 160, 'END_OF_DATA': 20}",1000000
180,3699520.73510688,369.952073510688,0.8055555555555556,95.11797074697624,25.79135182403246,290.626251958544,4699520.735106881,129.77777777777777,"{'DROPOUT': 160, 'END_OF_DATA': 20}",1000000
180,3251394.2191308597,325.139421913086,0.7944444444444444,84.97762822146963,17.931879121114648,287.0219274899864,4251394.219130859,129.77777777777777,"{'DROPOUT': 160, 'END_OF_DATA': 20}",1000000
180,3491611.919718201,349.1611919718201,0.7555555555555555,107.06289171730423,14.888117988405046,302.1321814032755,4491611.919718203,129.77777777777777,"{'DROPOUT': 160, 'END_OF_DATA': 20}",1000000
180,3429872.693181357,342.9872693181357,0.7833333333333333,112.77889791523371,14.354203969221745,387.5230061893542,4429872.693181356,129.77777777777777,"{'DROPOUT': 160, 'END_OF_DATA': 20}",1000000
180,6735781.348679123,673.5781348679124,0.7333333333333333,107.75147129448321,15.700865465288079,378.67172365265543,7735781.348679125,129.77777777777777,"{'DROPOUT': 160, 'END_OF_DATA': 20}",1000000
180,2125690.392316252,212.5690392316252,0.8055555555555556,101.07322349445305,18.223660849297527,339.1520484501335,3125690.3923162515,129.77777777777777,"{'DROPOUT': 160, 'END_OF_DATA': 20}",1000000
180,3056679.5428651627,305.66795428651625,0.7888888888888889,88.02492652146911,19.265343342712292,242.24444581726215,4056679.5428651627,129.77777777777777,"{'DROPOUT': 160, 'END_OF_DATA': 20}",1000000
180,3394769.7409258904,339.47697409258905,0.7777777777777778,78.97894991803904,20.918367265311687,268.2612049392081,4394769.740925891,129.77777777777777,"{'DROPOUT': 160, 'END_OF_DATA': 20}",1000000
180,1985665.0656551702,198.56650656551702,0.7722222222222223,58.830271352134396,21.705689229914974,202.7042408310206,2985665.0656551705,129.77777777777777,"{'DROPOUT': 160, 'END_OF_DATA': 20}",1000000
180,2514435.8059875118,251.44358059875117,0.75,82.84998784659555,15.67680369854267,287.09186429214793,3514435.8059875113,129.77777777777777,"{'DROPOUT': 160, 'END_OF_DATA': 20}",1000000
180,2364687.181958348,236.46871819583478,0.8111111111111111,62.93683842326882,16.624230933841506,207.02014960256037,3364687.1819583485,129.77777777777777,"{'DROPOUT': 160, 'END_OF_DATA': 20}",1000000
180,3249729.154219974,324.9729154219974,0.8,78.1772446562588,19.470368491278755,282.1035573577849,4249729.154219973,129.77777777777777,"{'DROPOUT': 160, 'END_OF_DATA': 20}",1000000
180,2518818.1679889765,251.88181679889766,0.7666666666666667,79.52497888578708,17.760410199149035,211.91125791582664,3518818.1679889774,129.77777777777777,"{'DROPOUT': 160, 'END_OF_DATA': 20}",1000000
180,2298884.8278166894,229.88848278166896,0.7722222222222223,73.08063327791754,16.516601059461436,251.42236483201577,3298884.8278166903,129.77777777777777,"{'DROPOUT': 160, 'END_OF_DATA': 20}",1000000
180,3377190.3558530635,337.71903558530636,0.7555555555555555,112.27342508271163,22.880941152527512,407.2947040260297,4377190.355853065,129.77777777777777,"{'DROPOUT': 160, 'END_OF_DATA': 20}",1000000
180,3276678.2855166327,327.66782855166326,0.8333333333333334,69.83566423083916,19.52826264412357,171.45301840237295,4276678.285516632,129.77777777777777,"{'DROPOUT': 160, 'END_OF_DATA': 20}",1000000
180,2974196.8223539824,297.4196822353982,0.85,103.4156555649724,24.40360718002462,346.4332836777915,3974196.822353982,129.77777777777777,"{'DROPOUT': 160, 'END_OF_DATA': 20}",1000000
180,5224389.596980682,522.4389596980682,0.7888888888888889,128.97941400877158,19.498778716839546,390.6368284548332,6224389.596980683,129.77777777777777,"{'DROPOUT': 160, 'END_OF_DATA': 20}",1000000
180,4576006.62294289,457.60066229428895,0.8,88.13156072973416,25.549537798524206,278.92728007524966,5576006.62294289,129.77777777777777,"{'DROPOUT': 160, 'END_OF_DATA': 20}",1000000
180,4384720.8963315245,438.47208963315245,0.75,86.26775063017583,18.728795461171984,284.6211048321321,5384720.896331525,129.77777777777777,"{'DROPOUT': 160, 'END_OF_DATA': 20}",1000000
180,3087095.4856449217,308.7095485644922,0.7444444444444445,99.00313934957428,14.64737755793298,344.14129092434945,4087095.4856449184,129.77777777777777,"{'DROPOUT': 160, 'END_OF_DATA': 20}",1000000
180,2860835.830005221,286.08358300052214,0.8555555555555555,97.13199354476878,19.405482259624964,321.14882304919723,3860835.83000522,129.77777777777777,"{'DROPOUT': 160, 'END_OF_DATA': 20}",1000000
180,3918780.3608165975,391.87803608165973,0.8166666666666667,88.8879486807881,16.736959384526465,262.22575249929804,4918780.360816597,129.77777777777777,"{'DROPOUT': 160, 'END_OF_DATA': 20}",1000000
180,2735683.989606956,273.56839896069556,0.8222222222222222,70.0733387645218,24.498626342385325,209.1978468825913,3735683.989606958,129.77777777777777,"{'DROPOUT': 160, 'END_OF_DATA': 20}",1000000
180,2924990.666809392,292.4990666809392,0.7333333333333333,76.90679359719154,15.395725508929683,323.5552585107005,3924990.6668093936,129.77777777777777,"{'DROPOUT': 160, 'END_OF_DATA': 20}",1000000
180,2924349.8550957786,292.43498550957787,0.7333333333333333,82.23876138621394,12.677953371829489,268.5261952571924,3924349.855095777,129.77777777777777,"{'DROPOUT': 160, 'END_OF_DATA': 20}",1000000
180,2120237.467107253,212.02374671072533,0.8222222222222222,48.5434810776828,19.26110924807262,125.3695641014863,3120237.467107254,129.77777777777777,"{'DROPOUT': 160, 'END_OF_DATA': 20}",1000000
180,2209173.0241604834,220.91730241604833,0.8444444444444444,93.03589979242756,19.225301918851457,348.25108453195475,3209173.0241604834,129.77777777777777,"{'DROPOUT': 160, 'END_OF_DATA': 20}",1000000
180,3221693.4915390294,322.16934915390294,0.8222222222222222,117.4677217726077,19.573521578375487,415.8078308981792,4221693.491539028,129.77777777777777,"{'DROPOUT': 160, 'END_OF_DATA': 20}",1000000
180,2134731.2503704596,213.47312503704595,0.7055555555555556,42.90449330306376,13.641403397044868,108.70286824910616,3134731.250370459,129.77777777777777,"{'DROPOUT': 160, 'END_OF_DATA': 20}",1000000
180,4808921.3070319,480.89213070319,0.7722222222222223,100.65842485323445,21.443803649392912,334.4397831962909,5808921.307031899,129.77777777777777,"{'DROPOUT': 160, 'END_OF_DATA': 20}",1000000
180,1869754.9980042207,186.97549980042209,0.7777777777777778,80.64969074211686,16.18513537960441,298.11731050986845,2869754.9980042214,129.77777777777777,"{'DROPOUT': 160, 'END_OF_DATA': 20}",1000000
180,5447812.275930904,544.7812275930904,0.7777777777777778,100.04962249989138,18.455459495842867,348.01475261270576,6447812.275930904,129.77777777777777,"{'DROPOUT': 160, 'END_OF_DATA': 20}",1000000
180,2328106.840004404,232.81068400044043,0.7666666666666667,47.45667856376547,17.3564435049763,106.50871804580449,3328106.840004404,129.77777777777777,"{'DROPOUT': 160, 'END_OF_DATA': 20}",1000000
180,3174957.7632641466,317.49577632641467,0.7833333333333333,89.02703978281716,18.5718325337726,293.43772666270763,4174957.763264147,129.77777777777777,"{'DROPOUT': 160, 'END_OF_DATA': 20}",1000000
180,2619381.6993582966,261.9381699358297,0.8,92.09261729986802,18.74230040930341,330.1226190961002,3619381.6993582975,129.77777777777777,"{'DROPOUT': 160, 'END_OF_DATA': 20}",1000000
180,2295717.5102780964,229.57175102780965,0.8111111111111111,80.06750839481288,17.193751679648813,299.52387723196955,3295717.510278096,129.77777777777777,"{'DROPOUT': 160, 'END_OF_DATA': 20}",1000000
180,5399353.024689477,539.9353024689477,0.8111111111111111,117.65833610897651,27.207624457610798,351.5470666242376,6399353.024689476,129.77777777777777,"{'DROPOUT': 160, 'END_OF_DATA': 20}",1000000
180,2800372.576958755,280.0372576958755,0.8111111111111111,71.68483192169873,17.694548768727856,228.41510249297417,3800372.5769587546,129.77777777777777,"{'DROPOUT': 160, 'END_OF_DATA': 20}",1000000
180,3405350.607773671,340.5350607773671,0.8166666666666667,70.4121962123238,15.804428163406996,177.50867968811525,4405350.607773669,129.77777777777777,"{'DROPOUT': 160, 'END_OF_DATA': 20}",1000000
180,4004666.7245475193,400.4666724547519,0.8222222222222222,98.07104620075127,19.500001272985255,290.93017534846825,5004666.724547516,129.77777777777777,"{'DROPOUT': 160, 'END_OF_DATA': 20}",1000000
180,3791459.074460478,379.1459074460478,0.7333333333333333,148.8726579562222,17.557501245561316,437.29295399484977,4791459.074460476,129.77777777777777,"{'DROPOUT': 160, 'END_OF_DATA': 20}",1000000
180,1283507.8260716593,128.3507826071659,0.7277777777777777,53.354275790345795,11.515406503023584,233.11660111435407,2283507.8260716596,129.77777777777777,"{'DROPOUT': 160, 'END_OF_DATA': 20}",1000000
180,2537699.804671025,253.76998046710247,0.7222222222222222,104.06666235307463,14.305229788769672,350.1450549010826,3537699.8046710244,129.77777777777777,"{'DROPOUT': 160, 'END_OF_DATA': 20}",1000000
180,4174048.88949234,417.404888949234,0.7611111111111111,78.8372264158833,18.558364959563395,271.91394319809524,5174048.889492339,129.77777777777777,"{'DROPOUT': 160, 'END_OF_DATA': 20}",1000000
180,4034493.623177276,403.4493623177276,0.7444444444444445,95.31430172227356,16.40625334694059,332.9658056015331,5034493.623177275,129.77777777777777,"{'DROPOUT': 160, 'END_OF_DATA': 20}",1000000
180,3697964.1951564774,369.79641951564776,0.7,66.06096420456781,10.23744908032443,246.06660634043263,4697964.195156478,129.77777777777777,"{'DROPOUT': 160, 'END_OF_DATA': 20}",1000000
180,2492377.122004103,249.2377122004103,0.8,81.55581653688627,15.603773761012393,290.4676333140192,3492377.122004102,129.77777777777777,"{'DROPOUT': 160, 'END_OF_DATA': 20}",1000000
180,2705574.751713032,270.55747517130317,0.7333333333333333,77.25104619581433,19.513604729620475,278.2505970858629,3705574.7517130324,129.77777777777777,"{'DROPOUT': 160, 'END_OF_DATA': 20}",1000000
180,2442951.4702272625,244.29514702272624,0.7277777777777777,71.73812502366985,13.83669905959775,286.2719361173197,3442951.4702272615,129.77777777777777,"{'DROPOUT': 160, 'END_OF_DATA': 20}",1000000
180,3393624.1687156227,339.3624168715623,0.7944444444444444,102.87222159130944,21.681220703604303,347.0726818396939,4393624.168715623,129.77777777777777,"{'DROPOUT': 160, 'END_OF_DATA': 20}",1000000
180,5710930.604630671,571.0930604630671,0.7611111111111111,92.50071584661318,18.46579754974717,340.1041511016147,6710930.604630666,129.77777777777777,"{'DROPOUT': 160, 'END_OF_DATA': 20}",1000000
180,2571781.6039538146,257.17816039538144,0.8,89.69557011281215,23.189362258415024,259.9673421459935,3571781.6039538165,129.77777777777777,"{'DROPOUT': 160, 'END_OF_DATA': 20}",1000000
180,3477998.4687293638,347.79984687293637,0.7888888888888889,75.47746010526082,21.118428886110607,234.7933024642341,4477998.468729365,129.77777777777777,"{'DROPOUT': 160, 'END_OF_DATA': 20}",1000000
180,1919471.2049259143,191.94712049259144,0.7888888888888889,79.27006842995068,16.176867876400365,314.1533963479251,2919471.2049259143,129.77777777777777,"{'DROPOUT': 160, 'END_OF_DATA': 20}",1000000
180,3437374.676184291,343.7374676184291,0.7611111111111111,93.6289522248313,14.937410787279997,277.82179666610614,4437374.676184291,129.77777777777777,"{'DROPOUT': 160, 'END_OF_DATA': 20}",1000000
180,3379940.378461864,337.9940378461864,0.8,91.47260676599514,15.151509130844211,323.7856421046359,4379940.378461863,129.77777777777777,"{'DROPOUT': 160, 'END_OF_DATA': 20}",1000000
180,1797454.7479813832,179.7454747981383,0.7388888888888889,44.62205266137213,17.477872732119472,108.87287143330137,2797454.7479813835,129.77777777777777,"{'DROPOUT': 160, 'END_OF_DATA': 20}",1000000
180,3628472.7602929296,362.84727602929297,0.7666666666666667,90.06646856284205,15.278148785341022,335.72175975349535,4628472.76029293,129.77777777777777,"{'DROPOUT': 160, 'END_OF_DATA': 20}",1000000
180,5761904.517488107,576.1904517488107,0.75,114.34641399551603,19.42711487405506,371.1754129153184,6761904.51748811,129.77777777777777,"{'DROPOUT': 160, 'END_OF_DATA': 20}",1000000
180,6401808.32577032,640.180832577032,0.8111111111111111,101.76861863937144,22.072868071481626,340.44011808031263,7401808.325770319,129.77777777777777,"{'DROPOUT': 160, 'END_OF_DATA': 20}",1000000
180,2580013.0295767356,258.00130295767354,0.7666666666666667,76.25978624349605,19.728121260202165,224.25003478545457,3580013.029576736,129.77777777777777,"{'DROPOUT': 160, 'END_OF_DATA': 20}",1000000
180,3914710.039087715,391.47100390877154,0.7444444444444445,125.87507542610923,18.797704601838205,435.1516127814323,4914710.039087714,129.77777777777777,"{'DROPOUT': 160, 'END_OF_DATA': 20}",1000000
180,3349129.470175436,334.9129470175436,0.8333333333333334,113.1008730480618,22.724516136567324,315.51736815483264,4349129.470175437,129.77777777777777,"{'DROPOUT': 160, 'END_OF_DATA': 20}",1000000
180,6487373.179872619,648.7373179872619,0.8166666666666667,128.40632808205308,23.407056393766936,365.4441847264717,7487373.179872618,129.77777777777777,"{'DROPOUT': 160, 'END_OF_DATA': 20}",1000000
180,3052073.817807127,305.2073817807127,0.8166666666666667,73.89871315707347,16.577354862970772,234.861383343032,4052073.8178071263,129.77777777777777,"{'DROPOUT': 160, 'END_OF_DATA': 20}",1000000
180,3868067.8233040245,386.8067823304024,0.75,87.41705604054161,18.652007387272015,321.71954914578964,4868067.823304026,129.77777777777777,"{'DROPOUT': 160, 'END_OF_DATA': 20}",1000000
180,4671764.193331639,467.1764193331639,0.7888888888888889,132.75193559599577,14.09748272373021,432.83523785916327,5671764.193331638,129.77777777777777,"{'DROPOUT': 160, 'END_OF_DATA': 20}",1000000
180,3434696.862829633,343.4696862829633,0.8166666666666667,102.25325074752661,22.388604656673024,338.2485835501767,4434696.862829634,129.77777777777777,"{'DROPOUT': 160, 'END_OF_DATA': 20}",1000000
180,3159761.4820062434,315.9761482006243,0.7888888888888889,78.55279156939378,19.89457913676212,207.5259404387543,4159761.4820062434,129.77777777777777,"{'DROPOUT': 160, 'END_OF_DATA': 20}",1000000
180,3667107.041307758,366.7107041307758,0.8333333333333334,96.30266904226936,22.195455438012004,311.2648856441498,4667107.041307756,129.77777777777777,"{'DROPOUT': 160, 'END_OF_DATA': 20}",1000000
180,3105133.2322794483,310.51332322794485,0.7777777777777778,85.5910062940523,22.10767317334693,230.1225534970732,4105133.2322794474,129.77777777777777,"{'DROPOUT': 160, 'END_OF_DATA': 20}",1000000
180,6360554.384615977,636.0554384615976,0.8,125.53040544330648,22.053215825599327,371.29086608313435,7360554.3846159745,129.77777777777777,"{'DROPOUT': 160, 'END_OF_DATA': 20}",1000000
180,3422992.109693635,342.2992109693635,0.7833333333333333,95.85706567216205,19.556926577102928,326.7051014555113,4422992.109693634,129.77777777777777,"{'DROPOUT': 160, 'END_OF_DATA': 20}",1000000
180,2900112.5225953045,290.01125225953047,0.8,53.463037548532824,20.997317718818348,112.02481324735207,3900112.522595305,129.77777777777777,"{'DROPOUT': 160, 'END_OF_DATA': 20}",1000000
180,4767547.563528681,476.7547563528681,0.7777777777777778,105.00421849608362,19.665338144742016,355.08470982513535,5767547.563528679,129.77777777777777,"{'DROPOUT': 160, 'END_OF_DATA': 20}",1000000
180,5144143.963277742,514.4143963277743,0.7555555555555555,124.02987702020026,17.23710058628688,382.8190009446901,6144143.963277743,129.77777777777777,"{'DROPOUT': 160, 'END_OF_DATA': 20}",1000000
180,3473165.5262796525,347.3165526279653,0.7777777777777778,80.21885688036285,18.937507704064643,252.00824059046263,4473165.526279654,129.77777777777777,"{'DROPOUT': 160, 'END_OF_DATA': 20}",1000000
180,3762457.3862045375,376.2457386204538,0.7722222222222223,73.3031649647234,20.532688213483894,237.9194285874523,4762457.386204539,129.77777777777777,"{'DROPOUT': 160, 'END_OF_DATA': 20}",1000000
180,4927826.652256215,492.7826652256215,0.8111111111111111,136.29071451861364,24.349068070046542,394.0561519836347,5927826.652256213,129.77777777777777,"{'DROPOUT': 160, 'END_OF_DATA': 20}",1000000
180,2872236.1013053646,287.22361013053643,0.7555555555555555,76.66977305429525,16.718418609083727,241.30929353508333,3872236.1013053656,129.77777777777777,"{'DROPOUT': 160, 'END_OF_DATA': 20}",1000000
180,5238693.509768577,523.8693509768577,0.8055555555555556,120.06803014171092,20.21897940663883,429.83732193782424,6238693.509768576,129.77777777777777,"{'DROPOUT': 160, 'END_OF_DATA': 20}",1000000
180,2941490.0707731955,294.1490070773196,0.8055555555555556,65.70241405524654,20.62027586273669,161.32519464534838,3941490.0707731964,129.77777777777777,"{'DROPOUT': 160, 'END_OF_DATA': 20}",1000000
180,2219171.056673765,221.9171056673765,0.7555555555555555,56.45020890267147,16.365533070576582,125.52791164038918,3219171.0566737643,129.77777777777777,"{'DROPOUT': 160, 'END_OF_DATA': 20}",1000000
180,4783471.28902033,478.347128902033,0.7555555555555555,96.67416524425592,13.39902930429816,280.2842930353363,5783471.289020328,129.77777777777777,"{'DROPOUT': 160, 'END_OF_DATA': 20}",1000000
180,4911383.874167407,491.13838741674067,0.8,96.83663657381945,21.744846083031682,310.47286330005295,5911383.87416741,129.77777777777777,"{'DROPOUT': 160, 'END_OF_DATA': 20}",1000000
180,6257439.908555998,625.7439908555997,0.8055555555555556,107.07764621001938,19.22968949053962,323.9172235615281,7257439.9085559985,129.77777777777777,"{'DROPOUT': 160, 'END_OF_DATA': 20}",1000000
180,3214054.5527401175,321.4054552740118,0.8055555555555556,107.08252171447613,17.75940780093016,383.5922193987032,4214054.552740116,129.77777777777777,"{'DROPOUT': 160, 'END_OF_DATA': 20}",1000000
180,4245283.811534873,424.52838115348726,0.7388888888888889,79.78805867142447,14.296178364701483,268.87418874458626,5245283.811534873,129.77777777777777,"{'DROPOUT': 160, 'END_OF_DATA': 20}",1000000
180,6365839.333545264,636.5839333545264,0.7555555555555555,114.81181670945678,18.492826203901313,383.19943413582814,7365839.333545265,129.77777777777777,"{'DROPOUT': 160, 'END_OF_DATA': 20}",1000000
180,4623697.537177071,462.36975371770706,0.7722222222222223,97.260908514998,21.04105752748883,302.8697959777812,5623697.53717707,129.77777777777777,"{'DROPOUT': 160, 'END_OF_DATA': 20}",1000000
180,3696569.76563413,369.656976563413,0.7388888888888889,79.96084148812295,17.139508902785543,282.7834111302766,4696569.765634129,129.77777777777777,"{'DROPOUT': 160, 'END_OF_DATA': 20}",1000000
180,3471736.4288374097,347.17364288374097,0.7611111111111111,125.26159141056202,20.920653794176435,382.7611544374629,4471736.428837408,129.77777777777777,"{'DROPOUT': 160, 'END_OF_DATA': 20}",1000000
180,2010325.682691857,201.03256826918573,0.7666666666666667,100.91672944003552,20.69316745817148,341.63465339153174,3010325.6826918563,129.77777777777777,"{'DROPOUT': 160, 'END_OF_DATA': 20}",1000000
180,1926055.6563269557,192.60556563269557,0.7444444444444445,48.50973944134603,17.738247647914683,190.28694295998628,2926055.656326954,129.77777777777777,"{'DROPOUT': 160, 'END_OF_DATA': 20}",1000000
180,4190226.7282216717,419.0226728221671,0.7666666666666667,76.09872479603244,13.381395928075356,282.71688998269576,5190226.728221673,129.77777777777777,"{'DROPOUT': 160, 'END_OF_DATA': 20}",1000000
180,2818705.7378352466,281.87057378352466,0.8222222222222222,113.75152646068622,26.701300484793524,360.6814358361427,3818705.737835245,129.77777777777777,"{'DROPOUT': 160, 'END_OF_DATA': 20}",1000000
180,2751324.2529076543,275.1324252907654,0.7777777777777778,78.57183114869109,13.160005992627294,260.47408889388566,3751324.2529076533,129.77777777777777,"{'DROPOUT': 160, 'END_OF_DATA': 20}",1000000
180,2214373.643267659,221.43736432676587,0.8111111111111111,98.72699215259092,19.793566245754008,347.3098138777784,3214373.6432676595,129.77777777777777,"{'DROPOUT': 160, 'END_OF_DATA': 20}",1000000
180,2972206.6843863386,297.2206684386339,0.7611111111111111,101.51277865326378,23.2482855449266,335.2601610379074,3972206.6843863367,129.77777777777777,"{'DROPOUT': 160, 'END_OF_DATA': 20}",1000000
180,5330364.830131151,533.0364830131151,0.8166666666666667,99.33117472688991,20.92555773364009,334.98214621049704,6330364.830131151,129.77777777777777,"{'DROPOUT': 160, 'END_OF_DATA': 20}",1000000
180,3469867.747665097,346.9867747665097,0.7944444444444444,70.68245730416399,22.917119045548983,242.28619476838858,4469867.747665098,129.77777777777777,"{'DROPOUT': 160, 'END_OF_DATA': 20}",1000000
180,3586149.348845903,358.61493488459024,0.7777777777777778,51.72631090551418,13.073051642717896,205.118959561072,4586149.348845903,129.77777777777777,"{'DROPOUT': 160, 'END_OF_DATA': 20}",1000000
180,3990713.07767893,399.071307767893,0.8166666666666667,105.75878865796594,21.132402877271538,355.5684861507517,4990713.077678929,129.77777777777777,"{'DROPOUT': 160, 'END_OF_DATA': 20}",1000000
180,3005446.611283736,300.54466112837355,0.7611111111111111,92.4015051669927,19.11904927007825,248.43442484790458,4005446.611283739,129.77777777777777,"{'DROPOUT': 160, 'END_OF_DATA': 20}",1000000
180,2992791.1404670314,299.2791140467031,0.7611111111111111,77.5466411531468,14.483429133570347,278.1355982252142,3992791.14046703,129.77777777777777,"{'DROPOUT': 160, 'END_OF_DATA': 20}",1000000
180,4083773.5497529414,408.37735497529417,0.7722222222222223,77.38077352404727,18.028929944423098,179.11504831826298,5083773.549752941,129.77777777777777,"{'DROPOUT': 160, 'END_OF_DATA': 20}",1000000
180,2223692.7704009325,222.36927704009327,0.7611111111111111,61.897913648872006,16.634217093150866,210.9522035594228,3223692.7704009316,129.77777777777777,"{'DROPOUT': 160, 'END_OF_DATA': 20}",1000000
180,2773769.634711043,277.3769634711043,0.7833333333333333,75.23813052424222,22.96001395256035,269.3876581957107,3773769.6347110425,129.77777777777777,"{'DROPOUT': 160, 'END_OF_DATA': 20}",1000000
180,2817841.4505248833,281.7841450524883,0.7777777777777778,100.78682312231031,18.238817946846034,338.67471194376975,3817841.4505248847,129.77777777777777,"{'DROPOUT': 160, 'END_OF_DATA': 20}",1000000
180,4838652.186759097,483.86521867590966,0.8111111111111111,113.94775344948344,20.81472722779343,364.4679190576466,5838652.1867590975,129.77777777777777,"{'DROPOUT': 160, 'END_OF_DATA': 20}",1000000
180,4662467.149680069,466.24671496800687,0.8055555555555556,86.74985881290387,24.97801123932516,275.4532894383864,5662467.149680067,129.77777777777777,"{'DROPOUT': 160, 'END_OF_DATA': 20}",1000000
180,3397183.0726230307,339.7183072623031,0.7833333333333333,104.58317389399821,20.20408440138238,354.6109452797768,4397183.072623031,129.77777777777777,"{'DROPOUT': 160, 'END_OF_DATA': 20}",1000000
180,3129558.0330326017,312.95580330326015,0.8111111111111111,81.78804572280042,21.577044873543613,226.83306226730423,4129558.033032598,129.77777777777777,"{'DROPOUT': 160, 'END_OF_DATA': 20}",1000000
180,2921727.95363018,292.172795363018,0.7222222222222222,60.77310467139195,18.002564443080303,145.75851667198754,3921727.9536301782,129.77777777777777,"{'DROPOUT': 160, 'END_OF_DATA': 20}",1000000
180,4933519.50881678,493.3519508816779,0.8666666666666667,106.86233488509664,25.192332137457246,340.4821523214184,5933519.5088167805,129.77777777777777,"{'DROPOUT': 160, 'END_OF_DATA': 20}",1000000
180,4770054.425007411,477.00544250074114,0.7833333333333333,103.02474233587994,15.893323653823995,371.1873027200004,5770054.425007411,129.77777777777777,"{'DROPOUT': 160, 'END_OF_DATA': 20}",1000000
180,5016255.458633658,501.62554586336574,0.8055555555555556,109.36167748982629,19.703013648964664,373.8245554756624,6016255.4586336585,129.77777777777777,"{'DROPOUT': 160, 'END_OF_DATA': 20}",1000000
180,3311300.1226739753,331.1300122673975,0.7722222222222223,97.21567102871151,19.59870989345842,329.57097658435595,4311300.122673975,129.77777777777777,"{'DROPOUT': 160, 'END_OF_DATA': 20}",1000000
180,1975332.333652177,197.53323336521768,0.7722222222222223,97.54644762702907,16.820058334755675,366.0781919929969,2975332.333652177,129.77777777777777,"{'DROPOUT': 160, 'END_OF_DATA': 20}",1000000
180,2391285.6346318363,239.12856346318364,0.8,110.00277409157012,24.832399642457297,346.15203646245845,3391285.634631837,129.77777777777777,"{'DROPOUT': 160, 'END_OF_DATA': 20}",1000000
180,2444198.437387731,244.4198437387731,0.8388888888888889,80.32163179032703,19.722228837602046,281.5041103739667,3444198.4373877314,129.77777777777777,"{'DROPOUT': 160, 'END_OF_DATA': 20}",1000000
180,2133361.45284727,213.33614528472697,0.8111111111111111,53.38917843413174,19.624133841674578,128.560469157012,3133361.4528472703,129.77777777777777,"{'DROPOUT': 160, 'END_OF_DATA': 20}",1000000
180,3577057.4315006505,357.7057431500651,0.7666666666666667,111.25740735081338,19.766481194366712,336.5283524911041,4577057.431500654,129.77777777777777,"{'DROPOUT': 160, 'END_OF_DATA': 20}",1000000
180,3573155.8595335996,357.31558595335997,0.7277777777777777,93.51080448255476,15.764853996105032,324.9687933448344,4573155.8595336,129.77777777777777,"{'DROPOUT': 160, 'END_OF_DATA': 20}",1000000
180,2560769.554376539,256.0769554376539,0.8,88.34623274485408,19.526286825426247,243.10937523279193,3560769.5543765384,129.77777777777777,"{'DROPOUT': 160, 'END_OF_DATA': 20}",1000000
180,2422127.133239878,242.2127133239878,0.75,72.73989188891672,14.932328547456036,281.2972732331335,3422127.1332398765,129.77777777777777,"{'DROPOUT': 160, 'END_OF_DATA': 20}",1000000
180,2109268.7374926824,210.92687374926825,0.7888888888888889,95.49510089516097,19.197689573875536,292.2837260488723,3109268.7374926824,129.77777777777777,"{'DROPOUT': 160, 'END_OF_DATA': 20}",1000000
180,3309575.1862888103,330.957518628881,0.85,87.31233600884585,23.93773023112634,243.23498208235486,4309575.18628881,129.77777777777777,"{'DROPOUT': 160, 'END_OF_DATA': 20}",1000000
180,2203116.3241433185,220.31163241433185,0.7888888888888889,86.17414506844229,21.743624001462408,292.82098050548126,3203116.324143317,129.77777777777777,"{'DROPOUT': 160, 'END_OF_DATA': 20}",1000000
180,3748229.3506686413,374.82293506686415,0.7777777777777778,129.6408349023611,19.03390185733452,450.33472147938795,4748229.350668641,129.77777777777777,"{'DROPOUT': 160, 'END_OF_DATA': 20}",1000000
180,2892778.0632503517,289.2778063250352,0.7388888888888889,97.4064422098543,13.856760023343481,346.3047563212606,3892778.0632503526,129.77777777777777,"{'DROPOUT': 160, 'END_OF_DATA': 20}",1000000
180,5678316.550491114,567.8316550491114,0.75,129.0208042638759,18.570561680492805,416.22902388344033,6678316.550491116,129.77777777777777,"{'DROPOUT': 160, 'END_OF_DATA': 20}",1000000
180,3015428.8192365114,301.5428819236512,0.7388888888888889,76.0016177280805,12.706656478832176,281.8422564490975,4015428.819236511,129.77777777777777,"{'DROPOUT': 160, 'END_OF_DATA': 20}",1000000
180,2907002.8857236817,290.7002885723682,0.7555555555555555,90.02100898860091,18.47485754916961,317.9508120746403,3907002.8857236835,129.77777777777777,"{'DROPOUT': 160, 'END_OF_DATA': 20}",1000000
180,3206501.366575794,320.6501366575794,0.8333333333333334,133.74305025055824,22.151838140750293,433.4566636745011,4206501.366575793,129.77777777777777,"{'DROPOUT': 160, 'END_OF_DATA': 20}",1000000
180,3025573.0659276387,302.55730659276384,0.7666666666666667,71.08189605738778,15.225421971187068,226.38928210168652,4025573.065927639,129.77777777777777,"{'DROPOUT': 160, 'END_OF_DATA': 20}",1000000
180,3171617.4790621363,317.16174790621363,0.7555555555555555,61.14476881158053,18.46013807251731,167.47592044513652,4171617.4790621363,129.77777777777777,"{'DROPOUT': 160, 'END_OF_DATA': 20}",1000000
180,2234878.7883445187,223.48787883445186,0.7666666666666667,51.84772383131262,19.866815951541987,97.84489174303326,3234878.788344519,129.77777777777777,"{'DROPOUT': 160, 'END_OF_DATA': 20}",1000000
180,2924647.507719865,292.46475077198653,0.7277777777777777,80.89745612666941,16.769687883751835,252.4468439509022,3924647.507719866,129.77777777777777,"{'DROPOUT': 160, 'END_OF_DATA': 20}",1000000
180,2386445.550014372,238.6445550014372,0.7277777777777777,78.63365395035335,15.015338988551072,271.7786245868185,3386445.55001437,129.77777777777777,"{'DROPOUT': 160, 'END_OF_DATA': 20}",1000000
180,4417264.913741951,441.72649137419506,0.7722222222222223,109.20785580966702,24.61288469447338,325.5186950995868,5417264.913741951,129.77777777777777,"{'DROPOUT': 160, 'END_OF_DATA': 20}",1000000
180,2621353.086869959,262.13530868699587,0.7888888888888889,89.14588876944354,17.038273042344997,259.92743676038987,3621353.086869958,129.77777777777777,"{'DROPOUT': 160, 'END_OF_DATA': 20}",1000000
180,4757326.541968654,475.7326541968654,0.7222222222222222,79.04559472705297,17.624546548234985,240.79853156270636,5757326.541968658,129.77777777777777,"{'DROPOUT': 160, 'END_OF_DATA': 20}",1000000
180,4815864.988776825,481.5864988776825,0.8,87.16218387077346,17.748081658052165,295.9837159241627,5815864.988776823,129.77777777777777,"{'DROPOUT': 160, 'END_OF_DATA': 20}",1000000
180,2606831.807610717,260.6831807610717,0.7333333333333333,65.10162849663453,15.0896978932427,216.31217677724447,3606831.8076107176,129.77777777777777,"{'DROPOUT': 160, 'END_OF_DATA': 20}",1000000
180,1626664.2957927203,162.66642957927203,0.7611111111111111,130.33514418334588,19.196651611514056,421.2666709252299,2626664.295792721,129.77777777777777,"{'DROPOUT': 160, 'END_OF_DATA': 20}",1000000
180,2464502.924789302,246.4502924789302,0.8111111111111111,90.86948250290322,22.994546371576682,281.73437480557294,3464502.9247892997,129.77777777777777,"{'DROPOUT': 160, 'END_OF_DATA': 20}",1000000
180,2844402.7444610046,284.44027444610043,0.7722222222222223,117.1279924400875,18.8250922494457,373.1397806828885,3844402.7444610023,129.77777777777777,"{'DROPOUT': 160, 'END_OF_DATA': 20}",1000000
180,2271920.3781013256,227.19203781013255,0.75,63.65107199323087,15.487094658650786,209.99904121415452,3271920.3781013256,129.77777777777777,"{'DROPOUT': 160, 'END_OF_DATA': 20}",1000000
180,3879720.9957365002,387.97209957365004,0.8,113.51057597830706,17.836199940970044,385.0905869462441,4879720.995736498,129.77777777777777,"{'DROPOUT': 160, 'END_OF_DATA': 20}",1000000
180,3004003.4471742436,300.4003447174244,0.7555555555555555,87.29819585508712,14.377954205198481,274.5112393867227,4004003.447174245,129.77777777777777,"{'DROPOUT': 160, 'END_OF_DATA': 20}",1000000
180,4735031.890459185,473.5031890459185,0.7666666666666667,114.71649870046564,19.017155912996746,395.75175407598425,5735031.890459185,129.77777777777777,"{'DROPOUT': 160, 'END_OF_DATA': 20}",1000000
180,2833014.164343919,283.3014164343919,0.7833333333333333,112.01849141269477,19.865333582490898,349.2239842928045,3833014.164343919,129.77777777777777,"{'DROPOUT': 160, 'END_OF_DATA': 20}",1000000
180,2592985.224325277,259.2985224325277,0.7777777777777778,44.478270804193166,13.940153384511785,100.13356733924336,3592985.224325277,129.77777777777777,"{'DROPOUT': 160, 'END_OF_DATA': 20}",1000000
180,2030454.2062095844,203.04542062095842,0.7222222222222222,73.20812485731912,15.102697428191458,281.2398278415511,3030454.2062095837,129.77777777777777,"{'DROPOUT': 160, 'END_OF_DATA': 20}",1000000
180,2813001.958170582,281.30019581705824,0.8055555555555556,88.81052033019225,25.30454996832478,285.3964732147289,3813001.9581705807,129.77777777777777,"{'DROPOUT': 160, 'END_OF_DATA': 20}",1000000
180,2169776.060721587,216.9776060721587,0.7833333333333333,41.10316519247942,15.401805160044386,85.28137352817009,3169776.060721587,129.77777777777777,"{'DROPOUT': 160, 'END_OF_DATA': 20}",1000000
180,3001970.482740743,300.1970482740743,0.7333333333333333,93.1433794295916,14.419329575104491,311.9388248114438,4001970.4827407436,129.77777777777777,"{'DROPOUT': 160, 'END_OF_DATA': 20}",1000000
180,2869562.5294322763,286.95625294322764,0.7222222222222222,70.81175410357933,16.78016491755371,183.14928515589526,3869562.5294322763,129.77777777777777,"{'DROPOUT': 160, 'END_OF_DATA': 20}",1000000
180,3700493.987069661,370.0493987069661,0.7166666666666667,69.54206230982327,15.706604190252154,224.02180849253895,4700493.987069662,129.77777777777777,"{'DROPOUT': 160, 'END_OF_DATA': 20}",1000000
180,6580469.84528909,658.046984528909,0.7611111111111111,123.79764009484553,20.17846004957554,376.69228456389914,7580469.84528909,129.77777777777777,"{'DROPOUT': 160, 'END_OF_DATA': 20}",1000000
180,2622477.256658282,262.2477256658282,0.8166666666666667,70.07093503172135,23.68739203504081,176.48735291560806,3622477.256658281,129.77777777777777,"{'DROPOUT': 160, 'END_OF_DATA': 20}",1000000
180,2704207.427338644,270.42074273386436,0.7833333333333333,80.32296001697607,21.674344122322935,282.4475376902244,3704207.4273386435,129.77777777777777,"{'DROPOUT': 160, 'END_OF_DATA': 20}",1000000
180,2629033.747137881,262.9033747137881,0.7944444444444444,73.25536370688573,17.739169839422637,235.0090448246753,3629033.7471378827,129.77777777777777,"{'DROPOUT': 160, 'END_OF_DATA': 20}",1000000
180,3815450.096943672,381.5450096943672,0.7722222222222223,90.5192324776394,17.240798586807706,289.8672654410125,4815450.096943674,129.77777777777777,"{'DROPOUT': 160, 'END_OF_DATA': 20}",1000000
180,1943802.3058706743,194.38023058706744,0.7888888888888889,100.09687436681611,18.466854176156545,351.49077078704585,2943802.3058706736,129.77777777777777,"{'DROPOUT': 160, 'END_OF_DATA': 20}",1000000
180,3759843.623799406,375.9843623799406,0.7611111111111111,64.70522150788263,12.47862258103569,222.29864192532312,4759843.623799405,129.77777777777777,"{'DROPOUT': 160, 'END_OF_DATA': 20}",1000000
180,3206523.608359174,320.6523608359174,0.7888888888888889,110.14412366914593,20.824827837178628,343.816490293229,4206523.608359175,129.77777777777777,"{'DROPOUT': 160, 'END_OF_DATA': 20}",1000000
180,2811828.028529967,281.1828028529967,0.7388888888888889,43.98070875948071,15.69182903894755,85.86034521734128,3811828.0285299676,129.77777777777777,"{'DROPOUT': 160, 'END_OF_DATA': 20}",1000000
180,2960099.948226108,296.00999482261085,0.7666666666666667,145.6736100162623,15.36355669049991,489.5579328982789,3960099.948226108,129.77777777777777,"{'DROPOUT': 160, 'END_OF_DATA': 20}",1000000
180,3760549.757574453,376.05497575744533,0.7722222222222223,73.56336038539423,16.317941909066157,274.22806803436896,4760549.757574451,129.77777777777777,"{'DROPOUT': 160, 'END_OF_DATA': 20}",1000000
180,4716291.936254831,471.6291936254831,0.8333333333333334,106.05242726622065,19.54842370560754,293.44020235653863,5716291.936254835,129.77777777777777,"{'DROPOUT': 160, 'END_OF_DATA': 20}",1000000
180,2742237.438421746,274.2237438421746,0.7944444444444444,72.91481521312824,19.23278818421605,214.28145627206067,3742237.4384217453,129.77777777777777,"{'DROPOUT': 160, 'END_OF_DATA': 20}",1000000
180,3128353.404265625,312.83534042656254,0.8055555555555556,87.39723782669323,27.61335836713332,231.99290375757474,4128353.4042656245,129.77777777777777,"{'DROPOUT': 160, 'END_OF_DATA': 20}",1000000
180,3649924.24907533,364.99242490753295,0.7722222222222223,113.57145176214564,16.922422355853808,389.6542144149844,4649924.249075332,129.77777777777777,"{'DROPOUT': 160, 'END_OF_DATA': 20}",1000000
180,3382848.140127591,338.2848140127591,0.7555555555555555,106.27298405192839,20.50465117565456,351.28699482810083,4382848.140127593,129.77777777777777,"{'DROPOUT': 160, 'END_OF_DATA': 20}",1000000
180,2016282.5579149132,201.62825579149134,0.7722222222222223,70.83641080382368,16.231689302633725,226.59954751912923,3016282.557914914,129.77777777777777,"{'DROPOUT': 160, 'END_OF_DATA': 20}",1000000
180,2978596.481267604,297.8596481267604,0.8222222222222222,68.30002270790104,23.97142865969142,205.12523504402773,3978596.481267604,129.77777777777777,"{'DROPOUT': 160, 'END_OF_DATA': 20}",1000000
180,2067824.2612996846,206.78242612996846,0.7055555555555556,48.15680207679852,15.20218483204648,110.82940841922708,3067824.261299685,129.77777777777777,"{'DROPOUT': 160, 'END_OF_DATA': 20}",1000000
180,2595931.2362545943,259.59312362545944,0.7555555555555555,100.06833947451737,15.083402749225598,368.8065410946626,3595931.2362545934,129.77777777777777,"{'DROPOUT': 160, 'END_OF_DATA': 20}",1000000
180,2645472.0307321157,264.54720307321156,0.7722222222222223,72.22107564125704,22.794292055971862,227.21867839399485,3645472.030732117,129.77777777777777,"{'DROPOUT': 160, 'END_OF_DATA': 20}",1000000
180,2667686.562182272,266.7686562182272,0.7777777777777778,55.6621884190742,18.56017775201879,134.2115359434973,3667686.5621822714,129.77777777777777,"{'DROPOUT': 160, 'END_OF_DATA': 20}",1000000
180,2704313.991190077,270.43139911900766,0.7277777777777777,104.11019234087192,19.40173952282933,343.25222637493437,3704313.991190075,129.77777777777777,"{'DROPOUT': 160, 'END_OF_DATA': 20}",1000000
180,4250932.760106497,425.09327601064973,0.7888888888888889,100.1982411311492,16.86666321475082,336.12428163378723,5250932.760106501,129.77777777777777,"{'DROPOUT': 160, 'END_OF_DATA': 20}",1000000
180,1802117.7294969826,180.21177294969826,0.7722222222222223,87.34959135200677,19.975960987383083,309.4342910759787,2802117.7294969824,129.77777777777777,"{'DROPOUT': 160, 'END_OF_DATA': 20}",1000000
180,4587133.149522759,458.71331495227594,0.8277777777777777,112.49818845700445,26.070844220306714,347.5322717179693,5587133.149522761,129.77777777777777,"{'DROPOUT': 160, 'END_OF_DATA': 20}",1000000
180,3286884.361181006,328.6884361181006,0.7777777777777778,98.53754974405848,16.594202189120637,368.693606350877,4286884.361181004,129.77777777777777,"{'DROPOUT': 160, 'END_OF_DATA': 20}",1000000
180,3666340.63562118,366.63406356211794,0.7666666666666667,94.00427667372252,19.301132920494624,311.3644497792655,4666340.63562118,129.77777777777777,"{'DROPOUT': 160, 'END_OF_DATA': 20}",1000000
180,4344782.934665653,434.4782934665653,0.7277777777777777,111.48310368941561,15.935869344970516,355.3384166183774,5344782.934665654,129.77777777777777,"{'DROPOUT': 160, 'END_OF_DATA': 20}",1000000
180,5210948.734617669,521.094873461767,0.8055555555555556,188.66609573438288,25.085049698341013,529.7146983386543,6210948.734617674,129.77777777777777,"{'DROPOUT': 160, 'END_OF_DATA': 20}",1000000
180,3596827.377846053,359.6827377846053,0.7666666666666667,115.287191418267,20.804871230148542,352.376455822254,4596827.377846053,129.77777777777777,"{'DROPOUT': 160, 'END_OF_DATA': 20}",1000000
180,1510472.7605685578,151.04727605685576,0.7777777777777778,74.7274639904204,15.593434993085749,271.3860501718264,2510472.7605685587,129.77777777777777,"{'DROPOUT': 160, 'END_OF_DATA': 20}",1000000
180,3384395.0112411613,338.43950112411613,0.8444444444444444,136.40161474691118,16.114444160596683,436.5484301977513,4384395.011241161,129.77777777777777,"{'DROPOUT': 160, 'END_OF_DATA': 20}",1000000
180,4367567.277873388,436.7567277873388,0.7555555555555555,114.74566885137004,18.733898194980945,335.95590289460824,5367567.277873391,129.77777777777777,"{'DROPOUT': 160, 'END_OF_DATA': 20}",1000000
180,3157765.833145201,315.7765833145201,0.7722222222222223,79.7636565216623,17.414681577544613,312.5038184857425,4157765.8331452017,129.77777777777777,"{'DROPOUT': 160, 'END_OF_DATA': 20}",1000000
180,2113911.545940792,211.3911545940792,0.8111111111111111,61.59065350774377,17.74233524000812,220.54762832788674,3113911.5459407917,129.77777777777777,"{'DROPOUT': 160, 'END_OF_DATA': 20}",1000000
180,2404681.9629379334,240.46819629379334,0.7333333333333333,74.405098479116,15.71038694418046,286.74162280326277,3404681.9629379343,129.77777777777777,"{'DROPOUT': 160, 'END_OF_DATA': 20}",1000000
180,3603556.3454539357,360.35563454539357,0.8,81.46768684692134,21.94723939152427,256.4318076409827,4603556.345453938,129.77777777777777,"{'DROPOUT': 160, 'END_OF_DATA': 20}",1000000
180,1863345.3996982407,186.33453996982408,0.7722222222222223,38.909109320286504,13.484587204359588,72.16610502015394,2863345.399698241,129.77777777777777,"{'DROPOUT': 160, 'END_OF_DATA': 20}",1000000
180,3412850.3049802585,341.28503049802583,0.7888888888888889,103.70162460410604,15.426252145830366,362.22206164153573,4412850.304980258,129.77777777777777,"{'DROPOUT': 160, 'END_OF_DATA': 20}",1000000
180,2720754.9656864936,272.0754965686493,0.8055555555555556,98.1033835489697,18.359862248786044,338.0496500495803,3720754.965686495,129.77777777777777,"{'DROPOUT': 160, 'END_OF_DATA': 20}",1000000
180,2923605.1377285817,292.36051377285816,0.7722222222222223,76.9605558863147,17.4815959335104,262.12657153738684,3923605.137728583,129.77777777777777,"{'DROPOUT': 160, 'END_OF_DATA': 20}",1000000
180,3055723.7139143413,305.57237139143416,0.7555555555555555,71.43439518232496,18.387140181761154,223.94657749462473,4055723.7139143418,129.77777777777777,"{'DROPOUT': 160, 'END_OF_DATA': 20}",1000000
180,3269699.1008676905,326.969910086769,0.7888888888888889,87.47556060868746,19.635718833957775,281.6404598327975,4269699.1008676905,129.77777777777777,"{'DROPOUT': 160, 'END_OF_DATA': 20}",1000000
180,2170208.7784645297,217.02087784645298,0.7222222222222222,64.52086848685424,15.121689465999236,219.44423588936897,3170208.7784645297,129.77777777777777,"{'DROPOUT': 160, 'END_OF_DATA': 20}",1000000
180,3875123.4051472843,387.51234051472846,0.7277777777777777,110.61444383281831,17.45352694117485,371.98171047276855,4875123.405147283,129.77777777777777,"{'DROPOUT': 160, 'END_OF_DATA': 20}",1000000
180,4033925.9436975247,403.39259436975243,0.7611111111111111,118.48432648438579,18.755198783268337,354.6694983504725,5033925.943697524,129.77777777777777,"{'DROPOUT': 160, 'END_OF_DATA': 20}",1000000
180,4193914.547262244,419.39145472622437,0.8166666666666667,73.20094280312354,19.986039114333217,214.6844928955466,5193914.547262245,129.77777777777777,"{'DROPOUT': 160, 'END_OF_DATA': 20}",1000000
180,3319535.87218695,331.95358721869496,0.7555555555555555,80.16565531440907,17.453535343522724,321.5813879147657,4319535.8721869495,129.77777777777777,"{'DROPOUT': 160, 'END_OF_DATA': 20}",1000000
180,2505355.5318936184,250.53555318936182,0.7722222222222223,67.71421584095191,17.058124171857195,163.98332892704713,3505355.5318936184,129.77777777777777,"{'DROPOUT': 160, 'END_OF_DATA': 20}",1000000
180,2339087.3374379207,233.90873374379208,0.7888888888888889,53.417003423292165,20.641870671766966,133.96091859659063,3339087.33743792,129.77777777777777,"{'DROPOUT': 160, 'END_OF_DATA': 20}",1000000
180,2465811.840797307,246.5811840797307,0.8222222222222222,74.02631308144599,19.34908506591246,247.6094006124943,3465811.8407973093,129.77777777777777,"{'DROPOUT': 160, 'END_OF_DATA': 20}",1000000
180,2601509.8693122882,260.15098693122883,0.8055555555555556,116.58181528461456,32.05396999450236,334.5309027910935,3601509.8693122887,129.77777777777777,"{'DROPOUT': 160, 'END_OF_DATA': 20}",1000000
180,4258631.301124405,425.8631301124405,0.8222222222222222,98.48811806418809,17.583662543032368,330.4017492621236,5258631.301124409,129.77777777777777,"{'DROPOUT': 160, 'END_OF_DATA': 20}",1000000
180,3788951.069927387,378.8951069927387,0.7611111111111111,112.11574505186171,19.38079548600512,394.07011884065867,4788951.069927388,129.77777777777777,"{'DROPOUT': 160, 'END_OF_DATA': 20}",1000000
180,2610107.330215719,261.0107330215719,0.7611111111111111,81.51743868920366,18.251135163535665,278.5845810508006,3610107.330215717,129.77777777777777,"{'DROPOUT': 160, 'END_OF_DATA': 20}",1000000
180,5707570.873196248,570.7570873196248,0.7611111111111111,139.49681151324577,23.81421266949232,453.8379810231434,6707570.873196248,129.77777777777777,"{'DROPOUT': 160, 'END_OF_DATA': 20}",1000000
180,3520988.102470115,352.09881024701144,0.7555555555555555,110.58212199755341,21.60686604307748,359.2192594972992,4520988.102470119,129.77777777777777,"{'DROPOUT': 160, 'END_OF_DATA': 20}",1000000
180,4403485.1492729345,440.3485149272934,0.7166666666666667,93.04632529246113,17.304613493683064,304.2226881255302,5403485.1492729345,129.77777777777777,"{'DROPOUT': 160, 'END_OF_DATA': 20}",1000000
180,5243329.405146457,524.3329405146457,0.8333333333333334,102.32427265827424,25.118565836427628,308.60277078446893,6243329.405146457,129.77777777777777,"{'DROPOUT': 160, 'END_OF_DATA': 20}",1000000
180,3783804.2016668776,378.38042016668777,0.75,75.40700576589016,17.171795914208303,253.48071474559168,4783804.201666879,129.77777777777777,"{'DROPOUT': 160, 'END_OF_DATA': 20}",1000000
180,3516615.3189666374,351.66153189666375,0.7444444444444445,99.10915052833656,18.060208088942673,371.09037605930615,4516615.318966635,129.77777777777777,"{'DROPOUT': 160, 'END_OF_DATA': 20}",1000000
180,2003245.6649360952,200.32456649360952,0.7555555555555555,53.479498237352466,15.297719630327743,197.7649272690893,3003245.6649360973,129.77777777777777,"{'DROPOUT': 160, 'END_OF_DATA': 20}",1000000
180,2361285.2508076853,236.12852508076853,0.7944444444444444,88.40904115972927,21.101410821793607,284.92941167997344,3361285.2508076825,129.77777777777777,"{'DROPOUT': 160, 'END_OF_DATA': 20}",1000000
180,2283095.490076788,228.30954900767878,0.7888888888888889,70.21395890646204,22.868948356722086,184.6410927290458,3283095.4900767864,129.77777777777777,"{'DROPOUT': 160, 'END_OF_DATA': 20}",1000000
180,3238147.0855720793,323.81470855720795,0.7944444444444444,77.69216558962547,20.76802240789594,245.49971941925824,4238147.085572078,129.77777777777777,"{'DROPOUT': 160, 'END_OF_DATA': 20}",1000000
180,4738156.981192912,473.8156981192912,0.8444444444444444,92.46569802639921,21.175395849884616,308.95978070254876,5738156.981192912,129.77777777777777,"{'DROPOUT': 160, 'END_OF_DATA': 20}",1000000
180,4078095.913663976,407.80959136639757,0.7944444444444444,71.97853072430394,17.548701434081188,222.0822693357736,5078095.913663974,129.77777777777777,"{'DROPOUT': 160, 'END_OF_DATA': 20}",1000000
180,3527342.4104023864,352.7342410402386,0.7722222222222223,102.58693036327483,12.681052557737521,355.64297446828044,4527342.410402385,129.77777777777777,"{'DROPOUT': 160, 'END_OF_DATA': 20}",1000000
180,2949014.6402858216,294.90146402858215,0.75,80.2991939131246,13.971004978794067,284.60116124624113,3949014.6402858235,129.77777777777777,"{'DROPOUT': 160, 'END_OF_DATA': 20}",1000000
180,3074169.1094469754,307.4169109446975,0.7166666666666667,121.0086261095121,16.834469804149748,445.9373880412201,4074169.109446977,129.77777777777777,"{'DROPOUT': 160, 'END_OF_DATA': 20}",1000000
180,2308374.1404499155,230.83741404499153,0.75,48.83461719594776,14.676960253008936,97.27149818186757,3308374.1404499146,129.77777777777777,"{'DROPOUT': 160, 'END_OF_DATA': 20}",1000000
180,4039526.999178551,403.9526999178551,0.8,66.99107099606714,20.24289645359066,160.86624496344567,5039526.999178555,129.77777777777777,"{'DROPOUT': 160, 'END_OF_DATA': 20}",1000000
180,2140651.5741708176,214.06515741708176,0.7611111111111111,67.3417010269261,12.70152267479699,234.23312204887716,3140651.574170818,129.77777777777777,"{'DROPOUT': 160, 'END_OF_DATA': 20}",1000000
180,3348632.622233091,334.8632622233091,0.7611111111111111,96.26535751958444,22.841139725096504,314.3735838725666,4348632.622233089,129.77777777777777,"{'DROPOUT': 160, 'END_OF_DATA': 20}",1000000
180,2141849.058847005,214.18490588470053,0.7555555555555555,57.678677742231045,19.908120039306468,195.72180230628422,3141849.0588470055,129.77777777777777,"{'DROPOUT': 160, 'END_OF_DATA': 20}",1000000
180,4529236.661171164,452.9236661171164,0.8166666666666667,94.41441462602414,21.211207804324104,222.88284297725048,5529236.661171164,129.77777777777777,"{'DROPOUT': 160, 'END_OF_DATA': 20}",1000000
180,4650411.247543949,465.0411247543949,0.7611111111111111,95.7854976688343,19.974580463297197,327.74607281187167,5650411.24754395,129.77777777777777,"{'DROPOUT': 160, 'END_OF_DATA': 20}",1000000
180,3387782.9955649935,338.77829955649935,0.7222222222222222,73.24742516129334,14.567153220401904,239.7005472715265,4387782.9955649935,129.77777777777777,"{'DROPOUT': 160, 'END_OF_DATA': 20}",1000000
180,3515943.4626350706,351.5943462635071,0.8166666666666667,90.02070309401158,19.186684814308514,289.61377894011497,4515943.462635069,129.77777777777777,"{'DROPOUT': 160, 'END_OF_DATA': 20}",1000000
180,4672299.427828824,467.22994278288246,0.8277777777777777,135.00052007012954,25.137359521105623,402.72656059116576,5672299.427828824,129.77777777777777,"{'DROPOUT': 160, 'END_OF_DATA': 20}",1000000
180,3090714.6989838453,309.0714698983845,0.8444444444444444,100.22285988617583,22.42849438153287,305.2507187949065,4090714.698983845,129.77777777777777,"{'DROPOUT': 160, 'END_OF_DATA': 20}",1000000
180,2760851.482639051,276.0851482639051,0.7666666666666667,70.56288564549357,19.2541104501682,230.4782328250709,3760851.4826390496,129.77777777777777,"{'DROPOUT': 160, 'END_OF_DATA': 20}",1000000
180,3400536.6752821705,340.05366752821703,0.7777777777777778,116.37667888142148,18.41616949745791,386.29964607439376,4400536.675282169,129.77777777777777,"{'DROPOUT': 160, 'END_OF_DATA': 20}",1000000
180,4409689.398289174,440.9689398289174,0.8111111111111111,84.22220121121298,21.3895588891668,248.01314753146312,5409689.398289174,129.77777777777777,"{'DROPOUT': 160, 'END_OF_DATA': 20}",1000000
180,4281197.7197737135,428.11977197737133,0.8,96.0156808899645,20.373042599848546,310.2117781354119,5281197.7197737135,129.77777777777777,"{'DROPOUT': 160, 'END_OF_DATA': 20}",1000000
180,4275328.157678014,427.53281576780137,0.7333333333333333,97.8852128583425,14.620694306843987,335.3125401725765,5275328.1576780155,129.77777777777777,"{'DROPOUT': 160, 'END_OF_DATA': 20}",1000000
180,2184825.9880824406,218.48259880824406,0.7777777777777778,65.35794200998181,17.325682246457994,225.74764797826617,3184825.9880824406,129.77777777777777,"{'DROPOUT': 160, 'END_OF_DATA': 20}",1000000
180,4508987.219892911,450.89872198929106,0.7777777777777778,95.74407619553786,17.943705262402016,315.25789566439636,5508987.219892913,129.77777777777777,"{'DROPOUT': 160, 'END_OF_DATA': 20}",1000000
180,2828024.37367251,282.802437367251,0.7,70.07877775030394,13.676197025258439,221.84580538099453,3828024.37367251,129.77777777777777,"{'DROPOUT': 160, 'END_OF_DATA': 20}",1000000
180,2307842.719059744,230.78427190597438,0.7611111111111111,62.51629761996733,12.608348384901149,189.56254851185557,3307842.719059743,129.77777777777777,"{'DROPOUT': 160, 'END_OF_DATA': 20}",1000000
180,3476622.023687229,347.6622023687229,0.7833333333333333,101.52703358001268,17.40044286125647,372.3767687749904,4476622.02368723,129.77777777777777,"{'DROPOUT': 160, 'END_OF_DATA': 20}",1000000
180,4835901.8793100305,483.5901879310031,0.7777777777777778,105.00974965491939,18.90331665879228,378.75285805767675,5835901.879310031,129.77777777777777,"{'DROPOUT': 160, 'END_OF_DATA': 20}",1000000
180,4203687.0557778,420.3687055777801,0.7777777777777778,111.23859952384178,18.44389254836358,383.57165583487097,5203687.0557778,129.77777777777777,"{'DROPOUT': 160, 'END_OF_DATA': 20}",1000000
180,2756316.5401485497,275.631654014855,0.7777777777777778,87.5278286674294,15.848147358161118,303.8024709807095,3756316.5401485483,129.77777777777777,"{'DROPOUT': 160, 'END_OF_DATA': 20}",1000000
180,2658112.361944609,265.8112361944609,0.8055555555555556,90.01537240684547,18.401230800632085,287.60195499807855,3658112.3619446084,129.77777777777777,"{'DROPOUT': 160, 'END_OF_DATA': 20}",1000000
180,3192301.174849301,319.23011748493013,0.7722222222222223,104.45776731103687,20.822364275041643,341.1919472685885,4192301.1748493,129.77777777777777,"{'DROPOUT': 160, 'END_OF_DATA': 20}",1000000
180,3342519.142920613,334.2519142920613,0.7777777777777778,83.2441336241481,22.96399403644746,248.26849786822658,4342519.142920613,129.77777777777777,"{'DROPOUT': 160, 'END_OF_DATA': 20}",1000000
180,4457665.812648982,445.76658126489815,0.7055555555555556,101.98406495607264,11.022542301486897,371.5474956644372,5457665.812648985,129.77777777777777,"{'DROPOUT': 160, 'END_OF_DATA': 20}",1000000
180,2715109.098988224,271.5109098988224,0.75,51.55341086530679,16.706545455340454,101.15291397036155,3715109.098988225,129.77777777777777,"{'DROPOUT': 160, 'END_OF_DATA': 20}",1000000
180,2215638.704990391,221.56387049903913,0.7222222222222222,112.76544173625973,14.183355158487299,365.9675152962844,3215638.704990391,129.77777777777777,"{'DROPOUT': 160, 'END_OF_DATA': 20}",1000000
180,1780048.4107993003,178.00484107993003,0.7722222222222223,60.17685221810318,13.359974227806756,184.80488200612945,2780048.410799298,129.77777777777777,"{'DROPOUT': 160, 'END_OF_DATA': 20}",1000000
180,2900719.7695097486,290.07197695097483,0.7666666666666667,97.77357907708554,20.35185976069328,336.1308060525027,3900719.76950975,129.77777777777777,"{'DROPOUT': 160, 'END_OF_DATA': 20}",1000000
180,2382786.1953180367,238.27861953180366,0.8222222222222222,97.49086042250379,19.84931951683285,304.90325317236886,3382786.1953180367,129.77777777777777,"{'DROPOUT': 160, 'END_OF_DATA': 20}",1000000
180,2141422.3310343027,214.14223310343027,0.8055555555555556,59.69757907619382,22.207568590484925,146.48844496407858,3141422.3310343036,129.77777777777777,"{'DROPOUT': 160, 'END_OF_DATA': 20}",1000000
180,3098944.5588078005,309.89445588078,0.8222222222222222,112.6176597744973,23.428876711998118,351.81410558118966,4098944.5588078015,129.77777777777777,"{'DROPOUT': 160, 'END_OF_DATA': 20}",1000000
180,3240774.099047217,324.0774099047217,0.7388888888888889,87.21817272581467,17.013974063488295,277.6105628908448,4240774.099047216,129.77777777777777,"{'DROPOUT': 160, 'END_OF_DATA': 20}",1000000
180,3571467.368876433,357.1467368876433,0.8111111111111111,98.6651851584993,19.602616855598107,326.1459151421647,4571467.368876434,129.77777777777777,"{'DROPOUT': 160, 'END_OF_DATA': 20}",1000000
180,3632770.8272506557,363.27708272506555,0.8,92.60485364073648,13.739199854771163,325.2156102415977,4632770.827250656,129.77777777777777,"{'DROPOUT': 160, 'END_OF_DATA': 20}",1000000
180,4300423.672003646,430.0423672003646,0.7666666666666667,122.89494775908948,24.412249110304444,376.2484987408307,5300423.6720036445,129.77777777777777,"{'DROPOUT': 160, 'END_OF_DATA': 20}",1000000
180,3183473.090794598,318.3473090794598,0.7944444444444444,124.81424603914154,23.381435976411776,421.3079543440441,4183473.0907945973,129.77777777777777,"{'DROPOUT': 160, 'END_OF_DATA': 20}",1000000
180,3305433.5025517475,330.54335025517474,0.7833333333333333,119.00545242299171,18.25781832025614,385.0934267623245,4305433.502551746,129.77777777777777,"{'DROPOUT': 160, 'END_OF_DATA': 20}",1000000
180,4091846.9148235843,409.1846914823584,0.7611111111111111,95.11067538823744,17.540292177365767,323.29244996700226,5091846.914823586,129.77777777777777,"{'DROPOUT': 160, 'END_OF_DATA': 20}",1000000
180,2955663.2159947907,295.56632159947907,0.8,74.89593090335129,24.04113357982855,218.97171583074598,3955663.2159947883,129.77777777777777,"{'DROPOUT': 160, 'END_OF_DATA': 20}",1000000
180,4192365.1433680383,419.2365143368038,0.7222222222222222,106.56250330009556,17.51054970024645,351.05454436071307,5192365.143368038,129.77777777777777,"{'DROPOUT': 160, 'END_OF_DATA': 20}",1000000
180,3510271.5693434486,351.0271569343449,0.8,76.42955060060899,18.265635479806782,242.26941675692424,4510271.56934345,129.77777777777777,"{'DROPOUT': 160, 'END_OF_DATA': 20}",1000000
180,3574471.053354875,357.4471053354875,0.7777777777777778,92.2138814286314,18.94641291247964,287.62694489594384,4574471.053354876,129.77777777777777,"{'DROPOUT': 160, 'END_OF_DATA': 20}",1000000
180,3124507.069778315,312.4507069778315,0.7833333333333333,84.77186438306715,19.595955299888445,282.907457545219,4124507.0697783153,129.77777777777777,"{'DROPOUT': 160, 'END_OF_DATA': 20}",1000000
180,2424667.6032875646,242.46676032875646,0.8,84.35065632190086,16.41255562737144,287.0208328197043,3424667.6032875637,129.77777777777777,"{'DROPOUT': 160, 'END_OF_DATA': 20}",1000000
180,2724757.1836794587,272.4757183679459,0.8,69.72557011472567,17.730510413954892,270.364235913809,3724757.183679459,129.77777777777777,"{'DROPOUT': 160, 'END_OF_DATA': 20}",1000000
180,1951747.8770415504,195.17478770415505,0.8166666666666667,76.72738935643955,17.734002834167246,272.53240229676584,2951747.8770415513,129.77777777777777,"{'DROPOUT': 160, 'END_OF_DATA': 20}",1000000
180,3868991.9519099956,386.89919519099954,0.7777777777777778,61.07380171689592,18.537167328303063,208.65529147712215,4868991.951909995,129.77777777777777,"{'DROPOUT': 160, 'END_OF_DATA': 20}",1000000
180,3736279.932451742,373.6279932451742,0.7722222222222223,95.24087942294544,16.27495718996329,337.0049609894987,4736279.932451738,129.77777777777777,"{'DROPOUT': 160, 'END_OF_DATA': 20}",1000000
180,2509286.8688825327,250.92868688825325,0.8277777777777777,89.68508503393649,18.697744747669823,328.3493793216472,3509286.8688825313,129.77777777777777,"{'DROPOUT': 160, 'END_OF_DATA': 20}",1000000
180,3173716.3793517705,317.3716379351771,0.8,91.6268110078139,19.797055638118167,321.2907266204706,4173716.379351771,129.77777777777777,"{'DROPOUT': 160, 'END_OF_DATA': 20}",1000000
180,2063436.663194474,206.34366631944744,0.7388888888888889,77.10424718225032,16.879388371324584,240.68166550033877,3063436.6631944748,129.77777777777777,"{'DROPOUT': 160, 'END_OF_DATA': 20}",1000000
180,4620259.599775997,462.02595997759965,0.7555555555555555,78.78154126373119,13.676265511645836,329.09092774228225,5620259.599775995,129.77777777777777,"{'DROPOUT': 160, 'END_OF_DATA': 20}",1000000
180,1680011.7606391632,168.00117606391632,0.7611111111111111,65.05361134577296,16.100647272112226,200.69153140006114,2680011.7606391637,129.77777777777777,"{'DROPOUT': 160, 'END_OF_DATA': 20}",1000000
180,1577736.833277169,157.7736833277169,0.7388888888888889,58.413376737866194,12.623714361915258,225.01438834907853,2577736.8332771687,129.77777777777777,"{'DROPOUT': 160, 'END_OF_DATA': 20}",1000000
180,2084978.987497609,208.4978987497609,0.8111111111111111,74.41324191918251,15.729796086309712,229.90258543242297,3084978.9874976096,129.77777777777777,"{'DROPOUT': 160, 'END_OF_DATA': 20}",1000000
180,5669167.783583783,566.9167783583782,0.7888888888888889,109.29221278910053,14.88017713316144,400.4585927593175,6669167.783583783,129.77777777777777,"{'DROPOUT': 160, 'END_OF_DATA': 20}",1000000
180,3267851.542735683,326.7851542735683,0.8166666666666667,96.48054105132331,15.26417726515269,361.5483811824723,4267851.54273568,129.77777777777777,"{'DROPOUT': 160, 'END_OF_DATA': 20}",1000000
180,3046512.164911533,304.65121649115326,0.7277777777777777,62.84722582350772,14.439626320373058,166.67539066013344,4046512.164911533,129.77777777777777,"{'DROPOUT': 160, 'END_OF_DATA': 20}",1000000
180,2018983.3774617,201.89833774617,0.7444444444444445,77.56786731399198,18.059408828967108,281.9569945292038,3018983.3774617,129.77777777777777,"{'DROPOUT': 160, 'END_OF_DATA': 20}",1000000
180,3557662.2235028353,355.76622235028356,0.8444444444444444,81.50267172210289,27.24180290172427,190.82583087285758,4557662.223502834,129.77777777777777,"{'DROPOUT': 160, 'END_OF_DATA': 20}",1000000
180,5105242.750398626,510.5242750398626,0.7833333333333333,133.8482670238838,19.753420959188617,368.75717688835135,6105242.750398627,129.77777777777777,"{'DROPOUT': 160, 'END_OF_DATA': 20}",1000000
180,2987792.2891668575,298.7792289166857,0.75,78.63903213478788,22.623015641991216,222.5356951382425,3987792.2891668584,129.77777777777777,"{'DROPOUT': 160, 'END_OF_DATA': 20}",1000000
180,6131748.240823904,613.1748240823904,0.7388888888888889,153.75009363314913,16.989661875240678,452.9174717306343,7131748.240823902,129.77777777777777,"{'DROPOUT': 160, 'END_OF_DATA': 20}",1000000
180,4783283.4098190265,478.32834098190267,0.8111111111111111,133.6869944092956,21.224212898116917,440.3091095207342,5783283.409819026,129.77777777777777,"{'DROPOUT': 160, 'END_OF_DATA': 20}",1000000
180,4193964.819962938,419.3964819962938,0.7555555555555555,109.60998262455875,18.543608498403444,320.165027738668,5193964.819962938,129.77777777777777,"{'DROPOUT': 160, 'END_OF_DATA': 20}",1000000
180,2526928.927774352,252.6928927774352,0.75,44.553520131275846,15.724796644076175,89.34026911279044,3526928.9277743525,129.77777777777777,"{'DROPOUT': 160, 'END_OF_DATA': 20}",1000000
180,2863636.578141344,286.3636578141344,0.7888888888888889,59.34073500711893,19.980239528688877,205.39845325585588,3863636.578141344,129.77777777777777,"{'DROPOUT': 160, 'END_OF_DATA': 20}",1000000
180,4394609.432797344,439.46094327973447,0.7611111111111111,89.73287567418785,15.220696477272483,326.37298947898216,5394609.432797345,129.77777777777777,"{'DROPOUT': 160, 'END_OF_DATA': 20}",1000000
180,2278852.681417526,227.88526814175262,0.7611111111111111,110.47554627004952,16.149954523477497,368.8595640853563,3278852.6814175253,129.77777777777777,"{'DROPOUT': 160, 'END_OF_DATA': 20}",1000000
180,2595423.4272616236,259.54234272616236,0.7388888888888889,77.56203746953265,18.299132110502796,238.16311489934344,3595423.427261623,129.77777777777777,"{'DROPOUT': 160, 'END_OF_DATA': 20}",1000000
180,2833647.393954441,283.36473939544413,0.7611111111111111,109.1913822036874,13.632604749540612,385.98721901361426,3833647.39395444,129.77777777777777,"{'DROPOUT': 160, 'END_OF_DATA': 20}",1000000
180,2847554.5367880594,284.75545367880596,0.7166666666666667,97.75728761111026,18.15079688364037,345.30413305514844,3847554.5367880594,129.77777777777777,"{'DROPOUT': 160, 'END_OF_DATA': 20}",1000000
180,2361731.624870198,236.1731624870198,0.7611111111111111,58.601655472015835,18.013041987039205,127.43670964714654,3361731.6248701992,129.77777777777777,"{'DROPOUT': 160, 'END_OF_DATA': 20}",1000000
180,3469076.4525134857,346.9076452513486,0.8333333333333334,110.46982269969784,18.136133136354633,286.30397680872755,4469076.452513486,129.77777777777777,"{'DROPOUT': 160, 'END_OF_DATA': 20}",1000000
180,4725087.72830278,472.5087728302779,0.75,92.5547955719515,17.91483888567434,245.78974422522077,5725087.728302779,129.77777777777777,"{'DROPOUT': 160, 'END_OF_DATA': 20}",1000000
180,3035636.7871808764,303.5636787180876,0.7388888888888889,73.7441407432604,15.634289803187738,262.9978924969558,4035636.7871808764,129.77777777777777,"{'DROPOUT': 160, 'END_OF_DATA': 20}",1000000
180,2743103.958794445,274.31039587944446,0.8055555555555556,61.72397970222092,19.33017855065681,134.90408661018623,3743103.958794444,129.77777777777777,"{'DROPOUT': 160, 'END_OF_DATA': 20}",1000000
180,2902338.9988888674,290.23389988888675,0.7055555555555556,125.4912304528445,11.431755980955133,419.3686093543742,3902338.9988888693,129.77777777777777,"{'DROPOUT': 160, 'END_OF_DATA': 20}",1000000
180,2781186.056944974,278.11860569449743,0.8166666666666667,96.99037507059523,20.004856474091007,335.4351762052322,3781186.056944975,129.77777777777777,"{'DROPOUT': 160, 'END_OF_DATA': 20}",1000000
180,2133413.035144382,213.3413035144382,0.8388888888888889,141.6091879373507,20.34932946869822,472.90863976107823,3133413.035144381,129.77777777777777,"{'DROPOUT': 160, 'END_OF_DATA': 20}",1000000
180,3153855.587375166,315.3855587375166,0.8111111111111111,116.28093363838185,19.613153097734674,376.1860886932863,4153855.5873751673,129.77777777777777,"{'DROPOUT': 160, 'END_OF_DATA': 20}",1000000
180,3036452.4226030395,303.6452422603039,0.8,56.544173253131156,19.844738860821572,164.12382979711572,4036452.4226030395,129.77777777777777,"{'DROPOUT': 160, 'END_OF_DATA': 20}",1000000
180,4097465.9250022424,409.74659250022427,0.8111111111111111,84.80807395732512,17.883090768291204,276.0910469401319,5097465.925002244,129.77777777777777,"{'DROPOUT': 160, 'END_OF_DATA': 20}",1000000
180,3071867.736696308,307.1867736696308,0.75,63.82580737529582,15.122594905275566,215.7982845689764,4071867.736696308,129.77777777777777,"{'DROPOUT': 160, 'END_OF_DATA': 20}",1000000
180,2189745.430878003,218.97454308780033,0.7722222222222223,37.693362078396326,16.731694368462737,57.44014386760715,3189745.430878003,129.77777777777777,"{'DROPOUT': 160, 'END_OF_DATA': 20}",1000000
180,3139186.858551732,313.9186858551732,0.8,81.19882098378487,26.653146970799874,224.00936561217748,4139186.8585517323,129.77777777777777,"{'DROPOUT': 160, 'END_OF_DATA': 20}",1000000
180,4713216.31658759,471.321631658759,0.8,90.73051822019256,23.37888259376897,322.82183335814295,5713216.316587586,129.77777777777777,"{'DROPOUT': 160, 'END_OF_DATA': 20}",1000000
180,7237094.358019853,723.7094358019853,0.8388888888888889,114.05540578670724,23.7643185304483,387.89039365539435,8237094.358019855,129.77777777777777,"{'DROPOUT': 160, 'END_OF_DATA': 20}",1000000
180,2002805.9574818513,200.28059574818516,0.7555555555555555,75.1839469551994,19.095748423562434,244.85321085770792,3002805.9574818504,129.77777777777777,"{'DROPOUT': 160, 'END_OF_DATA': 20}",1000000
180,4663878.133643766,466.3878133643766,0.8222222222222222,119.48591756974955,21.900301929145115,386.5709967684104,5663878.13364377,129.77777777777777,"{'DROPOUT': 160, 'END_OF_DATA': 20}",1000000
180,3104368.1498090383,310.4368149809038,0.8055555555555556,74.6669489591594,15.318569288543692,283.83670695726937,4104368.1498090373,129.77777777777777,"{'DROPOUT': 160, 'END_OF_DATA': 20}",1000000
180,2734302.6154151116,273.4302615415112,0.7333333333333333,68.72573428155766,12.354475351777142,280.4901202047133,3734302.615415112,129.77777777777777,"{'DROPOUT': 160, 'END_OF_DATA': 20}",1000000
180,3732501.3991061314,373.25013991061314,0.7611111111111111,112.5036599144342,17.709989517771035,379.1435519468125,4732501.399106132,129.77777777777777,"{'DROPOUT': 160, 'END_OF_DATA': 20}",1000000
180,6988842.297880253,698.8842297880253,0.7888888888888889,126.36997860617541,26.86064880427901,348.72028432981443,7988842.297880252,129.77777777777777,"{'DROPOUT': 160, 'END_OF_DATA': 20}",1000000
180,1862017.4658567705,186.20174658567706,0.7611111111111111,90.37561517615646,21.298752955966926,328.6708816199257,2862017.4658567696,129.77777777777777,"{'DROPOUT': 160, 'END_OF_DATA': 20}",1000000
180,3217488.094118934,321.74880941189343,0.7611111111111111,65.90233048524493,14.702462727145969,210.7826446228688,4217488.094118933,129.77777777777777,"{'DROPOUT': 160, 'END_OF_DATA': 20}",1000000
180,5220561.871509029,522.0561871509028,0.8,91.35089209388967,25.007706517367915,279.9331976527406,6220561.871509027,129.77777777777777,"{'DROPOUT': 160, 'END_OF_DATA': 20}",1000000
180,2533022.6036897493,253.3022603689749,0.7833333333333333,98.64746351844597,18.993636538780365,342.4767146413304,3533022.603689751,129.77777777777777,"{'DROPOUT': 160, 'END_OF_DATA': 20}",1000000
180,2138028.8465389004,213.80288465389006,0.75,64.69197960348049,13.010003453777411,266.10677880401613,3138028.846538899,129.77777777777777,"{'DROPOUT': 160, 'END_OF_DATA': 20}",1000000
180,3630537.7710465947,363.0537771046595,0.8055555555555556,95.26915275817571,20.40892064809435,277.2363906770495,4630537.771046594,129.77777777777777,"{'DROPOUT': 160, 'END_OF_DATA': 20}",1000000
180,1992128.6553477452,199.2128655347745,0.7611111111111111,64.07403843037494,12.158246490840455,244.01762199129683,2992128.6553477445,129.77777777777777,"{'DROPOUT': 160, 'END_OF_DATA': 20}",1000000
180,4161686.16913679,416.16861691367905,0.7888888888888889,83.0794888689648,21.027491343082627,286.0807521803732,5161686.16913679,129.77777777777777,"{'DROPOUT': 160, 'END_OF_DATA': 20}",1000000
180,4329217.435172242,432.92174351722423,0.7833333333333333,89.30634766326958,20.79413891484851,274.5276161267475,5329217.435172241,129.77777777777777,"{'DROPOUT': 160, 'END_OF_DATA': 20}",1000000
180,3446113.648507557,344.6113648507557,0.8166666666666667,113.00819371389541,20.035303659503917,344.6267469922744,4446113.648507557,129.77777777777777,"{'DROPOUT': 160, 'END_OF_DATA': 20}",1000000
180,2351783.0990393674,235.17830990393676,0.8333333333333334,47.35367783701887,18.218351190699778,112.85358061788516,3351783.099039369,129.77777777777777,"{'DROPOUT': 160, 'END_OF_DATA': 20}",1000000
180,3242124.916016942,324.2124916016942,0.7611111111111111,99.76270041185249,12.460000154437818,364.91201786358283,4242124.916016943,129.77777777777777,"{'DROPOUT': 160, 'END_OF_DATA': 20}",1000000
180,4739689.018551535,473.9689018551535,0.8555555555555555,124.8576806899993,21.17565642663673,389.7953927917032,5739689.018551533,129.77777777777777,"{'DROPOUT': 160, 'END_OF_DATA': 20}",1000000
180,2372933.4942082176,237.29334942082176,0.7722222222222223,86.34305919767374,19.260662440919415,302.30505088825487,3372933.4942082153,129.77777777777777,"{'DROPOUT': 160, 'END_OF_DATA': 20}",1000000
180,4267582.526663201,426.7582526663201,0.7888888888888889,91.38696883616487,18.925589517520066,329.4127292632685,5267582.5266632,129.77777777777777,"{'DROPOUT': 160, 'END_OF_DATA': 20}",1000000
180,2804095.517761654,280.4095517761654,0.7722222222222223,52.8877246550234,20.201207632306108,102.53027173559668,3804095.517761657,129.77777777777777,"{'DROPOUT': 160, 'END_OF_DATA': 20}",1000000
180,3642432.57779303,364.243257779303,0.7722222222222223,96.39103970886552,20.414418778175556,320.5834657844997,4642432.57779303,129.77777777777777,"{'DROPOUT': 160, 'END_OF_DATA': 20}",1000000
180,2226852.868838917,222.68528688389168,0.8111111111111111,96.0534001599571,22.31015139200798,332.40441521257674,3226852.868838916,129.77777777777777,"{'DROPOUT': 160, 'END_OF_DATA': 20}",1000000
180,4032809.6426733616,403.2809642673362,0.7611111111111111,107.51154270291437,16.493275005485472,378.8148326445907,5032809.642673362,129.77777777777777,"{'DROPOUT': 160, 'END_OF_DATA': 20}",1000000
180,5753037.343129535,575.3037343129536,0.7944444444444444,104.84902732961932,20.128388666878553,347.69011952901843,6753037.343129536,129.77777777777777,"{'DROPOUT': 160, 'END_OF_DATA': 20}",1000000
180,3299048.4107610583,329.90484107610587,0.7944444444444444,95.29712010961354,24.64823835923331,326.1036099423141,4299048.41076106,129.77777777777777,"{'DROPOUT': 160, 'END_OF_DATA': 20}",1000000
180,3047563.884983263,304.7563884983263,0.8111111111111111,84.65500239820737,18.88882191152993,262.4950616657947,4047563.8849832644,129.77777777777777,"{'DROPOUT': 160, 'END_OF_DATA': 20}",1000000
180,4351023.701396739,435.10237013967395,0.8111111111111111,83.41062152656417,20.327644223489344,279.08921057202264,5351023.701396738,129.77777777777777,"{'DROPOUT': 160, 'END_OF_DATA': 20}",1000000
180,2463837.091003577,246.38370910035775,0.7944444444444444,53.96236490301872,17.20996525595676,198.93394371286908,3463837.0910035763,129.77777777777777,"{'DROPOUT': 160, 'END_OF_DATA': 20}",1000000
180,3366191.8277024617,336.6191827702462,0.8222222222222222,81.52071598207698,19.031403684302646,274.64056302539785,4366191.827702461,129.77777777777777,"{'DROPOUT': 160, 'END_OF_DATA': 20}",1000000
180,3714269.028948894,371.4269028948894,0.8,106.63769427494832,15.019300496626537,319.2274578762187,4714269.028948894,129.77777777777777,"{'DROPOUT': 160, 'END_OF_DATA': 20}",1000000
180,1924403.0977827196,192.44030977827197,0.7666666666666667,89.80562777585081,19.053507840806784,335.5950221360908,2924403.097782721,129.77777777777777,"{'DROPOUT': 160, 'END_OF_DATA': 20}",1000000
180,4068914.376714905,406.8914376714905,0.8166666666666667,96.8632978852466,18.976786348323472,333.4305439987945,5068914.376714902,129.77777777777777,"{'DROPOUT': 160, 'END_OF_DATA': 20}",1000000
180,2633643.4261767766,263.36434261767766,0.7555555555555555,53.38242964452794,19.23039291315796,194.85541373431718,3633643.4261767766,129.77777777777777,"{'DROPOUT': 160, 'END_OF_DATA': 20}",1000000
180,2509955.9503251123,250.99559503251126,0.7666666666666667,49.740706756387354,20.000000273187997,132.1377605697544,3509955.950325113,129.77777777777777,"{'DROPOUT': 160, 'END_OF_DATA': 20}",1000000
180,3801310.012324034,380.1310012324034,0.7944444444444444,76.29292242850815,23.401831799969337,225.08676497462795,4801310.012324035,129.77777777777777,"{'DROPOUT': 160, 'END_OF_DATA': 20}",1000000
180,3322146.4598789997,332.2146459879,0.8,99.080289823473,18.66081465542083,309.7194802479458,4322146.459879,129.77777777777777,"{'DROPOUT': 160, 'END_OF_DATA': 20}",1000000
180,3113858.3126095827,311.38583126095824,0.7555555555555555,89.95542256596089,12.390245429123675,341.48636648124364,4113858.3126095817,129.77777777777777,"{'DROPOUT': 160, 'END_OF_DATA': 20}",1000000
180,2216139.99072447,221.613999072447,0.8277777777777777,66.12048496168674,19.219504978904965,226.75262464095135,3216139.9907244695,129.77777777777777,"{'DROPOUT': 160, 'END_OF_DATA': 20}",1000000
180,3686771.6746488255,368.67716746488253,0.7611111111111111,57.85864885827749,14.847960400527304,143.3511114838281,4686771.674648825,129.77777777777777,"{'DROPOUT': 160, 'END_OF_DATA': 20}",1000000
180,1656142.9022585442,165.61429022585443,0.7611111111111111,70.81731073498828,19.849364022178882,269.53774085275484,2656142.902258545,129.77777777777777,"{'DROPOUT': 160, 'END_OF_DATA': 20}",1000000
180,2626342.4789915,262.63424789915,0.75,93.11271097395773,19.4369440319697,328.83434258468947,3626342.4789915006,129.77777777777777,"{'DROPOUT': 160, 'END_OF_DATA': 20}",1000000
180,2486530.865603173,248.65308656031732,0.7777777777777778,83.49690773589417,20.333179311031778,289.1772519903498,3486530.865603173,129.77777777777777,"{'DROPOUT': 160, 'END_OF_DATA': 20}",1000000
180,4672066.747014971,467.20667470149715,0.7388888888888889,116.97917043171206,16.060137096023908,407.8904602000479,5672066.7470149705,129.77777777777777,"{'DROPOUT': 160, 'END_OF_DATA': 20}",1000000
180,4428906.890060159,442.8906890060159,0.7833333333333333,66.47993714774567,17.550752097869353,222.51609830302905,5428906.8900601575,129.77777777777777,"{'DROPOUT': 160, 'END_OF_DATA': 20}",1000000
180,3021888.160220054,302.18881602200537,0.7833333333333333,64.64335799629721,21.63005123561097,147.3585959009857,4021888.160220051,129.77777777777777,"{'DROPOUT': 160, 'END_OF_DATA': 20}",1000000
180,4578882.587559728,457.8882587559728,0.8388888888888889,113.85460111497721,22.449627788640402,353.5919561654412,5578882.587559728,129.77777777777777,"{'DROPOUT': 160, 'END_OF_DATA': 20}",1000000
180,3612189.232593604,361.2189232593604,0.8222222222222222,99.60017372128367,25.178570797357988,313.10749578838846,4612189.232593603,129.77777777777777,"{'DROPOUT': 160, 'END_OF_DATA': 20}",1000000
180,6556053.318402115,655.6053318402115,0.7277777777777777,139.2581472963492,20.026360203862573,463.34953441289457,7556053.31840212,129.77777777777777,"{'DROPOUT': 160, 'END_OF_DATA': 20}",1000000
180,3420453.2398644476,342.04532398644477,0.7833333333333333,78.91020876389453,16.537151022919428,231.04968929447588,4420453.239864447,129.77777777777777,"{'DROPOUT': 160, 'END_OF_DATA': 20}",1000000
180,3147633.623306214,314.76336233062136,0.7666666666666667,92.71905459603433,18.53409072921381,315.1298963691838,4147633.6233062134,129.77777777777777,"{'DROPOUT': 160, 'END_OF_DATA': 20}",1000000
180,2614275.099621842,261.4275099621842,0.7944444444444444,67.18745058425826,17.20161739838794,227.90974125918171,3614275.099621842,129.77777777777777,"{'DROPOUT': 160, 'END_OF_DATA': 20}",1000000
180,4154650.385675709,415.46503856757096,0.8111111111111111,80.10281055657885,16.48900648768474,289.6667354663747,5154650.385675712,129.77777777777777,"{'DROPOUT': 160, 'END_OF_DATA': 20}",1000000
180,3405011.7452851767,340.50117452851765,0.8388888888888889,119.57219771154527,24.772298459437614,358.74466389966096,4405011.745285176,129.77777777777777,"{'DROPOUT': 160, 'END_OF_DATA': 20}",1000000
180,3666942.7544487035,366.69427544487036,0.7333333333333333,63.85586919594989,15.515885619024031,222.74297894803678,4666942.7544487035,129.77777777777777,"{'DROPOUT': 160, 'END_OF_DATA': 20}",1000000
180,4225758.388340732,422.5758388340732,0.8055555555555556,99.07151412928962,19.022400227560343,351.1907513418925,5225758.388340735,129.77777777777777,"{'DROPOUT': 160, 'END_OF_DATA': 20}",1000000
180,4377389.576171719,437.7389576171718,0.8111111111111111,95.24206284746494,16.21528356058446,309.6391550387222,5377389.576171721,129.77777777777777,"{'DROPOUT': 160, 'END_OF_DATA': 20}",1000000
180,2054647.663651186,205.4647663651186,0.8166666666666667,77.4220142600941,15.771166385355652,280.58296113500546,3054647.6636511846,129.77777777777777,"{'DROPOUT': 160, 'END_OF_DATA': 20}",1000000
180,2198540.8160341834,219.85408160341834,0.7444444444444445,102.84775390805105,15.749912349279978,339.2279410300618,3198540.816034184,129.77777777777777,"{'DROPOUT': 160, 'END_OF_DATA': 20}",1000000
180,5582412.775438763,558.2412775438763,0.7611111111111111,98.47403575641033,20.883090532639056,278.70284936998536,6582412.775438765,129.77777777777777,"{'DROPOUT': 160, 'END_OF_DATA': 20}",1000000
180,3984706.177619134,398.4706177619134,0.8,97.28920815339782,20.762751478017236,336.38249388429904,4984706.177619133,129.77777777777777,"{'DROPOUT': 160, 'END_OF_DATA': 20}",1000000
180,3152495.620721921,315.2495620721921,0.8333333333333334,90.71661703742583,27.575884248892255,250.286317660127,4152495.6207219213,129.77777777777777,"{'DROPOUT': 160, 'END_OF_DATA': 20}",1000000
180,5486555.379220204,548.6555379220205,0.7777777777777778,108.08935244806013,21.21942151087796,327.1038810457893,6486555.3792202035,129.77777777777777,"{'DROPOUT': 160, 'END_OF_DATA': 20}",1000000
180,3369438.1995512494,336.9438199551249,0.7611111111111111,96.08568265194032,20.48929060794895,315.67141386777695,4369438.199551248,129.77777777777777,"{'DROPOUT': 160, 'END_OF_DATA': 20}",1000000
180,3031526.4174321177,303.15264174321175,0.8444444444444444,84.60553084341244,20.70468772680589,284.44166239702724,4031526.4174321187,129.77777777777777,"{'DROPOUT': 160, 'END_OF_DATA': 20}",1000000
180,1895179.1676791531,189.51791676791532,0.7888888888888889,56.77809533387586,15.896196572790018,142.71481984238423,2895179.1676791525,129.77777777777777,"{'DROPOUT': 160, 'END_OF_DATA': 20}",1000000
180,3011751.3410395356,301.17513410395355,0.7666666666666667,132.64787681664762,12.81312288553072,444.9904493001819,4011751.341039535,129.77777777777777,"{'DROPOUT': 160, 'END_OF_DATA': 20}",1000000
180,2711230.0315624503,271.12300315624503,0.75,75.49154407239749,18.023539727272805,281.237501667273,3711230.0315624517,129.77777777777777,"{'DROPOUT': 160, 'END_OF_DATA': 20}",1000000
180,3971764.079182434,397.1764079182434,0.7833333333333333,88.4824798103309,21.540298519772577,303.69942773456347,4971764.079182431,129.77777777777777,"{'DROPOUT': 160, 'END_OF_DATA': 20}",1000000
180,2581845.539772233,258.1845539772233,0.7444444444444445,67.33040228651345,15.113985158556169,220.7420318962515,3581845.5397722316,129.77777777777777,"{'DROPOUT': 160, 'END_OF_DATA': 20}",1000000
180,2662102.1246491084,266.21021246491085,0.7666666666666667,54.41767758444592,15.730349225038188,116.61976786682457,3662102.1246491084,129.77777777777777,"{'DROPOUT': 160, 'END_OF_DATA': 20}",1000000
180,3114393.4443412013,311.43934443412013,0.7555555555555555,104.37750929610685,17.581293364608914,328.54568015578167,4114393.4443412027,129.77777777777777,"{'DROPOUT': 160, 'END_OF_DATA': 20}",1000000
180,2564996.9519786276,256.49969519786276,0.7722222222222223,71.24753887421373,13.512680388971539,270.96994835545314,3564996.951978628,129.77777777777777,"{'DROPOUT': 160, 'END_OF_DATA': 20}",1000000
180,5043365.941611219,504.33659416112187,0.7833333333333333,117.58684863761648,19.03843107510545,395.5992450907197,6043365.941611219,129.77777777777777,"{'DROPOUT': 160, 'END_OF_DATA': 20}",1000000
180,2573142.781356441,257.3142781356441,0.7277777777777777,64.83072566035102,17.050276181405373,152.09711499789327,3573142.7813564404,129.77777777777777,"{'DROPOUT': 160, 'END_OF_DATA': 20}",1000000
180,3059362.6456865473,305.93626456865474,0.7722222222222223,88.31885540833927,16.19755159778256,305.1027505843539,4059362.645686546,129.77777777777777,"{'DROPOUT': 160, 'END_OF_DATA': 20}",1000000
180,3420304.9959324524,342.0304995932452,0.8111111111111111,87.26851595141396,19.45806428530093,288.36885889108606,4420304.995932452,129.77777777777777,"{'DROPOUT': 160, 'END_OF_DATA': 20}",1000000
180,2957180.3167718183,295.71803167718184,0.7666666666666667,76.59148223677508,19.16367266956266,253.6385204673027,3957180.3167718165,129.77777777777777,"{'DROPOUT': 160, 'END_OF_DATA': 20}",1000000
180,4469204.807955997,446.9204807955997,0.7888888888888889,99.18105967489014,18.811827156653123,346.2498183068963,5469204.807955996,129.77777777777777,"{'DROPOUT': 160, 'END_OF_DATA': 20}",1000000
180,2834065.2664356953,283.4065266435696,0.7944444444444444,75.02986187901767,18.81246459767597,244.05011688318507,3834065.2664356944,129.77777777777777,"{'DROPOUT': 160, 'END_OF_DATA': 20}",1000000
180,2348331.416325423,234.8331416325423,0.7944444444444444,67.62716762761178,15.937240020502298,267.82143479009375,3348331.416325423,129.77777777777777,"{'DROPOUT': 160, 'END_OF_DATA': 20}",1000000
180,4477481.66575163,447.74816657516305,0.7777777777777778,76.80176065772054,19.857001458543536,240.60603551412126,5477481.665751628,129.77777777777777,"{'DROPOUT': 160, 'END_OF_DATA': 20}",1000000
180,2328951.0832264796,232.89510832264796,0.8,81.1791653942785,19.756100113940825,272.7248542920527,3328951.083226479,129.77777777777777,"{'DROPOUT': 160, 'END_OF_DATA': 20}",1000000
180,2295162.414469736,229.51624144697362,0.7388888888888889,94.29661770821204,15.219448564850385,310.5913696628209,3295162.414469736,129.77777777777777,"{'DROPOUT': 160, 'END_OF_DATA': 20}",1000000
180,2283531.3208542787,228.35313208542786,0.8111111111111111,70.80639270364567,23.18591104174535,223.1165353312394,3283531.3208542797,129.77777777777777,"{'DROPOUT': 160, 'END_OF_DATA': 20}",1000000
180,3660068.886628936,366.0068886628936,0.7666666666666667,86.82507937669129,14.362301355908125,291.50154615460264,4660068.886628935,129.77777777777777,"{'DROPOUT': 160, 'END_OF_DATA': 20}",1000000
180,2735790.5495972335,273.57905495972335,0.7944444444444444,65.31108060814518,19.480523693383695,140.92491609978947,3735790.5495972345,129.77777777777777,"{'DROPOUT': 160, 'END_OF_DATA': 20}",1000000
180,2884459.211415706,288.44592114157064,0.7833333333333333,91.047205731406,18.924806864760313,297.5742884041004,3884459.2114157053,129.77777777777777,"{'DROPOUT': 160, 'END_OF_DATA': 20}",1000000
180,2124291.573862657,212.4291573862657,0.8,92.64652742122982,16.613675170517865,351.6304061399448,3124291.5738626565,129.77777777777777,"{'DROPOUT': 160, 'END_OF_DATA': 20}",1000000
180,5422424.624016175,542.2424624016176,0.7666666666666667,130.08247413492649,16.543414547937537,416.70988845691875,6422424.624016173,129.77777777777777,"{'DROPOUT': 160, 'END_OF_DATA': 20}",1000000
180,3793498.786350351,379.34987863503505,0.7555555555555555,130.24349494248818,17.535996748064456,432.1544272149785,4793498.786350353,129.77777777777777,"{'DROPOUT': 160, 'END_OF_DATA': 20}",1000000
180,3954065.929605026,395.40659296050256,0.7833333333333333,126.65707435304556,18.155958219883992,338.87269577517174,4954065.929605026,129.77777777777777,"{'DROPOUT': 160, 'END_OF_DATA': 20}",1000000
180,4015560.89658414,401.556089658414,0.75,88.12384108695451,13.844435188472485,332.2683919061778,5015560.896584139,129.77777777777777,"{'DROPOUT': 160, 'END_OF_DATA': 20}",1000000
180,2778328.4536313335,277.83284536313334,0.7444444444444445,70.49752495251073,14.14541897835197,233.41016968484507,3778328.453631334,129.77777777777777,"{'DROPOUT': 160, 'END_OF_DATA': 20}",1000000
180,1727382.410806558,172.7382410806558,0.8166666666666667,71.69041841082864,16.28985588123393,225.09974500804418,2727382.410806557,129.77777777777777,"{'DROPOUT': 160, 'END_OF_DATA': 20}",1000000
180,3299077.856262446,329.90778562624456,0.8277777777777777,110.08786571655037,21.060942102864267,369.68712611779,4299077.856262446,129.77777777777777,"{'DROPOUT': 160, 'END_OF_DATA': 20}",1000000
180,2932926.4953868035,293.2926495386804,0.7888888888888889,106.76362783800333,18.4594960743355,351.6924953403497,3932926.495386807,129.77777777777777,"{'DROPOUT': 160, 'END_OF_DATA': 20}",1000000
180,3093160.7224713545,309.3160722471354,0.75,97.90521329548618,14.04744107085633,352.269804342295,4093160.7224713517,129.77777777777777,"{'DROPOUT': 160, 'END_OF_DATA': 20}",1000000
180,4301407.014629859,430.1407014629858,0.7722222222222223,67.0249986146977,16.520890279030205,222.25233469731148,5301407.01462986,129.77777777777777,"{'DROPOUT': 160, 'END_OF_DATA': 20}",1000000
180,3710994.2973909862,371.09942973909864,0.7888888888888889,117.91714766784587,19.684386498069014,386.7361780025942,4710994.297390983,129.77777777777777,"{'DROPOUT': 160, 'END_OF_DATA': 20}",1000000
180,3224248.881484111,322.42488814841107,0.8,89.93169319329628,18.676347454374103,311.1252190090123,4224248.881484111,129.77777777777777,"{'DROPOUT': 160, 'END_OF_DATA': 20}",1000000
180,2340548.65465036,234.054865465036,0.8222222222222222,88.02034947723217,21.286447665703648,282.2554390676935,3340548.654650359,129.77777777777777,"{'DROPOUT': 160, 'END_OF_DATA': 20}",1000000
180,3681618.652066285,368.1618652066285,0.8166666666666667,72.01037600563762,17.029368372855636,185.99517818921356,4681618.652066287,129.77777777777777,"{'DROPOUT': 160, 'END_OF_DATA': 20}",1000000
180,5471786.155428754,547.1786155428754,0.8,126.02872426361888,22.772067722231327,401.22741850757495,6471786.15542875,129.77777777777777,"{'DROPOUT': 160, 'END_OF_DATA': 20}",1000000
180,3951417.7425332,395.14177425332,0.7666666666666667,62.209984430307266,19.893475448643315,202.64478030668488,4951417.7425332,129.77777777777777,"{'DROPOUT': 160, 'END_OF_DATA': 20}",1000000
180,3186775.807162242,318.67758071622416,0.8055555555555556,81.62227009914649,18.898811108312664,301.31960989660615,4186775.807162241,129.77777777777777,"{'DROPOUT': 160, 'END_OF_DATA': 20}",1000000
180,3730936.215229694,373.0936215229694,0.8055555555555556,141.83127461867258,22.609154084367567,457.6095684545304,4730936.215229695,129.77777777777777,"{'DROPOUT': 160, 'END_OF_DATA': 20}",1000000
180,4531312.086275356,453.13120862753556,0.7555555555555555,86.1558733697165,14.867966232677118,306.63152574749637,5531312.086275356,129.77777777777777,"{'DROPOUT': 160, 'END_OF_DATA': 20}",1000000
180,4233540.392380115,423.35403923801147,0.7555555555555555,76.59386591075301,18.536127165713257,244.61573663169915,5233540.392380113,129.77777777777777,"{'DROPOUT': 160, 'END_OF_DATA': 20}",1000000
180,1919244.5205508245,191.92445205508244,0.7444444444444445,49.304247767295045,13.686847637171148,102.72833958787812,2919244.5205508242,129.77777777777777,"{'DROPOUT': 160, 'END_OF_DATA': 20}",1000000
180,2001635.4931041324,200.16354931041326,0.8,78.28697894984427,22.42528488689817,241.968233402668,3001635.4931041324,129.77777777777777,"{'DROPOUT': 160, 'END_OF_DATA': 20}",1000000
180,3965528.7876696466,396.5528787669646,0.8166666666666667,88.48263590162688,25.574482292051776,298.031415301843,4965528.787669649,129.77777777777777,"{'DROPOUT': 160, 'END_OF_DATA': 20}",1000000
180,2506717.937879817,250.6717937879817,0.8055555555555556,51.04041070072198,16.543453250298796,113.43986606673715,3506717.937879819,129.77777777777777,"{'DROPOUT': 160, 'END_OF_DATA': 20}",1000000
180,6118652.652756553,611.8652652756552,0.8,115.04572491940297,17.27097859383675,395.42325740795656,7118652.652756552,129.77777777777777,"{'DROPOUT': 160, 'END_OF_DATA': 20}",1000000
180,2790677.299956836,279.0677299956836,0.7944444444444444,95.53154182688193,23.1721760851145,302.9383176079421,3790677.2999568363,129.77777777777777,"{'DROPOUT': 160, 'END_OF_DATA': 20}",1000000
180,4992618.0487111015,499.26180487111014,0.8277777777777777,136.2560012228454,15.89473388325475,454.23741882791893,5992618.0487111,129.77777777777777,"{'DROPOUT': 160, 'END_OF_DATA': 20}",1000000
180,2991208.603033222,299.12086030332216,0.75,79.70913929926667,17.421434306774113,225.1045778972463,3991208.6030332213,129.77777777777777,"{'DROPOUT': 160, 'END_OF_DATA': 20}",1000000
180,3266463.872178858,326.64638721788583,0.7277777777777777,98.91121483589373,16.52873759543955,372.3836591099766,4266463.872178859,129.77777777777777,"{'DROPOUT': 160, 'END_OF_DATA': 20}",1000000
180,3837429.8818093278,383.74298818093274,0.8,137.26875122314866,18.29454761851919,444.14179968030976,4837429.88180933,129.77777777777777,"{'DROPOUT': 160, 'END_OF_DATA': 20}",1000000
180,2745092.3759519183,274.5092375951918,0.7777777777777778,126.91553332787403,20.850254206689435,420.14223126687034,3745092.3759519155,129.77777777777777,"{'DROPOUT': 160, 'END_OF_DATA': 20}",1000000
180,2145461.1116121635,214.54611116121634,0.8111111111111111,89.28598202766557,20.12354673809334,329.4591526021481,3145461.111612164,129.77777777777777,"{'DROPOUT': 160, 'END_OF_DATA': 20}",1000000
180,5425143.985886252,542.5143985886251,0.7555555555555555,112.19007134780075,18.18880940386141,362.5111173531609,6425143.985886252,129.77777777777777,"{'DROPOUT': 160, 'END_OF_DATA': 20}",1000000
180,5199512.207960995,519.9512207960995,0.7944444444444444,119.47139070824157,18.196398810559437,388.7366236729912,6199512.207960997,129.77777777777777,"{'DROPOUT': 160, 'END_OF_DATA': 20}",1000000
180,4469222.289428053,446.9222289428053,0.8,74.81130012017414,19.49125410499001,210.7001901199611,5469222.289428053,129.77777777777777,"{'DROPOUT': 160, 'END_OF_DATA': 20}",1000000
180,5285928.037170977,528.5928037170978,0.75,101.59649276255352,19.378176144540472,285.05804342496305,6285928.037170979,129.77777777777777,"{'DROPOUT': 160, 'END_OF_DATA': 20}",1000000
180,2408609.9519813997,240.86099519813996,0.7777777777777778,75.67460593408047,14.961207386198215,221.75857750647162,3408609.9519813997,129.77777777777777,"{'DROPOUT': 160, 'END_OF_DATA': 20}",1000000
180,4994860.951481622,499.4860951481622,0.7555555555555555,106.81029575972607,22.278430939435232,384.7528334977439,5994860.951481622,129.77777777777777,"{'DROPOUT': 160, 'END_OF_DATA': 20}",1000000
180,1846387.328907,184.6387328907,0.7055555555555556,56.07839786928602,13.677385416405468,127.71407215199612,2846387.3289070013,129.77777777777777,"{'DROPOUT': 160, 'END_OF_DATA': 20}",1000000
180,2008294.9191694628,200.82949191694627,0.7666666666666667,52.09353089700047,17.437340124529527,195.6050664930284,3008294.9191694646,129.77777777777777,"{'DROPOUT': 160, 'END_OF_DATA': 20}",1000000
180,4919430.214755675,491.9430214755675,0.7388888888888889,78.80752737100859,19.838452072729154,251.6184670705071,5919430.214755675,129.77777777777777,"{'DROPOUT': 160, 'END_OF_DATA': 20}",1000000
180,4816213.6000837125,481.62136000837125,0.7833333333333333,77.95542922938732,22.425024888664957,235.18157159014675,5816213.6000837125,129.77777777777777,"{'DROPOUT': 160, 'END_OF_DATA': 20}",1000000
180,2525741.9126376715,252.57419126376718,0.75,58.84526460863594,12.345259262537917,220.71353308534432,3525741.91263767,129.77777777777777,"{'DROPOUT': 160, 'END_OF_DATA': 20}",1000000
180,3134227.3296649437,313.4227329664944,0.7888888888888889,108.6680613903528,21.230656292287385,323.3789677250152,4134227.329664944,129.77777777777777,"{'DROPOUT': 160, 'END_OF_DATA': 20}",1000000
180,5552862.464975554,555.2862464975553,0.8166666666666667,125.12184134201105,22.996794304796474,395.5316429561287,6552862.4649755545,129.77777777777777,"{'DROPOUT': 160, 'END_OF_DATA': 20}",1000000
180,2312486.247622216,231.24862476222162,0.8055555555555556,88.97344383227912,17.358070330281702,306.9609212829013,3312486.2476222166,129.77777777777777,"{'DROPOUT': 160, 'END_OF_DATA': 20}",1000000
180,3429927.084902512,342.9927084902512,0.7666666666666667,85.2991906240837,18.359327146919647,184.48410455994193,4429927.08490251,129.77777777777777,"{'DROPOUT': 160, 'END_OF_DATA': 20}",1000000
180,2428685.1919332007,242.86851919332005,0.7444444444444445,52.13686326110466,13.996647960130165,203.58007483271274,3428685.1919332035,129.77777777777777,"{'DROPOUT': 160, 'END_OF_DATA': 20}",1000000
180,2013441.4089442873,201.3441408944287,0.8277777777777777,88.53847667689004,20.91873288894569,301.75680875897086,3013441.4089442864,129.77777777777777,"{'DROPOUT': 160, 'END_OF_DATA': 20}",1000000
180,4290656.750600383,429.0656750600383,0.8111111111111111,107.82622170719333,20.1564245877411,325.88988004112554,5290656.750600383,129.77777777777777,"{'DROPOUT': 160, 'END_OF_DATA': 20}",1000000
180,2149166.4472613893,214.91664472613894,0.7611111111111111,100.41769108185565,20.00038165335002,349.249787085418,3149166.4472613907,129.77777777777777,"{'DROPOUT': 160, 'END_OF_DATA': 20}",1000000
180,3631426.1153429663,363.14261153429663,0.7666666666666667,89.65698124518728,26.310686528020014,245.7876436911834,4631426.115342966,129.77777777777777,"{'DROPOUT': 160, 'END_OF_DATA': 20}",1000000
180,2206783.2494121576,220.67832494121578,0.7222222222222222,92.70962702202264,11.456078170781863,322.8771252157204,3206783.2494121585,129.77777777777777,"{'DROPOUT': 160, 'END_OF_DATA': 20}",1000000
180,3001450.4303997075,300.14504303997074,0.7833333333333333,58.13677666773743,21.637071589165608,124.03240666462342,4001450.4303997075,129.77777777777777,"{'DROPOUT': 160, 'END_OF_DATA': 20}",1000000
180,2834696.3425389687,283.46963425389686,0.8111111111111111,87.09720035179323,20.531038244624835,299.3001406511909,3834696.342538969,129.77777777777777,"{'DROPOUT': 160, 'END_OF_DATA': 20}",1000000
180,5256280.507282006,525.6280507282006,0.7888888888888889,138.2613888277284,21.101083948480028,447.27594341157857,6256280.507282007,129.77777777777777,"{'DROPOUT': 160, 'END_OF_DATA': 20}",1000000
180,3064619.01753034,306.461901753034,0.8055555555555556,78.40880571051815,19.767108043918977,278.68939223017105,4064619.0175303416,129.77777777777777,"{'DROPOUT': 160, 'END_OF_DATA': 20}",1000000
180,3670550.240956832,367.0550240956832,0.8055555555555556,99.579405803021,26.235999974870104,294.9548558246927,4670550.240956833,129.77777777777777,"{'DROPOUT': 160, 'END_OF_DATA': 20}",1000000
180,3369269.9533236953,336.92699533236953,0.7388888888888889,71.53993622845593,14.7355384844672,183.90449043218257,4369269.953323694,129.77777777777777,"{'DROPOUT': 160, 'END_OF_DATA': 20}",1000000
180,2281512.9931156076,228.15129931156076,0.7666666666666667,66.65477521251212,18.615396882291286,204.37926875892538,3281512.9931156067,129.77777777777777,"{'DROPOUT': 160, 'END_OF_DATA': 20}",1000000
180,2743363.664412266,274.33636644122663,0.75,76.92449227140344,15.670105163147985,274.1704876235502,3743363.664412267,129.77777777777777,"{'DROPOUT': 160, 'END_OF_DATA': 20}",1000000
180,5058421.79832998,505.842179832998,0.7555555555555555,94.53408622992058,18.22027753957577,296.00490944004076,6058421.798329982,129.77777777777777,"{'DROPOUT': 160, 'END_OF_DATA': 20}",1000000
180,1950302.8865468015,195.03028865468016,0.7555555555555555,62.22117622863552,17.840931325597424,207.32234412215888,2950302.8865468027,129.77777777777777,"{'DROPOUT': 160, 'END_OF_DATA': 20}",1000000
180,4611534.421720937,461.1534421720937,0.7555555555555555,82.6159148336347,19.272972783462833,293.4977701553006,5611534.421720936,129.77777777777777,"{'DROPOUT': 160, 'END_OF_DATA': 20}",1000000
180,5482252.770826397,548.2252770826398,0.7555555555555555,111.03177469412176,16.888554930654703,383.31087531192617,6482252.770826398,129.77777777777777,"{'DROPOUT': 160, 'END_OF_DATA': 20}",1000000
180,2501149.30487169,250.114930487169,0.8,67.75005410277069,19.04942515905867,151.72517159292968,3501149.30487169,129.77777777777777,"{'DROPOUT': 160, 'END_OF_DATA': 20}",1000000
180,2250662.7401066646,225.06627401066646,0.8,46.087660982892075,19.77785490128874,102.89982727074494,3250662.7401066665,129.77777777777777,"{'DROPOUT': 160, 'END_OF_DATA': 20}",1000000
180,3268400.3505192967,326.8400350519297,0.7833333333333333,67.86271917096353,17.089599489268394,270.68718149870335,4268400.350519297,129.77777777777777,"{'DROPOUT': 160, 'END_OF_DATA': 20}",1000000
180,5796138.675863609,579.6138675863608,0.8166666666666667,92.49988884173221,32.227122722727714,243.8107681860123,6796138.67586361,129.77777777777777,"{'DROPOUT': 160, 'END_OF_DATA': 20}",1000000
180,3308151.236649271,330.8151236649271,0.7944444444444444,101.33147173545143,17.011332167711696,381.2614131760905,4308151.236649271,129.77777777777777,"{'DROPOUT': 160, 'END_OF_DATA': 20}",1000000
180,4266414.187323458,426.64141873234576,0.7722222222222223,112.72773071019401,16.820826392733416,383.9802744032362,5266414.1873234585,129.77777777777777,"{'DROPOUT': 160, 'END_OF_DATA': 20}",1000000
180,2638738.635525419,263.8738635525419,0.7833333333333333,68.49497553409216,17.106286634549235,275.82807658166587,3638738.63552542,129.77777777777777,"{'DROPOUT': 160, 'END_OF_DATA': 20}",1000000
180,3543105.3693152512,354.3105369315251,0.7666666666666667,108.36434490568944,16.697298359917916,373.95315529134075,4543105.369315249,129.77777777777777,"{'DROPOUT': 160, 'END_OF_DATA': 20}",1000000
180,2706757.8679807372,270.6757867980737,0.7777777777777778,74.70702618525443,20.150101589417886,228.5397731282315,3706757.867980737,129.77777777777777,"{'DROPOUT': 160, 'END_OF_DATA': 20}",1000000
180,3537270.5310925087,353.72705310925085,0.8055555555555556,97.0417734847615,19.830871707516366,278.582050472637,4537270.531092509,129.77777777777777,"{'DROPOUT': 160, 'END_OF_DATA': 20}",1000000
180,3633656.9119245852,363.36569119245854,0.8055555555555556,108.66196088894992,22.62733975809797,295.5389958022736,4633656.911924585,129.77777777777777,"{'DROPOUT': 160, 'END_OF_DATA': 20}",1000000
180,3257616.6270722393,325.76166270722393,0.8555555555555555,96.75701284947522,17.425685735427734,341.28046129770735,4257616.627072239,129.77777777777777,"{'DROPOUT': 160, 'END_OF_DATA': 20}",1000000
180,2529650.5189050715,252.96505189050714,0.7444444444444445,89.61400570706931,16.583496538002997,327.5371651599147,3529650.518905069,129.77777777777777,"{'DROPOUT': 160, 'END_OF_DATA': 20}",1000000
180,2909016.7801105045,290.9016780110504,0.7833333333333333,83.24500569973279,19.89111203266661,268.4036320722238,3909016.7801105045,129.77777777777777,"{'DROPOUT': 160, 'END_OF_DATA': 20}",1000000
180,2338156.819342025,233.8156819342025,0.7666666666666667,54.09602188362875,19.782610351877388,117.96815516375968,3338156.819342025,129.77777777777777,"{'DROPOUT': 160, 'END_OF_DATA': 20}",1000000
180,4389873.309826085,438.9873309826085,0.75,136.74024082199662,21.40658977550062,439.9949786221527,5389873.309826085,129.77777777777777,"{'DROPOUT': 160, 'END_OF_DATA': 20}",1000000
180,3889771.108734235,388.9771108734235,0.8,84.55344894038498,21.643380376900048,282.5078603759403,4889771.108734234,129.77777777777777,"{'DROPOUT': 160, 'END_OF_DATA': 20}",1000000
180,2244427.1088591656,224.44271088591657,0.7944444444444444,93.00601040677678,18.908100369816264,332.57099967910534,3244427.108859165,129.77777777777777,"{'DROPOUT': 160, 'END_OF_DATA': 20}",1000000
180,3808515.2144441027,380.85152144441025,0.7555555555555555,96.40550464126758,22.76100401898047,330.7984087932398,4808515.214444101,129.77777777777777,"{'DROPOUT': 160, 'END_OF_DATA': 20}",1000000
180,1950539.1892663431,195.0539189266343,0.7666666666666667,58.76252532059628,18.09126336781683,201.84875112619116,2950539.189266342,129.77777777777777,"{'DROPOUT': 160, 'END_OF_DATA': 20}",1000000
180,2867552.252958124,286.7552252958124,0.7888888888888889,70.74392930987626,20.044305088471443,223.4944836372447,3867552.252958124,129.77777777777777,"{'DROPOUT': 160, 'END_OF_DATA': 20}",1000000
180,22587805.909922913,225.87805909922912,0.7777777777777778,106.60178660760394,13.673436661509045,337.9838447362008,32587805.90992292,129.77777777777777,"{'DROPOUT': 160, 'END_OF_DATA': 20}",10000000
180,13793019.81365624,137.9301981365624,0.7666666666666667,82.48315850386024,15.003336633798845,289.08094187510596,23793019.813656244,129.77777777777777,"{'DROPOUT': 160, 'END_OF_DATA': 20}",10000000
180,14278935.198776998,142.78935198776998,0.7722222222222223,106.365426336055,19.082597523538055,345.36586563234806,24278935.198776998,129.77777777777777,"{'DROPOUT': 160, 'END_OF_DATA': 20}",10000000
180,15915305.344928373,159.15305344928373,0.8,88.88003980663117,17.15983557436975,297.6124854045171,25915305.34492837,129.77777777777777,"{'DROPOUT': 160, 'END_OF_DATA': 20}",10000000
180,30607295.987816643,306.07295987816644,0.7611111111111111,91.10139441878364,15.59466535583734,335.64340119361395,40607295.98781663,129.77777777777777,"{'DROPOUT': 160, 'END_OF_DATA': 20}",10000000
180,21438779.135511477,214.38779135511479,0.7944444444444444,95.29508567424774,17.156861124310943,300.6805654158463,31438779.135511473,129.77777777777777,"{'DROPOUT': 160, 'END_OF_DATA': 20}",10000000
180,17354948.2113493,173.549482113493,0.85,96.94547811404094,25.114679911771496,288.886939436504,27354948.21134931,129.77777777777777,"{'DROPOUT': 160, 'END_OF_DATA': 20}",10000000
180,17466421.245796368,174.66421245796369,0.8388888888888889,105.49439814180656,13.899079189137694,350.16386981810547,27466421.245796375,129.77777777777777,"{'DROPOUT': 160, 'END_OF_DATA': 20}",10000000
180,20712409.4484972,207.12409448497198,0.7888888888888889,89.37996868566906,18.51558898560099,304.7309338957311,30712409.448497202,129.77777777777777,"{'DROPOUT': 160, 'END_OF_DATA': 20}",10000000
180,42889209.39936192,428.8920939936192,0.8,78.39078554068465,19.128607777808487,280.57220169329247,52889209.399361946,129.77777777777777,"{'DROPOUT': 160, 'END_OF_DATA': 20}",10000000
180,36773913.20233764,367.7391320233764,0.8055555555555556,98.94788752168921,20.297087249171536,321.3820224500744,46773913.20233763,129.77777777777777,"{'DROPOUT': 160, 'END_OF_DATA': 20}",10000000
180,22525702.25971837,225.25702259718366,0.7444444444444445,68.25078698829614,18.506669222632837,196.89363254793304,32525702.25971837,129.77777777777777,"{'DROPOUT': 160, 'END_OF_DATA': 20}",10000000
180,11222848.415257476,112.22848415257477,0.7833333333333333,97.99084905441941,13.82946762133479,297.7115690933432,21222848.41525748,129.77777777777777,"{'DROPOUT': 160, 'END_OF_DATA': 20}",10000000
180,18779931.73363384,187.7993173363384,0.8166666666666667,102.14010124828067,19.986668904622398,368.044513483939,28779931.73363384,129.77777777777777,"{'DROPOUT': 160, 'END_OF_DATA': 20}",10000000
180,25149032.588533618,251.49032588533618,0.7666666666666667,101.53393934158244,19.32345470963901,339.3200669062679,35149032.58853362,129.77777777777777,"{'DROPOUT': 160, 'END_OF_DATA': 20}",10000000
180,26814130.383870997,268.14130383871,0.7722222222222223,55.90154876290633,18.504068293270578,137.23713626819344,36814130.38387102,129.77777777777777,"{'DROPOUT': 160, 'END_OF_DATA': 20}",10000000
180,20317186.176587194,203.17186176587194,0.8,92.72526928066031,21.01394393843794,267.24445215261784,30317186.17658719,129.77777777777777,"{'DROPOUT': 160, 'END_OF_DATA': 20}",10000000
180,15821400.048185507,158.21400048185507,0.8,58.83575644641042,19.37836145919072,203.45673877739992,25821400.048185516,129.77777777777777,"{'DROPOUT': 160, 'END_OF_DATA': 20}",10000000
180,18492337.06268558,184.92337062685579,0.7277777777777777,51.60062853703269,14.087299778156542,120.2738514495541,28492337.06268559,129.77777777777777,"{'DROPOUT': 160, 'END_OF_DATA': 20}",10000000
180,13916429.642499458,139.16429642499457,0.8055555555555556,105.24443350489783,24.151213540856954,301.89676045774786,23916429.642499443,129.77777777777777,"{'DROPOUT': 160, 'END_OF_DATA': 20}",10000000
180,28139713.260218505,281.397132602185,0.8111111111111111,93.96259005654309,22.790111635012305,309.3010020417513,38139713.260218516,129.77777777777777,"{'DROPOUT': 160, 'END_OF_DATA': 20}",10000000
180,13135485.28331781,131.3548528331781,0.7722222222222223,96.84255092074345,17.955707336065196,341.4318583974439,23135485.2833178,129.77777777777777,"{'DROPOUT': 160, 'END_OF_DATA': 20}",10000000
180,19242046.450636625,192.42046450636624,0.7555555555555555,60.22721904354637,14.880410650949532,210.55544056047512,29242046.45063661,129.77777777777777,"{'DROPOUT': 160, 'END_OF_DATA': 20}",10000000
180,25982067.04488845,259.8206704488845,0.7888888888888889,117.21430329415792,16.148812879329448,377.03850567829176,35982067.044888444,129.77777777777777,"{'DROPOUT': 160, 'END_OF_DATA': 20}",10000000
180,11582113.402514614,115.82113402514614,0.7833333333333333,66.70316696175861,14.613017897946982,176.92742187409348,21582113.402514618,129.77777777777777,"{'DROPOUT': 160, 'END_OF_DATA': 20}",10000000
180,25475124.795393478,254.7512479539348,0.8277777777777777,93.98242116443483,22.475130224452442,296.1195096883091,35475124.79539348,129.77777777777777,"{'DROPOUT': 160, 'END_OF_DATA': 20}",10000000
180,39990336.990842775,399.90336990842775,0.8166666666666667,132.103953827545,25.14533100997333,399.82013351060647,49990336.990842775,129.77777777777777,"{'DROPOUT': 160, 'END_OF_DATA': 20}",10000000
180,15744576.968438847,157.44576968438847,0.7888888888888889,74.30520529449629,18.907315819943534,214.91729720959665,25744576.968438838,129.77777777777777,"{'DROPOUT': 160, 'END_OF_DATA': 20}",10000000
180,28230018.14441365,282.3001814441365,0.7555555555555555,95.84226608972139,15.155695917102275,338.7947414743146,38230018.14441363,129.77777777777777,"{'DROPOUT': 160, 'END_OF_DATA': 20}",10000000
180,18422557.138698615,184.22557138698613,0.7111111111111111,88.88525966837416,16.381818743899828,330.5584590854439,28422557.138698615,129.77777777777777,"{'DROPOUT': 160, 'END_OF_DATA': 20}",10000000
180,17575939.42856378,175.7593942856378,0.7666666666666667,135.03942367984067,16.566433402495605,462.8954691982034,27575939.42856378,129.77777777777777,"{'DROPOUT': 160, 'END_OF_DATA': 20}",10000000
180,31359315.91136793,313.5931591136793,0.8055555555555556,100.99349596093552,28.336145319155534,309.7825051160054,41359315.911367945,129.77777777777777,"{'DROPOUT': 160, 'END_OF_DATA': 20}",10000000
180,26651510.25884999,266.5151025884999,0.8111111111111111,127.36502922628759,18.037499895836234,437.5316621114712,36651510.258849986,129.77777777777777,"{'DROPOUT': 160, 'END_OF_DATA': 20}",10000000
180,11408579.447994824,114.08579447994825,0.7777777777777778,101.73772597488416,21.012581591923905,327.47070311379724,21408579.44799482,129.77777777777777,"{'DROPOUT': 160, 'END_OF_DATA': 20}",10000000
180,19831634.322753035,198.31634322753035,0.7833333333333333,72.18783162395911,16.60533443753382,243.60107322236541,29831634.322753023,129.77777777777777,"{'DROPOUT': 160, 'END_OF_DATA': 20}",10000000
180,23149980.22967986,231.49980229679858,0.7666666666666667,84.76054069164311,15.915662506508102,316.9406710905455,33149980.229679868,129.77777777777777,"{'DROPOUT': 160, 'END_OF_DATA': 20}",10000000
180,17664617.61897104,176.6461761897104,0.7722222222222223,61.4456579755905,16.99622264554084,187.0926984247702,27664617.618971042,129.77777777777777,"{'DROPOUT': 160, 'END_OF_DATA': 20}",10000000
180,13051344.234205954,130.51344234205953,0.7388888888888889,42.29566880673424,15.696950461512703,98.85545424295258,23051344.234205958,129.77777777777777,"{'DROPOUT': 160, 'END_OF_DATA': 20}",10000000
180,12775898.607897647,127.75898607897646,0.7444444444444445,81.67195600927273,17.156857811054486,290.9532558586311,22775898.607897658,129.77777777777777,"{'DROPOUT': 160, 'END_OF_DATA': 20}",10000000
180,14674179.473995835,146.74179473995835,0.8166666666666667,70.51470918075991,15.79389923127794,170.06264430765094,24674179.47399583,129.77777777777777,"{'DROPOUT': 160, 'END_OF_DATA': 20}",10000000
180,10079484.930301733,100.79484930301734,0.8222222222222222,88.80084350756506,16.09179976068894,323.3053596414261,20079484.93030174,129.77777777777777,"{'DROPOUT': 160, 'END_OF_DATA': 20}",10000000
180,14318260.755820513,143.18260755820512,0.8222222222222222,110.76981876121084,19.496039610294254,370.9591714026755,24318260.755820513,129.77777777777777,"{'DROPOUT': 160, 'END_OF_DATA': 20}",10000000
180,20960776.611743882,209.60776611743884,0.8444444444444444,80.73545084567864,23.124040682188532,230.4192934101311,30960776.61174389,129.77777777777777,"{'DROPOUT': 160, 'END_OF_DATA': 20}",10000000
180,32669440.065478347,326.69440065478346,0.8055555555555556,134.84329027140146,20.097355561353503,456.97119805847956,42669440.06547833,129.77777777777777,"{'DROPOUT': 160, 'END_OF_DATA': 20}",10000000
180,27405033.102101073,274.0503310210107,0.7777777777777778,64.65397849438241,22.921982896284007,209.02588940086807,37405033.10210107,129.77777777777777,"{'DROPOUT': 160, 'END_OF_DATA': 20}",10000000
180,22976528.425121665,229.76528425121666,0.8055555555555556,79.55484363873562,15.81213200471748,278.5525868927397,32976528.425121658,129.77777777777777,"{'DROPOUT': 160, 'END_OF_DATA': 20}",10000000
180,14211536.753979433,142.11536753979433,0.8277777777777777,83.49951151042308,16.738708804926667,264.305161408405,24211536.75397942,129.77777777777777,"{'DROPOUT': 160, 'END_OF_DATA': 20}",10000000
180,14104023.419439219,141.0402341943922,0.7666666666666667,85.9079737279992,13.89560019831093,336.216161872618,24104023.419439223,129.77777777777777,"{'DROPOUT': 160, 'END_OF_DATA': 20}",10000000
180,20341869.09390334,203.4186909390334,0.8111111111111111,92.07323986773942,19.52993564701378,332.6022063432266,30341869.09390332,129.77777777777777,"{'DROPOUT': 160, 'END_OF_DATA': 20}",10000000
180,43445799.68817809,434.45799688178096,0.8055555555555556,116.51499374570793,24.512925180278067,380.51140676427667,53445799.6881781,129.77777777777777,"{'DROPOUT': 160, 'END_OF_DATA': 20}",10000000
180,23207591.029329203,232.07591029329203,0.7888888888888889,95.17200683535711,16.763083424779513,321.74742159163054,33207591.029329203,129.77777777777777,"{'DROPOUT': 160, 'END_OF_DATA': 20}",10000000
180,27057495.728454478,270.5749572845448,0.7722222222222223,114.32969738904194,14.974316936818653,351.38443359951464,37057495.72845447,129.77777777777777,"{'DROPOUT': 160, 'END_OF_DATA': 20}",10000000
180,23245351.94614236,232.45351946142358,0.7833333333333333,106.05205245877538,18.48146093412266,344.57508230325055,33245351.94614236,129.77777777777777,"{'DROPOUT': 160, 'END_OF_DATA': 20}",10000000
180,19551903.224954307,195.51903224954307,0.75,55.959148971788366,18.947411291834044,184.42294862433542,29551903.22495431,129.77777777777777,"{'DROPOUT': 160, 'END_OF_DATA': 20}",10000000
180,19697597.937034927,196.97597937034928,0.8,76.94305665377846,20.38864010887189,213.41425707650964,29697597.93703493,129.77777777777777,"{'DROPOUT': 160, 'END_OF_DATA': 20}",10000000
180,41005559.80545692,410.05559805456915,0.8055555555555556,109.52719761331868,23.18936210363197,307.8684950601873,51005559.805456944,129.77777777777777,"{'DROPOUT': 160, 'END_OF_DATA': 20}",10000000
180,13231629.228727862,132.3162922872786,0.6722222222222223,59.274775713913925,7.89744373686774,221.1523450595154,23231629.228727855,129.77777777777777,"{'DROPOUT': 160, 'END_OF_DATA': 20}",10000000
180,18550413.522801485,185.50413522801486,0.8277777777777777,88.45048764043005,24.561606503532467,237.83282725851313,28550413.522801474,129.77777777777777,"{'DROPOUT': 160, 'END_OF_DATA': 20}",10000000
180,32697876.00166007,326.9787600166007,0.7777777777777778,128.00769278022534,20.546875,392.82147369084964,42697876.001660064,129.77777777777777,"{'DROPOUT': 160, 'END_OF_DATA': 20}",10000000
180,24002714.181773122,240.02714181773123,0.8,58.07599018499196,16.210089257048523,166.22638508793023,34002714.181773126,129.77777777777777,"{'DROPOUT': 160, 'END_OF_DATA': 20}",10000000
180,11976932.68865706,119.76932688657061,0.7944444444444444,57.43974885559496,18.94049829515756,138.6035103830651,21976932.688657068,129.77777777777777,"{'DROPOUT': 160, 'END_OF_DATA': 20}",10000000
180,31875671.442539275,318.7567144253928,0.7944444444444444,103.19896299570506,17.194425653451933,375.8841911437481,41875671.44253927,129.77777777777777,"{'DROPOUT': 160, 'END_OF_DATA': 20}",10000000
180,23666666.79105303,236.6666679105303,0.8333333333333334,71.03016436905067,20.02180407165035,226.90579352922342,33666666.791053034,129.77777777777777,"{'DROPOUT': 160, 'END_OF_DATA': 20}",10000000
180,20091414.34532094,200.9141434532094,0.8111111111111111,73.78394695088659,22.964151337547317,210.80462073584346,30091414.34532092,129.77777777777777,"{'DROPOUT': 160, 'END_OF_DATA': 20}",10000000
180,17229173.899619788,172.29173899619786,0.8055555555555556,90.9490034751623,21.488588515647642,242.5065467681122,27229173.899619784,129.77777777777777,"{'DROPOUT': 160, 'END_OF_DATA': 20}",10000000
180,15899005.134334609,158.9900513433461,0.7888888888888889,90.48839450235708,22.021443212031787,270.09855213085063,25899005.13433462,129.77777777777777,"{'DROPOUT': 160, 'END_OF_DATA': 20}",10000000
180,39296734.733533844,392.96734733533845,0.8277777777777777,95.04303355524345,19.697901418519347,314.46352331301017,49296734.733533844,129.77777777777777,"{'DROPOUT': 160, 'END_OF_DATA': 20}",10000000
180,27779602.376228005,277.79602376228,0.7833333333333333,78.4711425546227,16.666666666666664,287.06589497526176,37779602.37622802,129.77777777777777,"{'DROPOUT': 160, 'END_OF_DATA': 20}",10000000
180,11486216.061997846,114.86216061997845,0.7444444444444445,68.57163465981716,19.99999552965177,223.52522342265317,21486216.061997846,129.77777777777777,"{'DROPOUT': 160, 'END_OF_DATA': 20}",10000000
180,25583782.975119803,255.83782975119803,0.7833333333333333,112.30641528926313,18.17595408186781,359.9378970968322,35583782.97511979,129.77777777777777,"{'DROPOUT': 160, 'END_OF_DATA': 20}",10000000
180,11424133.679383997,114.24133679383996,0.7777777777777778,35.69737444559819,20.44980237381707,58.677011050707335,21424133.679384004,129.77777777777777,"{'DROPOUT': 160, 'END_OF_DATA': 20}",10000000
180,18526925.633836064,185.26925633836063,0.8055555555555556,46.18095269419674,20.688297768293054,80.92642587147782,28526925.633836087,129.77777777777777,"{'DROPOUT': 160, 'END_OF_DATA': 20}",10000000
180,16780589.73009877,167.80589730098768,0.7833333333333333,60.950847106446076,17.569931213943676,146.92435585837248,26780589.730098765,129.77777777777777,"{'DROPOUT': 160, 'END_OF_DATA': 20}",10000000
180,26527102.663324952,265.2710266332495,0.7666666666666667,117.98541671064594,18.490725059434546,388.1390642241815,36527102.663324974,129.77777777777777,"{'DROPOUT': 160, 'END_OF_DATA': 20}",10000000
180,13895155.156183597,138.95155156183597,0.8,125.79186010712539,20.92081676801606,404.52862040692287,23895155.15618359,129.77777777777777,"{'DROPOUT': 160, 'END_OF_DATA': 20}",10000000
180,28238342.297264848,282.3834229726485,0.7277777777777777,94.45550743581632,17.208935539736217,340.46354747163906,38238342.29726485,129.77777777777777,"{'DROPOUT': 160, 'END_OF_DATA': 20}",10000000
180,22814528.50253497,228.14528502534972,0.7888888888888889,79.32893289389742,20.284473804855246,284.45064029343985,32814528.502534963,129.77777777777777,"{'DROPOUT': 160, 'END_OF_DATA': 20}",10000000
180,21044933.716611065,210.44933716611064,0.8111111111111111,91.50670352646846,24.771067295380764,245.95484870447805,31044933.716611065,129.77777777777777,"{'DROPOUT': 160, 'END_OF_DATA': 20}",10000000
180,46297708.27916602,462.97708279166017,0.7666666666666667,113.03293431793794,24.952152054828435,343.0072723499268,56297708.279166035,129.77777777777777,"{'DROPOUT': 160, 'END_OF_DATA': 20}",10000000
180,18737878.80430616,187.3787880430616,0.7666666666666667,58.74762813958125,14.119597747249681,201.102199139964,28737878.804306153,129.77777777777777,"{'DROPOUT': 160, 'END_OF_DATA': 20}",10000000
180,22591021.190159075,225.91021190159074,0.7722222222222223,106.62873572883161,14.548692371144133,369.55043503308025,32591021.190159097,129.77777777777777,"{'DROPOUT': 160, 'END_OF_DATA': 20}",10000000
180,27786863.37040688,277.8686337040688,0.7722222222222223,69.33654713125141,25.54512328674061,204.5063551352125,37786863.370406896,129.77777777777777,"{'DROPOUT': 160, 'END_OF_DATA': 20}",10000000
180,36768699.615870126,367.6869961587013,0.7611111111111111,97.16368577186725,13.861199737127647,370.99122601422033,46768699.615870096,129.77777777777777,"{'DROPOUT': 160, 'END_OF_DATA': 20}",10000000
180,22320664.361625075,223.20664361625074,0.7055555555555556,67.86993416643202,13.072869335013145,230.25872778194034,32320664.36162508,129.77777777777777,"{'DROPOUT': 160, 'END_OF_DATA': 20}",10000000
180,12259669.186969269,122.59669186969269,0.8166666666666667,114.29376499632768,19.16236594518444,395.7091279640707,22259669.186969258,129.77777777777777,"{'DROPOUT': 160, 'END_OF_DATA': 20}",10000000
180,28882601.224208742,288.8260122420874,0.7277777777777777,73.63747863250191,11.071549196350881,287.96432178010775,38882601.224208735,129.77777777777777,"{'DROPOUT': 160, 'END_OF_DATA': 20}",10000000
180,18803238.588278852,188.03238588278853,0.75,74.98702603654478,17.966266345962026,276.57228991560453,28803238.588278852,129.77777777777777,"{'DROPOUT': 160, 'END_OF_DATA': 20}",10000000
180,27454549.269361064,274.54549269361064,0.7722222222222223,95.30614616844412,17.081895384937834,327.465078811834,37454549.269361064,129.77777777777777,"{'DROPOUT': 160, 'END_OF_DATA': 20}",10000000
180,22500039.363837123,225.00039363837124,0.8388888888888889,64.11502739096014,17.187520155342334,208.04124442126437,32500039.363837115,129.77777777777777,"{'DROPOUT': 160, 'END_OF_DATA': 20}",10000000
180,47378561.37182523,473.7856137182523,0.7833333333333333,91.88711205237657,17.42086794616295,315.054760158293,57378561.37182523,129.77777777777777,"{'DROPOUT': 160, 'END_OF_DATA': 20}",10000000
180,31797116.273729008,317.9711627372901,0.7555555555555555,122.56061273729023,23.428922456969588,355.20098447067136,41797116.27372901,129.77777777777777,"{'DROPOUT': 160, 'END_OF_DATA': 20}",10000000
180,34309062.591419086,343.09062591419087,0.8166666666666667,118.6287052482065,18.783597621547255,358.02526052961326,44309062.59141907,129.77777777777777,"{'DROPOUT': 160, 'END_OF_DATA': 20}",10000000
180,30466771.970836855,304.66771970836857,0.8277777777777777,108.14020200693398,13.649704394129595,354.0496132533147,40466771.97083686,129.77777777777777,"{'DROPOUT': 160, 'END_OF_DATA': 20}",10000000
180,15996194.850473972,159.96194850473972,0.7944444444444444,63.18411825217814,21.847350034512605,206.83105738850495,25996194.85047397,129.77777777777777,"{'DROPOUT': 160, 'END_OF_DATA': 20}",10000000
180,21380471.334766135,213.80471334766136,0.8,79.65997035130084,19.245080224679374,279.6485251064171,31380471.334766123,129.77777777777777,"{'DROPOUT': 160, 'END_OF_DATA': 20}",10000000
180,29946405.472184457,299.46405472184455,0.8222222222222222,105.29045145564122,25.899558537681006,312.5383709566047,39946405.472184464,129.77777777777777,"{'DROPOUT': 160, 'END_OF_DATA': 20}",10000000
180,21278681.90167184,212.7868190167184,0.7722222222222223,79.74238596440554,15.294126708212293,283.87805128251773,31278681.901671834,129.77777777777777,"{'DROPOUT': 160, 'END_OF_DATA': 20}",10000000
180,18696213.30098684,186.9621330098684,0.7166666666666667,68.44684580273982,15.62494067324375,180.88157893577315,28696213.300986845,129.77777777777777,"{'DROPOUT': 160, 'END_OF_DATA': 20}",10000000
180,38272649.87003093,382.7264987003093,0.7777777777777778,93.24671196543717,22.288900356851354,277.57442998601823,48272649.870030954,129.77777777777777,"{'DROPOUT': 160, 'END_OF_DATA': 20}",10000000
180,15856677.337443233,158.56677337443233,0.7777777777777778,88.92010850534027,21.8096934642058,258.88859093046864,25856677.337443233,129.77777777777777,"{'DROPOUT': 160, 'END_OF_DATA': 20}",10000000
180,15026215.792779144,150.26215792779143,0.7666666666666667,69.7881897962361,21.67464340021284,235.44832148989056,25026215.79277914,129.77777777777777,"{'DROPOUT': 160, 'END_OF_DATA': 20}",10000000
180,29277642.412575774,292.7764241257577,0.7888888888888889,112.14111867521446,19.722996308736437,365.8246118421156,39277642.41257577,129.77777777777777,"{'DROPOUT': 160, 'END_OF_DATA': 20}",10000000
180,14168910.712889493,141.68910712889493,0.7833333333333333,61.92573160823904,19.05848317620209,206.7522417697356,24168910.712889504,129.77777777777777,"{'DROPOUT': 160, 'END_OF_DATA': 20}",10000000
180,28392899.008584034,283.9289900858403,0.8111111111111111,73.6231693197976,24.83701098024045,235.5087100235833,38392899.00858405,129.77777777777777,"{'DROPOUT': 160, 'END_OF_DATA': 20}",10000000
180,28109050.56163355,281.09050561633546,0.7777777777777778,71.05171571789889,17.617953540675312,185.4652567233897,38109050.56163356,129.77777777777777,"{'DROPOUT': 160, 'END_OF_DATA': 20}",10000000
180,14306450.548317399,143.064505483174,0.7888888888888889,82.3429231869173,18.296900698810905,284.6537020238604,24306450.548317406,129.77777777777777,"{'DROPOUT': 160, 'END_OF_DATA': 20}",10000000
180,18436749.656267084,184.36749656267085,0.8055555555555556,53.08351780321118,18.980548347211215,128.91972020766553,28436749.65626708,129.77777777777777,"{'DROPOUT': 160, 'END_OF_DATA': 20}",10000000
180,21529034.907616302,215.290349076163,0.7611111111111111,90.80589201937256,18.92038378337125,306.34544478810943,31529034.907616295,129.77777777777777,"{'DROPOUT': 160, 'END_OF_DATA': 20}",10000000
180,27993545.747958355,279.93545747958353,0.8166666666666667,64.52537843025274,14.966935618310565,227.77799174021348,37993545.74795834,129.77777777777777,"{'DROPOUT': 160, 'END_OF_DATA': 20}",10000000
180,14075068.927035442,140.7506892703544,0.8055555555555556,51.78356438308294,17.751753924225678,101.96613534734712,24075068.92703545,129.77777777777777,"{'DROPOUT': 160, 'END_OF_DATA': 20}",10000000
180,28795160.063239437,287.9516006323944,0.8166666666666667,103.73026105110087,24.597521038208644,340.05546180239975,38795160.06323944,129.77777777777777,"{'DROPOUT': 160, 'END_OF_DATA': 20}",10000000
180,13681201.232738696,136.81201232738695,0.7166666666666667,62.310886001795005,13.07565225596884,164.45141675246748,23681201.232738696,129.77777777777777,"{'DROPOUT': 160, 'END_OF_DATA': 20}",10000000
180,26362382.607348453,263.6238260734845,0.7833333333333333,135.06827923445303,16.548733511884244,451.2990552011945,36362382.60734845,129.77777777777777,"{'DROPOUT': 160, 'END_OF_DATA': 20}",10000000
180,18052875.09025009,180.5287509025009,0.7388888888888889,112.58067219034072,15.970958994042316,349.59292326477225,28052875.090250093,129.77777777777777,"{'DROPOUT': 160, 'END_OF_DATA': 20}",10000000
180,32762050.57804669,327.6205057804669,0.8,111.36712633126044,21.928707508928703,352.5212365642748,42762050.57804668,129.77777777777777,"{'DROPOUT': 160, 'END_OF_DATA': 20}",10000000
180,16481478.972727992,164.81478972727993,0.8555555555555555,98.74148711756328,23.13245107950684,338.5775169025777,26481478.972728003,129.77777777777777,"{'DROPOUT': 160, 'END_OF_DATA': 20}",10000000
180,25899532.935701996,258.99532935701995,0.7222222222222222,93.80947712141811,14.761847548787113,332.6422826490361,35899532.93570201,129.77777777777777,"{'DROPOUT': 160, 'END_OF_DATA': 20}",10000000
180,17015873.003428474,170.15873003428476,0.7333333333333333,47.29608294786893,16.342292654902224,116.19308649683941,27015873.00342847,129.77777777777777,"{'DROPOUT': 160, 'END_OF_DATA': 20}",10000000
180,12288113.080477968,122.88113080477967,0.7666666666666667,83.7321808150282,15.706425595289595,293.7509083513016,22288113.080477964,129.77777777777777,"{'DROPOUT': 160, 'END_OF_DATA': 20}",10000000
180,33844223.52339655,338.4422352339655,0.7555555555555555,145.99837659843652,16.68328465600738,471.48354148104124,43844223.52339656,129.77777777777777,"{'DROPOUT': 160, 'END_OF_DATA': 20}",10000000
180,17154881.488253664,171.54881488253665,0.8,64.92143778858384,25.531603044702074,203.6421586166176,27154881.488253653,129.77777777777777,"{'DROPOUT': 160, 'END_OF_DATA': 20}",10000000
180,29384894.84127814,293.8489484127814,0.7722222222222223,94.72314716073153,14.918067423422258,337.9301218294316,39384894.84127813,129.77777777777777,"{'DROPOUT': 160, 'END_OF_DATA': 20}",10000000
180,8933203.101810038,89.33203101810038,0.8,74.86580291004334,11.020938891506393,303.7359350477933,18933203.101810038,129.77777777777777,"{'DROPOUT': 160, 'END_OF_DATA': 20}",10000000
180,33195220.746820483,331.95220746820485,0.7555555555555555,96.62267054989614,20.549820270792804,315.32890687506966,43195220.74682048,129.77777777777777,"{'DROPOUT': 160, 'END_OF_DATA': 20}",10000000
180,28941204.37329672,289.4120437329672,0.7666666666666667,68.10897602547708,19.56975855886698,246.6736386757946,38941204.3732967,129.77777777777777,"{'DROPOUT': 160, 'END_OF_DATA': 20}",10000000
180,60033837.372265846,600.3383737226584,0.7888888888888889,126.42441276727958,25.107481964955724,364.1238300023981,70033837.37226582,129.77777777777777,"{'DROPOUT': 160, 'END_OF_DATA': 20}",10000000
180,12820237.77262104,128.2023777262104,0.8444444444444444,94.17351307337756,17.65298091699245,345.93355825986526,22820237.772621036,129.77777777777777,"{'DROPOUT': 160, 'END_OF_DATA': 20}",10000000
180,23460001.093557425,234.60001093557423,0.7777777777777778,70.51812273908982,14.387177094565255,243.00669902725306,33460001.093557414,129.77777777777777,"{'DROPOUT': 160, 'END_OF_DATA': 20}",10000000
180,24747657.487479843,247.47657487479842,0.7944444444444444,74.73607436611577,19.44101114054105,266.3500590295373,34747657.48747984,129.77777777777777,"{'DROPOUT': 160, 'END_OF_DATA': 20}",10000000
180,30859619.124323532,308.59619124323535,0.7611111111111111,79.24099884854466,18.78648037803665,236.79201151910394,40859619.12432352,129.77777777777777,"{'DROPOUT': 160, 'END_OF_DATA': 20}",10000000
180,21311097.69591705,213.1109769591705,0.7166666666666667,90.28231041735202,12.752731389061235,324.69251043699427,31311097.69591705,129.77777777777777,"{'DROPOUT': 160, 'END_OF_DATA': 20}",10000000
180,29341277.133611746,293.4127713361175,0.7722222222222223,95.09948274488025,20.61455905267523,320.0556667811417,39341277.13361174,129.77777777777777,"{'DROPOUT': 160, 'END_OF_DATA': 20}",10000000
180,33994189.70542317,339.9418970542317,0.7944444444444444,95.03998860237832,17.70109774947391,321.3368597359848,43994189.70542317,129.77777777777777,"{'DROPOUT': 160, 'END_OF_DATA': 20}",10000000
180,29674535.951312695,296.74535951312697,0.8111111111111111,91.66209039893698,21.036967749274915,306.29832398088575,39674535.951312706,129.77777777777777,"{'DROPOUT': 160, 'END_OF_DATA': 20}",10000000
180,30840745.535569355,308.40745535569357,0.7944444444444444,80.44463393891411,18.413202220575684,292.7395422294888,40840745.535569355,129.77777777777777,"{'DROPOUT': 160, 'END_OF_DATA': 20}",10000000
180,17579124.03497117,175.7912403497117,0.7555555555555555,92.45578806375441,14.365082929400483,348.64496764150203,27579124.034971163,129.77777777777777,"{'DROPOUT': 160, 'END_OF_DATA': 20}",10000000
180,24129486.799828216,241.29486799828217,0.8,86.59559803654263,16.768067631896436,244.5704062874201,34129486.79982822,129.77777777777777,"{'DROPOUT': 160, 'END_OF_DATA': 20}",10000000
180,26549458.017063044,265.49458017063046,0.7888888888888889,72.80928833021767,19.37384599070007,250.33207320507313,36549458.017063014,129.77777777777777,"{'DROPOUT': 160, 'END_OF_DATA': 20}",10000000
180,48739329.08331001,487.3932908331001,0.7722222222222223,105.46438046170697,21.41807529303187,338.5696561878437,58739329.083310045,129.77777777777777,"{'DROPOUT': 160, 'END_OF_DATA': 20}",10000000
180,18616947.524253644,186.16947524253644,0.7444444444444445,63.46377688232917,11.616790157297924,247.67611668223273,28616947.52425365,129.77777777777777,"{'DROPOUT': 160, 'END_OF_DATA': 20}",10000000
180,34294778.42915813,342.9477842915813,0.7944444444444444,90.05270089245435,20.23287365748492,332.6128041264422,44294778.42915811,129.77777777777777,"{'DROPOUT': 160, 'END_OF_DATA': 20}",10000000
180,29822612.292964526,298.22612292964527,0.7722222222222223,86.03055121364532,19.477882448634738,291.74289442758453,39822612.29296453,129.77777777777777,"{'DROPOUT': 160, 'END_OF_DATA': 20}",10000000
180,29320593.132419154,293.2059313241915,0.7666666666666667,107.16783826330956,17.777897171845563,320.12796980327494,39320593.13241917,129.77777777777777,"{'DROPOUT': 160, 'END_OF_DATA': 20}",10000000
180,15882483.79842221,158.82483798422209,0.7555555555555555,62.603645140287306,16.252412859878,209.4454211363698,25882483.798422217,129.77777777777777,"{'DROPOUT': 160, 'END_OF_DATA': 20}",10000000
180,16463634.539256422,164.6363453925642,0.7666666666666667,69.30871429633109,17.155374234127372,230.7442875271522,26463634.53925641,129.77777777777777,"{'DROPOUT': 160, 'END_OF_DATA': 20}",10000000
180,34829420.70413763,348.29420704137635,0.7944444444444444,78.52401676000223,19.12764663823249,233.3577925611064,44829420.704137675,129.77777777777777,"{'DROPOUT': 160, 'END_OF_DATA': 20}",10000000
180,42927521.13462706,429.2752113462706,0.7777777777777778,82.1015068175716,13.413077801671804,326.7315807388423,52927521.13462703,129.77777777777777,"{'DROPOUT': 160, 'END_OF_DATA': 20}",10000000
180,33919988.042841464,339.19988042841464,0.8055555555555556,89.8618213819914,23.687525827677423,297.5903498282605,43919988.042841464,129.77777777777777,"{'DROPOUT': 160, 'END_OF_DATA': 20}",10000000
180,23570193.229199402,235.70193229199404,0.8277777777777777,73.22177751108264,17.724358275867026,184.95302398929837,33570193.229199395,129.77777777777777,"{'DROPOUT': 160, 'END_OF_DATA': 20}",10000000
180,43521206.99222131,435.2120699222131,0.7722222222222223,101.77020068449346,17.76689586261488,343.0278194759301,53521206.992221326,129.77777777777777,"{'DROPOUT': 160, 'END_OF_DATA': 20}",10000000
180,29295265.401676394,292.952654016764,0.7777777777777778,86.67923840053871,18.802555133286205,283.6154171778678,39295265.40167639,129.77777777777777,"{'DROPOUT': 160, 'END_OF_DATA': 20}",10000000
180,41509708.05755936,415.0970805755937,0.7611111111111111,88.89955785374993,20.924189399321662,340.04268062037033,51509708.057559386,129.77777777777777,"{'DROPOUT': 160, 'END_OF_DATA': 20}",10000000
180,14259195.167441048,142.59195167441047,0.7111111111111111,76.7121984294416,11.346115052609981,323.30151092058645,24259195.16744104,129.77777777777777,"{'DROPOUT': 160, 'END_OF_DATA': 20}",10000000
180,15538930.38406992,155.3893038406992,0.7333333333333333,89.68046073378608,16.174311896786097,307.64905982080046,25538930.384069905,129.77777777777777,"{'DROPOUT': 160, 'END_OF_DATA': 20}",10000000
180,31131587.518794432,311.3158751879443,0.8222222222222222,82.09974126854301,20.03571995150456,226.56440858129582,41131587.518794425,129.77777777777777,"{'DROPOUT': 160, 'END_OF_DATA': 20}",10000000
180,26157569.60210663,261.57569602106634,0.7777777777777778,86.54256460070975,18.51385622647102,253.33341324243162,36157569.60210665,129.77777777777777,"{'DROPOUT': 160, 'END_OF_DATA': 20}",10000000
180,43273730.94441413,432.7373094441414,0.8,120.28478312001123,17.244123616809333,420.3907884151786,53273730.944414124,129.77777777777777,"{'DROPOUT': 160, 'END_OF_DATA': 20}",10000000
180,16846373.65425602,168.46373654256018,0.7666666666666667,69.21891237138317,20.700602228000456,215.89500641566218,26846373.654256027,129.77777777777777,"{'DROPOUT': 160, 'END_OF_DATA': 20}",10000000
180,19965926.604023747,199.65926604023747,0.7944444444444444,76.98656454313253,16.758951503004432,250.9684074482717,29965926.60402374,129.77777777777777,"{'DROPOUT': 160, 'END_OF_DATA': 20}",10000000
180,13571564.875641663,135.7156487564166,0.7833333333333333,63.4736054019914,20.405309802135697,219.2259975904359,23571564.875641663,129.77777777777777,"{'DROPOUT': 160, 'END_OF_DATA': 20}",10000000
180,13324694.340313733,133.24694340313732,0.7444444444444445,43.5793958099689,17.02642757337094,87.36102088417374,23324694.340313733,129.77777777777777,"{'DROPOUT': 160, 'END_OF_DATA': 20}",10000000
180,21943805.234343838,219.43805234343836,0.7611111111111111,60.71361879535143,16.723179907305585,197.01635343742413,31943805.234343838,129.77777777777777,"{'DROPOUT': 160, 'END_OF_DATA': 20}",10000000
180,33715300.76192345,337.1530076192345,0.8055555555555556,62.58295990106739,19.980802888741707,191.68482954800496,43715300.761923455,129.77777777777777,"{'DROPOUT': 160, 'END_OF_DATA': 20}",10000000
180,22586656.6801877,225.86656680187698,0.7222222222222222,81.66955058169712,14.825353875667684,258.15412250486395,32586656.68018771,129.77777777777777,"{'DROPOUT': 160, 'END_OF_DATA': 20}",10000000
180,15579250.000245705,155.79250000245705,0.8166666666666667,60.5007363386788,19.476759839666464,203.72990699778427,25579250.000245698,129.77777777777777,"{'DROPOUT': 160, 'END_OF_DATA': 20}",10000000
180,11960049.721240884,119.60049721240884,0.7666666666666667,90.04388660047185,13.751379539286331,295.49335268071087,21960049.721240886,129.77777777777777,"{'DROPOUT': 160, 'END_OF_DATA': 20}",10000000
180,30806026.603467457,308.06026603467456,0.7944444444444444,76.36611819361354,17.411197358973823,236.0770389218685,40806026.60346744,129.77777777777777,"{'DROPOUT': 160, 'END_OF_DATA': 20}",10000000
180,13298798.638241619,132.98798638241618,0.8444444444444444,83.20811962164068,23.214168428500912,278.3537563591058,23298798.63824161,129.77777777777777,"{'DROPOUT': 160, 'END_OF_DATA': 20}",10000000
180,23760584.81866762,237.6058481866762,0.7277777777777777,73.07672061530539,14.898162728198859,276.21100680530395,33760584.81866762,129.77777777777777,"{'DROPOUT': 160, 'END_OF_DATA': 20}",10000000
180,14694623.423351761,146.9462342335176,0.7777777777777778,94.12857712050071,19.11764674730869,304.2263137385627,24694623.423351765,129.77777777777777,"{'DROPOUT': 160, 'END_OF_DATA': 20}",10000000
180,29473186.43975174,294.7318643975174,0.7777777777777778,107.00969569030312,22.09583152443431,358.7263588517766,39473186.439751744,129.77777777777777,"{'DROPOUT': 160, 'END_OF_DATA': 20}",10000000
180,9773142.626079652,97.73142626079652,0.75,69.68760150752185,14.384456802759063,274.9687448439668,19773142.626079652,129.77777777777777,"{'DROPOUT': 160, 'END_OF_DATA': 20}",10000000
180,15633928.347868595,156.33928347868596,0.7333333333333333,70.4038606957812,18.867440358169116,228.14150099816064,25633928.347868595,129.77777777777777,"{'DROPOUT': 160, 'END_OF_DATA': 20}",10000000
180,17511343.678370267,175.11343678370267,0.7833333333333333,53.89724592681779,21.147616630306054,106.20254627198652,27511343.678370263,129.77777777777777,"{'DROPOUT': 160, 'END_OF_DATA': 20}",10000000
180,32457295.364021894,324.57295364021894,0.7888888888888889,90.75291078280482,18.874534942996227,301.10631863629504,42457295.36402191,129.77777777777777,"{'DROPOUT': 160, 'END_OF_DATA': 20}",10000000
180,19474483.66593553,194.74483665935531,0.8,72.81925588095072,20.037464939572732,269.3779083933689,29474483.665935524,129.77777777777777,"{'DROPOUT': 160, 'END_OF_DATA': 20}",10000000
180,22905097.78840684,229.0509778840684,0.7611111111111111,123.12856712312131,17.429828257602964,394.22088333601477,32905097.78840683,129.77777777777777,"{'DROPOUT': 160, 'END_OF_DATA': 20}",10000000
180,43548313.1213766,435.48313121376594,0.7333333333333333,90.95320712418923,13.666157229029533,308.433707959888,53548313.12137661,129.77777777777777,"{'DROPOUT': 160, 'END_OF_DATA': 20}",10000000
180,14294005.88372122,142.94005883721218,0.7388888888888889,98.55440870522514,14.591717486156547,340.80038402381587,24294005.88372121,129.77777777777777,"{'DROPOUT': 160, 'END_OF_DATA': 20}",10000000
180,25131294.5719003,251.312945719003,0.7611111111111111,86.21568895854904,16.283294077526598,328.75128380316545,35131294.57190032,129.77777777777777,"{'DROPOUT': 160, 'END_OF_DATA': 20}",10000000
180,53508814.91848606,535.0881491848605,0.7611111111111111,120.33109618026504,18.44988161830718,410.81026580646255,63508814.91848606,129.77777777777777,"{'DROPOUT': 160, 'END_OF_DATA': 20}",10000000
180,11673511.270053945,116.73511270053945,0.7388888888888889,105.4994481356228,15.230171178862744,395.30504841130283,21673511.270053957,129.77777777777777,"{'DROPOUT': 160, 'END_OF_DATA': 20}",10000000
180,35860986.30380903,358.60986303809034,0.7611111111111111,95.04612912192592,15.387250988819716,355.79648297282756,45860986.30380904,129.77777777777777,"{'DROPOUT': 160, 'END_OF_DATA': 20}",10000000
180,11332348.978043597,113.32348978043598,0.7555555555555555,67.2858613081162,15.302142822637759,266.0070236944646,21332348.978043597,129.77777777777777,"{'DROPOUT': 160, 'END_OF_DATA': 20}",10000000
180,16417155.42402608,164.1715542402608,0.7444444444444445,48.56418023346623,12.732171727172622,118.70439869577639,26417155.424026065,129.77777777777777,"{'DROPOUT': 160, 'END_OF_DATA': 20}",10000000
180,33335331.10041747,333.3533110041747,0.8222222222222222,141.83724404191054,22.864465285742988,395.60433087102956,43335331.100417495,129.77777777777777,"{'DROPOUT': 160, 'END_OF_DATA': 20}",10000000
180,12084589.65601476,120.8458965601476,0.7166666666666667,53.80944991668404,14.591667378156064,143.23891139146448,22084589.65601476,129.77777777777777,"{'DROPOUT': 160, 'END_OF_DATA': 20}",10000000
180,29971448.175310865,299.71448175310866,0.8222222222222222,66.61306837595099,22.17931800128185,213.35430143764665,39971448.175310865,129.77777777777777,"{'DROPOUT': 160, 'END_OF_DATA': 20}",10000000
180,15567074.446351174,155.67074446351174,0.8055555555555556,106.6810945158609,21.171785641694704,348.450042652818,25567074.446351178,129.77777777777777,"{'DROPOUT': 160, 'END_OF_DATA': 20}",10000000
180,27858059.842156902,278.580598421569,0.75,118.95305411617338,18.222031602026725,364.7613136276368,37858059.84215691,129.77777777777777,"{'DROPOUT': 160, 'END_OF_DATA': 20}",10000000
180,14403313.393309612,144.0331339330961,0.7777777777777778,78.59064026069984,18.235757376140754,255.25539927538316,24403313.393309608,129.77777777777777,"{'DROPOUT': 160, 'END_OF_DATA': 20}",10000000
180,20257767.833791163,202.57767833791164,0.7944444444444444,70.55973512409174,22.591072726597773,213.02608713947475,30257767.83379116,129.77777777777777,"{'DROPOUT': 160, 'END_OF_DATA': 20}",10000000
180,24851589.979831964,248.51589979831962,0.8166666666666667,55.447131129864786,25.407801233163738,97.07149168976161,34851589.97983195,129.77777777777777,"{'DROPOUT': 160, 'END_OF_DATA': 20}",10000000
180,18765437.535828263,187.6543753582826,0.7833333333333333,69.63145956326116,16.442685579873356,245.653869997058,28765437.535828266,129.77777777777777,"{'DROPOUT': 160, 'END_OF_DATA': 20}",10000000
180,29679927.080805738,296.7992708080574,0.7666666666666667,106.66144702989837,19.865578520739685,339.6652722729969,39679927.08080575,129.77777777777777,"{'DROPOUT': 160, 'END_OF_DATA': 20}",10000000
180,18003843.04060761,180.0384304060761,0.7611111111111111,88.7649947609498,13.917378748520385,298.9216679185606,28003843.0406076,129.77777777777777,"{'DROPOUT': 160, 'END_OF_DATA': 20}",10000000
180,55357832.866379276,553.5783286637928,0.7666666666666667,121.01655196731775,17.198538869559233,387.82231709363884,65357832.86637929,129.77777777777777,"{'DROPOUT': 160, 'END_OF_DATA': 20}",10000000
180,27871234.31589633,278.7123431589633,0.7166666666666667,95.70128815226643,15.824540837423571,352.536830982413,37871234.31589633,129.77777777777777,"{'DROPOUT': 160, 'END_OF_DATA': 20}",10000000
180,14337153.420037793,143.37153420037794,0.7666666666666667,87.05234316459862,17.775586089837077,257.9047111053551,24337153.42003779,129.77777777777777,"{'DROPOUT': 160, 'END_OF_DATA': 20}",10000000
180,13961751.364972053,139.61751364972054,0.7777777777777778,79.43789703162203,21.6699707530059,299.16925010379606,23961751.36497205,129.77777777777777,"{'DROPOUT': 160, 'END_OF_DATA': 20}",10000000
180,12571957.104496345,125.71957104496346,0.7944444444444444,82.13181065544462,20.74836279881861,277.8217689432198,22571957.10449635,129.77777777777777,"{'DROPOUT': 160, 'END_OF_DATA': 20}",10000000
180,14994446.035497151,149.9444603549715,0.8166666666666667,115.00089527139612,22.58652269919439,362.74255851892514,24994446.035497155,129.77777777777777,"{'DROPOUT': 160, 'END_OF_DATA': 20}",10000000
180,25869648.54505841,258.69648545058413,0.7611111111111111,78.2937777218389,19.465935004851573,226.17803192384844,35869648.545058414,129.77777777777777,"{'DROPOUT': 160, 'END_OF_DATA': 20}",10000000
180,17673995.626579534,176.73995626579534,0.7444444444444445,100.3043521576747,19.580696901693756,306.01815654250777,27673995.626579538,129.77777777777777,"{'DROPOUT': 160, 'END_OF_DATA': 20}",10000000
180,20692593.71861928,206.9259371861928,0.7555555555555555,71.09193950307169,15.771248519014861,170.3849386024077,30692593.718619272,129.77777777777777,"{'DROPOUT': 160, 'END_OF_DATA': 20}",10000000
180,26394770.003877897,263.947700038779,0.7888888888888889,89.18509977546583,20.00000103660254,329.39602151659756,36394770.003877915,129.77777777777777,"{'DROPOUT': 160, 'END_OF_DATA': 20}",10000000
180,18885930.33571907,188.85930335719073,0.7944444444444444,105.97118323434462,25.335429370322956,356.52443148074576,28885930.33571907,129.77777777777777,"{'DROPOUT': 160, 'END_OF_DATA': 20}",10000000
180,17051156.962345246,170.51156962345246,0.7555555555555555,64.11731412479851,19.153441481680396,190.15505511341843,27051156.96234524,129.77777777777777,"{'DROPOUT': 160, 'END_OF_DATA': 20}",10000000
180,37864040.58896729,378.64040588967293,0.7666666666666667,96.60063774790635,19.07636090558355,289.30974858545454,47864040.58896728,129.77777777777777,"{'DROPOUT': 160, 'END_OF_DATA': 20}",10000000
180,26004242.088729933,260.04242088729933,0.7666666666666667,113.55655486346903,19.003439256117012,388.3354999396913,36004242.088729925,129.77777777777777,"{'DROPOUT': 160, 'END_OF_DATA': 20}",10000000
180,17417848.908721313,174.17848908721314,0.8277777777777777,63.50831727136435,25.51453928479205,201.14319358463965,27417848.908721313,129.77777777777777,"{'DROPOUT': 160, 'END_OF_DATA': 20}",10000000
180,15225204.851022111,152.25204851022113,0.7722222222222223,71.37578532832684,14.678750487041178,253.46327755524607,25225204.851022102,129.77777777777777,"{'DROPOUT': 160, 'END_OF_DATA': 20}",10000000
180,25639113.188454166,256.39113188454166,0.8055555555555556,104.78844579571341,19.78260890691628,314.9821198129758,35639113.18845417,129.77777777777777,"{'DROPOUT': 160, 'END_OF_DATA': 20}",10000000
180,13409668.360045355,134.09668360045356,0.8055555555555556,81.67211550839401,19.511164580774683,224.65573397195206,23409668.360045355,129.77777777777777,"{'DROPOUT': 160, 'END_OF_DATA': 20}",10000000
180,20340841.486455344,203.40841486455346,0.8,88.62304896211559,20.31249968880865,267.81002734737535,30340841.48645535,129.77777777777777,"{'DROPOUT': 160, 'END_OF_DATA': 20}",10000000
180,23985765.95147559,239.8576595147559,0.7944444444444444,73.97496420248692,20.419581281631054,269.37203501187656,33985765.95147558,129.77777777777777,"{'DROPOUT': 160, 'END_OF_DATA': 20}",10000000
180,18221118.55890881,182.21118558908807,0.7888888888888889,72.51403892950896,18.81243123256312,217.8535367744186,28221118.5589088,129.77777777777777,"{'DROPOUT': 160, 'END_OF_DATA': 20}",10000000
180,44568890.686702445,445.6889068670245,0.7666666666666667,100.02314264479173,23.148694910380073,328.5104675878357,54568890.68670245,129.77777777777777,"{'DROPOUT': 160, 'END_OF_DATA': 20}",10000000
180,29085899.332197223,290.85899332197226,0.7666666666666667,90.03493642347475,17.69087921869554,286.9355718057886,39085899.33219723,129.77777777777777,"{'DROPOUT': 160, 'END_OF_DATA': 20}",10000000
180,17861034.72991125,178.6103472991125,0.7777777777777778,128.43495025758543,24.334000076038457,398.7512553578375,27861034.729911253,129.77777777777777,"{'DROPOUT': 160, 'END_OF_DATA': 20}",10000000
180,31093785.68529611,310.9378568529611,0.7666666666666667,88.50175296327592,15.767468055759798,340.5652692473817,41093785.6852961,129.77777777777777,"{'DROPOUT': 160, 'END_OF_DATA': 20}",10000000
180,16826621.83486747,168.2662183486747,0.7555555555555555,98.82075940896485,17.65595389020176,303.224117237292,26826621.834867466,129.77777777777777,"{'DROPOUT': 160, 'END_OF_DATA': 20}",10000000
180,41744395.318001136,417.44395318001136,0.7944444444444444,146.75333565243997,25.171878354753122,448.79456114970566,51744395.318001136,129.77777777777777,"{'DROPOUT': 160, 'END_OF_DATA': 20}",10000000
180,19779992.185882233,197.79992185882233,0.8,92.62827894862139,15.987311779225088,311.63948746402184,29779992.185882233,129.77777777777777,"{'DROPOUT': 160, 'END_OF_DATA': 20}",10000000
180,37987743.43717773,379.8774343717773,0.7888888888888889,120.51822415921212,15.897245062286165,371.84759844864095,47987743.43717773,129.77777777777777,"{'DROPOUT': 160, 'END_OF_DATA': 20}",10000000
180,24357480.67229242,243.5748067229242,0.7555555555555555,87.86165303626215,16.2938419188404,286.2974175377771,34357480.67229242,129.77777777777777,"{'DROPOUT': 160, 'END_OF_DATA': 20}",10000000
180,15296642.789376328,152.96642789376327,0.7444444444444445,75.61049154226536,17.497645173151547,241.41792853307592,25296642.789376322,129.77777777777777,"{'DROPOUT': 160, 'END_OF_DATA': 20}",10000000
180,26782346.82427057,267.8234682427057,0.7555555555555555,115.88089352835391,18.361720649463386,368.40316753070493,36782346.82427056,129.77777777777777,"{'DROPOUT': 160, 'END_OF_DATA': 20}",10000000
180,17573834.041582394,175.73834041582396,0.7722222222222223,59.38799045198814,20.29749710287809,122.90162547134612,27573834.041582394,129.77777777777777,"{'DROPOUT': 160, 'END_OF_DATA': 20}",10000000
180,17912796.015167356,179.12796015167356,0.7611111111111111,93.41583763854817,22.445690801529615,313.21907625747144,27912796.01516735,129.77777777777777,"{'DROPOUT': 160, 'END_OF_DATA': 20}",10000000
180,21794182.40271452,217.9418240271452,0.7444444444444445,70.4632672744733,16.378025695840805,235.52793307836924,31794182.402714532,129.77777777777777,"{'DROPOUT': 160, 'END_OF_DATA': 20}",10000000
180,27886931.837529935,278.8693183752994,0.7722222222222223,62.02985408056718,17.86042247640026,133.74235333091792,37886931.83752993,129.77777777777777,"{'DROPOUT': 160, 'END_OF_DATA': 20}",10000000
180,21510458.92528656,215.10458925286562,0.7333333333333333,73.68604612834072,16.991261687319714,224.0571871251535,31510458.925286558,129.77777777777777,"{'DROPOUT': 160, 'END_OF_DATA': 20}",10000000
180,14196402.170083107,141.96402170083107,0.7722222222222223,103.07688442270037,20.000147521873053,344.7852406697396,24196402.170083106,129.77777777777777,"{'DROPOUT': 160, 'END_OF_DATA': 20}",10000000
180,30563537.599677976,305.63537599677977,0.8166666666666667,73.31382245250384,23.107982939920536,232.7044146047231,40563537.59967798,129.77777777777777,"{'DROPOUT': 160, 'END_OF_DATA': 20}",10000000
180,18996318.715168767,189.96318715168766,0.8277777777777777,56.41006368961953,17.72352901562216,154.53002266634684,28996318.715168767,129.77777777777777,"{'DROPOUT': 160, 'END_OF_DATA': 20}",10000000
180,24726725.67056223,247.26725670562232,0.7888888888888889,99.73754990152818,19.816336117445548,289.5915457637813,34726725.67056224,129.77777777777777,"{'DROPOUT': 160, 'END_OF_DATA': 20}",10000000
180,24368666.68763405,243.68666687634052,0.7777777777777778,95.44458616925724,19.86238214154004,337.4771967962778,34368666.68763405,129.77777777777777,"{'DROPOUT': 160, 'END_OF_DATA': 20}",10000000
180,33565721.99173185,335.6572199173185,0.7722222222222223,97.57828245120291,17.893812644641404,347.07826175246646,43565721.99173186,129.77777777777777,"{'DROPOUT': 160, 'END_OF_DATA': 20}",10000000
180,22229447.628944475,222.29447628944476,0.7944444444444444,47.296496433856795,18.21923835650435,99.07165863195408,32229447.62894447,129.77777777777777,"{'DROPOUT': 160, 'END_OF_DATA': 20}",10000000
180,30557385.27835583,305.5738527835583,0.8111111111111111,89.09141934473618,17.916140187482654,272.2813810748576,40557385.278355844,129.77777777777777,"{'DROPOUT': 160, 'END_OF_DATA': 20}",10000000
180,11583245.616690516,115.83245616690516,0.7222222222222222,59.257917821508755,15.935567867960636,190.19232906974096,21583245.61669052,129.77777777777777,"{'DROPOUT': 160, 'END_OF_DATA': 20}",10000000
180,22351704.017413005,223.51704017413005,0.7944444444444444,141.56564692065098,15.786515828218196,410.3549334030666,32351704.01741301,129.77777777777777,"{'DROPOUT': 160, 'END_OF_DATA': 20}",10000000
180,53153994.78483231,531.5399478483231,0.75,134.91542931527135,17.289687733421985,438.7429109388797,63153994.784832306,129.77777777777777,"{'DROPOUT': 160, 'END_OF_DATA': 20}",10000000
180,39224167.943764985,392.24167943764985,0.8388888888888889,132.93795967068255,19.39829135431662,427.3271195759338,49224167.94376499,129.77777777777777,"{'DROPOUT': 160, 'END_OF_DATA': 20}",10000000
180,13348969.12134428,133.4896912134428,0.8111111111111111,79.34036048143173,19.880705224760845,276.6637086996545,23348969.121344283,129.77777777777777,"{'DROPOUT': 160, 'END_OF_DATA': 20}",10000000
180,20962701.124831013,209.6270112483101,0.7611111111111111,89.54048329370505,18.148270263800327,330.5829482022354,30962701.124831,129.77777777777777,"{'DROPOUT': 160, 'END_OF_DATA': 20}",10000000
180,37465516.13826862,374.6551613826862,0.7611111111111111,117.6348974296412,15.83449783181851,370.6735659495858,47465516.13826862,129.77777777777777,"{'DROPOUT': 160, 'END_OF_DATA': 20}",10000000
180,37476529.24331966,374.7652924331966,0.7777777777777778,95.07657414597611,18.276668199169322,316.84001737682775,47476529.24331967,129.77777777777777,"{'DROPOUT': 160, 'END_OF_DATA': 20}",10000000
180,30956441.023298405,309.5644102329841,0.7388888888888889,135.3329380597757,16.666669512374547,413.4641514897907,40956441.023298405,129.77777777777777,"{'DROPOUT': 160, 'END_OF_DATA': 20}",10000000
180,23926360.437668663,239.2636043766866,0.7777777777777778,116.1632520532126,14.168972872268984,382.20340526590627,33926360.43766865,129.77777777777777,"{'DROPOUT': 160, 'END_OF_DATA': 20}",10000000
180,14907567.667166455,149.07567667166455,0.75,61.98927848229459,15.915213037780198,249.921822940608,24907567.66716646,129.77777777777777,"{'DROPOUT': 160, 'END_OF_DATA': 20}",10000000
180,12447412.598861959,124.47412598861958,0.7722222222222223,110.86620116353653,22.090006097917335,372.6661013386085,22447412.598861966,129.77777777777777,"{'DROPOUT': 160, 'END_OF_DATA': 20}",10000000
180,19997512.398724746,199.97512398724746,0.8388888888888889,78.07911917407066,21.599471987324392,243.92997532594714,29997512.39872475,129.77777777777777,"{'DROPOUT': 160, 'END_OF_DATA': 20}",10000000
180,30605301.988571286,306.05301988571284,0.7444444444444445,91.64016099591993,16.108798044348557,298.500891696885,40605301.98857129,129.77777777777777,"{'DROPOUT': 160, 'END_OF_DATA': 20}",10000000
180,20935494.1670565,209.35494167056504,0.7833333333333333,119.07114691157116,17.697058835668873,366.6399182823071,30935494.167056493,129.77777777777777,"{'DROPOUT': 160, 'END_OF_DATA': 20}",10000000
180,14911812.287107987,149.1181228710799,0.7611111111111111,82.38773394088881,14.072184997227815,295.65485627215514,24911812.28710799,129.77777777777777,"{'DROPOUT': 160, 'END_OF_DATA': 20}",10000000
180,18065009.43147348,180.6500943147348,0.7611111111111111,63.786327098695196,18.260623399617067,234.20564845473922,28065009.431473482,129.77777777777777,"{'DROPOUT': 160, 'END_OF_DATA': 20}",10000000
180,10621018.698169772,106.2101869816977,0.7722222222222223,67.82226446928274,14.359111637509528,262.26176072396646,20621018.69816977,129.77777777777777,"{'DROPOUT': 160, 'END_OF_DATA': 20}",10000000
180,40857801.83146462,408.5780183146462,0.8388888888888889,121.78709176909047,26.388537385397616,352.2843247220069,50857801.83146462,129.77777777777777,"{'DROPOUT': 160, 'END_OF_DATA': 20}",10000000
180,48174550.260211416,481.74550260211413,0.7833333333333333,136.21276427797915,20.57375054968442,448.12942408047815,58174550.2602114,129.77777777777777,"{'DROPOUT': 160, 'END_OF_DATA': 20}",10000000
180,18474197.008114774,184.74197008114774,0.7944444444444444,69.8592378515913,21.038618429242998,215.11541697520877,28474197.00811477,129.77777777777777,"{'DROPOUT': 160, 'END_OF_DATA': 20}",10000000
180,28291468.89545374,282.9146889545374,0.7722222222222223,96.51980884820152,19.3653293973882,332.18286316063705,38291468.89545375,129.77777777777777,"{'DROPOUT': 160, 'END_OF_DATA': 20}",10000000
180,15461883.879167363,154.61883879167365,0.8111111111111111,101.32523448020564,17.854840800119653,370.24250021006594,25461883.879167367,129.77777777777777,"{'DROPOUT': 160, 'END_OF_DATA': 20}",10000000
180,32921591.676838573,329.21591676838574,0.8055555555555556,85.03347545099385,15.357554561454323,310.2776056369229,42921591.67683857,129.77777777777777,"{'DROPOUT': 160, 'END_OF_DATA': 20}",10000000
180,37102892.76488333,371.0289276488333,0.7444444444444445,87.49094934658747,14.000418561425061,278.6249117077528,47102892.76488333,129.77777777777777,"{'DROPOUT': 160, 'END_OF_DATA': 20}",10000000
180,33499821.66859988,334.99821668599884,0.7333333333333333,103.21656996920463,17.525533286309482,317.6369781824243,43499821.668599896,129.77777777777777,"{'DROPOUT': 160, 'END_OF_DATA': 20}",10000000
180,25468942.008944817,254.68942008944816,0.7388888888888889,58.9754042876863,17.028212709325807,154.0412148255958,35468942.008944824,129.77777777777777,"{'DROPOUT': 160, 'END_OF_DATA': 20}",10000000
180,19523315.876444347,195.23315876444346,0.8055555555555556,92.99812793274243,20.7739573948527,283.6723781684296,29523315.87644436,129.77777777777777,"{'DROPOUT': 160, 'END_OF_DATA': 20}",10000000
180,29350796.50852157,293.5079650852157,0.8,49.94490085327506,15.899983013947388,154.60089856290813,39350796.50852156,129.77777777777777,"{'DROPOUT': 160, 'END_OF_DATA': 20}",10000000
180,27383472.071486413,273.83472071486415,0.7888888888888889,63.221362324865304,20.320238584051324,146.23715277986963,37383472.07148639,129.77777777777777,"{'DROPOUT': 160, 'END_OF_DATA': 20}",10000000
180,28322121.955647606,283.22121955647606,0.8,81.89695078819315,21.053045565428448,213.66310668672085,38322121.9556476,129.77777777777777,"{'DROPOUT': 160, 'END_OF_DATA': 20}",10000000
180,35203794.63372793,352.0379463372793,0.7888888888888889,104.56134575115918,13.100689718497364,378.0732196767674,45203794.63372793,129.77777777777777,"{'DROPOUT': 160, 'END_OF_DATA': 20}",10000000
180,38207007.017623976,382.07007017623977,0.8277777777777777,107.68776470275837,21.27896693380257,329.19202491661883,48207007.01762398,129.77777777777777,"{'DROPOUT': 160, 'END_OF_DATA': 20}",10000000
180,10963442.560458275,109.63442560458274,0.7888888888888889,69.61902485031365,20.241995273850044,222.36554997471043,20963442.560458276,129.77777777777777,"{'DROPOUT': 160, 'END_OF_DATA': 20}",10000000
180,16058419.958131626,160.58419958131626,0.7666666666666667,73.54720302483247,17.047229725814557,264.7833703595277,26058419.95813162,129.77777777777777,"{'DROPOUT': 160, 'END_OF_DATA': 20}",10000000
180,15467955.903213475,154.67955903213476,0.7666666666666667,64.23393485757697,18.159087261385217,229.81311325749985,25467955.90321348,129.77777777777777,"{'DROPOUT': 160, 'END_OF_DATA': 20}",10000000
180,19978689.61123149,199.7868961123149,0.8055555555555556,83.03150506784472,16.666663355297654,300.0793227607572,29978689.611231487,129.77777777777777,"{'DROPOUT': 160, 'END_OF_DATA': 20}",10000000
180,27498588.99669959,274.9858899669959,0.7722222222222223,100.2816423407891,18.15791765476888,378.9834368583158,37498588.99669958,129.77777777777777,"{'DROPOUT': 160, 'END_OF_DATA': 20}",10000000
180,17249299.262806535,172.49299262806534,0.7277777777777777,77.66886268290985,19.909977483773865,272.84281738757886,27249299.262806524,129.77777777777777,"{'DROPOUT': 160, 'END_OF_DATA': 20}",10000000
180,21866319.64731299,218.66319647312991,0.85,104.59659631376957,18.231804542290057,342.470290434026,31866319.647312984,129.77777777777777,"{'DROPOUT': 160, 'END_OF_DATA': 20}",10000000
180,36862777.07069126,368.6277707069126,0.7944444444444444,70.47083495195962,24.94949540033577,207.35370632463773,46862777.07069125,129.77777777777777,"{'DROPOUT': 160, 'END_OF_DATA': 20}",10000000
180,43461826.61166956,434.6182661166956,0.7722222222222223,92.41601904767096,18.012856048006185,308.35984135555515,53461826.611669555,129.77777777777777,"{'DROPOUT': 160, 'END_OF_DATA': 20}",10000000
180,24842805.326003596,248.42805326003594,0.7722222222222223,66.89065164045404,18.46773661367962,253.24277011295246,34842805.326003596,129.77777777777777,"{'DROPOUT': 160, 'END_OF_DATA': 20}",10000000
180,22349888.748884734,223.49888748884732,0.8055555555555556,51.22702264263449,19.012395331865317,200.52817305166883,32349888.748884734,129.77777777777777,"{'DROPOUT': 160, 'END_OF_DATA': 20}",10000000
180,28233360.259950228,282.3336025995023,0.8,80.53258162513961,16.204172970393284,314.88641688366266,38233360.25995024,129.77777777777777,"{'DROPOUT': 160, 'END_OF_DATA': 20}",10000000
180,10757456.100550601,107.57456100550601,0.7277777777777777,58.2679018376477,15.175952702172909,157.189631035467,20757456.100550603,129.77777777777777,"{'DROPOUT': 160, 'END_OF_DATA': 20}",10000000
180,30726445.55310936,307.2644555310936,0.7833333333333333,119.19011663532527,19.281004886682332,401.32648488360786,40726445.55310936,129.77777777777777,"{'DROPOUT': 160, 'END_OF_DATA': 20}",10000000
180,15836824.770342968,158.3682477034297,0.7111111111111111,85.02989116513358,13.730456375057678,326.98367253993297,25836824.77034297,129.77777777777777,"{'DROPOUT': 160, 'END_OF_DATA': 20}",10000000
180,34895382.77373481,348.9538277373481,0.6777777777777778,78.97298873587935,12.066945632258083,306.53488289337355,44895382.77373479,129.77777777777777,"{'DROPOUT': 160, 'END_OF_DATA': 20}",10000000
180,27220033.273585323,272.20033273585324,0.8111111111111111,88.09813645911727,19.873162531796535,258.9550790947226,37220033.27358533,129.77777777777777,"{'DROPOUT': 160, 'END_OF_DATA': 20}",10000000
180,12162675.949763363,121.62675949763364,0.8555555555555555,74.12156961058457,19.600688529545415,246.10114622545805,22162675.949763354,129.77777777777777,"{'DROPOUT': 160, 'END_OF_DATA': 20}",10000000
180,34121157.227476776,341.2115722747678,0.7555555555555555,129.38515577538215,16.59071915495111,417.8506211386718,44121157.2274768,129.77777777777777,"{'DROPOUT': 160, 'END_OF_DATA': 20}",10000000
180,16244088.718374657,162.44088718374655,0.75,78.95571101505145,15.908181851433415,242.9749416707655,26244088.71837467,129.77777777777777,"{'DROPOUT': 160, 'END_OF_DATA': 20}",10000000
180,18234535.63118235,182.34535631182348,0.8111111111111111,129.9295271516732,23.9839506575122,413.3881534686232,28234535.63118234,129.77777777777777,"{'DROPOUT': 160, 'END_OF_DATA': 20}",10000000
180,17305131.606509782,173.05131606509784,0.8166666666666667,109.99297996764783,21.264104122433324,364.7419358718453,27305131.606509782,129.77777777777777,"{'DROPOUT': 160, 'END_OF_DATA': 20}",10000000
180,16498588.724312346,164.98588724312347,0.75,74.83913087691265,16.94338438600422,224.90907154591247,26498588.724312346,129.77777777777777,"{'DROPOUT': 160, 'END_OF_DATA': 20}",10000000
180,18435085.48066646,184.3508548066646,0.7833333333333333,64.43118899633932,23.27994767832474,205.82360728465721,28435085.480666447,129.77777777777777,"{'DROPOUT': 160, 'END_OF_DATA': 20}",10000000
180,32947804.149716124,329.47804149716126,0.7888888888888889,64.94780191530525,22.336160691917947,209.01584234991196,42947804.149716124,129.77777777777777,"{'DROPOUT': 160, 'END_OF_DATA': 20}",10000000
180,63627803.0374679,636.2780303746789,0.8277777777777777,150.9403566742947,21.094116380592897,462.023023275082,73627803.03746787,129.77777777777777,"{'DROPOUT': 160, 'END_OF_DATA': 20}",10000000
180,34745025.31006682,347.4502531006682,0.7777777777777778,81.71793231890958,18.931467940505463,247.93488913628767,44745025.31006681,129.77777777777777,"{'DROPOUT': 160, 'END_OF_DATA': 20}",10000000
180,16758675.259017184,167.58675259017184,0.8444444444444444,85.7773758470609,20.660943449418955,323.473318617954,26758675.25901718,129.77777777777777,"{'DROPOUT': 160, 'END_OF_DATA': 20}",10000000
180,26981966.101358254,269.8196610135825,0.8222222222222222,109.8158111592452,28.355657152063564,262.80072403148466,36981966.10135827,129.77777777777777,"{'DROPOUT': 160, 'END_OF_DATA': 20}",10000000
180,22745460.11577172,227.45460115771715,0.8,112.11267401531323,21.481967150568664,375.0593503348419,32745460.11577172,129.77777777777777,"{'DROPOUT': 160, 'END_OF_DATA': 20}",10000000
180,17314265.44361636,173.1426544361636,0.7611111111111111,76.47905108080387,20.243764748189655,231.2180522125063,27314265.44361636,129.77777777777777,"{'DROPOUT': 160, 'END_OF_DATA': 20}",10000000
180,48626493.967379466,486.2649396737947,0.7888888888888889,102.84164938187779,19.321382238686155,375.0175727082853,58626493.96737948,129.77777777777777,"{'DROPOUT': 160, 'END_OF_DATA': 20}",10000000
180,13588484.713997658,135.88484713997659,0.7722222222222223,90.40138681598904,16.93611739444183,350.79376209795225,23588484.713997666,129.77777777777777,"{'DROPOUT': 160, 'END_OF_DATA': 20}",10000000
180,40853090.20653901,408.53090206539014,0.7833333333333333,96.45052846373036,17.637912127367528,372.1956493739972,50853090.20653901,129.77777777777777,"{'DROPOUT': 160, 'END_OF_DATA': 20}",10000000
180,13657579.884513255,136.57579884513257,0.7722222222222223,69.88067739459247,21.548271464960823,215.02115653764153,23657579.88451326,129.77777777777777,"{'DROPOUT': 160, 'END_OF_DATA': 20}",10000000
180,14957619.395069638,149.5761939506964,0.8333333333333334,59.22323758402408,20.88097178704676,227.4387691194728,24957619.395069636,129.77777777777777,"{'DROPOUT': 160, 'END_OF_DATA': 20}",10000000
180,13313608.634440277,133.13608634440277,0.8,42.567024063987844,15.976835096201341,97.60790372617114,23313608.634440273,129.77777777777777,"{'DROPOUT': 160, 'END_OF_DATA': 20}",10000000
180,17372268.253696915,173.72268253696913,0.75,88.39174410386343,15.899003693993869,330.2237377236371,27372268.253696922,129.77777777777777,"{'DROPOUT': 160, 'END_OF_DATA': 20}",10000000
180,29353201.72110591,293.5320172110591,0.8166666666666667,104.45570646893134,17.361828591515852,349.22826566926835,39353201.72110591,129.77777777777777,"{'DROPOUT': 160, 'END_OF_DATA': 20}",10000000
180,17789105.044993427,177.89105044993428,0.8055555555555556,108.05944885561253,21.761697426715088,338.85062281229364,27789105.044993423,129.77777777777777,"{'DROPOUT': 160, 'END_OF_DATA': 20}",10000000
180,20251833.894585297,202.51833894585297,0.8,92.5346014314228,20.31855338884276,274.4694831749391,30251833.894585293,129.77777777777777,"{'DROPOUT': 160, 'END_OF_DATA': 20}",10000000
180,17663956.634477764,176.63956634477765,0.8,107.15672622516473,28.06074232374869,326.72112430180823,27663956.63447777,129.77777777777777,"{'DROPOUT': 160, 'END_OF_DATA': 20}",10000000
180,35159108.38536373,351.59108385363726,0.7722222222222223,108.47777542951816,24.304006444096874,375.8764540614811,45159108.38536372,129.77777777777777,"{'DROPOUT': 160, 'END_OF_DATA': 20}",10000000
180,18243020.69371273,182.4302069371273,0.7277777777777777,51.94834458291955,13.318590696238399,198.3420357209777,28243020.69371274,129.77777777777777,"{'DROPOUT': 160, 'END_OF_DATA': 20}",10000000
180,27441095.77463064,274.4109577463064,0.7555555555555555,98.4976512775226,17.670736286221352,348.03387349900396,37441095.774630636,129.77777777777777,"{'DROPOUT': 160, 'END_OF_DATA': 20}",10000000
180,25649413.662743144,256.49413662743143,0.8333333333333334,86.96020165861474,19.149177335775917,298.2327327051218,35649413.66274316,129.77777777777777,"{'DROPOUT': 160, 'END_OF_DATA': 20}",10000000
180,28995091.419650897,289.95091419650896,0.8111111111111111,84.20942623230596,19.9870279823841,323.28521264592143,38995091.419650905,129.77777777777777,"{'DROPOUT': 160, 'END_OF_DATA': 20}",10000000
180,25303311.18407125,253.03311184071248,0.75,60.43410134358429,14.165298761070726,163.65940404545597,35303311.18407124,129.77777777777777,"{'DROPOUT': 160, 'END_OF_DATA': 20}",10000000
180,36133722.29810305,361.3372229810305,0.8,87.87290012242329,15.55655254311392,358.17123607514685,46133722.29810304,129.77777777777777,"{'DROPOUT': 160, 'END_OF_DATA': 20}",10000000
180,21436708.097182624,214.36708097182623,0.7833333333333333,101.42556496378387,21.629793385218598,304.1051159528161,31436708.097182613,129.77777777777777,"{'DROPOUT': 160, 'END_OF_DATA': 20}",10000000
180,40553478.27591573,405.5347827591572,0.7888888888888889,89.27525631842953,19.574653044091278,286.86811794884346,50553478.27591571,129.77777777777777,"{'DROPOUT': 160, 'END_OF_DATA': 20}",10000000
180,15142714.328244649,151.42714328244648,0.7611111111111111,88.94092159026799,16.682456724881536,348.35120367631566,25142714.32824465,129.77777777777777,"{'DROPOUT': 160, 'END_OF_DATA': 20}",10000000
180,28815656.905542538,288.1565690554254,0.7944444444444444,107.22641172203078,24.15308128378893,378.7934758208676,38815656.90554253,129.77777777777777,"{'DROPOUT': 160, 'END_OF_DATA': 20}",10000000
180,25376721.904000405,253.76721904000402,0.7611111111111111,81.06032933914994,23.95805977234571,240.03939346275448,35376721.904000394,129.77777777777777,"{'DROPOUT': 160, 'END_OF_DATA': 20}",10000000
180,20556453.432153504,205.56453432153506,0.8,88.36700815070714,22.222219932880897,278.582093519301,30556453.4321535,129.77777777777777,"{'DROPOUT': 160, 'END_OF_DATA': 20}",10000000
180,17023636.643252626,170.23636643252627,0.7388888888888889,66.10842158873345,20.882915065134135,151.56895715948647,27023636.643252626,129.77777777777777,"{'DROPOUT': 160, 'END_OF_DATA': 20}",10000000
180,17806721.97029263,178.0672197029263,0.7833333333333333,73.81964433107083,17.68061952114288,230.33393892656755,27806721.970292628,129.77777777777777,"{'DROPOUT': 160, 'END_OF_DATA': 20}",10000000
180,31655997.75058505,316.5599775058505,0.7777777777777778,103.01448265750815,25.07175520209435,344.5876831752375,41655997.750585064,129.77777777777777,"{'DROPOUT': 160, 'END_OF_DATA': 20}",10000000
180,16684484.197631165,166.84484197631167,0.75,96.85703803097138,16.655657767340514,322.2606086052753,26684484.197631177,129.77777777777777,"{'DROPOUT': 160, 'END_OF_DATA': 20}",10000000
180,16982744.399907432,169.82744399907432,0.7833333333333333,54.26884284878181,16.60105408930795,137.05351379589462,26982744.399907432,129.77777777777777,"{'DROPOUT': 160, 'END_OF_DATA': 20}",10000000
180,39402466.78464794,394.0246678464794,0.7555555555555555,93.78697023401831,22.3240772587081,307.5102106231188,49402466.78464796,129.77777777777777,"{'DROPOUT': 160, 'END_OF_DATA': 20}",10000000
180,15469052.354684453,154.69052354684453,0.8555555555555555,117.52036761266368,22.593199353349323,356.1086394654015,25469052.354684453,129.77777777777777,"{'DROPOUT': 160, 'END_OF_DATA': 20}",10000000
180,15543203.170436896,155.43203170436897,0.7833333333333333,137.0654200231342,27.519965390137422,431.0986115935744,25543203.170436885,129.77777777777777,"{'DROPOUT': 160, 'END_OF_DATA': 20}",10000000
180,14959721.095484849,149.5972109548485,0.8055555555555556,77.4846065177002,15.742428614654187,272.47666355127535,24959721.095484845,129.77777777777777,"{'DROPOUT': 160, 'END_OF_DATA': 20}",10000000
180,14911206.623369947,149.1120662336995,0.6944444444444444,46.420368162468236,17.286940085204684,85.31292798217605,24911206.623369943,129.77777777777777,"{'DROPOUT': 160, 'END_OF_DATA': 20}",10000000
180,17711629.396196574,177.11629396196574,0.7222222222222222,72.26077716567087,14.974091001474465,240.8794989479618,27711629.396196578,129.77777777777777,"{'DROPOUT': 160, 'END_OF_DATA': 20}",10000000
180,13157761.128252558,131.5776112825256,0.7555555555555555,82.80500109825056,17.085164188519848,286.7131172925149,23157761.128252562,129.77777777777777,"{'DROPOUT': 160, 'END_OF_DATA': 20}",10000000
180,20859564.462110005,208.59564462110006,0.7833333333333333,139.12558805215886,26.045153231486697,424.0855364368412,30859564.46211001,129.77777777777777,"{'DROPOUT': 160, 'END_OF_DATA': 20}",10000000
180,38264532.89719077,382.6453289719077,0.8,111.13270384115539,18.888637138981647,379.4416222455611,48264532.897190765,129.77777777777777,"{'DROPOUT': 160, 'END_OF_DATA': 20}",10000000
180,22193211.252210785,221.93211252210781,0.7833333333333333,87.32548859585373,18.787724356942512,293.00118370363367,32193211.25221079,129.77777777777777,"{'DROPOUT': 160, 'END_OF_DATA': 20}",10000000
180,19968660.063357916,199.68660063357916,0.7777777777777778,65.68635765813261,19.46717077558817,231.47339498699577,29968660.063357916,129.77777777777777,"{'DROPOUT': 160, 'END_OF_DATA': 20}",10000000
180,34022804.76436918,340.2280476436918,0.75,90.0131591769237,17.092862777119322,293.79762481729705,44022804.7643692,129.77777777777777,"{'DROPOUT': 160, 'END_OF_DATA': 20}",10000000
180,16038368.789492862,160.38368789492864,0.8,66.56914970256669,17.022036617524563,263.6089069752575,26038368.789492857,129.77777777777777,"{'DROPOUT': 160, 'END_OF_DATA': 20}",10000000
180,28168985.12742416,281.68985127424156,0.8055555555555556,69.99467726978804,14.687054833271073,271.78676535100396,38168985.12742416,129.77777777777777,"{'DROPOUT': 160, 'END_OF_DATA': 20}",10000000
180,33790490.41265759,337.9049041265759,0.8111111111111111,108.16571067714726,18.955590380330946,332.473469187775,43790490.41265759,129.77777777777777,"{'DROPOUT': 160, 'END_OF_DATA': 20}",10000000
180,20425051.17024645,204.25051170246448,0.75,83.50752187591131,20.084778376277473,240.53258269995968,30425051.17024646,129.77777777777777,"{'DROPOUT': 160, 'END_OF_DATA': 20}",10000000
180,35525610.421209864,355.25610421209865,0.7944444444444444,83.20638280853493,23.13724420669562,271.0200647884732,45525610.421209864,129.77777777777777,"{'DROPOUT': 160, 'END_OF_DATA': 20}",10000000
180,29637360.93399922,296.37360933999224,0.7722222222222223,97.77117862021115,18.598282756622673,339.89901673976266,39637360.93399924,129.77777777777777,"{'DROPOUT': 160, 'END_OF_DATA': 20}",10000000
180,39658874.05941583,396.58874059415837,0.7666666666666667,113.633860782335,16.47537727885522,351.8968172167225,49658874.059415825,129.77777777777777,"{'DROPOUT': 160, 'END_OF_DATA': 20}",10000000
180,11080582.457111089,110.80582457111088,0.8055555555555556,78.61267120757854,20.942576454283092,230.1549632179916,21080582.457111083,129.77777777777777,"{'DROPOUT': 160, 'END_OF_DATA': 20}",10000000
180,48797733.98920819,487.97733989208194,0.7833333333333333,82.03040393367552,20.95111321678231,278.38745935269895,58797733.9892082,129.77777777777777,"{'DROPOUT': 160, 'END_OF_DATA': 20}",10000000
180,30778302.648284845,307.78302648284847,0.8,119.23056865392687,19.781585037628364,418.91433734085473,40778302.64828486,129.77777777777777,"{'DROPOUT': 160, 'END_OF_DATA': 20}",10000000
180,41038148.921187565,410.38148921187565,0.75,96.85056441360433,19.515309698031594,310.20503927848137,51038148.92118758,129.77777777777777,"{'DROPOUT': 160, 'END_OF_DATA': 20}",10000000
180,30528995.901519354,305.2899590151935,0.7611111111111111,105.93435029190039,21.54342623157141,287.17607981667567,40528995.901519336,129.77777777777777,"{'DROPOUT': 160, 'END_OF_DATA': 20}",10000000
180,38855744.461069,388.55744461069,0.8,80.2431779236553,17.732595185960076,227.75473487289466,48855744.46106899,129.77777777777777,"{'DROPOUT': 160, 'END_OF_DATA': 20}",10000000
180,13355033.241383553,133.55033241383552,0.7722222222222223,70.32910770401978,14.376423869307052,272.68081703132407,23355033.24138356,129.77777777777777,"{'DROPOUT': 160, 'END_OF_DATA': 20}",10000000
180,30490567.93115656,304.9056793115656,0.8222222222222222,103.70871580986811,15.679653585114075,385.767124482705,40490567.93115655,129.77777777777777,"{'DROPOUT': 160, 'END_OF_DATA': 20}",10000000
180,10531797.290867086,105.31797290867087,0.75,84.56968707648798,18.709086318702298,259.6045559137044,20531797.290867086,129.77777777777777,"{'DROPOUT': 160, 'END_OF_DATA': 20}",10000000
180,41636417.197696,416.36417197695994,0.7666666666666667,105.32904203007787,16.38353353879399,353.0689054302566,51636417.197696015,129.77777777777777,"{'DROPOUT': 160, 'END_OF_DATA': 20}",10000000
180,14291857.240771651,142.9185724077165,0.7722222222222223,58.281481571487156,17.79103249673586,135.23993737944176,24291857.24077165,129.77777777777777,"{'DROPOUT': 160, 'END_OF_DATA': 20}",10000000
180,22015000.199329145,220.15000199329145,0.7944444444444444,74.75438679639204,16.73040506905875,215.6037020669875,32015000.19932915,129.77777777777777,"{'DROPOUT': 160, 'END_OF_DATA': 20}",10000000
180,13722993.94889095,137.2299394889095,0.7833333333333333,93.16889197225727,18.071080417158093,328.9645610553673,23722993.948890947,129.77777777777777,"{'DROPOUT': 160, 'END_OF_DATA': 20}",10000000
180,20478358.92188357,204.78358921883566,0.7277777777777777,94.98336792401504,14.466352423133902,294.1495041964839,30478358.921883576,129.77777777777777,"{'DROPOUT': 160, 'END_OF_DATA': 20}",10000000
180,28430464.700000167,284.3046470000017,0.7944444444444444,116.55812353973258,20.419937305788494,378.49126322430857,38430464.700000174,129.77777777777777,"{'DROPOUT': 160, 'END_OF_DATA': 20}",10000000
180,36987008.65526726,369.8700865526726,0.8,90.44023537749771,16.21339130367541,324.3419899347347,46987008.65526725,129.77777777777777,"{'DROPOUT': 160, 'END_OF_DATA': 20}",10000000
180,27950915.253297605,279.50915253297603,0.8055555555555556,90.50818575129244,18.576182733960472,293.60260083718913,37950915.25329759,129.77777777777777,"{'DROPOUT': 160, 'END_OF_DATA': 20}",10000000
180,38012128.19926849,380.1212819926849,0.7722222222222223,105.55750797148347,21.413181024271616,349.587894468505,48012128.19926849,129.77777777777777,"{'DROPOUT': 160, 'END_OF_DATA': 20}",10000000
180,20168312.812440068,201.68312812440067,0.8111111111111111,103.72917881331776,20.453355492430134,344.15277808107845,30168312.812440056,129.77777777777777,"{'DROPOUT': 160, 'END_OF_DATA': 20}",10000000
180,16367511.651349427,163.67511651349426,0.7555555555555555,112.24965984796827,11.587741887568814,380.02175445536926,26367511.651349425,129.77777777777777,"{'DROPOUT': 160, 'END_OF_DATA': 20}",10000000
180,17671887.58784514,176.7188758784514,0.7777777777777778,83.3033937192503,14.305055005291795,236.94907447590393,27671887.587845147,129.77777777777777,"{'DROPOUT': 160, 'END_OF_DATA': 20}",10000000
180,21156417.83763782,211.5641783763782,0.8,66.64352278481002,20.883879009943417,159.33356510462704,31156417.837637816,129.77777777777777,"{'DROPOUT': 160, 'END_OF_DATA': 20}",10000000
180,12338748.198305573,123.38748198305574,0.7888888888888889,74.72785569445108,23.15505429648053,234.86952758362648,22338748.19830557,129.77777777777777,"{'DROPOUT': 160, 'END_OF_DATA': 20}",10000000
180,18982948.899537764,189.82948899537763,0.7833333333333333,80.16179200384188,19.755214432906747,223.85385422024376,28982948.899537753,129.77777777777777,"{'DROPOUT': 160, 'END_OF_DATA': 20}",10000000
180,31300842.880400993,313.00842880400995,0.7666666666666667,107.59118274222007,18.63530743153234,353.78679039981705,41300842.880400985,129.77777777777777,"{'DROPOUT': 160, 'END_OF_DATA': 20}",10000000
180,21596024.429266885,215.96024429266888,0.7944444444444444,101.33529323505417,15.946815942673837,337.17400037843385,31596024.42926689,129.77777777777777,"{'DROPOUT': 160, 'END_OF_DATA': 20}",10000000
180,36488157.029112324,364.88157029112324,0.7555555555555555,84.64371302598607,17.510886959823097,313.2835664760192,46488157.029112324,129.77777777777777,"{'DROPOUT': 160, 'END_OF_DATA': 20}",10000000
180,22923569.713269062,229.23569713269063,0.7555555555555555,59.754810805018245,19.452839490834204,149.74535848461625,32923569.713269074,129.77777777777777,"{'DROPOUT': 160, 'END_OF_DATA': 20}",10000000
180,28648672.1074014,286.48672107401404,0.7777777777777778,56.36879055650151,15.263663876238317,196.35852708835228,38648672.107401386,129.77777777777777,"{'DROPOUT': 160, 'END_OF_DATA': 20}",10000000
180,13247233.49768593,132.47233497685932,0.75,61.57848229920489,16.76583920010013,211.73772352020305,23247233.49768593,129.77777777777777,"{'DROPOUT': 160, 'END_OF_DATA': 20}",10000000
180,20276374.262253247,202.76374262253248,0.8666666666666667,86.48460053921356,21.53796349783004,272.1746170599119,30276374.262253247,129.77777777777777,"{'DROPOUT': 160, 'END_OF_DATA': 20}",10000000
180,17123203.933571942,171.23203933571943,0.7777777777777778,134.21870092462288,21.864819186743173,434.8639473623105,27123203.933571953,129.77777777777777,"{'DROPOUT': 160, 'END_OF_DATA': 20}",10000000
180,49448767.799826495,494.487677998265,0.7833333333333333,135.88466714476561,23.52421380426626,429.3731156557462,59448767.799826525,129.77777777777777,"{'DROPOUT': 160, 'END_OF_DATA': 20}",10000000
180,25763797.519476548,257.6379751947655,0.8,94.12871904358153,24.992727529229995,240.25822986036712,35763797.51947655,129.77777777777777,"{'DROPOUT': 160, 'END_OF_DATA': 20}",10000000
180,36078469.33558237,360.78469335582366,0.8055555555555556,115.94057064483015,19.294831312239772,379.42386147844013,46078469.33558232,129.77777777777777,"{'DROPOUT': 160, 'END_OF_DATA': 20}",10000000
180,28712335.466067925,287.12335466067924,0.7333333333333333,74.90901258330125,15.886158151885178,304.65055338140763,38712335.466067925,129.77777777777777,"{'DROPOUT': 160, 'END_OF_DATA': 20}",10000000
180,12389649.482514914,123.89649482514915,0.7555555555555555,63.45305508247892,17.977623727776354,158.00064931930746,22389649.48251491,129.77777777777777,"{'DROPOUT': 160, 'END_OF_DATA': 20}",10000000
180,12188154.1286165,121.881541286165,0.7833333333333333,53.30181987829027,18.699298156013597,108.72314776748753,22188154.128616497,129.77777777777777,"{'DROPOUT': 160, 'END_OF_DATA': 20}",10000000
180,30592414.056741275,305.92414056741273,0.8166666666666667,91.73869123902377,20.503827778672267,327.65421354446624,40592414.05674128,129.77777777777777,"{'DROPOUT': 160, 'END_OF_DATA': 20}",10000000
180,30243551.014400683,302.4355101440068,0.7722222222222223,108.1551925407592,27.081386905886106,313.4923178940467,40243551.014400676,129.77777777777777,"{'DROPOUT': 160, 'END_OF_DATA': 20}",10000000
180,35039193.068354994,350.39193068354996,0.8111111111111111,91.05975538229997,24.09515163881006,295.2484413284454,45039193.068355,129.77777777777777,"{'DROPOUT': 160, 'END_OF_DATA': 20}",10000000
180,28130035.203195058,281.3003520319506,0.8055555555555556,66.70191201765533,13.46107577437764,267.4713871817011,38130035.203195065,129.77777777777777,"{'DROPOUT': 160, 'END_OF_DATA': 20}",10000000
180,16891638.411328997,168.91638411328998,0.6888888888888889,72.7693964710081,14.233970487474298,279.4133515654022,26891638.411329,129.77777777777777,"{'DROPOUT': 160, 'END_OF_DATA': 20}",10000000
180,9871532.358889297,98.71532358889297,0.7611111111111111,88.4753867116782,20.605117623088617,258.5404084375087,19871532.3588893,129.77777777777777,"{'DROPOUT': 160, 'END_OF_DATA': 20}",10000000
180,15496751.89820685,154.9675189820685,0.7555555555555555,82.65367312911111,17.596452903911636,291.8928992227089,25496751.89820684,129.77777777777777,"{'DROPOUT': 160, 'END_OF_DATA': 20}",10000000
180,56721002.1174589,567.2100211745891,0.8,94.19350300812918,24.691142714308643,325.045814432935,66721002.117458925,129.77777777777777,"{'DROPOUT': 160, 'END_OF_DATA': 20}",10000000
180,15420782.141129646,154.20782141129646,0.75,96.74639014007884,13.122429823479482,348.75321758894466,25420782.141129643,129.77777777777777,"{'DROPOUT': 160, 'END_OF_DATA': 20}",10000000
180,47069085.95121013,470.6908595121012,0.7833333333333333,122.16953575344968,21.980676257049637,395.19672719641545,57069085.95121012,129.77777777777777,"{'DROPOUT': 160, 'END_OF_DATA': 20}",10000000
180,24832096.771205656,248.32096771205659,0.7611111111111111,76.5095358870762,16.18046870204934,251.36339517083795,34832096.77120566,129.77777777777777,"{'DROPOUT': 160, 'END_OF_DATA': 20}",10000000
180,11986901.417385153,119.86901417385154,0.8444444444444444,83.0956677289414,26.55581628046329,260.71203598596156,21986901.41738516,129.77777777777777,"{'DROPOUT': 160, 'END_OF_DATA': 20}",10000000
180,22624229.344804365,226.24229344804365,0.8111111111111111,95.00194067847468,18.346323101096388,341.1380273527338,32624229.34480437,129.77777777777777,"{'DROPOUT': 160, 'END_OF_DATA': 20}",10000000
180,35775071.091627784,357.75071091627785,0.7777777777777778,139.28214873668776,19.736839870089003,464.3243164002987,45775071.09162778,129.77777777777777,"{'DROPOUT': 160, 'END_OF_DATA': 20}",10000000
180,26823808.92562186,268.2380892562186,0.7666666666666667,112.29650694304149,15.270664633060857,366.7200281872685,36823808.92562187,129.77777777777777,"{'DROPOUT': 160, 'END_OF_DATA': 20}",10000000
180,12228153.909787532,122.28153909787531,0.8166666666666667,77.7101136992823,20.106007689269248,253.39820140287517,22228153.909787532,129.77777777777777,"{'DROPOUT': 160, 'END_OF_DATA': 20}",10000000
180,45606813.36606057,456.06813366060567,0.8388888888888889,109.99158318377975,26.067773374681195,339.40749090909395,55606813.36606055,129.77777777777777,"{'DROPOUT': 160, 'END_OF_DATA': 20}",10000000
180,20326033.899548046,203.26033899548048,0.8,87.18799896009857,20.305999301488768,194.00545208065245,30326033.89954805,129.77777777777777,"{'DROPOUT': 160, 'END_OF_DATA': 20}",10000000
180,27169810.190108646,271.69810190108643,0.7777777777777778,104.47966805703679,21.434080798044832,295.276847151331,37169810.19010866,129.77777777777777,"{'DROPOUT': 160, 'END_OF_DATA': 20}",10000000
180,26982491.099964004,269.82491099964005,0.7055555555555556,77.22898092643965,13.79347376511769,281.52122743349076,36982491.09996403,129.77777777777777,"{'DROPOUT': 160, 'END_OF_DATA': 20}",10000000
180,21442759.574010715,214.42759574010717,0.7777777777777778,82.90706283361538,20.934104905597817,250.90921906871395,31442759.574010715,129.77777777777777,"{'DROPOUT': 160, 'END_OF_DATA': 20}",10000000
180,51435734.67249929,514.3573467249929,0.8111111111111111,90.7468091106533,19.057521788386033,294.426224703365,61435734.672499314,129.77777777777777,"{'DROPOUT': 160, 'END_OF_DATA': 20}",10000000
180,19102626.596157663,191.02626596157663,0.7722222222222223,64.1730178123417,16.623925399102372,174.78012340553403,29102626.596157674,129.77777777777777,"{'DROPOUT': 160, 'END_OF_DATA': 20}",10000000
180,23266886.25264121,232.66886252641208,0.8166666666666667,104.05488609002762,24.137536504702844,340.6344484654902,33266886.25264121,129.77777777777777,"{'DROPOUT': 160, 'END_OF_DATA': 20}",10000000
180,33890744.98032312,338.9074498032312,0.8444444444444444,95.90004148049273,28.85106331433125,272.5595371827135,43890744.98032312,129.77777777777777,"{'DROPOUT': 160, 'END_OF_DATA': 20}",10000000
180,29697259.552450787,296.9725955245079,0.7611111111111111,79.20467257055574,18.408771246617725,244.0619356999098,39697259.55245078,129.77777777777777,"{'DROPOUT': 160, 'END_OF_DATA': 20}",10000000
180,30245846.89051214,302.4584689051214,0.7722222222222223,90.69879937029638,13.353820292350644,323.5987995578842,40245846.89051217,129.77777777777777,"{'DROPOUT': 160, 'END_OF_DATA': 20}",10000000
180,17724112.20251905,177.24112202519052,0.7333333333333333,106.78000222985442,13.740638218123372,358.5833952751177,27724112.202519048,129.77777777777777,"{'DROPOUT': 160, 'END_OF_DATA': 20}",10000000
180,28400825.447833624,284.0082544783362,0.7888888888888889,90.69521799226293,22.939215279010313,329.96319321639,38400825.44783363,129.77777777777777,"{'DROPOUT': 160, 'END_OF_DATA': 20}",10000000
180,12663058.48922528,126.63058489225278,0.7388888888888889,75.69616583054943,15.0542835237781,256.9051575504861,22663058.489225283,129.77777777777777,"{'DROPOUT': 160, 'END_OF_DATA': 20}",10000000
180,16468911.785915215,164.68911785915213,0.8,100.49059081466496,16.39676175642902,347.8104587250035,26468911.785915215,129.77777777777777,"{'DROPOUT': 160, 'END_OF_DATA': 20}",10000000
180,43381256.153272934,433.8125615327294,0.7888888888888889,146.12509134468564,22.98554937683427,361.5169402086839,53381256.15327291,129.77777777777777,"{'DROPOUT': 160, 'END_OF_DATA': 20}",10000000
180,42682579.345703736,426.8257934570373,0.75,134.89050165454086,20.127875909044004,389.92802401725686,52682579.34570372,129.77777777777777,"{'DROPOUT': 160, 'END_OF_DATA': 20}",10000000
180,31873048.49388443,318.73048493884426,0.7388888888888889,65.79318684973465,14.23400081612727,222.68772871961988,41873048.49388444,129.77777777777777,"{'DROPOUT': 160, 'END_OF_DATA': 20}",10000000
180,17339114.08233746,173.3911408233746,0.7944444444444444,112.59821448248367,16.568398760866657,360.3726524157153,27339114.08233747,129.77777777777777,"{'DROPOUT': 160, 'END_OF_DATA': 20}",10000000
180,38521203.092569344,385.21203092569345,0.7888888888888889,92.65573779112847,19.211308759270885,326.63265899954376,48521203.09256933,129.77777777777777,"{'DROPOUT': 160, 'END_OF_DATA': 20}",10000000
180,14738299.856505565,147.38299856505566,0.7833333333333333,65.014912834189,17.480869973817285,212.21298448858016,24738299.85650557,129.77777777777777,"{'DROPOUT': 160, 'END_OF_DATA': 20}",10000000
180,11393070.561519926,113.93070561519927,0.7833333333333333,50.41265676722576,16.730705934761055,194.01233006847556,21393070.561519917,129.77777777777777,"{'DROPOUT': 160, 'END_OF_DATA': 20}",10000000
180,28049907.254802983,280.4990725480298,0.8111111111111111,86.94356061634288,21.341655691434305,281.52782348418026,38049907.25480299,129.77777777777777,"{'DROPOUT': 160, 'END_OF_DATA': 20}",10000000
180,12097516.128920272,120.97516128920272,0.7555555555555555,86.30923536865687,18.058046085588963,297.78931074327807,22097516.12892028,129.77777777777777,"{'DROPOUT': 160, 'END_OF_DATA': 20}",10000000
180,18341102.764943853,183.41102764943852,0.8055555555555556,101.32453595086182,18.206054474999434,341.34427364869407,28341102.76494385,129.77777777777777,"{'DROPOUT': 160, 'END_OF_DATA': 20}",10000000
180,30962278.36509177,309.6227836509177,0.8,161.7454837946968,18.79865767134767,476.950365388304,40962278.365091786,129.77777777777777,"{'DROPOUT': 160, 'END_OF_DATA': 20}",10000000
180,18420410.865767006,184.20410865767005,0.7944444444444444,99.05337450370581,19.373469224756143,336.9531080938921,28420410.865766995,129.77777777777777,"{'DROPOUT': 160, 'END_OF_DATA': 20}",10000000
180,16758401.282802273,167.58401282802274,0.7833333333333333,65.55752625504996,16.68256569562489,181.07768912044648,26758401.28280227,129.77777777777777,"{'DROPOUT': 160, 'END_OF_DATA': 20}",10000000
180,31229784.670911346,312.29784670911346,0.8055555555555556,88.087790874319,15.40688731607645,296.2323508019468,41229784.67091136,129.77777777777777,"{'DROPOUT': 160, 'END_OF_DATA': 20}",10000000
180,20255562.43358033,202.55562433580332,0.7777777777777778,60.843849319606086,20.73005630882114,135.959851356685,30255562.433580324,129.77777777777777,"{'DROPOUT': 160, 'END_OF_DATA': 20}",10000000
180,18441591.462661497,184.41591462661498,0.7722222222222223,104.71043290525607,20.163264371910874,367.18217254160265,28441591.462661512,129.77777777777777,"{'DROPOUT': 160, 'END_OF_DATA': 20}",10000000
180,47422260.38675152,474.22260386751515,0.7722222222222223,120.49899822629781,19.355514814643687,385.6787281078004,57422260.38675152,129.77777777777777,"{'DROPOUT': 160, 'END_OF_DATA': 20}",10000000
180,20080004.736855283,200.8000473685528,0.7833333333333333,121.17816834014295,16.3134355897304,389.13444854402974,30080004.736855295,129.77777777777777,"{'DROPOUT': 160, 'END_OF_DATA': 20}",10000000
180,17547804.99380761,175.47804993807608,0.7611111111111111,59.08474066329538,12.856803234717582,211.06868234974945,27547804.99380762,129.77777777777777,"{'DROPOUT': 160, 'END_OF_DATA': 20}",10000000
180,19415630.81979105,194.15630819791048,0.7777777777777778,73.86975291313885,20.65085961268602,272.92725134644854,29415630.819791045,129.77777777777777,"{'DROPOUT': 160, 'END_OF_DATA': 20}",10000000
180,31933610.379332673,319.3361037933267,0.8111111111111111,107.55278490975593,18.607718447700965,349.95525120318035,41933610.379332684,129.77777777777777,"{'DROPOUT': 160, 'END_OF_DATA': 20}",10000000
180,15115984.183037587,151.15984183037588,0.7833333333333333,60.08473261843959,19.142162941158187,164.4866514116749,25115984.1830376,129.77777777777777,"{'DROPOUT': 160, 'END_OF_DATA': 20}",10000000
180,16246486.069606304,162.46486069606306,0.7222222222222222,97.42949031899548,16.495511115950272,296.86800173318306,26246486.069606304,129.77777777777777,"{'DROPOUT': 160, 'END_OF_DATA': 20}",10000000
180,38977236.19272519,389.7723619272519,0.8,119.21443489759642,22.03037069495774,378.2804148667071,48977236.1927252,129.77777777777777,"{'DROPOUT': 160, 'END_OF_DATA': 20}",10000000
180,21427016.13064655,214.27016130646547,0.7722222222222223,70.52958033162149,17.156864321940503,227.00099458600963,31427016.130646557,129.77777777777777,"{'DROPOUT': 160, 'END_OF_DATA': 20}",10000000
180,19457315.06581325,194.5731506581325,0.7222222222222222,77.79886525203695,16.632605322625643,240.01878748545712,29457315.065813247,129.77777777777777,"{'DROPOUT': 160, 'END_OF_DATA': 20}",10000000
180,22244271.3934274,222.44271393427402,0.7944444444444444,74.17520037823884,14.060548754695851,268.75002530042406,32244271.3934274,129.77777777777777,"{'DROPOUT': 160, 'END_OF_DATA': 20}",10000000
180,44194365.57958439,441.9436557958439,0.7833333333333333,117.06560170188234,21.71134977042486,385.38224763625743,54194365.57958437,129.77777777777777,"{'DROPOUT': 160, 'END_OF_DATA': 20}",10000000
180,42674890.16156727,426.7489016156727,0.7944444444444444,88.8823278689674,23.637564542280224,289.3755851037606,52674890.16156726,129.77777777777777,"{'DROPOUT': 160, 'END_OF_DATA': 20}",10000000
180,12109813.613751724,121.09813613751726,0.7222222222222222,66.98715444500576,13.649527771211943,225.34820743222852,22109813.61375173,129.77777777777777,"{'DROPOUT': 160, 'END_OF_DATA': 20}",10000000
180,31743243.8917062,317.432438917062,0.7722222222222223,103.38250006613639,17.058217527197037,357.386239808005,41743243.89170622,129.77777777777777,"{'DROPOUT': 160, 'END_OF_DATA': 20}",10000000
180,23700566.95829746,237.00566958297463,0.7555555555555555,86.66366921225992,18.167689675465965,276.1211236873514,33700566.95829744,129.77777777777777,"{'DROPOUT': 160, 'END_OF_DATA': 20}",10000000
180,14959315.146122225,149.59315146122225,0.7944444444444444,84.05364161979377,17.586766249616975,295.1874441583427,24959315.146122232,129.77777777777777,"{'DROPOUT': 160, 'END_OF_DATA': 20}",10000000
180,17092533.13465204,170.9253313465204,0.8055555555555556,107.34136535199879,20.774374018332324,345.03883322127797,27092533.134652026,129.77777777777777,"{'DROPOUT': 160, 'END_OF_DATA': 20}",10000000
180,39941972.29303573,399.41972293035735,0.85,136.001495253787,27.6205811583874,407.73731778278176,49941972.293035716,129.77777777777777,"{'DROPOUT': 160, 'END_OF_DATA': 20}",10000000
180,50864075.97608267,508.64075976082665,0.8111111111111111,117.8422970497002,15.172017730854437,383.23861681001534,60864075.97608267,129.77777777777777,"{'DROPOUT': 160, 'END_OF_DATA': 20}",10000000
180,25429645.24977776,254.29645249777758,0.75,80.0630093844983,16.397825549040668,257.88005563053986,35429645.249777764,129.77777777777777,"{'DROPOUT': 160, 'END_OF_DATA': 20}",10000000
180,41227097.09752996,412.27097097529963,0.75,90.62167619889503,17.847946877979386,334.51564786166244,51227097.09752997,129.77777777777777,"{'DROPOUT': 160, 'END_OF_DATA': 20}",10000000
180,16799170.49605454,167.9917049605454,0.7777777777777778,74.1862220815726,20.725866619976,214.70083650945617,26799170.49605455,129.77777777777777,"{'DROPOUT': 160, 'END_OF_DATA': 20}",10000000
180,20150383.1162577,201.50383116257703,0.7444444444444445,75.29569156817884,20.339001618562413,235.6955656032493,30150383.11625769,129.77777777777777,"{'DROPOUT': 160, 'END_OF_DATA': 20}",10000000
180,29069604.12516371,290.6960412516371,0.8,101.23251233426822,19.516098100133128,301.31265473877573,39069604.12516371,129.77777777777777,"{'DROPOUT': 160, 'END_OF_DATA': 20}",10000000
180,15476233.766323026,154.76233766323026,0.7333333333333333,81.90910503959395,16.307029326075977,286.07815056217567,25476233.76632303,129.77777777777777,"{'DROPOUT': 160, 'END_OF_DATA': 20}",10000000
180,13133830.164728884,131.33830164728883,0.7777777777777778,66.82584610419845,15.505431093228454,166.29771910262417,23133830.16472889,129.77777777777777,"{'DROPOUT': 160, 'END_OF_DATA': 20}",10000000
180,13539129.65941378,135.3912965941378,0.7611111111111111,51.66751872510661,15.665705100093389,121.94523036080348,23539129.65941379,129.77777777777777,"{'DROPOUT': 160, 'END_OF_DATA': 20}",10000000
180,32352911.621124938,323.5291162112494,0.8444444444444444,115.9778097781894,21.914412424990026,351.3438755209171,42352911.62112495,129.77777777777777,"{'DROPOUT': 160, 'END_OF_DATA': 20}",10000000
180,25138526.414990447,251.38526414990446,0.8166666666666667,70.92882075821306,16.300088325605156,172.27685262327634,35138526.41499047,129.77777777777777,"{'DROPOUT': 160, 'END_OF_DATA': 20}",10000000
180,30106899.788635533,301.06899788635536,0.8222222222222222,136.34688765968195,23.72964287656486,439.56082197783746,40106899.788635515,129.77777777777777,"{'DROPOUT': 160, 'END_OF_DATA': 20}",10000000
180,20213227.374299213,202.1322737429921,0.7166666666666667,77.09103546056596,16.544125711717026,237.2843580697376,30213227.37429922,129.77777777777777,"{'DROPOUT': 160, 'END_OF_DATA': 20}",10000000
180,16899164.344486505,168.99164344486505,0.7611111111111111,61.63006033388661,21.1835351260478,143.171545889441,26899164.344486497,129.77777777777777,"{'DROPOUT': 160, 'END_OF_DATA': 20}",10000000
180,15460860.800906438,154.60860800906437,0.7833333333333333,69.98134932844044,18.8004721171039,232.77519630002823,25460860.800906423,129.77777777777777,"{'DROPOUT': 160, 'END_OF_DATA': 20}",10000000
180,11718278.258809034,117.18278258809033,0.8055555555555556,72.634562344549,16.97240931388286,244.86131467458665,21718278.258809038,129.77777777777777,"{'DROPOUT': 160, 'END_OF_DATA': 20}",10000000
180,25263864.30237031,252.63864302370308,0.7888888888888889,56.88283378271966,16.660910786861827,152.26947750488287,35263864.3023703,129.77777777777777,"{'DROPOUT': 160, 'END_OF_DATA': 20}",10000000
180,14574941.510918297,145.749415109183,0.8055555555555556,80.66505831221949,23.021117954799514,228.77428931613792,24574941.510918297,129.77777777777777,"{'DROPOUT': 160, 'END_OF_DATA': 20}",10000000
180,40560201.875632495,405.602018756325,0.8111111111111111,82.46408962411729,23.001344481065818,279.36990887157805,50560201.875632465,129.77777777777777,"{'DROPOUT': 160, 'END_OF_DATA': 20}",10000000
180,30303790.86991629,303.03790869916287,0.8,69.67287650515284,22.641587644976674,223.42467154588664,40303790.86991628,129.77777777777777,"{'DROPOUT': 160, 'END_OF_DATA': 20}",10000000
180,14253919.681169748,142.53919681169748,0.7888888888888889,73.25176031420912,15.743260323930034,256.64151868128647,24253919.681169745,129.77777777777777,"{'DROPOUT': 160, 'END_OF_DATA': 20}",10000000
180,26422718.980958488,264.2271898095849,0.7666666666666667,120.92970434921796,22.977494788226636,355.3849017135925,36422718.98095847,129.77777777777777,"{'DROPOUT': 160, 'END_OF_DATA': 20}",10000000
180,31100912.15138656,311.0091215138656,0.7388888888888889,57.410371482414305,19.480637363241225,205.17806058042217,41100912.15138657,129.77777777777777,"{'DROPOUT': 160, 'END_OF_DATA': 20}",10000000
180,30474729.731939644,304.74729731939647,0.7611111111111111,80.51248949982772,13.971555301801027,289.1173958695504,40474729.73193964,129.77777777777777,"{'DROPOUT': 160, 'END_OF_DATA': 20}",10000000
180,43135403.21120755,431.35403211207546,0.7777777777777778,107.91709701691883,23.46415988384409,380.4664637789932,53135403.211207524,129.77777777777777,"{'DROPOUT': 160, 'END_OF_DATA': 20}",10000000
180,24056613.86253605,240.56613862536048,0.7555555555555555,80.59325457585065,21.102602163883894,223.30641114031374,34056613.86253606,129.77777777777777,"{'DROPOUT': 160, 'END_OF_DATA': 20}",10000000
180,16937016.692281995,169.37016692281995,0.7722222222222223,91.94265468516004,21.269872944129876,283.6090322145292,26937016.692282006,129.77777777777777,"{'DROPOUT': 160, 'END_OF_DATA': 20}",10000000
180,19683111.10349706,196.83111103497058,0.7722222222222223,96.63674007849337,20.423325518884027,330.1519290474724,29683111.10349706,129.77777777777777,"{'DROPOUT': 160, 'END_OF_DATA': 20}",10000000
180,12435132.006284121,124.35132006284122,0.7444444444444445,93.25338160627187,19.618207822336906,329.6240485295908,22435132.00628412,129.77777777777777,"{'DROPOUT': 160, 'END_OF_DATA': 20}",10000000
180,13310494.113529416,133.10494113529415,0.7611111111111111,75.97644335396058,16.57704474180334,247.8971297885478,23310494.113529425,129.77777777777777,"{'DROPOUT': 160, 'END_OF_DATA': 20}",10000000
180,29062372.740330286,290.6237274033029,0.7777777777777778,76.9653501369989,15.65097226414611,257.9879413889436,39062372.74033028,129.77777777777777,"{'DROPOUT': 160, 'END_OF_DATA': 20}",10000000
180,17023912.909184955,170.23912909184955,0.7111111111111111,67.32759247406369,12.80639659470879,186.52334566290185,27023912.909184955,129.77777777777777,"{'DROPOUT': 160, 'END_OF_DATA': 20}",10000000
180,31499175.93961338,314.9917593961338,0.8,88.33555705604978,21.670067965118662,240.74922551077236,41499175.9396134,129.77777777777777,"{'DROPOUT': 160, 'END_OF_DATA': 20}",10000000
180,18735844.615650855,187.35844615650853,0.8444444444444444,86.96470614356953,21.256454033374325,282.78110980408707,28735844.61565084,129.77777777777777,"{'DROPOUT': 160, 'END_OF_DATA': 20}",10000000
180,31621758.874089144,316.2175887408914,0.7833333333333333,97.2407963558427,20.48491506373722,351.08215223537303,41621758.87408914,129.77777777777777,"{'DROPOUT': 160, 'END_OF_DATA': 20}",10000000
180,25529272.785752743,255.29272785752744,0.7777777777777778,110.39806993682893,22.72727272727273,373.00720361227695,35529272.785752736,129.77777777777777,"{'DROPOUT': 160, 'END_OF_DATA': 20}",10000000
180,17500395.10269497,175.0039510269497,0.7444444444444445,99.4998246724862,13.55479718910356,352.85658164354135,27500395.102694944,129.77777777777777,"{'DROPOUT': 160, 'END_OF_DATA': 20}",10000000
180,26204321.67660258,262.04321676602575,0.7611111111111111,87.27846051608148,14.22746753921971,345.41680047712487,36204321.67660258,129.77777777777777,"{'DROPOUT': 160, 'END_OF_DATA': 20}",10000000
180,18552849.582836352,185.52849582836353,0.8055555555555556,94.48931107868516,20.710372264903164,314.6275935643473,28552849.58283635,129.77777777777777,"{'DROPOUT': 160, 'END_OF_DATA': 20}",10000000
180,17640782.844965693,176.40782844965693,0.7888888888888889,96.93664984864101,20.743389647861914,312.6443798803046,27640782.8449657,129.77777777777777,"{'DROPOUT': 160, 'END_OF_DATA': 20}",10000000
180,23260689.74767994,232.60689747679942,0.7833333333333333,126.07566403031637,23.5377128769274,400.57541829045823,33260689.747679938,129.77777777777777,"{'DROPOUT': 160, 'END_OF_DATA': 20}",10000000
180,29385420.84491273,293.8542084491273,0.7555555555555555,77.23501477811821,19.963098786933323,248.30529916568798,39385420.844912745,129.77777777777777,"{'DROPOUT': 160, 'END_OF_DATA': 20}",10000000
180,40175979.28127143,401.75979281271424,0.7444444444444445,82.63807538233017,15.80855876475841,323.98829461802694,50175979.28127143,129.77777777777777,"{'DROPOUT': 160, 'END_OF_DATA': 20}",10000000
180,18692465.543248944,186.92465543248943,0.7888888888888889,122.70426079200355,21.224598419669462,349.829988903593,28692465.543248937,129.77777777777777,"{'DROPOUT': 160, 'END_OF_DATA': 20}",10000000
180,37363228.728191696,373.632287281917,0.7944444444444444,121.75196548926343,19.999998410542805,421.23197880302985,47363228.728191696,129.77777777777777,"{'DROPOUT': 160, 'END_OF_DATA': 20}",10000000
180,14250461.943746783,142.50461943746785,0.7833333333333333,52.62299352608792,14.22018850781231,204.6753124843069,24250461.943746794,129.77777777777777,"{'DROPOUT': 160, 'END_OF_DATA': 20}",10000000
180,34143356.75265232,341.4335675265232,0.7777777777777778,98.87646497640962,20.346610943955874,328.7353188702394,44143356.75265231,129.77777777777777,"{'DROPOUT': 160, 'END_OF_DATA': 20}",10000000
180,26893414.401983283,268.93414401983284,0.7833333333333333,82.9478386365835,17.471733633591406,296.66219113835115,36893414.40198327,129.77777777777777,"{'DROPOUT': 160, 'END_OF_DATA': 20}",10000000
180,12424256.79380598,124.24256793805979,0.7611111111111111,46.147773962795185,16.543735759917517,121.07930775779104,22424256.793805983,129.77777777777777,"{'DROPOUT': 160, 'END_OF_DATA': 20}",10000000
180,34250543.72406079,342.5054372406079,0.7944444444444444,71.78418779709267,11.044272361392178,299.84490482766216,44250543.724060796,129.77777777777777,"{'DROPOUT': 160, 'END_OF_DATA': 20}",10000000
180,47789849.41122237,477.89849411222366,0.8055555555555556,91.6226010961101,21.826881074212665,283.4724366870968,57789849.41122239,129.77777777777777,"{'DROPOUT': 160, 'END_OF_DATA': 20}",10000000
180,24904868.544899248,249.04868544899247,0.8111111111111111,111.22149576690609,19.320384181205092,341.4669259237786,34904868.54489923,129.77777777777777,"{'DROPOUT': 160, 'END_OF_DATA': 20}",10000000
180,28971664.351305574,289.7166435130557,0.8055555555555556,84.0619213394421,22.39799501700047,241.40731304081692,38971664.351305604,129.77777777777777,"{'DROPOUT': 160, 'END_OF_DATA': 20}",10000000
180,26737157.35713228,267.37157357132276,0.7777777777777778,75.03938157903123,16.070410817971304,230.67236917230863,36737157.35713228,129.77777777777777,"{'DROPOUT': 160, 'END_OF_DATA': 20}",10000000
180,38096262.046886444,380.96262046886443,0.7611111111111111,141.03704318780066,24.39046680097416,478.7185674595828,48096262.04688642,129.77777777777777,"{'DROPOUT': 160, 'END_OF_DATA': 20}",10000000
180,25243511.005884342,252.43511005884343,0.7611111111111111,111.48975901409602,18.770969304123042,316.4175262118191,35243511.005884334,129.77777777777777,"{'DROPOUT': 160, 'END_OF_DATA': 20}",10000000
180,36591815.77957574,365.91815779575745,0.7666666666666667,80.18662288850867,16.811977081073664,307.2055551929652,46591815.77957574,129.77777777777777,"{'DROPOUT': 160, 'END_OF_DATA': 20}",10000000
180,14919061.833857505,149.19061833857506,0.7833333333333333,75.88528147770695,20.011492833654557,231.48002510718084,24919061.833857507,129.77777777777777,"{'DROPOUT': 160, 'END_OF_DATA': 20}",10000000
180,20112290.51947318,201.12290519473183,0.7666666666666667,89.20736220887929,18.96492649084947,253.1732588940449,30112290.519473176,129.77777777777777,"{'DROPOUT': 160, 'END_OF_DATA': 20}",10000000
180,16498490.01669225,164.9849001669225,0.7388888888888889,85.58268161907597,18.75492714188305,278.6818566021283,26498490.016692255,129.77777777777777,"{'DROPOUT': 160, 'END_OF_DATA': 20}",10000000
180,34939740.12512335,349.39740125123353,0.7555555555555555,119.75852857237906,15.702084439084825,427.43185559381703,44939740.12512335,129.77777777777777,"{'DROPOUT': 160, 'END_OF_DATA': 20}",10000000
180,24739144.24018362,247.39144240183623,0.7666666666666667,81.29521379926163,19.636169703419824,268.8300549142495,34739144.240183614,129.77777777777777,"{'DROPOUT': 160, 'END_OF_DATA': 20}",10000000
180,19108856.525450774,191.08856525450773,0.7444444444444445,79.0023522858558,16.49533766049145,311.5418711693775,29108856.525450766,129.77777777777777,"{'DROPOUT': 160, 'END_OF_DATA': 20}",10000000
180,38008882.01621053,380.0888201621053,0.7555555555555555,85.24058741649793,13.624288180383424,311.3224419156936,48008882.01621053,129.77777777777777,"{'DROPOUT': 160, 'END_OF_DATA': 20}",10000000
180,31132373.60100968,311.3237360100968,0.7444444444444445,88.8308692434806,23.423294564543035,245.46511576561628,41132373.601009704,129.77777777777777,"{'DROPOUT': 160, 'END_OF_DATA': 20}",10000000
180,21225926.354772054,212.25926354772056,0.7888888888888889,112.39495909783291,19.638914188790608,350.19968357952814,31225926.35477204,129.77777777777777,"{'DROPOUT': 160, 'END_OF_DATA': 20}",10000000
180,24922414.660193875,249.22414660193874,0.7888888888888889,84.6308896497357,23.040769585018563,221.9514174963329,34922414.66019388,129.77777777777777,"{'DROPOUT': 160, 'END_OF_DATA': 20}",10000000
180,48489884.9293291,484.898849293291,0.8111111111111111,131.6463247127548,23.956793575321214,379.9394958359582,58489884.929329105,129.77777777777777,"{'DROPOUT': 160, 'END_OF_DATA': 20}",10000000
180,17705733.68029703,177.0573368029703,0.75,75.55657293443807,16.83902394031503,250.9437115057867,27705733.68029703,129.77777777777777,"{'DROPOUT': 160, 'END_OF_DATA': 20}",10000000
180,20335330.168237492,203.35330168237493,0.7722222222222223,84.21038865747633,18.399040497767892,205.0401401107536,30335330.168237492,129.77777777777777,"{'DROPOUT': 160, 'END_OF_DATA': 20}",10000000
180,15277115.908255428,152.77115908255428,0.7555555555555555,66.79967479140942,15.335822541986232,274.9329283065934,25277115.908255428,129.77777777777777,"{'DROPOUT': 160, 'END_OF_DATA': 20}",10000000
180,33967509.62752204,339.67509627522037,0.8444444444444444,104.0314491598188,26.746629177799868,343.3036442536685,43967509.62752206,129.77777777777777,"{'DROPOUT': 160, 'END_OF_DATA': 20}",10000000
180,21767364.110161435,217.67364110161432,0.7944444444444444,61.00903849320788,19.49056178701652,202.2511270377854,31767364.110161442,129.77777777777777,"{'DROPOUT': 160, 'END_OF_DATA': 20}",10000000
180,18733811.75841089,187.3381175841089,0.8055555555555556,98.65810317461728,17.117025931352632,305.26197880760407,28733811.75841088,129.77777777777777,"{'DROPOUT': 160, 'END_OF_DATA': 20}",10000000
180,38386683.705066666,383.8668370506666,0.7611111111111111,95.23208159929298,14.835111804347672,340.8868284720744,48386683.70506666,129.77777777777777,"{'DROPOUT': 160, 'END_OF_DATA': 20}",10000000
180,21618459.866335306,216.18459866335306,0.7666666666666667,75.3665539497052,15.400524242995157,243.82595544774995,31618459.866335314,129.77777777777777,"{'DROPOUT': 160, 'END_OF_DATA': 20}",10000000
180,29448923.13458974,294.4892313458974,0.7611111111111111,77.59185897566482,17.54528095305428,287.07077112072295,39448923.13458972,129.77777777777777,"{'DROPOUT': 160, 'END_OF_DATA': 20}",10000000
180,32203980.420658343,322.0398042065834,0.8333333333333334,87.48825842370509,21.66852586567667,287.86670358020774,42203980.42065836,129.77777777777777,"{'DROPOUT': 160, 'END_OF_DATA': 20}",10000000
180,38928054.39239974,389.2805439239974,0.7555555555555555,108.99191339429225,19.844909276183692,412.4474776192858,48928054.39239975,129.77777777777777,"{'DROPOUT': 160, 'END_OF_DATA': 20}",10000000
180,28146673.92999898,281.4667392999898,0.8444444444444444,93.27960835104396,20.827152654388286,258.87837470728783,38146673.92999898,129.77777777777777,"{'DROPOUT': 160, 'END_OF_DATA': 20}",10000000
180,32512919.324421577,325.1291932442158,0.7944444444444444,127.90608580234915,21.122551003375165,369.9519521813773,42512919.324421585,129.77777777777777,"{'DROPOUT': 160, 'END_OF_DATA': 20}",10000000
180,12870917.3422022,128.709173422022,0.7722222222222223,58.77143086685521,16.16629640260892,213.93521602974525,22870917.342202205,129.77777777777777,"{'DROPOUT': 160, 'END_OF_DATA': 20}",10000000
180,18322746.468469437,183.22746468469438,0.7444444444444445,50.113082489298144,17.79788662723076,136.75017784158825,28322746.468469426,129.77777777777777,"{'DROPOUT': 160, 'END_OF_DATA': 20}",10000000
180,25038099.59345618,250.3809959345618,0.7833333333333333,100.96239720399224,22.95478469321514,311.0135372872167,35038099.59345617,129.77777777777777,"{'DROPOUT': 160, 'END_OF_DATA': 20}",10000000
180,32087661.715584036,320.8766171558404,0.7833333333333333,65.72080489972595,16.33724946593501,216.34534597554182,42087661.71558404,129.77777777777777,"{'DROPOUT': 160, 'END_OF_DATA': 20}",10000000
180,36526279.279430516,365.26279279430514,0.7444444444444445,113.5438667038033,16.652249395418544,368.4662124788557,46526279.27943052,129.77777777777777,"{'DROPOUT': 160, 'END_OF_DATA': 20}",10000000
180,35315334.9358393,353.15334935839303,0.7666666666666667,110.04421277147752,19.51086977084779,346.2919951512667,45315334.93583928,129.77777777777777,"{'DROPOUT': 160, 'END_OF_DATA': 20}",10000000
180,13802582.019797612,138.02582019797612,0.7888888888888889,72.2931687360859,18.216611603087422,269.03626667274483,23802582.019797616,129.77777777777777,"{'DROPOUT': 160, 'END_OF_DATA': 20}",10000000
180,29735199.740663156,297.35199740663154,0.7833333333333333,70.73041494401257,18.681657596099804,217.48203252819016,39735199.740663156,129.77777777777777,"{'DROPOUT': 160, 'END_OF_DATA': 20}",10000000
180,37898913.858182594,378.98913858182596,0.8,83.05747757467323,18.39350299178711,260.1624748440507,47898913.8581826,129.77777777777777,"{'DROPOUT': 160, 'END_OF_DATA': 20}",10000000
180,16114261.59568999,161.1426159568999,0.7777777777777778,77.75172289993549,15.826111253785804,299.0556278599371,26114261.59568999,129.77777777777777,"{'DROPOUT': 160, 'END_OF_DATA': 20}",10000000
180,21452141.866175905,214.52141866175904,0.7777777777777778,102.80384012440744,15.9706465743306,290.37752652428395,31452141.866175905,129.77777777777777,"{'DROPOUT': 160, 'END_OF_DATA': 20}",10000000
180,44551615.71139267,445.5161571139267,0.8055555555555556,97.31537146379216,22.00100262272227,328.56254803590264,54551615.71139267,129.77777777777777,"{'DROPOUT': 160, 'END_OF_DATA': 20}",10000000
180,38732664.58107419,387.3266458107419,0.7611111111111111,100.29675483747589,16.917993443413614,301.0151483922828,48732664.58107419,129.77777777777777,"{'DROPOUT': 160, 'END_OF_DATA': 20}",10000000
180,14529389.184325852,145.2938918432585,0.8111111111111111,130.68816407659963,29.12769625129499,388.17299660321385,24529389.18432584,129.77777777777777,"{'DROPOUT': 160, 'END_OF_DATA': 20}",10000000
180,53837059.67905751,538.3705967905751,0.8,188.43250403913305,19.40715879871502,531.146341845042,63837059.67905753,129.77777777777777,"{'DROPOUT': 160, 'END_OF_DATA': 20}",10000000
180,40666930.63290175,406.6693063290175,0.7722222222222223,137.90103790329397,17.972993480928164,451.6867890910517,50666930.63290178,129.77777777777777,"{'DROPOUT': 160, 'END_OF_DATA': 20}",10000000
180,26487955.894200705,264.879558942007,0.8166666666666667,100.08506902472924,26.862907246956276,341.08257734218796,36487955.89420071,129.77777777777777,"{'DROPOUT': 160, 'END_OF_DATA': 20}",10000000
180,15724873.175145738,157.24873175145737,0.7222222222222222,52.55966042475628,15.219224059179393,133.98583586066437,25724873.175145738,129.77777777777777,"{'DROPOUT': 160, 'END_OF_DATA': 20}",10000000
180,26051693.03936529,260.51693039365296,0.8055555555555556,59.524897969933356,18.529930100421556,212.7907459610881,36051693.0393653,129.77777777777777,"{'DROPOUT': 160, 'END_OF_DATA': 20}",10000000
180,14619317.298781667,146.19317298781667,0.7555555555555555,99.45737176773807,20.818710711079348,323.1774876784324,24619317.29878166,129.77777777777777,"{'DROPOUT': 160, 'END_OF_DATA': 20}",10000000
180,15969371.210577562,159.69371210577563,0.7722222222222223,90.04703716558024,17.19370757338399,323.22815371044237,25969371.21057757,129.77777777777777,"{'DROPOUT': 160, 'END_OF_DATA': 20}",10000000
180,30981748.117620207,309.8174811762021,0.8277777777777777,108.3631810036946,21.063445605214426,362.78799170861816,40981748.11762021,129.77777777777777,"{'DROPOUT': 160, 'END_OF_DATA': 20}",10000000
180,17546892.777547684,175.46892777547686,0.8,156.26935425245654,23.597387645230498,472.12198612207493,27546892.777547695,129.77777777777777,"{'DROPOUT': 160, 'END_OF_DATA': 20}",10000000
180,31308581.50561869,313.0858150561869,0.8166666666666667,91.13134293679009,24.55063598992877,283.46202901983685,41308581.505618714,129.77777777777777,"{'DROPOUT': 160, 'END_OF_DATA': 20}",10000000
180,41383713.59449506,413.8371359449506,0.75,117.4131430835617,14.973700505310507,426.19484521363074,51383713.59449508,129.77777777777777,"{'DROPOUT': 160, 'END_OF_DATA': 20}",10000000
180,23238940.837857205,232.38940837857206,0.7833333333333333,111.81516380928666,19.567490636164003,341.43395355985683,33238940.83785721,129.77777777777777,"{'DROPOUT': 160, 'END_OF_DATA': 20}",10000000
180,22539101.753570452,225.39101753570452,0.7388888888888889,64.54749037690333,13.451722818171458,266.22799131913024,32539101.75357044,129.77777777777777,"{'DROPOUT': 160, 'END_OF_DATA': 20}",10000000
180,16497586.742030457,164.97586742030455,0.8277777777777777,59.234987694556125,16.023171336897718,198.59660361503728,26497586.74203046,129.77777777777777,"{'DROPOUT': 160, 'END_OF_DATA': 20}",10000000
180,23886920.408892576,238.86920408892576,0.8222222222222222,101.19752450751403,23.634652707120132,299.42414124962266,33886920.40889258,129.77777777777777,"{'DROPOUT': 160, 'END_OF_DATA': 20}",10000000
180,28169211.828636546,281.6921182863655,0.8277777777777777,71.16260412104086,21.45535844036729,215.34062561280174,38169211.828636564,129.77777777777777,"{'DROPOUT': 160, 'END_OF_DATA': 20}",10000000
180,15274082.948932014,152.74082948932016,0.8222222222222222,73.99289674589092,19.923693199958493,269.7522515805703,25274082.948932026,129.77777777777777,"{'DROPOUT': 160, 'END_OF_DATA': 20}",10000000
180,22036975.309005618,220.36975309005618,0.8055555555555556,71.7990623838163,21.199830248489718,156.29354658428173,32036975.30900562,129.77777777777777,"{'DROPOUT': 160, 'END_OF_DATA': 20}",10000000
180,16812317.167187553,168.12317167187553,0.7555555555555555,98.7023786085882,17.147698803240488,371.70998080070336,26812317.167187553,129.77777777777777,"{'DROPOUT': 160, 'END_OF_DATA': 20}",10000000
180,20654429.614773817,206.54429614773818,0.7166666666666667,113.02521777756364,16.931555395179057,369.55077112021837,30654429.614773814,129.77777777777777,"{'DROPOUT': 160, 'END_OF_DATA': 20}",10000000
180,23682018.399149965,236.82018399149968,0.7444444444444445,76.93849964472135,15.584592952913168,250.6282298964833,33682018.39914997,129.77777777777777,"{'DROPOUT': 160, 'END_OF_DATA': 20}",10000000
180,41859098.094895795,418.59098094895796,0.7388888888888889,116.26803760750887,17.519600291400494,389.88489076332286,51859098.094895795,129.77777777777777,"{'DROPOUT': 160, 'END_OF_DATA': 20}",10000000
180,37013066.70610799,370.1306670610799,0.7944444444444444,91.69032862162054,17.70471535281461,304.09482216592187,47013066.70610801,129.77777777777777,"{'DROPOUT': 160, 'END_OF_DATA': 20}",10000000
180,32997066.641829632,329.97066641829633,0.8333333333333334,91.14533140143051,21.972373876301738,332.5358810044679,42997066.64182961,129.77777777777777,"{'DROPOUT': 160, 'END_OF_DATA': 20}",10000000
180,32326754.937924035,323.26754937924034,0.7166666666666667,97.91894823808617,18.245545924984683,375.4996474045086,42326754.937924035,129.77777777777777,"{'DROPOUT': 160, 'END_OF_DATA': 20}",10000000
180,43019780.67472429,430.19780674724285,0.7888888888888889,118.53267219458728,22.82229353802193,386.65358539975114,53019780.6747243,129.77777777777777,"{'DROPOUT': 160, 'END_OF_DATA': 20}",10000000
180,19482613.609696858,194.82613609696858,0.8555555555555555,69.73893757860691,23.111698756773166,193.76635840428497,29482613.609696854,129.77777777777777,"{'DROPOUT': 160, 'END_OF_DATA': 20}",10000000
180,18923903.12634016,189.23903126340159,0.75,79.08156699537251,17.74182677516074,248.49849640134028,28923903.126340143,129.77777777777777,"{'DROPOUT': 160, 'END_OF_DATA': 20}",10000000
180,31132169.48794232,311.3216948794232,0.7722222222222223,76.9447706541569,17.906243863257128,243.7298767086982,41132169.487942316,129.77777777777777,"{'DROPOUT': 160, 'END_OF_DATA': 20}",10000000
180,21663129.303646687,216.6312930364669,0.7555555555555555,68.00801188729292,14.698897805894825,193.75145589122172,31663129.303646695,129.77777777777777,"{'DROPOUT': 160, 'END_OF_DATA': 20}",10000000
180,19613585.022439323,196.13585022439324,0.8111111111111111,114.40460915209228,19.724173276356204,370.0317726161097,29613585.022439316,129.77777777777777,"{'DROPOUT': 160, 'END_OF_DATA': 20}",10000000
180,16796933.57423106,167.9693357423106,0.8166666666666667,119.42834520598913,23.56364724078002,364.2062927394855,26796933.574231062,129.77777777777777,"{'DROPOUT': 160, 'END_OF_DATA': 20}",10000000
180,28600774.353746757,286.0077435374676,0.7611111111111111,57.360029549902215,16.495091974483387,206.9960610854229,38600774.35374674,129.77777777777777,"{'DROPOUT': 160, 'END_OF_DATA': 20}",10000000
180,22084907.50016635,220.8490750016635,0.7944444444444444,88.53026502914659,16.68459415612163,337.42524391910604,32084907.50016633,129.77777777777777,"{'DROPOUT': 160, 'END_OF_DATA': 20}",10000000
180,17493916.723768145,174.93916723768146,0.8055555555555556,84.48340359504627,20.299658902942554,300.5172554801911,27493916.72376816,129.77777777777777,"{'DROPOUT': 160, 'END_OF_DATA': 20}",10000000
180,21600890.32182868,216.00890321828678,0.7888888888888889,99.3902370815515,20.38251682406255,309.03223136265945,31600890.32182868,129.77777777777777,"{'DROPOUT': 160, 'END_OF_DATA': 20}",10000000
180,35009002.18531332,350.09002185313324,0.8111111111111111,107.60515518967557,22.148548741369773,341.6110072253663,45009002.18531332,129.77777777777777,"{'DROPOUT': 160, 'END_OF_DATA': 20}",10000000
180,30340511.32229521,303.4051132229521,0.7833333333333333,116.8935283870411,21.30410093350436,386.8643644056291,40340511.32229522,129.77777777777777,"{'DROPOUT': 160, 'END_OF_DATA': 20}",10000000
180,30248864.021960415,302.4886402196041,0.7277777777777777,117.28457943093464,18.54186637214884,403.08331474417076,40248864.02196042,129.77777777777777,"{'DROPOUT': 160, 'END_OF_DATA': 20}",10000000
180,40912687.85284715,409.1268785284715,0.7888888888888889,109.38553316422512,15.84659483124274,357.0236285283723,50912687.85284716,129.77777777777777,"{'DROPOUT': 160, 'END_OF_DATA': 20}",10000000
180,22870954.320755444,228.70954320755445,0.7833333333333333,83.07552174888018,20.738070366310325,279.19757835375077,32870954.320755426,129.77777777777777,"{'DROPOUT': 160, 'END_OF_DATA': 20}",10000000
180,27573159.090993013,275.73159090993016,0.7888888888888889,106.18822646701572,14.771554433152398,334.1826051748481,37573159.090993,129.77777777777777,"{'DROPOUT': 160, 'END_OF_DATA': 20}",10000000
180,29811721.94594427,298.11721945944265,0.8111111111111111,85.21023040089084,17.967090189711044,301.8715320239804,39811721.94594427,129.77777777777777,"{'DROPOUT': 160, 'END_OF_DATA': 20}",10000000
180,27351886.090415653,273.5188609041565,0.7888888888888889,65.54277468141515,16.625409255356224,173.91282741727744,37351886.090415634,129.77777777777777,"{'DROPOUT': 160, 'END_OF_DATA': 20}",10000000
180,23538651.807294607,235.38651807294605,0.7111111111111111,113.87143234879107,13.91072144374996,375.7101472556295,33538651.807294607,129.77777777777777,"{'DROPOUT': 160, 'END_OF_DATA': 20}",10000000
180,18945270.504168488,189.45270504168488,0.7388888888888889,106.6547017701741,17.896086641323155,315.1268112420297,28945270.504168477,129.77777777777777,"{'DROPOUT': 160, 'END_OF_DATA': 20}",10000000
180,29626329.442466803,296.263294424668,0.8166666666666667,97.65561709340685,17.8439941730319,289.6988184256554,39626329.44246679,129.77777777777777,"{'DROPOUT': 160, 'END_OF_DATA': 20}",10000000
180,32838582.95408255,328.38582954082545,0.8277777777777777,138.69444708996178,15.430109932492325,454.56043488524,42838582.95408256,129.77777777777777,"{'DROPOUT': 160, 'END_OF_DATA': 20}",10000000
180,19368342.143151127,193.68342143151128,0.7777777777777778,90.79609906353471,25.105394886325826,254.59071874049226,29368342.143151127,129.77777777777777,"{'DROPOUT': 160, 'END_OF_DATA': 20}",10000000
180,27987942.313223436,279.87942313223436,0.7333333333333333,103.15140279303318,21.891970877449246,363.59973314455095,37987942.313223444,129.77777777777777,"{'DROPOUT': 160, 'END_OF_DATA': 20}",10000000
180,33698127.31223338,336.9812731223338,0.7833333333333333,119.6105140002409,21.174292981924808,380.337203321254,43698127.312233366,129.77777777777777,"{'DROPOUT': 160, 'END_OF_DATA': 20}",10000000
180,19118606.313439216,191.18606313439216,0.7666666666666667,73.41844426125235,16.026622201513902,229.38139310842067,29118606.313439228,129.77777777777777,"{'DROPOUT': 160, 'END_OF_DATA': 20}",10000000
180,38603258.08708069,386.03258087080684,0.7666666666666667,81.49926855054863,15.890688485036222,251.80397366160423,48603258.08708069,129.77777777777777,"{'DROPOUT': 160, 'END_OF_DATA': 20}",10000000
180,44223672.42298591,442.23672422985913,0.7833333333333333,80.61807467075796,16.949627720966816,318.0732501808922,54223672.42298592,129.77777777777777,"{'DROPOUT': 160, 'END_OF_DATA': 20}",10000000
180,18607240.544871233,186.07240544871232,0.7944444444444444,97.60644415892546,20.555049581430143,299.92030259246184,28607240.544871237,129.77777777777777,"{'DROPOUT': 160, 'END_OF_DATA': 20}",10000000
180,21822270.232816227,218.22270232816226,0.8555555555555555,59.25991061036216,19.010412777757306,119.73717417220541,31822270.232816234,129.77777777777777,"{'DROPOUT': 160, 'END_OF_DATA': 20}",10000000
180,19763160.191597886,197.63160191597885,0.7277777777777777,66.78874728052314,18.328241256706736,238.14801606939744,29763160.19159787,129.77777777777777,"{'DROPOUT': 160, 'END_OF_DATA': 20}",10000000
180,23072988.446100384,230.72988446100382,0.7722222222222223,116.46155949270235,17.12646256140801,376.17636315568217,33072988.446100373,129.77777777777777,"{'DROPOUT': 160, 'END_OF_DATA': 20}",10000000
180,32746225.345904708,327.4622534590471,0.8333333333333334,108.31376733947654,25.109311707547747,340.6103649743193,42746225.34590471,129.77777777777777,"{'DROPOUT': 160, 'END_OF_DATA': 20}",10000000
180,17335820.31593821,173.35820315938207,0.7888888888888889,105.760045559365,21.132612193890896,377.91720219479515,27335820.315938234,129.77777777777777,"{'DROPOUT': 160, 'END_OF_DATA': 20}",10000000
180,12661675.119017914,126.61675119017914,0.7722222222222223,112.90644996767956,24.49376406749513,359.7630175885246,22661675.11901792,129.77777777777777,"{'DROPOUT': 160, 'END_OF_DATA': 20}",10000000
180,33625754.610435486,336.2575461043549,0.7888888888888889,66.27827350864641,21.041109731682738,207.7590952526723,43625754.61043549,129.77777777777777,"{'DROPOUT': 160, 'END_OF_DATA': 20}",10000000
180,15247266.343942642,152.4726634394264,0.7555555555555555,55.464424950967995,12.895358766642564,203.8431243788502,25247266.343942642,129.77777777777777,"{'DROPOUT': 160, 'END_OF_DATA': 20}",10000000
180,14349023.923496494,143.49023923496495,0.7166666666666667,94.3577906468224,20.218977022453036,347.15110300928325,24349023.92349649,129.77777777777777,"{'DROPOUT': 160, 'END_OF_DATA': 20}",10000000
180,23133207.87054784,231.3320787054784,0.8111111111111111,117.67178590644144,28.543905417720865,364.62698061502454,33133207.870547842,129.77777777777777,"{'DROPOUT': 160, 'END_OF_DATA': 20}",10000000
180,22413770.982975308,224.1377098297531,0.8166666666666667,110.74066003193063,21.867334973860654,318.33403513415783,32413770.982975308,129.77777777777777,"{'DROPOUT': 160, 'END_OF_DATA': 20}",10000000
180,42674507.65082349,426.7450765082349,0.7944444444444444,102.09478424831988,26.50243069135918,343.80177480163206,52674507.650823504,129.77777777777777,"{'DROPOUT': 160, 'END_OF_DATA': 20}",10000000
180,26406662.21333672,264.0666221333672,0.7722222222222223,63.82059988927172,14.313528829114261,216.71253746659517,36406662.213336736,129.77777777777777,"{'DROPOUT': 160, 'END_OF_DATA': 20}",10000000
180,14921352.9937872,149.213529937872,0.7888888888888889,104.29131117342509,19.0244316393117,338.8368568505174,24921352.993787184,129.77777777777777,"{'DROPOUT': 160, 'END_OF_DATA': 20}",10000000
180,14431587.084606372,144.31587084606372,0.7722222222222223,61.05640303607901,13.419376335308788,215.70251685515444,24431587.08460637,129.77777777777777,"{'DROPOUT': 160, 'END_OF_DATA': 20}",10000000
180,38919670.98366762,389.1967098366762,0.7833333333333333,116.15656185914385,19.274571830904414,405.46378934852044,48919670.98366764,129.77777777777777,"{'DROPOUT': 160, 'END_OF_DATA': 20}",10000000
180,16166709.356840398,161.667093568404,0.7722222222222223,75.56178889120119,16.451271830554347,274.22560541579327,26166709.35684039,129.77777777777777,"{'DROPOUT': 160, 'END_OF_DATA': 20}",10000000
180,21031466.33254002,210.31466332540018,0.7944444444444444,71.92333995168703,20.749262979017637,188.27713253832223,31031466.332539994,129.77777777777777,"{'DROPOUT': 160, 'END_OF_DATA': 20}",10000000
180,13072729.271301946,130.72729271301947,0.7833333333333333,82.19742334170988,16.27065361601275,285.84574098022966,23072729.271301936,129.77777777777777,"{'DROPOUT': 160, 'END_OF_DATA': 20}",10000000
180,27400662.92060317,274.0066292060317,0.7777777777777778,112.29492984254126,19.451448951047787,354.7965488748719,37400662.92060318,129.77777777777777,"{'DROPOUT': 160, 'END_OF_DATA': 20}",10000000
180,31900367.26701655,319.0036726701655,0.7444444444444445,108.9497167273129,15.014069061074563,363.5901835695839,41900367.267016545,129.77777777777777,"{'DROPOUT': 160, 'END_OF_DATA': 20}",10000000
180,14125851.644303283,141.25851644303282,0.75,78.81117984485489,19.997517815541116,274.294221028095,24125851.64430328,129.77777777777777,"{'DROPOUT': 160, 'END_OF_DATA': 20}",10000000
180,20896979.219418816,208.96979219418816,0.7722222222222223,148.78051884547372,20.488549145333494,484.4492441333724,30896979.219418824,129.77777777777777,"{'DROPOUT': 160, 'END_OF_DATA': 20}",10000000
180,17363705.59007387,173.6370559007387,0.7611111111111111,100.40980349371942,18.646158846477185,352.9331808628059,27363705.59007389,129.77777777777777,"{'DROPOUT': 160, 'END_OF_DATA': 20}",10000000
180,33357718.72218981,333.5771872218981,0.7722222222222223,67.87748488293572,15.260419456108096,234.1547937474306,43357718.72218982,129.77777777777777,"{'DROPOUT': 160, 'END_OF_DATA': 20}",10000000
180,11786373.780088212,117.86373780088213,0.8388888888888889,87.05739594525718,21.89213231193109,292.33836941036554,21786373.780088216,129.77777777777777,"{'DROPOUT': 160, 'END_OF_DATA': 20}",10000000
180,45784953.251031965,457.8495325103196,0.8,133.5612097519793,22.74747314465522,433.7779138910194,55784953.25103195,129.77777777777777,"{'DROPOUT': 160, 'END_OF_DATA': 20}",10000000
180,24846474.413190953,248.46474413190953,0.8111111111111111,113.94584420865661,21.235375479996037,342.8225217021064,34846474.413190946,129.77777777777777,"{'DROPOUT': 160, 'END_OF_DATA': 20}",10000000
180,19801979.96251316,198.0197996251316,0.8166666666666667,98.51137194599978,22.98424563923869,307.821628523935,29801979.962513156,129.77777777777777,"{'DROPOUT': 160, 'END_OF_DATA': 20}",10000000
180,16180921.93169344,161.8092193169344,0.7388888888888889,71.3784236605713,16.790601029894255,229.0029463735367,26180921.931693442,129.77777777777777,"{'DROPOUT': 160, 'END_OF_DATA': 20}",10000000
180,26126885.306344677,261.2688530634468,0.7666666666666667,67.84042081349692,21.42857218883476,239.28241141214377,36126885.30634467,129.77777777777777,"{'DROPOUT': 160, 'END_OF_DATA': 20}",10000000
180,12004700.29309003,120.04700293090032,0.7222222222222222,67.55464836424278,12.736056182262026,236.48847014481942,22004700.293090034,129.77777777777777,"{'DROPOUT': 160, 'END_OF_DATA': 20}",10000000
180,24104471.265064355,241.04471265064356,0.8111111111111111,103.18232529572657,20.900177968728457,330.8547053451607,34104471.265064366,129.77777777777777,"{'DROPOUT': 160, 'END_OF_DATA': 20}",10000000
180,27402720.868620854,274.02720868620855,0.7444444444444445,95.14256874531691,17.408218698939628,348.1214799774193,37402720.86862086,129.77777777777777,"{'DROPOUT': 160, 'END_OF_DATA': 20}",10000000
180,38225329.59794034,382.2532959794034,0.7222222222222222,133.5240881799616,15.313305693255563,452.2293727814721,48225329.59794032,129.77777777777777,"{'DROPOUT': 160, 'END_OF_DATA': 20}",10000000
180,29909567.07455676,299.0956707455676,0.7444444444444445,107.01214355894206,22.062416207390438,360.60329897208817,39909567.07455677,129.77777777777777,"{'DROPOUT': 160, 'END_OF_DATA': 20}",10000000
180,14686832.355203778,146.8683235520378,0.7833333333333333,92.5811605231029,19.405831163434396,276.95096976901766,24686832.355203755,129.77777777777777,"{'DROPOUT': 160, 'END_OF_DATA': 20}",10000000
180,26513656.58271824,265.1365658271824,0.8444444444444444,115.37332453869494,23.981507851622034,345.4398420694995,36513656.582718246,129.77777777777777,"{'DROPOUT': 160, 'END_OF_DATA': 20}",10000000
180,40305774.369472966,403.0577436947296,0.7444444444444445,122.8878828109158,14.84653305309062,434.71919099115996,50305774.36947297,129.77777777777777,"{'DROPOUT': 160, 'END_OF_DATA': 20}",10000000
180,24078324.38734759,240.78324387347593,0.8222222222222222,85.75934661523277,19.51498419048911,308.05340152115025,34078324.38734759,129.77777777777777,"{'DROPOUT': 160, 'END_OF_DATA': 20}",10000000
180,23319500.118780263,233.1950011878026,0.7777777777777778,107.99754551697849,23.018320397301366,342.4911213051029,33319500.11878027,129.77777777777777,"{'DROPOUT': 160, 'END_OF_DATA': 20}",10000000
180,23417467.172241718,234.17467172241717,0.7944444444444444,110.73806928983215,23.363153982588667,383.43725675445467,33417467.172241725,129.77777777777777,"{'DROPOUT': 160, 'END_OF_DATA': 20}",10000000
180,16159037.993717697,161.59037993717698,0.7333333333333333,64.02278633945302,12.606009371818946,151.32534687865834,26159037.993717685,129.77777777777777,"{'DROPOUT': 160, 'END_OF_DATA': 20}",10000000
180,23684274.674460474,236.84274674460474,0.7388888888888889,59.70525487849126,19.229447070667188,119.61287219838347,33684274.67446046,129.77777777777777,"{'DROPOUT': 160, 'END_OF_DATA': 20}",10000000
180,14173213.673202945,141.73213673202946,0.7833333333333333,107.76704982103833,20.27656564565909,325.6326607110232,24173213.67320295,129.77777777777777,"{'DROPOUT': 160, 'END_OF_DATA': 20}",10000000
180,18773761.59325829,187.7376159325829,0.7833333333333333,77.78611843173995,18.291123819195906,242.31378680928745,28773761.59325829,129.77777777777777,"{'DROPOUT': 160, 'END_OF_DATA': 20}",10000000
180,30752972.58444454,307.5297258444454,0.8388888888888889,95.34262368800293,25.061575341045923,325.5073062958112,40752972.58444454,129.77777777777777,"{'DROPOUT': 160, 'END_OF_DATA': 20}",10000000
180,42712374.02790035,427.1237402790035,0.7833333333333333,113.63306535010386,20.08876418795623,392.1872923540872,52712374.02790037,129.77777777777777,"{'DROPOUT': 160, 'END_OF_DATA': 20}",10000000
180,25711251.04060626,257.1125104060626,0.7833333333333333,82.35335497934582,20.91427916224982,234.00509771546993,35711251.040606275,129.77777777777777,"{'DROPOUT': 160, 'END_OF_DATA': 20}",10000000
180,47066523.80746454,470.6652380746454,0.7611111111111111,88.43997862787168,17.294261689640173,327.86733073523834,57066523.80746454,129.77777777777777,"{'DROPOUT': 160, 'END_OF_DATA': 20}",10000000
180,31646463.078621697,316.46463078621696,0.7944444444444444,68.67017745196301,17.635570799541085,161.3970613196322,41646463.07862169,129.77777777777777,"{'DROPOUT': 160, 'END_OF_DATA': 20}",10000000
180,36339732.107725576,363.39732107725575,0.7611111111111111,95.84132167478053,12.218862920478665,336.9448296803233,46339732.10772558,129.77777777777777,"{'DROPOUT': 160, 'END_OF_DATA': 20}",10000000
180,32328251.141966663,323.28251141966666,0.7277777777777777,118.64544059600811,15.346008627441174,379.1595104468928,42328251.14196668,129.77777777777777,"{'DROPOUT': 160, 'END_OF_DATA': 20}",10000000
180,26199431.143982366,261.99431143982366,0.7777777777777778,108.5155774231076,24.807191235349684,281.3325418037151,36199431.14398236,129.77777777777777,"{'DROPOUT': 160, 'END_OF_DATA': 20}",10000000
180,22594521.359892007,225.94521359892008,0.7666666666666667,120.387896786109,20.453513548987562,398.8944774741736,32594521.359892007,129.77777777777777,"{'DROPOUT': 160, 'END_OF_DATA': 20}",10000000
180,17804278.443963923,178.04278443963923,0.7833333333333333,70.91175687399732,19.302844606026664,209.04987311444177,27804278.443963937,129.77777777777777,"{'DROPOUT': 160, 'END_OF_DATA': 20}",10000000
180,17887539.11299996,178.87539112999963,0.8,85.31152387539707,22.049692820481383,254.90638562532118,27887539.112999965,129.77777777777777,"{'DROPOUT': 160, 'END_OF_DATA': 20}",10000000
180,41803249.040245034,418.0324904024503,0.8,130.25071421279065,21.013092403654305,427.1220876672205,51803249.04024504,129.77777777777777,"{'DROPOUT': 160, 'END_OF_DATA': 20}",10000000
180,28312411.622355714,283.12411622355717,0.7944444444444444,70.07096602060835,22.352636496838784,185.62105809173806,38312411.622355714,129.77777777777777,"{'DROPOUT': 160, 'END_OF_DATA': 20}",10000000
180,28210958.77075048,282.10958770750483,0.8222222222222222,77.42164083340649,26.617812132945012,250.85067195119842,38210958.77075049,129.77777777777777,"{'DROPOUT': 160, 'END_OF_DATA': 20}",10000000
180,21822325.03892211,218.2232503892211,0.7611111111111111,71.13453857819114,19.02885432305893,222.41532314428184,31822325.038922116,129.77777777777777,"{'DROPOUT': 160, 'END_OF_DATA': 20}",10000000
180,13881703.413990397,138.81703413990397,0.7611111111111111,85.39177057713245,14.270339831603081,307.6953850229926,23881703.4139904,129.77777777777777,"{'DROPOUT': 160, 'END_OF_DATA': 20}",10000000
180,8820693.972746063,88.20693972746064,0.7777777777777778,96.12608757422146,15.171988259940717,313.0605095386345,18820693.97274606,129.77777777777777,"{'DROPOUT': 160, 'END_OF_DATA': 20}",10000000
180,11470724.738082008,114.70724738082008,0.7833333333333333,69.3016976948929,21.82080226596952,157.33858541906875,21470724.738082007,129.77777777777777,"{'DROPOUT': 160, 'END_OF_DATA': 20}",10000000
180,34634178.89297369,346.34178892973694,0.7833333333333333,101.50467974241899,18.24577543075536,326.7549121977697,44634178.89297369,129.77777777777777,"{'DROPOUT': 160, 'END_OF_DATA': 20}",10000000
180,10443659.96539924,104.43659965399239,0.7222222222222222,53.43985727341349,14.128985963312122,147.22121508304556,20443659.965399247,129.77777777777777,"{'DROPOUT': 160, 'END_OF_DATA': 20}",10000000
180,17699605.48510051,176.9960548510051,0.8055555555555556,99.34740520777262,22.06149415889998,309.0893072047339,27699605.485100504,129.77777777777777,"{'DROPOUT': 160, 'END_OF_DATA': 20}",10000000
180,41073350.021064356,410.73350021064357,0.7944444444444444,89.6806096486066,15.013228334073931,337.4235138480287,51073350.021064386,129.77777777777777,"{'DROPOUT': 160, 'END_OF_DATA': 20}",10000000
180,48044182.669688955,480.4418266968895,0.7888888888888889,145.95340744980777,22.599848404126234,467.59957732192936,58044182.669688955,129.77777777777777,"{'DROPOUT': 160, 'END_OF_DATA': 20}",10000000
180,33736741.5324486,337.367415324486,0.7833333333333333,110.88995443476419,25.712919703893036,383.1988057657858,43736741.53244858,129.77777777777777,"{'DROPOUT': 160, 'END_OF_DATA': 20}",10000000
180,18266564.54500492,182.6656454500492,0.8166666666666667,51.59274253628925,19.890925364883387,96.65258188292971,28266564.545004915,129.77777777777777,"{'DROPOUT': 160, 'END_OF_DATA': 20}",10000000
180,13008644.856354604,130.08644856354604,0.7833333333333333,77.55134303045583,14.755704301214823,280.9513244579525,23008644.856354587,129.77777777777777,"{'DROPOUT': 160, 'END_OF_DATA': 20}",10000000
180,17215399.796156958,172.1539979615696,0.7222222222222222,132.35276762448922,13.654275060115324,430.06724369645895,27215399.796156958,129.77777777777777,"{'DROPOUT': 160, 'END_OF_DATA': 20}",10000000
180,21599768.50499413,215.9976850499413,0.7944444444444444,87.08440587086494,21.18026939369411,255.49497605074367,31599768.504994135,129.77777777777777,"{'DROPOUT': 160, 'END_OF_DATA': 20}",10000000
180,17288212.21192085,172.8821221192085,0.7888888888888889,73.3039059523981,17.002749252892173,244.68623060357675,27288212.211920843,129.77777777777777,"{'DROPOUT': 160, 'END_OF_DATA': 20}",10000000
180,12683629.380354207,126.83629380354206,0.8277777777777777,98.01213894708393,20.87062939970705,318.60889342151836,22683629.380354207,129.77777777777777,"{'DROPOUT': 160, 'END_OF_DATA': 20}",10000000
180,13174185.1109575,131.74185110957498,0.7611111111111111,113.68865890533436,17.71972390499413,387.91490007142494,23174185.110957492,129.77777777777777,"{'DROPOUT': 160, 'END_OF_DATA': 20}",10000000
180,17055137.141406406,170.55137141406408,0.7388888888888889,63.37486591063969,17.226081548737113,189.11972659546035,27055137.141406417,129.77777777777777,"{'DROPOUT': 160, 'END_OF_DATA': 20}",10000000
180,12847524.805183157,128.47524805183156,0.7611111111111111,35.20438708764088,16.22899884236867,63.83654507338034,22847524.805183165,129.77777777777777,"{'DROPOUT': 160, 'END_OF_DATA': 20}",10000000
180,38911450.21896648,389.11450218966473,0.8,136.3644256611953,25.814665513646112,372.58701501796537,48911450.21896648,129.77777777777777,"{'DROPOUT': 160, 'END_OF_DATA': 20}",10000000
180,30032124.754592925,300.3212475459292,0.8,93.23605532598938,21.545872195951212,325.7151080853465,40032124.75459293,129.77777777777777,"{'DROPOUT': 160, 'END_OF_DATA': 20}",10000000
180,14260233.553978773,142.60233553978773,0.8333333333333334,115.40466538257375,20.552369397133532,381.4152445848078,24260233.553978764,129.77777777777777,"{'DROPOUT': 160, 'END_OF_DATA': 20}",10000000
180,15363222.269424709,153.63222269424708,0.7,78.53488076959552,14.207402903014264,321.598585875487,25363222.26942471,129.77777777777777,"{'DROPOUT': 160, 'END_OF_DATA': 20}",10000000
180,34321387.06535995,343.21387065359954,0.8277777777777777,124.50229805377114,22.13983922677673,403.2190217420843,44321387.065359935,129.77777777777777,"{'DROPOUT': 160, 'END_OF_DATA': 20}",10000000
180,18832312.114813454,188.32312114813453,0.7833333333333333,57.964697998128266,19.59330512003936,199.36172135254526,28832312.114813462,129.77777777777777,"{'DROPOUT': 160, 'END_OF_DATA': 20}",10000000
180,12538992.283988321,125.38992283988321,0.7666666666666667,71.44741808858832,13.872884588268288,251.05654571428872,22538992.283988327,129.77777777777777,"{'DROPOUT': 160, 'END_OF_DATA': 20}",10000000
180,26518947.935277343,265.1894793527734,0.8111111111111111,67.39917942036053,21.442131637111842,232.19228414217122,36518947.93527734,129.77777777777777,"{'DROPOUT': 160, 'END_OF_DATA': 20}",10000000
180,19205698.76666838,192.0569876666838,0.7555555555555555,50.41177957747107,18.9119216188899,117.43937231719785,29205698.76666839,129.77777777777777,"{'DROPOUT': 160, 'END_OF_DATA': 20}",10000000
180,14213366.433837976,142.13366433837976,0.7777777777777778,74.01835534382988,15.677768184128052,199.9810656106599,24213366.433837987,129.77777777777777,"{'DROPOUT': 160, 'END_OF_DATA': 20}",10000000
180,32601166.533581793,326.0116653358179,0.7944444444444444,92.22930419635898,20.744473903223547,348.92141132695934,42601166.53358177,129.77777777777777,"{'DROPOUT': 160, 'END_OF_DATA': 20}",10000000
180,14171976.890960442,141.71976890960443,0.7777777777777778,51.46671932480872,16.298462634252914,113.26471103165551,24171976.890960444,129.77777777777777,"{'DROPOUT': 160, 'END_OF_DATA': 20}",10000000
180,32409859.25192707,324.0985925192707,0.7777777777777778,81.77575365365149,24.999998669539185,219.8783158465745,42409859.25192708,129.77777777777777,"{'DROPOUT': 160, 'END_OF_DATA': 20}",10000000
180,14067280.288645368,140.67280288645367,0.7833333333333333,114.88968919102372,19.34822198290467,358.95584359468955,24067280.288645364,129.77777777777777,"{'DROPOUT': 160, 'END_OF_DATA': 20}",10000000
180,12806253.176230136,128.06253176230135,0.75,92.71659256388577,16.10454125558401,303.27693687778986,22806253.17623013,129.77777777777777,"{'DROPOUT': 160, 'END_OF_DATA': 20}",10000000
180,29051835.416657493,290.5183541665749,0.7833333333333333,69.45252951981016,17.216348918631237,219.84464802463,39051835.41665748,129.77777777777777,"{'DROPOUT': 160, 'END_OF_DATA': 20}",10000000
180,13336158.385913584,133.36158385913583,0.7555555555555555,71.91177523939662,15.313506501818372,241.8796208719565,23336158.385913596,129.77777777777777,"{'DROPOUT': 160, 'END_OF_DATA': 20}",10000000
180,18960264.184750266,189.60264184750267,0.75,72.88456051991322,16.954020441257583,156.87966990336696,28960264.184750266,129.77777777777777,"{'DROPOUT': 160, 'END_OF_DATA': 20}",10000000
180,32880723.16615307,328.8072316615307,0.7666666666666667,103.61522090083685,19.229414947003818,328.96285197498526,42880723.16615307,129.77777777777777,"{'DROPOUT': 160, 'END_OF_DATA': 20}",10000000
180,14100521.799608909,141.0052179960891,0.7611111111111111,70.81476137780992,13.846664927912197,269.59122225662435,24100521.79960891,129.77777777777777,"{'DROPOUT': 160, 'END_OF_DATA': 20}",10000000
180,21609531.397394627,216.09531397394628,0.7722222222222223,119.79424076313416,23.285451739827174,391.308280493051,31609531.39739462,129.77777777777777,"{'DROPOUT': 160, 'END_OF_DATA': 20}",10000000
180,13201744.954294395,132.01744954294395,0.8,92.22123876019644,19.550187171942937,287.37606034063305,23201744.954294395,129.77777777777777,"{'DROPOUT': 160, 'END_OF_DATA': 20}",10000000
180,23873342.700561006,238.73342700561005,0.7888888888888889,116.17879193945224,17.137108039880058,420.4865850197532,33873342.700561,129.77777777777777,"{'DROPOUT': 160, 'END_OF_DATA': 20}",10000000
180,16405025.773531152,164.05025773531153,0.7444444444444445,72.11358964098434,13.787734711058816,285.2041187994444,26405025.77353116,129.77777777777777,"{'DROPOUT': 160, 'END_OF_DATA': 20}",10000000
180,25064232.137127884,250.64232137127883,0.7722222222222223,82.56398942083318,13.543255043243663,281.3287518999346,35064232.13712788,129.77777777777777,"{'DROPOUT': 160, 'END_OF_DATA': 20}",10000000
180,27076732.144902963,270.7673214490296,0.75,73.67748310440057,15.244776314117066,261.2819150078059,37076732.14490296,129.77777777777777,"{'DROPOUT': 160, 'END_OF_DATA': 20}",10000000
180,24786808.074027702,247.868080740277,0.7888888888888889,55.43569945534507,16.119406103209965,143.2749157101368,34786808.07402771,129.77777777777777,"{'DROPOUT': 160, 'END_OF_DATA': 20}",10000000
180,27730175.53777466,277.3017553777466,0.7888888888888889,92.67623780409714,13.909477157566457,331.88232375148436,37730175.537774675,129.77777777777777,"{'DROPOUT': 160, 'END_OF_DATA': 20}",10000000
180,36656366.090779655,366.56366090779653,0.7888888888888889,114.63654704682773,21.63399736907169,382.4476792681385,46656366.090779684,129.77777777777777,"{'DROPOUT': 160, 'END_OF_DATA': 20}",10000000
180,19175303.120491903,191.753031204919,0.7666666666666667,102.60169322287076,14.531889952901661,327.67057509462,29175303.120491903,129.77777777777777,"{'DROPOUT': 160, 'END_OF_DATA': 20}",10000000
180,40551739.529137835,405.5173952913783,0.7277777777777777,104.6257079476764,17.261031162633245,354.03597863422493,50551739.52913782,129.77777777777777,"{'DROPOUT': 160, 'END_OF_DATA': 20}",10000000
180,20070941.285657734,200.70941285657736,0.7666666666666667,79.23146761886687,15.218743478826852,273.27001845289396,30070941.28565773,129.77777777777777,"{'DROPOUT': 160, 'END_OF_DATA': 20}",10000000
180,15333529.717995852,153.33529717995853,0.8,65.71107828659723,20.28484099885017,215.698743430799,25333529.71799586,129.77777777777777,"{'DROPOUT': 160, 'END_OF_DATA': 20}",10000000
180,19275349.7970824,192.75349797082401,0.8222222222222222,76.50262577908798,18.418670262784175,236.57917817655863,29275349.797082413,129.77777777777777,"{'DROPOUT': 160, 'END_OF_DATA': 20}",10000000
180,24153319.542265087,241.53319542265086,0.8333333333333334,96.80089573117532,19.397429502576884,282.0605405085086,34153319.54226508,129.77777777777777,"{'DROPOUT': 160, 'END_OF_DATA': 20}",10000000
180,10807763.913176913,108.07763913176913,0.7611111111111111,56.650542557514,20.047672246896006,118.25030801064963,20807763.913176917,129.77777777777777,"{'DROPOUT': 160, 'END_OF_DATA': 20}",10000000
180,20297281.90830011,202.9728190830011,0.8166666666666667,98.55826225746549,21.808767846706335,341.6984197317987,30297281.90830011,129.77777777777777,"{'DROPOUT': 160, 'END_OF_DATA': 20}",10000000
180,19348562.02003484,193.4856202003484,0.7833333333333333,55.90802563449563,19.628116940936593,126.88564818051758,29348562.020034827,129.77777777777777,"{'DROPOUT': 160, 'END_OF_DATA': 20}",10000000
180,38395288.29437537,383.9528829437537,0.7611111111111111,90.28989742088183,16.754387347861073,296.6813203884375,48395288.294375405,129.77777777777777,"{'DROPOUT': 160, 'END_OF_DATA': 20}",10000000
180,24966985.606550876,249.66985606550875,0.7166666666666667,70.34733707875563,16.6987217401378,236.4297819019767,34966985.60655088,129.77777777777777,"{'DROPOUT': 160, 'END_OF_DATA': 20}",10000000
180,18256845.43016261,182.5684543016261,0.7388888888888889,84.7051239868845,20.55502312296639,283.5251088225736,28256845.430162612,129.77777777777777,"{'DROPOUT': 160, 'END_OF_DATA': 20}",10000000
180,19920462.092194162,199.20462092194163,0.7888888888888889,38.904647138711134,18.278013647740245,84.6199969089598,29920462.092194177,129.77777777777777,"{'DROPOUT': 160, 'END_OF_DATA': 20}",10000000
180,17663327.131223973,176.63327131223974,0.7666666666666667,70.54189714033481,20.773116565270755,216.76692002108652,27663327.131223973,129.77777777777777,"{'DROPOUT': 160, 'END_OF_DATA': 20}",10000000
180,35224405.952268556,352.2440595226855,0.7555555555555555,105.03283662823532,17.040049228369565,332.96767728216656,45224405.95226858,129.77777777777777,"{'DROPOUT': 160, 'END_OF_DATA': 20}",10000000
180,14373060.865574032,143.73060865574033,0.7777777777777778,39.74233718731928,14.66904679555741,83.65706261107343,24373060.86557402,129.77777777777777,"{'DROPOUT': 160, 'END_OF_DATA': 20}",10000000
180,12814493.877356257,128.14493877356256,0.7722222222222223,65.95435345480384,18.24126538746968,167.5037771389567,22814493.87735626,129.77777777777777,"{'DROPOUT': 160, 'END_OF_DATA': 20}",10000000
180,16640919.531505363,166.40919531505364,0.7833333333333333,75.38054814874607,16.594471157467275,280.23463703622974,26640919.531505365,129.77777777777777,"{'DROPOUT': 160, 'END_OF_DATA': 20}",10000000
180,23505188.61808844,235.0518861808844,0.7555555555555555,72.16742793322858,17.338010540940896,262.2911061576223,33505188.618088424,129.77777777777777,"{'DROPOUT': 160, 'END_OF_DATA': 20}",10000000
180,38801354.068279594,388.01354068279596,0.7833333333333333,86.66309475144426,14.257091495444751,301.2705922669361,48801354.068279594,129.77777777777777,"{'DROPOUT': 160, 'END_OF_DATA': 20}",10000000
180,19833527.845366277,198.33527845366277,0.7555555555555555,46.8833184848547,16.542527535931182,124.3251453964009,29833527.845366288,129.77777777777777,"{'DROPOUT': 160, 'END_OF_DATA': 20}",10000000
180,13920889.61645215,139.2088961645215,0.8222222222222222,98.19035469000305,25.443144659463165,292.48723822925956,23920889.616452135,129.77777777777777,"{'DROPOUT': 160, 'END_OF_DATA': 20}",10000000
180,29030407.981052306,290.30407981052304,0.75,77.90307189972802,14.611492159091558,252.75217771029776,39030407.98105231,129.77777777777777,"{'DROPOUT': 160, 'END_OF_DATA': 20}",10000000
180,21798508.439099513,217.98508439099513,0.8722222222222222,108.12996012264908,24.958797708727488,337.6813807428402,31798508.4390995,129.77777777777777,"{'DROPOUT': 160, 'END_OF_DATA': 20}",10000000
180,21233344.98475017,212.3334498475017,0.7444444444444445,59.16691243197504,15.487290233998806,210.41792628406318,31233344.984750185,129.77777777777777,"{'DROPOUT': 160, 'END_OF_DATA': 20}",10000000
180,20912101.73085282,209.1210173085282,0.7055555555555556,139.12426636960922,16.324735233213538,425.9539916761014,30912101.73085282,129.77777777777777,"{'DROPOUT': 160, 'END_OF_DATA': 20}",10000000
180,31522215.398077764,315.22215398077765,0.75,90.16791172268776,18.130680309088966,311.1333324733608,41522215.39807776,129.77777777777777,"{'DROPOUT': 160, 'END_OF_DATA': 20}",10000000
180,48601305.0141097,486.01305014109704,0.8,91.41668994940778,20.470590030445763,295.5161830596783,58601305.01410968,129.77777777777777,"{'DROPOUT': 160, 'END_OF_DATA': 20}",10000000
180,21893959.91803191,218.93959918031908,0.8111111111111111,85.97064764591863,22.094983688379536,255.99724073151415,31893959.918031905,129.77777777777777,"{'DROPOUT': 160, 'END_OF_DATA': 20}",10000000
180,31803607.686958797,318.036076869588,0.7833333333333333,109.81035531807173,17.060828163634664,395.5387668082835,41803607.6869588,129.77777777777777,"{'DROPOUT': 160, 'END_OF_DATA': 20}",10000000
180,22111235.363948036,221.11235363948035,0.7444444444444445,46.34570144771085,12.941177448986744,122.74119116356098,32111235.36394803,129.77777777777777,"{'DROPOUT': 160, 'END_OF_DATA': 20}",10000000
180,58379663.98782768,583.7966398782769,0.7444444444444445,129.32816900636251,24.025138741170085,389.1435718342546,68379663.98782767,129.77777777777777,"{'DROPOUT': 160, 'END_OF_DATA': 20}",10000000
180,52756738.351561755,527.5673835156175,0.75,105.84406010127775,19.457141331263948,315.6541892952885,62756738.35156176,129.77777777777777,"{'DROPOUT': 160, 'END_OF_DATA': 20}",10000000
180,31122057.45441906,311.22057454419064,0.7611111111111111,82.8809886815281,16.83374173508343,254.22224759526645,41122057.45441906,129.77777777777777,"{'DROPOUT': 160, 'END_OF_DATA': 20}",10000000
180,21895770.181647122,218.95770181647123,0.7722222222222223,87.18794735757464,27.489877802288767,283.11667968470636,31895770.18164713,129.77777777777777,"{'DROPOUT': 160, 'END_OF_DATA': 20}",10000000
180,23014776.05948852,230.14776059488523,0.7888888888888889,69.02566312654189,19.3418564665386,213.01024597731114,33014776.059488505,129.77777777777777,"{'DROPOUT': 160, 'END_OF_DATA': 20}",10000000
180,18226221.318108827,182.26221318108827,0.8222222222222222,115.18237117765665,22.136691517151597,392.12908457727457,28226221.318108827,129.77777777777777,"{'DROPOUT': 160, 'END_OF_DATA': 20}",10000000
180,16283629.121089479,162.83629121089479,0.8111111111111111,90.07513375868413,18.263613916524456,266.16150525375997,26283629.121089466,129.77777777777777,"{'DROPOUT': 160, 'END_OF_DATA': 20}",10000000
180,40529244.848929815,405.2924484892982,0.8111111111111111,94.85599813230597,19.362225966943846,350.3002027364178,50529244.848929845,129.77777777777777,"{'DROPOUT': 160, 'END_OF_DATA': 20}",10000000
180,34168626.84780822,341.6862684780822,0.7833333333333333,131.51233634803228,19.06972213245905,402.93970632476544,44168626.8478082,129.77777777777777,"{'DROPOUT': 160, 'END_OF_DATA': 20}",10000000
180,29909491.893559895,299.09491893559897,0.8111111111111111,100.78616488726306,23.211764633533306,345.96444421199254,39909491.893559895,129.77777777777777,"{'DROPOUT': 160, 'END_OF_DATA': 20}",10000000
180,25992248.79470869,259.9224879470869,0.8055555555555556,67.71579315322695,21.757758445513424,209.18636041147042,35992248.79470868,129.77777777777777,"{'DROPOUT': 160, 'END_OF_DATA': 20}",10000000
180,18779747.563095894,187.79747563095896,0.7777777777777778,80.15683902566761,19.881286024364872,228.8413968880814,28779747.563095897,129.77777777777777,"{'DROPOUT': 160, 'END_OF_DATA': 20}",10000000
180,25243991.997167703,252.439919971677,0.8222222222222222,92.75188590892617,25.145921128243117,304.4832468250088,35243991.997167714,129.77777777777777,"{'DROPOUT': 160, 'END_OF_DATA': 20}",10000000
180,24004452.065420635,240.04452065420634,0.7222222222222222,68.40089566749477,12.066506453311778,271.1194749619789,34004452.065420635,129.77777777777777,"{'DROPOUT': 160, 'END_OF_DATA': 20}",10000000
180,22726744.75437662,227.2674475437662,0.8333333333333334,91.43646928287086,23.09861337388539,269.49355124544786,32726744.754376616,129.77777777777777,"{'DROPOUT': 160, 'END_OF_DATA': 20}",10000000
180,19736024.103515796,197.36024103515797,0.7611111111111111,47.07280415400663,17.15606312537593,100.29000517914127,29736024.10351579,129.77777777777777,"{'DROPOUT': 160, 'END_OF_DATA': 20}",10000000
180,15686734.247194555,156.86734247194553,0.7333333333333333,70.59490722906354,14.202367883487607,259.13387054681004,25686734.247194566,129.77777777777777,"{'DROPOUT': 160, 'END_OF_DATA': 20}",10000000
180,19193580.357450567,191.93580357450568,0.7611111111111111,83.21189864256505,18.402767014327452,255.20001886561278,29193580.357450582,129.77777777777777,"{'DROPOUT': 160, 'END_OF_DATA': 20}",10000000
180,12773291.373139773,127.73291373139773,0.7611111111111111,48.0940694810995,15.62478918299828,114.2452504937147,22773291.373139758,129.77777777777777,"{'DROPOUT': 160, 'END_OF_DATA': 20}",10000000
180,25501899.784268558,255.0189978426856,0.8,82.6143251813171,18.52806667361011,295.57340574349166,35501899.78426857,129.77777777777777,"{'DROPOUT': 160, 'END_OF_DATA': 20}",10000000
180,28441955.669902563,284.41955669902563,0.8,111.69332895415008,22.19478511417757,379.26521113899184,38441955.66990257,129.77777777777777,"{'DROPOUT': 160, 'END_OF_DATA': 20}",10000000
180,26463207.915385686,264.63207915385686,0.7444444444444445,99.19708217326584,20.73388696492561,331.41401332261535,36463207.915385686,129.77777777777777,"{'DROPOUT': 160, 'END_OF_DATA': 20}",10000000
180,31071588.07241942,310.71588072419416,0.8277777777777777,75.49688963093067,22.610389006122894,174.93782778315665,41071588.072419435,129.77777777777777,"{'DROPOUT': 160, 'END_OF_DATA': 20}",10000000
180,23474937.038781535,234.74937038781536,0.7833333333333333,88.6943308257286,20.325605701926115,292.4866716410986,33474937.038781542,129.77777777777777,"{'DROPOUT': 160, 'END_OF_DATA': 20}",10000000
180,25164228.41960548,251.6422841960548,0.7944444444444444,84.60484459036496,23.235019397919835,276.87047456220455,35164228.419605486,129.77777777777777,"{'DROPOUT': 160, 'END_OF_DATA': 20}",10000000
180,41138895.365303814,411.38895365303813,0.7777777777777778,100.29182468415642,21.199185371591298,353.30228086742767,51138895.36530377,129.77777777777777,"{'DROPOUT': 160, 'END_OF_DATA': 20}",10000000
180,34719876.88327114,347.19876883271144,0.7555555555555555,120.78397021311915,17.20077712476594,366.0433476815726,44719876.88327112,129.77777777777777,"{'DROPOUT': 160, 'END_OF_DATA': 20}",10000000
180,20984582.137668576,209.84582137668576,0.7555555555555555,73.88660548385754,20.33004489601589,209.7050753811206,30984582.137668572,129.77777777777777,"{'DROPOUT': 160, 'END_OF_DATA': 20}",10000000
180,62586511.99617481,625.8651199617481,0.8111111111111111,117.62914150206781,23.101965061640467,415.5065192039785,72586511.9961748,129.77777777777777,"{'DROPOUT': 160, 'END_OF_DATA': 20}",10000000
180,24594428.35729702,245.9442835729702,0.7333333333333333,74.76331634030187,14.976389072942816,267.1720666893134,34594428.357297,129.77777777777777,"{'DROPOUT': 160, 'END_OF_DATA': 20}",10000000
180,31555198.895179294,315.55198895179296,0.8222222222222222,70.29503182911058,19.57950184691515,218.5811326789222,41555198.895179294,129.77777777777777,"{'DROPOUT': 160, 'END_OF_DATA': 20}",10000000
180,19490694.50605225,194.90694506052247,0.7888888888888889,83.04862781829829,17.401141430604028,313.85045470239965,29490694.50605224,129.77777777777777,"{'DROPOUT': 160, 'END_OF_DATA': 20}",10000000
180,20573547.845253374,205.73547845253373,0.8222222222222222,62.26106600464126,21.6271790151684,134.30703342711104,30573547.84525336,129.77777777777777,"{'DROPOUT': 160, 'END_OF_DATA': 20}",10000000
180,33137548.822854616,331.37548822854615,0.8055555555555556,103.43103988255656,24.848406712372203,333.2378809655834,43137548.82285462,129.77777777777777,"{'DROPOUT': 160, 'END_OF_DATA': 20}",10000000
180,30029533.243718557,300.2953324371856,0.7888888888888889,106.60516832405838,21.71508679336136,364.683968025038,40029533.24371855,129.77777777777777,"{'DROPOUT': 160, 'END_OF_DATA': 20}",10000000
180,16464625.23616676,164.64625236166762,0.7888888888888889,69.12165085967705,16.2727857204867,237.7700512114899,26464625.236166757,129.77777777777777,"{'DROPOUT': 160, 'END_OF_DATA': 20}",10000000
180,29769135.88692706,297.69135886927063,0.7166666666666667,91.63992518413441,17.23943923214373,302.66121446737606,39769135.88692704,129.77777777777777,"{'DROPOUT': 160, 'END_OF_DATA': 20}",10000000
180,30119628.324592657,301.19628324592657,0.8,85.98428025259422,19.649403232690375,302.70391295227023,40119628.32459265,129.77777777777777,"{'DROPOUT': 160, 'END_OF_DATA': 20}",10000000
180,31974285.336977422,319.74285336977425,0.7944444444444444,85.96425573539689,19.83947230297522,289.339398934757,41974285.33697741,129.77777777777777,"{'DROPOUT': 160, 'END_OF_DATA': 20}",10000000
180,14789193.130460672,147.89193130460671,0.7833333333333333,61.49228825187122,17.316272871472048,201.88306665176816,24789193.130460672,129.77777777777777,"{'DROPOUT': 160, 'END_OF_DATA': 20}",10000000
180,11110191.3657059,111.10191365705899,0.7888888888888889,58.5128191728749,21.17435000517508,177.06475157559248,21110191.36570591,129.77777777777777,"{'DROPOUT': 160, 'END_OF_DATA': 20}",10000000
180,18182402.156799596,181.82402156799594,0.75,89.86114034673275,18.352333371430426,266.4296281197666,28182402.156799585,129.77777777777777,"{'DROPOUT': 160, 'END_OF_DATA': 20}",10000000
180,21767821.29697014,217.67821296970143,0.75,69.98757651109827,14.089544843368891,260.3557952432245,31767821.296970136,129.77777777777777,"{'DROPOUT': 160, 'END_OF_DATA': 20}",10000000
180,31159201.5419063,311.592015419063,0.7944444444444444,109.01100941956253,13.643867703182945,351.3139760797235,41159201.541906305,129.77777777777777,"{'DROPOUT': 160, 'END_OF_DATA': 20}",10000000
180,13537244.39296212,135.3724439296212,0.7722222222222223,57.46795132969438,16.6087320874654,134.87132361972755,23537244.39296211,129.77777777777777,"{'DROPOUT': 160, 'END_OF_DATA': 20}",10000000
180,14561278.71734083,145.61278717340832,0.7888888888888889,63.21073847181132,16.79300487589413,210.49239376213814,24561278.717340842,129.77777777777777,"{'DROPOUT': 160, 'END_OF_DATA': 20}",10000000
180,38715474.15163541,387.1547415163541,0.8166666666666667,92.88697734780472,20.972617013113847,290.28116989635345,48715474.15163542,129.77777777777777,"{'DROPOUT': 160, 'END_OF_DATA': 20}",10000000
180,27668733.80479676,276.6873380479676,0.8111111111111111,86.54653483930662,20.02349160493477,303.3826041205936,37668733.804796755,129.77777777777777,"{'DROPOUT': 160, 'END_OF_DATA': 20}",10000000
180,16638779.289455924,166.38779289455925,0.7277777777777777,78.25355081924317,17.74702270705789,251.08097462408782,26638779.289455924,129.77777777777777,"{'DROPOUT': 160, 'END_OF_DATA': 20}",10000000
180,26055068.52298941,260.55068522989416,0.7666666666666667,90.25787070777962,19.77741795534324,329.77378876578257,36055068.522989415,129.77777777777777,"{'DROPOUT': 160, 'END_OF_DATA': 20}",10000000
180,21035284.276835315,210.35284276835316,0.7611111111111111,93.6796722993835,16.896257385726575,283.3015379528487,31035284.276835322,129.77777777777777,"{'DROPOUT': 160, 'END_OF_DATA': 20}",10000000
180,10954526.577831052,109.54526577831052,0.6944444444444444,54.57364169156707,12.530876231274059,200.01336633335745,20954526.577831045,129.77777777777777,"{'DROPOUT': 160, 'END_OF_DATA': 20}",10000000
180,38547093.80386274,385.4709380386274,0.8277777777777777,100.87352970347642,22.57049244173217,254.31394577010622,48547093.803862706,129.77777777777777,"{'DROPOUT': 160, 'END_OF_DATA': 20}",10000000
180,26499065.83200059,264.9906583200059,0.75,110.02477797927673,18.865433240372084,325.7473668872455,36499065.83200058,129.77777777777777,"{'DROPOUT': 160, 'END_OF_DATA': 20}",10000000
180,40123540.79772179,401.23540797721785,0.8,115.30163032153203,20.43798379196893,377.6468977707869,50123540.797721796,129.77777777777777,"{'DROPOUT': 160, 'END_OF_DATA': 20}",10000000
180,18817879.73818151,188.1787973818151,0.8277777777777777,96.64243396678937,22.29636060419854,337.3312104283403,28817879.73818151,129.77777777777777,"{'DROPOUT': 160, 'END_OF_DATA': 20}",10000000
180,18288568.58118451,182.8856858118451,0.7888888888888889,60.604631355438485,15.943986580556267,133.37500806622154,28288568.58118452,129.77777777777777,"{'DROPOUT': 160, 'END_OF_DATA': 20}",10000000
180,42259134.71651396,422.59134716513967,0.7277777777777777,130.64723333351773,13.355602961214185,409.06377774693084,52259134.71651396,129.77777777777777,"{'DROPOUT': 160, 'END_OF_DATA': 20}",10000000
180,21988413.149530493,219.88413149530493,0.8055555555555556,134.70273298657665,23.675190259254332,411.8645376614271,31988413.149530496,129.77777777777777,"{'DROPOUT': 160, 'END_OF_DATA': 20}",10000000
180,27343710.016972255,273.43710016972256,0.7888888888888889,62.1912570179877,17.70678015683506,134.618857801714,37343710.01697226,129.77777777777777,"{'DROPOUT': 160, 'END_OF_DATA': 20}",10000000
180,25095513.83823282,250.95513838232816,0.7833333333333333,119.6230113757902,26.403074210605723,350.161293953795,35095513.8382328,129.77777777777777,"{'DROPOUT': 160, 'END_OF_DATA': 20}",10000000
180,21455079.818077765,214.55079818077766,0.7888888888888889,98.05217126457796,16.992601887320326,332.7894206360897,31455079.818077765,129.77777777777777,"{'DROPOUT': 160, 'END_OF_DATA': 20}",10000000
180,14035757.663141858,140.35757663141857,0.8166666666666667,85.07320452145284,20.86753369683371,321.81937302003945,24035757.66314187,129.77777777777777,"{'DROPOUT': 160, 'END_OF_DATA': 20}",10000000
180,13641696.46380622,136.41696463806218,0.7833333333333333,43.20346336422654,16.81097467962686,80.65771149821367,23641696.463806212,129.77777777777777,"{'DROPOUT': 160, 'END_OF_DATA': 20}",10000000
180,48185333.010777205,481.853330107772,0.8166666666666667,130.84235513031578,19.295781390635142,414.5798544493943,58185333.010777205,129.77777777777777,"{'DROPOUT': 160, 'END_OF_DATA': 20}",10000000
180,26681121.33490194,266.8112133490194,0.7388888888888889,79.23241222459157,15.066855990805568,216.0198542900275,36681121.334901944,129.77777777777777,"{'DROPOUT': 160, 'END_OF_DATA': 20}",10000000
180,21213485.11742699,212.1348511742699,0.7666666666666667,62.00926024991228,18.934741405082,121.72737303861172,31213485.11742699,129.77777777777777,"{'DROPOUT': 160, 'END_OF_DATA': 20}",10000000
180,20711252.614281215,207.11252614281213,0.7666666666666667,116.8476902479147,19.9049960987481,369.258360566261,30711252.614281204,129.77777777777777,"{'DROPOUT': 160, 'END_OF_DATA': 20}",10000000
180,15684889.682790387,156.84889682790387,0.8166666666666667,95.43526921553224,20.014520557423104,281.5888853323347,25684889.68279038,129.77777777777777,"{'DROPOUT': 160, 'END_OF_DATA': 20}",10000000
180,44267458.20319368,442.67458203193684,0.8055555555555556,110.48899436320929,17.986611621000904,348.080260753486,54267458.20319367,129.77777777777777,"{'DROPOUT': 160, 'END_OF_DATA': 20}",10000000
180,20533029.05575122,205.3302905575122,0.7944444444444444,87.04234324847121,19.09059646019756,230.5094345171304,30533029.055751204,129.77777777777777,"{'DROPOUT': 160, 'END_OF_DATA': 20}",10000000
180,25631906.707343675,256.31906707343677,0.7777777777777778,88.57539361658515,19.106544144419775,289.6116231924854,35631906.70734368,129.77777777777777,"{'DROPOUT': 160, 'END_OF_DATA': 20}",10000000
180,14897240.281593211,148.97240281593213,0.8111111111111111,70.88282431450385,17.389040647509063,257.6296857690993,24897240.281593215,129.77777777777777,"{'DROPOUT': 160, 'END_OF_DATA': 20}",10000000
180,19321738.54517426,193.21738545174262,0.7722222222222223,73.30166529845675,20.812220249936523,206.92324508550885,29321738.545174263,129.77777777777777,"{'DROPOUT': 160, 'END_OF_DATA': 20}",10000000
180,28703888.523552902,287.038885235529,0.7444444444444445,97.68526073910887,13.890847261073956,338.4736586646197,38703888.52355291,129.77777777777777,"{'DROPOUT': 160, 'END_OF_DATA': 20}",10000000
180,42249179.11124013,422.4917911124013,0.7555555555555555,104.18330349981846,16.016272622148335,356.3997543399586,52249179.11124015,129.77777777777777,"{'DROPOUT': 160, 'END_OF_DATA': 20}",10000000
180,15517752.977433156,155.17752977433156,0.7444444444444445,81.18084841412723,13.703241260271511,282.4717017440558,25517752.97743316,129.77777777777777,"{'DROPOUT': 160, 'END_OF_DATA': 20}",10000000
180,11317592.255507223,113.17592255507223,0.7777777777777778,62.56172381724374,17.956347760910262,205.07395821130805,21317592.25550722,129.77777777777777,"{'DROPOUT': 160, 'END_OF_DATA': 20}",10000000
180,29589552.552591223,295.8955255259122,0.7722222222222223,113.33663350147928,22.207263012294128,352.80671961363066,39589552.552591205,129.77777777777777,"{'DROPOUT': 160, 'END_OF_DATA': 20}",10000000
180,24577463.932963274,245.77463932963272,0.7611111111111111,85.971031267088,14.50368193359158,293.9995818276187,34577463.932963274,129.77777777777777,"{'DROPOUT': 160, 'END_OF_DATA': 20}",10000000
180,17240966.624923885,172.40966624923885,0.7666666666666667,71.8899505342117,14.819940916604256,224.87247881022915,27240966.62492388,129.77777777777777,"{'DROPOUT': 160, 'END_OF_DATA': 20}",10000000
180,13824051.620705549,138.2405162070555,0.7388888888888889,80.74853308690109,19.02381169219158,247.6892710159539,23824051.620705552,129.77777777777777,"{'DROPOUT': 160, 'END_OF_DATA': 20}",10000000
180,15292029.136355158,152.9202913635516,0.7888888888888889,59.970059894658455,16.78022797884892,205.79082573382283,25292029.13635515,129.77777777777777,"{'DROPOUT': 160, 'END_OF_DATA': 20}",10000000
180,21154083.896427438,211.54083896427437,0.7666666666666667,96.46564216975037,16.90532802737821,306.35710736380173,31154083.896427434,129.77777777777777,"{'DROPOUT': 160, 'END_OF_DATA': 20}",10000000
180,19261907.654771194,192.61907654771193,0.7833333333333333,115.37333745379443,21.526056367552137,366.89884095208225,29261907.654771175,129.77777777777777,"{'DROPOUT': 160, 'END_OF_DATA': 20}",10000000
180,42883489.71706218,428.83489717062184,0.8,158.0938130485897,24.687130315437773,473.49604363475845,52883489.71706217,129.77777777777777,"{'DROPOUT': 160, 'END_OF_DATA': 20}",10000000
180,21116400.058109794,211.16400058109792,0.7777777777777778,71.4545788987036,19.25634573906421,220.48071001401428,31116400.05810979,129.77777777777777,"{'DROPOUT': 160, 'END_OF_DATA': 20}",10000000
180,23740379.99125566,237.40379991255656,0.7444444444444445,99.25187159340939,11.07476562701826,372.59618741780343,33740379.991255656,129.77777777777777,"{'DROPOUT': 160, 'END_OF_DATA': 20}",10000000
180,30997031.155968376,309.97031155968375,0.7944444444444444,82.10998769696681,17.566356458810755,244.03090218958442,40997031.1559684,129.77777777777777,"{'DROPOUT': 160, 'END_OF_DATA': 20}",10000000
180,37670813.367570914,376.7081336757091,0.7444444444444445,74.43692498362189,15.247097070688284,271.4387710383856,47670813.36757092,129.77777777777777,"{'DROPOUT': 160, 'END_OF_DATA': 20}",10000000
180,31243428.131823488,312.4342813182349,0.8111111111111111,93.46218326577335,25.080486466680323,254.9213110628411,41243428.13182347,129.77777777777777,"{'DROPOUT': 160, 'END_OF_DATA': 20}",10000000
180,15258931.829217784,152.58931829217784,0.7111111111111111,51.98056469034748,12.701616395685512,194.26653482817488,25258931.829217788,129.77777777777777,"{'DROPOUT': 160, 'END_OF_DATA': 20}",10000000
180,35490278.42043547,354.90278420435476,0.7555555555555555,113.73053395669923,19.593232358084038,347.9331341037826,45490278.42043547,129.77777777777777,"{'DROPOUT': 160, 'END_OF_DATA': 20}",10000000
180,30600561.365648217,306.0056136564822,0.7611111111111111,85.64831745627701,19.405798894181608,301.7744605510467,40600561.36564823,129.77777777777777,"{'DROPOUT': 160, 'END_OF_DATA': 20}",10000000
180,32789766.29146003,327.8976629146003,0.7555555555555555,90.89005666348005,21.18299865311389,315.5004890455221,42789766.29146002,129.77777777777777,"{'DROPOUT': 160, 'END_OF_DATA': 20}",10000000
180,11657142.689174844,116.57142689174844,0.8055555555555556,102.13791235793619,21.233345994791115,347.36550853713356,21657142.689174853,129.77777777777777,"{'DROPOUT': 160, 'END_OF_DATA': 20}",10000000
180,23575451.21884442,235.7545121884442,0.8,59.090738516364944,19.512554940818244,126.65347763024407,33575451.21884441,129.77777777777777,"{'DROPOUT': 160, 'END_OF_DATA': 20}",10000000
180,22165084.785209425,221.65084785209424,0.8666666666666667,76.1149080001198,28.36594918190071,222.18402873180256,32165084.785209443,129.77777777777777,"{'DROPOUT': 160, 'END_OF_DATA': 20}",10000000
180,22419641.912661232,224.1964191266123,0.7722222222222223,80.15341814220096,15.378887091557091,279.3616484986253,32419641.912661247,129.77777777777777,"{'DROPOUT': 160, 'END_OF_DATA': 20}",10000000
180,19552110.16581515,195.52110165815148,0.7888888888888889,112.0539285125853,19.368512760669596,355.4099020503809,29552110.165815156,129.77777777777777,"{'DROPOUT': 160, 'END_OF_DATA': 20}",10000000
180,39878465.75772382,398.78465757723825,0.7777777777777778,126.94884271874366,17.946604920227635,379.1592972515478,49878465.75772382,129.77777777777777,"{'DROPOUT': 160, 'END_OF_DATA': 20}",10000000
180,21806327.620925874,218.06327620925873,0.7833333333333333,109.30395311334173,24.91990179769516,354.53045161744683,31806327.620925866,129.77777777777777,"{'DROPOUT': 160, 'END_OF_DATA': 20}",10000000
180,13994805.070744587,139.94805070744587,0.8,87.433789955403,19.57538780437765,290.90527694340176,23994805.070744593,129.77777777777777,"{'DROPOUT': 160, 'END_OF_DATA': 20}",10000000
180,35911376.99329977,359.1137699329977,0.7555555555555555,84.12212438378144,17.154024612937214,269.8717848800154,45911376.993299775,129.77777777777777,"{'DROPOUT': 160, 'END_OF_DATA': 20}",10000000
180,16543464.281857196,165.43464281857197,0.7333333333333333,103.9284622252957,17.51464793715933,379.054157865402,26543464.28185719,129.77777777777777,"{'DROPOUT': 160, 'END_OF_DATA': 20}",10000000
180,32649663.53024217,326.49663530242174,0.7555555555555555,79.70972533924486,14.964675930022958,250.88592468568518,42649663.53024216,129.77777777777777,"{'DROPOUT': 160, 'END_OF_DATA': 20}",10000000
180,25151715.82201075,251.51715822010755,0.8055555555555556,70.24801562320013,19.98593817221775,266.4676886621437,35151715.82201075,129.77777777777777,"{'DROPOUT': 160, 'END_OF_DATA': 20}",10000000
180,15838143.435109023,158.38143435109023,0.8055555555555556,111.24883647075603,23.17513691254744,326.06703373395925,25838143.43510902,129.77777777777777,"{'DROPOUT': 160, 'END_OF_DATA': 20}",10000000
180,21978640.78970792,219.78640789707921,0.6722222222222223,61.31659550524405,11.087968234547212,222.8561118850619,31978640.78970792,129.77777777777777,"{'DROPOUT': 160, 'END_OF_DATA': 20}",10000000
180,15735222.355095807,157.3522235509581,0.8,64.46981030719523,22.299708903805975,136.9303837194901,25735222.355095793,129.77777777777777,"{'DROPOUT': 160, 'END_OF_DATA': 20}",10000000
180,47025674.1378128,470.256741378128,0.7777777777777778,97.77966470043631,17.101867769066892,335.74883989367,57025674.1378128,129.77777777777777,"{'DROPOUT': 160, 'END_OF_DATA': 20}",10000000
180,13956285.144585812,139.56285144585812,0.7444444444444445,74.59189770127753,15.502599227423243,262.27633264954153,23956285.1445858,129.77777777777777,"{'DROPOUT': 160, 'END_OF_DATA': 20}",10000000
180,16937908.78995436,169.3790878995436,0.7611111111111111,69.34336687157462,14.81037491049517,269.15795770317345,26937908.789954346,129.77777777777777,"{'DROPOUT': 160, 'END_OF_DATA': 20}",10000000
180,33545595.00924333,335.45595009243334,0.7222222222222222,69.23446931982245,15.301076355393892,275.3152540121846,43545595.00924334,129.77777777777777,"{'DROPOUT': 160, 'END_OF_DATA': 20}",10000000
180,18995728.029694848,189.95728029694848,0.7611111111111111,68.05599212395175,20.78182330475572,224.3010248841199,28995728.029694855,129.77777777777777,"{'DROPOUT': 160, 'END_OF_DATA': 20}",10000000
180,39517333.65902825,395.1733365902825,0.7388888888888889,101.64645014063402,17.20913091043728,326.8894738306354,49517333.65902827,129.77777777777777,"{'DROPOUT': 160, 'END_OF_DATA': 20}",10000000
180,43286235.439693995,432.86235439693996,0.8055555555555556,114.91628027258403,19.373407685758487,390.40931715861586,53286235.43969402,129.77777777777777,"{'DROPOUT': 160, 'END_OF_DATA': 20}",10000000
180,23139651.358086787,231.39651358086786,0.7611111111111111,92.70894308782906,16.58049852099896,307.3339392208574,33139651.358086783,129.77777777777777,"{'DROPOUT': 160, 'END_OF_DATA': 20}",10000000
180,30322814.20410711,303.22814204107107,0.7277777777777777,94.93653296647322,18.167926027055415,290.8445562568624,40322814.20410709,129.77777777777777,"{'DROPOUT': 160, 'END_OF_DATA': 20}",10000000
180,20903627.213221814,209.03627213221813,0.7611111111111111,64.08023641030789,17.322096061617643,205.2879018042658,30903627.213221796,129.77777777777777,"{'DROPOUT': 160, 'END_OF_DATA': 20}",10000000
180,21438290.852750465,214.38290852750464,0.7722222222222223,76.6943447525766,22.772801013422995,240.71789897310018,31438290.852750458,129.77777777777777,"{'DROPOUT': 160, 'END_OF_DATA': 20}",10000000
180,20863949.823529106,208.63949823529106,0.7722222222222223,84.431379169539,18.969233468260896,327.63189067240444,30863949.823529094,129.77777777777777,"{'DROPOUT': 160, 'END_OF_DATA': 20}",10000000
180,29766629.14417093,297.6662914417093,0.7944444444444444,81.4942791533521,21.92278730539137,277.7053929375684,39766629.14417094,129.77777777777777,"{'DROPOUT': 160, 'END_OF_DATA': 20}",10000000
180,34440164.350969054,344.40164350969053,0.7666666666666667,122.21075088168791,16.377800270856135,411.2385085350633,44440164.35096907,129.77777777777777,"{'DROPOUT': 160, 'END_OF_DATA': 20}",10000000
180,18995387.52037248,189.9538752037248,0.7944444444444444,54.950767693022755,18.962971109447018,117.22104842344261,28995387.520372488,129.77777777777777,"{'DROPOUT': 160, 'END_OF_DATA': 20}",10000000
180,17221878.00623043,172.2187800623043,0.8,76.21191677348817,17.10487450851182,265.568719558867,27221878.006230436,129.77777777777777,"{'DROPOUT': 160, 'END_OF_DATA': 20}",10000000
180,42005677.53133831,420.0567753133831,0.8055555555555556,119.68156894775233,25.68733428594657,350.9392701145944,52005677.531338304,129.77777777777777,"{'DROPOUT': 160, 'END_OF_DATA': 20}",10000000
180,18721842.15785516,187.21842157855158,0.8,64.88525821599144,16.384299800250275,209.59054780393936,28721842.157855187,129.77777777777777,"{'DROPOUT': 160, 'END_OF_DATA': 20}",10000000
180,33876033.37406109,338.7603337406109,0.75,122.59162639412547,14.591267786854118,433.22739923637323,43876033.37406108,129.77777777777777,"{'DROPOUT': 160, 'END_OF_DATA': 20}",10000000
180,23900754.477931544,239.00754477931545,0.7777777777777778,113.89447483603035,17.941876452924912,385.30539697732036,33900754.47793155,129.77777777777777,"{'DROPOUT': 160, 'END_OF_DATA': 20}",10000000
180,13087665.984138865,130.87665984138866,0.8055555555555556,69.78250262469403,18.61211020017182,227.28492022606113,23087665.98413886,129.77777777777777,"{'DROPOUT': 160, 'END_OF_DATA': 20}",10000000
180,40027879.409354925,400.27879409354927,0.7944444444444444,152.00297511801892,22.62597372661088,458.78806466210386,50027879.40935492,129.77777777777777,"{'DROPOUT': 160, 'END_OF_DATA': 20}",10000000
180,18357377.72641761,183.57377726417607,0.75,90.43201508156302,17.59831559793863,330.1604852940948,28357377.726417612,129.77777777777777,"{'DROPOUT': 160, 'END_OF_DATA': 20}",10000000
180,33966712.04374313,339.6671204374313,0.7722222222222223,66.66311596525215,11.359483321538267,254.7763921670947,43966712.04374313,129.77777777777777,"{'DROPOUT': 160, 'END_OF_DATA': 20}",10000000
180,33501283.718791597,335.012837187916,0.7611111111111111,93.96067838931194,24.6409207622877,292.0529617956526,43501283.71879162,129.77777777777777,"{'DROPOUT': 160, 'END_OF_DATA': 20}",10000000
180,36227034.45267929,362.27034452679294,0.8166666666666667,63.2579147807279,16.33385762739815,209.23215444430957,46227034.45267929,129.77777777777777,"{'DROPOUT': 160, 'END_OF_DATA': 20}",10000000
180,12540501.609910585,125.40501609910586,0.7444444444444445,80.3919104729024,16.140331067129594,318.58316043153656,22540501.60991059,129.77777777777777,"{'DROPOUT': 160, 'END_OF_DATA': 20}",10000000
180,16203345.418515956,162.03345418515954,0.8277777777777777,122.83426240175092,16.560630011734816,404.2988698015657,26203345.418515958,129.77777777777777,"{'DROPOUT': 160, 'END_OF_DATA': 20}",10000000
180,18545729.863612987,185.45729863612988,0.7611111111111111,70.49433306912765,14.378278954232727,237.80203145077897,28545729.86361299,129.77777777777777,"{'DROPOUT': 160, 'END_OF_DATA': 20}",10000000
180,42821143.3446828,428.211433446828,0.7888888888888889,118.27604674410279,21.477478932309126,398.0618207266439,52821143.34468282,129.77777777777777,"{'DROPOUT': 160, 'END_OF_DATA': 20}",10000000
180,53490742.10167186,534.9074210167186,0.7277777777777777,102.31322022401315,11.305044917603052,383.19913730110704,63490742.10167185,129.77777777777777,"{'DROPOUT': 160, 'END_OF_DATA': 20}",10000000
180,50073026.93310438,500.73026933104387,0.8444444444444444,121.54531306825973,20.95746339881057,348.48048967890225,60073026.93310442,129.77777777777777,"{'DROPOUT': 160, 'END_OF_DATA': 20}",10000000
180,27082250.614161473,270.8225061416147,0.7944444444444444,77.04289054676255,18.594005069272868,249.81248458288385,37082250.61416147,129.77777777777777,"{'DROPOUT': 160, 'END_OF_DATA': 20}",10000000
180,46286925.975462064,462.86925975462066,0.8166666666666667,116.80044068192416,18.837727904071393,379.63148331335714,56286925.975462034,129.77777777777777,"{'DROPOUT': 160, 'END_OF_DATA': 20}",10000000
180,22227346.82539604,222.2734682539604,0.8055555555555556,115.88531789230039,27.179268859000786,297.22142848696535,32227346.825396057,129.77777777777777,"{'DROPOUT': 160, 'END_OF_DATA': 20}",10000000
180,19393669.16751771,193.93669167517712,0.7277777777777777,90.6582100279521,17.25524932208248,342.9788811394827,29393669.167517707,129.77777777777777,"{'DROPOUT': 160, 'END_OF_DATA': 20}",10000000
180,34534570.987168714,345.3457098716871,0.7833333333333333,110.22217087574914,18.372441422219264,329.43813394939934,44534570.987168714,129.77777777777777,"{'DROPOUT': 160, 'END_OF_DATA': 20}",10000000
180,15134069.910333978,151.34069910333977,0.7333333333333333,85.9000442098856,16.16477943026257,280.6670954275611,25134069.910333976,129.77777777777777,"{'DROPOUT': 160, 'END_OF_DATA': 20}",10000000
180,28179534.589609094,281.79534589609096,0.7888888888888889,72.32378863746592,18.504379510965222,269.95388895799715,38179534.58960911,129.77777777777777,"{'DROPOUT': 160, 'END_OF_DATA': 20}",10000000
180,14798671.816764146,147.98671816764147,0.8,55.03994067225313,19.17572660270487,135.15941616950067,24798671.816764146,129.77777777777777,"{'DROPOUT': 160, 'END_OF_DATA': 20}",10000000
180,15168046.909858895,151.68046909858896,0.8166666666666667,52.66222157550316,21.743274717434048,121.83791495529965,25168046.909858894,129.77777777777777,"{'DROPOUT': 160, 'END_OF_DATA': 20}",10000000
180,31543399.38291713,315.4339938291713,0.8,93.05286486558887,17.24489608738438,313.2468838080784,41543399.382917136,129.77777777777777,"{'DROPOUT': 160, 'END_OF_DATA': 20}",10000000
180,15925428.512730015,159.25428512730016,0.75,108.62970521783988,17.66835823417463,354.7906353909431,25925428.51273001,129.77777777777777,"{'DROPOUT': 160, 'END_OF_DATA': 20}",10000000
180,10242696.561631892,102.42696561631892,0.7611111111111111,103.40036212237035,19.57142957276535,348.5192578324436,20242696.5616319,129.77777777777777,"{'DROPOUT': 160, 'END_OF_DATA': 20}",10000000
180,49133918.05350255,491.33918053502555,0.7722222222222223,115.50142551953144,17.602112757210705,363.97230870203487,59133918.05350252,129.77777777777777,"{'DROPOUT': 160, 'END_OF_DATA': 20}",10000000
180,26998190.588378325,269.98190588378327,0.7722222222222223,80.54168445978203,25.310812520517665,206.81869518396348,36998190.588378325,129.77777777777777,"{'DROPOUT': 160, 'END_OF_DATA': 20}",10000000
180,19852923.136673003,198.52923136673004,0.7888888888888889,66.79940983804802,22.448605319918705,214.4181382304005,29852923.136672996,129.77777777777777,"{'DROPOUT': 160, 'END_OF_DATA': 20}",10000000
180,17572777.94472071,175.72777944720713,0.8166666666666667,49.87725445202179,19.571039895167583,98.38254428605472,27572777.94472072,129.77777777777777,"{'DROPOUT': 160, 'END_OF_DATA': 20}",10000000
180,42597381.62970291,425.9738162970291,0.7722222222222223,75.77442601329625,17.2373212759912,237.21355831046284,52597381.62970291,129.77777777777777,"{'DROPOUT': 160, 'END_OF_DATA': 20}",10000000
180,41011026.62773654,410.1102662773654,0.8111111111111111,126.59030863583091,24.0026201607537,394.20848180995137,51011026.62773654,129.77777777777777,"{'DROPOUT': 160, 'END_OF_DATA': 20}",10000000
180,15019007.100641096,150.19007100641096,0.8277777777777777,117.07478627943209,21.321656245116415,369.31676178840706,25019007.100641098,129.77777777777777,"{'DROPOUT': 160, 'END_OF_DATA': 20}",10000000
180,28404007.105590172,284.0400710559017,0.7611111111111111,110.84738060724594,14.535519307770098,338.39435044533155,38404007.10559017,129.77777777777777,"{'DROPOUT': 160, 'END_OF_DATA': 20}",10000000
180,45302941.28870375,453.02941288703744,0.8111111111111111,104.50429012659636,21.332829217205877,308.01393055763094,55302941.288703755,129.77777777777777,"{'DROPOUT': 160, 'END_OF_DATA': 20}",10000000
180,16790533.7018449,167.90533701844902,0.7666666666666667,49.83231418483298,17.080816539463036,104.65757729320616,26790533.701844916,129.77777777777777,"{'DROPOUT': 160, 'END_OF_DATA': 20}",10000000
180,23109074.150309354,231.0907415030935,0.7888888888888889,82.26122339331458,17.731621314693253,252.56769786333064,33109074.15030935,129.77777777777777,"{'DROPOUT': 160, 'END_OF_DATA': 20}",10000000
180,11762179.001130696,117.62179001130697,0.7555555555555555,60.92088794972455,17.15761493120565,209.0108562029382,21762179.00113069,129.77777777777777,"{'DROPOUT': 160, 'END_OF_DATA': 20}",10000000
180,14752223.931460928,147.5222393146093,0.75,106.12707832528285,18.238866789897628,345.3023204527086,24752223.931460924,129.77777777777777,"{'DROPOUT': 160, 'END_OF_DATA': 20}",10000000
180,18504938.474934384,185.04938474934386,0.8166666666666667,87.28143522835856,23.940293663001626,259.28666935408273,28504938.474934388,129.77777777777777,"{'DROPOUT': 160, 'END_OF_DATA': 20}",10000000
180,10037057.637325466,100.37057637325466,0.7666666666666667,60.828309858153766,15.348038716139325,201.30798798925446,20037057.637325473,129.77777777777777,"{'DROPOUT': 160, 'END_OF_DATA': 20}",10000000
180,12837111.546932735,128.37111546932732,0.7944444444444444,86.12595644548014,23.166656539861677,280.60076104586113,22837111.546932727,129.77777777777777,"{'DROPOUT': 160, 'END_OF_DATA': 20}",10000000
180,29050516.696508385,290.50516696508384,0.8,131.01937655209815,22.915091379064485,399.491965905354,39050516.69650839,129.77777777777777,"{'DROPOUT': 160, 'END_OF_DATA': 20}",10000000
180,29930353.041828733,299.3035304182873,0.8222222222222222,121.17911146560074,17.65398003080246,421.35279305919966,39930353.041828744,129.77777777777777,"{'DROPOUT': 160, 'END_OF_DATA': 20}",10000000
180,24489028.604888014,244.89028604888014,0.7444444444444445,59.3701482844972,12.077511640027378,218.8414780339464,34489028.60488803,129.77777777777777,"{'DROPOUT': 160, 'END_OF_DATA': 20}",10000000
180,30620784.397330113,306.2078439733011,0.8222222222222222,111.46346126615853,19.112380841539355,336.0092641697318,40620784.39733013,129.77777777777777,"{'DROPOUT': 160, 'END_OF_DATA': 20}",10000000
180,25023590.92082072,250.2359092082072,0.7722222222222223,117.6841613163083,17.956735396579212,369.28961818610816,35023590.92082072,129.77777777777777,"{'DROPOUT': 160, 'END_OF_DATA': 20}",10000000
180,13564455.657637116,135.64455657637114,0.7833333333333333,79.49244578034397,23.936672703223927,267.74035348189597,23564455.657637123,129.77777777777777,"{'DROPOUT': 160, 'END_OF_DATA': 20}",10000000
180,24825524.529856704,248.25524529856705,0.7722222222222223,69.00647058030998,20.090552042587234,261.5882873729586,34825524.529856704,129.77777777777777,"{'DROPOUT': 160, 'END_OF_DATA': 20}",10000000
180,22191176.250256807,221.91176250256808,0.7833333333333333,80.56127745011166,23.65094021662597,277.20792844877406,32191176.25025682,129.77777777777777,"{'DROPOUT': 160, 'END_OF_DATA': 20}",10000000
180,20130612.083428677,201.3061208342868,0.7611111111111111,109.0288004051074,17.186223657777532,341.6274953817207,30130612.083428673,129.77777777777777,"{'DROPOUT': 160, 'END_OF_DATA': 20}",10000000
180,16780770.235373557,167.80770235373558,0.8111111111111111,82.04396420499421,17.755989161198464,285.29876678830647,26780770.23537357,129.77777777777777,"{'DROPOUT': 160, 'END_OF_DATA': 20}",10000000
180,15816983.776961256,158.16983776961254,0.7666666666666667,94.54070913370359,22.410748136559096,300.8224109339144,25816983.776961237,129.77777777777777,"{'DROPOUT': 160, 'END_OF_DATA': 20}",10000000
180,33233117.941076588,332.33117941076586,0.7777777777777778,132.9208841517659,19.103867965981294,454.9540659888742,43233117.94107659,129.77777777777777,"{'DROPOUT': 160, 'END_OF_DATA': 20}",10000000
180,15046229.465427076,150.46229465427078,0.7666666666666667,51.385063671839475,20.296616697985833,104.95256941359284,25046229.46542707,129.77777777777777,"{'DROPOUT': 160, 'END_OF_DATA': 20}",10000000
180,14732622.457811523,147.32622457811524,0.7611111111111111,50.71694856871639,18.511188253724086,126.03757551470719,24732622.457811546,129.77777777777777,"{'DROPOUT': 160, 'END_OF_DATA': 20}",10000000
180,21487562.702471033,214.87562702471035,0.7888888888888889,82.84697529749843,21.400443608538822,265.14581560301156,31487562.70247104,129.77777777777777,"{'DROPOUT': 160, 'END_OF_DATA': 20}",10000000
180,16834309.619353347,168.34309619353348,0.7388888888888889,90.42067383068208,14.816248414749033,287.72120732455454,26834309.619353343,129.77777777777777,"{'DROPOUT': 160, 'END_OF_DATA': 20}",10000000
180,31270133.178434767,312.70133178434764,0.7388888888888889,95.60946992592447,17.093526972195832,329.0936599909776,41270133.178434774,129.77777777777777,"{'DROPOUT': 160, 'END_OF_DATA': 20}",10000000
180,19555229.33011263,195.5522933011263,0.7888888888888889,90.33602131638493,17.49575909360894,300.87733268242215,29555229.330112625,129.77777777777777,"{'DROPOUT': 160, 'END_OF_DATA': 20}",10000000
180,35312523.76925989,353.12523769259894,0.8055555555555556,113.3621853875179,26.38849728168455,359.4134811261359,45312523.769259885,129.77777777777777,"{'DROPOUT': 160, 'END_OF_DATA': 20}",10000000
180,12604395.364490256,126.04395364490256,0.8111111111111111,102.45747065348866,22.53872630003521,371.2208496404757,22604395.364490252,129.77777777777777,"{'DROPOUT': 160, 'END_OF_DATA': 20}",10000000
180,28077981.599116836,280.77981599116833,0.8,98.57137578011265,23.04573524414407,308.95889082726416,38077981.59911683,129.77777777777777,"{'DROPOUT': 160, 'END_OF_DATA': 20}",10000000
180,42852116.760116726,428.5211676011673,0.8111111111111111,100.78204817093089,15.239943075480905,367.0737043903989,52852116.76011672,129.77777777777777,"{'DROPOUT': 160, 'END_OF_DATA': 20}",10000000
180,54260225.23875923,542.6022523875923,0.7611111111111111,110.35122178395206,22.303715342817284,322.6591737119234,64260225.23875923,129.77777777777777,"{'DROPOUT': 160, 'END_OF_DATA': 20}",10000000
180,31241435.21334749,312.41435213347495,0.8111111111111111,86.4557689410556,17.946434855509253,289.88046100522905,41241435.21334748,129.77777777777777,"{'DROPOUT': 160, 'END_OF_DATA': 20}",10000000
180,8601725.403074764,86.01725403074764,0.8166666666666667,57.57952204239104,19.331539484329923,196.6124043930544,18601725.403074767,129.77777777777777,"{'DROPOUT': 160, 'END_OF_DATA': 20}",10000000
180,15775891.722989514,157.75891722989513,0.8,83.32605576966766,19.90617986587357,249.48892991984715,25775891.72298952,129.77777777777777,"{'DROPOUT': 160, 'END_OF_DATA': 20}",10000000
180,40907622.86720474,409.07622867204736,0.8,90.32388129925025,20.15992405155906,290.7417347249701,50907622.86720475,129.77777777777777,"{'DROPOUT': 160, 'END_OF_DATA': 20}",10000000
180,30521994.670577962,305.21994670577965,0.8055555555555556,95.19724033762981,18.205088777024535,293.5929414411487,40521994.67057797,129.77777777777777,"{'DROPOUT': 160, 'END_OF_DATA': 20}",10000000
180,11936684.734829133,119.36684734829133,0.7777777777777778,49.942092790432135,15.0470507292743,116.10259800294557,21936684.73482913,129.77777777777777,"{'DROPOUT': 160, 'END_OF_DATA': 20}",10000000
180,20594232.067612436,205.94232067612435,0.8277777777777777,88.90726152867714,23.172512797022065,250.29530940245075,30594232.06761245,129.77777777777777,"{'DROPOUT': 160, 'END_OF_DATA': 20}",10000000
180,24310562.72664258,243.10562726642578,0.8055555555555556,86.57441717714123,25.337097129585572,261.4170938751198,34310562.72664257,129.77777777777777,"{'DROPOUT': 160, 'END_OF_DATA': 20}",10000000
180,15519510.15209194,155.1951015209194,0.7944444444444444,52.101057263509695,15.390746766815006,113.30950838898623,25519510.152091935,129.77777777777777,"{'DROPOUT': 160, 'END_OF_DATA': 20}",10000000
180,23948132.936948292,239.4813293694829,0.8166666666666667,149.19256127199085,25.075764761379887,443.60999391007306,33948132.9369483,129.77777777777777,"{'DROPOUT': 160, 'END_OF_DATA': 20}",10000000
180,57367407.89616002,573.6740789616002,0.7722222222222223,154.8954883402582,21.070580475669885,434.3574431312664,67367407.89616004,129.77777777777777,"{'DROPOUT': 160, 'END_OF_DATA': 20}",10000000
180,26802452.486333247,268.0245248633325,0.7333333333333333,84.48739073114464,14.150431379906266,330.0150403640142,36802452.48633326,129.77777777777777,"{'DROPOUT': 160, 'END_OF_DATA': 20}",10000000
180,16088941.769798797,160.88941769798797,0.8222222222222222,80.41519650930763,19.70741926936944,225.3068826712099,26088941.769798785,129.77777777777777,"{'DROPOUT': 160, 'END_OF_DATA': 20}",10000000
180,14069423.224644825,140.69423224644825,0.7611111111111111,50.5432084516761,16.666666993347143,115.246503901903,24069423.22464482,129.77777777777777,"{'DROPOUT': 160, 'END_OF_DATA': 20}",10000000
180,39511320.863444075,395.11320863444075,0.8055555555555556,142.0848694050967,20.912653612523123,453.620984004645,49511320.86344409,129.77777777777777,"{'DROPOUT': 160, 'END_OF_DATA': 20}",10000000
180,21624553.343943182,216.2455334394318,0.7833333333333333,79.22316086619327,18.331345693696846,234.7343101446215,31624553.34394318,129.77777777777777,"{'DROPOUT': 160, 'END_OF_DATA': 20}",10000000
180,15252562.695634857,152.52562695634856,0.7444444444444445,66.43978742641632,15.811778231661307,180.6585933268494,25252562.695634857,129.77777777777777,"{'DROPOUT': 160, 'END_OF_DATA': 20}",10000000
180,20113917.2615573,201.139172615573,0.8055555555555556,76.01161711111412,21.25812959998202,232.91016397643872,30113917.261557322,129.77777777777777,"{'DROPOUT': 160, 'END_OF_DATA': 20}",10000000
180,37226937.08907903,372.2693708907903,0.7666666666666667,66.96884517666281,17.474553069647083,217.29076685302616,47226937.08907901,129.77777777777777,"{'DROPOUT': 160, 'END_OF_DATA': 20}",10000000
180,13671023.110480506,136.71023110480508,0.7555555555555555,63.38790167897151,15.484518847624027,221.40189095300786,23671023.11048051,129.77777777777777,"{'DROPOUT': 160, 'END_OF_DATA': 20}",10000000
180,39926088.754012495,399.26088754012494,0.7777777777777778,76.08785525959618,13.903361690421228,303.0007069306093,49926088.754012495,129.77777777777777,"{'DROPOUT': 160, 'END_OF_DATA': 20}",10000000
180,22275753.36029026,222.75753360290258,0.7444444444444445,75.94721105683762,17.14919288772457,228.5408776144924,32275753.36029025,129.77777777777777,"{'DROPOUT': 160, 'END_OF_DATA': 20}",10000000
180,25363926.48913607,253.6392648913607,0.8333333333333334,124.78966339755378,20.63657176265537,397.3550266533017,35363926.48913608,129.77777777777777,"{'DROPOUT': 160, 'END_OF_DATA': 20}",10000000
180,19543747.441721592,195.43747441721592,0.7777777777777778,90.47977515448532,14.678085493133896,335.5860181618706,29543747.441721603,129.77777777777777,"{'DROPOUT': 160, 'END_OF_DATA': 20}",10000000
180,30955620.242962774,309.5562024296278,0.7833333333333333,83.13979939381451,17.1318758747176,298.51897795768934,40955620.24296276,129.77777777777777,"{'DROPOUT': 160, 'END_OF_DATA': 20}",10000000
180,22225489.611402027,222.25489611402028,0.7222222222222222,67.82520694069852,15.88004573483232,219.9388877145184,32225489.611402024,129.77777777777777,"{'DROPOUT': 160, 'END_OF_DATA': 20}",10000000
180,18455187.356086753,184.55187356086753,0.7833333333333333,65.5398336211777,14.785040520130302,212.95406722126094,28455187.35608677,129.77777777777777,"{'DROPOUT': 160, 'END_OF_DATA': 20}",10000000
180,34621110.103262864,346.2111010326286,0.7666666666666667,109.35140148900003,16.15429513673309,368.7107960373629,44621110.10326287,129.77777777777777,"{'DROPOUT': 160, 'END_OF_DATA': 20}",10000000
180,36357491.327120185,363.57491327120186,0.8166666666666667,109.45551362207463,23.247304312584255,354.42024618811087,46357491.32712019,129.77777777777777,"{'DROPOUT': 160, 'END_OF_DATA': 20}",10000000
180,28022596.927124266,280.22596927124266,0.7944444444444444,122.88124915547596,19.76623272386949,359.05434820236565,38022596.92712428,129.77777777777777,"{'DROPOUT': 160, 'END_OF_DATA': 20}",10000000
180,15617328.298820699,156.17328298820698,0.7333333333333333,58.85648690118234,18.187415945339502,202.82583068571054,25617328.298820693,129.77777777777777,"{'DROPOUT': 160, 'END_OF_DATA': 20}",10000000
180,29123327.472905695,291.233274729057,0.8055555555555556,97.24368839831276,19.805586280262926,343.12499705885955,39123327.4729057,129.77777777777777,"{'DROPOUT': 160, 'END_OF_DATA': 20}",10000000
180,15124761.728090845,151.24761728090846,0.8,115.71035268889193,18.846789535705504,381.2289879621051,25124761.728090856,129.77777777777777,"{'DROPOUT': 160, 'END_OF_DATA': 20}",10000000
180,18671046.316103548,186.71046316103548,0.7777777777777778,102.88403275341261,16.43253676607089,354.2304608632261,28671046.316103555,129.77777777777777,"{'DROPOUT': 160, 'END_OF_DATA': 20}",10000000
180,17899651.44752673,178.9965144752673,0.75,97.4244688401841,20.865227098279135,307.4566351530944,27899651.447526723,129.77777777777777,"{'DROPOUT': 160, 'END_OF_DATA': 20}",10000000
180,24426020.097737387,244.26020097737387,0.75,91.8428315015591,15.216918377962777,320.87218992387005,34426020.09773738,129.77777777777777,"{'DROPOUT': 160, 'END_OF_DATA': 20}",10000000
180,23218443.115459085,232.18443115459087,0.7277777777777777,84.5609885962928,14.276439270245781,273.38802096492293,33218443.1154591,129.77777777777777,"{'DROPOUT': 160, 'END_OF_DATA': 20}",10000000
180,25406396.726475995,254.06396726475995,0.7833333333333333,116.14021700924677,21.051766173962413,386.35463673239275,35406396.726476,129.77777777777777,"{'DROPOUT': 160, 'END_OF_DATA': 20}",10000000
180,35031417.865575075,350.31417865575077,0.7777777777777778,111.67995324058451,18.253289690986975,369.7978479090926,45031417.86557506,129.77777777777777,"{'DROPOUT': 160, 'END_OF_DATA': 20}",10000000
180,19879327.51012008,198.7932751012008,0.7555555555555555,72.79662605906,17.67598351861205,241.34471746261138,29879327.51012009,129.77777777777777,"{'DROPOUT': 160, 'END_OF_DATA': 20}",10000000
180,18410714.42369672,184.1071442369672,0.7777777777777778,79.83811789688546,17.080886611248992,210.5468887985576,28410714.423696723,129.77777777777777,"{'DROPOUT': 160, 'END_OF_DATA': 20}",10000000
180,15784622.378693393,157.8462237869339,0.7722222222222223,70.57421912785424,16.903471806289616,274.2560922876699,25784622.378693387,129.77777777777777,"{'DROPOUT': 160, 'END_OF_DATA': 20}",10000000
180,55356738.54157293,553.5673854157293,0.7888888888888889,125.79000059454944,17.19212168723508,427.70339197922027,65356738.54157292,129.77777777777777,"{'DROPOUT': 160, 'END_OF_DATA': 20}",10000000
180,23120173.911224518,231.20173911224518,0.8555555555555555,97.92094360073736,22.880586775308593,271.02539956652697,33120173.91122452,129.77777777777777,"{'DROPOUT': 160, 'END_OF_DATA': 20}",10000000
180,19318986.579287305,193.18986579287304,0.8388888888888889,148.57459256059366,22.97246066059597,462.600719745246,29318986.57928731,129.77777777777777,"{'DROPOUT': 160, 'END_OF_DATA': 20}",10000000
180,15842352.334501404,158.42352334501405,0.7333333333333333,73.58671043995936,16.013299534951223,278.3541149258888,25842352.334501404,129.77777777777777,"{'DROPOUT': 160, 'END_OF_DATA': 20}",10000000
180,28816692.354588337,288.1669235458834,0.8055555555555556,77.25458045247538,18.33670184556337,275.0728644018217,38816692.35458832,129.77777777777777,"{'DROPOUT': 160, 'END_OF_DATA': 20}",10000000
180,25204634.271170102,252.04634271170102,0.7777777777777778,91.8960747996624,20.744475902931114,284.5495408005123,35204634.27117011,129.77777777777777,"{'DROPOUT': 160, 'END_OF_DATA': 20}",10000000
180,37878694.06020042,378.7869406020042,0.7944444444444444,95.29775290535476,20.656734223372332,341.3918808941368,47878694.06020044,129.77777777777777,"{'DROPOUT': 160, 'END_OF_DATA': 20}",10000000
180,30025999.37127151,300.2599937127151,0.7444444444444445,115.50100046547044,14.822602762907824,410.69679185370103,40025999.371271506,129.77777777777777,"{'DROPOUT': 160, 'END_OF_DATA': 20}",10000000
180,23147696.917866647,231.47696917866648,0.7777777777777778,95.42605776420555,24.964988382878165,239.11091353592903,33147696.917866647,129.77777777777777,"{'DROPOUT': 160, 'END_OF_DATA': 20}",10000000
180,15427979.249694679,154.27979249694678,0.8111111111111111,115.61213612297966,19.821757614724056,384.3647558140594,25427979.24969466,129.77777777777777,"{'DROPOUT': 160, 'END_OF_DATA': 20}",10000000
180,24012954.057825685,240.12954057825687,0.7611111111111111,86.88905514220119,16.232324837298826,291.2522277316484,34012954.057825685,129.77777777777777,"{'DROPOUT': 160, 'END_OF_DATA': 20}",10000000
180,14579319.91546317,145.79319915463168,0.8444444444444444,116.1196585319104,22.5956858049413,358.8015244505086,24579319.915463157,129.77777777777777,"{'DROPOUT': 160, 'END_OF_DATA': 20}",10000000
180,21332522.775770903,213.32522775770903,0.7666666666666667,65.05009212656329,17.12898081197544,192.51657849105092,31332522.775770906,129.77777777777777,"{'DROPOUT': 160, 'END_OF_DATA': 20}",10000000
180,21095854.999321073,210.95854999321074,0.8,63.017711732703454,21.20116528499141,133.4079204287733,31095854.999321084,129.77777777777777,"{'DROPOUT': 160, 'END_OF_DATA': 20}",10000000
180,33938775.54494698,339.38775544946986,0.7833333333333333,88.08813989059308,20.532844732625342,295.46593323504095,43938775.54494699,129.77777777777777,"{'DROPOUT': 160, 'END_OF_DATA': 20}",10000000
180,16735998.41570605,167.3599841570605,0.7555555555555555,90.63321561141798,17.796609422116575,294.01269528783047,26735998.41570603,129.77777777777777,"{'DROPOUT': 160, 'END_OF_DATA': 20}",10000000
180,28915329.61798768,289.1532961798768,0.7944444444444444,104.12815253092282,19.60720389280771,339.52939211191864,38915329.61798768,129.77777777777777,"{'DROPOUT': 160, 'END_OF_DATA': 20}",10000000
180,23680382.69086209,236.80382690862086,0.8111111111111111,104.42123458007646,24.16924143236782,319.72702539577546,33680382.69086209,129.77777777777777,"{'DROPOUT': 160, 'END_OF_DATA': 20}",10000000
180,10817392.779917587,108.17392779917587,0.7611111111111111,67.14705768132208,15.151854629839658,269.8210968868607,20817392.779917583,129.77777777777777,"{'DROPOUT': 160, 'END_OF_DATA': 20}",10000000
180,360700885.83710265,360.70088583710265,0.7722222222222223,111.62322951881765,16.97643793484572,377.0435730054545,460700885.83710265,129.77777777777777,"{'DROPOUT': 160, 'END_OF_DATA': 20}",100000000
180,90886838.70424587,90.88683870424586,0.7388888888888889,91.30925247275052,17.694041217306445,328.8322508923869,190886838.70424587,129.77777777777777,"{'DROPOUT': 160, 'END_OF_DATA': 20}",100000000
180,233777615.45174563,233.77761545174565,0.8055555555555556,78.48320260255865,19.787991367798803,280.5599656207705,333777615.4517454,129.77777777777777,"{'DROPOUT': 160, 'END_OF_DATA': 20}",100000000
180,208427661.48280433,208.42766148280433,0.7277777777777777,109.13443475323176,14.78506357169336,363.2537024263152,308427661.48280436,129.77777777777777,"{'DROPOUT': 160, 'END_OF_DATA': 20}",100000000
180,319320185.2506,319.3201852506,0.7722222222222223,88.13520627494131,19.3740156884406,290.46558468367596,419320185.25060004,129.77777777777777,"{'DROPOUT': 160, 'END_OF_DATA': 20}",100000000
180,353208159.05204606,353.2081590520461,0.7722222222222223,88.75632921473738,12.273182563465305,334.72163001632447,453208159.05204624,129.77777777777777,"{'DROPOUT': 160, 'END_OF_DATA': 20}",100000000
180,135187874.34898058,135.18787434898059,0.8,69.50960199438394,18.238610164245834,170.8820900458413,235187874.34898055,129.77777777777777,"{'DROPOUT': 160, 'END_OF_DATA': 20}",100000000
180,151279424.4025848,151.2794244025848,0.7944444444444444,37.38345638595982,14.932713431071326,85.81409281383769,251279424.40258467,129.77777777777777,"{'DROPOUT': 160, 'END_OF_DATA': 20}",100000000
180,234642628.22151318,234.64262822151318,0.7777777777777778,138.95110587403732,21.399782923021988,467.9771868048129,334642628.2215132,129.77777777777777,"{'DROPOUT': 160, 'END_OF_DATA': 20}",100000000
180,169391276.65783334,169.39127665783334,0.8,126.22227625710212,22.32773380576588,401.7975473403828,269391276.6578332,129.77777777777777,"{'DROPOUT': 160, 'END_OF_DATA': 20}",100000000
180,83489669.01431331,83.48966901431331,0.7666666666666667,92.5715283972378,18.66956230813944,299.7346841716982,183489669.01431322,129.77777777777777,"{'DROPOUT': 160, 'END_OF_DATA': 20}",100000000
180,226951256.74948347,226.9512567494835,0.8,73.42015129133162,18.180028905560306,227.3449957929538,326951256.7494832,129.77777777777777,"{'DROPOUT': 160, 'END_OF_DATA': 20}",100000000
180,114877983.41287085,114.87798341287086,0.7555555555555555,101.54585393458514,15.975748149980216,347.98962985834095,214877983.41287088,129.77777777777777,"{'DROPOUT': 160, 'END_OF_DATA': 20}",100000000
180,178887892.7496769,178.88789274967692,0.8055555555555556,104.39047129396523,18.08714972850029,312.65378574138043,278887892.74967694,129.77777777777777,"{'DROPOUT': 160, 'END_OF_DATA': 20}",100000000
180,340913158.00941086,340.9131580094109,0.7888888888888889,111.34473478753385,22.3413902557498,393.0734602737774,440913158.009411,129.77777777777777,"{'DROPOUT': 160, 'END_OF_DATA': 20}",100000000
180,239888901.65091932,239.8889016509193,0.7277777777777777,104.38901410001078,22.79441571549504,312.8647421333289,339888901.6509191,129.77777777777777,"{'DROPOUT': 160, 'END_OF_DATA': 20}",100000000
180,104486797.50768575,104.48679750768575,0.7833333333333333,96.86618545961764,14.044352450969553,357.10326977638636,204486797.50768587,129.77777777777777,"{'DROPOUT': 160, 'END_OF_DATA': 20}",100000000
180,142806345.7379521,142.8063457379521,0.8611111111111112,94.90147610886092,20.250733926122344,319.31666905175473,242806345.73795223,129.77777777777777,"{'DROPOUT': 160, 'END_OF_DATA': 20}",100000000
180,134254360.8731978,134.2543608731978,0.7611111111111111,111.50784157284465,17.73350550510474,317.2924513574439,234254360.87319785,129.77777777777777,"{'DROPOUT': 160, 'END_OF_DATA': 20}",100000000
180,178494369.17835236,178.49436917835234,0.7888888888888889,79.9932491916552,20.888074825070824,183.95061128382156,278494369.1783523,129.77777777777777,"{'DROPOUT': 160, 'END_OF_DATA': 20}",100000000
180,115810175.67476219,115.81017567476219,0.7888888888888889,70.6216365237804,21.901081929125084,189.6266073841895,215810175.67476216,129.77777777777777,"{'DROPOUT': 160, 'END_OF_DATA': 20}",100000000
180,236066115.52551186,236.06611552551183,0.8611111111111112,88.11129911460685,25.79743573228287,255.0367665823184,336066115.5255118,129.77777777777777,"{'DROPOUT': 160, 'END_OF_DATA': 20}",100000000
180,76594719.77418442,76.59471977418441,0.8,80.1367999357869,15.664177267257248,254.76405216582705,176594719.77418444,129.77777777777777,"{'DROPOUT': 160, 'END_OF_DATA': 20}",100000000
180,60203301.04421082,60.203301044210825,0.8055555555555556,103.03029323847409,21.462572482571538,352.5598602032653,160203301.0442108,129.77777777777777,"{'DROPOUT': 160, 'END_OF_DATA': 20}",100000000
180,82233330.10607564,82.23333010607564,0.8388888888888889,113.27325957415435,22.95687991571772,360.47936657313306,182233330.1060756,129.77777777777777,"{'DROPOUT': 160, 'END_OF_DATA': 20}",100000000
180,145581197.96244383,145.5811979624438,0.7722222222222223,92.4476829927762,19.657477100985815,316.9070599724639,245581197.9624438,129.77777777777777,"{'DROPOUT': 160, 'END_OF_DATA': 20}",100000000
180,121529449.51128563,121.52944951128563,0.8111111111111111,81.76397334081065,21.63399629866693,251.53740347528847,221529449.51128566,129.77777777777777,"{'DROPOUT': 160, 'END_OF_DATA': 20}",100000000
180,231251090.94634452,231.2510909463445,0.8222222222222222,135.44508346586082,21.350840774386345,448.85385101002845,331251090.9463446,129.77777777777777,"{'DROPOUT': 160, 'END_OF_DATA': 20}",100000000
180,217900234.842152,217.90023484215203,0.7444444444444445,65.96460200861368,16.385068383009074,218.39800652033824,317900234.84215194,129.77777777777777,"{'DROPOUT': 160, 'END_OF_DATA': 20}",100000000
180,260283466.77593684,260.28346677593686,0.8,56.633262280717865,22.598758869541967,195.5816650362672,360283466.7759368,129.77777777777777,"{'DROPOUT': 160, 'END_OF_DATA': 20}",100000000
180,137835328.64628118,137.8353286462812,0.75,49.84749396046195,15.572695885537094,103.5351204313561,237835328.64628124,129.77777777777777,"{'DROPOUT': 160, 'END_OF_DATA': 20}",100000000
180,95806197.08496316,95.80619708496316,0.7833333333333333,59.87575838299884,22.501412188254413,192.29200330245243,195806197.08496314,129.77777777777777,"{'DROPOUT': 160, 'END_OF_DATA': 20}",100000000
180,85347555.72110933,85.34755572110933,0.7888888888888889,104.44910138375057,21.584224042150364,360.5959796427958,185347555.72110933,129.77777777777777,"{'DROPOUT': 160, 'END_OF_DATA': 20}",100000000
180,176164980.31694752,176.16498031694752,0.8,91.13403339925527,19.799126283420883,274.8449955282648,276164980.3169474,129.77777777777777,"{'DROPOUT': 160, 'END_OF_DATA': 20}",100000000
180,169140274.04430372,169.1402740443037,0.8,82.00444979060347,14.04321372148387,265.6218706785151,269140274.0443037,129.77777777777777,"{'DROPOUT': 160, 'END_OF_DATA': 20}",100000000
180,214226204.59671706,214.22620459671705,0.7555555555555555,108.35601910571222,18.629616537689074,317.65294786714554,314226204.596717,129.77777777777777,"{'DROPOUT': 160, 'END_OF_DATA': 20}",100000000
180,183877812.74360365,183.87781274360364,0.8222222222222222,152.80850526531032,17.76019164135031,435.2041823072409,283877812.7436037,129.77777777777777,"{'DROPOUT': 160, 'END_OF_DATA': 20}",100000000
180,90140156.37913747,90.14015637913747,0.8333333333333334,93.07158895469102,21.96526208082056,289.22578237438654,190140156.3791375,129.77777777777777,"{'DROPOUT': 160, 'END_OF_DATA': 20}",100000000
180,137729102.82897532,137.72910282897533,0.8444444444444444,80.57858751821631,21.739614041259827,230.35372796742405,237729102.8289753,129.77777777777777,"{'DROPOUT': 160, 'END_OF_DATA': 20}",100000000
180,256943136.75879812,256.9431367587981,0.8277777777777777,104.29494621397993,17.465922670416024,374.8653769402355,356943136.7587981,129.77777777777777,"{'DROPOUT': 160, 'END_OF_DATA': 20}",100000000
180,236218233.69055313,236.21823369055312,0.8444444444444444,76.6650244403306,20.994308806440838,242.04712471699636,336218233.69055325,129.77777777777777,"{'DROPOUT': 160, 'END_OF_DATA': 20}",100000000
180,141577967.2718243,141.5779672718243,0.7555555555555555,97.82773337109995,17.50465428481295,308.1798166132756,241577967.27182424,129.77777777777777,"{'DROPOUT': 160, 'END_OF_DATA': 20}",100000000
180,113589262.05933422,113.58926205933422,0.7888888888888889,54.63842959687856,16.345392823212613,114.76658988311725,213589262.05933407,129.77777777777777,"{'DROPOUT': 160, 'END_OF_DATA': 20}",100000000
180,73087557.35498297,73.08755735498296,0.7666666666666667,100.6688522564189,16.1034998030834,346.6617730084461,173087557.35498297,129.77777777777777,"{'DROPOUT': 160, 'END_OF_DATA': 20}",100000000
180,85850965.4023364,85.8509654023364,0.7777777777777778,52.09477087466114,15.546315239961597,137.0933452799604,185850965.4023364,129.77777777777777,"{'DROPOUT': 160, 'END_OF_DATA': 20}",100000000
180,131233697.9924694,131.2336979924694,0.8055555555555556,52.524135888259075,25.133676765011934,93.57958390280935,231233697.9924694,129.77777777777777,"{'DROPOUT': 160, 'END_OF_DATA': 20}",100000000
180,317624981.6722524,317.62498167225243,0.8388888888888889,85.86023257118048,24.999994703103084,278.17260595904185,417624981.67225236,129.77777777777777,"{'DROPOUT': 160, 'END_OF_DATA': 20}",100000000
180,245123804.02249527,245.12380402249528,0.8055555555555556,113.50145678437563,16.581015770278583,389.284404219901,345123804.02249545,129.77777777777777,"{'DROPOUT': 160, 'END_OF_DATA': 20}",100000000
180,118691370.07788482,118.69137007788481,0.7555555555555555,56.948840476965465,11.246517936172172,171.88097539843838,218691370.07788476,129.77777777777777,"{'DROPOUT': 160, 'END_OF_DATA': 20}",100000000
180,229162387.9925606,229.1623879925606,0.75,82.96908226477922,15.06516504953452,304.2430929547041,329162387.9925607,129.77777777777777,"{'DROPOUT': 160, 'END_OF_DATA': 20}",100000000
180,280357580.2114262,280.3575802114262,0.8055555555555556,104.73364769647732,23.33730627770303,349.2672904107225,380357580.21142614,129.77777777777777,"{'DROPOUT': 160, 'END_OF_DATA': 20}",100000000
180,212526239.1268152,212.5262391268152,0.7666666666666667,72.91035878780437,19.226184246906634,274.05130436747424,312526239.12681526,129.77777777777777,"{'DROPOUT': 160, 'END_OF_DATA': 20}",100000000
180,321870036.7778218,321.8700367778218,0.8111111111111111,99.48173524561054,20.080645083760864,327.0048140744104,421870036.77782166,129.77777777777777,"{'DROPOUT': 160, 'END_OF_DATA': 20}",100000000
180,306161241.8384356,306.16124183843556,0.7444444444444445,107.4334244176367,14.153980217272355,328.3596064467571,406161241.83843565,129.77777777777777,"{'DROPOUT': 160, 'END_OF_DATA': 20}",100000000
180,412687802.212537,412.68780221253695,0.8,97.59585136022672,21.695916491280663,331.4216994840175,512687802.2125367,129.77777777777777,"{'DROPOUT': 160, 'END_OF_DATA': 20}",100000000
180,219223970.6542452,219.2239706542452,0.7277777777777777,78.35754736981596,16.221856451473087,276.05033594379864,319223970.6542452,129.77777777777777,"{'DROPOUT': 160, 'END_OF_DATA': 20}",100000000
180,175497087.5924229,175.4970875924229,0.7888888888888889,92.87905416856734,22.62262309050113,243.07154688825872,275497087.5924231,129.77777777777777,"{'DROPOUT': 160, 'END_OF_DATA': 20}",100000000
180,137412758.58474058,137.41275858474057,0.7777777777777778,64.91951521270738,19.61294674279758,208.29608562109334,237412758.58474064,129.77777777777777,"{'DROPOUT': 160, 'END_OF_DATA': 20}",100000000
180,84315637.1440051,84.31563714400511,0.7777777777777778,60.50716511587905,16.60671462829736,206.04152895745682,184315637.1440052,129.77777777777777,"{'DROPOUT': 160, 'END_OF_DATA': 20}",100000000
180,99153322.04321638,99.15332204321638,0.7888888888888889,53.76797378416337,19.840484734352714,141.96681207676497,199153322.0432163,129.77777777777777,"{'DROPOUT': 160, 'END_OF_DATA': 20}",100000000
180,299969259.473001,299.969259473001,0.7611111111111111,72.94586852151144,17.322544289923265,256.9250989058023,399969259.47300106,129.77777777777777,"{'DROPOUT': 160, 'END_OF_DATA': 20}",100000000
180,85599636.21429993,85.59963621429993,0.7444444444444445,104.72715941022464,20.22680600525697,332.43585662369543,185599636.21429998,129.77777777777777,"{'DROPOUT': 160, 'END_OF_DATA': 20}",100000000
180,354438335.83463913,354.43833583463913,0.8444444444444444,98.6278520379017,17.112046237777378,372.8755305254413,454438335.83463925,129.77777777777777,"{'DROPOUT': 160, 'END_OF_DATA': 20}",100000000
180,239918722.59499767,239.9187225949977,0.7722222222222223,91.36108746465815,24.774961143546435,301.01700088772145,339918722.59499764,129.77777777777777,"{'DROPOUT': 160, 'END_OF_DATA': 20}",100000000
180,80293855.20103404,80.29385520103403,0.7833333333333333,74.73800360616788,19.738363874639038,228.37546237534008,180293855.20103407,129.77777777777777,"{'DROPOUT': 160, 'END_OF_DATA': 20}",100000000
180,66619212.5165622,66.6192125165622,0.7777777777777778,80.00571602251499,16.666663355297658,286.4387049405241,166619212.51656216,129.77777777777777,"{'DROPOUT': 160, 'END_OF_DATA': 20}",100000000
180,178931733.38445008,178.93173338445007,0.7833333333333333,89.98782958553674,22.337162102212563,285.1561213694443,278931733.38445,129.77777777777777,"{'DROPOUT': 160, 'END_OF_DATA': 20}",100000000
180,103062631.58425476,103.06263158425475,0.7833333333333333,87.87690628132191,20.244097860982222,332.7896646878795,203062631.5842547,129.77777777777777,"{'DROPOUT': 160, 'END_OF_DATA': 20}",100000000
180,257876242.64974716,257.87624264974716,0.8,86.74695517206472,22.887184209887558,285.8924883289499,357876242.6497471,129.77777777777777,"{'DROPOUT': 160, 'END_OF_DATA': 20}",100000000
180,328090679.73531926,328.09067973531927,0.7611111111111111,106.77737504202572,17.223721276553334,349.2033888972545,428090679.7353192,129.77777777777777,"{'DROPOUT': 160, 'END_OF_DATA': 20}",100000000
180,241916286.79990268,241.91628679990268,0.7611111111111111,87.62841244913324,20.150811704855684,297.7366557072503,341916286.7999027,129.77777777777777,"{'DROPOUT': 160, 'END_OF_DATA': 20}",100000000
180,88442548.77398722,88.44254877398721,0.75,60.456651194162276,15.283218648713019,215.78236557096804,188442548.77398705,129.77777777777777,"{'DROPOUT': 160, 'END_OF_DATA': 20}",100000000
180,121988402.41817877,121.98840241817877,0.7166666666666667,75.88809779161677,12.279718573932964,276.35263450479795,221988402.41817868,129.77777777777777,"{'DROPOUT': 160, 'END_OF_DATA': 20}",100000000
180,217076675.04136306,217.07667504136307,0.8166666666666667,92.50098800226289,20.564971774077883,337.5592929979297,317076675.04136306,129.77777777777777,"{'DROPOUT': 160, 'END_OF_DATA': 20}",100000000
180,191113766.58892405,191.11376658892405,0.8333333333333334,112.10919158351494,24.638229836349936,367.8472512031615,291113766.5889239,129.77777777777777,"{'DROPOUT': 160, 'END_OF_DATA': 20}",100000000
180,209009338.92916363,209.00933892916362,0.7722222222222223,88.89505391719871,15.125572169513331,261.4299003280171,309009338.92916375,129.77777777777777,"{'DROPOUT': 160, 'END_OF_DATA': 20}",100000000
180,70457211.97233754,70.45721197233755,0.8,92.62667851841674,17.602441325357645,338.30126879840634,170457211.97233757,129.77777777777777,"{'DROPOUT': 160, 'END_OF_DATA': 20}",100000000
180,102997936.17182097,102.99793617182095,0.7555555555555555,72.83189170781894,17.046154136141126,257.26713027593473,202997936.17182097,129.77777777777777,"{'DROPOUT': 160, 'END_OF_DATA': 20}",100000000
180,207978141.5515973,207.97814155159728,0.7722222222222223,87.71474655064607,18.249828037980635,307.9951705685769,307978141.5515974,129.77777777777777,"{'DROPOUT': 160, 'END_OF_DATA': 20}",100000000
180,157327003.74624717,157.3270037462472,0.7722222222222223,83.26150749454814,16.634602060570398,280.0731130754836,257327003.74624717,129.77777777777777,"{'DROPOUT': 160, 'END_OF_DATA': 20}",100000000
180,65787314.40939954,65.78731440939954,0.8388888888888889,72.78403033606311,23.07502938734736,186.90301067808073,165787314.40939957,129.77777777777777,"{'DROPOUT': 160, 'END_OF_DATA': 20}",100000000
180,486217115.00282454,486.2171150028246,0.8277777777777777,135.99962680156418,27.57340959300405,412.3931489505724,586217115.0028249,129.77777777777777,"{'DROPOUT': 160, 'END_OF_DATA': 20}",100000000
180,321039153.718124,321.039153718124,0.8,95.29537339253645,18.960306380490113,277.4832875996686,421039153.71812385,129.77777777777777,"{'DROPOUT': 160, 'END_OF_DATA': 20}",100000000
180,128792952.13380633,128.79295213380632,0.7777777777777778,90.30511876704954,18.286306345590113,333.6786375284913,228792952.13380626,129.77777777777777,"{'DROPOUT': 160, 'END_OF_DATA': 20}",100000000
180,440077169.5614155,440.07716956141553,0.8,115.22051843630982,21.77287430238583,371.42678933909184,540077169.5614158,129.77777777777777,"{'DROPOUT': 160, 'END_OF_DATA': 20}",100000000
180,97051735.6333758,97.05173563337578,0.7722222222222223,96.956172394879,24.80032007606955,334.37017135371525,197051735.63337582,129.77777777777777,"{'DROPOUT': 160, 'END_OF_DATA': 20}",100000000
180,122859972.16886485,122.85997216886484,0.7722222222222223,81.30410198837733,14.593611134111075,290.7778993542836,222859972.16886485,129.77777777777777,"{'DROPOUT': 160, 'END_OF_DATA': 20}",100000000
180,210474370.77897558,210.47437077897558,0.8166666666666667,120.8530949600921,18.435590220314193,398.4384657703224,310474370.77897567,129.77777777777777,"{'DROPOUT': 160, 'END_OF_DATA': 20}",100000000
180,145080271.2436781,145.08027124367808,0.7444444444444445,85.77317226792671,17.660364871044564,296.27612716410283,245080271.2436781,129.77777777777777,"{'DROPOUT': 160, 'END_OF_DATA': 20}",100000000
180,243358471.25277084,243.35847125277087,0.7888888888888889,87.81984871699372,26.708487619163314,291.5505691234824,343358471.25277096,129.77777777777777,"{'DROPOUT': 160, 'END_OF_DATA': 20}",100000000
180,159811520.98112732,159.81152098112733,0.8111111111111111,112.25230576843249,24.548969198862054,341.3154744325475,259811520.9811274,129.77777777777777,"{'DROPOUT': 160, 'END_OF_DATA': 20}",100000000
180,77941894.60300565,77.94189460300565,0.7777777777777778,60.47361007947438,18.115052375380706,212.43786263825305,177941894.60300565,129.77777777777777,"{'DROPOUT': 160, 'END_OF_DATA': 20}",100000000
180,98102984.60305366,98.10298460305366,0.7777777777777778,71.98930344837811,20.147431088823172,216.98182881523863,198102984.60305363,129.77777777777777,"{'DROPOUT': 160, 'END_OF_DATA': 20}",100000000
180,133984014.40602344,133.98401440602342,0.8222222222222222,76.47102884397226,21.483517597243768,212.73566141746173,233984014.40602344,129.77777777777777,"{'DROPOUT': 160, 'END_OF_DATA': 20}",100000000
180,81967710.99434784,81.96771099434784,0.7777777777777778,65.00421475321616,16.777621582525384,166.13979542503162,181967710.99434784,129.77777777777777,"{'DROPOUT': 160, 'END_OF_DATA': 20}",100000000
180,224558072.28378406,224.55807228378407,0.7777777777777778,81.3619263198139,18.2112107238481,293.05757113877394,324558072.2837841,129.77777777777777,"{'DROPOUT': 160, 'END_OF_DATA': 20}",100000000
180,66616726.72421642,66.61672672421642,0.7166666666666667,84.65255881139193,17.44886404876256,331.72621687127486,166616726.72421646,129.77777777777777,"{'DROPOUT': 160, 'END_OF_DATA': 20}",100000000
180,211173158.828121,211.17315882812102,0.7888888888888889,78.46228512984084,19.374474037057954,228.11595325234572,311173158.828121,129.77777777777777,"{'DROPOUT': 160, 'END_OF_DATA': 20}",100000000
180,118945738.21427019,118.9457382142702,0.8611111111111112,87.68526037122034,25.0723758745645,211.19468669130288,218945738.21427026,129.77777777777777,"{'DROPOUT': 160, 'END_OF_DATA': 20}",100000000
180,268411808.03718334,268.41180803718333,0.7777777777777778,115.51980317692887,23.340188507883887,360.2922016997989,368411808.03718334,129.77777777777777,"{'DROPOUT': 160, 'END_OF_DATA': 20}",100000000
180,262945021.7003995,262.9450217003995,0.8166666666666667,88.80424623494298,17.450895048720724,260.5133559096149,362945021.7003996,129.77777777777777,"{'DROPOUT': 160, 'END_OF_DATA': 20}",100000000
180,64714497.47496246,64.71449747496246,0.8,76.56116117620437,18.265714027332024,242.70760044391844,164714497.4749625,129.77777777777777,"{'DROPOUT': 160, 'END_OF_DATA': 20}",100000000
180,310552134.9883573,310.5521349883573,0.8,97.40352341256006,17.142668249599506,316.0838064341416,410552134.9883569,129.77777777777777,"{'DROPOUT': 160, 'END_OF_DATA': 20}",100000000
180,350295123.5778786,350.2951235778786,0.8222222222222222,144.02161376625432,24.77272453354336,449.4928763030426,450295123.5778786,129.77777777777777,"{'DROPOUT': 160, 'END_OF_DATA': 20}",100000000
180,215774883.05644774,215.77488305644775,0.7888888888888889,90.61975684725381,25.01706883805543,271.5519883709146,315774883.0564478,129.77777777777777,"{'DROPOUT': 160, 'END_OF_DATA': 20}",100000000
180,101139504.18623143,101.13950418623143,0.75,68.87034126519933,14.545988271027245,196.89747801219426,201139504.18623137,129.77777777777777,"{'DROPOUT': 160, 'END_OF_DATA': 20}",100000000
180,127553306.25168028,127.55330625168028,0.75,101.22986391130861,16.77474413759508,326.23789688130773,227553306.2516803,129.77777777777777,"{'DROPOUT': 160, 'END_OF_DATA': 20}",100000000
180,256730860.26703972,256.7308602670397,0.7388888888888889,133.73702071995066,18.064085412135114,416.4680858260445,356730860.2670397,129.77777777777777,"{'DROPOUT': 160, 'END_OF_DATA': 20}",100000000
180,236153154.63310158,236.1531546331016,0.7388888888888889,95.23371302320308,16.48748560737563,311.2978296867531,336153154.63310146,129.77777777777777,"{'DROPOUT': 160, 'END_OF_DATA': 20}",100000000
180,141586269.76254386,141.58626976254385,0.8055555555555556,92.09222433183446,20.11073498835823,333.7684291426878,241586269.76254386,129.77777777777777,"{'DROPOUT': 160, 'END_OF_DATA': 20}",100000000
180,83870746.70772266,83.87074670772266,0.7111111111111111,53.211973091680775,12.731091813358997,140.4304350351997,183870746.7077226,129.77777777777777,"{'DROPOUT': 160, 'END_OF_DATA': 20}",100000000
180,105185218.82926814,105.18521882926815,0.8444444444444444,117.89886901219573,22.29364219815647,376.10849778195825,205185218.8292682,129.77777777777777,"{'DROPOUT': 160, 'END_OF_DATA': 20}",100000000
180,92834700.47717825,92.83470047717825,0.8,82.3650849474722,18.244854418872336,281.50523256027816,192834700.4771783,129.77777777777777,"{'DROPOUT': 160, 'END_OF_DATA': 20}",100000000
180,187223766.81662717,187.22376681662718,0.7666666666666667,90.52654553435816,20.213417748896852,304.8724089568589,287223766.816627,129.77777777777777,"{'DROPOUT': 160, 'END_OF_DATA': 20}",100000000
180,253040849.46554816,253.04084946554815,0.8111111111111111,137.65910820215174,20.635214956536807,448.78292386366996,353040849.465548,129.77777777777777,"{'DROPOUT': 160, 'END_OF_DATA': 20}",100000000
180,287360261.6100826,287.36026161008266,0.7888888888888889,149.38081044021163,20.361543060457983,403.329990532178,387360261.61008275,129.77777777777777,"{'DROPOUT': 160, 'END_OF_DATA': 20}",100000000
180,280087588.64479315,280.08758864479313,0.7388888888888889,102.97632208676384,21.05538770680937,316.56399130098833,380087588.6447931,129.77777777777777,"{'DROPOUT': 160, 'END_OF_DATA': 20}",100000000
180,71376983.20121613,71.37698320121612,0.7222222222222222,71.17849208946706,17.868928558825594,210.86943115359853,171376983.20121604,129.77777777777777,"{'DROPOUT': 160, 'END_OF_DATA': 20}",100000000
180,160467205.4709924,160.46720547099238,0.7555555555555555,90.881105010694,14.987012775903255,304.1500083710822,260467205.47099254,129.77777777777777,"{'DROPOUT': 160, 'END_OF_DATA': 20}",100000000
180,215834191.66411245,215.83419166411244,0.8222222222222222,126.3777270084563,20.165397240936596,389.73566241452517,315834191.6641125,129.77777777777777,"{'DROPOUT': 160, 'END_OF_DATA': 20}",100000000
180,242027445.26904792,242.02744526904794,0.7944444444444444,67.41011901669486,19.977576893198524,240.2471667343055,342027445.26904786,129.77777777777777,"{'DROPOUT': 160, 'END_OF_DATA': 20}",100000000
180,133336785.34270102,133.336785342701,0.7555555555555555,65.06728349288795,16.331520849368694,145.9249254760917,233336785.34270102,129.77777777777777,"{'DROPOUT': 160, 'END_OF_DATA': 20}",100000000
180,215456612.55845317,215.45661255845317,0.7777777777777778,83.6583871128126,17.741515670488642,293.14500161134373,315456612.5584532,129.77777777777777,"{'DROPOUT': 160, 'END_OF_DATA': 20}",100000000
180,104501394.15045652,104.50139415045652,0.7611111111111111,58.50562573179741,16.164642582036265,198.86326344268076,204501394.15045652,129.77777777777777,"{'DROPOUT': 160, 'END_OF_DATA': 20}",100000000
180,300297627.0294881,300.2976270294881,0.8,77.63879581119411,17.87432817936332,226.73795662278428,400297627.02948815,129.77777777777777,"{'DROPOUT': 160, 'END_OF_DATA': 20}",100000000
180,135258390.2442879,135.2583902442879,0.7333333333333333,98.68794759199145,15.198180007176134,355.0015990289139,235258390.24428788,129.77777777777777,"{'DROPOUT': 160, 'END_OF_DATA': 20}",100000000
180,105838041.2667616,105.83804126676159,0.8166666666666667,102.57397056670007,22.75477094002244,307.9670853792343,205838041.26676166,129.77777777777777,"{'DROPOUT': 160, 'END_OF_DATA': 20}",100000000
180,92933978.77816358,92.93397877816358,0.7666666666666667,67.16446499663567,17.256936967585382,243.3412072436531,192933978.77816358,129.77777777777777,"{'DROPOUT': 160, 'END_OF_DATA': 20}",100000000
180,231228639.5565172,231.2286395565172,0.8388888888888889,101.4227611114079,28.11253882161335,312.54110991335494,331228639.55651724,129.77777777777777,"{'DROPOUT': 160, 'END_OF_DATA': 20}",100000000
180,240625312.94126296,240.62531294126296,0.75,66.50043476277921,21.66201774079228,218.06903493658245,340625312.9412631,129.77777777777777,"{'DROPOUT': 160, 'END_OF_DATA': 20}",100000000
180,303402265.62408686,303.40226562408685,0.7944444444444444,88.23372834531028,21.82539754400994,286.87077071906685,403402265.624087,129.77777777777777,"{'DROPOUT': 160, 'END_OF_DATA': 20}",100000000
180,147058116.34082168,147.0581163408217,0.7722222222222223,73.66727726603932,15.71945956123299,231.04383247229805,247058116.3408217,129.77777777777777,"{'DROPOUT': 160, 'END_OF_DATA': 20}",100000000
180,125378196.93054092,125.37819693054091,0.8,106.61316346353993,16.92815553878029,379.91601368812053,225378196.93054086,129.77777777777777,"{'DROPOUT': 160, 'END_OF_DATA': 20}",100000000
180,342804577.6191484,342.80457761914835,0.7555555555555555,107.51194649136272,18.981482033376594,379.6382189439531,442804577.6191486,129.77777777777777,"{'DROPOUT': 160, 'END_OF_DATA': 20}",100000000
180,82442785.53331096,82.44278553331097,0.8333333333333334,102.55533773620874,23.495117181877262,347.5755049925588,182442785.53331095,129.77777777777777,"{'DROPOUT': 160, 'END_OF_DATA': 20}",100000000
180,224611852.59473342,224.61185259473342,0.7777777777777778,103.68192783984777,16.050491871554094,390.29761339651645,324611852.59473354,129.77777777777777,"{'DROPOUT': 160, 'END_OF_DATA': 20}",100000000
180,140688052.69959357,140.68805269959356,0.7444444444444445,107.80042467176833,25.907676586786632,339.77508922784796,240688052.69959354,129.77777777777777,"{'DROPOUT': 160, 'END_OF_DATA': 20}",100000000
180,167796447.4880572,167.7964474880572,0.7833333333333333,90.90630353436352,20.000000149011633,301.29449412654867,267796447.4880571,129.77777777777777,"{'DROPOUT': 160, 'END_OF_DATA': 20}",100000000
180,196796863.9511723,196.7968639511723,0.7722222222222223,103.33261302734091,19.897628365489197,365.64648415684024,296796863.95117205,129.77777777777777,"{'DROPOUT': 160, 'END_OF_DATA': 20}",100000000
180,307175724.09438044,307.1757240943804,0.7166666666666667,129.33337747956944,20.28228450603454,392.98902365217606,407175724.0943805,129.77777777777777,"{'DROPOUT': 160, 'END_OF_DATA': 20}",100000000
180,123843359.34484616,123.84335934484616,0.8055555555555556,57.83168731696931,14.875534093612732,130.81451888881836,223843359.34484604,129.77777777777777,"{'DROPOUT': 160, 'END_OF_DATA': 20}",100000000
180,237468830.99845368,237.46883099845365,0.8,85.03080475817235,15.869115310975875,301.46402941843814,337468830.9984538,129.77777777777777,"{'DROPOUT': 160, 'END_OF_DATA': 20}",100000000
180,139748492.46074474,139.74849246074476,0.7555555555555555,61.69172895130788,17.122178401087137,165.3060692155332,239748492.4607449,129.77777777777777,"{'DROPOUT': 160, 'END_OF_DATA': 20}",100000000
180,100397924.01513982,100.39792401513982,0.7333333333333333,46.750277789964784,12.895017520090098,129.25241159104618,200397924.0151398,129.77777777777777,"{'DROPOUT': 160, 'END_OF_DATA': 20}",100000000
180,218267712.23693487,218.2677122369349,0.7333333333333333,103.37694449548933,16.14800556237905,341.10235500080455,318267712.23693484,129.77777777777777,"{'DROPOUT': 160, 'END_OF_DATA': 20}",100000000
180,118250312.91781518,118.25031291781518,0.7666666666666667,73.39817425816886,16.284294120224736,268.4087830931148,218250312.91781527,129.77777777777777,"{'DROPOUT': 160, 'END_OF_DATA': 20}",100000000
180,142979019.1060102,142.9790191060102,0.7888888888888889,72.74135793412479,22.233203506848362,204.6511744190316,242979019.10601014,129.77777777777777,"{'DROPOUT': 160, 'END_OF_DATA': 20}",100000000
180,211402914.89923173,211.40291489923175,0.7611111111111111,75.24267598445233,16.38681249403376,285.2176315344522,311402914.8992316,129.77777777777777,"{'DROPOUT': 160, 'END_OF_DATA': 20}",100000000
180,187309011.9960999,187.30901199609988,0.7833333333333333,77.66965538743409,16.9959333283889,250.5593891938765,287309011.9960998,129.77777777777777,"{'DROPOUT': 160, 'END_OF_DATA': 20}",100000000
180,98951614.71041726,98.95161471041726,0.7833333333333333,56.7320287380744,16.06251391294901,203.24368325040263,198951614.71041724,129.77777777777777,"{'DROPOUT': 160, 'END_OF_DATA': 20}",100000000
180,75186907.56239286,75.18690756239286,0.7222222222222222,39.33673146351974,14.611279423278189,69.39475540995429,175186907.56239283,129.77777777777777,"{'DROPOUT': 160, 'END_OF_DATA': 20}",100000000
180,364654528.8532305,364.6545288532305,0.7944444444444444,78.86309506178519,17.413218219643376,257.3154716072734,464654528.85323036,129.77777777777777,"{'DROPOUT': 160, 'END_OF_DATA': 20}",100000000
180,332700931.6914861,332.7009316914861,0.7888888888888889,72.83705824602134,17.732257510512447,204.50160594813576,432700931.6914861,129.77777777777777,"{'DROPOUT': 160, 'END_OF_DATA': 20}",100000000
180,103400154.76438195,103.40015476438194,0.8166666666666667,98.24892554404465,19.916057429285438,342.4295044407177,203400154.76438195,129.77777777777777,"{'DROPOUT': 160, 'END_OF_DATA': 20}",100000000
180,203425923.37603512,203.42592337603512,0.7444444444444445,113.21411450192767,16.865845800410682,367.9684510722835,303425923.37603503,129.77777777777777,"{'DROPOUT': 160, 'END_OF_DATA': 20}",100000000
180,121175207.4646767,121.17520746467669,0.7666666666666667,98.08600435653597,17.514830985997627,292.9263741192702,221175207.46467674,129.77777777777777,"{'DROPOUT': 160, 'END_OF_DATA': 20}",100000000
180,144390300.49251845,144.39030049251846,0.7944444444444444,79.89055243551266,21.133692250692192,289.1718325644304,244390300.4925186,129.77777777777777,"{'DROPOUT': 160, 'END_OF_DATA': 20}",100000000
180,242253360.36177528,242.25336036177526,0.8388888888888889,86.32877887837883,19.331516029922653,326.6091730147814,342253360.36177546,129.77777777777777,"{'DROPOUT': 160, 'END_OF_DATA': 20}",100000000
180,93756890.09097591,93.75689009097592,0.7611111111111111,108.4009602483775,18.173085379522583,334.6171399999364,193756890.09097594,129.77777777777777,"{'DROPOUT': 160, 'END_OF_DATA': 20}",100000000
180,93330378.94532275,93.33037894532275,0.8166666666666667,110.23382194706282,23.76342936360329,388.3861307024877,193330378.94532278,129.77777777777777,"{'DROPOUT': 160, 'END_OF_DATA': 20}",100000000
180,76234701.1300374,76.2347011300374,0.7888888888888889,80.39002832007853,18.809987512803865,242.24242318650946,176234701.1300374,129.77777777777777,"{'DROPOUT': 160, 'END_OF_DATA': 20}",100000000
180,134928149.26131213,134.92814926131214,0.8166666666666667,98.56712082788431,20.15430353813212,318.5750163757272,234928149.26131213,129.77777777777777,"{'DROPOUT': 160, 'END_OF_DATA': 20}",100000000
180,466047425.24542004,466.0474252454201,0.7888888888888889,131.95663352063613,19.994875469203954,383.34730792456827,566047425.24542,129.77777777777777,"{'DROPOUT': 160, 'END_OF_DATA': 20}",100000000
180,263221984.62780368,263.22198462780364,0.7777777777777778,74.92699130885815,15.161822971732683,227.41943343990988,363221984.62780356,129.77777777777777,"{'DROPOUT': 160, 'END_OF_DATA': 20}",100000000
180,185450608.85604703,185.45060885604704,0.7388888888888889,69.05118327768497,14.304809595644544,173.16560904661284,285450608.856047,129.77777777777777,"{'DROPOUT': 160, 'END_OF_DATA': 20}",100000000
180,94917905.78373864,94.91790578373865,0.7333333333333333,78.7028659879471,13.333703919898618,288.4935771498932,194917905.78373855,129.77777777777777,"{'DROPOUT': 160, 'END_OF_DATA': 20}",100000000
180,104643326.3553205,104.6433263553205,0.7944444444444444,75.76843416593243,15.865601969293499,249.14784228645735,204643326.35532054,129.77777777777777,"{'DROPOUT': 160, 'END_OF_DATA': 20}",100000000
180,128203140.30816036,128.20314030816036,0.8,65.09264477978655,14.835868875117216,154.97210261146654,228203140.3081604,129.77777777777777,"{'DROPOUT': 160, 'END_OF_DATA': 20}",100000000
180,126276016.0123393,126.27601601233928,0.8,103.95579778362881,21.045534280584533,310.0295569125815,226276016.01233926,129.77777777777777,"{'DROPOUT': 160, 'END_OF_DATA': 20}",100000000
180,360270464.8803751,360.2704648803751,0.8111111111111111,187.06721449169007,23.12900551469811,529.3515480012536,460270464.8803751,129.77777777777777,"{'DROPOUT': 160, 'END_OF_DATA': 20}",100000000
180,204537280.11228442,204.5372801122844,0.7888888888888889,103.86337889342667,15.423742252096257,306.99129009805944,304537280.11228454,129.77777777777777,"{'DROPOUT': 160, 'END_OF_DATA': 20}",100000000
180,68925988.5952037,68.9259885952037,0.7555555555555555,105.92805129424846,16.650143540312754,355.8313500784213,168925988.59520373,129.77777777777777,"{'DROPOUT': 160, 'END_OF_DATA': 20}",100000000
180,71842637.64071201,71.842637640712,0.7722222222222223,75.36629208542955,16.171340211645706,226.22289114782723,171842637.64071205,129.77777777777777,"{'DROPOUT': 160, 'END_OF_DATA': 20}",100000000
180,229662069.54430914,229.66206954430913,0.7833333333333333,123.04919106199998,17.79782618655416,398.64363236686216,329662069.5443091,129.77777777777777,"{'DROPOUT': 160, 'END_OF_DATA': 20}",100000000
180,111443225.63446781,111.44322563446781,0.7388888888888889,66.6629086572765,18.342293306227553,227.48154959677103,211443225.63446796,129.77777777777777,"{'DROPOUT': 160, 'END_OF_DATA': 20}",100000000
180,128948369.05241297,128.94836905241297,0.7611111111111111,83.53862323079045,15.858710329245403,282.8771644236199,228948369.05241296,129.77777777777777,"{'DROPOUT': 160, 'END_OF_DATA': 20}",100000000
180,249736601.78351277,249.73660178351275,0.7611111111111111,120.6023472827338,19.375564287945558,380.6870007298182,349736601.78351253,129.77777777777777,"{'DROPOUT': 160, 'END_OF_DATA': 20}",100000000
180,336824343.882999,336.824343882999,0.7722222222222223,82.0820271491413,17.58934191839345,292.18584896736775,436824343.8829994,129.77777777777777,"{'DROPOUT': 160, 'END_OF_DATA': 20}",100000000
180,208094419.42046124,208.09441942046126,0.7555555555555555,70.28145409303009,17.21078391642677,273.11473775276346,308094419.4204613,129.77777777777777,"{'DROPOUT': 160, 'END_OF_DATA': 20}",100000000
180,219361322.83253437,219.36132283253437,0.7833333333333333,101.12559904144534,19.80659324764824,336.6638852346217,319361322.8325342,129.77777777777777,"{'DROPOUT': 160, 'END_OF_DATA': 20}",100000000
180,197467819.96148187,197.46781996148187,0.8222222222222222,86.71273315374029,16.777994450866345,333.2133366930404,297467819.96148187,129.77777777777777,"{'DROPOUT': 160, 'END_OF_DATA': 20}",100000000
180,129403906.5153812,129.4039065153812,0.7611111111111111,100.08314126908652,21.91185416383248,359.1094975251725,229403906.51538113,129.77777777777777,"{'DROPOUT': 160, 'END_OF_DATA': 20}",100000000
180,197437998.18631083,197.43799818631084,0.7833333333333333,93.69804972417631,21.003297850720305,243.07997024835257,297437998.1863108,129.77777777777777,"{'DROPOUT': 160, 'END_OF_DATA': 20}",100000000
180,153026335.633362,153.02633563336198,0.7444444444444445,82.26325623510307,19.08262999178047,309.913837890953,253026335.63336197,129.77777777777777,"{'DROPOUT': 160, 'END_OF_DATA': 20}",100000000
180,369735897.2878642,369.7358972878642,0.8111111111111111,95.69480196529516,18.475157915063267,303.9045268470497,469735897.2878642,129.77777777777777,"{'DROPOUT': 160, 'END_OF_DATA': 20}",100000000
180,205390259.80081683,205.3902598008168,0.7888888888888889,97.82620925242225,14.921372765463033,324.29253966753856,305390259.8008168,129.77777777777777,"{'DROPOUT': 160, 'END_OF_DATA': 20}",100000000
180,365740333.13522184,365.7403331352219,0.8555555555555555,125.7399704800337,22.730293562017625,400.0567721925126,465740333.13522196,129.77777777777777,"{'DROPOUT': 160, 'END_OF_DATA': 20}",100000000
180,86088662.38853791,86.08866238853791,0.7611111111111111,80.14332108160724,15.254026465068144,257.46087179006247,186088662.388538,129.77777777777777,"{'DROPOUT': 160, 'END_OF_DATA': 20}",100000000
180,320155140.23364437,320.1551402336444,0.75,116.44157801941914,17.251690497574806,387.0572785509647,420155140.2336443,129.77777777777777,"{'DROPOUT': 160, 'END_OF_DATA': 20}",100000000
180,119935835.01681525,119.93583501681525,0.8055555555555556,67.46591172082631,20.176997852452473,212.58489035182285,219935835.01681525,129.77777777777777,"{'DROPOUT': 160, 'END_OF_DATA': 20}",100000000
180,61424242.971164584,61.42424297116459,0.7666666666666667,65.52592697119441,19.427542574267882,148.79762054374953,161424242.97116455,129.77777777777777,"{'DROPOUT': 160, 'END_OF_DATA': 20}",100000000
180,100278219.38098252,100.27821938098252,0.7555555555555555,48.894660304897506,16.422217141720807,105.44797097474239,200278219.3809825,129.77777777777777,"{'DROPOUT': 160, 'END_OF_DATA': 20}",100000000
180,169532720.73445624,169.53272073445623,0.7777777777777778,87.15652076748528,19.615143314981594,268.84028565239555,269532720.734456,129.77777777777777,"{'DROPOUT': 160, 'END_OF_DATA': 20}",100000000
180,141619515.54950297,141.61951554950295,0.8055555555555556,85.11730289847544,18.93048684242647,287.09620602142684,241619515.54950297,129.77777777777777,"{'DROPOUT': 160, 'END_OF_DATA': 20}",100000000
180,415450760.5122329,415.4507605122329,0.7833333333333333,93.69544630753683,19.809490548482437,306.78177776946904,515450760.5122328,129.77777777777777,"{'DROPOUT': 160, 'END_OF_DATA': 20}",100000000
180,62792222.22627561,62.792222226275605,0.7333333333333333,85.99278998401591,12.381160005781869,306.9274880446466,162792222.22627562,129.77777777777777,"{'DROPOUT': 160, 'END_OF_DATA': 20}",100000000
180,224386250.74495322,224.38625074495323,0.7722222222222223,67.98352600721275,15.246542036533212,227.64562544810076,324386250.7449531,129.77777777777777,"{'DROPOUT': 160, 'END_OF_DATA': 20}",100000000
180,83920811.87796824,83.92081187796823,0.7611111111111111,92.04797731578795,15.865553425441178,363.9007381176903,183920811.8779683,129.77777777777777,"{'DROPOUT': 160, 'END_OF_DATA': 20}",100000000
180,111613809.46261035,111.61380946261035,0.7555555555555555,62.11142758594947,15.338493493642614,237.1123886160444,211613809.4626104,129.77777777777777,"{'DROPOUT': 160, 'END_OF_DATA': 20}",100000000
180,319084918.60858,319.08491860858004,0.7833333333333333,120.93688145698653,17.508973028831882,355.9480761549055,419084918.6085799,129.77777777777777,"{'DROPOUT': 160, 'END_OF_DATA': 20}",100000000
180,452963204.83171254,452.9632048317126,0.8,116.32383392995312,24.621788665904425,338.18284542414676,552963204.8317126,129.77777777777777,"{'DROPOUT': 160, 'END_OF_DATA': 20}",100000000
180,124757472.43860662,124.75747243860663,0.7388888888888889,47.90423866490015,15.884228973410922,86.63369876191443,224757472.43860662,129.77777777777777,"{'DROPOUT': 160, 'END_OF_DATA': 20}",100000000
180,107456374.45675382,107.45637445675382,0.75,130.86768162883212,17.232799632206408,451.58968453393544,207456374.4567538,129.77777777777777,"{'DROPOUT': 160, 'END_OF_DATA': 20}",100000000
180,311382716.7725296,311.3827167725296,0.8055555555555556,106.8299014192448,19.10305332905515,404.82519114538997,411382716.77252954,129.77777777777777,"{'DROPOUT': 160, 'END_OF_DATA': 20}",100000000
180,105074422.56239411,105.07442256239412,0.8111111111111111,146.39113456903087,18.591677237486397,480.767223022443,205074422.56239417,129.77777777777777,"{'DROPOUT': 160, 'END_OF_DATA': 20}",100000000
180,365808713.11645794,365.8087131164579,0.7888888888888889,74.51349415137939,17.189142443731008,279.9435989882214,465808713.1164579,129.77777777777777,"{'DROPOUT': 160, 'END_OF_DATA': 20}",100000000
180,103977380.43058917,103.97738043058918,0.7888888888888889,118.94280963355051,21.096935002256586,362.6565931865987,203977380.43058914,129.77777777777777,"{'DROPOUT': 160, 'END_OF_DATA': 20}",100000000
180,161660271.63614842,161.66027163614842,0.7333333333333333,59.379713729123985,17.382742575617513,209.5896942344095,261660271.63614833,129.77777777777777,"{'DROPOUT': 160, 'END_OF_DATA': 20}",100000000
180,255940960.56846514,255.94096056846513,0.7166666666666667,56.79953339829866,9.946264113118769,214.9489172497445,355940960.56846505,129.77777777777777,"{'DROPOUT': 160, 'END_OF_DATA': 20}",100000000
180,80463375.75583607,80.46337575583607,0.7944444444444444,48.421422452312314,19.45684370568948,86.45785379271196,180463375.755836,129.77777777777777,"{'DROPOUT': 160, 'END_OF_DATA': 20}",100000000
180,197672636.49166662,197.67263649166662,0.8222222222222222,113.3196125182623,25.367645766573204,281.3073609373352,297672636.49166656,129.77777777777777,"{'DROPOUT': 160, 'END_OF_DATA': 20}",100000000
180,218304265.1434807,218.30426514348068,0.7611111111111111,59.11475509430973,15.530782861522429,201.57373725409016,318304265.14348054,129.77777777777777,"{'DROPOUT': 160, 'END_OF_DATA': 20}",100000000
180,237846509.0813678,237.84650908136777,0.7611111111111111,133.47443621548248,18.908034003806208,438.0918658304708,337846509.08136785,129.77777777777777,"{'DROPOUT': 160, 'END_OF_DATA': 20}",100000000
180,180551312.02717644,180.55131202717644,0.7888888888888889,79.52200196928534,20.41429045840014,230.33159013071463,280551312.0271764,129.77777777777777,"{'DROPOUT': 160, 'END_OF_DATA': 20}",100000000
180,218403902.4428994,218.40390244289944,0.7833333333333333,103.99902316020663,18.151015363288323,325.23100446160254,318403902.44289917,129.77777777777777,"{'DROPOUT': 160, 'END_OF_DATA': 20}",100000000
180,154384893.6769805,154.38489367698048,0.7666666666666667,100.3992591118843,17.420909118902856,328.1486269045087,254384893.67698047,129.77777777777777,"{'DROPOUT': 160, 'END_OF_DATA': 20}",100000000
180,127935204.53134221,127.93520453134222,0.8055555555555556,117.68453751249768,25.14897390984369,387.59924649794334,227935204.53134203,129.77777777777777,"{'DROPOUT': 160, 'END_OF_DATA': 20}",100000000
180,74045322.59079808,74.04532259079808,0.8166666666666667,81.07254835721348,16.900588778748933,286.52649261305663,174045322.5907981,129.77777777777777,"{'DROPOUT': 160, 'END_OF_DATA': 20}",100000000
180,111113778.27963933,111.11377827963933,0.8055555555555556,62.70150320156596,18.461502856861152,175.08383887976572,211113778.2796392,129.77777777777777,"{'DROPOUT': 160, 'END_OF_DATA': 20}",100000000
180,144238087.32260317,144.23808732260318,0.7611111111111111,69.14705152552443,19.58408401194115,272.7769423583934,244238087.3226031,129.77777777777777,"{'DROPOUT': 160, 'END_OF_DATA': 20}",100000000
180,245465736.09459653,245.4657360945965,0.7944444444444444,91.97044522373805,15.289824125050096,306.14745626344956,345465736.09459645,129.77777777777777,"{'DROPOUT': 160, 'END_OF_DATA': 20}",100000000
180,243058858.20506203,243.05885820506202,0.7611111111111111,103.65026609113848,23.408125558786864,277.6560884739804,343058858.20506203,129.77777777777777,"{'DROPOUT': 160, 'END_OF_DATA': 20}",100000000
180,133941067.02760291,133.9410670276029,0.7944444444444444,98.73535821366602,19.498077472850817,326.1187412512587,233941067.02760297,129.77777777777777,"{'DROPOUT': 160, 'END_OF_DATA': 20}",100000000
180,228896979.46227533,228.8969794622753,0.7555555555555555,104.91719637240122,13.074079940280331,372.98650872275084,328896979.46227574,129.77777777777777,"{'DROPOUT': 160, 'END_OF_DATA': 20}",100000000
180,110068533.30098128,110.06853330098127,0.7666666666666667,63.71454217781805,18.268211219576084,222.23948256603234,210068533.30098125,129.77777777777777,"{'DROPOUT': 160, 'END_OF_DATA': 20}",100000000
180,266864594.72673064,266.8645947267307,0.7388888888888889,92.37802758285082,20.06646251595558,276.03596577307144,366864594.7267307,129.77777777777777,"{'DROPOUT': 160, 'END_OF_DATA': 20}",100000000
180,291005676.48702735,291.00567648702736,0.7388888888888889,98.50697972159594,22.794018072462272,323.16253539897446,391005676.4870272,129.77777777777777,"{'DROPOUT': 160, 'END_OF_DATA': 20}",100000000
180,220000060.11330426,220.00006011330427,0.7611111111111111,82.12052103327306,16.52544025539869,307.1942588640026,320000060.1133045,129.77777777777777,"{'DROPOUT': 160, 'END_OF_DATA': 20}",100000000
180,156812228.00223666,156.81222800223665,0.7722222222222223,92.45353171667517,17.289152815694173,292.6913419938529,256812228.0022367,129.77777777777777,"{'DROPOUT': 160, 'END_OF_DATA': 20}",100000000
180,308705449.83550805,308.70544983550803,0.7611111111111111,143.2540348633978,19.21049664826659,435.3334823560773,408705449.8355082,129.77777777777777,"{'DROPOUT': 160, 'END_OF_DATA': 20}",100000000
180,223237271.08384883,223.23727108384884,0.7888888888888889,100.8971900167476,19.444358748595103,308.55556961944677,323237271.0838489,129.77777777777777,"{'DROPOUT': 160, 'END_OF_DATA': 20}",100000000
180,214368531.75077644,214.36853175077647,0.7722222222222223,64.04781100184678,22.90210155470056,205.49902900102876,314368531.7507763,129.77777777777777,"{'DROPOUT': 160, 'END_OF_DATA': 20}",100000000
180,109369749.22028923,109.36974922028924,0.7722222222222223,57.3485061728201,20.642815598478506,173.3605133185184,209369749.22028932,129.77777777777777,"{'DROPOUT': 160, 'END_OF_DATA': 20}",100000000
180,228547840.1920275,228.5478401920275,0.8166666666666667,112.04233371905717,21.82322349767256,386.16736694779354,328547840.19202745,129.77777777777777,"{'DROPOUT': 160, 'END_OF_DATA': 20}",100000000
180,198637960.28147826,198.63796028147826,0.7888888888888889,77.3911952586779,19.103908582581873,242.3111912615597,298637960.2814783,129.77777777777777,"{'DROPOUT': 160, 'END_OF_DATA': 20}",100000000
180,261709920.525005,261.709920525005,0.8055555555555556,144.6171611872483,23.94503567521644,452.8831632449029,361709920.5250051,129.77777777777777,"{'DROPOUT': 160, 'END_OF_DATA': 20}",100000000
180,161945682.5650212,161.94568256502117,0.75,97.25272697776616,21.670332848661985,299.2752712815602,261945682.56502116,129.77777777777777,"{'DROPOUT': 160, 'END_OF_DATA': 20}",100000000
180,178824561.7129469,178.8245617129469,0.8111111111111111,106.21400233480195,17.868255389265922,341.50055949223275,278824561.7129471,129.77777777777777,"{'DROPOUT': 160, 'END_OF_DATA': 20}",100000000
180,226372835.99073902,226.37283599073902,0.7833333333333333,100.53272938540162,19.733395863098497,374.147686237942,326372835.9907392,129.77777777777777,"{'DROPOUT': 160, 'END_OF_DATA': 20}",100000000
180,74958732.20862988,74.95873220862987,0.8,79.49448277026332,23.19642329454516,238.48088810397113,174958732.20862985,129.77777777777777,"{'DROPOUT': 160, 'END_OF_DATA': 20}",100000000
180,147260531.16082242,147.26053116082244,0.8444444444444444,99.44367420875777,18.833141728538983,273.2200887082753,247260531.1608224,129.77777777777777,"{'DROPOUT': 160, 'END_OF_DATA': 20}",100000000
180,143738535.4803601,143.7385354803601,0.7777777777777778,70.43435060214816,19.03133022116424,234.0823532224299,243738535.4803601,129.77777777777777,"{'DROPOUT': 160, 'END_OF_DATA': 20}",100000000
180,187555679.88003147,187.55567988003145,0.7888888888888889,63.92781650406297,19.72454493493838,174.73964755243256,287555679.88003147,129.77777777777777,"{'DROPOUT': 160, 'END_OF_DATA': 20}",100000000
180,102405311.16473638,102.40531116473636,0.7388888888888889,46.597277178563836,18.19137972923955,140.2517535237907,202405311.16473636,129.77777777777777,"{'DROPOUT': 160, 'END_OF_DATA': 20}",100000000
180,53109086.118477926,53.10908611847792,0.7166666666666667,136.4250549240233,15.354133648065808,422.61279687651796,153109086.1184779,129.77777777777777,"{'DROPOUT': 160, 'END_OF_DATA': 20}",100000000
180,216762015.24626178,216.7620152462618,0.7611111111111111,69.44418542316731,18.85904150532385,153.5429531869971,316762015.24626166,129.77777777777777,"{'DROPOUT': 160, 'END_OF_DATA': 20}",100000000
180,245908279.5493394,245.90827954933943,0.8222222222222222,85.27516881262625,18.5447821005503,282.3683838526704,345908279.5493393,129.77777777777777,"{'DROPOUT': 160, 'END_OF_DATA': 20}",100000000
180,146748504.26156282,146.74850426156283,0.8055555555555556,147.23094917768668,24.72220989351233,438.83828974612504,246748504.26156294,129.77777777777777,"{'DROPOUT': 160, 'END_OF_DATA': 20}",100000000
180,359386540.30650854,359.38654030650855,0.7944444444444444,123.44089749191735,22.822340785267592,419.16461328979153,459386540.3065086,129.77777777777777,"{'DROPOUT': 160, 'END_OF_DATA': 20}",100000000
180,428589424.8548952,428.5894248548952,0.75,121.8574214589156,16.955644453612678,432.7782106735431,528589424.8548951,129.77777777777777,"{'DROPOUT': 160, 'END_OF_DATA': 20}",100000000
180,96979094.86449978,96.97909486449979,0.7722222222222223,84.43347988454786,16.66271603572659,279.6059235141997,196979094.8644998,129.77777777777777,"{'DROPOUT': 160, 'END_OF_DATA': 20}",100000000
180,87215507.28033358,87.21550728033358,0.7388888888888889,85.64556222401242,12.738304761504914,326.4631679474558,187215507.28033358,129.77777777777777,"{'DROPOUT': 160, 'END_OF_DATA': 20}",100000000
180,87018786.59483251,87.0187865948325,0.7777777777777778,105.95296722263888,24.628524091543774,351.9872542392696,187018786.59483248,129.77777777777777,"{'DROPOUT': 160, 'END_OF_DATA': 20}",100000000
180,172531260.74270195,172.53126074270196,0.7833333333333333,71.19266670556149,22.213961705545714,191.16885450445554,272531260.742702,129.77777777777777,"{'DROPOUT': 160, 'END_OF_DATA': 20}",100000000
180,246814216.92038694,246.81421692038694,0.8055555555555556,83.53709624946202,16.65673543159773,281.54510554059516,346814216.92038715,129.77777777777777,"{'DROPOUT': 160, 'END_OF_DATA': 20}",100000000
180,435514395.49019694,435.5143954901969,0.7611111111111111,98.35441175306983,17.17685643798523,328.836658969571,535514395.49019694,129.77777777777777,"{'DROPOUT': 160, 'END_OF_DATA': 20}",100000000
180,83290346.82461363,83.29034682461362,0.7055555555555556,89.9362875700952,13.240928918059108,294.00872950796577,183290346.8246136,129.77777777777777,"{'DROPOUT': 160, 'END_OF_DATA': 20}",100000000
180,208737758.7468648,208.7377587468648,0.7722222222222223,104.39271640494293,19.697091695718107,350.6005457261605,308737758.7468649,129.77777777777777,"{'DROPOUT': 160, 'END_OF_DATA': 20}",100000000
180,87421507.25514911,87.42150725514911,0.7777777777777778,70.76088325258921,18.909113558912843,245.6585103831218,187421507.25514913,129.77777777777777,"{'DROPOUT': 160, 'END_OF_DATA': 20}",100000000
180,145680983.58476084,145.68098358476084,0.7166666666666667,68.13751721881682,16.163890458358416,231.95182166420432,245680983.58476081,129.77777777777777,"{'DROPOUT': 160, 'END_OF_DATA': 20}",100000000
180,176096224.4015062,176.0962244015062,0.7055555555555556,119.10669385932258,15.635523722174355,382.5981586259408,276096224.40150607,129.77777777777777,"{'DROPOUT': 160, 'END_OF_DATA': 20}",100000000
180,127724944.94774869,127.72494494774868,0.75,88.21900781997984,16.777950044036118,250.41677380438847,227724944.94774884,129.77777777777777,"{'DROPOUT': 160, 'END_OF_DATA': 20}",100000000
180,209596461.57710674,209.59646157710674,0.7833333333333333,76.36634788756139,17.766325659932747,220.8846556109563,309596461.5771065,129.77777777777777,"{'DROPOUT': 160, 'END_OF_DATA': 20}",100000000
180,341705230.00248307,341.70523000248306,0.8333333333333334,103.21621614717978,21.92609257021141,318.32550111007106,441705230.0024829,129.77777777777777,"{'DROPOUT': 160, 'END_OF_DATA': 20}",100000000
180,272206668.12038106,272.20666812038104,0.7833333333333333,105.30424884045843,16.9471571192099,353.55904238989024,372206668.120381,129.77777777777777,"{'DROPOUT': 160, 'END_OF_DATA': 20}",100000000
180,226103628.55306745,226.10362855306744,0.7777777777777778,104.08264307809684,17.94208366538201,377.74591792807456,326103628.5530674,129.77777777777777,"{'DROPOUT': 160, 'END_OF_DATA': 20}",100000000
180,107526811.90908659,107.52681190908659,0.7444444444444445,82.46455095886839,20.906394784669097,239.17461329557543,207526811.90908653,129.77777777777777,"{'DROPOUT': 160, 'END_OF_DATA': 20}",100000000
180,240788152.86581922,240.7881528658192,0.7333333333333333,79.02854465115165,18.862668137814396,259.925648325572,340788152.8658192,129.77777777777777,"{'DROPOUT': 160, 'END_OF_DATA': 20}",100000000
180,76910603.57501389,76.9106035750139,0.75,110.41759021864306,18.858764620025685,401.49122004584655,176910603.57501388,129.77777777777777,"{'DROPOUT': 160, 'END_OF_DATA': 20}",100000000
180,132580915.71416529,132.5809157141653,0.7555555555555555,78.24476123483448,17.159704645024803,230.56970871859792,232580915.71416527,129.77777777777777,"{'DROPOUT': 160, 'END_OF_DATA': 20}",100000000
180,95554540.42070138,95.55454042070139,0.7444444444444445,66.73121607220014,15.350346443250208,185.34114122991772,195554540.4207014,129.77777777777777,"{'DROPOUT': 160, 'END_OF_DATA': 20}",100000000
180,64917447.701040305,64.91744770104032,0.7722222222222223,73.06789803962093,16.32035805831451,236.57355460460923,164917447.7010403,129.77777777777777,"{'DROPOUT': 160, 'END_OF_DATA': 20}",100000000
180,176602435.31062,176.60243531062002,0.8,71.17877891522977,21.09424791404937,157.9766935826413,276602435.31062007,129.77777777777777,"{'DROPOUT': 160, 'END_OF_DATA': 20}",100000000
180,130647385.35346112,130.64738535346112,0.8,67.43916646398195,21.45747553883796,185.11320139243685,230647385.35346112,129.77777777777777,"{'DROPOUT': 160, 'END_OF_DATA': 20}",100000000
180,205898960.0958623,205.8989600958623,0.7944444444444444,84.27424102852989,22.56665740505108,241.64510620715996,305898960.09586215,129.77777777777777,"{'DROPOUT': 160, 'END_OF_DATA': 20}",100000000
180,232329614.2789092,232.32961427890922,0.7833333333333333,88.16375573835336,17.714248651038673,301.06421207672145,332329614.2789092,129.77777777777777,"{'DROPOUT': 160, 'END_OF_DATA': 20}",100000000
180,64347967.80151802,64.34796780151802,0.7666666666666667,99.4850828470058,14.895137266290817,355.9473494288303,164347967.80151814,129.77777777777777,"{'DROPOUT': 160, 'END_OF_DATA': 20}",100000000
180,140756160.36069086,140.75616036069084,0.7611111111111111,72.06824597341978,18.525296540784254,156.84498236993838,240756160.36069077,129.77777777777777,"{'DROPOUT': 160, 'END_OF_DATA': 20}",100000000
180,197583562.4499014,197.5835624499014,0.7722222222222223,65.02428663837465,20.840668166813458,210.26416035285823,297583562.44990134,129.77777777777777,"{'DROPOUT': 160, 'END_OF_DATA': 20}",100000000
180,243848006.9029063,243.84800690290632,0.7888888888888889,86.87665705744683,23.453445274288903,290.6749908175431,343848006.90290624,129.77777777777777,"{'DROPOUT': 160, 'END_OF_DATA': 20}",100000000
180,263862854.15334177,263.8628541533418,0.7888888888888889,125.22438833414627,20.764248819356812,374.1626744956055,363862854.1533418,129.77777777777777,"{'DROPOUT': 160, 'END_OF_DATA': 20}",100000000
180,180047045.05877274,180.04704505877274,0.7777777777777778,80.29604318393396,20.677391550686835,226.500404825914,280047045.0587728,129.77777777777777,"{'DROPOUT': 160, 'END_OF_DATA': 20}",100000000
180,237625836.1121119,237.62583611211187,0.7722222222222223,84.7460513916693,19.806140479760163,323.87932528921476,337625836.11211175,129.77777777777777,"{'DROPOUT': 160, 'END_OF_DATA': 20}",100000000
180,270466207.72084457,270.4662077208446,0.8111111111111111,114.47909831365016,23.749625330137086,358.9761584498192,370466207.7208446,129.77777777777777,"{'DROPOUT': 160, 'END_OF_DATA': 20}",100000000
180,307189233.17339814,307.1892331733981,0.8055555555555556,110.61091013982288,19.349899526627283,394.70138153054523,407189233.1733981,129.77777777777777,"{'DROPOUT': 160, 'END_OF_DATA': 20}",100000000
180,62916316.416016236,62.91631641601624,0.7444444444444445,87.12912479705743,13.38029012472958,301.02418433236693,162916316.4160163,129.77777777777777,"{'DROPOUT': 160, 'END_OF_DATA': 20}",100000000
180,98570233.17055535,98.57023317055535,0.7944444444444444,111.74211021229902,17.346553342918007,386.9676303854476,198570233.1705554,129.77777777777777,"{'DROPOUT': 160, 'END_OF_DATA': 20}",100000000
180,114003702.82260367,114.00370282260369,0.75,63.652386131450314,15.677514863869597,157.67051364896108,214003702.8226036,129.77777777777777,"{'DROPOUT': 160, 'END_OF_DATA': 20}",100000000
180,120940447.67102167,120.94044767102167,0.8444444444444444,99.34778561232817,25.307976015919735,293.57629246031894,220940447.67102176,129.77777777777777,"{'DROPOUT': 160, 'END_OF_DATA': 20}",100000000
180,144715889.07265574,144.71588907265573,0.7055555555555556,90.99376726916154,16.15137455861215,309.2121252249092,244715889.0726559,129.77777777777777,"{'DROPOUT': 160, 'END_OF_DATA': 20}",100000000
180,221134546.62292755,221.13454662292753,0.8,92.4737228224151,16.877936065801865,319.51861303065976,321134546.6229275,129.77777777777777,"{'DROPOUT': 160, 'END_OF_DATA': 20}",100000000
180,339568333.51334596,339.568333513346,0.7722222222222223,108.61853533484258,20.099501796668356,381.66800253119845,439568333.5133459,129.77777777777777,"{'DROPOUT': 160, 'END_OF_DATA': 20}",100000000
180,163604778.764109,163.604778764109,0.7944444444444444,65.79603908166163,17.976765681675573,158.28981612538914,263604778.76410893,129.77777777777777,"{'DROPOUT': 160, 'END_OF_DATA': 20}",100000000
180,107213904.3782407,107.2139043782407,0.8388888888888889,68.39508845804903,22.566105671305706,184.9184647371141,207213904.37824067,129.77777777777777,"{'DROPOUT': 160, 'END_OF_DATA': 20}",100000000
180,92790796.32315928,92.79079632315927,0.7555555555555555,55.93371123772047,17.500175760053416,199.99310191338085,192790796.3231593,129.77777777777777,"{'DROPOUT': 160, 'END_OF_DATA': 20}",100000000
180,102926075.5926131,102.9260755926131,0.8555555555555555,78.67891639776923,24.501910032151446,192.15445090121253,202926075.59261304,129.77777777777777,"{'DROPOUT': 160, 'END_OF_DATA': 20}",100000000
180,397884669.27198374,397.88466927198374,0.8166666666666667,112.68108162063672,20.922813359170622,333.42730055083496,497884669.2719836,129.77777777777777,"{'DROPOUT': 160, 'END_OF_DATA': 20}",100000000
180,89707053.22393698,89.70705322393697,0.7722222222222223,62.4331828911112,18.897521665758035,201.38123413116975,189707053.2239371,129.77777777777777,"{'DROPOUT': 160, 'END_OF_DATA': 20}",100000000
180,113239246.05080545,113.23924605080545,0.8111111111111111,73.91255890514635,22.998646234307508,218.71297318367846,213239246.0508054,129.77777777777777,"{'DROPOUT': 160, 'END_OF_DATA': 20}",100000000
180,228509500.04659632,228.50950004659634,0.7833333333333333,128.01243010290798,25.90413721588138,407.8735436605162,328509500.04659635,129.77777777777777,"{'DROPOUT': 160, 'END_OF_DATA': 20}",100000000
180,192580296.5314061,192.5802965314061,0.7444444444444445,94.72125303166878,15.293232384272985,327.8289634254056,292580296.5314061,129.77777777777777,"{'DROPOUT': 160, 'END_OF_DATA': 20}",100000000
180,228442033.2391531,228.44203323915312,0.8,85.78680734183025,18.396503796985154,328.88487343094056,328442033.239153,129.77777777777777,"{'DROPOUT': 160, 'END_OF_DATA': 20}",100000000
180,213119743.69809777,213.11974369809778,0.7722222222222223,90.11933292931957,20.4065501016778,296.8122872360224,313119743.6980976,129.77777777777777,"{'DROPOUT': 160, 'END_OF_DATA': 20}",100000000
180,171112133.40267968,171.1121334026797,0.8111111111111111,130.1372485944317,18.243382087538816,423.0986901851112,271112133.4026796,129.77777777777777,"{'DROPOUT': 160, 'END_OF_DATA': 20}",100000000
180,449873372.60081124,449.8733726008113,0.7722222222222223,126.77200251328836,18.398712381330448,393.6024958222646,549873372.6008114,129.77777777777777,"{'DROPOUT': 160, 'END_OF_DATA': 20}",100000000
180,180387513.79798955,180.38751379798953,0.7833333333333333,83.40051179293724,28.19003496333628,255.69919867368756,280387513.7979896,129.77777777777777,"{'DROPOUT': 160, 'END_OF_DATA': 20}",100000000
180,85144811.93996641,85.14481193996642,0.8,98.5334898022822,22.0786506370784,316.8106363098841,185144811.93996623,129.77777777777777,"{'DROPOUT': 160, 'END_OF_DATA': 20}",100000000
180,190105028.23459774,190.10502823459774,0.7833333333333333,94.85348836290925,20.93713504376775,312.2487463932712,290105028.23459786,129.77777777777777,"{'DROPOUT': 160, 'END_OF_DATA': 20}",100000000
180,209989722.33509675,209.98972233509673,0.8333333333333334,118.93642191750574,24.799334177010216,373.95019529504475,309989722.33509684,129.77777777777777,"{'DROPOUT': 160, 'END_OF_DATA': 20}",100000000
180,303376330.50934386,303.37633050934386,0.6888888888888889,115.51134378667513,12.640971547358205,380.915220783503,403376330.50934386,129.77777777777777,"{'DROPOUT': 160, 'END_OF_DATA': 20}",100000000
180,271047352.9089215,271.0473529089215,0.7611111111111111,98.37989397135021,13.473970681490956,350.37671644871824,371047352.9089215,129.77777777777777,"{'DROPOUT': 160, 'END_OF_DATA': 20}",100000000
180,296909753.8810172,296.9097538810172,0.7888888888888889,117.90263853417945,19.50058900809846,345.6925125091714,396909753.8810176,129.77777777777777,"{'DROPOUT': 160, 'END_OF_DATA': 20}",100000000
180,142981662.82847816,142.98166282847816,0.7722222222222223,52.087630761483375,16.032296222688913,144.62156109731245,242981662.82847816,129.77777777777777,"{'DROPOUT': 160, 'END_OF_DATA': 20}",100000000
180,150984328.78188533,150.98432878188532,0.7833333333333333,84.8163444541841,15.973266107768417,330.8124838652466,250984328.7818853,129.77777777777777,"{'DROPOUT': 160, 'END_OF_DATA': 20}",100000000
180,241401262.52820364,241.40126252820363,0.7833333333333333,83.53571856925295,16.287879311694276,305.0462460357126,341401262.5282036,129.77777777777777,"{'DROPOUT': 160, 'END_OF_DATA': 20}",100000000
180,241909244.33536565,241.90924433536566,0.7611111111111111,137.21288676671145,19.208837482418147,398.45690898562884,341909244.3353658,129.77777777777777,"{'DROPOUT': 160, 'END_OF_DATA': 20}",100000000
180,74195465.11947308,74.19546511947308,0.8,62.21075358554562,18.414442244829647,154.30442756783253,174195465.11947298,129.77777777777777,"{'DROPOUT': 160, 'END_OF_DATA': 20}",100000000
180,88412210.42036484,88.41221042036484,0.7722222222222223,88.44916113524363,18.01790025213595,223.04343928185983,188412210.42036477,129.77777777777777,"{'DROPOUT': 160, 'END_OF_DATA': 20}",100000000
180,120052124.58013612,120.05212458013612,0.7833333333333333,90.07859785947299,18.128747041434107,253.05985504026359,220052124.58013594,129.77777777777777,"{'DROPOUT': 160, 'END_OF_DATA': 20}",100000000
180,331287950.9562937,331.2879509562937,0.8,91.69218445591534,16.87851667922709,330.08790400578505,431287950.95629394,129.77777777777777,"{'DROPOUT': 160, 'END_OF_DATA': 20}",100000000
180,94249876.84374483,94.24987684374483,0.7777777777777778,97.8437217744531,18.596061161401146,333.91259590421106,194249876.84374493,129.77777777777777,"{'DROPOUT': 160, 'END_OF_DATA': 20}",100000000
180,116706289.30623928,116.70628930623927,0.7722222222222223,44.22086888651594,15.845059418726995,80.82963620154771,216706289.3062392,129.77777777777777,"{'DROPOUT': 160, 'END_OF_DATA': 20}",100000000
180,351769012.7585294,351.7690127585294,0.8,126.66715896027765,21.34570067493047,393.2993350364171,451769012.7585295,129.77777777777777,"{'DROPOUT': 160, 'END_OF_DATA': 20}",100000000
180,313036867.91383356,313.0368679138336,0.8111111111111111,129.27344844818774,18.319146399721397,413.47743234389594,413036867.9138334,129.77777777777777,"{'DROPOUT': 160, 'END_OF_DATA': 20}",100000000
180,180547018.3890633,180.5470183890633,0.7555555555555555,80.95943645467946,19.537638908750132,285.68789230481764,280547018.38906324,129.77777777777777,"{'DROPOUT': 160, 'END_OF_DATA': 20}",100000000
180,373843700.91246164,373.84370091246166,0.7722222222222223,134.16244896749984,13.812438009508147,440.41343894711105,473843700.91246164,129.77777777777777,"{'DROPOUT': 160, 'END_OF_DATA': 20}",100000000
180,215572203.8701676,215.5722038701676,0.7944444444444444,85.89999580575825,19.328644014611104,284.90403918200167,315572203.87016755,129.77777777777777,"{'DROPOUT': 160, 'END_OF_DATA': 20}",100000000
180,178418287.67053813,178.41828767053812,0.7666666666666667,94.30244340318954,15.494804654470917,349.5493200972781,278418287.6705382,129.77777777777777,"{'DROPOUT': 160, 'END_OF_DATA': 20}",100000000
180,110356870.00905372,110.35687000905372,0.7777777777777778,61.892992909805656,19.401140466432025,151.98266179227477,210356870.00905368,129.77777777777777,"{'DROPOUT': 160, 'END_OF_DATA': 20}",100000000
180,122889039.76871857,122.88903976871856,0.7666666666666667,83.74881376583546,18.931763811065185,269.85532464470236,222889039.76871863,129.77777777777777,"{'DROPOUT': 160, 'END_OF_DATA': 20}",100000000
180,100637636.60388833,100.63763660388834,0.8111111111111111,91.42820410677038,21.385109904882192,295.8223435307035,200637636.6038883,129.77777777777777,"{'DROPOUT': 160, 'END_OF_DATA': 20}",100000000
180,121255973.02891752,121.25597302891752,0.7166666666666667,67.26782720661257,16.57545830957456,174.0237362729177,221255973.02891746,129.77777777777777,"{'DROPOUT': 160, 'END_OF_DATA': 20}",100000000
180,284640624.2878685,284.6406242878685,0.7944444444444444,127.61589185149253,20.07846201205551,395.21919975950584,384640624.2878684,129.77777777777777,"{'DROPOUT': 160, 'END_OF_DATA': 20}",100000000
180,149679110.61517757,149.6791106151776,0.7777777777777778,86.97153248664841,17.043146532074594,289.10608394319706,249679110.61517754,129.77777777777777,"{'DROPOUT': 160, 'END_OF_DATA': 20}",100000000
180,152938596.26331848,152.93859626331846,0.8,78.54604921827084,20.91463061810257,278.90130745403053,252938596.2633185,129.77777777777777,"{'DROPOUT': 160, 'END_OF_DATA': 20}",100000000
180,102750912.781739,102.750912781739,0.7777777777777778,111.6089871919212,17.89053438809882,352.68242577129666,202750912.78173897,129.77777777777777,"{'DROPOUT': 160, 'END_OF_DATA': 20}",100000000
180,107271656.69440418,107.2716566944042,0.7444444444444445,44.89492920240772,14.389471961211314,97.48391079608412,207271656.69440416,129.77777777777777,"{'DROPOUT': 160, 'END_OF_DATA': 20}",100000000
180,279322250.3250582,279.32225032505823,0.8055555555555556,90.63756159809385,19.966844915407982,300.9571659305864,379322250.3250582,129.77777777777777,"{'DROPOUT': 160, 'END_OF_DATA': 20}",100000000
180,173525409.05362725,173.52540905362724,0.8055555555555556,88.53506147483769,16.565640217884088,265.1649874312314,273525409.05362725,129.77777777777777,"{'DROPOUT': 160, 'END_OF_DATA': 20}",100000000
180,413953278.6473204,413.9532786473204,0.75,77.32893146505745,11.125846852136137,301.45997154847186,513953278.64732033,129.77777777777777,"{'DROPOUT': 160, 'END_OF_DATA': 20}",100000000
180,130282470.2718829,130.28247027188291,0.8111111111111111,101.50424827997196,18.172976890142177,306.57720932148123,230282470.27188277,129.77777777777777,"{'DROPOUT': 160, 'END_OF_DATA': 20}",100000000
180,106334997.46875507,106.33499746875508,0.6944444444444444,62.57498100801949,20.66926664853778,198.3993766785869,206334997.4687551,129.77777777777777,"{'DROPOUT': 160, 'END_OF_DATA': 20}",100000000
180,89760300.99941112,89.76030099941113,0.7555555555555555,97.95852127181756,19.90962656172912,323.85171473035945,189760300.99941123,129.77777777777777,"{'DROPOUT': 160, 'END_OF_DATA': 20}",100000000
180,90174318.71555625,90.17431871555624,0.7388888888888889,91.65920469887244,12.520629465126904,372.82631958500406,190174318.71555617,129.77777777777777,"{'DROPOUT': 160, 'END_OF_DATA': 20}",100000000
180,360921912.76813394,360.92191276813395,0.7444444444444445,97.2170668972962,17.461346954982346,316.9971913673387,460921912.7681337,129.77777777777777,"{'DROPOUT': 160, 'END_OF_DATA': 20}",100000000
180,131997607.5880884,131.99760758808839,0.7722222222222223,71.1742189700518,22.87004255353615,241.22399137871108,231997607.58808836,129.77777777777777,"{'DROPOUT': 160, 'END_OF_DATA': 20}",100000000
180,207384052.57638168,207.3840525763817,0.7277777777777777,46.13246926636961,12.785958272068143,191.80827304997078,307384052.5763819,129.77777777777777,"{'DROPOUT': 160, 'END_OF_DATA': 20}",100000000
180,277899501.2564665,277.8995012564665,0.7944444444444444,93.79891026183694,18.768103242477988,302.48875865409315,377899501.2564665,129.77777777777777,"{'DROPOUT': 160, 'END_OF_DATA': 20}",100000000
180,133460740.71779326,133.46074071779327,0.7777777777777778,85.52876939879388,20.09529656116918,274.9135182626423,233460740.7177933,129.77777777777777,"{'DROPOUT': 160, 'END_OF_DATA': 20}",100000000
180,91409561.17033815,91.40956117033815,0.7611111111111111,56.733331683832894,14.874782352953986,141.9436594280429,191409561.17033815,129.77777777777777,"{'DROPOUT': 160, 'END_OF_DATA': 20}",100000000
180,512120002.38385355,512.1200023838536,0.8,126.90170624239354,23.332234184731615,386.75268474744644,612120002.3838536,129.77777777777777,"{'DROPOUT': 160, 'END_OF_DATA': 20}",100000000
180,194055946.8816738,194.0559468816738,0.7555555555555555,75.8987508305601,23.04004247330237,222.1098247377892,294055946.8816739,129.77777777777777,"{'DROPOUT': 160, 'END_OF_DATA': 20}",100000000
180,109205711.52180381,109.2057115218038,0.7611111111111111,102.49401785881423,18.527939008765117,328.2423241177456,209205711.5218039,129.77777777777777,"{'DROPOUT': 160, 'END_OF_DATA': 20}",100000000
180,89116721.96794957,89.11672196794956,0.7833333333333333,76.15680516366531,19.128135535888624,245.55749128937404,189116721.96794954,129.77777777777777,"{'DROPOUT': 160, 'END_OF_DATA': 20}",100000000
180,229431740.68020523,229.43174068020525,0.7944444444444444,113.54633775442791,22.83362674701022,364.8295693629099,329431740.6802052,129.77777777777777,"{'DROPOUT': 160, 'END_OF_DATA': 20}",100000000
180,129687368.96196485,129.68736896196484,0.8222222222222222,124.13058799857659,23.546885490995333,371.77542269131993,229687368.9619647,129.77777777777777,"{'DROPOUT': 160, 'END_OF_DATA': 20}",100000000
180,359935870.69655275,359.93587069655274,0.7722222222222223,84.77265474700664,21.408375401906376,240.2359091036988,459935870.6965528,129.77777777777777,"{'DROPOUT': 160, 'END_OF_DATA': 20}",100000000
180,204455332.59640267,204.45533259640268,0.7666666666666667,105.26427509809946,16.04742886810142,327.51099260980357,304455332.5964026,129.77777777777777,"{'DROPOUT': 160, 'END_OF_DATA': 20}",100000000
180,79165787.45762022,79.16578745762021,0.7944444444444444,127.97956162138325,16.748592267230567,432.3868908563219,179165787.45762017,129.77777777777777,"{'DROPOUT': 160, 'END_OF_DATA': 20}",100000000
180,63440941.11901031,63.440941119010304,0.7277777777777777,85.90649377549622,15.184543891377746,335.6498460824161,163440941.11901033,129.77777777777777,"{'DROPOUT': 160, 'END_OF_DATA': 20}",100000000
180,232281529.44074023,232.28152944074023,0.7666666666666667,94.1328705683028,16.28481505575267,318.919292845603,332281529.44074035,129.77777777777777,"{'DROPOUT': 160, 'END_OF_DATA': 20}",100000000
180,116423002.94182187,116.42300294182186,0.8111111111111111,59.322497568674386,23.702209367159845,129.27484721699182,216423002.9418218,129.77777777777777,"{'DROPOUT': 160, 'END_OF_DATA': 20}",100000000
180,134697135.7408539,134.69713574085392,0.75,104.73336403747658,19.440139005607406,377.96230002018495,234697135.74085382,129.77777777777777,"{'DROPOUT': 160, 'END_OF_DATA': 20}",100000000
180,245219515.88875324,245.21951588875322,0.7388888888888889,87.55381529672266,19.145048369644748,300.0192821356318,345219515.8887532,129.77777777777777,"{'DROPOUT': 160, 'END_OF_DATA': 20}",100000000
180,139236427.54561514,139.23642754561513,0.7333333333333333,88.76548916656371,13.908314967671709,294.18422800988697,239236427.5456151,129.77777777777777,"{'DROPOUT': 160, 'END_OF_DATA': 20}",100000000
180,152336584.2942272,152.3365842942272,0.75,71.32017332102282,15.522448992250112,240.78329025229704,252336584.2942272,129.77777777777777,"{'DROPOUT': 160, 'END_OF_DATA': 20}",100000000
180,154765770.6755067,154.76577067550673,0.8,97.74876666542316,25.84109058521024,307.2073436256825,254765770.67550683,129.77777777777777,"{'DROPOUT': 160, 'END_OF_DATA': 20}",100000000
180,113305728.45831588,113.30572845831588,0.7777777777777778,58.45480749845511,20.70443726967232,175.2159594278169,213305728.45831606,129.77777777777777,"{'DROPOUT': 160, 'END_OF_DATA': 20}",100000000
180,86620338.17944646,86.62033817944645,0.7666666666666667,101.08524998732585,13.721286485537739,357.7804237445621,186620338.1794465,129.77777777777777,"{'DROPOUT': 160, 'END_OF_DATA': 20}",100000000
180,173843074.98657745,173.84307498657745,0.7277777777777777,95.01527336199653,17.932137194178317,288.61387574619727,273843074.9865774,129.77777777777777,"{'DROPOUT': 160, 'END_OF_DATA': 20}",100000000
180,316755019.51887506,316.7550195188751,0.8333333333333334,104.35214061402799,20.679665681717555,345.5303590332731,416755019.51887476,129.77777777777777,"{'DROPOUT': 160, 'END_OF_DATA': 20}",100000000
180,122589842.43185455,122.58984243185455,0.75,80.11135318418147,18.460446679765994,232.88094754857795,222589842.4318546,129.77777777777777,"{'DROPOUT': 160, 'END_OF_DATA': 20}",100000000
180,279305516.71086156,279.3055167108616,0.75,99.29423982974372,15.038621129178843,319.5410114379466,379305516.7108618,129.77777777777777,"{'DROPOUT': 160, 'END_OF_DATA': 20}",100000000
180,129261760.0359699,129.2617600359699,0.7444444444444445,78.8854263368168,13.815928589080755,285.9840719368148,229261760.03596997,129.77777777777777,"{'DROPOUT': 160, 'END_OF_DATA': 20}",100000000
180,210178887.2727639,210.17888727276392,0.7722222222222223,103.48772395810407,13.188336985996628,347.8468650088898,310178887.2727638,129.77777777777777,"{'DROPOUT': 160, 'END_OF_DATA': 20}",100000000
180,96442038.14577164,96.44203814577163,0.7666666666666667,96.20803436056914,17.283639900455064,365.2547909132492,196442038.14577165,129.77777777777777,"{'DROPOUT': 160, 'END_OF_DATA': 20}",100000000
180,141232857.9433328,141.2328579433328,0.7833333333333333,53.503838151405496,15.5678200117845,118.73094070876117,241232857.94333276,129.77777777777777,"{'DROPOUT': 160, 'END_OF_DATA': 20}",100000000
180,119082939.35619695,119.08293935619696,0.7111111111111111,54.9529237702581,16.48634773847563,131.67569509884098,219082939.3561969,129.77777777777777,"{'DROPOUT': 160, 'END_OF_DATA': 20}",100000000
180,516486536.9882324,516.4865369882324,0.7944444444444444,117.89276970183452,19.32979597592987,395.69281884772613,616486536.9882324,129.77777777777777,"{'DROPOUT': 160, 'END_OF_DATA': 20}",100000000
180,84819140.9018344,84.8191409018344,0.7388888888888889,65.48876737889553,15.507397018007739,237.11285219623113,184819140.90183437,129.77777777777777,"{'DROPOUT': 160, 'END_OF_DATA': 20}",100000000
180,254248469.5462923,254.2484695462923,0.7888888888888889,117.31239468971374,17.895252252578285,400.4921415429118,354248469.5462923,129.77777777777777,"{'DROPOUT': 160, 'END_OF_DATA': 20}",100000000
180,74588541.6971588,74.58854169715879,0.7333333333333333,66.96246657454374,18.78657869128233,229.6370203908113,174588541.69715875,129.77777777777777,"{'DROPOUT': 160, 'END_OF_DATA': 20}",100000000
180,194206575.45493406,194.20657545493404,0.8222222222222222,72.5269883305183,24.179149501123376,201.41252806411674,294206575.4549341,129.77777777777777,"{'DROPOUT': 160, 'END_OF_DATA': 20}",100000000
180,288182530.0433361,288.1825300433361,0.7944444444444444,89.86715443084431,22.974463625559515,313.36599228174606,388182530.0433362,129.77777777777777,"{'DROPOUT': 160, 'END_OF_DATA': 20}",100000000
180,255743161.98312914,255.74316198312914,0.7388888888888889,120.20083658930331,14.468300924826872,425.602775439376,355743161.9831291,129.77777777777777,"{'DROPOUT': 160, 'END_OF_DATA': 20}",100000000
180,123662036.96658932,123.66203696658931,0.7888888888888889,71.35583592867556,17.13508580731881,261.28275541017933,223662036.96658927,129.77777777777777,"{'DROPOUT': 160, 'END_OF_DATA': 20}",100000000
180,161486113.9626614,161.4861139626614,0.8277777777777777,134.61844142820095,21.044767564999805,400.3150632008644,261486113.9626613,129.77777777777777,"{'DROPOUT': 160, 'END_OF_DATA': 20}",100000000
180,79470586.95067284,79.47058695067284,0.8055555555555556,70.31777547442614,21.90204543623663,224.37810380148176,179470586.95067275,129.77777777777777,"{'DROPOUT': 160, 'END_OF_DATA': 20}",100000000
180,187344488.79511666,187.34448879511666,0.8277777777777777,115.3157689494515,23.879151052766378,346.0659952805486,287344488.79511654,129.77777777777777,"{'DROPOUT': 160, 'END_OF_DATA': 20}",100000000
180,82376949.87199634,82.37694987199635,0.7722222222222223,79.41342174305679,17.593177877253403,323.06547070637475,182376949.8719965,129.77777777777777,"{'DROPOUT': 160, 'END_OF_DATA': 20}",100000000
180,80319191.57549553,80.31919157549552,0.7944444444444444,89.5967763272288,20.140449087992952,300.5749619374584,180319191.5754955,129.77777777777777,"{'DROPOUT': 160, 'END_OF_DATA': 20}",100000000
180,135198307.64539337,135.19830764539338,0.7555555555555555,71.10442712244267,20.49990298469443,244.80366258231393,235198307.6453934,129.77777777777777,"{'DROPOUT': 160, 'END_OF_DATA': 20}",100000000
180,110755153.82199153,110.75515382199153,0.7388888888888889,58.13750487694235,20.371074607386724,151.50083770428319,210755153.82199156,129.77777777777777,"{'DROPOUT': 160, 'END_OF_DATA': 20}",100000000
180,58178976.255397044,58.17897625539704,0.7833333333333333,86.4435716090122,14.420131008116325,298.7539991274313,158178976.255397,129.77777777777777,"{'DROPOUT': 160, 'END_OF_DATA': 20}",100000000
180,279470523.9532402,279.4705239532402,0.8555555555555555,90.60562461520442,24.39991476218883,282.21042140724603,379470523.9532403,129.77777777777777,"{'DROPOUT': 160, 'END_OF_DATA': 20}",100000000
180,268243081.88792333,268.2430818879233,0.7944444444444444,78.71969242843534,19.178980633529576,275.70272643680846,368243081.88792336,129.77777777777777,"{'DROPOUT': 160, 'END_OF_DATA': 20}",100000000
180,161348327.21564636,161.34832721564635,0.7277777777777777,69.03434911598058,16.851028297926682,231.68468180960647,261348327.21564642,129.77777777777777,"{'DROPOUT': 160, 'END_OF_DATA': 20}",100000000
180,231056178.82529384,231.05617882529384,0.8055555555555556,100.27205422454102,16.232265877676923,341.69347670589235,331056178.82529366,129.77777777777777,"{'DROPOUT': 160, 'END_OF_DATA': 20}",100000000
180,212672707.90102038,212.6727079010204,0.7555555555555555,83.99842081574194,18.534055957460062,284.66477668481787,312672707.90102035,129.77777777777777,"{'DROPOUT': 160, 'END_OF_DATA': 20}",100000000
180,290089156.8907506,290.0891568907506,0.8166666666666667,107.61749024419211,21.899424567308913,340.19345696551966,390089156.89075077,129.77777777777777,"{'DROPOUT': 160, 'END_OF_DATA': 20}",100000000
180,191529315.9208711,191.5293159208711,0.8055555555555556,89.58684381909877,17.194046461903888,293.3669666792507,291529315.9208712,129.77777777777777,"{'DROPOUT': 160, 'END_OF_DATA': 20}",100000000
180,276210460.42161685,276.21046042161686,0.7888888888888889,96.53765104538193,20.643134612818336,273.88697293679314,376210460.4216167,129.77777777777777,"{'DROPOUT': 160, 'END_OF_DATA': 20}",100000000
180,114380939.67242616,114.38093967242618,0.7944444444444444,77.51525525099412,16.584974323834047,249.42195599278423,214380939.6724261,129.77777777777777,"{'DROPOUT': 160, 'END_OF_DATA': 20}",100000000
180,332753217.5430467,332.75321754304673,0.7722222222222223,120.69614895092101,23.900121560421255,407.0879082557839,432753217.5430468,129.77777777777777,"{'DROPOUT': 160, 'END_OF_DATA': 20}",100000000
180,110708181.76316842,110.70818176316844,0.7666666666666667,108.73016789022974,16.626402941940594,356.26548693007805,210708181.7631684,129.77777777777777,"{'DROPOUT': 160, 'END_OF_DATA': 20}",100000000
180,140068209.4040429,140.0682094040429,0.7388888888888889,58.66942136769261,12.44323394298751,150.78156128491372,240068209.40404296,129.77777777777777,"{'DROPOUT': 160, 'END_OF_DATA': 20}",100000000
180,238577237.9750038,238.57723797500384,0.7722222222222223,106.49209976416373,19.76453604863151,300.4716869380867,338577237.9750038,129.77777777777777,"{'DROPOUT': 160, 'END_OF_DATA': 20}",100000000
180,90861427.75260857,90.86142775260856,0.7777777777777778,91.96903705188699,23.122481706829298,293.0030313427888,190861427.75260857,129.77777777777777,"{'DROPOUT': 160, 'END_OF_DATA': 20}",100000000
180,73297108.81369139,73.2971088136914,0.7722222222222223,69.73839557832964,19.03009748572548,240.50305411334278,173297108.81369135,129.77777777777777,"{'DROPOUT': 160, 'END_OF_DATA': 20}",100000000
180,177589622.82080948,177.58962282080947,0.7555555555555555,116.6000301349411,15.705718580401651,362.11719260103905,277589622.8208094,129.77777777777777,"{'DROPOUT': 160, 'END_OF_DATA': 20}",100000000
180,202441476.33727843,202.44147633727843,0.7555555555555555,95.44336960545645,16.532259387003553,294.79002170745053,302441476.33727837,129.77777777777777,"{'DROPOUT': 160, 'END_OF_DATA': 20}",100000000
180,134774421.84021455,134.77442184021456,0.7833333333333333,133.68237997616427,21.953890172103733,395.48056784647406,234774421.84021452,129.77777777777777,"{'DROPOUT': 160, 'END_OF_DATA': 20}",100000000
180,151166976.85559013,151.16697685559012,0.8111111111111111,67.01018577084602,19.45085951124323,187.63189490534356,251166976.85559005,129.77777777777777,"{'DROPOUT': 160, 'END_OF_DATA': 20}",100000000
180,77680737.16469288,77.68073716469289,0.7555555555555555,98.94226222893131,14.327642589283085,363.78585797689624,177680737.16469288,129.77777777777777,"{'DROPOUT': 160, 'END_OF_DATA': 20}",100000000
180,86591569.07267284,86.59156907267285,0.8,78.35946071192029,18.931184227960173,240.17599127775912,186591569.0726728,129.77777777777777,"{'DROPOUT': 160, 'END_OF_DATA': 20}",100000000
180,98972918.17748706,98.97291817748706,0.7777777777777778,108.63267476882376,15.919611844381022,350.7676763457838,198972918.17748705,129.77777777777777,"{'DROPOUT': 160, 'END_OF_DATA': 20}",100000000
180,364137403.06867397,364.13740306867396,0.8,96.50204075165257,23.263191403478753,300.58132068772676,464137403.06867415,129.77777777777777,"{'DROPOUT': 160, 'END_OF_DATA': 20}",100000000
180,187278282.5452782,187.2782825452782,0.7111111111111111,95.47790659822365,14.73845966263499,335.2952728709183,287278282.54527843,129.77777777777777,"{'DROPOUT': 160, 'END_OF_DATA': 20}",100000000
180,229171774.5482119,229.17177454821189,0.7611111111111111,78.10468382565529,18.178515137941368,277.84967268153207,329171774.54821193,129.77777777777777,"{'DROPOUT': 160, 'END_OF_DATA': 20}",100000000
180,123859746.65329891,123.85974665329891,0.8277777777777777,51.505414474679675,19.731107918667213,103.47014557326223,223859746.6532989,129.77777777777777,"{'DROPOUT': 160, 'END_OF_DATA': 20}",100000000
180,328089342.2998597,328.0893422998597,0.7888888888888889,81.02505133242728,25.58324908354238,318.2521463549394,428089342.2998598,129.77777777777777,"{'DROPOUT': 160, 'END_OF_DATA': 20}",100000000
180,441131101.7061479,441.1311017061479,0.8555555555555555,93.39177877950873,19.11726254673053,330.0262192780463,541131101.7061478,129.77777777777777,"{'DROPOUT': 160, 'END_OF_DATA': 20}",100000000
180,93224579.31800868,93.22457931800867,0.7222222222222222,62.752733758866576,13.34682520355176,177.85234878684795,193224579.31800872,129.77777777777777,"{'DROPOUT': 160, 'END_OF_DATA': 20}",100000000
180,100971218.49346496,100.97121849346496,0.8,106.63628510145347,21.411556031614666,360.36207589587167,200971218.493465,129.77777777777777,"{'DROPOUT': 160, 'END_OF_DATA': 20}",100000000
180,153456520.51364785,153.45652051364786,0.7722222222222223,85.53483578217086,16.868433156707113,253.35436404430007,253456520.51364788,129.77777777777777,"{'DROPOUT': 160, 'END_OF_DATA': 20}",100000000
180,176357966.01164097,176.35796601164097,0.7777777777777778,86.03524732902761,18.2861242222244,285.5631535490163,276357966.0116411,129.77777777777777,"{'DROPOUT': 160, 'END_OF_DATA': 20}",100000000
180,80695539.5249896,80.6955395249896,0.8222222222222222,133.60638331204194,19.811704964914874,384.32160006730294,180695539.52498966,129.77777777777777,"{'DROPOUT': 160, 'END_OF_DATA': 20}",100000000
180,198163156.5352718,198.16315653527178,0.7666666666666667,55.15860822796989,16.64893810806817,177.3985230275504,298163156.5352717,129.77777777777777,"{'DROPOUT': 160, 'END_OF_DATA': 20}",100000000
180,94717507.85795522,94.71750785795521,0.7555555555555555,65.3115634803989,23.565958486931194,207.51592193040543,194717507.85795528,129.77777777777777,"{'DROPOUT': 160, 'END_OF_DATA': 20}",100000000
180,400509635.36194557,400.5096353619455,0.8055555555555556,116.41570035659315,20.163550998118033,379.97392899543115,500509635.36194557,129.77777777777777,"{'DROPOUT': 160, 'END_OF_DATA': 20}",100000000
180,159519673.34252638,159.51967334252637,0.8388888888888889,82.11417809921684,21.066682028052888,241.42714587592218,259519673.34252635,129.77777777777777,"{'DROPOUT': 160, 'END_OF_DATA': 20}",100000000
180,254615354.83344004,254.61535483344005,0.7666666666666667,93.42391896956948,17.715263377372867,289.9717000471301,354615354.83344007,129.77777777777777,"{'DROPOUT': 160, 'END_OF_DATA': 20}",100000000
180,110723844.61986446,110.72384461986447,0.7666666666666667,95.40344464605185,17.24407787507498,314.07633261395614,210723844.61986437,129.77777777777777,"{'DROPOUT': 160, 'END_OF_DATA': 20}",100000000
180,153246028.12751245,153.24602812751243,0.7611111111111111,53.13211529607561,19.190035828901397,143.1906748148382,253246028.12751248,129.77777777777777,"{'DROPOUT': 160, 'END_OF_DATA': 20}",100000000
180,184374422.01719648,184.37442201719648,0.7722222222222223,116.03471659770673,22.972883427626265,334.056653551096,284374422.0171965,129.77777777777777,"{'DROPOUT': 160, 'END_OF_DATA': 20}",100000000
180,234552643.13945457,234.55264313945457,0.7777777777777778,56.71929627171504,18.6187297905377,197.55016283380576,334552643.1394546,129.77777777777777,"{'DROPOUT': 160, 'END_OF_DATA': 20}",100000000
180,61054551.5089281,61.0545515089281,0.8055555555555556,115.4496895542898,24.36412417043382,380.1993601827799,161054551.50892806,129.77777777777777,"{'DROPOUT': 160, 'END_OF_DATA': 20}",100000000
180,126393045.29512909,126.3930452951291,0.7888888888888889,151.6417094445794,19.278401791669346,464.6790612518791,226393045.29512918,129.77777777777777,"{'DROPOUT': 160, 'END_OF_DATA': 20}",100000000
180,177156470.39680105,177.15647039680104,0.75,73.7744629968355,18.611380157280152,230.55883669348967,277156470.39680094,129.77777777777777,"{'DROPOUT': 160, 'END_OF_DATA': 20}",100000000
180,216529094.82648504,216.52909482648505,0.7666666666666667,119.46728175462134,13.88942098252414,422.5669759621397,316529094.82648516,129.77777777777777,"{'DROPOUT': 160, 'END_OF_DATA': 20}",100000000
180,136330676.20069844,136.33067620069843,0.7777777777777778,68.45515135532334,18.046925910594545,190.99341965153545,236330676.20069852,129.77777777777777,"{'DROPOUT': 160, 'END_OF_DATA': 20}",100000000
180,277009686.86509705,277.009686865097,0.8277777777777777,110.77534624574591,19.67808803305846,361.2462537782055,377009686.86509717,129.77777777777777,"{'DROPOUT': 160, 'END_OF_DATA': 20}",100000000
180,143875694.85528493,143.87569485528493,0.7222222222222222,103.8638648941492,12.978641930238584,390.3809463553391,243875694.85528478,129.77777777777777,"{'DROPOUT': 160, 'END_OF_DATA': 20}",100000000
180,418742223.2079468,418.7422232079467,0.8388888888888889,144.129275586565,29.325838294919,414.45571940365227,518742223.2079469,129.77777777777777,"{'DROPOUT': 160, 'END_OF_DATA': 20}",100000000
180,94357944.18756676,94.35794418756676,0.7555555555555555,76.59717200931559,16.683037475896384,238.62158336073176,194357944.1875668,129.77777777777777,"{'DROPOUT': 160, 'END_OF_DATA': 20}",100000000
180,66936522.20142527,66.93652220142528,0.7388888888888889,85.440162857016,14.109007861750133,305.74875221428067,166936522.2014253,129.77777777777777,"{'DROPOUT': 160, 'END_OF_DATA': 20}",100000000
180,244036820.0288261,244.0368200288261,0.8055555555555556,81.28684735001686,20.223769607341616,287.5827372261053,344036820.0288259,129.77777777777777,"{'DROPOUT': 160, 'END_OF_DATA': 20}",100000000
180,74593762.57532293,74.59376257532293,0.7111111111111111,73.60381482866467,17.512929944894267,273.3161491652923,174593762.57532302,129.77777777777777,"{'DROPOUT': 160, 'END_OF_DATA': 20}",100000000
180,330785525.8053227,330.7855258053227,0.75,64.94338867461722,14.94586725293862,267.01647684659105,430785525.8053228,129.77777777777777,"{'DROPOUT': 160, 'END_OF_DATA': 20}",100000000
180,246419790.09645426,246.41979009645425,0.75,117.84186611421237,14.567556846331595,403.0574661137259,346419790.0964542,129.77777777777777,"{'DROPOUT': 160, 'END_OF_DATA': 20}",100000000
180,168111116.73595327,168.11111673595326,0.7944444444444444,80.6271114295221,15.511107642404683,248.7078702389499,268111116.73595333,129.77777777777777,"{'DROPOUT': 160, 'END_OF_DATA': 20}",100000000
180,246443369.03417528,246.44336903417528,0.7333333333333333,107.88018370841398,23.668221164587855,328.3950749212964,346443369.0341753,129.77777777777777,"{'DROPOUT': 160, 'END_OF_DATA': 20}",100000000
180,315917323.6346731,315.9173236346731,0.7222222222222222,99.87601927937952,14.992073993759211,345.40534471844114,415917323.6346732,129.77777777777777,"{'DROPOUT': 160, 'END_OF_DATA': 20}",100000000
180,141561406.738478,141.561406738478,0.75,107.77146386457926,22.84850384992756,328.6980743357474,241561406.73847806,129.77777777777777,"{'DROPOUT': 160, 'END_OF_DATA': 20}",100000000
180,218530030.41187882,218.5300304118788,0.7888888888888889,111.87149434694796,20.661628611142813,364.50747986780465,318530030.41187876,129.77777777777777,"{'DROPOUT': 160, 'END_OF_DATA': 20}",100000000
180,111754098.45563474,111.75409845563476,0.7777777777777778,80.22757302329711,19.04885206429294,238.51763347071758,211754098.4556347,129.77777777777777,"{'DROPOUT': 160, 'END_OF_DATA': 20}",100000000
180,173061443.17074174,173.06144317074174,0.7888888888888889,63.56771971870828,19.92225159833322,128.44930026361843,273061443.1707416,129.77777777777777,"{'DROPOUT': 160, 'END_OF_DATA': 20}",100000000
180,123412612.09346029,123.41261209346028,0.7666666666666667,69.05296650842685,18.027666590415976,272.3369654927178,223412612.09346023,129.77777777777777,"{'DROPOUT': 160, 'END_OF_DATA': 20}",100000000
180,75182392.6683939,75.18239266839389,0.7611111111111111,88.7237066976474,18.48018739314202,290.6560902352027,175182392.66839397,129.77777777777777,"{'DROPOUT': 160, 'END_OF_DATA': 20}",100000000
180,263857836.19424364,263.85783619424365,0.8333333333333334,97.83082618779629,20.256410256410255,314.42066841106174,363857836.1942438,129.77777777777777,"{'DROPOUT': 160, 'END_OF_DATA': 20}",100000000
180,198217016.4757485,198.21701647574852,0.8444444444444444,112.8180098095566,16.83578180858435,387.659342257697,298217016.4757484,129.77777777777777,"{'DROPOUT': 160, 'END_OF_DATA': 20}",100000000
180,158399999.7310932,158.3999997310932,0.7944444444444444,81.21987016880993,23.796279791465572,268.016659250036,258399999.73109314,129.77777777777777,"{'DROPOUT': 160, 'END_OF_DATA': 20}",100000000
180,278901533.6355672,278.9015336355672,0.8222222222222222,94.14904041974525,27.55457102450919,245.73513480055263,378901533.63556737,129.77777777777777,"{'DROPOUT': 160, 'END_OF_DATA': 20}",100000000
180,106976797.21793056,106.97679721793057,0.7833333333333333,86.58648689292062,18.75352817730193,271.63950582453674,206976797.21793053,129.77777777777777,"{'DROPOUT': 160, 'END_OF_DATA': 20}",100000000
180,111094962.64215592,111.09496264215592,0.7555555555555555,77.47457932911918,15.607657558539884,280.01835641085705,211094962.6421559,129.77777777777777,"{'DROPOUT': 160, 'END_OF_DATA': 20}",100000000
180,97563620.82315621,97.5636208231562,0.7611111111111111,39.16305622390081,16.790566943326848,65.45821671944336,197563620.8231562,129.77777777777777,"{'DROPOUT': 160, 'END_OF_DATA': 20}",100000000
180,99722452.85899682,99.72245285899682,0.7388888888888889,51.2827242852915,10.926123104167026,164.9304794189879,199722452.85899684,129.77777777777777,"{'DROPOUT': 160, 'END_OF_DATA': 20}",100000000
180,210539054.28067887,210.53905428067887,0.8055555555555556,121.56495494395878,20.426590730010798,404.8919854583045,310539054.28067887,129.77777777777777,"{'DROPOUT': 160, 'END_OF_DATA': 20}",100000000
180,384753213.3751957,384.7532133751957,0.7555555555555555,88.76866756509072,20.299449816213485,306.26820281650265,484753213.3751958,129.77777777777777,"{'DROPOUT': 160, 'END_OF_DATA': 20}",100000000
180,102526693.06635618,102.52669306635617,0.7388888888888889,92.65485611535028,15.501837772326784,369.4394612751499,202526693.0663563,129.77777777777777,"{'DROPOUT': 160, 'END_OF_DATA': 20}",100000000
180,82010700.92719148,82.01070092719148,0.7166666666666667,62.52969529369564,13.940596745034519,216.1318185878374,182010700.92719144,129.77777777777777,"{'DROPOUT': 160, 'END_OF_DATA': 20}",100000000
180,287857034.71980155,287.85703471980156,0.7944444444444444,134.32766430184077,20.196551329021805,428.20321209938606,387857034.7198018,129.77777777777777,"{'DROPOUT': 160, 'END_OF_DATA': 20}",100000000
180,201744050.25495252,201.74405025495253,0.8166666666666667,150.09294417873647,20.0,459.1178777652643,301744050.2549523,129.77777777777777,"{'DROPOUT': 160, 'END_OF_DATA': 20}",100000000
180,117779623.6648464,117.7796236648464,0.7888888888888889,60.55943006316606,24.071505118653448,135.96075466591122,217779623.66484645,129.77777777777777,"{'DROPOUT': 160, 'END_OF_DATA': 20}",100000000
180,207342015.09494725,207.34201509494724,0.7333333333333333,80.39757369746742,15.754711304678128,251.08747452207632,307342015.0949473,129.77777777777777,"{'DROPOUT': 160, 'END_OF_DATA': 20}",100000000
180,245224389.0172694,245.2243890172694,0.7555555555555555,75.30184671893736,16.565528764306684,264.0424605017334,345224389.0172693,129.77777777777777,"{'DROPOUT': 160, 'END_OF_DATA': 20}",100000000
180,132826427.03884389,132.8264270388439,0.8166666666666667,89.1162968965637,24.35178515687051,282.7409550143604,232826427.03884378,129.77777777777777,"{'DROPOUT': 160, 'END_OF_DATA': 20}",100000000
180,118482904.16097412,118.48290416097412,0.7944444444444444,79.3660442710585,17.182674715376507,278.16587322140214,218482904.16097414,129.77777777777777,"{'DROPOUT': 160, 'END_OF_DATA': 20}",100000000
180,126565553.6408491,126.56555364084909,0.7666666666666667,135.72738792867762,19.0008199974915,436.8433453942126,226565553.64084908,129.77777777777777,"{'DROPOUT': 160, 'END_OF_DATA': 20}",100000000
180,110009856.77622685,110.00985677622685,0.75,66.55987808065417,21.317032105332494,143.43453670184448,210009856.77622673,129.77777777777777,"{'DROPOUT': 160, 'END_OF_DATA': 20}",100000000
180,127467169.84716313,127.46716984716313,0.7666666666666667,89.47502744401964,20.86628879829886,283.80600767395646,227467169.84716308,129.77777777777777,"{'DROPOUT': 160, 'END_OF_DATA': 20}",100000000
180,256576363.06212053,256.5763630621205,0.8111111111111111,106.02232544094161,20.504198450800097,324.15706010220583,356576363.06212026,129.77777777777777,"{'DROPOUT': 160, 'END_OF_DATA': 20}",100000000
180,407646762.33975255,407.64676233975257,0.8222222222222222,120.4854255689444,19.824871457265985,373.83468694878053,507646762.3397524,129.77777777777777,"{'DROPOUT': 160, 'END_OF_DATA': 20}",100000000
180,103908070.43394676,103.90807043394676,0.7444444444444445,70.50152782435283,17.92418058012363,267.06230897784667,203908070.4339467,129.77777777777777,"{'DROPOUT': 160, 'END_OF_DATA': 20}",100000000
180,134688250.3416371,134.6882503416371,0.7944444444444444,66.37409215263544,20.707368338702388,182.34792354602814,234688250.34163705,129.77777777777777,"{'DROPOUT': 160, 'END_OF_DATA': 20}",100000000
180,79991630.24194784,79.99163024194785,0.7611111111111111,102.7628818821165,18.95651749970458,343.43094444698323,179991630.24194786,129.77777777777777,"{'DROPOUT': 160, 'END_OF_DATA': 20}",100000000
180,323386267.99844867,323.38626799844866,0.8055555555555556,72.39952338219088,17.566907256121183,227.90719237067432,423386267.9984485,129.77777777777777,"{'DROPOUT': 160, 'END_OF_DATA': 20}",100000000
180,201820994.34021774,201.82099434021774,0.8111111111111111,96.00656048561379,17.893519769945073,341.8731287045218,301820994.34021777,129.77777777777777,"{'DROPOUT': 160, 'END_OF_DATA': 20}",100000000
180,101374249.40711978,101.37424940711979,0.7388888888888889,48.2141673862544,16.989793528555747,119.8312119042112,201374249.40711963,129.77777777777777,"{'DROPOUT': 160, 'END_OF_DATA': 20}",100000000
180,132893710.0599667,132.8937100599667,0.8055555555555556,80.71819892010718,17.031778858922745,238.12563442588288,232893710.05996677,129.77777777777777,"{'DROPOUT': 160, 'END_OF_DATA': 20}",100000000
180,255254116.1414848,255.2541161414848,0.8277777777777777,107.87760278597096,23.922378560157178,360.3413974858794,355254116.1414847,129.77777777777777,"{'DROPOUT': 160, 'END_OF_DATA': 20}",100000000
180,125933681.75788365,125.93368175788365,0.75,68.48481886962867,14.398850063612183,220.54958170020126,225933681.75788367,129.77777777777777,"{'DROPOUT': 160, 'END_OF_DATA': 20}",100000000
180,198010228.0615897,198.0102280615897,0.7444444444444445,90.27348436376994,17.335879640425176,256.651445316775,298010228.06158954,129.77777777777777,"{'DROPOUT': 160, 'END_OF_DATA': 20}",100000000
180,107541926.54076116,107.54192654076115,0.75,61.14318062994478,21.184920370996434,219.61084569415337,207541926.54076114,129.77777777777777,"{'DROPOUT': 160, 'END_OF_DATA': 20}",100000000
180,138319875.93882424,138.31987593882425,0.7611111111111111,108.57903784911481,15.731389065644535,384.3860094067038,238319875.9388243,129.77777777777777,"{'DROPOUT': 160, 'END_OF_DATA': 20}",100000000
180,375122941.3674668,375.1229413674668,0.7722222222222223,127.71512487599466,15.733032408434447,445.38504920127707,475122941.3674668,129.77777777777777,"{'DROPOUT': 160, 'END_OF_DATA': 20}",100000000
180,63072873.658248276,63.07287365824828,0.7888888888888889,158.66465428505074,17.328704291605014,459.026271132298,163072873.65824828,129.77777777777777,"{'DROPOUT': 160, 'END_OF_DATA': 20}",100000000
180,83165505.68961541,83.16550568961542,0.7777777777777778,96.67055258266123,18.38240485096327,346.18879126586137,183165505.68961537,129.77777777777777,"{'DROPOUT': 160, 'END_OF_DATA': 20}",100000000
180,343626709.0277591,343.6267090277591,0.7777777777777778,88.41988435212147,18.35343964141905,273.73892685836864,443626709.02775884,129.77777777777777,"{'DROPOUT': 160, 'END_OF_DATA': 20}",100000000
180,72209441.47527128,72.20944147527129,0.8055555555555556,82.15600509120621,18.93816708717311,240.54216578755523,172209441.47527122,129.77777777777777,"{'DROPOUT': 160, 'END_OF_DATA': 20}",100000000
180,235970963.44043997,235.97096344043996,0.7777777777777778,84.28541254347152,16.326961322188154,297.87153870745846,335970963.44043994,129.77777777777777,"{'DROPOUT': 160, 'END_OF_DATA': 20}",100000000
180,216132780.55936807,216.13278055936806,0.7277777777777777,94.20229633767983,16.43022497742468,250.259166712573,316132780.55936813,129.77777777777777,"{'DROPOUT': 160, 'END_OF_DATA': 20}",100000000
180,157576591.75428712,157.57659175428714,0.8222222222222222,77.7180951075033,22.7540757544805,165.63912704357503,257576591.75428712,129.77777777777777,"{'DROPOUT': 160, 'END_OF_DATA': 20}",100000000
180,270745446.379874,270.745446379874,0.8166666666666667,119.02527167046566,21.576332488350673,369.4468321916294,370745446.37987363,129.77777777777777,"{'DROPOUT': 160, 'END_OF_DATA': 20}",100000000
180,99486445.65540625,99.48644565540626,0.8111111111111111,102.79751716648651,18.248742863163102,377.5554348746226,199486445.65540633,129.77777777777777,"{'DROPOUT': 160, 'END_OF_DATA': 20}",100000000
180,160657563.0396006,160.6575630396006,0.7944444444444444,83.3658036216187,18.684796285204712,267.2134467797735,260657563.03960052,129.77777777777777,"{'DROPOUT': 160, 'END_OF_DATA': 20}",100000000
180,219776687.750735,219.776687750735,0.7777777777777778,94.6023068384123,21.48619089059529,326.90696140464536,319776687.75073504,129.77777777777777,"{'DROPOUT': 160, 'END_OF_DATA': 20}",100000000
180,88042912.701608,88.042912701608,0.7777777777777778,65.68921153893082,17.072282673141537,146.34725294840047,188042912.70160806,129.77777777777777,"{'DROPOUT': 160, 'END_OF_DATA': 20}",100000000
180,475252970.099124,475.252970099124,0.8,119.51053942336483,20.540858220645074,362.88325736844314,575252970.0991242,129.77777777777777,"{'DROPOUT': 160, 'END_OF_DATA': 20}",100000000
180,347496815.4200619,347.4968154200619,0.8277777777777777,133.3300197763544,23.900702353929155,434.7035769063021,447496815.420062,129.77777777777777,"{'DROPOUT': 160, 'END_OF_DATA': 20}",100000000
180,232520262.62332273,232.5202626233227,0.8111111111111111,96.28076572905654,16.31515214081145,349.57598052450714,332520262.6233228,129.77777777777777,"{'DROPOUT': 160, 'END_OF_DATA': 20}",100000000
180,236111473.29431587,236.11147329431589,0.7388888888888889,86.71453322204954,15.26203111630626,316.21458065136096,336111473.29431593,129.77777777777777,"{'DROPOUT': 160, 'END_OF_DATA': 20}",100000000
180,256983155.4278278,256.9831554278278,0.8055555555555556,107.00038630393166,25.000000997845632,316.50888463913464,356983155.42782766,129.77777777777777,"{'DROPOUT': 160, 'END_OF_DATA': 20}",100000000
180,398500944.23069257,398.50094423069254,0.8055555555555556,107.69903736334483,22.436663601470165,337.290654754229,498500944.23069257,129.77777777777777,"{'DROPOUT': 160, 'END_OF_DATA': 20}",100000000
180,92527764.58162458,92.52776458162458,0.7611111111111111,59.61462740950147,17.086123418637484,205.2536120011568,192527764.58162454,129.77777777777777,"{'DROPOUT': 160, 'END_OF_DATA': 20}",100000000
180,91221520.14199337,91.22152014199337,0.8166666666666667,115.40196950197456,18.082329804131593,366.7148512445209,191221520.14199346,129.77777777777777,"{'DROPOUT': 160, 'END_OF_DATA': 20}",100000000
180,175008070.9253661,175.0080709253661,0.7611111111111111,94.02407556183962,22.60434196578551,324.54477480957985,275008070.92536604,129.77777777777777,"{'DROPOUT': 160, 'END_OF_DATA': 20}",100000000
180,345442145.5435785,345.4421455435785,0.7611111111111111,106.91374435320354,16.084131216359882,360.49051878112965,445442145.5435784,129.77777777777777,"{'DROPOUT': 160, 'END_OF_DATA': 20}",100000000
180,478943329.8548855,478.94332985488546,0.8166666666666667,106.13177448637875,20.06792091668347,372.72141493743555,578943329.8548859,129.77777777777777,"{'DROPOUT': 160, 'END_OF_DATA': 20}",100000000
180,166802616.65722883,166.8026166572288,0.8166666666666667,71.38432841669288,16.436557551227825,193.76748367424872,266802616.6572289,129.77777777777777,"{'DROPOUT': 160, 'END_OF_DATA': 20}",100000000
180,154698096.52622226,154.69809652622226,0.7333333333333333,64.69593954012062,17.372591872561323,214.56510445126608,254698096.52622217,129.77777777777777,"{'DROPOUT': 160, 'END_OF_DATA': 20}",100000000
180,88856592.53222492,88.85659253222492,0.7944444444444444,96.2000625527388,18.157969364355772,299.15729056546564,188856592.5322249,129.77777777777777,"{'DROPOUT': 160, 'END_OF_DATA': 20}",100000000
180,220755860.89089668,220.75586089089668,0.7666666666666667,65.7496705880577,15.899675979195155,220.79737619143802,320755860.89089674,129.77777777777777,"{'DROPOUT': 160, 'END_OF_DATA': 20}",100000000
180,140725699.96262297,140.72569996262297,0.7444444444444445,83.49530529514907,15.138190757320913,278.2587919655316,240725699.96262288,129.77777777777777,"{'DROPOUT': 160, 'END_OF_DATA': 20}",100000000
180,93246704.67755672,93.24670467755672,0.7888888888888889,86.99540757380497,19.242409927348135,330.009499941119,193246704.6775568,129.77777777777777,"{'DROPOUT': 160, 'END_OF_DATA': 20}",100000000
180,184030607.93311584,184.03060793311582,0.7777777777777778,59.08621591958066,22.548785297177034,140.33500120413186,284030607.9331158,129.77777777777777,"{'DROPOUT': 160, 'END_OF_DATA': 20}",100000000
180,228721736.9162531,228.7217369162531,0.7833333333333333,108.66131434157457,17.331220428287008,345.89787494548705,328721736.91625315,129.77777777777777,"{'DROPOUT': 160, 'END_OF_DATA': 20}",100000000
180,209456741.01469582,209.45674101469584,0.7722222222222223,90.4773864053394,17.214162626062183,333.8650464931861,309456741.01469564,129.77777777777777,"{'DROPOUT': 160, 'END_OF_DATA': 20}",100000000
180,153493673.15712053,153.49367315712053,0.75,83.85739367488716,19.416542070287854,263.70523730891927,253493673.15712053,129.77777777777777,"{'DROPOUT': 160, 'END_OF_DATA': 20}",100000000
180,147025982.3295977,147.02598232959772,0.7833333333333333,87.80559510131715,16.869920251391314,311.48913844992296,247025982.32959774,129.77777777777777,"{'DROPOUT': 160, 'END_OF_DATA': 20}",100000000
180,253604374.29198557,253.60437429198558,0.7888888888888889,104.58801408998252,23.214284931694998,301.3663531056965,353604374.2919856,129.77777777777777,"{'DROPOUT': 160, 'END_OF_DATA': 20}",100000000
180,75149135.57793117,75.14913557793118,0.8055555555555556,107.14856159136424,19.482845579909736,359.8058647790205,175149135.57793123,129.77777777777777,"{'DROPOUT': 160, 'END_OF_DATA': 20}",100000000
180,162963816.30487823,162.96381630487824,0.8222222222222222,47.540655885055045,15.646722691020447,108.85184452458782,262963816.30487812,129.77777777777777,"{'DROPOUT': 160, 'END_OF_DATA': 20}",100000000
180,222515564.40166265,222.51556440166266,0.75,90.6098036473193,18.140356112954173,301.9469611257432,322515564.4016625,129.77777777777777,"{'DROPOUT': 160, 'END_OF_DATA': 20}",100000000
180,136731550.28945258,136.7315502894526,0.6944444444444444,73.17029253344309,12.462305891197982,287.29675144898806,236731550.28945258,129.77777777777777,"{'DROPOUT': 160, 'END_OF_DATA': 20}",100000000
180,81855474.5736578,81.85547457365779,0.7944444444444444,75.30403319971207,20.429483237387423,266.8712406302638,181855474.57365787,129.77777777777777,"{'DROPOUT': 160, 'END_OF_DATA': 20}",100000000
180,215669964.16543162,215.6699641654316,0.8111111111111111,72.55739580858058,15.999988686244034,280.44456167273717,315669964.1654317,129.77777777777777,"{'DROPOUT': 160, 'END_OF_DATA': 20}",100000000
180,94854242.24870718,94.85424224870718,0.7722222222222223,61.09815188292788,16.69607591118008,198.52843164017105,194854242.24870718,129.77777777777777,"{'DROPOUT': 160, 'END_OF_DATA': 20}",100000000
180,199331958.85187346,199.33195885187345,0.7444444444444445,68.77115274540192,17.543444123801578,221.63537125662387,299331958.85187334,129.77777777777777,"{'DROPOUT': 160, 'END_OF_DATA': 20}",100000000
180,79741015.09718367,79.74101509718368,0.8222222222222222,98.93202813118137,20.8140882035989,332.9443990980511,179741015.0971837,129.77777777777777,"{'DROPOUT': 160, 'END_OF_DATA': 20}",100000000
180,114057810.74467996,114.05781074467995,0.7722222222222223,86.06731105768708,19.595788973236303,253.65067463037653,214057810.74468,129.77777777777777,"{'DROPOUT': 160, 'END_OF_DATA': 20}",100000000
180,366380387.63208914,366.38038763208914,0.7944444444444444,115.76669560428859,21.27700466296806,381.2178464219512,466380387.6320892,129.77777777777777,"{'DROPOUT': 160, 'END_OF_DATA': 20}",100000000
180,178773714.77206537,178.77371477206538,0.8055555555555556,64.83905345184662,16.612627700688364,218.99186232226498,278773714.77206534,129.77777777777777,"{'DROPOUT': 160, 'END_OF_DATA': 20}",100000000
180,280674612.7839345,280.6746127839345,0.8555555555555555,75.98603074010796,22.904127083000105,188.21603989480693,380674612.78393465,129.77777777777777,"{'DROPOUT': 160, 'END_OF_DATA': 20}",100000000
180,86645233.88638687,86.64523388638688,0.7611111111111111,80.43839292794446,21.245434643173454,271.6955449615674,186645233.88638678,129.77777777777777,"{'DROPOUT': 160, 'END_OF_DATA': 20}",100000000
180,116491660.46085882,116.49166046085881,0.7833333333333333,104.30370488047826,13.581824440863041,346.5952131584531,216491660.4608588,129.77777777777777,"{'DROPOUT': 160, 'END_OF_DATA': 20}",100000000
180,165685487.02994478,165.68548702994477,0.7833333333333333,111.91505580107561,26.647227235675764,362.8487832056569,265685487.02994466,129.77777777777777,"{'DROPOUT': 160, 'END_OF_DATA': 20}",100000000
180,363717980.7025527,363.71798070255267,0.8,128.09453684442775,19.377341159315627,430.091944316384,463717980.7025524,129.77777777777777,"{'DROPOUT': 160, 'END_OF_DATA': 20}",100000000
180,322137293.63260555,322.1372936326055,0.8,86.0183171197465,22.2568131099058,282.0937710609005,422137293.6326055,129.77777777777777,"{'DROPOUT': 160, 'END_OF_DATA': 20}",100000000
180,87985171.38632758,87.98517138632758,0.8,60.24461562317439,14.64030567750074,218.94724139489108,187985171.3863276,129.77777777777777,"{'DROPOUT': 160, 'END_OF_DATA': 20}",100000000
180,335933739.65045273,335.93373965045276,0.8555555555555555,123.10489271098304,21.609124532911327,422.01554802518785,435933739.65045273,129.77777777777777,"{'DROPOUT': 160, 'END_OF_DATA': 20}",100000000
180,167170990.953521,167.17099095352103,0.8055555555555556,104.6990181394073,20.052872419862325,338.5773021535842,267170990.9535209,129.77777777777777,"{'DROPOUT': 160, 'END_OF_DATA': 20}",100000000
180,80187038.97577147,80.18703897577147,0.7833333333333333,78.17800749932036,16.787439613526566,273.3820211218192,180187038.97577143,129.77777777777777,"{'DROPOUT': 160, 'END_OF_DATA': 20}",100000000
180,325970476.93199146,325.97047693199147,0.8222222222222222,82.70880265298965,21.1615831890483,307.1916962778891,425970476.9319913,129.77777777777777,"{'DROPOUT': 160, 'END_OF_DATA': 20}",100000000
180,409956603.0221399,409.9566030221399,0.7611111111111111,129.39590602199704,21.525096830730284,387.6089549802536,509956603.0221399,129.77777777777777,"{'DROPOUT': 160, 'END_OF_DATA': 20}",100000000
180,234548411.26144123,234.54841126144123,0.7611111111111111,98.32630868621784,20.553114215773604,340.6086302767881,334548411.2614413,129.77777777777777,"{'DROPOUT': 160, 'END_OF_DATA': 20}",100000000
180,202693628.72576445,202.69362872576443,0.8111111111111111,66.0968691612677,21.351589232996286,201.47326491518444,302693628.7257645,129.77777777777777,"{'DROPOUT': 160, 'END_OF_DATA': 20}",100000000
180,185131160.87722278,185.13116087722275,0.8222222222222222,77.21071112889436,21.236105158324094,228.68029034966952,285131160.8772227,129.77777777777777,"{'DROPOUT': 160, 'END_OF_DATA': 20}",100000000
180,105991344.19457284,105.99134419457283,0.7388888888888889,69.0248217416755,16.175935146260976,167.00854335927667,205991344.1945728,129.77777777777777,"{'DROPOUT': 160, 'END_OF_DATA': 20}",100000000
180,131883258.24526127,131.88325824526126,0.7722222222222223,68.19134782317722,20.158201419410446,217.37267084559798,231883258.2452612,129.77777777777777,"{'DROPOUT': 160, 'END_OF_DATA': 20}",100000000
180,308132576.9278705,308.1325769278705,0.7722222222222223,117.01381439040928,18.455872701053814,390.08965079073386,408132576.9278704,129.77777777777777,"{'DROPOUT': 160, 'END_OF_DATA': 20}",100000000
180,346465714.03635097,346.46571403635096,0.7555555555555555,141.22046390055098,19.096475304327246,451.88707700662394,446465714.036351,129.77777777777777,"{'DROPOUT': 160, 'END_OF_DATA': 20}",100000000
180,77055619.69174457,77.05561969174457,0.8055555555555556,119.28387813169658,15.302408083376843,415.42373231432583,177055619.69174466,129.77777777777777,"{'DROPOUT': 160, 'END_OF_DATA': 20}",100000000
180,298752002.9292441,298.7520029292441,0.7888888888888889,144.56722645065503,25.009312634683752,438.15744706487556,398752002.92924404,129.77777777777777,"{'DROPOUT': 160, 'END_OF_DATA': 20}",100000000
180,115902918.59559873,115.90291859559873,0.8166666666666667,86.4673001923791,24.78251180007879,296.0757761725366,215902918.5955987,129.77777777777777,"{'DROPOUT': 160, 'END_OF_DATA': 20}",100000000
180,163384758.776822,163.384758776822,0.7888888888888889,93.27933800795329,18.99463278061632,291.11826255666244,263384758.77682194,129.77777777777777,"{'DROPOUT': 160, 'END_OF_DATA': 20}",100000000
180,83757408.16602162,83.75740816602162,0.7611111111111111,84.69959727692523,16.711877009419783,322.2484198401685,183757408.1660217,129.77777777777777,"{'DROPOUT': 160, 'END_OF_DATA': 20}",100000000
180,245275094.25543806,245.27509425543806,0.8055555555555556,70.6594719181666,16.72259484727988,251.25684961581268,345275094.255438,129.77777777777777,"{'DROPOUT': 160, 'END_OF_DATA': 20}",100000000
180,62292557.830991276,62.29255783099128,0.8055555555555556,81.22728135991007,19.33352156243862,313.93221361846827,162292557.83099133,129.77777777777777,"{'DROPOUT': 160, 'END_OF_DATA': 20}",100000000
180,345583121.26594746,345.58312126594745,0.7722222222222223,128.07571547637912,19.516796656788404,440.4793910914001,445583121.2659479,129.77777777777777,"{'DROPOUT': 160, 'END_OF_DATA': 20}",100000000
180,218456582.44856086,218.45658244856088,0.7222222222222222,74.87155706446816,15.770541214779144,286.4056564619319,318456582.4485608,129.77777777777777,"{'DROPOUT': 160, 'END_OF_DATA': 20}",100000000
180,103661539.13245368,103.66153913245368,0.8333333333333334,75.36448910745456,21.701155905579782,278.5466813316222,203661539.13245368,129.77777777777777,"{'DROPOUT': 160, 'END_OF_DATA': 20}",100000000
180,100982217.20939776,100.98221720939777,0.7555555555555555,45.32207467794748,14.593561000131157,97.35078804233795,200982217.20939782,129.77777777777777,"{'DROPOUT': 160, 'END_OF_DATA': 20}",100000000
180,93985289.91810134,93.98528991810134,0.7611111111111111,73.40769866609472,21.394005593924856,221.45060781123917,193985289.91810134,129.77777777777777,"{'DROPOUT': 160, 'END_OF_DATA': 20}",100000000
180,68411157.41908579,68.41115741908578,0.7666666666666667,80.77151879476226,16.42812388096585,295.025396310503,168411157.41908574,129.77777777777777,"{'DROPOUT': 160, 'END_OF_DATA': 20}",100000000
180,108699833.75979237,108.69983375979237,0.7833333333333333,90.17875888345876,16.667662018096657,317.5320467882245,208699833.7597924,129.77777777777777,"{'DROPOUT': 160, 'END_OF_DATA': 20}",100000000
180,196512619.74067992,196.51261974067992,0.8055555555555556,84.62045393219697,22.889887662467984,275.15261031042616,296512619.7406799,129.77777777777777,"{'DROPOUT': 160, 'END_OF_DATA': 20}",100000000
180,64956590.49588324,64.95659049588323,0.7722222222222223,93.48247360182253,14.270519353594949,319.0836306406271,164956590.49588323,129.77777777777777,"{'DROPOUT': 160, 'END_OF_DATA': 20}",100000000
180,101707744.01132067,101.70774401132066,0.7888888888888889,113.5743261486741,17.950444668889602,393.1895246382342,201707744.01132074,129.77777777777777,"{'DROPOUT': 160, 'END_OF_DATA': 20}",100000000
180,235473225.03982508,235.47322503982508,0.7722222222222223,83.30108157621554,16.587299079513684,260.1688080976497,335473225.03982496,129.77777777777777,"{'DROPOUT': 160, 'END_OF_DATA': 20}",100000000
180,231662387.4461904,231.66238744619037,0.8055555555555556,135.20690930356153,18.86805159032457,402.62103491819727,331662387.4461901,129.77777777777777,"{'DROPOUT': 160, 'END_OF_DATA': 20}",100000000
180,90140587.32343863,90.14058732343862,0.8222222222222222,55.12803662821281,18.508394200717156,125.16482375584687,190140587.32343858,129.77777777777777,"{'DROPOUT': 160, 'END_OF_DATA': 20}",100000000
180,108057278.81895323,108.05727881895324,0.7333333333333333,77.22151341167184,14.242688344669856,208.99693725277533,208057278.81895316,129.77777777777777,"{'DROPOUT': 160, 'END_OF_DATA': 20}",100000000
180,149629233.6150093,149.6292336150093,0.7611111111111111,109.04346513484253,17.424944614932166,339.0071629872922,249629233.61500937,129.77777777777777,"{'DROPOUT': 160, 'END_OF_DATA': 20}",100000000
180,163188646.6418439,163.1886466418439,0.75,73.92047186315293,18.894495645596862,198.80139970969753,263188646.64184391,129.77777777777777,"{'DROPOUT': 160, 'END_OF_DATA': 20}",100000000
180,182347687.52291352,182.34768752291353,0.7333333333333333,123.91167107003271,24.1365252852328,370.3127818909253,282347687.52291346,129.77777777777777,"{'DROPOUT': 160, 'END_OF_DATA': 20}",100000000
180,244435183.60374033,244.43518360374034,0.7222222222222222,116.2565362631965,17.254980222682953,382.40486584903937,344435183.60374033,129.77777777777777,"{'DROPOUT': 160, 'END_OF_DATA': 20}",100000000
180,201619289.85895562,201.61928985895563,0.8166666666666667,131.2091302659699,25.093863353416054,407.85251826753387,301619289.8589554,129.77777777777777,"{'DROPOUT': 160, 'END_OF_DATA': 20}",100000000
180,186496055.2193964,186.4960552193964,0.7611111111111111,74.74515324508519,17.00189175407401,166.98622562903302,286496055.21939635,129.77777777777777,"{'DROPOUT': 160, 'END_OF_DATA': 20}",100000000
180,110986693.93447821,110.9866939344782,0.7888888888888889,115.80416077908878,22.71852568556168,372.4665149521318,210986693.93447828,129.77777777777777,"{'DROPOUT': 160, 'END_OF_DATA': 20}",100000000
180,266614911.37673116,266.61491137673113,0.7777777777777778,90.87373052071743,17.407162886736728,314.8632985266332,366614911.37673116,129.77777777777777,"{'DROPOUT': 160, 'END_OF_DATA': 20}",100000000
180,126281587.5435707,126.28158754357071,0.7722222222222223,95.25849614665445,14.751093210287902,334.56260962257,226281587.5435707,129.77777777777777,"{'DROPOUT': 160, 'END_OF_DATA': 20}",100000000
180,75710181.86179571,75.71018186179572,0.7944444444444444,84.89331838807482,21.599188206912363,242.96751614655724,175710181.86179566,129.77777777777777,"{'DROPOUT': 160, 'END_OF_DATA': 20}",100000000
180,120057949.82095367,120.05794982095365,0.7722222222222223,99.98918726169684,23.194083676877014,343.84951805974845,220057949.8209536,129.77777777777777,"{'DROPOUT': 160, 'END_OF_DATA': 20}",100000000
180,206286991.93702745,206.28699193702747,0.7944444444444444,91.28652568409663,16.71662178024291,331.7729740344385,306286991.93702745,129.77777777777777,"{'DROPOUT': 160, 'END_OF_DATA': 20}",100000000
180,151861592.34220153,151.86159234220153,0.8222222222222222,104.74496744718613,24.513981532324397,336.1154759094186,251861592.3422016,129.77777777777777,"{'DROPOUT': 160, 'END_OF_DATA': 20}",100000000
180,113479788.08122435,113.47978808122434,0.7777777777777778,55.99138881942499,17.46105895222459,148.88552258957486,213479788.0812244,129.77777777777777,"{'DROPOUT': 160, 'END_OF_DATA': 20}",100000000
180,91841507.27744356,91.84150727744355,0.7777777777777778,69.95997606865225,17.944364099482698,230.2323297369828,191841507.27744353,129.77777777777777,"{'DROPOUT': 160, 'END_OF_DATA': 20}",100000000
180,76036684.51339054,76.03668451339054,0.7611111111111111,84.34042966092804,18.8015034973448,327.8566108996703,176036684.51339048,129.77777777777777,"{'DROPOUT': 160, 'END_OF_DATA': 20}",100000000
180,270848181.2121708,270.84818121217074,0.7944444444444444,93.18954088016343,19.400945280951397,333.2701463595073,370848181.2121705,129.77777777777777,"{'DROPOUT': 160, 'END_OF_DATA': 20}",100000000
180,480555976.2680769,480.5559762680769,0.8166666666666667,89.03326211678137,22.480179996325237,303.37221535336784,580555976.2680768,129.77777777777777,"{'DROPOUT': 160, 'END_OF_DATA': 20}",100000000
180,68419960.02979721,68.41996002979721,0.8277777777777777,87.38756645424489,16.371635489439385,317.8461828283408,168419960.02979705,129.77777777777777,"{'DROPOUT': 160, 'END_OF_DATA': 20}",100000000
180,107571031.11162671,107.57103111162671,0.7777777777777778,94.62641809360196,19.922816029016744,299.05998680483765,207571031.11162674,129.77777777777777,"{'DROPOUT': 160, 'END_OF_DATA': 20}",100000000
180,209639227.57489848,209.63922757489848,0.7166666666666667,91.0305428354669,13.010640557833453,337.6572908803935,309639227.5748987,129.77777777777777,"{'DROPOUT': 160, 'END_OF_DATA': 20}",100000000
180,125251880.5357458,125.25188053574581,0.7722222222222223,96.08704010141095,18.544209848009395,290.8987924573045,225251880.5357458,129.77777777777777,"{'DROPOUT': 160, 'END_OF_DATA': 20}",100000000
180,192484715.0040374,192.4847150040374,0.7333333333333333,103.82526824478546,13.63636271273797,410.5559144968556,292484715.0040373,129.77777777777777,"{'DROPOUT': 160, 'END_OF_DATA': 20}",100000000
180,102591873.31932795,102.59187331932796,0.8,110.37143631406143,20.006263050019726,359.7353567217026,202591873.31932804,129.77777777777777,"{'DROPOUT': 160, 'END_OF_DATA': 20}",100000000
180,70378026.79054101,70.378026790541,0.7388888888888889,92.31828277979443,18.354919237945808,292.7350581089692,170378026.79054105,129.77777777777777,"{'DROPOUT': 160, 'END_OF_DATA': 20}",100000000
180,476375328.3670126,476.37532836701257,0.7833333333333333,128.5856178602973,23.019285970333595,405.77120275875046,576375328.3670124,129.77777777777777,"{'DROPOUT': 160, 'END_OF_DATA': 20}",100000000
180,89103723.02223721,89.10372302223722,0.7722222222222223,88.53744125050927,19.051880478952484,290.3660823958067,189103723.02223718,129.77777777777777,"{'DROPOUT': 160, 'END_OF_DATA': 20}",100000000
180,215917784.08161774,215.91778408161773,0.7444444444444445,90.13031117304271,15.368560667848847,329.0167568411374,315917784.08161753,129.77777777777777,"{'DROPOUT': 160, 'END_OF_DATA': 20}",100000000
180,94500883.88263428,94.50088388263428,0.7944444444444444,63.305304097470064,14.830823970839365,243.14624310559722,194500883.8826344,129.77777777777777,"{'DROPOUT': 160, 'END_OF_DATA': 20}",100000000
180,94047274.49481678,94.04727449481678,0.7944444444444444,111.65635300955338,22.232946154828753,357.0479699483752,194047274.49481678,129.77777777777777,"{'DROPOUT': 160, 'END_OF_DATA': 20}",100000000
180,230575167.00678498,230.57516700678497,0.8055555555555556,115.48369972824061,20.780963737757318,370.2325979810505,330575167.00678504,129.77777777777777,"{'DROPOUT': 160, 'END_OF_DATA': 20}",100000000
180,114349209.57591641,114.3492095759164,0.75,91.62251314001631,17.362153052033364,323.33407888359943,214349209.57591635,129.77777777777777,"{'DROPOUT': 160, 'END_OF_DATA': 20}",100000000
180,321487260.85255915,321.48726085255913,0.7722222222222223,83.5803250529089,15.837053244169109,307.71623306501675,421487260.8525592,129.77777777777777,"{'DROPOUT': 160, 'END_OF_DATA': 20}",100000000
180,54783857.14358952,54.78385714358952,0.7388888888888889,58.26339162148968,15.684086710184793,201.63027877768366,154783857.14358956,129.77777777777777,"{'DROPOUT': 160, 'END_OF_DATA': 20}",100000000
180,159079834.9303214,159.0798349303214,0.7888888888888889,85.66021547235707,18.9199084375843,269.39097835402646,259079834.9303214,129.77777777777777,"{'DROPOUT': 160, 'END_OF_DATA': 20}",100000000
180,145590439.56278253,145.59043956278254,0.8277777777777777,119.27484734087342,20.364729373592148,384.9989495654387,245590439.56278253,129.77777777777777,"{'DROPOUT': 160, 'END_OF_DATA': 20}",100000000
180,228986268.26941225,228.98626826941225,0.7444444444444445,88.66775414663996,15.906895597004164,285.59663179478935,328986268.2694123,129.77777777777777,"{'DROPOUT': 160, 'END_OF_DATA': 20}",100000000
180,358853141.68225515,358.8531416822551,0.8111111111111111,104.99352988299756,18.20274540050294,382.33188499281795,458853141.68225515,129.77777777777777,"{'DROPOUT': 160, 'END_OF_DATA': 20}",100000000
180,119500764.45920885,119.50076445920885,0.7555555555555555,63.02490594178961,15.347674123875748,221.85009742262736,219500764.45920876,129.77777777777777,"{'DROPOUT': 160, 'END_OF_DATA': 20}",100000000
180,87909510.85610732,87.90951085610732,0.7277777777777777,101.8122826501436,15.946381182035566,325.0381465273667,187909510.85610744,129.77777777777777,"{'DROPOUT': 160, 'END_OF_DATA': 20}",100000000
180,340037204.38474196,340.0372043847419,0.8166666666666667,109.12025034979229,20.115350682583575,363.39741282431964,440037204.3847417,129.77777777777777,"{'DROPOUT': 160, 'END_OF_DATA': 20}",100000000
180,241919065.8767389,241.9190658767389,0.7833333333333333,70.18522315723014,18.738453495761185,268.20299278245085,341919065.8767389,129.77777777777777,"{'DROPOUT': 160, 'END_OF_DATA': 20}",100000000
180,144863771.5792906,144.8637715792906,0.7666666666666667,122.368928338687,22.701253891529163,381.00948312841996,244863771.57929048,129.77777777777777,"{'DROPOUT': 160, 'END_OF_DATA': 20}",100000000
180,166602548.42555034,166.60254842555034,0.7722222222222223,80.48361850888847,22.21930810579848,211.98617161193633,266602548.4255503,129.77777777777777,"{'DROPOUT': 160, 'END_OF_DATA': 20}",100000000
180,121511004.69955349,121.5110046995535,0.7666666666666667,91.80414643918803,13.961362536245758,352.9503232032936,221511004.69955352,129.77777777777777,"{'DROPOUT': 160, 'END_OF_DATA': 20}",100000000
180,194667195.69002867,194.66719569002865,0.7888888888888889,114.4951965928992,24.667658814504147,348.2461602607699,294667195.69002867,129.77777777777777,"{'DROPOUT': 160, 'END_OF_DATA': 20}",100000000
180,218173543.02357236,218.17354302357236,0.7722222222222223,121.24595688071958,21.307972105500944,357.1416408976855,318173543.02357227,129.77777777777777,"{'DROPOUT': 160, 'END_OF_DATA': 20}",100000000
180,226427966.53061494,226.42796653061495,0.7611111111111111,126.55480835245164,20.2441000961564,399.29189811386357,326427966.530615,129.77777777777777,"{'DROPOUT': 160, 'END_OF_DATA': 20}",100000000
180,125770171.9272879,125.7701719272879,0.8166666666666667,81.04758911345766,20.266798194917754,269.21443902238104,225770171.9272879,129.77777777777777,"{'DROPOUT': 160, 'END_OF_DATA': 20}",100000000
180,80625558.42636573,80.62555842636573,0.7777777777777778,58.46226832368495,25.0792473982167,134.3662875614663,180625558.42636564,129.77777777777777,"{'DROPOUT': 160, 'END_OF_DATA': 20}",100000000
180,228348477.8242759,228.34847782427593,0.8,57.135364304977074,18.5411442736411,199.64871103014528,328348477.8242759,129.77777777777777,"{'DROPOUT': 160, 'END_OF_DATA': 20}",100000000
180,82983487.83471957,82.98348783471957,0.7722222222222223,60.288425656840275,18.634289198196136,128.37699695626804,182983487.8347195,129.77777777777777,"{'DROPOUT': 160, 'END_OF_DATA': 20}",100000000
180,98808598.64771716,98.80859864771716,0.8333333333333334,131.46946931189493,26.398624123218717,345.1501101979299,198808598.64771706,129.77777777777777,"{'DROPOUT': 160, 'END_OF_DATA': 20}",100000000
180,130220439.50210321,130.2204395021032,0.7944444444444444,64.14010004797694,20.227756046461458,130.60118910843863,230220439.50210333,129.77777777777777,"{'DROPOUT': 160, 'END_OF_DATA': 20}",100000000
180,132294628.6745637,132.29462867456368,0.7388888888888889,76.64834478852849,13.378021535551795,248.47914594717014,232294628.67456377,129.77777777777777,"{'DROPOUT': 160, 'END_OF_DATA': 20}",100000000
180,279146857.810341,279.14685781034103,0.7444444444444445,72.28239082613722,16.575963743550588,282.1184525002167,379146857.8103408,129.77777777777777,"{'DROPOUT': 160, 'END_OF_DATA': 20}",100000000
180,115213670.07560682,115.21367007560683,0.8111111111111111,140.35511063887367,19.684316093627345,411.9632755983198,215213670.07560682,129.77777777777777,"{'DROPOUT': 160, 'END_OF_DATA': 20}",100000000
180,151361680.08977497,151.36168008977498,0.8111111111111111,69.964752792121,17.583277463822448,194.94187152972987,251361680.08977494,129.77777777777777,"{'DROPOUT': 160, 'END_OF_DATA': 20}",100000000
180,97931770.67212489,97.9317706721249,0.8166666666666667,67.81954453202151,17.74056513792227,208.79968872426608,197931770.6721249,129.77777777777777,"{'DROPOUT': 160, 'END_OF_DATA': 20}",100000000
180,104016568.67308089,104.01656867308088,0.7666666666666667,61.26837768547684,16.09009767631062,199.33972611833786,204016568.67308092,129.77777777777777,"{'DROPOUT': 160, 'END_OF_DATA': 20}",100000000
180,224021086.46551263,224.02108646551264,0.7777777777777778,98.13917007281566,17.74984941794504,285.3763288908179,324021086.46551275,129.77777777777777,"{'DROPOUT': 160, 'END_OF_DATA': 20}",100000000
180,123205239.94451687,123.20523994451686,0.7944444444444444,66.92016594245229,17.942600872946453,200.14727396512725,223205239.9445169,129.77777777777777,"{'DROPOUT': 160, 'END_OF_DATA': 20}",100000000
180,100951748.57179335,100.95174857179335,0.7722222222222223,95.6113977243312,19.063487857372444,358.9101612655649,200951748.57179335,129.77777777777777,"{'DROPOUT': 160, 'END_OF_DATA': 20}",100000000
180,160107198.1349319,160.10719813493188,0.7888888888888889,49.098899841760954,21.215946380252888,97.19445006447071,260107198.13493183,129.77777777777777,"{'DROPOUT': 160, 'END_OF_DATA': 20}",100000000
180,191838666.8552863,191.8386668552863,0.7722222222222223,75.17829932775007,14.784764424716428,277.79381982914566,291838666.8552863,129.77777777777777,"{'DROPOUT': 160, 'END_OF_DATA': 20}",100000000
180,101773116.31106997,101.77311631106996,0.7444444444444445,80.51017468947208,18.22811733816652,238.32630413180303,201773116.31107,129.77777777777777,"{'DROPOUT': 160, 'END_OF_DATA': 20}",100000000
180,112942704.75078723,112.94270475078723,0.7666666666666667,83.8875598386691,12.167302103523534,308.6978002602428,212942704.75078717,129.77777777777777,"{'DROPOUT': 160, 'END_OF_DATA': 20}",100000000
180,220412400.66462594,220.41240066462592,0.8,101.9055622596474,19.734026082066563,360.56435317457976,320412400.66462594,129.77777777777777,"{'DROPOUT': 160, 'END_OF_DATA': 20}",100000000
180,133213944.06473625,133.21394406473627,0.7777777777777778,96.67612012295581,18.425900059113157,281.2887912593066,233213944.06473616,129.77777777777777,"{'DROPOUT': 160, 'END_OF_DATA': 20}",100000000
180,180176521.00861776,180.17652100861775,0.7888888888888889,72.77664376838455,19.525359927620528,232.90266280079908,280176521.00861776,129.77777777777777,"{'DROPOUT': 160, 'END_OF_DATA': 20}",100000000
180,187806945.32504722,187.80694532504722,0.75,77.32754120760318,18.268844817206748,278.9248014415396,287806945.3250473,129.77777777777777,"{'DROPOUT': 160, 'END_OF_DATA': 20}",100000000
180,130059027.61136913,130.05902761136915,0.7666666666666667,71.85123501268923,21.69043656017238,180.60727557715177,230059027.61136916,129.77777777777777,"{'DROPOUT': 160, 'END_OF_DATA': 20}",100000000
180,129577380.6326548,129.5773806326548,0.7611111111111111,95.63463321821953,24.50142117538372,310.4237635161959,229577380.63265476,129.77777777777777,"{'DROPOUT': 160, 'END_OF_DATA': 20}",100000000
180,61384427.22846542,61.38442722846542,0.7388888888888889,81.7013737166287,16.776193677901595,328.94306843961203,161384427.22846547,129.77777777777777,"{'DROPOUT': 160, 'END_OF_DATA': 20}",100000000
180,188174571.82522583,188.17457182522583,0.8333333333333334,82.09896915066889,18.47696504332095,283.269485384409,288174571.8252258,129.77777777777777,"{'DROPOUT': 160, 'END_OF_DATA': 20}",100000000
180,72650541.06703636,72.65054106703636,0.7333333333333333,58.67119344007231,13.743749591082008,216.65842127283304,172650541.06703636,129.77777777777777,"{'DROPOUT': 160, 'END_OF_DATA': 20}",100000000
180,601779968.6204404,601.7799686204404,0.7944444444444444,128.48311868389195,23.873678691402844,401.1151771681208,701779968.6204405,129.77777777777777,"{'DROPOUT': 160, 'END_OF_DATA': 20}",100000000
180,227328829.00292343,227.32882900292344,0.8055555555555556,123.12258290182217,22.04354027184158,372.00625654453864,327328829.00292325,129.77777777777777,"{'DROPOUT': 160, 'END_OF_DATA': 20}",100000000
180,163727591.22236824,163.72759122236823,0.7777777777777778,72.8579702070358,20.140488318348567,188.2833182023464,263727591.22236827,129.77777777777777,"{'DROPOUT': 160, 'END_OF_DATA': 20}",100000000
180,225513699.44401205,225.51369944401202,0.85,112.1814807992134,17.68704963409982,406.7353059459453,325513699.44401187,129.77777777777777,"{'DROPOUT': 160, 'END_OF_DATA': 20}",100000000
180,70032958.2949863,70.03295829498629,0.7555555555555555,113.49418589085624,19.158721338966973,343.25600152790855,170032958.29498628,129.77777777777777,"{'DROPOUT': 160, 'END_OF_DATA': 20}",100000000
180,292163361.7621839,292.1633617621839,0.75,94.44503001487222,18.52016283485045,244.7068012509822,392163361.762184,129.77777777777777,"{'DROPOUT': 160, 'END_OF_DATA': 20}",100000000
180,131257007.22612593,131.25700722612592,0.8333333333333334,134.42266378775514,21.262080168227556,432.5592025849364,231257007.22612584,129.77777777777777,"{'DROPOUT': 160, 'END_OF_DATA': 20}",100000000
180,214947591.69503742,214.9475916950374,0.8166666666666667,100.52973655805827,22.12079061417567,314.7865341723041,314947591.69503725,129.77777777777777,"{'DROPOUT': 160, 'END_OF_DATA': 20}",100000000
180,143200192.28506657,143.20019228506658,0.7611111111111111,76.8298801517789,18.824152618575532,270.29846999500734,243200192.28506663,129.77777777777777,"{'DROPOUT': 160, 'END_OF_DATA': 20}",100000000
180,128886926.21731721,128.8869262173172,0.7722222222222223,114.03529400758751,22.100761587438093,354.61802822713736,228886926.21731716,129.77777777777777,"{'DROPOUT': 160, 'END_OF_DATA': 20}",100000000
180,169509204.97498274,169.50920497498274,0.7888888888888889,75.57446984582936,24.669666436831307,215.2421784542759,269509204.9749829,129.77777777777777,"{'DROPOUT': 160, 'END_OF_DATA': 20}",100000000
180,150268802.23548055,150.26880223548054,0.8222222222222222,74.6937058670878,21.213990383129833,268.06731647747273,250268802.23548067,129.77777777777777,"{'DROPOUT': 160, 'END_OF_DATA': 20}",100000000
180,142531960.56045225,142.53196056045226,0.7777777777777778,90.2077292010231,18.5105370247165,302.7329867054129,242531960.5604522,129.77777777777777,"{'DROPOUT': 160, 'END_OF_DATA': 20}",100000000
180,68543088.45743884,68.54308845743884,0.8111111111111111,87.18631506186006,19.486930693276037,275.8887457511756,168543088.4574389,129.77777777777777,"{'DROPOUT': 160, 'END_OF_DATA': 20}",100000000
180,258261216.8416148,258.26121684161484,0.8111111111111111,76.84905498223826,20.945335312908497,275.040974480168,358261216.8416149,129.77777777777777,"{'DROPOUT': 160, 'END_OF_DATA': 20}",100000000
180,235299831.14328212,235.29983114328212,0.7888888888888889,92.09342352067648,19.9685901429918,327.98046974596934,335299831.14328223,129.77777777777777,"{'DROPOUT': 160, 'END_OF_DATA': 20}",100000000
180,75293976.91552444,75.29397691552444,0.7722222222222223,55.93251792565192,19.99305958843579,191.7738391669136,175293976.9155245,129.77777777777777,"{'DROPOUT': 160, 'END_OF_DATA': 20}",100000000
180,105845585.39821173,105.84558539821174,0.8166666666666667,93.2001069758029,16.61397401443068,335.164941112472,205845585.39821178,129.77777777777777,"{'DROPOUT': 160, 'END_OF_DATA': 20}",100000000
180,272105516.58743995,272.1055165874399,0.8,92.98768748990054,23.5924124786697,281.30538568596364,372105516.5874399,129.77777777777777,"{'DROPOUT': 160, 'END_OF_DATA': 20}",100000000
180,127625778.85969333,127.62577885969333,0.7833333333333333,93.07845515630619,19.864009267876632,290.73161546147736,227625778.85969338,129.77777777777777,"{'DROPOUT': 160, 'END_OF_DATA': 20}",100000000
180,141458313.46694565,141.45831346694564,0.7722222222222223,79.00089533339964,22.59223281826946,206.6888839619778,241458313.46694553,129.77777777777777,"{'DROPOUT': 160, 'END_OF_DATA': 20}",100000000
180,85807259.48682484,85.80725948682483,0.8,91.43031922593231,18.931103905110028,331.58596680193176,185807259.48682478,129.77777777777777,"{'DROPOUT': 160, 'END_OF_DATA': 20}",100000000
180,101290560.81887206,101.29056081887207,0.7111111111111111,71.08050641100822,13.874648621887296,253.82139947703809,201290560.81887212,129.77777777777777,"{'DROPOUT': 160, 'END_OF_DATA': 20}",100000000
180,236274703.18083107,236.27470318083107,0.7833333333333333,85.62533308037499,13.063490060391548,281.0283089846864,336274703.18083096,129.77777777777777,"{'DROPOUT': 160, 'END_OF_DATA': 20}",100000000
180,92339834.81493208,92.33983481493208,0.7555555555555555,131.9852644856844,17.51509503812247,452.3321074212825,192339834.81493214,129.77777777777777,"{'DROPOUT': 160, 'END_OF_DATA': 20}",100000000
180,115021254.05647291,115.02125405647293,0.7444444444444445,79.91200789314837,13.444443433373156,236.83291089993878,215021254.05647296,129.77777777777777,"{'DROPOUT': 160, 'END_OF_DATA': 20}",100000000
180,205779035.6836106,205.77903568361057,0.7777777777777778,53.64797876200826,17.637984934433042,162.21479225931088,305779035.68361044,129.77777777777777,"{'DROPOUT': 160, 'END_OF_DATA': 20}",100000000
180,387775663.6619101,387.77566366191013,0.75,102.2007568597474,12.860767336224212,373.1423293464279,487775663.66191,129.77777777777777,"{'DROPOUT': 160, 'END_OF_DATA': 20}",100000000
180,288669481.0328905,288.66948103289053,0.8222222222222222,92.08563539862884,18.256839476725066,272.0200068820821,388669481.03289056,129.77777777777777,"{'DROPOUT': 160, 'END_OF_DATA': 20}",100000000
180,231825868.71541834,231.82586871541835,0.8055555555555556,139.11078929743672,22.366412871568656,412.0820779897078,331825868.71541834,129.77777777777777,"{'DROPOUT': 160, 'END_OF_DATA': 20}",100000000
180,244242136.32762867,244.24213632762869,0.7611111111111111,72.53027442396753,20.95925848681502,242.1610729071359,344242136.32762873,129.77777777777777,"{'DROPOUT': 160, 'END_OF_DATA': 20}",100000000
180,340051749.83063555,340.0517498306356,0.7277777777777777,101.62758081292935,16.54308759830246,283.27001972312934,440051749.8306355,129.77777777777777,"{'DROPOUT': 160, 'END_OF_DATA': 20}",100000000
180,85228789.70465568,85.22878970465567,0.7777777777777778,50.015476482108674,19.11386132201651,100.07125313019178,185228789.70465574,129.77777777777777,"{'DROPOUT': 160, 'END_OF_DATA': 20}",100000000
180,169771775.328964,169.771775328964,0.7611111111111111,88.93688183909912,18.237837785086878,344.0135424834002,269771775.328964,129.77777777777777,"{'DROPOUT': 160, 'END_OF_DATA': 20}",100000000
180,117377524.0677249,117.3775240677249,0.7888888888888889,73.66245568558011,24.402345794299734,266.2292907442508,217377524.06772485,129.77777777777777,"{'DROPOUT': 160, 'END_OF_DATA': 20}",100000000
180,218822692.73912948,218.82269273912948,0.8111111111111111,88.99822961971338,17.302798089216427,285.2259372320018,318822692.73912954,129.77777777777777,"{'DROPOUT': 160, 'END_OF_DATA': 20}",100000000
180,72171426.30359983,72.17142630359984,0.7777777777777778,56.07446211448498,18.706692121974964,116.22732679217383,172171426.30359986,129.77777777777777,"{'DROPOUT': 160, 'END_OF_DATA': 20}",100000000
180,78309435.47596651,78.30943547596651,0.7611111111111111,30.104455715259757,11.99457941233923,44.98218184963786,178309435.47596654,129.77777777777777,"{'DROPOUT': 160, 'END_OF_DATA': 20}",100000000
180,366907306.82368547,366.9073068236855,0.7166666666666667,113.25203946768109,14.291006421285962,405.8070452537903,466907306.8236853,129.77777777777777,"{'DROPOUT': 160, 'END_OF_DATA': 20}",100000000
180,447103852.2184229,447.1038522184229,0.7611111111111111,123.92638881321832,19.812928099708543,400.03492650040533,547103852.2184227,129.77777777777777,"{'DROPOUT': 160, 'END_OF_DATA': 20}",100000000
180,101080553.70960218,101.08055370960219,0.7555555555555555,54.079748829010896,13.573909899690726,126.40003028311394,201080553.7096022,129.77777777777777,"{'DROPOUT': 160, 'END_OF_DATA': 20}",100000000
180,96693868.6679312,96.6938686679312,0.7888888888888889,42.84760308957467,15.420806566086682,95.98332768821338,196693868.66793105,129.77777777777777,"{'DROPOUT': 160, 'END_OF_DATA': 20}",100000000
180,90632593.1726974,90.6325931726974,0.7722222222222223,108.51874605835803,13.884666902378953,388.1359998173396,190632593.17269742,129.77777777777777,"{'DROPOUT': 160, 'END_OF_DATA': 20}",100000000
180,151719087.46466243,151.71908746466244,0.7277777777777777,87.69089147537477,15.81021780664351,287.07827315386015,251719087.46466237,129.77777777777777,"{'DROPOUT': 160, 'END_OF_DATA': 20}",100000000
180,79403899.0594469,79.4038990594469,0.8166666666666667,61.46778000883531,15.583329201834129,177.31259169012992,179403899.05944696,129.77777777777777,"{'DROPOUT': 160, 'END_OF_DATA': 20}",100000000
180,245319516.45619214,245.31951645619213,0.7277777777777777,86.34430724057253,11.931283680987587,337.43998491669737,345319516.4561921,129.77777777777777,"{'DROPOUT': 160, 'END_OF_DATA': 20}",100000000
180,173966508.05820364,173.96650805820363,0.7611111111111111,90.65540265479454,13.058306605636027,297.4107257806048,273966508.0582038,129.77777777777777,"{'DROPOUT': 160, 'END_OF_DATA': 20}",100000000
180,220911182.9522534,220.91118295225337,0.75,74.51574842578854,19.726483946918187,280.80760875578784,320911182.9522534,129.77777777777777,"{'DROPOUT': 160, 'END_OF_DATA': 20}",100000000
180,199613691.348015,199.613691348015,0.8444444444444444,108.44382816392742,21.771305439958468,361.84016763183615,299613691.34801495,129.77777777777777,"{'DROPOUT': 160, 'END_OF_DATA': 20}",100000000
180,121163729.92553248,121.16372992553248,0.8277777777777777,69.67350880520719,18.049610442049527,258.7383185655652,221163729.92553255,129.77777777777777,"{'DROPOUT': 160, 'END_OF_DATA': 20}",100000000
180,148129271.72861707,148.12927172861708,0.8277777777777777,105.52549175343239,23.497352255248618,349.18420030716453,248129271.728617,129.77777777777777,"{'DROPOUT': 160, 'END_OF_DATA': 20}",100000000
180,94581105.48266807,94.58110548266806,0.7833333333333333,84.4444329976788,21.351322455199217,267.1097042773241,194581105.48266807,129.77777777777777,"{'DROPOUT': 160, 'END_OF_DATA': 20}",100000000
180,119883720.6014585,119.8837206014585,0.7777777777777778,67.10360466894288,14.54926535048321,248.98930774768746,219883720.6014584,129.77777777777777,"{'DROPOUT': 160, 'END_OF_DATA': 20}",100000000
180,113709289.06651014,113.70928906651014,0.7444444444444445,90.21109513428763,18.101873782427305,324.48375289475865,213709289.06651008,129.77777777777777,"{'DROPOUT': 160, 'END_OF_DATA': 20}",100000000
180,311226614.50360036,311.2266145036004,0.7833333333333333,119.32727749958077,23.234389860529376,326.7898928919255,411226614.5036004,129.77777777777777,"{'DROPOUT': 160, 'END_OF_DATA': 20}",100000000
180,168943453.78157365,168.94345378157365,0.7944444444444444,127.22513686900194,20.268003374089325,374.98436364003743,268943453.7815737,129.77777777777777,"{'DROPOUT': 160, 'END_OF_DATA': 20}",100000000
180,236713693.19905925,236.71369319905926,0.7666666666666667,87.8366947350284,16.89587891528729,276.2048747324467,336713693.19905925,129.77777777777777,"{'DROPOUT': 160, 'END_OF_DATA': 20}",100000000
180,208729713.4199505,208.72971341995049,0.7777777777777778,83.1707421108258,14.676187848139683,332.961945223969,308729713.41995037,129.77777777777777,"{'DROPOUT': 160, 'END_OF_DATA': 20}",100000000
180,80741402.26067951,80.74140226067952,0.8444444444444444,145.32529176263807,27.73803262252558,443.3409036243244,180741402.2606795,129.77777777777777,"{'DROPOUT': 160, 'END_OF_DATA': 20}",100000000
180,118015348.87529987,118.01534887529988,0.7777777777777778,52.44970369844027,15.977591681439804,110.04345392784273,218015348.87529987,129.77777777777777,"{'DROPOUT': 160, 'END_OF_DATA': 20}",100000000
180,110466003.51629075,110.46600351629074,0.7666666666666667,87.84428226136075,15.028957715222035,331.417063550279,210466003.51629087,129.77777777777777,"{'DROPOUT': 160, 'END_OF_DATA': 20}",100000000
180,153666180.97748268,153.66618097748267,0.7611111111111111,73.77534366340784,16.447367977672894,227.66750415930898,253666180.97748262,129.77777777777777,"{'DROPOUT': 160, 'END_OF_DATA': 20}",100000000
180,258995697.696159,258.995697696159,0.7777777777777778,103.59548040382312,12.511826434219625,379.0747678685673,358995697.6961591,129.77777777777777,"{'DROPOUT': 160, 'END_OF_DATA': 20}",100000000
180,223045899.86642957,223.04589986642958,0.7111111111111111,100.15815762190628,16.44903142706962,316.92862096265145,323045899.8664296,129.77777777777777,"{'DROPOUT': 160, 'END_OF_DATA': 20}",100000000
180,91039113.72115755,91.03911372115755,0.7777777777777778,66.85892906017934,17.509108710132306,219.8511377793988,191039113.72115764,129.77777777777777,"{'DROPOUT': 160, 'END_OF_DATA': 20}",100000000
180,387739632.3940476,387.73963239404765,0.8222222222222222,98.32710674459425,17.6426784702841,307.5976872228516,487739632.3940477,129.77777777777777,"{'DROPOUT': 160, 'END_OF_DATA': 20}",100000000
180,71904352.52132666,71.90435252132666,0.7555555555555555,67.31607674894013,16.848785053478004,224.1666842300463,171904352.5213266,129.77777777777777,"{'DROPOUT': 160, 'END_OF_DATA': 20}",100000000
180,110624448.07902712,110.62444807902712,0.8388888888888889,99.80964175729144,23.91998022474442,328.2734490343545,210624448.0790272,129.77777777777777,"{'DROPOUT': 160, 'END_OF_DATA': 20}",100000000
180,107850225.19994888,107.85022519994887,0.8,100.22070654059547,22.184105322704298,307.1632570892243,207850225.19994894,129.77777777777777,"{'DROPOUT': 160, 'END_OF_DATA': 20}",100000000
180,133301106.89750585,133.30110689750586,0.7555555555555555,101.2752245945358,22.06614786109811,327.0135965196325,233301106.89750585,129.77777777777777,"{'DROPOUT': 160, 'END_OF_DATA': 20}",100000000
180,94956718.50153075,94.95671850153076,0.7333333333333333,97.73826020228191,17.829293180826873,341.25606082360036,194956718.50153068,129.77777777777777,"{'DROPOUT': 160, 'END_OF_DATA': 20}",100000000
180,254082882.66806695,254.08288266806696,0.7722222222222223,92.45425925651139,21.612940427914843,292.5157380061759,354082882.66806716,129.77777777777777,"{'DROPOUT': 160, 'END_OF_DATA': 20}",100000000
180,259024134.06582808,259.0241340658281,0.7722222222222223,108.80484552027754,15.948505549343306,403.19546414847264,359024134.065828,129.77777777777777,"{'DROPOUT': 160, 'END_OF_DATA': 20}",100000000
180,171742450.58760697,171.74245058760698,0.7333333333333333,58.54507464942422,14.340181836150794,173.69910175527858,271742450.58760697,129.77777777777777,"{'DROPOUT': 160, 'END_OF_DATA': 20}",100000000
180,59892492.33713385,59.89249233713385,0.7777777777777778,50.099437357995356,16.472868401260847,103.1113448199818,159892492.33713385,129.77777777777777,"{'DROPOUT': 160, 'END_OF_DATA': 20}",100000000
180,179342960.9401136,179.34296094011358,0.7555555555555555,92.91476681857255,17.598802387996837,279.2715953559909,279342960.9401136,129.77777777777777,"{'DROPOUT': 160, 'END_OF_DATA': 20}",100000000
180,72808545.10462697,72.80854510462696,0.7444444444444445,48.005693631014985,14.737458127230674,130.19300105452982,172808545.10462695,129.77777777777777,"{'DROPOUT': 160, 'END_OF_DATA': 20}",100000000
180,306161972.59467477,306.16197259467475,0.7944444444444444,105.96088920337269,18.86774562537216,346.1820935079108,406161972.59467465,129.77777777777777,"{'DROPOUT': 160, 'END_OF_DATA': 20}",100000000
180,375672281.30451,375.67228130451,0.7833333333333333,144.86572682599504,20.967746867292988,454.6933195305213,475672281.30451,129.77777777777777,"{'DROPOUT': 160, 'END_OF_DATA': 20}",100000000
180,270314308.0178864,270.3143080178864,0.8055555555555556,130.32744309826913,25.915656457778905,372.02994984660864,370314308.0178865,129.77777777777777,"{'DROPOUT': 160, 'END_OF_DATA': 20}",100000000
180,125523495.8750209,125.5234958750209,0.7666666666666667,89.64160143686338,18.705435544454474,314.04153402965846,225523495.8750208,129.77777777777777,"{'DROPOUT': 160, 'END_OF_DATA': 20}",100000000
180,206374033.08416617,206.37403308416617,0.8111111111111111,143.99927863148832,24.205947274247066,457.6816994777591,306374033.0841661,129.77777777777777,"{'DROPOUT': 160, 'END_OF_DATA': 20}",100000000
180,140313908.9979732,140.31390899797321,0.8222222222222222,111.55326737013529,21.75687132940388,357.8799549295226,240313908.9979732,129.77777777777777,"{'DROPOUT': 160, 'END_OF_DATA': 20}",100000000
180,248846608.00189158,248.84660800189158,0.7944444444444444,112.05066238686572,16.285110714065794,388.96142154253664,348846608.00189155,129.77777777777777,"{'DROPOUT': 160, 'END_OF_DATA': 20}",100000000
180,80333913.11182237,80.33391311182237,0.6888888888888889,62.57103876418414,12.726756928457853,213.16020978993262,180333913.11182246,129.77777777777777,"{'DROPOUT': 160, 'END_OF_DATA': 20}",100000000
180,65791605.12458809,65.79160512458809,0.8055555555555556,73.04760242531377,13.404945545177181,264.61027039629425,165791605.12458804,129.77777777777777,"{'DROPOUT': 160, 'END_OF_DATA': 20}",100000000
180,106451727.26692021,106.4517272669202,0.7888888888888889,74.04499610476343,19.79052901181847,270.52441110858604,206451727.2669201,129.77777777777777,"{'DROPOUT': 160, 'END_OF_DATA': 20}",100000000
180,84981448.5712366,84.9814485712366,0.7722222222222223,66.35241645262502,17.134593415761813,209.4291581940405,184981448.57123667,129.77777777777777,"{'DROPOUT': 160, 'END_OF_DATA': 20}",100000000
180,218012056.06116554,218.01205606116554,0.7388888888888889,54.57642856813304,14.238448029956352,202.8638620056257,318012056.0611655,129.77777777777777,"{'DROPOUT': 160, 'END_OF_DATA': 20}",100000000
180,311690103.5675366,311.6901035675366,0.8,109.66117286347301,16.464041737210064,322.5640949355487,411690103.56753665,129.77777777777777,"{'DROPOUT': 160, 'END_OF_DATA': 20}",100000000
180,94163230.25262925,94.16323025262925,0.8166666666666667,66.21800714937834,18.20615856902338,175.95188913271153,194163230.2526292,129.77777777777777,"{'DROPOUT': 160, 'END_OF_DATA': 20}",100000000
180,136997957.75659934,136.99795775659933,0.8055555555555556,70.96277637281601,19.116113696343334,220.63947368251246,236997957.75659934,129.77777777777777,"{'DROPOUT': 160, 'END_OF_DATA': 20}",100000000
180,346267658.96176803,346.267658961768,0.8055555555555556,122.46309611427492,23.866278413489475,379.9301496455921,446267658.9617678,129.77777777777777,"{'DROPOUT': 160, 'END_OF_DATA': 20}",100000000
180,140976907.47285628,140.97690747285628,0.8333333333333334,120.13839973424915,23.71370193335339,368.58246735896853,240976907.47285622,129.77777777777777,"{'DROPOUT': 160, 'END_OF_DATA': 20}",100000000
180,172568804.22205415,172.56880422205415,0.7888888888888889,86.84110595561143,18.663719199450593,202.46264655002767,272568804.22205424,129.77777777777777,"{'DROPOUT': 160, 'END_OF_DATA': 20}",100000000
180,235808970.23409915,235.80897023409918,0.7555555555555555,86.98927867581875,19.552025682973422,263.5930709807508,335808970.23409903,129.77777777777777,"{'DROPOUT': 160, 'END_OF_DATA': 20}",100000000
180,94917779.6128654,94.9177796128654,0.7666666666666667,43.45031716314773,17.289401676378766,92.35738104603418,194917779.6128653,129.77777777777777,"{'DROPOUT': 160, 'END_OF_DATA': 20}",100000000
180,211958701.14100698,211.958701141007,0.75,59.49166163011645,20.363405223669822,199.30701978711977,311958701.141007,129.77777777777777,"{'DROPOUT': 160, 'END_OF_DATA': 20}",100000000
180,195379192.35345742,195.37919235345743,0.8055555555555556,124.8087325774151,19.0238088617159,421.6616951938977,295379192.3534574,129.77777777777777,"{'DROPOUT': 160, 'END_OF_DATA': 20}",100000000
180,112661973.67663753,112.66197367663753,0.8,85.51215183424894,23.509513770627265,267.3898003859783,212661973.6766376,129.77777777777777,"{'DROPOUT': 160, 'END_OF_DATA': 20}",100000000
180,70864108.3969137,70.86410839691371,0.7722222222222223,95.61430986364039,16.531828148729467,332.0448742097719,170864108.39691365,129.77777777777777,"{'DROPOUT': 160, 'END_OF_DATA': 20}",100000000
180,217051827.4795668,217.05182747956678,0.8222222222222222,98.52577746503711,18.112714898110234,308.9075738250362,317051827.47956693,129.77777777777777,"{'DROPOUT': 160, 'END_OF_DATA': 20}",100000000
180,450561998.61759293,450.56199861759296,0.7777777777777778,139.30990046007582,16.718422522818962,442.075236341538,550561998.6175928,129.77777777777777,"{'DROPOUT': 160, 'END_OF_DATA': 20}",100000000
180,57002311.02121,57.00231102121,0.8333333333333334,75.25431523506059,22.77108982525127,184.0736407755268,157002311.0212099,129.77777777777777,"{'DROPOUT': 160, 'END_OF_DATA': 20}",100000000
180,366545036.8399019,366.5450368399019,0.8388888888888889,77.74971464440829,25.41322351765979,187.07693697522296,466545036.83990186,129.77777777777777,"{'DROPOUT': 160, 'END_OF_DATA': 20}",100000000
180,334216421.26317793,334.21642126317795,0.7777777777777778,98.30848261512433,24.05420162556934,313.8294093356249,434216421.26317775,129.77777777777777,"{'DROPOUT': 160, 'END_OF_DATA': 20}",100000000
180,85493643.95979448,85.49364395979447,0.8055555555555556,69.86355962696837,21.158347291237575,218.5831836058006,185493643.9597945,129.77777777777777,"{'DROPOUT': 160, 'END_OF_DATA': 20}",100000000
180,210963358.68174052,210.96335868174054,0.7666666666666667,88.19188418588985,21.59536290985617,257.6103778275857,310963358.68174064,129.77777777777777,"{'DROPOUT': 160, 'END_OF_DATA': 20}",100000000
180,111903642.6776534,111.90364267765341,0.8,104.8081030247913,18.55058840797107,306.98135261165896,211903642.6776534,129.77777777777777,"{'DROPOUT': 160, 'END_OF_DATA': 20}",100000000
180,340050893.6546129,340.0508936546129,0.7555555555555555,87.93012748772958,19.13415148899115,254.99268048434072,440050893.65461284,129.77777777777777,"{'DROPOUT': 160, 'END_OF_DATA': 20}",100000000
180,376923184.5408758,376.9231845408758,0.7833333333333333,93.08472877640104,19.616908091750922,326.4129196511577,476923184.5408756,129.77777777777777,"{'DROPOUT': 160, 'END_OF_DATA': 20}",100000000
180,187804298.58185172,187.80429858185173,0.7888888888888889,87.815947666929,20.647457443077787,251.56198394820677,287804298.5818518,129.77777777777777,"{'DROPOUT': 160, 'END_OF_DATA': 20}",100000000
180,172630069.2826532,172.6300692826532,0.85,118.12375378137135,21.340426402133176,361.7971072983522,272630069.2826532,129.77777777777777,"{'DROPOUT': 160, 'END_OF_DATA': 20}",100000000
180,125415566.25474757,125.41556625474757,0.7611111111111111,85.75249248281372,18.807009846574566,328.8023131705564,225415566.25474757,129.77777777777777,"{'DROPOUT': 160, 'END_OF_DATA': 20}",100000000
180,94978045.86494383,94.97804586494382,0.7777777777777778,53.35016574081211,16.68239962609907,122.17352356745394,194978045.8649438,129.77777777777777,"{'DROPOUT': 160, 'END_OF_DATA': 20}",100000000
180,279615537.2540503,279.6155372540503,0.7333333333333333,88.498959957779,16.78034663071802,292.57337320813645,379615537.25405043,129.77777777777777,"{'DROPOUT': 160, 'END_OF_DATA': 20}",100000000
180,366110881.6292325,366.11088162923255,0.7777777777777778,129.5641321473595,20.57822191685343,378.09857021226367,466110881.6292325,129.77777777777777,"{'DROPOUT': 160, 'END_OF_DATA': 20}",100000000
180,264900103.26116398,264.90010326116396,0.8166666666666667,94.6364414471286,17.22556557471782,341.77656607825764,364900103.26116395,129.77777777777777,"{'DROPOUT': 160, 'END_OF_DATA': 20}",100000000
180,128784981.2019683,128.78498120196832,0.75,84.33959253614535,17.256875198764266,309.23401186522426,228784981.20196843,129.77777777777777,"{'DROPOUT': 160, 'END_OF_DATA': 20}",100000000
180,165849801.29262286,165.84980129262286,0.8055555555555556,78.31186263700991,21.810823614581395,234.89677633639184,265849801.29262286,129.77777777777777,"{'DROPOUT': 160, 'END_OF_DATA': 20}",100000000
180,302132121.3906543,302.13212139065433,0.7777777777777778,119.42995290298875,20.250389639705553,402.72819175396944,402132121.3906542,129.77777777777777,"{'DROPOUT': 160, 'END_OF_DATA': 20}",100000000
180,180475013.28748932,180.4750132874893,0.7555555555555555,71.11045812881683,15.814109584774549,227.83160560104523,280475013.2874895,129.77777777777777,"{'DROPOUT': 160, 'END_OF_DATA': 20}",100000000
180,316305419.20461446,316.30541920461445,0.7388888888888889,88.09461295715131,16.4063905317278,293.8593081385189,416305419.2046146,129.77777777777777,"{'DROPOUT': 160, 'END_OF_DATA': 20}",100000000
180,177641515.48473823,177.64151548473822,0.7722222222222223,103.09756584365148,15.70979058743124,378.0949736958115,277641515.4847382,129.77777777777777,"{'DROPOUT': 160, 'END_OF_DATA': 20}",100000000
180,274633159.3212761,274.63315932127614,0.75,89.48205945767813,17.94872069510268,290.51766461686105,374633159.3212762,129.77777777777777,"{'DROPOUT': 160, 'END_OF_DATA': 20}",100000000
180,483127940.95965195,483.127940959652,0.8111111111111111,128.89852584825883,21.671388188399767,418.43864141527496,583127940.9596517,129.77777777777777,"{'DROPOUT': 160, 'END_OF_DATA': 20}",100000000
180,172654149.9830702,172.6541499830702,0.7944444444444444,55.29570279881812,17.03149950428942,127.5444639428149,272654149.9830702,129.77777777777777,"{'DROPOUT': 160, 'END_OF_DATA': 20}",100000000
180,85404712.59577085,85.40471259577085,0.8166666666666667,95.20684759354783,17.18478621373004,350.7148381428927,185404712.59577075,129.77777777777777,"{'DROPOUT': 160, 'END_OF_DATA': 20}",100000000
180,244980735.75020143,244.98073575020146,0.8055555555555556,87.41126477437005,20.726674372458092,296.64719668145085,344980735.7502014,129.77777777777777,"{'DROPOUT': 160, 'END_OF_DATA': 20}",100000000
180,188919429.08256057,188.91942908256055,0.7222222222222222,69.67326628254946,12.586943327439851,270.8241904609464,288919429.08256066,129.77777777777777,"{'DROPOUT': 160, 'END_OF_DATA': 20}",100000000
180,373516698.8547778,373.5166988547778,0.7777777777777778,111.87022923587354,20.680435053431886,364.5177209440537,473516698.8547777,129.77777777777777,"{'DROPOUT': 160, 'END_OF_DATA': 20}",100000000
180,151328145.88679117,151.32814588679116,0.8055555555555556,90.94488417737476,26.484051124105612,277.1372000295174,251328145.88679123,129.77777777777777,"{'DROPOUT': 160, 'END_OF_DATA': 20}",100000000
180,274099396.6122417,274.09939661224166,0.7666666666666667,116.68794375056419,19.074376117499362,387.77972883068725,374099396.61224174,129.77777777777777,"{'DROPOUT': 160, 'END_OF_DATA': 20}",100000000
180,244091573.33638096,244.09157333638097,0.7888888888888889,100.62611998248494,22.794876705625384,340.07226110708433,344091573.3363811,129.77777777777777,"{'DROPOUT': 160, 'END_OF_DATA': 20}",100000000
180,130213378.24169712,130.21337824169711,0.7833333333333333,80.3685030937355,15.589570928225431,266.050558438386,230213378.24169716,129.77777777777777,"{'DROPOUT': 160, 'END_OF_DATA': 20}",100000000
180,165150262.43755946,165.15026243755946,0.7888888888888889,83.51853658069179,22.71936350109091,257.61399907452767,265150262.4375595,129.77777777777777,"{'DROPOUT': 160, 'END_OF_DATA': 20}",100000000
180,133625663.22990078,133.62566322990077,0.7777777777777778,117.92256484007123,19.916998719436357,374.79452602721466,233625663.22990066,129.77777777777777,"{'DROPOUT': 160, 'END_OF_DATA': 20}",100000000
180,201824418.6446053,201.8244186446053,0.7666666666666667,90.18203181176798,22.144349098588116,265.978114643111,301824418.6446054,129.77777777777777,"{'DROPOUT': 160, 'END_OF_DATA': 20}",100000000
180,432613779.0624212,432.61377906242126,0.8166666666666667,136.41568252804294,20.833266752538115,449.62024704560207,532613779.0624211,129.77777777777777,"{'DROPOUT': 160, 'END_OF_DATA': 20}",100000000
180,233568491.58387643,233.56849158387644,0.7722222222222223,117.83651934548269,18.48436843587887,400.28989199299417,333568491.5838765,129.77777777777777,"{'DROPOUT': 160, 'END_OF_DATA': 20}",100000000
180,201668789.3527503,201.6687893527503,0.7722222222222223,79.75888944007043,17.99626602456523,270.3357422557389,301668789.3527504,129.77777777777777,"{'DROPOUT': 160, 'END_OF_DATA': 20}",100000000
180,113614619.76999095,113.61461976999094,0.7611111111111111,101.03681077822685,18.86520936137794,335.8404320065114,213614619.76999095,129.77777777777777,"{'DROPOUT': 160, 'END_OF_DATA': 20}",100000000
180,354724500.30759704,354.72450030759705,0.7555555555555555,110.06337748159733,20.385899882855156,343.42314269049007,454724500.30759704,129.77777777777777,"{'DROPOUT': 160, 'END_OF_DATA': 20}",100000000
180,112720601.3146021,112.7206013146021,0.7555555555555555,96.739075617381,14.555922533861597,348.41990049817974,212720601.3146021,129.77777777777777,"{'DROPOUT': 160, 'END_OF_DATA': 20}",100000000
180,132347458.83482397,132.34745883482398,0.8166666666666667,67.27750812298822,20.598001881000194,227.89786052997874,232347458.83482403,129.77777777777777,"{'DROPOUT': 160, 'END_OF_DATA': 20}",100000000
180,142776262.81508803,142.77626281508805,0.8388888888888889,95.15742142311481,23.458997052478864,327.7443750662367,242776262.815088,129.77777777777777,"{'DROPOUT': 160, 'END_OF_DATA': 20}",100000000
180,78824524.29884912,78.82452429884911,0.7833333333333333,107.59124090267352,19.116295227903194,370.0169979225626,178824524.29884908,129.77777777777777,"{'DROPOUT': 160, 'END_OF_DATA': 20}",100000000
180,236043619.28870165,236.04361928870165,0.7666666666666667,123.42172415103322,21.72014771174382,407.12320258671554,336043619.28870153,129.77777777777777,"{'DROPOUT': 160, 'END_OF_DATA': 20}",100000000
180,232792270.90566236,232.79227090566238,0.8111111111111111,88.4313348028284,22.749326006675364,266.7082827442987,332792270.90566206,129.77777777777777,"{'DROPOUT': 160, 'END_OF_DATA': 20}",100000000
180,263167932.418385,263.167932418385,0.8222222222222222,79.50689995998471,20.634310655491138,198.2307315735809,363167932.4183849,129.77777777777777,"{'DROPOUT': 160, 'END_OF_DATA': 20}",100000000
180,133750151.32600507,133.75015132600507,0.7833333333333333,72.57072608802808,20.107762785993806,222.8817031867818,233750151.3260051,129.77777777777777,"{'DROPOUT': 160, 'END_OF_DATA': 20}",100000000
180,127418966.55103126,127.41896655103126,0.8166666666666667,92.19417148555814,19.36851349863185,341.24268108186783,227418966.5510312,129.77777777777777,"{'DROPOUT': 160, 'END_OF_DATA': 20}",100000000
180,150423879.12911403,150.42387912911403,0.8111111111111111,55.79332794541035,20.88045554487286,143.4103218581327,250423879.12911385,129.77777777777777,"{'DROPOUT': 160, 'END_OF_DATA': 20}",100000000
180,317924895.3149077,317.92489531490776,0.7666666666666667,82.9505983888893,18.09090462105334,310.25583830533225,417924895.314908,129.77777777777777,"{'DROPOUT': 160, 'END_OF_DATA': 20}",100000000
180,137748835.01267362,137.74883501267362,0.7944444444444444,59.71806761066662,22.922211848028233,173.92663846787016,237748835.01267365,129.77777777777777,"{'DROPOUT': 160, 'END_OF_DATA': 20}",100000000
180,109082818.22895944,109.08281822895944,0.7888888888888889,114.26567294394175,20.438138726098988,378.9446594433933,209082818.2289593,129.77777777777777,"{'DROPOUT': 160, 'END_OF_DATA': 20}",100000000
180,196261301.08051032,196.26130108051032,0.8166666666666667,57.73971341073036,16.975308125226036,139.83905051894936,296261301.08051026,129.77777777777777,"{'DROPOUT': 160, 'END_OF_DATA': 20}",100000000
180,91111745.40021802,91.11174540021803,0.7666666666666667,80.69482923547007,16.990298436548553,285.54614926274104,191111745.400218,129.77777777777777,"{'DROPOUT': 160, 'END_OF_DATA': 20}",100000000
180,239614903.60461837,239.61490360461838,0.8,88.29873062765164,21.14667252215453,287.53319772937766,339614903.60461813,129.77777777777777,"{'DROPOUT': 160, 'END_OF_DATA': 20}",100000000
180,95430916.81161949,95.4309168116195,0.8166666666666667,73.36774122266823,23.86847992043935,267.7943636578305,195430916.8116194,129.77777777777777,"{'DROPOUT': 160, 'END_OF_DATA': 20}",100000000
180,113894243.00279081,113.8942430027908,0.75,61.26718918687958,17.882114457254737,140.1103689593463,213894243.00279087,129.77777777777777,"{'DROPOUT': 160, 'END_OF_DATA': 20}",100000000
180,362666168.2805377,362.6661682805377,0.7722222222222223,129.39286861616338,22.529087446541066,404.0484136765125,462666168.28053784,129.77777777777777,"{'DROPOUT': 160, 'END_OF_DATA': 20}",100000000
180,166208425.1994819,166.20842519948192,0.7777777777777778,113.13150024855307,20.981184580717105,339.8868307184585,266208425.19948173,129.77777777777777,"{'DROPOUT': 160, 'END_OF_DATA': 20}",100000000
180,210093141.09938508,210.09314109938506,0.8277777777777777,98.90296486367014,19.99999552965174,372.14506749892035,310093141.0993851,129.77777777777777,"{'DROPOUT': 160, 'END_OF_DATA': 20}",100000000
180,269034574.98503125,269.0345749850312,0.7722222222222223,87.431323505984,22.862852132384013,251.10093541018367,369034574.9850313,129.77777777777777,"{'DROPOUT': 160, 'END_OF_DATA': 20}",100000000
180,96303408.37576579,96.30340837576578,0.8111111111111111,91.78023332896856,24.17034749136741,290.8819523538892,196303408.3757659,129.77777777777777,"{'DROPOUT': 160, 'END_OF_DATA': 20}",100000000
180,185251085.1620456,185.2510851620456,0.8222222222222222,81.47465810819737,16.240218530133657,242.66612512385376,285251085.16204566,129.77777777777777,"{'DROPOUT': 160, 'END_OF_DATA': 20}",100000000
180,197961785.4359175,197.9617854359175,0.7555555555555555,118.53752238379825,19.55072694405541,388.902476289839,297961785.4359175,129.77777777777777,"{'DROPOUT': 160, 'END_OF_DATA': 20}",100000000
180,242921503.51024705,242.92150351024705,0.7722222222222223,108.66166729682358,21.239775965395857,348.9722928203035,342921503.5102469,129.77777777777777,"{'DROPOUT': 160, 'END_OF_DATA': 20}",100000000
180,211892462.07596958,211.8924620759696,0.8111111111111111,94.03238906839427,16.557876919287644,345.5253109012258,311892462.0759697,129.77777777777777,"{'DROPOUT': 160, 'END_OF_DATA': 20}",100000000
180,215505379.99782455,215.50537999782455,0.7666666666666667,121.12381532061123,20.316672803765172,401.32882439498076,315505379.9978245,129.77777777777777,"{'DROPOUT': 160, 'END_OF_DATA': 20}",100000000
180,257961062.91206694,257.96106291206695,0.7888888888888889,94.99876720582971,20.958139208030808,327.4982532030343,357961062.9120669,129.77777777777777,"{'DROPOUT': 160, 'END_OF_DATA': 20}",100000000
180,228337981.23314872,228.33798123314875,0.7611111111111111,84.23905536992531,15.707986674026197,293.7629385494301,328337981.233149,129.77777777777777,"{'DROPOUT': 160, 'END_OF_DATA': 20}",100000000
180,166661695.79363918,166.66169579363918,0.8,134.30181044134503,18.868266511884627,398.58721319676823,266661695.79363927,129.77777777777777,"{'DROPOUT': 160, 'END_OF_DATA': 20}",100000000
180,277738273.4396038,277.7382734396038,0.7833333333333333,127.16586297936895,21.90934518465108,410.0216669335779,377738273.4396039,129.77777777777777,"{'DROPOUT': 160, 'END_OF_DATA': 20}",100000000
180,116945173.84285873,116.94517384285874,0.7944444444444444,54.15297714294209,20.571342632874305,195.70123220760948,216945173.8428587,129.77777777777777,"{'DROPOUT': 160, 'END_OF_DATA': 20}",100000000
180,329252740.2288171,329.2527402288171,0.7611111111111111,92.68394295084096,14.831620479456014,300.4807484913923,429252740.2288169,129.77777777777777,"{'DROPOUT': 160, 'END_OF_DATA': 20}",100000000
180,72844554.46988975,72.84455446988974,0.8111111111111111,70.61966918449484,18.46414607732025,227.9502971322028,172844554.46988973,129.77777777777777,"{'DROPOUT': 160, 'END_OF_DATA': 20}",100000000
180,126510531.56487712,126.51053156487713,0.7666666666666667,70.33399667797477,15.923704463221558,272.2089031134103,226510531.56487727,129.77777777777777,"{'DROPOUT': 160, 'END_OF_DATA': 20}",100000000
180,268499439.1209566,268.4994391209566,0.7444444444444445,114.73887731283145,16.609312715999923,385.3101282007554,368499439.12095654,129.77777777777777,"{'DROPOUT': 160, 'END_OF_DATA': 20}",100000000
180,239624841.15846437,239.62484115846436,0.8388888888888889,119.7256217705585,19.98031227460539,400.90614103438554,339624841.15846455,129.77777777777777,"{'DROPOUT': 160, 'END_OF_DATA': 20}",100000000
180,259701457.25748637,259.70145725748637,0.7722222222222223,94.05101309780481,19.431330557982488,320.50289005246333,359701457.2574863,129.77777777777777,"{'DROPOUT': 160, 'END_OF_DATA': 20}",100000000
180,244256645.98868632,244.2566459886863,0.7722222222222223,74.17373124677893,16.538673563281733,280.45782104259547,344256645.9886865,129.77777777777777,"{'DROPOUT': 160, 'END_OF_DATA': 20}",100000000
180,236444005.84453556,236.44400584453558,0.7222222222222222,86.19147834600315,16.760322801723888,262.60895924283204,336444005.8445356,129.77777777777777,"{'DROPOUT': 160, 'END_OF_DATA': 20}",100000000
180,131361507.38614646,131.36150738614646,0.75,48.57871280681066,19.79482230550617,92.30992078927876,231361507.3861464,129.77777777777777,"{'DROPOUT': 160, 'END_OF_DATA': 20}",100000000
180,123932414.17869884,123.93241417869885,0.8,53.66865107460763,18.412378969040468,137.16000779813507,223932414.17869878,129.77777777777777,"{'DROPOUT': 160, 'END_OF_DATA': 20}",100000000
180,307010434.5910938,307.01043459109377,0.7555555555555555,82.6453623974559,16.608172985250636,286.4770157056103,407010434.5910936,129.77777777777777,"{'DROPOUT': 160, 'END_OF_DATA': 20}",100000000
180,54944235.66615732,54.94423566615731,0.7722222222222223,115.72728989318051,14.652224420801552,381.9812029921857,154944235.66615736,129.77777777777777,"{'DROPOUT': 160, 'END_OF_DATA': 20}",100000000
180,121972106.43373871,121.9721064337387,0.7944444444444444,91.72708222226481,26.499032570094545,298.39284540702204,221972106.43373886,129.77777777777777,"{'DROPOUT': 160, 'END_OF_DATA': 20}",100000000
180,128744351.53151302,128.74435153151302,0.8,59.07386653880388,18.228291289495026,205.78317164485753,228744351.53151307,129.77777777777777,"{'DROPOUT': 160, 'END_OF_DATA': 20}",100000000
180,198936695.20821762,198.93669520821763,0.7166666666666667,100.76680430496837,22.46783452119329,301.77247211750677,298936695.20821756,129.77777777777777,"{'DROPOUT': 160, 'END_OF_DATA': 20}",100000000
180,225204630.12537998,225.20463012537996,0.7388888888888889,82.86404853273764,15.480997642466217,301.1040137256625,325204630.1253801,129.77777777777777,"{'DROPOUT': 160, 'END_OF_DATA': 20}",100000000
180,201093527.57060012,201.09352757060012,0.7777777777777778,111.69786364070161,18.129769865890285,359.90940515312894,301093527.5706,129.77777777777777,"{'DROPOUT': 160, 'END_OF_DATA': 20}",100000000
180,202842868.7475348,202.84286874753482,0.8055555555555556,105.29379426698239,19.04705543206316,342.69959028706603,302842868.747535,129.77777777777777,"{'DROPOUT': 160, 'END_OF_DATA': 20}",100000000
180,114265998.87965411,114.26599887965412,0.8111111111111111,129.280040706837,23.339404828019138,427.64187500599144,214265998.87965405,129.77777777777777,"{'DROPOUT': 160, 'END_OF_DATA': 20}",100000000
180,121829701.85024464,121.82970185024465,0.7722222222222223,103.69976389735832,19.28284971367946,303.59758583520045,221829701.85024455,129.77777777777777,"{'DROPOUT': 160, 'END_OF_DATA': 20}",100000000
180,81497872.1931473,81.4978721931473,0.8388888888888889,123.38574043626686,28.126449896805347,373.7482079033168,181497872.1931473,129.77777777777777,"{'DROPOUT': 160, 'END_OF_DATA': 20}",100000000
180,194091259.76902696,194.09125976902698,0.7833333333333333,101.75436912894193,20.527679281650475,333.7081355404286,294091259.76902694,129.77777777777777,"{'DROPOUT': 160, 'END_OF_DATA': 20}",100000000
180,525940788.08326626,525.9407880832663,0.7611111111111111,127.86135770524758,18.19199821807451,394.86643687192776,625940788.0832661,129.77777777777777,"{'DROPOUT': 160, 'END_OF_DATA': 20}",100000000
180,126218914.3161615,126.2189143161615,0.7777777777777778,123.66641888980998,19.400063835400555,416.60717970524945,226218914.31616157,129.77777777777777,"{'DROPOUT': 160, 'END_OF_DATA': 20}",100000000
180,119041927.40824491,119.0419274082449,0.8222222222222222,148.7293627064291,21.893155391819867,451.67832377430335,219041927.40824488,129.77777777777777,"{'DROPOUT': 160, 'END_OF_DATA': 20}",100000000
180,126710919.87448363,126.71091987448364,0.8333333333333334,89.70518415090022,28.95966550037015,236.5946658561689,226710919.87448362,129.77777777777777,"{'DROPOUT': 160, 'END_OF_DATA': 20}",100000000
180,165703320.22874087,165.7033202287409,0.7722222222222223,73.10949137766366,16.001027878528255,236.10933476464788,265703320.22874093,129.77777777777777,"{'DROPOUT': 160, 'END_OF_DATA': 20}",100000000
180,444932277.5484572,444.9322775484572,0.7833333333333333,91.90012527048752,16.906991313008064,309.53376486429323,544932277.5484571,129.77777777777777,"{'DROPOUT': 160, 'END_OF_DATA': 20}",100000000
180,78551064.97753409,78.5510649775341,0.7777777777777778,60.114657452709615,17.337163776401564,200.76299780766624,178551064.97753417,129.77777777777777,"{'DROPOUT': 160, 'END_OF_DATA': 20}",100000000
180,75317081.20699097,75.31708120699098,0.7166666666666667,80.80849304271756,17.526490223926153,252.43790997452544,175317081.20699102,129.77777777777777,"{'DROPOUT': 160, 'END_OF_DATA': 20}",100000000
180,116297795.47225021,116.29779547225021,0.7444444444444445,74.72875947630281,24.264083233252514,176.21992952592993,216297795.47225028,129.77777777777777,"{'DROPOUT': 160, 'END_OF_DATA': 20}",100000000
180,116501084.56995079,116.50108456995079,0.8388888888888889,112.77453205462865,22.966090200662805,337.9635176380449,216501084.5699508,129.77777777777777,"{'DROPOUT': 160, 'END_OF_DATA': 20}",100000000
180,92509021.344571,92.509021344571,0.75,94.8596167391356,20.712119653197433,303.00591564731843,192509021.34457108,129.77777777777777,"{'DROPOUT': 160, 'END_OF_DATA': 20}",100000000
180,93001922.0986462,93.00192209864619,0.7611111111111111,73.50507736332851,17.107774826878263,278.0548733587295,193001922.0986462,129.77777777777777,"{'DROPOUT': 160, 'END_OF_DATA': 20}",100000000
180,103507866.17168069,103.50786617168069,0.7666666666666667,63.56457105933626,12.57737056651672,222.0553777319616,203507866.1716806,129.77777777777777,"{'DROPOUT': 160, 'END_OF_DATA': 20}",100000000
180,197352655.78181732,197.3526557818173,0.8,98.7485829134439,20.254665667133427,319.59356026499574,297352655.7818174,129.77777777777777,"{'DROPOUT': 160, 'END_OF_DATA': 20}",100000000
180,134398844.64818916,134.39884464818917,0.8444444444444444,107.66563779692042,21.40616746527662,353.4590042083954,234398844.6481891,129.77777777777777,"{'DROPOUT': 160, 'END_OF_DATA': 20}",100000000
180,94150953.60564938,94.15095360564938,0.75,93.62045866488481,16.844892398782967,330.1554480624151,194150953.6056493,129.77777777777777,"{'DROPOUT': 160, 'END_OF_DATA': 20}",100000000
180,87348927.00875095,87.34892700875095,0.8277777777777777,78.70823682900354,23.701468867422403,274.8972570509401,187348927.0087509,129.77777777777777,"{'DROPOUT': 160, 'END_OF_DATA': 20}",100000000
180,292467320.0186973,292.4673200186973,0.7944444444444444,106.32775091511067,20.753629303439233,301.42961147688175,392467320.0186971,129.77777777777777,"{'DROPOUT': 160, 'END_OF_DATA': 20}",100000000
180,213745585.40101975,213.74558540101972,0.8555555555555555,62.49130208291419,21.746246346164323,199.1550549720162,313745585.4010198,129.77777777777777,"{'DROPOUT': 160, 'END_OF_DATA': 20}",100000000
180,370123558.866197,370.123558866197,0.7777777777777778,86.75548352215519,16.513183299587933,346.6941252441183,470123558.86619705,129.77777777777777,"{'DROPOUT': 160, 'END_OF_DATA': 20}",100000000
180,54089126.05549025,54.08912605549025,0.8222222222222222,88.14115411833966,15.443409138338456,298.598332826427,154089126.0554902,129.77777777777777,"{'DROPOUT': 160, 'END_OF_DATA': 20}",100000000
180,71171267.03194782,71.17126703194782,0.8055555555555556,88.51934548988002,26.444405358097676,283.90484947736616,171171267.0319478,129.77777777777777,"{'DROPOUT': 160, 'END_OF_DATA': 20}",100000000
180,256529584.91641617,256.5295849164161,0.7277777777777777,69.94199413200462,17.142738271230137,271.3136157719426,356529584.91641617,129.77777777777777,"{'DROPOUT': 160, 'END_OF_DATA': 20}",100000000
180,373045102.8076576,373.0451028076576,0.8333333333333334,142.0141674462436,24.174760001293812,396.6473169822715,473045102.80765724,129.77777777777777,"{'DROPOUT': 160, 'END_OF_DATA': 20}",100000000
180,312741943.82126874,312.7419438212687,0.7388888888888889,111.23792877798662,15.204837963158402,374.7052756696038,412741943.82126886,129.77777777777777,"{'DROPOUT': 160, 'END_OF_DATA': 20}",100000000
180,81711337.2509778,81.7113372509778,0.8055555555555556,73.52713430989185,17.951187899488257,271.8802471526749,181711337.25097784,129.77777777777777,"{'DROPOUT': 160, 'END_OF_DATA': 20}",100000000
180,143333447.75676256,143.33344775676255,0.8388888888888889,82.94477322183549,20.78767748856481,276.97076928713636,243333447.7567625,129.77777777777777,"{'DROPOUT': 160, 'END_OF_DATA': 20}",100000000
180,203840989.92712677,203.84098992712677,0.7888888888888889,77.05451486061102,19.452186633542166,244.15080622357985,303840989.9271266,129.77777777777777,"{'DROPOUT': 160, 'END_OF_DATA': 20}",100000000
180,239760709.8524685,239.76070985246852,0.8111111111111111,104.76682304200666,18.327208161208354,349.48209109834164,339760709.8524685,129.77777777777777,"{'DROPOUT': 160, 'END_OF_DATA': 20}",100000000
180,369008733.5627985,369.0087335627985,0.7833333333333333,112.87473596653793,22.9411277686042,366.60280702952184,469008733.56279844,129.77777777777777,"{'DROPOUT': 160, 'END_OF_DATA': 20}",100000000
180,106168787.77335134,106.16878777335134,0.8055555555555556,82.71189003160725,21.427274219253682,321.84536045899017,206168787.7733514,129.77777777777777,"{'DROPOUT': 160, 'END_OF_DATA': 20}",100000000
180,126138122.5989048,126.1381225989048,0.8111111111111111,127.6947497834711,23.232010807283864,420.501662525233,226138122.59890485,129.77777777777777,"{'DROPOUT': 160, 'END_OF_DATA': 20}",100000000
180,50770775.98337759,50.77077598337759,0.7555555555555555,89.1939748026156,20.41640088269871,321.44668744155905,150770775.98337767,129.77777777777777,"{'DROPOUT': 160, 'END_OF_DATA': 20}",100000000
180,218243374.8626279,218.2433748626279,0.7722222222222223,113.03479949490267,18.951668366123748,405.79557005753065,318243374.86262804,129.77777777777777,"{'DROPOUT': 160, 'END_OF_DATA': 20}",100000000
180,206317271.32858747,206.31727132858745,0.7777777777777778,98.4273967881411,19.551479824108235,333.00982570648955,306317271.32858735,129.77777777777777,"{'DROPOUT': 160, 'END_OF_DATA': 20}",100000000
180,258011534.42411467,258.0115344241147,0.8166666666666667,100.97697492566121,19.90169602116957,335.7152653257896,358011534.42411476,129.77777777777777,"{'DROPOUT': 160, 'END_OF_DATA': 20}",100000000
180,59189829.36730085,59.18982936730085,0.8277777777777777,70.78916583800363,19.559705409666037,179.79323443890183,159189829.36730093,129.77777777777777,"{'DROPOUT': 160, 'END_OF_DATA': 20}",100000000
180,253391202.14681596,253.39120214681597,0.8055555555555556,103.11308678631414,21.92601279008508,315.03264310651855,353391202.1468159,129.77777777777777,"{'DROPOUT': 160, 'END_OF_DATA': 20}",100000000
180,136889109.30498114,136.88910930498116,0.7888888888888889,49.97989163259904,21.364844344276754,99.93867767006645,236889109.30498114,129.77777777777777,"{'DROPOUT': 160, 'END_OF_DATA': 20}",100000000
180,220640488.33367285,220.64048833367286,0.8277777777777777,107.59452254212246,26.639903622720993,348.87332211919477,320640488.333673,129.77777777777777,"{'DROPOUT': 160, 'END_OF_DATA': 20}",100000000
180,87937042.68711397,87.93704268711397,0.8166666666666667,83.36537983246336,19.092131438048177,276.19397383421943,187937042.68711397,129.77777777777777,"{'DROPOUT': 160, 'END_OF_DATA': 20}",100000000
180,61961536.23372414,61.96153623372413,0.7777777777777778,67.60302462924678,18.327540851682457,225.4386753407789,161961536.23372424,129.77777777777777,"{'DROPOUT': 160, 'END_OF_DATA': 20}",100000000
180,381170355.2923784,381.1703552923784,0.7888888888888889,142.3189107189864,22.517363898212032,437.5122667608107,481170355.29237854,129.77777777777777,"{'DROPOUT': 160, 'END_OF_DATA': 20}",100000000
180,216259778.20825657,216.25977820825656,0.7722222222222223,86.90038246800835,18.243050778637233,311.1102895282906,316259778.2082565,129.77777777777777,"{'DROPOUT': 160, 'END_OF_DATA': 20}",100000000
180,106302101.96073185,106.30210196073185,0.7666666666666667,50.44494719413063,15.186074613503443,99.60045200243646,206302101.9607319,129.77777777777777,"{'DROPOUT': 160, 'END_OF_DATA': 20}",100000000
180,78194639.50123528,78.19463950123527,0.75,69.43444676500734,17.573523875712883,266.507544954188,178194639.50123528,129.77777777777777,"{'DROPOUT': 160, 'END_OF_DATA': 20}",100000000
180,289758954.3568437,289.7589543568437,0.75,121.201547690249,23.75636906130533,369.55378515088756,389758954.35684377,129.77777777777777,"{'DROPOUT': 160, 'END_OF_DATA': 20}",100000000
180,183960774.700281,183.960774700281,0.7888888888888889,88.23345103944634,20.908816861376394,293.68433316592717,283960774.700281,129.77777777777777,"{'DROPOUT': 160, 'END_OF_DATA': 20}",100000000
180,61163954.60679815,61.16395460679816,0.7333333333333333,62.99058585601235,9.768629469672518,269.5389691026489,161163954.60679814,129.77777777777777,"{'DROPOUT': 160, 'END_OF_DATA': 20}",100000000
180,78510128.17464203,78.51012817464202,0.7388888888888889,47.98025636379167,15.525360412687474,156.09543044819762,178510128.17464206,129.77777777777777,"{'DROPOUT': 160, 'END_OF_DATA': 20}",100000000
180,202619278.26884192,202.61927826884195,0.7666666666666667,80.81797455453422,15.470467974554467,267.79513528639774,302619278.2688419,129.77777777777777,"{'DROPOUT': 160, 'END_OF_DATA': 20}",100000000
180,175767806.72509116,175.76780672509116,0.7944444444444444,132.22991027521687,19.525004424053968,407.0257606036371,275767806.72509116,129.77777777777777,"{'DROPOUT': 160, 'END_OF_DATA': 20}",100000000
180,181876072.87958628,181.87607287958627,0.8055555555555556,96.07757433710418,20.33068341797278,284.56173471867277,281876072.8795863,129.77777777777777,"{'DROPOUT': 160, 'END_OF_DATA': 20}",100000000
180,358750258.80215955,358.7502588021596,0.7944444444444444,108.73874373026779,19.784466592372823,374.255757522271,458750258.80215955,129.77777777777777,"{'DROPOUT': 160, 'END_OF_DATA': 20}",100000000
180,117563107.28863603,117.56310728863603,0.7722222222222223,70.14388371649335,15.892455358671876,227.75079410502443,217563107.288636,129.77777777777777,"{'DROPOUT': 160, 'END_OF_DATA': 20}",100000000
180,483624710.1520262,483.6247101520262,0.7888888888888889,84.16665759633695,19.102451372528897,300.2922348033229,583624710.1520263,129.77777777777777,"{'DROPOUT': 160, 'END_OF_DATA': 20}",100000000
180,87735919.50698484,87.73591950698486,0.7611111111111111,71.2171069684359,18.043974630877045,267.332849159639,187735919.50698492,129.77777777777777,"{'DROPOUT': 160, 'END_OF_DATA': 20}",100000000
180,118160176.74628703,118.16017674628702,0.8333333333333334,65.0389454537849,21.451936505450615,198.52156432626936,218160176.746287,129.77777777777777,"{'DROPOUT': 160, 'END_OF_DATA': 20}",100000000
180,209817834.46492097,209.81783446492096,0.7111111111111111,79.72368966624482,13.607638901973592,285.6313182481278,309817834.4649211,129.77777777777777,"{'DROPOUT': 160, 'END_OF_DATA': 20}",100000000
180,225321255.47170335,225.32125547170335,0.85,97.50132105021439,21.12479294266867,367.2280558180363,325321255.4717033,129.77777777777777,"{'DROPOUT': 160, 'END_OF_DATA': 20}",100000000
180,139386152.75526512,139.3861527552651,0.7888888888888889,83.15196437442297,18.8253766702977,266.6172179354446,239386152.7552651,129.77777777777777,"{'DROPOUT': 160, 'END_OF_DATA': 20}",100000000
180,249558033.75891855,249.55803375891855,0.75,95.88607965218733,15.770196297974202,336.1950970825456,349558033.7589185,129.77777777777777,"{'DROPOUT': 160, 'END_OF_DATA': 20}",100000000
180,123859232.96715423,123.85923296715424,0.7555555555555555,78.97034996606048,20.488348995524575,278.05661435675484,223859232.96715438,129.77777777777777,"{'DROPOUT': 160, 'END_OF_DATA': 20}",100000000
180,261654734.8304408,261.65473483044076,0.7666666666666667,77.82592814884616,21.100153620898325,239.2717517692992,361654734.8304408,129.77777777777777,"{'DROPOUT': 160, 'END_OF_DATA': 20}",100000000
180,137847029.45289928,137.84702945289928,0.8055555555555556,72.04569689750032,22.345095199857298,248.16680005149055,237847029.4528992,129.77777777777777,"{'DROPOUT': 160, 'END_OF_DATA': 20}",100000000
180,273746756.95245874,273.7467569524588,0.7777777777777778,123.7017683546784,22.310202223592448,393.4939387704857,373746756.9524587,129.77777777777777,"{'DROPOUT': 160, 'END_OF_DATA': 20}",100000000
180,253836014.53475273,253.83601453475274,0.7833333333333333,94.26133808090353,17.1183574044142,274.9236407087691,353836014.5347528,129.77777777777777,"{'DROPOUT': 160, 'END_OF_DATA': 20}",100000000
180,133232568.15410952,133.23256815410954,0.7722222222222223,69.1787585392099,21.968519923413613,234.5798216526022,233232568.15410963,129.77777777777777,"{'DROPOUT': 160, 'END_OF_DATA': 20}",100000000
180,147147853.57682568,147.14785357682567,0.7277777777777777,95.00082914399805,21.807059109315574,318.04584763251705,247147853.57682577,129.77777777777777,"{'DROPOUT': 160, 'END_OF_DATA': 20}",100000000
180,88025705.68135391,88.02570568135391,0.7444444444444445,79.65839822202618,18.13605564217479,288.4952639907956,188025705.68135387,129.77777777777777,"{'DROPOUT': 160, 'END_OF_DATA': 20}",100000000
180,127437320.4477242,127.4373204477242,0.8,115.40724164627554,22.52899828747741,379.8115048776232,227437320.44772416,129.77777777777777,"{'DROPOUT': 160, 'END_OF_DATA': 20}",100000000
180,242373695.24302775,242.37369524302775,0.8277777777777777,87.70071370349103,19.792931813009123,289.3392388303238,342373695.2430278,129.77777777777777,"{'DROPOUT': 160, 'END_OF_DATA': 20}",100000000
180,93584740.47865114,93.58474047865114,0.7722222222222223,81.30616016353605,17.009085607310205,279.6902458112828,193584740.47865126,129.77777777777777,"{'DROPOUT': 160, 'END_OF_DATA': 20}",100000000
180,232429358.17055365,232.42935817055366,0.7444444444444445,104.42047560120801,15.32494351462534,339.68087071612183,332429358.17055357,129.77777777777777,"{'DROPOUT': 160, 'END_OF_DATA': 20}",100000000
180,124599368.92647085,124.59936892647086,0.8,93.62197754821113,21.099385298737754,261.70653641140814,224599368.92647085,129.77777777777777,"{'DROPOUT': 160, 'END_OF_DATA': 20}",100000000
180,154494583.92936537,154.49458392936538,0.7888888888888889,65.23966764594624,18.408424735365536,130.53963216521586,254494583.92936525,129.77777777777777,"{'DROPOUT': 160, 'END_OF_DATA': 20}",100000000
180,144256237.62904516,144.25623762904516,0.7777777777777778,84.98072085913415,21.626882992269294,257.38435279644773,244256237.62904525,129.77777777777777,"{'DROPOUT': 160, 'END_OF_DATA': 20}",100000000
180,112839096.54947859,112.8390965494786,0.7722222222222223,80.9265312429742,17.351250898472337,264.6323001903413,212839096.54947853,129.77777777777777,"{'DROPOUT': 160, 'END_OF_DATA': 20}",100000000
180,140542682.23593116,140.54268223593115,0.7888888888888889,127.68703345057028,19.02879768438352,441.8722532861776,240542682.2359312,129.77777777777777,"{'DROPOUT': 160, 'END_OF_DATA': 20}",100000000
180,95452282.63778906,95.45228263778905,0.7444444444444445,69.0351230597514,15.481902076882127,271.76169794919485,195452282.637789,129.77777777777777,"{'DROPOUT': 160, 'END_OF_DATA': 20}",100000000
180,215111253.0818474,215.1112530818474,0.75,93.61793785466196,17.826789411926775,315.4310069214641,315111253.08184725,129.77777777777777,"{'DROPOUT': 160, 'END_OF_DATA': 20}",100000000
180,158899313.7973407,158.8993137973407,0.7722222222222223,89.93972012995239,16.031122521038633,330.394807056422,258899313.79734072,129.77777777777777,"{'DROPOUT': 160, 'END_OF_DATA': 20}",100000000
180,153017831.7913083,153.0178317913083,0.7388888888888889,78.88856137292117,18.14774083629084,205.586348744551,253017831.7913083,129.77777777777777,"{'DROPOUT': 160, 'END_OF_DATA': 20}",100000000
180,114182748.73419169,114.18274873419169,0.7777777777777778,111.31632710344097,24.283514408671312,336.0670190895109,214182748.7341917,129.77777777777777,"{'DROPOUT': 160, 'END_OF_DATA': 20}",100000000
180,201658105.09608126,201.65810509608124,0.8166666666666667,111.62713631470183,24.161935080889606,358.6297551814932,301658105.0960814,129.77777777777777,"{'DROPOUT': 160, 'END_OF_DATA': 20}",100000000
180,333044298.54985476,333.0442985498547,0.8055555555555556,86.43497806970923,19.605266666478443,248.37317998371478,433044298.5498546,129.77777777777777,"{'DROPOUT': 160, 'END_OF_DATA': 20}",100000000
180,110615140.83980408,110.61514083980408,0.8222222222222222,107.92549475523758,19.258893592483403,354.47381091986796,210615140.83980405,129.77777777777777,"{'DROPOUT': 160, 'END_OF_DATA': 20}",100000000
180,137194865.92252147,137.19486592252147,0.75,80.6694950735721,15.13969327134376,295.8958117917927,237194865.92252153,129.77777777777777,"{'DROPOUT': 160, 'END_OF_DATA': 20}",100000000
180,108705113.48743589,108.7051134874359,0.7333333333333333,75.64049498817556,16.14431813154066,266.31980528704594,208705113.4874359,129.77777777777777,"{'DROPOUT': 160, 'END_OF_DATA': 20}",100000000
180,244284028.71230072,244.2840287123007,0.8111111111111111,68.01428468258752,16.615225896068406,183.1009354097801,344284028.7123008,129.77777777777777,"{'DROPOUT': 160, 'END_OF_DATA': 20}",100000000
180,98294040.87817886,98.29404087817886,0.7888888888888889,69.12596933658777,20.468180488936547,238.76190032533074,198294040.87817886,129.77777777777777,"{'DROPOUT': 160, 'END_OF_DATA': 20}",100000000
180,150066946.79738098,150.06694679738098,0.7833333333333333,70.07902708528636,18.41523790507953,219.18145068480408,250066946.79738104,129.77777777777777,"{'DROPOUT': 160, 'END_OF_DATA': 20}",100000000
180,261415552.0117006,261.41555201170064,0.7833333333333333,105.90377672162687,24.9362403188121,294.8372271223538,361415552.01170075,129.77777777777777,"{'DROPOUT': 160, 'END_OF_DATA': 20}",100000000
180,252497274.59684834,252.49727459684834,0.8055555555555556,64.08260719789683,16.20681572058188,210.44255514064704,352497274.59684825,129.77777777777777,"{'DROPOUT': 160, 'END_OF_DATA': 20}",100000000
180,76895378.98504403,76.89537898504403,0.7777777777777778,78.1823907948716,14.686699164456062,258.3669615143954,176895378.9850441,129.77777777777777,"{'DROPOUT': 160, 'END_OF_DATA': 20}",100000000
180,109671757.24429226,109.67175724429225,0.7666666666666667,57.265067688452106,16.205870078823565,175.24686717542886,209671757.2442922,129.77777777777777,"{'DROPOUT': 160, 'END_OF_DATA': 20}",100000000
180,181270603.41554067,181.27060341554068,0.8555555555555555,120.79250535373006,19.29500137964294,340.83263938586504,281270603.41554064,129.77777777777777,"{'DROPOUT': 160, 'END_OF_DATA': 20}",100000000
180,67762372.23170453,67.76237223170453,0.8055555555555556,107.16213627472011,16.458330228924883,370.1027556677846,167762372.2317046,129.77777777777777,"{'DROPOUT': 160, 'END_OF_DATA': 20}",100000000
180,117873056.66641194,117.87305666641194,0.7888888888888889,72.64153866317564,14.917082506127828,144.8129898675513,217873056.6664119,129.77777777777777,"{'DROPOUT': 160, 'END_OF_DATA': 20}",100000000
180,283239762.19841075,283.23976219841074,0.7944444444444444,88.48818543438784,19.40701676414071,328.1530979912379,383239762.19841063,129.77777777777777,"{'DROPOUT': 160, 'END_OF_DATA': 20}",100000000
180,206543623.81425813,206.54362381425813,0.8111111111111111,77.45982411024276,17.59393056780754,265.984543673574,306543623.81425816,129.77777777777777,"{'DROPOUT': 160, 'END_OF_DATA': 20}",100000000
180,312370733.9093095,312.3707339093095,0.7944444444444444,72.74218366360833,18.738035880671532,271.938917447778,412370733.9093096,129.77777777777777,"{'DROPOUT': 160, 'END_OF_DATA': 20}",100000000
180,81408070.46603248,81.40807046603248,0.7333333333333333,78.40531068097626,16.611791676624414,275.6014442593629,181408070.4660325,129.77777777777777,"{'DROPOUT': 160, 'END_OF_DATA': 20}",100000000
180,134951487.83600727,134.9514878360073,0.8277777777777777,80.34780790981402,21.37276491391137,241.63536179344757,234951487.8360073,129.77777777777777,"{'DROPOUT': 160, 'END_OF_DATA': 20}",100000000
180,224163927.76823854,224.16392776823852,0.8,71.90995147259625,18.136358080488442,221.52475910417732,324163927.76823854,129.77777777777777,"{'DROPOUT': 160, 'END_OF_DATA': 20}",100000000
180,150240271.82614845,150.24027182614844,0.7722222222222223,107.51610940868552,19.045114875736083,363.3358686418187,250240271.82614845,129.77777777777777,"{'DROPOUT': 160, 'END_OF_DATA': 20}",100000000
180,212441597.83162904,212.44159783162905,0.8,79.68496275387014,20.055600765970812,270.46617115114685,312441597.83162916,129.77777777777777,"{'DROPOUT': 160, 'END_OF_DATA': 20}",100000000
180,204454837.71308416,204.45483771308415,0.7555555555555555,87.75748741177594,15.095470240073164,300.18937196983313,304454837.7130844,129.77777777777777,"{'DROPOUT': 160, 'END_OF_DATA': 20}",100000000
180,189583670.8051381,189.58367080513813,0.8111111111111111,91.16580731852885,16.84397566203294,311.55152805162123,289583670.80513805,129.77777777777777,"{'DROPOUT': 160, 'END_OF_DATA': 20}",100000000
180,102499997.23408286,102.49999723408287,0.7444444444444445,53.78080939264175,20.561533932306347,141.57792868908578,202499997.2340828,129.77777777777777,"{'DROPOUT': 160, 'END_OF_DATA': 20}",100000000
180,259242779.99309573,259.2427799930957,0.7333333333333333,104.23826525090938,12.12361820398916,358.356562406008,359242779.9930957,129.77777777777777,"{'DROPOUT': 160, 'END_OF_DATA': 20}",100000000
180,110463171.19969684,110.46317119969684,0.7277777777777777,95.36409324025036,14.13231125757941,320.7535439743724,210463171.1996968,129.77777777777777,"{'DROPOUT': 160, 'END_OF_DATA': 20}",100000000
180,97471321.55950171,97.47132155950172,0.7388888888888889,61.31496920893714,17.696538385233573,172.46205198619148,197471321.5595017,129.77777777777777,"{'DROPOUT': 160, 'END_OF_DATA': 20}",100000000
180,131096969.82896584,131.09696982896583,0.7611111111111111,76.83622532431757,18.30143554076509,263.57552573655596,231096969.828966,129.77777777777777,"{'DROPOUT': 160, 'END_OF_DATA': 20}",100000000
180,144626736.26991785,144.62673626991784,0.7611111111111111,63.49848999563597,16.267061631814443,213.7578785354945,244626736.26991794,129.77777777777777,"{'DROPOUT': 160, 'END_OF_DATA': 20}",100000000
180,260783086.68918747,260.7830866891875,0.7888888888888889,83.1883722381859,14.989009973522425,330.7572370331653,360783086.6891874,129.77777777777777,"{'DROPOUT': 160, 'END_OF_DATA': 20}",100000000
180,128022184.53183165,128.02218453183164,0.7555555555555555,71.13506639255873,15.988217934916639,233.2096311527935,228022184.53183165,129.77777777777777,"{'DROPOUT': 160, 'END_OF_DATA': 20}",100000000
180,341015481.98911524,341.01548198911524,0.8277777777777777,121.25762139001624,25.15540045974092,343.59601649480106,441015481.98911536,129.77777777777777,"{'DROPOUT': 160, 'END_OF_DATA': 20}",100000000
180,71567716.93353872,71.56771693353872,0.7055555555555556,59.098031972012116,15.423845610173906,204.39151645626222,171567716.93353868,129.77777777777777,"{'DROPOUT': 160, 'END_OF_DATA': 20}",100000000
180,228523381.7377692,228.5233817377692,0.7722222222222223,122.78046977075283,17.752607318659138,425.7438372319341,328523381.7377691,129.77777777777777,"{'DROPOUT': 160, 'END_OF_DATA': 20}",100000000
180,439203861.63494885,439.2038616349488,0.7888888888888889,114.28701449781043,19.839423801044504,406.5018751174234,539203861.6349488,129.77777777777777,"{'DROPOUT': 160, 'END_OF_DATA': 20}",100000000
180,96089380.00147387,96.08938000147388,0.7444444444444445,100.11171323992474,18.3763022797351,356.3355439955735,196089380.001474,129.77777777777777,"{'DROPOUT': 160, 'END_OF_DATA': 20}",100000000
180,85879618.91144826,85.87961891144825,0.75,113.07912550037767,17.430416263664398,410.00548268366344,185879618.91144827,129.77777777777777,"{'DROPOUT': 160, 'END_OF_DATA': 20}",100000000
180,145159657.60355318,145.15965760355317,0.8555555555555555,78.49643617834666,24.832638555692228,221.2775686145325,245159657.6035533,129.77777777777777,"{'DROPOUT': 160, 'END_OF_DATA': 20}",100000000
180,137777800.20438296,137.77780020438294,0.7777777777777778,76.34333000165219,19.502561180355194,278.92693705651914,237777800.204383,129.77777777777777,"{'DROPOUT': 160, 'END_OF_DATA': 20}",100000000
180,99116112.80301866,99.11611280301867,0.7833333333333333,94.16966492099141,20.488875375825746,263.6397401231178,199116112.8030186,129.77777777777777,"{'DROPOUT': 160, 'END_OF_DATA': 20}",100000000
180,611693547.8781987,611.6935478781987,0.8333333333333334,179.64645042994727,22.733604195713255,492.68723805303296,711693547.8781986,129.77777777777777,"{'DROPOUT': 160, 'END_OF_DATA': 20}",100000000
180,193816274.35335514,193.81627435335514,0.7777777777777778,100.35605018170703,22.973233554127397,304.4733973298857,293816274.35335535,129.77777777777777,"{'DROPOUT': 160, 'END_OF_DATA': 20}",100000000
180,131511614.73865345,131.51161473865344,0.7166666666666667,96.9878775950193,14.589576703712225,344.574411521341,231511614.7386533,129.77777777777777,"{'DROPOUT': 160, 'END_OF_DATA': 20}",100000000
180,300401578.24266493,300.4015782426649,0.7777777777777778,108.06927986248961,16.786499591077764,345.16400548854233,400401578.24266493,129.77777777777777,"{'DROPOUT': 160, 'END_OF_DATA': 20}",100000000
180,67363019.33403108,67.36301933403107,0.8,63.79900547738288,19.01586650384312,185.00805870155307,167363019.334031,129.77777777777777,"{'DROPOUT': 160, 'END_OF_DATA': 20}",100000000
180,363549476.2663842,363.5494762663842,0.8111111111111111,91.09267969610414,19.581337254721667,310.43347698333037,463549476.2663842,129.77777777777777,"{'DROPOUT': 160, 'END_OF_DATA': 20}",100000000
180,155825330.29741064,155.82533029741063,0.7444444444444445,70.61181647015718,16.703084311690652,233.45042367856888,255825330.29741055,129.77777777777777,"{'DROPOUT': 160, 'END_OF_DATA': 20}",100000000
180,159353641.8716785,159.35364187167852,0.7722222222222223,77.00416674734926,19.169162876622458,276.3119653130078,259353641.8716784,129.77777777777777,"{'DROPOUT': 160, 'END_OF_DATA': 20}",100000000
180,228082423.83108297,228.08242383108296,0.7944444444444444,107.1519865724309,18.160519869966464,350.4717995910803,328082423.83108294,129.77777777777777,"{'DROPOUT': 160, 'END_OF_DATA': 20}",100000000
180,141307665.03544095,141.30766503544095,0.8,93.79824549275017,21.977815754761274,336.28046640517397,241307665.035441,129.77777777777777,"{'DROPOUT': 160, 'END_OF_DATA': 20}",100000000
180,487986966.85853267,487.9869668585327,0.7611111111111111,99.07565464580551,22.336651325110367,338.4277330341524,587986966.8585325,129.77777777777777,"{'DROPOUT': 160, 'END_OF_DATA': 20}",100000000
180,110847893.5678576,110.8478935678576,0.7944444444444444,130.02148104602418,22.571989112413025,449.3143124246348,210847893.56785765,129.77777777777777,"{'DROPOUT': 160, 'END_OF_DATA': 20}",100000000
180,204404468.31505316,204.40446831505318,0.7722222222222223,77.51399279052644,15.863392395001656,326.3536144070088,304404468.3150531,129.77777777777777,"{'DROPOUT': 160, 'END_OF_DATA': 20}",100000000
180,381227737.64209175,381.22773764209177,0.7666666666666667,99.05841891970732,17.202842929040045,317.3438591688266,481227737.6420916,129.77777777777777,"{'DROPOUT': 160, 'END_OF_DATA': 20}",100000000
180,89699489.45160294,89.69948945160293,0.7333333333333333,59.87887751673863,18.36845341710704,207.3823951716114,189699489.4516028,129.77777777777777,"{'DROPOUT': 160, 'END_OF_DATA': 20}",100000000
180,148671847.41967648,148.67184741967648,0.8055555555555556,77.04744052216512,17.66474371873658,194.7431123253609,248671847.4196765,129.77777777777777,"{'DROPOUT': 160, 'END_OF_DATA': 20}",100000000
180,113909507.93601072,113.90950793601071,0.8,59.28537728113224,16.897908154688984,136.48404929292965,213909507.93601072,129.77777777777777,"{'DROPOUT': 160, 'END_OF_DATA': 20}",100000000
