Security,Acquisition_Event_Count,Acquisition_Quality_Jump_Sum,Acquisition_Quality_Jump_Avg,Acquisition_Final_Return_Mean,Acquisition_Final_Return_Median,Loss_Event_Count,Loss_Quality_Loss_Sum,Loss_Quality_Loss_Avg,Loss_Final_Return_Mean,Loss_Final_Return_Median,Total_Event_Count,Net_Quality_Delta,Event_Balance_Ratio,Acq_Winsor_Median_Return,Loss_Winsor_Median_Return,Acq_Recency_Weighted_Jump_Sum,Loss_Recency_Weighted_Loss_Sum,Net_Quality_Delta_Recency,Acq_Recency_Winsor_Mean_Return,Loss_Recency_Winsor_Mean_Return,Weighted_Winsor_Final_Return_Recency,Quality_Momentum_Score_Adj,Unique_Clusters,Unique_Blocks,Events_Per_Block,Net_Quality_Delta_Recency_Percentile,Quality_Momentum_Score_Adj_Percentile,Weighted_Winsor_Final_Return_Recency_Percentile,Event_Balance_Ratio_Percentile,Events_Per_Block_Percentile,Composite_Quality_Event_Rank
APCX,1.0,7.548185690528653,7.548185690528653,621.4285584736847,621.4285584736847,0.0,0.0,0.0,0.0,0.0,1.0,7.548185690528653,1.0,621.4285584736847,0.0,7.548185690528653,0.0,7.548185690528653,621.4285584736847,0.0,621.4285584736847,4690.658152756915,1,1,1.0,0.9080911233307148,0.992930086410055,0.9536527886881383,0.94344069128044,0.5003927729772192,0.9054202670856245
ACCR,1.0,5.630268968285829,5.630268968285829,203.2567124395527,203.2567124395527,0.0,0.0,0.0,0.0,0.0,1.0,5.630268968285829,1.0,203.2567124395527,0.0,5.630268968285829,0.0,5.630268968285829,203.2567124395527,0.0,203.2567124395527,1144.3899606442099,1,1,1.0,0.8405341712490181,0.9819324430479183,0.8939512961508248,0.94344069128044,0.5003927729772192,0.8699135899450118
ASLRF,1.0,10.946830890336592,10.946830890336592,1006.7193241212576,1006.7193241212576,0.0,0.0,0.0,0.0,0.0,1.0,10.946830890336592,1.0,1006.7193241212576,0.0,3.8307093616648515,0.0,3.8307093616648515,1006.7193241212577,0.0,1006.7193241212577,3856.4491394802135,1,1,1.0,0.7478397486252946,0.9921445404556166,0.9709347996857817,0.94344069128044,0.5003927729772192,0.8605655930871955
ATHJF,1.0,5.58481514314022,5.58481514314022,130.10936869720226,130.10936869720226,0.0,0.0,0.0,0.0,0.0,1.0,5.58481514314022,1.0,130.10936869720226,0.0,5.58481514314022,0.0,5.58481514314022,130.10936869720226,0.0,130.10936869720226,726.6367725645493,1,1,1.0,0.8381775333857031,0.9787902592301649,0.8507462686567164,0.94344069128044,0.5003927729772192,0.8596229379418697
AYASF,1.0,7.836361089058047,7.836361089058047,342.52951602056834,342.52951602056834,0.0,0.0,0.0,0.0,0.0,1.0,7.836361089058047,1.0,342.52951602056834,0.0,4.300686150309513,0.0,4.300686150309513,342.52951602056834,0.0,342.52951602056834,1473.1119456218787,1,1,1.0,0.7674783974862529,0.9874312647289867,0.9230164964650432,0.94344069128044,0.5003927729772192,0.8554595443833465
AWWI,2.0,14.213825032885266,7.106912516442633,28.26087027511046,28.26087027511046,0.0,0.0,0.0,0.0,0.0,2.0,14.213825032885266,1.0,28.26087027511046,0.0,11.116008855706202,0.0,11.116008855706202,28.26087027511046,0.0,28.26087027511046,314.148084248092,2,2,1.0,0.969363707776905,0.9654359780047133,0.6512175962293795,0.94344069128044,0.5003927729772192,0.8550667714061272
AMSU,2.0,20.081361716937245,10.040680858468622,31.99999731779115,31.99999731779115,0.0,0.0,0.0,0.0,0.0,2.0,20.081361716937245,1.0,31.99999731779115,0.0,10.119155695420279,0.0,10.119155695420279,31.99999731779114,0.0,31.99999731779114,323.81295511175995,2,2,1.0,0.9512961508248232,0.9677926158680282,0.6630007855459544,0.94344069128044,0.5003927729772192,0.8527101335428123
BFNH,1.0,7.376543209876544,7.376543209876544,395.6363731691661,395.6363731691661,0.0,0.0,0.0,0.0,0.0,1.0,7.376543209876544,1.0,395.6363731691661,0.0,3.4844322871945224,0.0,3.4844322871945224,395.6363731691661,0.0,395.6363731691661,1378.5681526591832,1,1,1.0,0.7305577376276512,0.98586017282011,0.9371563236449332,0.94344069128044,0.5003927729772192,0.8467399842890809
AEYGQ,3.0,20.17472558871591,6.7249085295719695,13.478195913575197,13.478195913575195,0.0,0.0,0.0,0.0,0.0,3.0,20.17472558871591,1.0,13.478195913575195,0.0,14.686608435350532,0.0,14.686608435350532,13.478195913575195,0.0,13.478195913575197,197.94898579762054,3,3,1.0,0.9960722702278083,0.9528672427336999,0.5860172820109977,0.94344069128044,0.5003927729772192,0.8462686567164178
ALLT,1.0,6.994146847447582,6.994146847447582,102.86666615804036,102.86666615804036,0.0,0.0,0.0,0.0,0.0,1.0,6.994146847447582,1.0,102.86666615804036,0.0,5.181391422712764,0.0,5.181391422712764,102.86666615804036,0.0,102.86666615804036,532.9924617143276,1,1,1.0,0.8114689709347996,0.9756480754124116,0.8240377062058131,0.94344069128044,0.5003927729772192,0.8453260015710918
ASRE,2.0,12.675381570993032,6.337690785496516,32.19582859725411,32.19582859725411,0.0,0.0,0.0,0.0,0.0,2.0,12.675381570993032,1.0,32.19582859725411,0.0,8.135162680417782,0.0,8.135162680417782,32.19582859725411,0.0,32.19582859725411,261.91830326950924,2,2,1.0,0.9214454045561665,0.959937156323645,0.6645718774548312,0.94344069128044,0.5003927729772192,0.8417124901806755
ALL,3.0,18.732745153712063,6.244248384570688,18.57949269070168,18.57949269070168,0.0,0.0,0.0,0.0,0.0,3.0,18.732745153712063,1.0,18.57949269070168,0.0,10.672712135610732,0.0,10.672712135610732,18.57949269070168,0.0,18.57949269070168,198.29357711354274,3,3,1.0,0.9583660644147682,0.9536527886881383,0.6048703849175177,0.94344069128044,0.5003927729772192,0.8389630793401414
AAEEF,1.0,8.669273143432884,8.669273143432884,536.6208028271237,536.6208028271237,0.0,0.0,0.0,0.0,0.0,1.0,8.669273143432884,1.0,536.6208028271237,0.0,2.611134892287886,0.0,2.611134892287886,536.6208028271237,0.0,536.6208028271237,1401.1893021894407,1,1,1.0,0.6904948939512962,0.9866457187745483,0.9497250589159466,0.94344069128044,0.5003927729772192,0.8374705420267087
BBBT,1.0,6.519756838905775,6.519756838905775,42.02737476417956,42.02737476417956,0.0,0.0,0.0,0.0,0.0,1.0,6.519756838905775,1.0,42.02737476417956,0.0,6.519756838905775,0.0,6.519756838905775,42.02737476417956,0.0,42.02737476417956,274.0082640400157,1,1,1.0,0.8695993715632364,0.9622937941869599,0.6983503534956795,0.94344069128044,0.5003927729772192,0.8336213668499609
ABEPF,1.0,6.366459627329192,6.366459627329192,157.16879638119045,157.16879638119045,0.0,0.0,0.0,0.0,0.0,1.0,6.366459627329192,1.0,157.16879638119045,0.0,3.0073025873263357,0.0,3.0073025873263357,157.16879638119045,0.0,157.16879638119045,472.6541280041201,1,1,1.0,0.7132757266300078,0.9748625294579732,0.8758837391987431,0.94344069128044,0.5003927729772192,0.8260015710919087
ASM,1.0,5.538579067990832,5.538579067990832,56.046065558852,56.046065558852,0.0,0.0,0.0,0.0,0.0,1.0,5.538579067990832,1.0,56.046065558852,0.0,4.767099181880572,0.0,4.767099181880572,56.046065558852,0.0,56.046065558852,267.17715327322827,1,1,1.0,0.7902592301649647,0.9615082482325216,0.7391987431264729,0.94344069128044,0.5003927729772192,0.8177533385703065
AUB,2.0,12.424491141747055,6.212245570873527,0.1704584259059087,0.1704584259059087,0.0,0.0,0.0,0.0,0.0,2.0,12.424491141747055,1.0,0.1704584259059087,0.0,11.04964657840548,0.0,11.04964657840548,0.1704584259059087,0.0,0.1704584259059087,1.883505362571608,2,2,1.0,0.96700706991359,0.9308719560094265,0.5113904163393559,0.94344069128044,0.5003927729772192,0.816025137470542
AMKAF,1.0,5.378863966075215,5.378863966075215,128.6170662676216,128.6170662676216,0.0,0.0,0.0,0.0,0.0,1.0,5.378863966075215,1.0,128.6170662676216,0.0,2.5407954293178117,0.0,2.5407954293178117,128.6170662676216,0.0,128.6170662676216,326.78965410503906,1,1,1.0,0.6873527101335428,0.9685781618224666,0.8476040848389631,0.94344069128044,0.5003927729772192,0.8106834249803613
AMXEF,1.0,6.868607006967435,6.868607006967435,131.2232006470313,131.2232006470313,0.0,0.0,0.0,0.0,0.0,1.0,6.868607006967435,1.0,131.2232006470313,0.0,2.4035848755472937,0.0,2.4035848755472937,131.2232006470313,0.0,131.2232006470313,315.40610039611227,1,1,1.0,0.6810683424980362,0.9662215239591516,0.852317360565593,0.94344069128044,0.5003927729772192,0.809033778476041
AMLC,1.0,5.596369922212619,5.596369922212619,133.33333850734886,133.33333850734886,0.0,0.0,0.0,0.0,0.0,1.0,5.596369922212619,1.0,133.33333850734886,0.0,2.275314215056508,0.0,2.275314215056508,133.33333850734886,0.0,133.33333850734886,303.37524044671216,1,1,1.0,0.6732128829536528,0.9646504320502749,0.8531029065200314,0.94344069128044,0.5003927729772192,0.8063629222309504
AMMCF,1.0,5.55813953488372,5.55813953488372,15.984554285209388,15.984554285209388,0.0,0.0,0.0,0.0,0.0,1.0,5.55813953488372,1.0,15.984554285209388,0.0,5.55813953488372,0.0,5.55813953488372,15.984554285209388,0.0,15.984554285209388,88.84438312011729,1,1,1.0,0.8366064414768264,0.94344069128044,0.593872741555381,0.94344069128044,0.5003927729772192,0.797172034564022
AETUF,1.0,5.453616013775291,5.453616013775291,120.53966009019976,120.53966009019976,0.0,0.0,0.0,0.0,0.0,1.0,5.453616013775291,1.0,120.53966009019976,0.0,1.908426112377077,0.0,1.908426112377077,120.53966009019977,0.0,120.53966009019977,230.04103489319422,1,1,1.0,0.6484681853888452,0.9575805184603299,0.8436763550667714,0.94344069128044,0.5003927729772192,0.7949332285938727
ACKAY,1.0,5.307602045092615,5.307602045092615,18.49368138805145,18.49368138805145,0.0,0.0,0.0,0.0,0.0,1.0,5.307602045092615,1.0,18.49368138805145,0.0,4.568295415901163,0.0,4.568295415901163,18.49368138805145,0.0,18.49368138805145,84.4845999081721,1,1,1.0,0.7808326787117046,0.9426551453260016,0.6040848389630793,0.94344069128044,0.5003927729772192,0.7822466614296936
BB,1.0,5.211368780580366,5.211368780580366,85.72804529497468,85.72804529497468,0.0,0.0,0.0,0.0,0.0,1.0,5.211368780580366,1.0,85.72804529497468,0.0,1.8236546608644395,0.0,1.8236546608644395,85.72804529497468,0.0,85.72804529497468,156.33834936897836,1,1,1.0,0.6410054988216811,0.9512961508248232,0.7996857816182247,0.94344069128044,0.5003927729772192,0.7820109976433621
ARTW,1.0,5.038496376811596,5.038496376811596,79.03711212972281,79.03711212972281,0.0,0.0,0.0,0.0,0.0,1.0,5.038496376811596,1.0,79.03711212972281,0.0,1.7631600810061612,0.0,1.7631600810061612,79.03711212972281,0.0,79.03711212972281,139.35508102513512,1,1,1.0,0.6394344069128044,0.9481539670070699,0.786331500392773,0.94344069128044,0.5003927729772192,0.7779261586802829
ASPN,5.0,35.40821505785234,7.081643011570468,682.1237291781542,682.1237291781542,2.0,20.951219127012163,10.475609563506081,682.1237291781542,682.1237291781542,7.0,14.456995930840176,0.7142857142857143,682.1237291781542,682.1237291781542,22.075894620837943,8.739155345821382,13.33673927501656,682.1237291781542,682.1237291781541,682.1237291781542,0.0,7,7,1.0,0.9897879025923016,0.48978790259230165,0.9575805184603299,0.8656716417910447,0.5003927729772192,0.7719952867242733
BEEM,3.0,28.305192057204486,9.435064019068163,394.6558008838592,394.6558008838592,1.0,8.436607339046363,8.436607339046363,394.6558008838592,394.6558008838592,4.0,19.868584718158125,0.75,394.6558008838592,394.6558008838592,19.317192246288535,6.249992437502649,13.067199808785887,394.6558008838592,394.6558008838592,394.6558008838592,0.0,4,4,1.0,0.9882168106834249,0.48978790259230165,0.9363707776904949,0.8735271013354281,0.5003927729772192,0.7680675569520817
AQQSQ,2.0,18.869974125390172,9.434987062695086,400.0,400.0,1.0,7.313536712678344,7.313536712678344,400.0,400.0,3.0,11.556437412711828,0.6666666666666666,400.0,400.0,16.522751422989153,5.418001254376791,11.104750168612362,400.0,400.0,400.0,0.0,3,3,1.0,0.9685781618224666,0.48978790259230165,0.9379418695993715,0.802827965435978,0.5003927729772192,0.7554202670856245
BGNX,2.0,21.7479013883446,10.8739506941723,209.9999941792464,209.9999941792464,1.0,6.69877012476283,6.69877012476283,209.9999941792464,209.9999941792464,3.0,15.04913126358177,0.6666666666666666,209.9999941792464,209.9999941792464,18.249958517372857,3.676362991988874,14.573595525383983,209.99999417924639,209.9999941792464,209.9999941792464,0.0,3,3,1.0,0.99528672427337,0.48978790259230165,0.8970934799685781,0.802827965435978,0.5003927729772192,0.7552631578947369
ARYMF,2.0,21.96316173773613,10.981580868868065,782.3529435100564,782.3529435100564,1.0,5.991423874171624,5.991423874171624,782.3529435100564,782.3529435100564,3.0,15.971737863564506,0.6666666666666666,782.3529435100564,782.3529435100564,14.613209995255382,4.438555973813787,10.174654021441594,782.3529435100565,782.3529435100564,782.3529435100564,0.0,3,3,1.0,0.9520816967792616,0.48978790259230165,0.9607227022780833,0.802827965435978,0.5003927729772192,0.7550274941084054
BBSRF,1.0,7.791164658634536,7.791164658634536,21.117229452156884,21.117229452156884,0.0,0.0,0.0,0.0,0.0,1.0,7.791164658634536,1.0,21.117229452156884,0.0,2.34665369923563,0.0,2.34665369923563,21.117229452156884,0.0,21.117229452156884,49.554824611511556,1,1,1.0,0.6787117046347211,0.9371563236449332,0.6166535742340927,0.94344069128044,0.5003927729772192,0.7524744697564808
AZNCF,1.0,5.818031772230246,5.818031772230246,33.39549169176742,33.39549169176742,0.0,0.0,0.0,0.0,0.0,1.0,5.818031772230246,1.0,33.39549169176742,0.0,1.7523574945170415,0.0,1.7523574945170415,33.39549169176742,0.0,33.39549169176742,58.52084014915023,1,1,1.0,0.6374705420267086,0.9402985074626866,0.6684996072270227,0.94344069128044,0.5003927729772192,0.751413982717989
ASPR,2.0,33.71088659659673,16.855443298298365,200.000021827838,200.000021827838,1.0,24.699641129661416,24.699641129661416,200.000021827838,200.000021827838,3.0,9.011245466935314,0.6666666666666666,200.000021827838,200.000021827838,20.81996718769474,8.64333682076703,12.17663036692771,200.00002182783797,200.000021827838,200.00002182783797,0.0,3,3,1.0,0.9803613511390417,0.48978790259230165,0.8931657501963864,0.802827965435978,0.5003927729772192,0.75
AIMLF,2.0,21.054358338906745,10.527179169453373,389.366326666933,389.366326666933,1.0,13.52813852813853,13.52813852813853,389.366326666933,389.366326666933,3.0,7.526219810768215,0.6666666666666666,389.366326666933,389.366326666933,16.58750923650362,6.390240161539702,10.19726907496392,389.36632666693293,389.366326666933,389.36632666693293,0.0,3,3,1.0,0.9528672427336999,0.48978790259230165,0.9340141398271798,0.802827965435978,0.5003927729772192,0.7499214454045562
ANAS,3.0,21.12502339335028,7.041674464450093,1101.141192589713,1101.141192589713,1.0,8.800813008130078,8.800813008130078,1101.141192589713,1101.141192589713,4.0,12.324210385220201,0.75,1101.141192589713,1101.141192589713,14.046028134835758,6.519802633235441,7.526225501600317,1101.141192589713,1101.141192589713,1101.141192589713,0.0,4,4,1.0,0.9041633935585232,0.48978790259230165,0.9717203456402199,0.8735271013354281,0.5003927729772192,0.7499214454045562
AZN,1.0,5.818031772230246,5.818031772230246,31.394428936759965,31.394428936759965,0.0,0.0,0.0,0.0,0.0,1.0,5.818031772230246,1.0,31.394428936759965,0.0,1.7523574945170415,0.0,1.7523574945170415,31.39442893675996,0.0,31.39442893675996,55.014262833414,1,1,1.0,0.6374705420267086,0.9387274155538099,0.6598586017282011,0.94344069128044,0.5003927729772192,0.7492144540455618
AMNI,4.0,30.104623837357316,7.526155959339329,129.4009841424029,129.4009841424029,1.0,14.132449425423866,14.132449425423866,129.4009841424029,129.4009841424029,5.0,15.97217441193345,0.8,129.4009841424029,129.4009841424029,22.4682333007214,10.469576037216875,11.998657263504526,129.4009841424029,129.4009841424029,129.4009841424029,0.0,5,5,1.0,0.9795758051846033,0.48978790259230165,0.8499607227022781,0.8837391987431265,0.5003927729772192,0.7492144540455616
BABL,2.0,17.68325472262363,8.841627361311815,599.0384550908441,599.0384550908441,1.0,8.313057583130576,8.313057583130576,599.0384550908441,599.0384550908441,3.0,9.370197139493055,0.6666666666666666,599.0384550908441,599.0384550908441,13.901931555296994,5.300639541056915,8.601292014240078,599.038455090844,599.0384550908441,599.038455090844,0.0,3,3,1.0,0.927336999214454,0.48978790259230165,0.9524744697564808,0.802827965435978,0.5003927729772192,0.7459544383346426
BABLD,2.0,17.68325472262363,8.841627361311815,599.0384550908441,599.0384550908441,1.0,8.313057583130576,8.313057583130576,599.0384550908441,599.0384550908441,3.0,9.370197139493055,0.6666666666666666,599.0384550908441,599.0384550908441,13.901931555296994,5.300639541056915,8.601292014240078,599.038455090844,599.0384550908441,599.038455090844,0.0,3,3,1.0,0.927336999214454,0.48978790259230165,0.9524744697564808,0.802827965435978,0.5003927729772192,0.7459544383346426
ASNCF,3.0,23.35152062395287,7.78384020798429,175.86327453268942,175.86327453268945,1.0,7.343557855170653,7.343557855170653,175.86327453268945,175.86327453268945,4.0,16.007962768782214,0.75,175.86327453268945,175.86327453268945,16.014081714408228,6.320658821284271,9.693422893123957,175.86327453268945,175.86327453268945,175.86327453268945,0.0,4,4,1.0,0.9465828750981933,0.48978790259230165,0.8853102906520032,0.8735271013354281,0.5003927729772192,0.7453652788688139
AFNL,4.0,27.279316913327097,6.819829228331774,116.00000000000004,116.00000000000004,1.0,10.86861313868613,10.86861313868613,116.00000000000004,116.00000000000004,5.0,16.410703774640965,0.8,116.00000000000004,116.00000000000004,17.995964997165963,6.930133706312558,11.065831290853405,116.00000000000007,116.00000000000004,116.00000000000007,0.0,5,5,1.0,0.9677926158680282,0.48978790259230165,0.835820895522388,0.8837391987431265,0.5003927729772192,0.7428515318146112
AGGI,2.0,22.775035358462915,11.387517679231458,372.10359370744646,372.10359370744646,1.0,11.882647795960487,11.882647795960487,372.10359370744646,372.10359370744646,3.0,10.892387562502428,0.6666666666666666,372.10359370744646,372.10359370744646,16.931865744602295,8.802881997190985,8.12898374741131,372.1035937074465,372.10359370744646,372.10359370744646,0.0,3,3,1.0,0.9206598586017282,0.48978790259230165,0.9293008641005499,0.802827965435978,0.5003927729772192,0.7393165750196388
BDCM,1.0,6.083916083916084,6.083916083916084,8229.411456198643,8229.411456198643,1.0,5.50959825846032,5.50959825846032,8229.411456198643,8229.411456198643,2.0,0.5743178254557639,0.5,6053.799748193983,8056.435957581158,4.507075888063598,5.50959825846032,-1.002522370396722,6053.799748193982,8056.435957581158,7055.11785288757,2007.6875996771369,2,2,1.0,0.46504320502749413,0.99057344854674,0.9948939512961509,0.49410840534171246,0.5003927729772192,0.7351139041633935
AXIM,1.0,7.491818606825619,7.491818606825619,1.104870897815575,1.104870897815575,0.0,0.0,0.0,0.0,0.0,1.0,7.491818606825619,1.0,1.104870897815575,0.0,2.621670140021629,0.0,2.621670140021629,1.104870897815575,0.0,1.104870897815575,2.8966070413819813,1,1,1.0,0.6912804399057345,0.9316575019638649,0.5168892380204242,0.94344069128044,0.5003927729772192,0.7346425765907306
AABVF,2.0,15.722365871948632,7.861182935974316,306.6666679084305,306.6666679084305,1.0,7.174914097379679,7.174914097379679,306.6666679084305,306.6666679084305,3.0,8.547451774568954,0.6666666666666666,306.6666679084305,306.6666679084305,12.113038752836292,4.574927213957209,7.538111538879083,306.6666679084305,306.6666679084305,306.6666679084305,0.0,3,3,1.0,0.9065200314218381,0.48978790259230165,0.9183032207384132,0.802827965435978,0.5003927729772192,0.7328750981932444
BAJFF,4.0,27.04047337080341,6.760118342700853,52.21164079899334,52.21164079899334,1.0,6.354978354978353,6.354978354978353,52.21164079899334,52.21164079899334,5.0,20.685495015825058,0.8,52.21164079899334,52.21164079899334,17.93031382312844,3.001879218284889,14.92843460484355,52.21164079899335,52.21164079899334,52.21164079899334,0.0,5,5,1.0,0.9968578161822467,0.48978790259230165,0.7289866457187746,0.8837391987431265,0.5003927729772192,0.730204241948154
ABGSF,2.0,19.35015043790301,9.675075218951505,110.26191062269052,110.26191062269052,1.0,5.895691609977324,5.895691609977324,110.26191062269052,110.26191062269052,3.0,13.454458827925688,0.6666666666666666,110.26191062269052,110.26191062269052,12.301558800605736,2.063125051448988,10.238433749156748,110.26191062269051,110.26191062269052,110.26191062269051,0.0,3,3,1.0,0.9536527886881383,0.48978790259230165,0.8303220738413197,0.802827965435978,0.5003927729772192,0.7294186959937157
ALVLF,3.0,22.51536055539011,7.505120185130036,349.99999329447814,349.99999329447814,1.0,15.5,15.5,349.99999329447814,349.99999329447814,4.0,7.01536055539011,0.75,349.99999329447814,349.99999329447814,12.734320750789516,6.301829725979287,6.432491024810229,349.99999329447814,349.99999329447814,349.99999329447814,0.0,4,4,1.0,0.8672427336999214,0.48978790259230165,0.9238020424194815,0.8735271013354281,0.5003927729772192,0.729261586802828
AHNR,3.0,27.210155472708657,9.070051824236218,136.36363913451356,136.36363913451356,2.0,14.832103427689473,7.416051713844737,136.36363913451356,136.36363913451356,5.0,12.378052045019183,0.6,136.36363913451356,136.36363913451356,19.710096223627517,8.997992874227995,10.712103349399522,136.36363913451356,136.36363913451356,136.36363913451356,0.0,5,5,1.0,0.9591516103692066,0.48978790259230165,0.8570306362922231,0.7128829536527886,0.5003927729772192,0.727415553809898
BCHMF,2.0,24.002446542169444,12.001223271084722,373.7945566990687,373.7945566990687,1.0,10.36786830135176,10.36786830135176,373.7945566990687,373.7945566990687,3.0,13.634578240817685,0.6666666666666666,373.7945566990687,373.7945566990687,14.047936624110664,7.680705747269795,6.3672308768408685,373.7945566990687,373.79455669906866,373.79455669906866,0.0,3,3,1.0,0.8641005498821681,0.48978790259230165,0.9300864100549883,0.802827965435978,0.5003927729772192,0.7225058915946583
AOAO,3.0,26.868829982123874,8.956276660707958,90.9158281112492,90.9158281112492,2.0,14.97115870462009,7.485579352310045,90.9158281112492,90.9158281112492,5.0,11.897671277503784,0.6,90.9158281112492,90.9158281112492,21.753964805791618,11.025629631352299,10.72833517443932,90.9158281112492,90.9158281112492,90.9158281112492,0.0,5,5,1.0,0.959937156323645,0.48978790259230165,0.8043990573448547,0.7128829536527886,0.5003927729772192,0.7171249018067557
BBBK,1.0,5.715617715617717,5.715617715617717,0.2184996358339278,0.2184996358339278,0.0,0.0,0.0,0.0,0.0,1.0,5.715617715617717,1.0,0.2184996358339278,0.0,1.721510973446899,0.0,1.721510973446899,0.21849963583392779,0.0,0.21849963583392779,0.376149520782258,1,1,1.0,0.6339355852317361,0.9277297721916732,0.5121759622937941,0.94344069128044,0.5003927729772192,0.7153181461115475
AWON,2.0,11.716586397761862,5.858293198880931,633.6996308005415,633.6996308005415,1.0,5.596131823387199,5.596131823387199,633.6996308005415,633.6996308005415,3.0,6.120454574374663,0.6666666666666666,633.6996308005415,633.6996308005415,7.328334133267556,1.958297774005422,5.370036359262134,633.6996308005414,633.6996308005415,633.6996308005414,0.0,3,3,1.0,0.8224666142969363,0.48978790259230165,0.9544383346425765,0.802827965435978,0.5003927729772192,0.7148860958366064
ATLC,3.0,22.56252403508504,7.520841345028347,574.5399968791011,574.5399968791011,2.0,20.713230389043655,10.356615194521828,574.5399968791011,574.5399968791011,5.0,1.8492936460413851,0.6,574.5399968791011,574.5399968791011,17.164101056686945,11.29344822034847,5.870652836338476,574.5399968791011,574.5399968791011,574.5399968791011,0.0,5,5,1.0,0.8476040848389631,0.48978790259230165,0.950510604870385,0.7128829536527886,0.5003927729772192,0.7126472898664572
BBTT,2.0,27.958454597923147,13.979227298961574,203.3333327124519,203.3333327124519,1.0,18.53448275862069,18.53448275862069,203.3333327124519,203.3333327124519,3.0,9.423971839302457,0.6666666666666666,203.3333327124519,203.3333327124519,12.520861073583795,6.485915177491242,6.0349458960925535,203.33333271245186,203.3333327124519,203.3333327124519,0.0,3,3,1.0,0.8507462686567164,0.48978790259230165,0.8947368421052632,0.802827965435978,0.5003927729772192,0.7114296936370778
AHFCF,2.0,13.082348046134037,6.541174023067018,266.6666728754841,266.6666728754841,1.0,6.5958973971516,6.5958973971516,266.6666728754841,266.6666728754841,3.0,6.486450648982436,0.6666666666666666,266.6666728754841,266.6666728754841,8.128589878261877,2.68169176044383,5.446898117818048,266.6666728754841,266.6666728754841,266.6666728754841,0.0,3,3,1.0,0.826394344069128,0.48978790259230165,0.9112333071484682,0.802827965435978,0.5003927729772192,0.7074234092694422
BCCEF,2.0,13.278650119538185,6.639325059769092,668.5345020896564,668.5345020896564,1.0,5.8041351010101,5.8041351010101,668.5345020896564,668.5345020896564,3.0,7.474515018528084,0.6666666666666666,668.5345020896564,668.5345020896564,8.555496373964532,3.700879936220125,4.854616437744407,668.5345020896563,668.5345020896564,668.5345020896563,0.0,2,3,1.0,0.795758051846033,0.48978790259230165,0.9567949725058916,0.802827965435978,0.5003927729772192,0.7073448546739984
ASKH,2.0,16.88796054926919,8.443980274634596,352.72377303098506,352.72377303098506,1.0,5.201837873318017,5.201837873318017,352.72377303098506,352.72377303098506,3.0,11.686122675951175,0.6666666666666666,352.72377303098506,352.72377303098506,9.086396947318889,3.853616277586225,5.232780669732664,352.723773030985,352.72377303098506,352.723773030985,0.0,3,3,1.0,0.8153967007069913,0.48978790259230165,0.9245875883739199,0.802827965435978,0.5003927729772192,0.7067949725058916
AFML,1.0,11.796287774198497,11.796287774198497,800.0000072759125,800.0000072759125,1.0,7.371794871794871,7.371794871794871,800.0000072759125,800.0000072759125,2.0,4.4244929024036255,0.5,800.0000072759125,800.0000072759125,11.796287774198497,4.700463938237431,7.095823835961066,800.0000072759125,800.0000072759125,800.0000072759125,0.0,2,2,1.0,0.8892380204241949,0.48978790259230165,0.9615082482325216,0.49410840534171246,0.5003927729772192,0.7054595443833465
AZTA,3.0,25.146019112000683,8.382006370666895,150.0972202671736,150.0972202671736,1.0,13.319327731092436,13.319327731092436,150.0972202671736,150.0972202671736,4.0,11.826691380908247,0.75,150.0972202671736,150.0972202671736,16.783222977833653,11.464051618770727,5.319171359062926,150.0972202671736,150.0972202671736,150.0972202671736,0.0,4,4,1.0,0.8208955223880597,0.48978790259230165,0.8703849175176748,0.8735271013354281,0.5003927729772192,0.7046739984289081
ASGTF,4.0,37.31521175176646,9.328802937941616,73.58105866377775,73.58105866377775,3.0,28.791396537514178,9.597132179171393,73.58105866377775,73.58105866377775,7.0,8.523815214252284,0.5714285714285714,73.58105866377775,73.58105866377775,23.396493945849343,14.787756340061925,8.608737605787418,73.58105866377775,73.58105866377775,73.58105866377775,0.0,7,7,1.0,0.9293008641005499,0.48978790259230165,0.7784760408483896,0.6826394344069128,0.5003927729772192,0.6997250589159467
ASML,3.0,26.927335254321214,8.97577841810707,189.21150946347333,189.2115094634733,2.0,19.854280396393506,9.927140198196753,189.2115094634733,189.2115094634733,5.0,7.073054857927708,0.6,189.2115094634733,189.2115094634733,17.528930178735184,11.81701899132634,5.711911187408845,189.2115094634733,189.2115094634733,189.2115094634733,0.0,4,5,1.0,0.8421052631578947,0.48978790259230165,0.8884524744697565,0.7128829536527886,0.5003927729772192,0.698586017282011
ASPZ,3.0,18.404430633033165,6.134810211011055,1883.884303875764,1883.884303875764,2.0,19.070426589608175,9.535213294804088,1883.884303875764,1883.884303875764,5.0,-0.66599595657501,0.6,1883.884303875764,1883.884303875764,11.327768467975211,6.8987814480160505,4.428987019959161,1883.884303875764,1883.884303875764,1883.884303875764,0.0,5,5,1.0,0.7745483110761979,0.48978790259230165,0.9819324430479183,0.7128829536527886,0.5003927729772192,0.6970149253731343
AN,2.0,19.467889024120094,9.733944512060047,137.25621840002924,137.25621840002924,2.0,14.408285969182984,7.204142984591492,137.25621840002924,137.25621840002924,4.0,5.05960305493711,0.5,137.25621840002924,137.25621840002924,15.451684142935106,6.920649105484647,8.531035037450458,137.25621840002924,137.25621840002924,137.25621840002924,0.0,4,4,1.0,0.9261586802827966,0.48978790259230165,0.8586017282010998,0.49410840534171246,0.5003927729772192,0.6959544383346425
AMBK,3.0,37.92686806370371,12.642289354567902,32.06922040911356,32.06922040911356,2.0,22.370210063695023,11.185105031847511,32.06922040911356,32.06922040911356,5.0,15.556658000008685,0.6,32.06922040911356,32.06922040911356,20.79983527181114,8.616493589620243,12.183341682190898,32.06922040911356,32.069220409113555,32.069220409113555,0.0,5,5,1.0,0.98114689709348,0.48978790259230165,0.6637863315003928,0.7128829536527886,0.5003927729772192,0.6953652788688139
ADTTF,2.0,25.992897102328854,12.996448551164427,218.20561774423192,218.20561774423192,2.0,17.091434935422818,8.545717467711409,218.20561774423192,218.20561774423192,4.0,8.901462166906036,0.5,218.20561774423192,218.20561774423192,16.98473677114182,9.878077495783902,7.1066592753579165,218.20561774423192,218.20561774423192,218.20561774423192,0.0,4,4,1.0,0.8900235663786331,0.48978790259230165,0.9002356637863315,0.49410840534171246,0.5003927729772192,0.6934406912804398
ALDA,2.0,17.164590079149285,8.582295039574642,30.617427950818893,30.617427950818893,1.0,6.1439618358788906,6.1439618358788906,30.617427950818893,30.617427950818893,3.0,11.020628243270394,0.6666666666666666,30.617427950818893,30.617427950818893,14.21520803604733,5.288156958992103,8.927051077055225,30.617427950818897,30.61742795081889,30.617427950818893,0.0,3,3,1.0,0.9332285938727416,0.48978790259230165,0.6582875098193244,0.802827965435978,0.5003927729772192,0.6888845247446975
AMXOF,2.0,18.160562841413903,9.080281420706951,38.88895397205532,38.88895397205532,1.0,7.355242566510173,7.355242566510173,38.88895397205532,38.88895397205532,3.0,10.80532027490373,0.6666666666666666,38.88895397205532,38.88895397205532,12.347252802799431,4.689909722413669,7.657343080385762,38.88895397205532,38.88895397205532,38.88895397205532,0.0,3,3,1.0,0.9120188531029065,0.48978790259230165,0.6842105263157895,0.802827965435978,0.5003927729772192,0.6877062058130401
ATGFF,3.0,17.552019030243834,5.850673010081278,35.69965599698236,35.69965599698236,1.0,6.609738280561223,6.609738280561223,35.69965599698236,35.69965599698236,4.0,10.94228074968261,0.75,35.69965599698236,35.69965599698236,11.439065632701446,4.214555202537931,7.224510430163515,35.69965599698236,35.69965599698236,35.69965599698236,0.0,4,4,1.0,0.8931657501963864,0.48978790259230165,0.6755695208169678,0.8735271013354281,0.5003927729772192,0.6873919874312647
ADPXY,2.0,18.537443479179764,9.268721739589882,58.70896696545695,58.70896696545695,1.0,8.814814814814811,8.814814814814811,58.70896696545695,58.70896696545695,3.0,9.722628664364953,0.6666666666666666,58.70896696545695,58.70896696545695,10.003934062725854,3.5838362599356506,6.420097802790203,58.70896696545696,58.70896696545695,58.70896696545696,0.0,3,3,1.0,0.8656716417910447,0.48978790259230165,0.7446975648075412,0.802827965435978,0.5003927729772192,0.6858994501178319
BDGR,3.0,16.262897086140175,5.420965695380058,460.0000291037906,460.0000291037906,2.0,11.415014529617064,5.707507264808532,460.0000291037906,460.0000291037906,5.0,4.8478825565231105,0.6,460.0000291037906,460.0000291037906,11.106797265504333,7.109012872111192,3.9977843933931414,460.0000291037906,460.00002910379055,460.0000291037906,0.0,4,5,1.0,0.7588373919874313,0.48978790259230165,0.9426551453260016,0.7128829536527886,0.5003927729772192,0.6844461901021209
ASTH,2.0,13.621467427376341,6.810733713688171,502.6147321478551,502.6147321478551,1.0,11.662710420474395,11.662710420474395,502.6147321478551,502.6147321478551,3.0,1.958757006901946,0.6666666666666666,502.6147321478551,502.6147321478551,7.411168336194042,4.081222633076026,3.3299457031180166,502.6147321478551,502.6147321478551,502.614732147855,0.0,3,3,1.0,0.7227022780832679,0.48978790259230165,0.9481539670070699,0.802827965435978,0.5003927729772192,0.6836999214454046
ARWR,2.0,12.159953231673658,6.079976615836829,62.17801705459725,62.17801705459725,1.0,8.52559205500382,8.52559205500382,62.17801705459725,62.17801705459725,3.0,3.634361176669838,0.6666666666666666,62.17801705459725,62.17801705459725,8.703419635766032,2.567858980091807,6.135560655674225,62.17801705459724,62.178017054597255,62.17801705459724,0.0,3,3,1.0,0.8546739984289081,0.48978790259230165,0.7494108405341713,0.802827965435978,0.5003927729772192,0.683542812254517
ADTN,2.0,15.366579529150343,7.683289764575171,98.77417327029602,98.77417327029602,1.0,7.337968154294685,7.337968154294685,98.77417327029602,98.77417327029602,3.0,8.028611374855657,0.6666666666666666,98.77417327029602,98.77417327029602,8.034803200417242,2.9833952156789425,5.051407984738299,98.774173270296,98.77417327029602,98.774173270296,0.0,3,3,1.0,0.8067556952081697,0.48978790259230165,0.819324430479183,0.802827965435978,0.5003927729772192,0.6831500392772978
BGFV,2.0,10.895080808565194,5.447540404282597,884.7740070731099,884.7740070731099,1.0,9.953627932351338,9.953627932351338,884.7740070731099,884.7740070731099,3.0,0.9414528762138552,0.6666666666666666,884.7740070731099,884.7740070731099,7.617723115264003,4.7017609136714755,2.915962201592527,884.7740070731099,884.7740070731099,884.77400707311,0.0,2,3,1.0,0.7054202670856246,0.48978790259230165,0.9646504320502749,0.802827965435978,0.5003927729772192,0.6818146111547526
ARBV,3.0,27.50512956667656,9.16837652222552,6.563507415911988,6.563507415911987,1.0,10.942622950819672,10.942622950819672,6.563507415911987,6.563507415911987,4.0,16.562506615856886,0.75,6.563507415911987,6.563507415911987,14.206693880923918,3.8292368447819047,10.377457036142014,6.563507415911987,6.563507415911987,6.563507415911987,0.0,4,4,1.0,0.9544383346425765,0.48978790259230165,0.5530243519245875,0.8735271013354281,0.5003927729772192,0.6812647289866457
AGYS,3.0,26.14423170150582,8.71474390050194,106.89912179092512,106.89912179092514,2.0,18.39690430051876,9.19845215025938,106.89912179092514,106.89912179092514,5.0,7.747327400987061,0.6,106.89912179092514,106.89912179092514,12.442317917847552,7.081714988940675,5.360602928906877,106.89912179092515,106.89912179092512,106.89912179092514,0.0,4,5,1.0,0.821681068342498,0.48978790259230165,0.8279654359780048,0.7128829536527886,0.5003927729772192,0.6803613511390417
APT,3.0,16.950333047247817,5.650111015749272,79.30657697597971,79.30657697597971,1.0,9.953627932351338,9.953627932351338,79.30657697597971,79.30657697597971,4.0,6.9967051148964785,0.75,79.30657697597971,79.30657697597971,9.502967191821195,4.7017609136714755,4.80120627814972,79.30657697597971,79.30657697597972,79.30657697597971,0.0,3,4,1.0,0.7910447761194029,0.48978790259230165,0.7879025923016496,0.8735271013354281,0.5003927729772192,0.6792223095051061
AECX,1.0,8.032712403452976,8.032712403452976,3540.0000042574766,3540.0000042574766,1.0,7.44281235390465,7.44281235390465,3540.0000042574766,3540.0000042574766,2.0,0.5899000495483264,0.5,3540.0000042574766,3540.0000042574766,6.913819637980474,2.2417320013447126,4.672087636635761,3540.0000042574766,3540.000004257476,3540.0000042574766,0.0,2,2,1.0,0.7847604084838963,0.48978790259230165,0.9866457187745483,0.49410840534171246,0.5003927729772192,0.6791437549096622
BEP,3.0,24.08663229787928,8.028877432626427,62.923000280005375,62.92300028000538,2.0,19.89287290635032,9.94643645317516,62.92300028000538,62.92300028000538,5.0,4.19375939152896,0.6,62.92300028000538,62.92300028000538,15.63366002128103,9.160666521548666,6.472993499732363,62.923000280005375,62.92300028000539,62.92300028000538,0.0,3,5,1.0,0.8680282796543598,0.48978790259230165,0.7517674783974863,0.7128829536527886,0.5003927729772192,0.6790259230164964
APO,3.0,24.198591872213374,8.066197290737792,53.478389197969896,53.47838919796989,2.0,16.298131425935313,8.149065712967657,53.47838919796989,53.47838919796989,5.0,7.9004604462780605,0.6,53.47838919796989,53.47838919796989,18.318594818856187,11.581906481625388,6.736688337230799,53.47838919796989,53.478389197969896,53.478389197969896,0.0,5,5,1.0,0.8782403770620582,0.48978790259230165,0.7336999214454045,0.7128829536527886,0.5003927729772192,0.6784760408483897
ARES,2.0,16.354856175240723,8.177428087620362,165.92974332055374,165.92974332055374,1.0,6.994979679655749,6.994979679655749,165.92974332055374,165.92974332055374,3.0,9.359876495584974,0.6666666666666666,165.92974332055374,165.92974332055374,10.857951434158403,6.994979679655749,3.862971754502654,165.92974332055374,165.92974332055374,165.92974332055374,0.0,3,3,1.0,0.7501963864886095,0.48978790259230165,0.8790259230164965,0.802827965435978,0.5003927729772192,0.6781225451688924
BAKPF,4.0,30.773626730860045,7.693406682715011,1354.6159983367777,1354.6159983367777,3.0,26.62092224596211,8.873640748654037,1354.6159983367777,1354.6159983367777,7.0,4.152704484897935,0.5714285714285714,1354.6159983367777,1354.6159983367777,17.590166879219083,14.28139763471076,3.3087692445083228,1354.6159983367775,1354.6159983367777,1354.6159983367777,0.0,7,7,1.0,0.7211311861743912,0.48978790259230165,0.9756480754124116,0.6826394344069128,0.5003927729772192,0.6767085624509034
ADERY,3.0,26.111675951791746,8.703891983930582,19.230316481626904,19.230316481626904,2.0,13.881353784935435,6.940676892467717,19.230316481626904,19.230316481626904,5.0,12.230322166856311,0.6,19.230316481626904,19.230316481626904,17.88322536789493,7.444312247024506,10.438913120870424,19.230316481626904,19.230316481626904,19.230316481626904,0.0,5,5,1.0,0.9552238805970149,0.48978790259230165,0.6087981146897093,0.7128829536527886,0.5003927729772192,0.6765907305577376
ASCCF,2.0,21.69822964147507,10.849114820737535,44.74475035211489,44.74475035211489,2.0,16.18545751633987,8.092728758169935,44.74475035211489,44.74475035211489,4.0,5.5127721251352,0.5,44.74475035211489,44.74475035211489,18.71903609511457,8.065390436153374,10.653645658961198,44.7447503521149,44.74475035211489,44.74475035211489,0.0,4,4,1.0,0.9575805184603299,0.48978790259230165,0.7085624509033779,0.49410840534171246,0.5003927729772192,0.6753731343283581
BBDC,2.0,18.6017981403672,9.3008990701836,8.48443294889521,8.48443294889521,1.0,6.915498294808639,6.915498294808639,8.48443294889521,8.48443294889521,3.0,11.686299845558562,0.6666666666666666,8.48443294889521,8.48443294889521,12.469037844530952,2.811631788657042,9.65740605587391,8.48443294889521,8.48443294889521,8.48443294889521,0.0,3,3,1.0,0.9457973291437549,0.48978790259230165,0.5640219952867243,0.802827965435978,0.5003927729772192,0.6738020424194816
AMYZF,2.0,17.332160495779295,8.666080247889647,354.904235478198,354.904235478198,2.0,17.634064099120362,8.817032049560181,354.904235478198,354.904235478198,4.0,-0.30190360334106714,0.5,354.904235478198,354.904235478198,11.453360162051503,6.381304941522764,5.072055220528739,354.904235478198,354.904235478198,354.904235478198,0.0,4,4,1.0,0.8075412411626081,0.48978790259230165,0.9253731343283582,0.49410840534171246,0.5003927729772192,0.6737234878240377
AMBA,2.0,21.454740161396053,10.727370080698027,187.92997658074788,187.92997658074788,2.0,18.47347243970048,9.23673621985024,187.92997658074788,187.92997658074788,4.0,2.9812677216955734,0.5,187.92997658074788,187.92997658074788,13.208846852539462,7.6828829765294095,5.525963876010053,187.92997658074788,187.92997658074785,187.92997658074785,0.0,4,4,1.0,0.8326787117046347,0.48978790259230165,0.8876669285153181,0.49410840534171246,0.5003927729772192,0.6737234878240377
AIVN,2.0,11.14337514178429,5.571687570892145,194.16961557366216,194.16961557366216,1.0,10.56277056277056,10.56277056277056,194.16961557366216,194.16961557366216,3.0,0.5806045790137304,0.6666666666666666,194.16961557366216,194.16961557366216,6.5469252859284275,3.181445355263086,3.3654799306653413,194.16961557366218,194.16961557366216,194.16961557366218,0.0,3,3,1.0,0.7250589159465829,0.48978790259230165,0.8915946582875098,0.802827965435978,0.5003927729772192,0.6730950510604871
AFFL,2.0,17.663548640204098,8.831774320102049,1900.0001455190527,1900.0001455190527,2.0,14.805841332675175,7.402920666337588,1900.0001455190527,1900.0001455190527,4.0,2.8577073075289228,0.5,1900.0001455190527,1900.0001455190527,12.524070145212578,8.260913037997698,4.26315710721488,1900.0001455190527,1900.0001455190527,1900.0001455190527,0.0,4,4,1.0,0.7666928515318147,0.48978790259230165,0.9827179890023566,0.49410840534171246,0.5003927729772192,0.6729379418695994
ALLK,2.0,19.29347520456735,9.646737602283675,0.0,0.0,0.0,0.0,0.0,0.0,0.0,2.0,19.29347520456735,1.0,0.0,0.0,16.6408538358366,0.0,16.6408538358366,0.0,0.0,0.0,0.0,2,2,1.0,1.0,0.48978790259230165,0.40769835035349566,0.94344069128044,0.5003927729772192,0.6728593872741556
AXNLF,2.0,18.229693965363147,9.114846982681573,0.0,0.0,0.0,0.0,0.0,0.0,0.0,2.0,18.229693965363147,1.0,0.0,0.0,15.82011668773017,0.0,15.82011668773017,0.0,0.0,0.0,0.0,2,2,1.0,0.9992144540455616,0.48978790259230165,0.40769835035349566,0.94344069128044,0.5003927729772192,0.6726237234878242
ABQQ,2.0,20.38737858363649,10.193689291818245,0.0,0.0,0.0,0.0,0.0,0.0,0.0,2.0,20.38737858363649,1.0,0.0,0.0,15.54474546765197,0.0,15.54474546765197,0.0,0.0,0.0,0.0,2,2,1.0,0.9984289080911233,0.48978790259230165,0.40769835035349566,0.94344069128044,0.5003927729772192,0.6723880597014925
APPS,1.0,10.501089324618738,10.501089324618738,946.2920421593676,946.2920421593676,1.0,6.232083476665519,6.232083476665519,946.2920421593676,946.2920421593676,2.0,4.269005847953219,0.5,946.2920421593676,946.2920421593676,9.03837134285137,4.616840992323284,4.421530350528086,946.2920421593677,946.2920421593677,946.2920421593677,0.0,2,2,1.0,0.7737627651217597,0.48978790259230165,0.9685781618224666,0.49410840534171246,0.5003927729772192,0.6722309505106049
APLT,1.0,15.118407202289328,15.118407202289328,0.0,0.0,0.0,0.0,0.0,0.0,0.0,1.0,15.118407202289328,1.0,0.0,0.0,15.118407202289328,0.0,15.118407202289328,0.0,0.0,0.0,0.0,1,1,1.0,0.997643362136685,0.48978790259230165,0.40769835035349566,0.94344069128044,0.5003927729772192,0.6721523959151611
AIAGF,3.0,29.26015670567651,9.753385568558837,118.3622870123376,118.3622870123376,2.0,18.939982808051855,9.469991404025928,118.3622870123376,118.3622870123376,5.0,10.320173897624656,0.6,118.3622870123376,118.3622870123376,14.909163273175722,10.2417376821126,4.667425591063122,118.3622870123376,118.36228701233757,118.36228701233759,0.0,5,5,1.0,0.7831893165750197,0.48978790259230165,0.8405341712490181,0.7128829536527886,0.5003927729772192,0.6713275726630009
ALTG,1.0,13.757792329003085,13.757792329003085,0.0,0.0,0.0,0.0,0.0,0.0,0.0,1.0,13.757792329003085,1.0,0.0,0.0,13.757792329003085,0.0,13.757792329003085,0.0,0.0,0.0,0.0,1,1,1.0,0.9945011783189317,0.48978790259230165,0.40769835035349566,0.94344069128044,0.5003927729772192,0.6712097407698351
ALPC,1.0,13.667661986661848,13.667661986661848,0.0,0.0,0.0,0.0,0.0,0.0,0.0,1.0,13.667661986661848,1.0,0.0,0.0,13.667661986661848,0.0,13.667661986661848,0.0,0.0,0.0,0.0,1,1,1.0,0.9933228593872742,0.48978790259230165,0.40769835035349566,0.94344069128044,0.5003927729772192,0.6708562450903378
AQNB,1.0,13.667661986661848,13.667661986661848,0.0,0.0,0.0,0.0,0.0,0.0,0.0,1.0,13.667661986661848,1.0,0.0,0.0,13.667661986661848,0.0,13.667661986661848,0.0,0.0,0.0,0.0,1,1,1.0,0.9933228593872742,0.48978790259230165,0.40769835035349566,0.94344069128044,0.5003927729772192,0.6708562450903378
AIZ,3.0,28.980273770900926,9.660091256966975,27.02040603654939,27.02040603654939,2.0,19.072774002138893,9.536387001069446,27.02040603654939,27.02040603654939,5.0,9.907499768762033,0.6,27.02040603654939,27.02040603654939,18.31958929088777,10.714173554842672,7.605415736045098,27.02040603654939,27.02040603654939,27.02040603654939,0.0,5,5,1.0,0.9104477611940298,0.48978790259230165,0.6441476826394344,0.7128829536527886,0.5003927729772192,0.6702278083267871
AKBLF,4.0,35.77542594701375,8.943856486753438,100.04204132866184,100.04204132866184,3.0,26.724351738012622,8.908117246004208,100.04204132866182,100.04204132866184,7.0,9.05107420900113,0.5714285714285714,100.04204132866184,100.04204132866184,22.849239656090965,17.86363127846012,4.985608377630847,100.04204132866182,100.04204132866185,100.04204132866184,0.0,6,7,1.0,0.8020424194815396,0.48978790259230165,0.821681068342498,0.6826394344069128,0.5003927729772192,0.6701885310290653
ATCC,2.0,17.533632190441736,8.766816095220868,856.2406245024274,856.2406245024274,1.0,13.763790920600467,13.763790920600467,856.2406245024274,856.2406245024274,3.0,3.769841269841269,0.6666666666666666,856.2406245024274,856.2406245024274,9.723371178882577,7.553728613990848,2.1696425648917286,856.2406245024274,856.2406245024274,856.2406245024273,0.0,3,3,1.0,0.6677140612725845,0.48978790259230165,0.9630793401413983,0.802827965435978,0.5003927729772192,0.6701885310290653
ADYEY,1.0,13.394269271254844,13.394269271254844,0.0,0.0,0.0,0.0,0.0,0.0,0.0,1.0,13.394269271254844,1.0,0.0,0.0,13.394269271254844,0.0,13.394269271254844,0.0,0.0,0.0,0.0,1,1,1.0,0.9909662215239592,0.48978790259230165,0.40769835035349566,0.94344069128044,0.5003927729772192,0.6701492537313433
ARPTF,1.0,13.394269271254844,13.394269271254844,0.0,0.0,0.0,0.0,0.0,0.0,0.0,1.0,13.394269271254844,1.0,0.0,0.0,13.394269271254844,0.0,13.394269271254844,0.0,0.0,0.0,0.0,1,1,1.0,0.9909662215239592,0.48978790259230165,0.40769835035349566,0.94344069128044,0.5003927729772192,0.6701492537313433
AJINY,2.0,20.84274509753263,10.421372548766316,53.28110606565559,53.28110606565559,1.0,21.03004291845493,21.03004291845493,53.28110606565559,53.28110606565559,3.0,-0.18729782092229996,0.6666666666666666,53.28110606565559,53.28110606565559,15.234178249451917,9.933888877386144,5.300289372065773,53.281106065655585,53.28110606565559,53.28110606565559,0.0,3,3,1.0,0.8201099764336214,0.48978790259230165,0.7329143754909663,0.802827965435978,0.5003927729772192,0.6698743126472899
AMTY,3.0,22.01912145584818,7.339707151949393,186.3636389036075,186.36363890360752,2.0,12.972844676808872,6.486422338404436,186.36363890360752,186.36363890360752,5.0,9.046276779039307,0.6,186.36363890360752,186.36363890360752,9.931324988922624,6.107459483207401,3.823865505715223,186.36363890360747,186.36363890360752,186.3636389036075,0.0,5,5,1.0,0.7470542026708562,0.48978790259230165,0.8868813825608798,0.7128829536527886,0.5003927729772192,0.6697564807541242
ADN,1.0,15.272950971284398,15.272950971284398,0.0,0.0,0.0,0.0,0.0,0.0,0.0,1.0,15.272950971284398,1.0,0.0,0.0,13.145550724533315,0.0,13.145550724533315,0.0,0.0,0.0,0.0,1,1,1.0,0.9890023566378633,0.48978790259230165,0.40769835035349566,0.94344069128044,0.5003927729772192,0.6695600942655145
AKOM,2.0,15.628895181127561,7.8144475905637805,0.0,0.0,0.0,0.0,0.0,0.0,0.0,2.0,15.628895181127561,1.0,0.0,0.0,12.774475134203163,0.0,12.774475134203163,0.0,0.0,0.0,0.0,2,2,1.0,0.9874312647289867,0.48978790259230165,0.40769835035349566,0.94344069128044,0.5003927729772192,0.6690887666928517
AFFT,2.0,13.654929589984553,6.827464794992276,0.0,0.0,0.0,0.0,0.0,0.0,0.0,2.0,13.654929589984553,1.0,0.0,0.0,12.729868943105707,0.0,12.729868943105707,0.0,0.0,0.0,0.0,2,2,1.0,0.9866457187745483,0.48978790259230165,0.40769835035349566,0.94344069128044,0.5003927729772192,0.66885310290652
BHFAL,2.0,13.362270811570188,6.681135405785094,0.0,0.0,0.0,0.0,0.0,0.0,0.0,2.0,13.362270811570188,1.0,0.0,0.0,12.573959999532743,0.0,12.573959999532743,0.0,0.0,0.0,0.0,2,2,1.0,0.98586017282011,0.48978790259230165,0.40769835035349566,0.94344069128044,0.5003927729772192,0.6686174391201886
AZRGF,1.0,12.45830868012184,12.45830868012184,0.0,0.0,0.0,0.0,0.0,0.0,0.0,1.0,12.45830868012184,1.0,0.0,0.0,12.45830868012184,0.0,12.45830868012184,0.0,0.0,0.0,0.0,1,1,1.0,0.9850746268656716,0.48978790259230165,0.40769835035349566,0.94344069128044,0.5003927729772192,0.6683817753338571
ALRS,4.0,29.127768202004425,7.281942050501106,41.51401876289155,41.51401876289155,2.0,24.834622213774335,12.417311106887167,41.51401876289155,41.51401876289155,6.0,4.293145988230091,0.6666666666666666,41.51401876289155,41.51401876289155,20.996490427324687,15.38334533951365,5.613145087811038,41.51401876289155,41.514018762891546,41.514018762891546,0.0,6,6,1.0,0.8397486252945797,0.48978790259230165,0.6952081696779262,0.802827965435978,0.5003927729772192,0.6682246661429694
AILQF,2.0,17.594253714589627,8.797126857294813,59.07885865213645,59.07885865213645,1.0,7.525070196550341,7.525070196550341,59.07885865213645,59.07885865213645,3.0,10.069183518039285,0.6666666666666666,59.07885865213645,59.07885865213645,10.606008028130178,5.574709113513449,5.0312989146167295,59.07885865213645,59.07885865213645,59.078858652136454,0.0,3,3,1.0,0.805184603299293,0.48978790259230165,0.746268656716418,0.802827965435978,0.5003927729772192,0.6680675569520818
APSI,0.0,0.0,0.0,0.0,0.0,1.0,6.571925406248125,6.571925406248125,7012.149173890447,7012.149173890447,1.0,-6.571925406248125,0.0,0.0,7012.149173890447,0.0,1.9794258934806825,-1.9794258934806825,0.0,7012.149173890446,7012.149173890446,13880.029643747928,1,1,1.0,0.384917517674784,0.9960722702278083,0.992930086410055,0.037706205813040065,0.5003927729772192,0.6666928515318146
AKRO,1.0,11.835208376170474,11.835208376170474,0.0,0.0,0.0,0.0,0.0,0.0,0.0,1.0,11.835208376170474,1.0,0.0,0.0,11.835208376170474,0.0,11.835208376170474,0.0,0.0,0.0,0.0,1,1,1.0,0.9780047132757266,0.48978790259230165,0.40769835035349566,0.94344069128044,0.5003927729772192,0.6662608012568735
AFYA,1.0,11.835208376170474,11.835208376170474,0.0,0.0,0.0,0.0,0.0,0.0,0.0,1.0,11.835208376170474,1.0,0.0,0.0,11.835208376170474,0.0,11.835208376170474,0.0,0.0,0.0,0.0,1,1,1.0,0.9780047132757266,0.48978790259230165,0.40769835035349566,0.94344069128044,0.5003927729772192,0.6662608012568735
AGBA,1.0,11.835208376170474,11.835208376170474,0.0,0.0,0.0,0.0,0.0,0.0,0.0,1.0,11.835208376170474,1.0,0.0,0.0,11.835208376170474,0.0,11.835208376170474,0.0,0.0,0.0,0.0,1,1,1.0,0.9780047132757266,0.48978790259230165,0.40769835035349566,0.94344069128044,0.5003927729772192,0.6662608012568735
APTO,2.0,17.161012068378753,8.580506034189376,14.042980102384764,14.042980102384764,1.0,9.24505724619945,9.24505724619945,14.042980102384764,14.042980102384764,3.0,7.9159548221793035,0.6666666666666666,14.042980102384764,14.042980102384764,14.333109557801265,6.848906859230099,7.484202698571166,14.042980102384766,14.042980102384764,14.042980102384766,0.0,3,3,1.0,0.9025923016496465,0.48978790259230165,0.5875883739198743,0.802827965435978,0.5003927729772192,0.6655538098978792
BH,2.0,12.038192194736041,6.0190960973680205,102.78712308863336,102.78712308863336,1.0,6.2375917632393,6.2375917632393,102.78712308863336,102.78712308863336,3.0,5.800600431496741,0.6666666666666666,102.78712308863336,102.78712308863336,5.97194287667418,2.1827688215022434,3.7891740551719364,102.78712308863336,102.78712308863336,102.78712308863335,0.0,3,3,1.0,0.7454831107619796,0.48978790259230165,0.8232521602513747,0.802827965435978,0.5003927729772192,0.665553809897879
ARZGF,2.0,14.407234709257907,7.203617354628953,7.0594273636805145,7.0594273636805145,1.0,5.303776683087028,5.303776683087028,7.0594273636805145,7.0594273636805145,3.0,9.103458026170879,0.6666666666666666,7.0594273636805145,7.0594273636805145,9.871302557535728,1.5974668382207105,8.273835719315016,7.0594273636805145,7.0594273636805145,7.059427363680515,0.0,3,3,1.0,0.9230164964650432,0.48978790259230165,0.5569520816967792,0.802827965435978,0.5003927729772192,0.665553809897879
ARRJF,2.0,12.35544594110331,6.177722970551655,0.0,0.0,0.0,0.0,0.0,0.0,0.0,2.0,12.35544594110331,1.0,0.0,0.0,11.430385294224465,0.0,11.430385294224465,0.0,0.0,0.0,0.0,2,2,1.0,0.974076983503535,0.48978790259230165,0.40769835035349566,0.94344069128044,0.5003927729772192,0.665082482325216
AMFL,2.0,15.370437689728623,7.685218844864312,1214.1414026702128,1214.1414026702128,1.0,8.403254513094328,8.403254513094328,1214.1414026702128,1214.1414026702128,3.0,6.967183176634295,0.6666666666666666,1214.1414026702128,1214.1414026702128,7.207720674562698,5.358151642791661,1.8495690317710372,1214.1414026702128,1214.1414026702128,1214.1414026702128,0.0,3,3,1.0,0.6425765907305577,0.48978790259230165,0.9732914375490966,0.802827965435978,0.5003927729772192,0.6646897093479969
AGTX,2.0,15.214012634123467,7.6070063170617335,0.0,0.0,0.0,0.0,0.0,0.0,0.0,2.0,15.214012634123467,1.0,0.0,0.0,11.291722794845564,0.0,11.291722794845564,0.0,0.0,0.0,0.0,2,2,1.0,0.9725058915946583,0.48978790259230165,0.40769835035349566,0.94344069128044,0.5003927729772192,0.6646111547525532
BFK,2.0,15.656979942514864,7.828489971257432,7.125326231732157,7.125326231732157,1.0,8.363609179935711,8.363609179935711,7.125326231732157,7.125326231732157,3.0,7.293370762579153,0.6666666666666666,7.125326231732157,7.125326231732157,11.353232850839525,3.400389738489814,7.952843112349711,7.125326231732156,7.125326231732157,7.125326231732156,0.0,3,3,1.0,0.9183032207384132,0.48978790259230165,0.558523173605656,0.802827965435978,0.5003927729772192,0.6644540455616654
AVDL,1.0,8.432040272431152,8.432040272431152,153.67854322861342,153.67854322861342,1.0,7.997405928043983,7.997405928043983,153.67854322861342,153.67854322861342,2.0,0.4346343443871694,0.5,153.67854322861342,153.67854322861342,8.432040272431152,3.2515026069722928,5.180537665458859,153.67854322861342,153.67854322861342,153.67854322861342,0.0,2,2,1.0,0.8106834249803614,0.48978790259230165,0.8735271013354281,0.49410840534171246,0.5003927729772192,0.6642969363707777
ALRTF,2.0,13.552252367000484,6.776126183500242,72.48810690843293,72.48810690843293,1.0,7.18835707334336,7.18835707334336,72.48810690843293,72.48810690843293,3.0,6.363895293657125,0.6666666666666666,72.48810690843293,72.48810690843293,10.5798088878731,6.187076270418114,4.3927326174549854,72.48810690843293,72.48810690843293,72.48810690843293,0.0,3,3,1.0,0.772191673212883,0.48978790259230165,0.7745483110761979,0.802827965435978,0.5003927729772192,0.6638256087981147
ADHI,2.0,18.07730462862593,9.038652314312966,2.989306002404467,2.989306002404467,1.0,12.192622950819672,12.192622950819672,2.989306002404467,2.989306002404467,3.0,5.88468167780626,0.6666666666666666,2.989306002404467,2.989306002404467,13.464859882485674,4.266659031170849,9.198200851314827,2.989306002404467,2.989306002404467,2.989306002404467,0.0,3,3,1.0,0.9363707776904949,0.48978790259230165,0.5271013354281225,0.802827965435978,0.5003927729772192,0.6635899450117833
APYX,2.0,11.693425035179967,5.8467125175899834,0.0,0.0,0.0,0.0,0.0,0.0,0.0,2.0,11.693425035179967,1.0,0.0,0.0,10.880470644699464,0.0,10.880470644699464,0.0,0.0,0.0,0.0,2,2,1.0,0.9654359780047133,0.48978790259230165,0.40769835035349566,0.94344069128044,0.5003927729772192,0.6624901806755695
ABDDF,1.0,12.629107981220658,12.629107981220658,0.0,0.0,0.0,0.0,0.0,0.0,0.0,1.0,12.629107981220658,1.0,0.0,0.0,10.86997397456998,0.0,10.86997397456998,0.0,0.0,0.0,0.0,1,1,1.0,0.9638648860958366,0.48978790259230165,0.40769835035349566,0.94344069128044,0.5003927729772192,0.6620188531029066
AAGH,0.0,0.0,0.0,0.0,0.0,1.0,5.918591859185919,5.918591859185919,772.7056374058545,772.7056374058545,1.0,-5.918591859185919,0.0,0.0,772.7056374058545,0.0,1.7826456106574777,-1.7826456106574777,0.0,772.7056374058545,772.7056374058545,1377.4603128518352,1,1,1.0,0.401413982717989,0.9850746268656716,0.959937156323645,0.037706205813040065,0.5003927729772192,0.6617439120188531
AVNY,4.0,28.00085824948299,7.000214562370748,0.0,0.0,1.0,9.245595502733018,9.245595502733018,0.0,0.0,5.0,18.755262746749974,0.8,0.0,0.0,19.11253336108476,6.849305609477567,12.263227751607193,0.0,0.0,0.0,0.0,3,5,1.0,0.9827179890023566,0.48978790259230165,0.40769835035349566,0.8837391987431265,0.5003927729772192,0.6617046347211313
ARKO,1.0,10.859443968674348,10.859443968674348,0.0,0.0,0.0,0.0,0.0,0.0,0.0,1.0,10.859443968674348,1.0,0.0,0.0,10.859443968674348,0.0,10.859443968674348,0.0,0.0,0.0,0.0,1,1,1.0,0.9622937941869599,0.48978790259230165,0.40769835035349566,0.94344069128044,0.5003927729772192,0.6615475255302435
AAVMY,1.0,10.859443968674348,10.859443968674348,0.0,0.0,0.0,0.0,0.0,0.0,0.0,1.0,10.859443968674348,1.0,0.0,0.0,10.859443968674348,0.0,10.859443968674348,0.0,0.0,0.0,0.0,1,1,1.0,0.9622937941869599,0.48978790259230165,0.40769835035349566,0.94344069128044,0.5003927729772192,0.6615475255302435
ALID,1.0,10.859443968674348,10.859443968674348,0.0,0.0,0.0,0.0,0.0,0.0,0.0,1.0,10.859443968674348,1.0,0.0,0.0,10.859443968674348,0.0,10.859443968674348,0.0,0.0,0.0,0.0,1,1,1.0,0.9622937941869599,0.48978790259230165,0.40769835035349566,0.94344069128044,0.5003927729772192,0.6615475255302435
AILLN,5.0,42.77361075157676,8.554722150315353,3.238614526125461,3.238614526125461,3.0,27.85411902064898,9.284706340216326,3.238614526125461,3.238614526125461,8.0,14.919491730927781,0.625,3.238614526125461,3.238614526125461,27.31106434804449,17.58369589237125,9.72736845567324,3.238614526125461,3.238614526125461,3.238614526125461,0.0,8,8,1.0,0.9473684210526315,0.48978790259230165,0.5294579732914375,0.7395915161036921,0.5003927729772192,0.6610369206598586
ALTS,2.0,13.134985349730076,6.567492674865038,127.85072350934612,127.85072350934612,1.0,10.389678502124088,10.389678502124088,127.85072350934612,127.85072350934612,3.0,2.7453068476059883,0.6666666666666666,127.85072350934612,127.85072350934612,6.172227633961228,3.129311028468413,3.042916605492815,127.85072350934611,127.85072350934612,127.85072350934611,0.0,2,3,1.0,0.7140612725844462,0.48978790259230165,0.8468185388845247,0.802827965435978,0.5003927729772192,0.6608405341712491
ATUS,1.0,12.138284250960307,12.138284250960307,0.0,0.0,0.0,0.0,0.0,0.0,0.0,1.0,12.138284250960307,1.0,0.0,0.0,10.447518074916195,0.0,10.447518074916195,0.0,0.0,0.0,0.0,1,1,1.0,0.9560094265514533,0.48978790259230165,0.40769835035349566,0.94344069128044,0.5003927729772192,0.6596622152395916
AKAAF,1.0,9.757415822978984,9.757415822978984,69.06423335173073,69.06423335173073,1.0,6.085836909871244,6.085836909871244,69.06423335173073,69.06423335173073,2.0,3.6715789131077408,0.5,69.06423335173073,69.06423335173073,9.757415822978984,3.3399781115078513,6.417437711471133,69.06423335173073,69.06423335173073,69.06423335173073,0.0,2,2,1.0,0.8648860958366065,0.48978790259230165,0.7674783974862529,0.49410840534171246,0.5003927729772192,0.6593479968578162
AFGVY,3.0,27.54277146238725,9.18092382079575,10.98155021458844,10.98155021458844,2.0,15.517210038124436,7.758605019062218,10.98155021458844,10.98155021458844,5.0,12.025561424262815,0.6,10.98155021458844,10.98155021458844,16.723577402752937,8.984503416897768,7.739073985855169,10.98155021458844,10.98155021458844,10.981550214588442,0.0,5,5,1.0,0.9159465828750982,0.48978790259230165,0.5789473684210527,0.7128829536527886,0.5003927729772192,0.6588373919874314
AESO,3.0,22.999436614733813,7.6664788715779375,1450.0000836734955,1450.0000836734955,2.0,15.34426764669543,7.672133823347715,1450.0000836734955,1450.0000836734955,5.0,7.655168968038383,0.6,1450.0000836734955,1450.0000836734955,9.882651037303798,7.967355043447585,1.9152959938562137,1450.0000836734957,1450.0000836734953,1450.0000836734955,0.0,5,5,1.0,0.6496465043205027,0.48978790259230165,0.9780047132757266,0.7128829536527886,0.5003927729772192,0.6587588373919874
ACHC,2.0,11.998383725293502,5.999191862646751,103.62710803183452,103.62710803183452,1.0,11.118344652848648,11.118344652848648,103.62710803183452,103.62710803183452,3.0,0.8800390724448537,0.6666666666666666,103.62710803183452,103.62710803183452,6.593527101515751,3.348781055482995,3.2447460460327564,103.62710803183452,103.62710803183452,103.62710803183454,0.0,3,3,1.0,0.7179890023566379,0.48978790259230165,0.8248232521602514,0.802827965435978,0.5003927729772192,0.657619795758052
ALKEF,2.0,13.002741607285166,6.501370803642583,21.41453765473641,21.41453765473641,1.0,5.919854280510016,5.919854280510016,21.41453765473641,21.41453765473641,3.0,7.08288732677515,0.6666666666666666,21.41453765473641,21.41453765473641,9.939510818988833,3.774665742751844,6.164845076236988,21.41453765473641,21.41453765473641,21.41453765473641,0.0,3,3,1.0,0.8554595443833464,0.48978790259230165,0.617439120188531,0.802827965435978,0.5003927729772192,0.6573841319717203
AMRK,3.0,40.36040975868104,13.453469919560346,468.34228166833617,468.3422816683361,3.0,34.200263130703846,11.400087710234615,468.34228166833617,468.3422816683361,6.0,6.160146627977191,0.5,468.3422816683361,468.3422816683361,21.58380041907551,17.939053846207322,3.6447465728681863,468.3422816683361,468.34228166833606,468.34228166833617,0.0,6,6,1.0,0.7407698350353495,0.48978790259230165,0.94344069128044,0.49410840534171246,0.5003927729772192,0.6573055773762765
AIG,2.0,18.680647598756334,9.340323799378167,5.80331994031441,5.80331994031441,1.0,6.512528347806848,6.512528347806848,5.80331994031441,5.80331994031441,3.0,12.168119250949486,0.6666666666666666,5.80331994031441,5.80331994031441,9.701578813270661,2.2789795110541196,7.4225993022165415,5.803319940314409,5.8033199403144105,5.80331994031441,0.0,3,3,1.0,0.8994501178318932,0.48978790259230165,0.5475255302435192,0.802827965435978,0.5003927729772192,0.656598586017282
AMLH,1.0,7.410509856480706,7.410509856480706,2152.5000605731784,2152.5000605731784,1.0,11.29854155684414,11.29854155684414,2152.5000605731784,2152.5000605731784,2.0,-3.8880317003634346,0.5,2152.5000605731784,2152.5000605731784,6.378284942849454,3.4030553199709357,2.9752296228785187,2152.5000605731784,2152.5000605731784,2152.5000605731784,0.0,2,2,1.0,0.7101335428122545,0.48978790259230165,0.9850746268656716,0.49410840534171246,0.5003927729772192,0.6564414768263943
AVRI,3.0,36.276093960592064,12.092031320197355,8004.767951500605,8004.767951500605,4.0,35.49088752195618,8.872721880489046,8004.767951500605,8004.767951500605,7.0,0.7852064386358819,0.42857142857142855,6053.799748193983,8004.767951500605,17.3684661779777,21.025565574400744,-3.6570993964230425,6053.799748193983,8004.767951500605,7168.638721512053,7134.884638753195,7,7,1.0,0.2615868028279654,0.9945011783189317,0.9968578161822467,0.30086410054988216,0.5003927729772192,0.6563236449332287
AFSIM,2.0,17.0249443104682,8.5124721552341,0.0,0.0,0.0,0.0,0.0,0.0,0.0,2.0,17.0249443104682,1.0,0.0,0.0,9.646602470776454,0.0,9.646602470776454,0.0,0.0,0.0,0.0,2,2,1.0,0.9446190102120974,0.48978790259230165,0.40769835035349566,0.94344069128044,0.5003927729772192,0.6562450903377849
AFSIN,2.0,17.0249443104682,8.5124721552341,0.0,0.0,0.0,0.0,0.0,0.0,0.0,2.0,17.0249443104682,1.0,0.0,0.0,9.646602470776454,0.0,9.646602470776454,0.0,0.0,0.0,0.0,2,2,1.0,0.9446190102120974,0.48978790259230165,0.40769835035349566,0.94344069128044,0.5003927729772192,0.6562450903377849
BACK,1.0,11.14878852085366,11.14878852085366,0.0,0.0,0.0,0.0,0.0,0.0,0.0,1.0,11.14878852085366,1.0,0.0,0.0,9.595851207374867,0.0,9.595851207374867,0.0,0.0,0.0,0.0,1,1,1.0,0.94344069128044,0.48978790259230165,0.40769835035349566,0.94344069128044,0.5003927729772192,0.6558915946582876
BF-A,4.0,36.66944236462814,9.167360591157035,4.411209065804096,4.411209065804096,2.0,23.197095302358456,11.598547651179228,4.411209065804096,4.411209065804096,6.0,13.472347062269684,0.6666666666666666,4.411209065804096,4.411209065804096,22.598799994966956,15.070651064414015,7.528148930552941,4.411209065804096,4.411209065804096,4.411209065804096,0.0,6,6,1.0,0.9049489395129615,0.48978790259230165,0.5357423409269442,0.802827965435978,0.5003927729772192,0.6558915946582875
ALTX,2.0,12.42478171190131,6.212390855950655,55.432096880359225,55.432096880359225,1.0,8.043478260869565,8.043478260869565,55.432096880359225,55.432096880359225,3.0,4.381303451031746,0.6666666666666666,55.432096880359225,55.432096880359225,6.784865472334166,2.4226490958155384,4.362216376518628,55.432096880359225,55.432096880359225,55.43209688035923,0.0,3,3,1.0,0.769835035349568,0.48978790259230165,0.7376276512175962,0.802827965435978,0.5003927729772192,0.6557344854673999
AFSIP,2.0,18.62889641957041,9.314448209785205,0.0,0.0,0.0,0.0,0.0,0.0,0.0,2.0,18.62889641957041,1.0,0.0,0.0,9.57645427042327,0.0,9.57645427042327,0.0,0.0,0.0,0.0,2,2,1.0,0.9418695993715632,0.48978790259230165,0.40769835035349566,0.94344069128044,0.5003927729772192,0.6554202670856245
BC,2.0,19.29787486467648,9.64893743233824,72.34109777692052,72.34109777692052,1.0,12.104072398190045,12.104072398190045,72.34109777692052,72.34109777692052,3.0,7.193802466486435,0.6666666666666666,72.34109777692052,72.34109777692052,14.166781266322031,10.41807166034855,3.748709605973481,72.34109777692053,72.34109777692052,72.34109777692053,0.0,3,3,1.0,0.7439120188531029,0.48978790259230165,0.7737627651217597,0.802827965435978,0.5003927729772192,0.6551846032992931
AGIO,2.0,13.795873374347876,6.897936687173938,38.36596787741223,38.36596787741223,1.0,5.366701425095585,5.366701425095585,38.36596787741223,38.36596787741223,3.0,8.42917194925229,0.6666666666666666,38.36596787741223,38.36596787741223,6.6246806183847005,1.6164194062997566,5.008261212084944,38.36596787741223,38.36596787741223,38.36596787741223,0.0,3,3,1.0,0.8036135113904164,0.48978790259230165,0.6818538884524745,0.802827965435978,0.5003927729772192,0.6547132757266301
ASLE,1.0,10.845820814456909,10.845820814456909,0.0,0.0,0.0,0.0,0.0,0.0,0.0,1.0,10.845820814456909,1.0,0.0,0.0,9.335084485879978,0.0,9.335084485879978,0.0,0.0,0.0,0.0,1,1,1.0,0.9391201885310291,0.48978790259230165,0.40769835035349566,0.94344069128044,0.5003927729772192,0.6545954438334644
APQT,1.0,10.845820814456909,10.845820814456909,0.0,0.0,0.0,0.0,0.0,0.0,0.0,1.0,10.845820814456909,1.0,0.0,0.0,9.335084485879978,0.0,9.335084485879978,0.0,0.0,0.0,0.0,1,1,1.0,0.9391201885310291,0.48978790259230165,0.40769835035349566,0.94344069128044,0.5003927729772192,0.6545954438334644
APCOF,3.0,21.389164343543406,7.129721447847802,155.5621664746033,155.5621664746033,2.0,19.878453474426912,9.939226737213456,155.5621664746033,155.5621664746033,5.0,1.5107108691164939,0.6,155.5621664746033,155.5621664746033,11.581290121394531,8.729397529708844,2.8518925916856865,155.5621664746033,155.5621664746033,155.5621664746033,0.0,5,5,1.0,0.7030636292223095,0.48978790259230165,0.8750981932443048,0.7128829536527886,0.5003927729772192,0.6542026708562451
AVRW,2.0,13.626448389603244,6.813224194801622,0.0,0.0,0.0,0.0,0.0,0.0,0.0,2.0,13.626448389603244,1.0,0.0,0.0,9.201980734850803,0.0,9.201980734850803,0.0,0.0,0.0,0.0,2,2,1.0,0.9371563236449332,0.48978790259230165,0.40769835035349566,0.94344069128044,0.5003927729772192,0.6540062843676356
ATCMF,3.0,17.857850210791383,5.9526167369304614,74.02489783723621,74.02489783723621,1.0,14.393939393939393,14.393939393939393,74.02489783723621,74.02489783723621,4.0,3.4639108168519908,0.75,74.02489783723621,74.02489783723621,10.885811210917698,7.899561428626137,2.9862497822915612,74.02489783723621,74.02489783723621,74.02489783723621,0.0,4,4,1.0,0.7117046347211312,0.48978790259230165,0.779261586802828,0.8735271013354281,0.5003927729772192,0.6536920659858603
BEBE,2.0,15.345960307365257,7.672980153682628,44.68405161919296,44.68405161919296,2.0,15.546894165281106,7.773447082640553,44.68405161919296,44.68405161919296,4.0,-0.2009338579158495,0.5,44.68405161919296,44.68405161919296,12.50930148407216,5.68484989663661,6.824451587435551,44.68405161919295,44.68405161919296,44.68405161919296,0.0,4,4,1.0,0.8845247446975648,0.48978790259230165,0.7077769049489395,0.49410840534171246,0.5003927729772192,0.653299293008641
AVACF,4.0,29.744825569856783,7.436206392464196,0.0,0.0,1.0,11.882647795960487,11.882647795960487,0.0,0.0,5.0,17.862177773896295,0.8,0.0,0.0,18.759733125937444,8.802881997190985,9.95685112874646,0.0,0.0,0.0,0.0,5,5,1.0,0.9497250589159466,0.48978790259230165,0.40769835035349566,0.8837391987431265,0.5003927729772192,0.6518067556952082
ARXRF,4.0,34.60710737931416,8.65177684482854,34.736846955364456,34.736846955364456,2.0,23.106949540019986,11.553474770009993,34.736846955364456,34.736846955364456,6.0,11.500157839294172,0.6666666666666666,34.736846955364456,34.736846955364456,20.52801776840378,15.638247237481675,4.889770530922107,34.736846955364456,34.73684695536445,34.736846955364456,0.0,5,6,1.0,0.7973291437549097,0.48978790259230165,0.6732128829536528,0.802827965435978,0.5003927729772192,0.6510997643362137
AWK,3.0,24.944753545944394,8.31491784864813,40.38218028836847,40.38218028836847,2.0,17.899309004473437,8.949654502236719,40.38218028836847,40.38218028836847,5.0,7.045444541470957,0.6,40.38218028836847,40.38218028836847,14.700958660422373,9.480620392029873,5.220338268392499,40.38218028836846,40.38218028836847,40.38218028836847,0.0,5,5,1.0,0.8146111547525531,0.48978790259230165,0.6912804399057345,0.7128829536527886,0.5003927729772192,0.6509033778476042
AMSSY,2.0,17.53338446663674,8.76669223331837,0.0,0.0,1.0,5.3899652260308,5.3899652260308,0.0,0.0,3.0,12.14341924060594,0.6666666666666666,0.0,0.0,16.068312637156943,4.6391860626984,11.429126574458543,0.0,0.0,0.0,0.0,3,3,1.0,0.9732914375490966,0.48978790259230165,0.40769835035349566,0.802827965435978,0.5003927729772192,0.6507855459544384
BCV,3.0,27.036257909573788,9.01208596985793,24.456386017390525,24.45638601739052,2.0,19.724120854635558,9.862060427317779,24.45638601739052,24.45638601739052,5.0,7.31213705493823,0.6,24.45638601739052,24.45638601739052,19.511191796390328,13.39313823607699,6.118053560313339,24.45638601739052,24.45638601739052,24.45638601739052,0.0,5,5,1.0,0.8538884524744698,0.48978790259230165,0.631578947368421,0.7128829536527886,0.5003927729772192,0.6507462686567166
ATVVF,2.0,10.193152365890464,5.096576182945232,0.0,0.0,0.0,0.0,0.0,0.0,0.0,2.0,10.193152365890464,1.0,0.0,0.0,8.325584263182188,0.0,8.325584263182188,0.0,0.0,0.0,0.0,2,2,1.0,0.9238020424194815,0.48978790259230165,0.40769835035349566,0.94344069128044,0.5003927729772192,0.65
AON,3.0,19.25859281280968,6.419530937603227,51.782535221939575,51.782535221939575,1.0,9.190077704722055,9.190077704722055,51.782535221939575,51.782535221939575,4.0,10.068515108087626,0.75,51.782535221939575,51.782535221939575,9.383654615661012,5.859852260122393,3.523802355538619,51.78253522193956,51.78253522193958,51.78253522193957,0.0,4,4,1.0,0.7321288295365279,0.48978790259230165,0.7282010997643362,0.8735271013354281,0.5003927729772192,0.6496072270227808
AMGY,3.0,24.0146679885567,8.0048893295189,61.29031434313989,61.29031434313988,2.0,17.538583710063854,8.769291855031927,61.29031434313988,61.29031434313988,5.0,6.476084278492845,0.6,61.29031434313988,61.29031434313988,13.457283554211987,9.078815493126504,4.378468061085483,61.29031434313989,61.29031434313988,61.29031434313988,0.0,5,5,1.0,0.7714061272584446,0.48978790259230165,0.7470542026708562,0.7128829536527886,0.5003927729772192,0.649096622152396
ATEN,2.0,18.57181775682421,9.285908878412105,106.29765190491862,106.29765190491862,1.0,10.862950340798443,10.862950340798443,106.29765190491862,106.29765190491862,3.0,7.708867416025766,0.6666666666666666,106.29765190491862,106.29765190491862,6.349247335899781,3.801356390965265,2.547890944934516,106.29765190491864,106.29765190491862,106.29765190491862,0.0,3,3,1.0,0.6881382560879812,0.48978790259230165,0.826394344069128,0.802827965435978,0.5003927729772192,0.6489787902592302
ACUR,2.0,16.9731260749705,8.48656303748525,58.09035875577639,58.09035875577639,2.0,19.78909031767637,9.894545158838184,58.09035875577639,58.09035875577639,4.0,-2.815964242705867,0.5,58.09035875577639,58.09035875577639,12.664319439801705,6.837659273626302,5.826660166175403,58.0903587557764,58.09035875577639,58.09035875577639,0.0,4,4,1.0,0.845247446975648,0.48978790259230165,0.7439120188531029,0.49410840534171246,0.5003927729772192,0.6487431264728987
ARHOF,2.0,21.59546051454771,10.797730257273855,0.0,0.0,1.0,9.868448679056767,9.868448679056767,0.0,0.0,3.0,11.727011835490943,0.6666666666666666,0.0,0.0,16.425089221270976,5.4159194652630775,11.0091697560079,0.0,0.0,0.0,0.0,3,3,1.0,0.9662215239591516,0.48978790259230165,0.40769835035349566,0.802827965435978,0.5003927729772192,0.6486645718774549
ASWRF,1.0,7.398085785182558,7.398085785182558,194.9429062185872,194.9429062185872,1.0,5.996618927625914,5.996618927625914,194.9429062185872,194.9429062185872,2.0,1.4014668575566445,0.5,194.9429062185872,194.9429062185872,7.398085785182558,3.823613042802252,3.574472742380306,194.9429062185872,194.9429062185872,194.9429062185872,0.0,2,2,1.0,0.7384131971720346,0.48978790259230165,0.8923802042419482,0.49410840534171246,0.5003927729772192,0.6463864886095836
AERS,1.0,7.291238173591115,7.291238173591115,234.1389723761457,234.1389723761457,1.0,6.982872200263504,6.982872200263504,234.1389723761457,234.1389723761457,2.0,0.30836597332761073,0.5,234.1389723761457,234.1389723761457,7.291238173591115,3.8322815168621074,3.4589566567290073,234.1389723761457,234.13897237614572,234.13897237614572,0.0,2,2,1.0,0.7289866457187746,0.48978790259230165,0.9057344854673999,0.49410840534171246,0.5003927729772192,0.646229379418696
ASCCY,2.0,18.877997894816303,9.438998947408152,0.0,0.0,1.0,7.13295074127212,7.13295074127212,0.0,0.0,3.0,11.745047153544183,0.6666666666666666,0.0,0.0,15.898804348455805,5.284219876359552,10.614584472096253,0.0,0.0,0.0,0.0,3,3,1.0,0.9567949725058916,0.48978790259230165,0.40769835035349566,0.802827965435978,0.5003927729772192,0.6458366064414769
AOSL,1.0,7.854077253218884,7.854077253218884,148.3734755669319,148.3734755669319,1.0,6.042200749359101,6.042200749359101,148.3734755669319,148.3734755669319,2.0,1.811876503859783,0.5,148.3734755669319,148.3734755669319,6.760066939304102,2.8541335389439344,3.905933400360168,148.3734755669319,148.3734755669319,148.3734755669319,0.0,2,2,1.0,0.7517674783974863,0.48978790259230165,0.8688138256087982,0.49410840534171246,0.5003927729772192,0.6456794972505892
BF-B,3.0,25.603159943878865,8.534386647959622,5.215589273622747,5.215589273622747,2.0,14.066660519749764,7.033330259874882,5.215589273622747,5.215589273622747,5.0,11.5364994241291,0.6,5.215589273622747,5.215589273622747,15.542626789700071,8.306658614711376,7.235968174988695,5.215589273622747,5.215589273622747,5.215589273622747,0.0,5,5,1.0,0.8955223880597015,0.48978790259230165,0.5435978004713276,0.7128829536527886,0.5003927729772192,0.6456402199528674
AFDG,0.0,0.0,0.0,0.0,0.0,1.0,8.121197661934866,8.121197661934866,2389.9999757856576,2389.9999757856576,1.0,-8.121197661934866,0.0,0.0,2389.9999757856576,0.0,2.8419136299042647,-2.8419136299042647,0.0,2389.9999757856576,2389.9999757856576,6792.173506656123,1,1,1.0,0.32050274941084056,0.9937156323644933,0.98586017282011,0.037706205813040065,0.5003927729772192,0.6452474469756481
APVNF,1.0,8.76471235036972,8.76471235036972,0.0,0.0,0.0,0.0,0.0,0.0,0.0,1.0,8.76471235036972,1.0,0.0,0.0,7.543857831034434,0.0,7.543857831034434,0.0,0.0,0.0,0.0,1,1,1.0,0.9073055773762765,0.48978790259230165,0.40769835035349566,0.94344069128044,0.5003927729772192,0.6450510604870386
ASMIY,4.0,31.895742612084984,7.973935653021246,0.0,0.0,1.0,15.394736842105264,15.394736842105264,0.0,0.0,5.0,16.50100576997972,0.8,0.0,0.0,19.853707329822377,11.40470155523171,8.449005774590667,0.0,0.0,0.0,0.0,4,5,1.0,0.9245875883739199,0.48978790259230165,0.40769835035349566,0.8837391987431265,0.5003927729772192,0.6442655145326002
ALCO,2.0,14.172632486034214,7.086316243017107,5.864027503242614,5.864027503242614,1.0,8.538961463523075,8.538961463523075,5.864027503242614,5.864027503242614,3.0,5.633671022511139,0.6666666666666666,5.864027503242614,5.864027503242614,11.622644617542385,5.444682214755771,6.177962402786614,5.864027503242614,5.864027503242614,5.864027503242614,0.0,3,3,1.0,0.8562450903377847,0.48978790259230165,0.549096622152396,0.802827965435978,0.5003927729772192,0.6439512961508249
AASZF,1.0,10.04140244679384,10.04140244679384,0.0,0.0,0.0,0.0,0.0,0.0,0.0,1.0,10.04140244679384,1.0,0.0,0.0,7.438853893782861,0.0,7.438853893782861,0.0,0.0,0.0,0.0,1,1,1.0,0.901413982717989,0.48978790259230165,0.40769835035349566,0.94344069128044,0.5003927729772192,0.6432835820895523
ALLO,1.0,10.04140244679384,10.04140244679384,0.0,0.0,0.0,0.0,0.0,0.0,0.0,1.0,10.04140244679384,1.0,0.0,0.0,7.438853893782861,0.0,7.438853893782861,0.0,0.0,0.0,0.0,1,1,1.0,0.901413982717989,0.48978790259230165,0.40769835035349566,0.94344069128044,0.5003927729772192,0.6432835820895523
AFFS,2.0,21.33300895911406,10.66650447955703,0.0,0.0,1.0,7.0265898291376,7.0265898291376,0.0,0.0,3.0,14.306419129976462,0.6666666666666666,0.0,0.0,12.28056680996692,2.4588690287357493,9.82169778123117,0.0,0.0,0.0,0.0,3,3,1.0,0.9481539670070699,0.48978790259230165,0.40769835035349566,0.802827965435978,0.5003927729772192,0.6432443047918304
AGYP,0.0,0.0,0.0,0.0,0.0,1.0,7.538543328017011,7.538543328017011,12104.258875935337,12104.258875935337,1.0,-7.538543328017011,0.0,0.0,8056.435957581158,0.0,3.06494299581164,-3.06494299581164,0.0,8056.435957581158,8056.435957581158,24692.51695939341,1,1,1.0,0.29850746268656714,0.997643362136685,0.9996072270227808,0.037706205813040065,0.5003927729772192,0.6425765907305577
ATIG,2.0,17.047760266821843,8.523880133410922,4850.0001913576425,4850.0001913576425,2.0,13.986733795380145,6.9933668976900725,4850.0001913576425,4850.0001913576425,4.0,3.061026471441698,0.5,4850.0001913576425,4850.0001913576425,7.424249412465167,5.353223365383817,2.0710260470813493,4850.0001913576425,4850.0001913576425,4850.0001913576425,0.0,4,4,1.0,0.6614296936370778,0.48978790259230165,0.9882168106834249,0.49410840534171246,0.5003927729772192,0.642458758837392
BAND,1.0,11.49007030067839,11.49007030067839,0.0,0.0,0.0,0.0,0.0,0.0,0.0,1.0,11.49007030067839,1.0,0.0,0.0,7.326392287825795,0.0,7.326392287825795,0.0,0.0,0.0,0.0,1,1,1.0,0.8978790259230165,0.48978790259230165,0.40769835035349566,0.94344069128044,0.5003927729772192,0.6422230950510605
ATYR,2.0,12.489719507263368,6.244859753631684,0.0,0.0,0.0,0.0,0.0,0.0,0.0,2.0,12.489719507263368,1.0,0.0,0.0,7.307689041743498,0.0,7.307689041743498,0.0,0.0,0.0,0.0,2,2,1.0,0.8970934799685781,0.48978790259230165,0.40769835035349566,0.94344069128044,0.5003927729772192,0.641987431264729
BGNE,3.0,28.74771967613635,9.582573225378782,0.0,0.0,1.0,15.394736842105264,15.394736842105264,0.0,0.0,4.0,13.352982834031085,0.75,0.0,0.0,19.514085362426457,11.40470155523171,8.109383807194746,0.0,0.0,0.0,0.0,4,4,1.0,0.9198743126472899,0.48978790259230165,0.40769835035349566,0.8735271013354281,0.5003927729772192,0.6418303220738414
BFYW,2.0,12.757219716764066,6.378609858382033,5412.694155721769,5412.694155721769,1.0,6.55645047336442,6.55645047336442,5412.694155721769,5412.694155721769,3.0,6.2007692433996455,0.6666666666666666,5412.694155721769,5412.694155721769,6.768283410350392,6.55645047336442,0.21183293698597172,5412.694155721769,5412.694155721769,5412.694155721769,0.0,3,3,1.0,0.5545954438334643,0.48978790259230165,0.9897879025923016,0.802827965435978,0.5003927729772192,0.6415946582875098
ALBHF,1.0,7.235023041474655,7.235023041474655,0.0,0.0,0.0,0.0,0.0,0.0,0.0,1.0,7.235023041474655,1.0,0.0,0.0,7.235023041474655,0.0,7.235023041474655,0.0,0.0,0.0,0.0,1,1,1.0,0.8947368421052632,0.48978790259230165,0.40769835035349566,0.94344069128044,0.5003927729772192,0.6412804399057345
BFAM,2.0,13.85325547820374,6.92662773910187,0.0891248910760326,0.0891248910760326,1.0,6.241721854304636,6.241721854304636,0.0891248910760326,0.0891248910760326,3.0,7.6115336238991045,0.6666666666666666,0.0891248910760326,0.0891248910760326,8.784256572851618,2.184214096273271,6.600042476578347,0.0891248910760326,0.0891248910760326,0.0891248910760326,0.0,3,3,1.0,0.8727415553809897,0.48978790259230165,0.5098193244304792,0.802827965435978,0.5003927729772192,0.641044776119403
ABCP,2.0,12.481865141569473,6.240932570784737,10.397668568916,10.397668568916,1.0,5.895691609977324,5.895691609977324,10.397668568916,10.397668568916,3.0,6.5861735315921495,0.6666666666666666,10.397668568916,10.397668568916,7.492117228637737,2.063125051448988,5.428992177188748,10.397668568916002,10.397668568916,10.397668568916002,0.0,3,3,1.0,0.8256087981146897,0.48978790259230165,0.5773762765121759,0.802827965435978,0.5003927729772192,0.6404163393558523
ALC,1.0,7.0588235294117645,7.0588235294117645,0.0,0.0,0.0,0.0,0.0,0.0,0.0,1.0,7.0588235294117645,1.0,0.0,0.0,7.0588235294117645,0.0,7.0588235294117645,0.0,0.0,0.0,0.0,1,1,1.0,0.8884524744697565,0.48978790259230165,0.40769835035349566,0.94344069128044,0.5003927729772192,0.6393951296150825
AHCO,1.0,8.156966490299823,8.156966490299823,0.0,0.0,0.0,0.0,0.0,0.0,0.0,1.0,8.156966490299823,1.0,0.0,0.0,7.020766121632966,0.0,7.020766121632966,0.0,0.0,0.0,0.0,1,1,1.0,0.8876669285153181,0.48978790259230165,0.40769835035349566,0.94344069128044,0.5003927729772192,0.6391594658287509
ASMLF,3.0,20.863262027776592,6.9544206759255305,192.9328094880068,192.9328094880068,2.0,19.854280396393506,9.927140198196753,192.9328094880068,192.9328094880068,5.0,1.0089816313830866,0.6,192.9328094880068,192.9328094880068,13.662306375994456,11.81701899132634,1.8452873846681168,192.9328094880068,192.9328094880068,192.9328094880068,0.0,4,5,1.0,0.6417910447761194,0.48978790259230165,0.8908091123330715,0.7128829536527886,0.5003927729772192,0.6389630793401414
AMKR,3.0,19.897480585442537,6.632493528480846,137.56198091207793,137.56198091207793,2.0,16.458521494492715,8.229260747246357,137.56198091207793,137.56198091207793,5.0,3.4389590909498224,0.6,137.56198091207793,137.56198091207793,12.891551665559643,10.807443715472814,2.0841079500868283,137.56198091207793,137.56198091207793,137.56198091207793,0.0,5,5,1.0,0.6622152395915161,0.48978790259230165,0.8593872741555381,0.7128829536527886,0.5003927729772192,0.6388059701492538
BFICQ,1.0,10.902526234873454,10.902526234873454,0.0,0.0,0.0,0.0,0.0,0.0,0.0,1.0,10.902526234873454,1.0,0.0,0.0,6.951757651150253,0.0,6.951757651150253,0.0,0.0,0.0,0.0,1,1,1.0,0.8860958366064414,0.48978790259230165,0.40769835035349566,0.94344069128044,0.5003927729772192,0.638688138256088
ABVN,2.0,17.43390599174007,8.716952995870034,0.0,0.0,1.0,7.896419437340155,7.896419437340155,0.0,0.0,3.0,9.537486554399914,0.6666666666666666,0.0,0.0,13.143219207654528,4.333646870691322,8.809572336963207,0.0,0.0,0.0,0.0,3,3,1.0,0.9316575019638649,0.48978790259230165,0.40769835035349566,0.802827965435978,0.5003927729772192,0.6382953652788689
AFSIC,2.0,11.4026306684291,5.70131533421455,12.004184809570798,12.004184809570798,1.0,8.186941882594057,8.186941882594057,12.004184809570798,12.004184809570798,3.0,3.2156887858350434,0.6666666666666666,12.004184809570798,12.004184809570798,7.679142690084349,2.465859508298917,5.213283181785432,12.004184809570798,12.004184809570798,12.004184809570797,0.0,3,3,1.0,0.8138256087981147,0.48978790259230165,0.5828750981932443,0.802827965435978,0.5003927729772192,0.6379811468970935
ARCT,3.0,17.904349560836728,5.968116520278909,333.6597164657368,333.6597164657368,2.0,17.25234650065332,8.62617325032666,333.6597164657368,333.6597164657368,5.0,0.6520030601834073,0.6,333.6597164657368,333.6597164657368,9.299063068300518,8.008949518204233,1.2901135500962848,333.6597164657367,333.6597164657368,333.6597164657368,0.0,4,5,1.0,0.6158680282796544,0.48978790259230165,0.9214454045561665,0.7128829536527886,0.5003927729772192,0.6373134328358209
BE,1.0,9.098137084052825,9.098137084052825,0.0,0.0,0.0,0.0,0.0,0.0,0.0,1.0,9.098137084052825,1.0,0.0,0.0,6.740065726126367,0.0,6.740065726126367,0.0,0.0,0.0,0.0,1,1,1.0,0.8794186959937156,0.48978790259230165,0.40769835035349566,0.94344069128044,0.5003927729772192,0.6366849960722702
BCVVF,1.0,9.098137084052825,9.098137084052825,0.0,0.0,0.0,0.0,0.0,0.0,0.0,1.0,9.098137084052825,1.0,0.0,0.0,6.740065726126367,0.0,6.740065726126367,0.0,0.0,0.0,0.0,1,1,1.0,0.8794186959937156,0.48978790259230165,0.40769835035349566,0.94344069128044,0.5003927729772192,0.6366849960722702
BBUZ,0.0,0.0,0.0,0.0,0.0,1.0,8.930006224183783,8.930006224183783,432.17391501527743,432.17391501527743,1.0,-8.930006224183783,0.0,0.0,432.17391501527743,0.0,2.689666187064094,-2.689666187064094,0.0,432.1739150152775,432.1739150152775,1162.403566147703,1,1,1.0,0.3315003927729772,0.9827179890023566,0.9410840534171249,0.037706205813040065,0.5003927729772192,0.6362922230950511
AMTB,1.0,6.736064879259215,6.736064879259215,0.0,0.0,0.0,0.0,0.0,0.0,0.0,1.0,6.736064879259215,1.0,0.0,0.0,6.736064879259215,0.0,6.736064879259215,0.0,0.0,0.0,0.0,1,1,1.0,0.8774548311076198,0.48978790259230165,0.40769835035349566,0.94344069128044,0.5003927729772192,0.6360958366064414
ALFDF,1.0,6.659989352390749,6.659989352390749,0.0,0.0,0.0,0.0,0.0,0.0,0.0,1.0,6.659989352390749,1.0,0.0,0.0,6.659989352390749,0.0,6.659989352390749,0.0,0.0,0.0,0.0,1,1,1.0,0.8758837391987431,0.48978790259230165,0.40769835035349566,0.94344069128044,0.5003927729772192,0.6356245090337784
AIQUY,2.0,20.933922940167726,10.466961470083863,24.90090021534041,24.90090021534041,2.0,17.11785156403264,8.55892578201632,24.90090021534041,24.90090021534041,4.0,3.816071376135085,0.5,24.90090021534041,24.90090021534041,12.363064198927255,5.746120430362069,6.616943768565186,24.90090021534041,24.900900215340418,24.900900215340414,0.0,4,4,1.0,0.8735271013354281,0.48978790259230165,0.6339355852317361,0.49410840534171246,0.5003927729772192,0.6352317360565594
ATS,2.0,10.64572309702495,5.322861548512475,140.80933896792178,140.80933896792178,1.0,5.357783211083945,5.357783211083945,140.80933896792178,140.80933896792178,3.0,5.287939885941005,0.6666666666666666,140.80933896792178,140.80933896792178,5.899093081837551,4.611486745736211,1.28760633610134,140.80933896792178,140.80933896792178,140.80933896792178,0.0,3,3,1.0,0.615082482325216,0.48978790259230165,0.8641005498821681,0.802827965435978,0.5003927729772192,0.6346032992930086
ACA,1.0,7.6233030839604545,7.6233030839604545,0.0,0.0,0.0,0.0,0.0,0.0,0.0,1.0,7.6233030839604545,1.0,0.0,0.0,6.561437771070505,0.0,6.561437771070505,0.0,0.0,0.0,0.0,1,1,1.0,0.8715632364493323,0.48978790259230165,0.40769835035349566,0.94344069128044,0.5003927729772192,0.6343283582089553
BCSF,1.0,7.6233030839604545,7.6233030839604545,0.0,0.0,0.0,0.0,0.0,0.0,0.0,1.0,7.6233030839604545,1.0,0.0,0.0,6.561437771070505,0.0,6.561437771070505,0.0,0.0,0.0,0.0,1,1,1.0,0.8715632364493323,0.48978790259230165,0.40769835035349566,0.94344069128044,0.5003927729772192,0.6343283582089553
APPEF,1.0,8.81398455270928,8.81398455270928,0.0,0.0,0.0,0.0,0.0,0.0,0.0,1.0,8.81398455270928,1.0,0.0,0.0,6.529560353454237,0.0,6.529560353454237,0.0,0.0,0.0,0.0,1,1,1.0,0.8703849175176748,0.48978790259230165,0.40769835035349566,0.94344069128044,0.5003927729772192,0.633974862529458
AILIN,4.0,33.1159409384378,8.27898523460945,-1.8600006103515625,-1.8600006103515625,2.0,13.189540113600351,6.594770056800176,-1.8600006103515625,-1.8600006103515625,6.0,19.92640082483745,0.6666666666666666,-1.8600006103515625,-1.8600006103515625,22.221375132311806,8.613673070227568,13.607702062084238,-1.860000610351562,-1.8600006103515623,-1.8600006103515623,0.0,6,6,1.0,0.9921445404556166,0.48978790259230165,0.2953652788688138,0.802827965435978,0.5003927729772192,0.633974862529458
AAGFF,4.0,53.2757274220055,13.318931855501376,86.48332152444657,86.48332152444657,4.0,46.44085964302875,11.610214910757188,86.48332152444657,86.48332152444657,8.0,6.834867778976751,0.5,86.48332152444657,86.48332152444657,27.451551466506842,23.471970425213897,3.9795810412929455,86.48332152444658,86.48332152444655,86.48332152444657,0.0,8,8,1.0,0.7564807541241163,0.48978790259230165,0.8020424194815396,0.49410840534171246,0.5003927729772192,0.6337391987431265
AMNCB,2.0,17.80113275648941,8.900566378244704,52.76145658973921,52.76145658973921,1.0,9.156108056418836,9.156108056418836,52.76145658973921,52.76145658973921,3.0,8.645024700070573,0.6666666666666666,52.76145658973921,52.76145658973921,5.95131813850184,3.2040678438817225,2.7472502946201174,52.76145658973922,52.76145658973922,52.76145658973922,0.0,3,3,1.0,0.6983503534956795,0.48978790259230165,0.7297721916732128,0.802827965435978,0.5003927729772192,0.6327179890023567
AVB,4.0,36.11731937511864,9.02932984377966,1.953264803443926,1.953264803443926,3.0,25.402840769673062,8.467613589891021,1.9532648034439262,1.953264803443926,7.0,10.714478605445578,0.5714285714285714,1.953264803443926,1.953264803443926,23.334963946952108,16.61996521679316,6.714998730158946,1.953264803443926,1.953264803443926,1.953264803443926,0.0,7,7,1.0,0.8766692851531814,0.48978790259230165,0.5216025137470542,0.6826394344069128,0.5003927729772192,0.632560879811469
ATKR,3.0,27.557435909375094,9.185811969791699,0.0,0.0,2.0,13.04327545019154,6.52163772509577,0.0,0.0,5.0,14.514160459183554,0.6,0.0,0.0,18.16483421634254,8.667758607720979,9.497075608621563,0.0,0.0,0.0,0.0,5,5,1.0,0.9410840534171249,0.48978790259230165,0.40769835035349566,0.7128829536527886,0.5003927729772192,0.6321288295365278
ARCB,2.0,18.157357206126065,9.078678603063032,175.7148053085781,175.7148053085781,2.0,14.117382253530359,7.058691126765179,175.7148053085781,175.7148053085781,4.0,4.039974952595706,0.5,175.7148053085781,175.7148053085781,11.041235677454324,8.324794332680423,2.7164413447739015,175.7148053085781,175.7148053085781,175.7148053085781,0.0,4,4,1.0,0.6959937156323645,0.48978790259230165,0.8845247446975648,0.49410840534171246,0.5003927729772192,0.6320895522388059
APLS,2.0,24.781906746457263,12.390953373228632,0.0,0.0,1.0,13.694366635543105,13.694366635543105,0.0,0.0,3.0,11.087540110914158,0.6666666666666666,0.0,0.0,17.7328696907547,10.145036324306126,7.587833366448574,0.0,0.0,0.0,0.0,3,3,1.0,0.9096622152395916,0.48978790259230165,0.40769835035349566,0.802827965435978,0.5003927729772192,0.6316967792615868
ALDS,1.0,6.349632080647696,6.349632080647696,0.0,0.0,0.0,0.0,0.0,0.0,0.0,1.0,6.349632080647696,1.0,0.0,0.0,6.349632080647696,0.0,6.349632080647696,0.0,0.0,0.0,0.0,1,1,1.0,0.8625294579732914,0.48978790259230165,0.40769835035349566,0.94344069128044,0.5003927729772192,0.6316182246661429
AVRTF,3.0,28.38306651155011,9.461022170516703,0.0,0.0,1.0,16.062992125984252,16.062992125984252,0.0,0.0,4.0,12.320074385565857,0.75,0.0,0.0,18.7536753083783,11.899757245596097,6.853918062782201,0.0,0.0,0.0,0.0,4,4,1.0,0.8853102906520032,0.48978790259230165,0.40769835035349566,0.8735271013354281,0.5003927729772192,0.6314611154752553
ARHUF,3.0,28.066125822016964,9.355375274005654,-3.3505135634611967,-3.350513563461196,1.0,16.917812461290723,16.917812461290723,-3.350513563461196,-3.350513563461196,4.0,11.148313360726242,0.75,-3.350513563461196,-3.350513563461196,16.79620400213766,5.92018121258873,10.87602278954893,-3.350513563461196,-3.350513563461196,-3.350513563461196,0.0,4,4,1.0,0.9646504320502749,0.48978790259230165,0.2882953652788688,0.8735271013354281,0.5003927729772192,0.6313825608798115
AMJT,2.0,13.828651771052865,6.9143258855264325,0.0,0.0,0.0,0.0,0.0,0.0,0.0,2.0,13.828651771052865,1.0,0.0,0.0,6.344840718661533,0.0,6.344840718661533,0.0,0.0,0.0,0.0,2,2,1.0,0.8609583660644148,0.48978790259230165,0.40769835035349566,0.94344069128044,0.5003927729772192,0.6311468970934799
ACRG,2.0,15.073449151773403,7.536724575886701,63.69230838922353,63.69230838922353,1.0,10.649350649350648,10.649350649350648,63.69230838922353,63.69230838922353,3.0,4.424098502422755,0.6666666666666666,63.69230838922353,63.69230838922353,8.130095074967521,5.844487553209111,2.2856075217584095,63.692308389223534,63.692308389223534,63.692308389223534,0.0,3,3,1.0,0.6747839748625295,0.48978790259230165,0.7541241162608012,0.802827965435978,0.5003927729772192,0.6305184603299294
ATXMF,3.0,24.13464961687561,8.044883205625203,0.0,0.0,2.0,13.08462767222358,6.54231383611179,0.0,0.0,5.0,11.05002194465203,0.6,0.0,0.0,14.545910284744622,5.371809906359771,9.17410037838485,0.0,0.0,0.0,0.0,5,5,1.0,0.9355852317360566,0.48978790259230165,0.40769835035349566,0.7128829536527886,0.5003927729772192,0.6304791830322075
AQQRF,1.0,6.253369272237196,6.253369272237196,0.0,0.0,0.0,0.0,0.0,0.0,0.0,1.0,6.253369272237196,1.0,0.0,0.0,6.253369272237196,0.0,6.253369272237196,0.0,0.0,0.0,0.0,1,1,1.0,0.8578161822466615,0.48978790259230165,0.40769835035349566,0.94344069128044,0.5003927729772192,0.6302042419481539
AFCL,3.0,26.37125732187926,8.790419107293086,900.0,900.0,2.0,19.363837183062437,9.681918591531218,900.0,900.0,5.0,7.007420138816823,0.6,900.0,900.0,12.921829612347558,12.464446097617548,0.4573835147300098,899.9999999999999,899.9999999999999,899.9999999999998,0.0,4,5,1.0,0.5624509033778476,0.48978790259230165,0.9654359780047133,0.7128829536527886,0.5003927729772192,0.6300864100549882
AVXL,3.0,30.62932735494867,10.20977578498289,535.2142864909708,535.2142864909708,3.0,29.12286992267434,9.707623307558114,535.2142864909708,535.2142864909708,6.0,1.5064574322743312,0.5,535.2142864909708,535.2142864909708,14.454335381438717,12.555111944880368,1.8992234365583496,535.2142864909708,535.2142864909708,535.2142864909708,0.0,6,6,1.0,0.6457187745483111,0.48978790259230165,0.9489395129615082,0.49410840534171246,0.5003927729772192,0.6298900235663787
AUTL,1.0,8.201421440146168,8.201421440146168,0.0,0.0,0.0,0.0,0.0,0.0,0.0,1.0,8.201421440146168,1.0,0.0,0.0,6.075762438349977,0.0,6.075762438349977,0.0,0.0,0.0,0.0,1,1,1.0,0.852317360565593,0.48978790259230165,0.40769835035349566,0.94344069128044,0.5003927729772192,0.6285545954438334
AJG,2.0,17.89260474798815,8.946302373994074,68.94270890102823,68.94270890102823,1.0,9.312977099236642,9.312977099236642,68.94270890102823,68.94270890102823,3.0,8.579627648751506,0.6666666666666666,68.94270890102823,68.94270890102823,8.947105667586552,6.899223123906076,2.047882543680476,68.94270890102824,68.94270890102823,68.94270890102824,0.0,3,3,1.0,0.6575019638648861,0.48978790259230165,0.7666928515318147,0.802827965435978,0.5003927729772192,0.627847604084839
AQST,1.0,8.058213584172355,8.058213584172355,0.0,0.0,0.0,0.0,0.0,0.0,0.0,1.0,8.058213584172355,1.0,0.0,0.0,5.969671449299812,0.0,5.969671449299812,0.0,0.0,0.0,0.0,1,1,1.0,0.8499607227022781,0.48978790259230165,0.40769835035349566,0.94344069128044,0.5003927729772192,0.627847604084839
AIM,0.0,0.0,0.0,0.0,0.0,1.0,5.835686432701357,5.835686432701357,247.7477520242274,247.7477520242274,1.0,-5.835686432701357,0.0,0.0,247.7477520242274,0.0,2.7565830830926497,-2.7565830830926497,0.0,247.7477520242274,247.7477520242274,682.937262104218,1,1,1.0,0.3283582089552239,0.9780047132757266,0.9096622152395916,0.037706205813040065,0.5003927729772192,0.6276512175962293
ARCC,1.0,12.330316742081449,12.330316742081449,11.279253571998172,11.279253571998172,1.0,7.927873296711137,7.927873296711137,11.279253571998172,11.279253571998172,2.0,4.402443445370311,0.5,11.279253571998172,11.279253571998172,9.134523309310776,2.3878295497427025,6.746693759568073,11.279253571998172,11.279253571998172,11.279253571998172,0.0,2,2,1.0,0.8805970149253731,0.48978790259230165,0.5805184603299293,0.49410840534171246,0.5003927729772192,0.6266692851531814
AMGN,3.0,27.616391201231288,9.205463733743763,3.798732454547982,3.798732454547982,2.0,19.255652184779194,9.627826092389597,3.798732454547982,3.798732454547982,5.0,8.360739016452094,0.6,3.798732454547982,3.798732454547982,20.804707307944227,15.206269925275272,5.598437382668955,3.798732454547982,3.798732454547982,3.798732454547982,0.0,5,5,1.0,0.8389630793401414,0.48978790259230165,0.5333857030636292,0.7128829536527886,0.5003927729772192,0.6266300078554595
AEE,4.0,29.514456799716022,7.378614199929006,6.998469844392392,6.998469844392392,3.0,20.993700433643177,6.997900144547725,6.998469844392392,6.998469844392392,7.0,8.520756366072845,0.5714285714285714,6.998469844392392,6.998469844392392,18.857598940791668,13.311270523725728,5.54632841706594,6.998469844392391,6.9984698443923925,6.998469844392391,0.0,6,7,1.0,0.8342498036135114,0.48978790259230165,0.5553809897879026,0.6826394344069128,0.5003927729772192,0.6265907305577376
ACN,1.0,14.4297456974056,14.4297456974056,75.62393036739982,75.62393036739982,1.0,11.014781385320934,11.014781385320934,75.62393036739982,75.62393036739982,2.0,3.414964312084667,0.5,75.62393036739982,75.62393036739982,10.689818532441691,7.023334695240103,3.6664838372015884,75.62393036739982,75.62393036739982,75.62393036739982,0.0,2,2,1.0,0.7423409269442263,0.48978790259230165,0.7831893165750197,0.49410840534171246,0.5003927729772192,0.6257266300078554
AADI,1.0,7.604447324214706,7.604447324214706,0.0,0.0,0.0,0.0,0.0,0.0,0.0,1.0,7.604447324214706,1.0,0.0,0.0,5.633513135992589,0.0,5.633513135992589,0.0,0.0,0.0,0.0,1,1,1.0,0.8413197172034564,0.48978790259230165,0.40769835035349566,0.94344069128044,0.5003927729772192,0.6252553024351925
APD,3.0,23.599956386636773,7.866652128878925,22.203737208004423,22.20373720800442,3.0,19.180306706076273,6.393435568692091,22.203737208004423,22.20373720800442,6.0,4.4196496805605,0.5,22.20373720800442,22.20373720800442,14.483143074733729,8.555596047728056,5.927547027005673,22.20373720800442,22.20373720800442,22.203737208004423,0.0,6,6,1.0,0.8483896307934015,0.48978790259230165,0.6205813040062844,0.49410840534171246,0.5003927729772192,0.625019638648861
ALGT,1.0,7.604237867395762,7.604237867395762,27.21118645127773,27.21118645127773,1.0,6.09242209631728,6.09242209631728,27.21118645127773,27.21118645127773,2.0,1.5118157710784814,0.5,27.21118645127773,27.21118645127773,7.604237867395762,2.1319684750203356,5.472269392375426,27.21118645127773,27.211186451277733,27.211186451277733,0.0,2,2,1.0,0.8279654359780048,0.48978790259230165,0.6465043205027494,0.49410840534171246,0.5003927729772192,0.6240769835035349
AEMMY,2.0,20.59123896822454,10.29561948411227,23.93800262933809,23.93800262933809,3.0,19.57252974408882,6.52417658136294,23.93800262933809,23.93800262933809,5.0,1.0187092241357227,0.4,23.93800262933809,23.93800262933809,17.98325975641155,10.094593523436673,7.888666232974876,23.93800262933809,23.938002629338087,23.938002629338087,0.0,5,5,1.0,0.9167321288295365,0.48978790259230165,0.629222309505106,0.2584446190102121,0.5003927729772192,0.6236842105263157
ACIU,2.0,15.01076730056909,7.505383650284545,0.0,0.0,1.0,6.14100185528757,6.14100185528757,0.0,0.0,3.0,8.86976544528152,0.6666666666666666,0.0,0.0,10.720080516483549,3.915675662092894,6.804404854390654,0.0,0.0,0.0,0.0,3,3,1.0,0.8829536527886881,0.48978790259230165,0.40769835035349566,0.802827965435978,0.5003927729772192,0.6236842105263157
AGNY,0.0,0.0,0.0,0.0,0.0,1.0,8.508721552199814,8.508721552199814,309.83605596270195,309.83605596270195,1.0,-8.508721552199814,0.0,0.0,309.83605596270195,0.0,2.9775228677903787,-2.9775228677903787,0.0,309.83605596270195,309.83605596270195,922.5439418949246,1,1,1.0,0.3063629222309505,0.9803613511390417,0.9190887666928516,0.037706205813040065,0.5003927729772192,0.6236449332285939
APTY,2.0,12.184196052959008,6.092098026479504,0.0,0.0,0.0,0.0,0.0,0.0,0.0,2.0,12.184196052959008,1.0,0.0,0.0,5.556447177023464,0.0,5.556447177023464,0.0,0.0,0.0,0.0,2,2,1.0,0.835820895522388,0.48978790259230165,0.40769835035349566,0.94344069128044,0.5003927729772192,0.6236056559308719
ASA,1.0,7.182940516273848,7.182940516273848,56.13561878371278,56.13561878371278,1.0,6.600721953963715,6.600721953963715,56.13561878371278,56.13561878371278,2.0,0.5822185623101328,0.5,56.13561878371278,56.13561878371278,6.182414196543624,1.9880992469756718,4.194314949567952,56.13561878371278,56.13561878371278,56.13561878371278,0.0,2,2,1.0,0.7635506677140613,0.48978790259230165,0.7399842890809112,0.49410840534171246,0.5003927729772192,0.6234485467399843
ACMTA,2.0,12.104595751046066,6.052297875523033,6.068397109393307,6.068397109393307,1.0,9.224018931177282,9.224018931177282,6.068397109393307,6.068397109393307,3.0,2.880576819868784,0.6666666666666666,6.068397109393307,6.068397109393307,9.030058835762174,4.357118024938072,4.672940810824103,6.068397109393307,6.068397109393307,6.068397109393307,0.0,3,3,1.0,0.7855459544383346,0.48978790259230165,0.5514532600157109,0.802827965435978,0.5003927729772192,0.6232128829536527
BEOB,2.0,23.998021677167717,11.999010838583859,5.847520355292381,5.847520355292381,2.0,15.32520107958119,7.662600539790595,5.847520355292381,5.847520355292381,4.0,8.672820597586528,0.5,5.847520355292381,5.847520355292381,14.497632739698457,7.4856130052703485,7.012019734428108,5.847520355292381,5.847520355292382,5.847520355292382,0.0,4,4,1.0,0.8868813825608798,0.48978790259230165,0.5483110761979576,0.49410840534171246,0.5003927729772192,0.6221131186174391
AGIN,1.0,8.337585161619495,8.337585161619495,919.2156492866012,919.2156492866012,1.0,6.823176823176823,6.823176823176823,919.2156492866012,919.2156492866012,2.0,1.5144083384426725,0.5,919.2156492866012,919.2156492866012,3.938396360978837,2.774096679348943,1.164299681629894,919.2156492866012,919.2156492866012,919.2156492866012,0.0,2,2,1.0,0.605655930871956,0.48978790259230165,0.9677926158680282,0.49410840534171246,0.5003927729772192,0.6216417910447761
AIAPF,1.0,5.483518764155455,5.483518764155455,0.0,0.0,0.0,0.0,0.0,0.0,0.0,1.0,5.483518764155455,1.0,0.0,0.0,5.483518764155455,0.0,5.483518764155455,0.0,0.0,0.0,0.0,1,1,1.0,0.8291437549096622,0.48978790259230165,0.40769835035349566,0.94344069128044,0.5003927729772192,0.6216025137470542
AVTR,1.0,5.483518764155455,5.483518764155455,0.0,0.0,0.0,0.0,0.0,0.0,0.0,1.0,5.483518764155455,1.0,0.0,0.0,5.483518764155455,0.0,5.483518764155455,0.0,0.0,0.0,0.0,1,1,1.0,0.8291437549096622,0.48978790259230165,0.40769835035349566,0.94344069128044,0.5003927729772192,0.6216025137470542
ALGWF,1.0,9.86499358283509,9.86499358283509,0.0,0.0,0.0,0.0,0.0,0.0,0.0,1.0,9.86499358283509,1.0,0.0,0.0,5.414023268252797,0.0,5.414023268252797,0.0,0.0,0.0,0.0,1,1,1.0,0.8248232521602514,0.48978790259230165,0.40769835035349566,0.94344069128044,0.5003927729772192,0.620306362922231
AXREF,2.0,11.594172130074991,5.797086065037496,185.71429635797264,185.71429635797264,2.0,13.602364071798952,6.801182035899476,185.71429635797264,185.71429635797264,4.0,-2.008191941723961,0.5,185.71429635797264,185.71429635797264,9.062458430562117,7.056940545288869,2.005517885273248,185.71429635797261,185.71429635797264,185.71429635797261,0.0,4,4,1.0,0.6543597800471328,0.48978790259230165,0.8860958366064414,0.49410840534171246,0.5003927729772192,0.6199135899450118
AQB,2.0,19.486862987127488,9.743431493563744,0.0,0.0,1.0,12.237196765498652,12.237196765498652,0.0,0.0,3.0,7.249666221628836,0.6666666666666666,0.0,0.0,17.028040957975033,10.532652865147607,6.495388092827426,0.0,0.0,0.0,0.0,3,3,1.0,0.8688138256087982,0.48978790259230165,0.40769835035349566,0.802827965435978,0.5003927729772192,0.6194422623723488
AGZNF,3.0,27.503069771533916,9.16768992384464,0.0,0.0,2.0,20.61714429361488,10.30857214680744,0.0,0.0,5.0,6.885925477919034,0.6,0.0,0.0,15.553325118914431,8.156477095129489,7.396848023784942,0.0,0.0,0.0,0.0,5,5,1.0,0.8986645718774549,0.48978790259230165,0.40769835035349566,0.7128829536527886,0.5003927729772192,0.6194029850746269
ACEL,1.0,9.621176097638294,9.621176097638294,0.0,0.0,0.0,0.0,0.0,0.0,0.0,1.0,9.621176097638294,1.0,0.0,0.0,5.280213395293613,0.0,5.280213395293613,0.0,0.0,0.0,0.0,1,1,1.0,0.819324430479183,0.48978790259230165,0.40769835035349566,0.94344069128044,0.5003927729772192,0.6186567164179104
AEPLF,2.0,15.026952293307472,7.513476146653736,14.754100154721936,14.754100154721936,1.0,7.717481166152234,7.717481166152234,14.754100154721936,14.754100154721936,3.0,7.309471127155239,0.6666666666666666,14.754100154721936,14.754100154721936,9.467918794009986,5.717250665653567,3.750668128356419,14.754100154721936,14.754100154721934,14.754100154721934,0.0,2,3,1.0,0.7446975648075412,0.48978790259230165,0.589159465828751,0.802827965435978,0.5003927729772192,0.6184996072270228
ADC,2.0,19.631252763172284,9.815626381586142,-12.579484846674143,-12.579484846674143,1.0,5.9533527696793005,5.9533527696793005,-12.579484846674143,-12.579484846674143,3.0,13.677899993492984,0.6666666666666666,-12.579484846674143,-12.579484846674143,14.607571261210284,2.4204526098842667,12.187118651326017,-12.579484846674145,-12.579484846674143,-12.579484846674143,0.0,3,3,1.0,0.9819324430479183,0.48978790259230165,0.23095051060487037,0.802827965435978,0.5003927729772192,0.6180282796543598
AUDAQ,2.0,10.962673574090577,5.481336787045288,10.344827870508714,10.344827870508714,1.0,7.156285248778041,7.156285248778041,10.344827870508714,10.344827870508714,3.0,3.8063883253125352,0.6666666666666666,10.344827870508714,10.344827870508714,6.025042171659187,2.1554316957246193,3.869610475934568,10.344827870508714,10.344827870508714,10.344827870508714,0.0,3,3,1.0,0.7509819324430479,0.48978790259230165,0.5765907305577376,0.802827965435978,0.5003927729772192,0.6178711704634721
ALOD,2.0,15.666144414301854,7.833072207150927,19.16667240982272,19.16667240982272,1.0,12.314814814814811,12.314814814814811,19.16667240982272,19.16667240982272,3.0,3.351329599487043,0.6666666666666666,19.16667240982272,19.16667240982272,8.430741028488242,5.006830069027748,3.4239109594604944,19.166672409822716,19.16667240982272,19.16667240982272,0.0,3,3,1.0,0.7282010997643362,0.48978790259230165,0.608012568735271,0.802827965435978,0.5003927729772192,0.6173212882953654
APPF,3.0,39.84345422429704,13.281151408099014,0.0,0.0,2.0,23.102894478243982,11.551447239121991,0.0,0.0,5.0,16.74055974605306,0.6,0.0,0.0,18.04966622611378,10.864220880600579,7.1854453455132,0.0,0.0,0.0,0.0,5,5,1.0,0.8915946582875098,0.48978790259230165,0.40769835035349566,0.7128829536527886,0.5003927729772192,0.6172820109976433
ADOOY,2.0,13.747899408529705,6.873949704264852,49.77745004458498,49.77745004458498,1.0,9.246880570409983,9.246880570409983,49.77745004458498,49.77745004458498,3.0,4.501018838119721,0.6666666666666666,49.77745004458498,49.77745004458498,7.037799160020962,5.074795654612767,1.9630035054081958,49.77745004458498,49.77745004458498,49.77745004458498,0.0,3,3,1.0,0.6512175962293795,0.48978790259230165,0.7219167321288296,0.802827965435978,0.5003927729772192,0.61700706991359
AMSLF,1.0,8.139103675690414,8.139103675690414,0.0,0.0,0.0,0.0,0.0,0.0,0.0,1.0,8.139103675690414,1.0,0.0,0.0,5.18972163258846,0.0,5.18972163258846,0.0,0.0,0.0,0.0,1,1,1.0,0.812254516889238,0.48978790259230165,0.40769835035349566,0.94344069128044,0.5003927729772192,0.6165357423409269
AIQUF,2.0,18.531863250906568,9.265931625453284,28.276839961156963,28.276839961156963,2.0,21.10731871052745,10.553659355263726,28.276839961156963,28.276839961156963,4.0,-2.5754554596208834,0.5,28.276839961156963,28.276839961156963,12.499508594508722,7.604230609732667,4.895277984776055,28.276839961156963,28.276839961156963,28.276839961156963,0.0,4,4,1.0,0.798114689709348,0.48978790259230165,0.6520031421838177,0.49410840534171246,0.5003927729772192,0.6162215239591516
AMSSD,2.0,29.287101400824778,14.643550700412389,0.0,0.0,2.0,15.622426828355415,7.811213414177708,0.0,0.0,4.0,13.664674572469362,0.5,0.0,0.0,22.979512933664864,12.219580060126521,10.759932873538343,0.0,0.0,0.0,0.0,4,4,1.0,0.9607227022780833,0.48978790259230165,0.40769835035349566,0.49410840534171246,0.5003927729772192,0.6161429693637078
AWI,2.0,16.681964863832974,8.340982431916487,-1.0572517799948389,-1.0572517799948389,1.0,5.652680652680653,5.652680652680653,-1.0572517799948389,-1.0572517799948389,3.0,11.029284211152321,0.6666666666666666,-1.0572517799948389,-1.0572517799948389,10.583399786868656,1.9780863440432441,8.60531344282541,-1.0572517799948389,-1.0572517799948389,-1.0572517799948389,0.0,3,3,1.0,0.9285153181461115,0.48978790259230165,0.3016496465043205,0.802827965435978,0.5003927729772192,0.6161429693637078
AFSIB,2.0,12.987285492098653,6.493642746049327,0.0,0.0,1.0,6.993570037048299,6.993570037048299,0.0,0.0,3.0,5.993715455050355,0.6666666666666666,0.0,0.0,8.64779687082073,2.4473141570159007,6.2004827138048295,0.0,0.0,0.0,0.0,3,3,1.0,0.8570306362922231,0.48978790259230165,0.40769835035349566,0.802827965435978,0.5003927729772192,0.6159073055773763
ATXI,1.0,8.111823163369554,8.111823163369554,0.0,0.0,0.0,0.0,0.0,0.0,0.0,1.0,8.111823163369554,1.0,0.0,0.0,5.172326809942015,0.0,5.172326809942015,0.0,0.0,0.0,0.0,1,1,1.0,0.809897879025923,0.48978790259230165,0.40769835035349566,0.94344069128044,0.5003927729772192,0.6158287509819325
ABMRF,1.0,9.324087565255644,9.324087565255644,0.0,0.0,0.0,0.0,0.0,0.0,0.0,1.0,9.324087565255644,1.0,0.0,0.0,5.117167751771917,0.0,5.117167751771917,0.0,0.0,0.0,0.0,1,1,1.0,0.8083267871170463,0.48978790259230165,0.40769835035349566,0.94344069128044,0.5003927729772192,0.6153574234092695
AONNY,2.0,24.627415592232296,12.313707796116148,26.90087619836073,26.90087619836073,2.0,21.03677971750911,10.518389858754555,26.90087619836073,26.90087619836073,4.0,3.590635874723187,0.5,26.90087619836073,26.90087619836073,21.75043979436839,16.76680641839943,4.98363337596896,26.900876198360734,26.900876198360734,26.900876198360734,0.0,4,4,1.0,0.8012568735271013,0.48978790259230165,0.6425765907305577,0.49410840534171246,0.5003927729772192,0.6152788688138255
AILIH,2.0,12.221794547375943,6.110897273687971,1.0844060674644314,1.0844060674644314,1.0,10.413150068322484,10.413150068322484,1.0844060674644314,1.0844060674644314,3.0,1.8086444790534593,0.6666666666666666,1.0844060674644314,1.0844060674644314,8.855378808507233,4.233670880105669,4.621707928401563,1.0844060674644314,1.0844060674644314,1.0844060674644314,0.0,3,3,1.0,0.7824037706205813,0.48978790259230165,0.5161036920659858,0.802827965435978,0.5003927729772192,0.6152003142183817
ALLY,0.0,0.0,0.0,0.0,0.0,1.0,5.510705510705511,5.510705510705511,71.17596982270207,71.17596982270207,1.0,-5.510705510705511,0.0,0.0,71.17596982270207,0.0,1.6597926033771755,-1.6597926033771755,0.0,71.17596982270207,71.17596982270207,118.13734824991795,1,1,1.0,0.41162608012568735,0.9450117831893166,0.7714061272584446,0.037706205813040065,0.5003927729772192,0.615082482325216
BCOW,1.0,5.814092557644665,5.814092557644665,0.0,0.0,0.0,0.0,0.0,0.0,0.0,1.0,5.814092557644665,1.0,0.0,0.0,5.004235840038328,0.0,5.004235840038328,0.0,0.0,0.0,0.0,1,1,1.0,0.802827965435978,0.48978790259230165,0.40769835035349566,0.94344069128044,0.5003927729772192,0.6137077769049489
BFLBF,3.0,25.23573747126714,8.41191249042238,7.255197271242525,7.255197271242525,2.0,18.76744068654977,9.383720343274884,7.255197271242525,7.255197271242525,5.0,6.468296784717371,0.6,7.255197271242525,7.255197271242525,14.21971052908556,9.730859127139846,4.488851401945714,7.255197271242525,7.255197271242525,7.255197271242525,0.0,5,5,1.0,0.776904948939513,0.48978790259230165,0.5593087195600943,0.7128829536527886,0.5003927729772192,0.613197172034564
AATGF,3.0,22.260009818844964,7.420003272948321,256.60000445793105,256.60000445793105,3.0,21.14521110839111,7.048403702797036,256.60000445793105,256.60000445793105,6.0,1.1147987104538544,0.5,256.60000445793105,256.60000445793105,12.401255554307543,11.169904439798092,1.231351114509451,256.60000445793105,256.60000445793105,256.60000445793105,0.0,6,6,1.0,0.612725844461901,0.48978790259230165,0.9104477611940298,0.49410840534171246,0.5003927729772192,0.61229379418696
ACRE,3.0,34.17649161933784,11.392163873112613,-0.4095690820546743,-0.4095690820546743,2.0,19.064338470858235,9.532169235429118,-0.4095690820546743,-0.4095690820546743,5.0,15.112153148479603,0.6,-0.4095690820546743,-0.4095690820546743,16.78919729932885,7.392591795950796,9.396605503378055,-0.40956908205467435,-0.40956908205467424,-0.4095690820546743,0.0,5,5,1.0,0.9402985074626866,0.48978790259230165,0.30557737627651216,0.7128829536527886,0.5003927729772192,0.6114689709347997
BBIG,1.0,6.492019730744459,6.492019730744459,0.0,0.0,0.0,0.0,0.0,0.0,0.0,1.0,6.492019730744459,1.0,0.0,0.0,4.809406505560715,0.0,4.809406505560715,0.0,0.0,0.0,0.0,1,1,1.0,0.7922230950510605,0.48978790259230165,0.40769835035349566,0.94344069128044,0.5003927729772192,0.6105263157894737
AAMMF,1.0,6.492019730744459,6.492019730744459,0.0,0.0,0.0,0.0,0.0,0.0,0.0,1.0,6.492019730744459,1.0,0.0,0.0,4.809406505560715,0.0,4.809406505560715,0.0,0.0,0.0,0.0,1,1,1.0,0.7922230950510605,0.48978790259230165,0.40769835035349566,0.94344069128044,0.5003927729772192,0.6105263157894737
ALVOF,1.0,6.32234432234432,6.32234432234432,133.7622146540214,133.7622146540214,1.0,6.988230348886084,6.988230348886084,133.7622146540214,133.7622146540214,2.0,-0.6658860265417639,0.5,133.7622146540214,133.7622146540214,6.32234432234432,4.455892400467414,1.866451921876906,133.7622146540214,133.7622146540214,133.7622146540214,0.0,2,2,1.0,0.6441476826394344,0.48978790259230165,0.8538884524744698,0.49410840534171246,0.5003927729772192,0.610408483896308
ACDVF,1.0,8.589682551871359,8.589682551871359,0.0,0.0,0.0,0.0,0.0,0.0,0.0,1.0,8.589682551871359,1.0,0.0,0.0,4.7141177348208325,0.0,4.7141177348208325,0.0,0.0,0.0,0.0,1,1,1.0,0.7879025923016496,0.48978790259230165,0.40769835035349566,0.94344069128044,0.5003927729772192,0.6092301649646504
AIR,2.0,16.336352746651304,8.168176373325652,-18.647800941230688,-18.647800941230688,1.0,7.927873296711137,7.927873296711137,-18.647800941230688,-18.647800941230688,3.0,8.408479449940167,0.6666666666666666,-18.647800941230688,-18.647800941230688,13.50425916643111,2.3878295497427025,11.116429616688407,-18.64780094123069,-18.647800941230688,-18.647800941230688,0.0,3,3,1.0,0.9701492537313433,0.48978790259230165,0.20345640219952868,0.802827965435978,0.5003927729772192,0.6089945011783189
AVEFF,2.0,26.470890359225358,13.235445179612679,0.0,0.0,1.0,17.30868002054443,17.30868002054443,0.0,0.0,3.0,9.162210338680929,0.6666666666666666,0.0,0.0,15.007926846378076,9.499205000702974,5.508721845675103,0.0,0.0,0.0,0.0,3,3,1.0,0.8303220738413197,0.48978790259230165,0.40769835035349566,0.802827965435978,0.5003927729772192,0.6078947368421053
ATO,4.0,31.1460287127368,7.7865071781842,-20.48143149210172,-20.48143149210172,2.0,13.870619950104375,6.935309975052188,-20.48143149210172,-20.48143149210172,6.0,17.275408762632424,0.6666666666666666,-20.48143149210172,-20.48143149210172,19.29497629544325,8.140317834632683,11.154658460810566,-20.48143149210172,-20.48143149210172,-20.48143149210172,0.0,6,6,1.0,0.9709347996857817,0.48978790259230165,0.194815396700707,0.802827965435978,0.5003927729772192,0.6075019638648862
BEST,1.0,8.380925490299079,8.380925490299079,0.0,0.0,0.0,0.0,0.0,0.0,0.0,1.0,8.380925490299079,1.0,0.0,0.0,4.599549430313168,0.0,4.599549430313168,0.0,0.0,0.0,0.0,1,1,1.0,0.781618224666143,0.48978790259230165,0.40769835035349566,0.94344069128044,0.5003927729772192,0.6073448546739985
AGFMF,2.0,17.257917211507028,8.628958605753514,38.08558623407212,38.08558623407212,2.0,17.19366236562947,8.596831182814736,38.08558623407212,38.08558623407212,4.0,0.06425484587755648,0.5,38.08558623407212,38.08558623407212,12.764617990182549,9.028121799125795,3.7364961910567533,38.08558623407211,38.08558623407211,38.08558623407211,0.0,4,4,1.0,0.7431264728986646,0.48978790259230165,0.6810683424980362,0.49410840534171246,0.5003927729772192,0.6055380989787903
AMGDF,1.0,5.116280612050342,5.116280612050342,0.0,0.0,0.0,0.0,0.0,0.0,0.0,1.0,5.116280612050342,1.0,0.0,0.0,4.403623532420606,0.0,4.403623532420606,0.0,0.0,0.0,0.0,1,1,1.0,0.7729772191673213,0.48978790259230165,0.40769835035349566,0.94344069128044,0.5003927729772192,0.6047525530243519
BCNAY,3.0,25.520369781885933,8.50678992729531,0.0,0.0,2.0,15.446116659226467,7.723058329613234,0.0,0.0,5.0,10.074253122659465,0.6,0.0,0.0,17.150988490038348,11.189562652341674,5.961425837696673,0.0,0.0,0.0,0.0,5,5,1.0,0.8491751767478397,0.48978790259230165,0.40769835035349566,0.7128829536527886,0.5003927729772192,0.6045561665357423
AFOM,2.0,13.848104520210718,6.924052260105359,0.0,0.0,1.0,5.311545080959573,5.311545080959573,0.0,0.0,3.0,8.536559439251146,0.6666666666666666,0.0,0.0,8.660860630643176,3.386790672227975,5.274069958415201,0.0,0.0,0.0,0.0,3,3,1.0,0.816967792615868,0.48978790259230165,0.40769835035349566,0.802827965435978,0.5003927729772192,0.6038884524744698
ALBY,3.0,20.96839609503672,6.98946536501224,22.592425449306404,22.592425449306404,3.0,20.89335690209342,6.964452300697807,22.592425449306404,22.592425449306404,6.0,0.07503919294330075,0.5,22.592425449306404,22.592425449306404,13.86685344780392,9.410038717364372,4.456814730439547,22.592425449306404,22.592425449306404,22.592425449306404,0.0,6,6,1.0,0.7753338570306363,0.48978790259230165,0.6229379418695994,0.49410840534171246,0.5003927729772192,0.6035742340926944
BGS,0.0,0.0,0.0,0.0,0.0,1.0,7.164307164307165,7.164307164307165,86.02317340569637,86.02317340569637,1.0,-7.164307164307165,0.0,0.0,86.02317340569637,0.0,2.5070615230185735,-2.5070615230185735,0.0,86.02317340569637,86.02317340569637,215.66538813337598,1,1,1.0,0.3424980361351139,0.9552238805970149,0.800471327572663,0.037706205813040065,0.5003927729772192,0.6032207384131971
AFMJF,0.0,0.0,0.0,0.0,0.0,1.0,6.770447244872746,6.770447244872746,391.1764830918052,391.1764830918052,1.0,-6.770447244872746,0.0,0.0,391.1764830918052,0.0,4.3170277624009366,-4.3170277624009366,0.0,391.1764830918052,391.1764830918052,1688.7197375056837,1,1,1.0,0.21916732128829536,0.9890023566378633,0.9347996857816182,0.037706205813040065,0.5003927729772192,0.6032207384131971
AMN,3.0,33.32449120687875,11.108163735626249,98.26868314399916,98.26868314399916,1.0,29.87197724039829,29.87197724039829,98.26868314399916,98.26868314399916,4.0,3.4525139664804563,0.75,98.26868314399916,98.26868314399916,25.411697059284176,25.711049082398596,-0.29935202311441955,98.26868314399914,98.26868314399916,98.26868314399914,-0.0,4,4,1.0,0.5176747839748626,0.48978790259230165,0.8161822466614297,0.8735271013354281,0.5003927729772192,0.6028672427337
BEHL,2.0,16.085093854563823,8.042546927281911,0.0,0.0,1.0,5.71933962264151,5.71933962264151,0.0,0.0,3.0,10.365754231922313,0.6666666666666666,0.0,0.0,10.125844401035105,4.922681233091428,5.203163167943677,0.0,0.0,0.0,0.0,3,3,1.0,0.8130400628436764,0.48978790259230165,0.40769835035349566,0.802827965435978,0.5003927729772192,0.6027101335428122
AJIA,1.0,6.64946046006855,6.64946046006855,0.0,0.0,0.0,0.0,0.0,0.0,0.0,1.0,6.64946046006855,1.0,0.0,0.0,4.239883182435576,0.0,4.239883182435576,0.0,0.0,0.0,0.0,1,1,1.0,0.7651217596229379,0.48978790259230165,0.40769835035349566,0.94344069128044,0.5003927729772192,0.6023959151610369
ADT,1.0,6.64946046006855,6.64946046006855,0.0,0.0,0.0,0.0,0.0,0.0,0.0,1.0,6.64946046006855,1.0,0.0,0.0,4.239883182435576,0.0,4.239883182435576,0.0,0.0,0.0,0.0,1,1,1.0,0.7651217596229379,0.48978790259230165,0.40769835035349566,0.94344069128044,0.5003927729772192,0.6023959151610369
ACKRF,2.0,11.10137519669169,5.550687598345845,110.29412098241824,110.29412098241824,2.0,14.004859599001295,7.002429799500647,110.29412098241824,110.29412098241824,4.0,-2.903484402309605,0.5,110.29412098241824,110.29412098241824,8.3576814820002,6.681510185167028,1.6761712968331715,110.29412098241825,110.29412098241825,110.29412098241825,0.0,4,4,1.0,0.6323644933228594,0.48978790259230165,0.8311076197957581,0.49410840534171246,0.5003927729772192,0.6023173605655932
ACRL,2.0,30.383752234877107,15.191876117438554,0.0,0.0,2.0,16.41903513037431,8.209517565187156,0.0,0.0,4.0,13.964717104502796,0.5,0.0,0.0,21.584672882972963,13.886769834066584,7.6979030489063796,0.0,0.0,0.0,0.0,4,4,1.0,0.9143754909662215,0.48978790259230165,0.40769835035349566,0.49410840534171246,0.5003927729772192,0.6022388059701492
ANPDF,2.0,13.517953883963207,6.7589769419816035,98.6110881005735,98.6110881005735,1.0,9.112822623317069,9.112822623317069,98.6110881005735,98.6110881005735,3.0,4.405131260646138,0.6666666666666666,98.6110881005735,98.6110881005735,9.110233517111304,9.112822623317069,-0.0025891062057645797,98.61108810057348,98.6110881005735,98.6110881005735,-0.0,3,3,1.0,0.5365278868813825,0.48978790259230165,0.8177533385703064,0.802827965435978,0.5003927729772192,0.6017674783974862
BAX,2.0,19.254817211182853,9.627408605591427,-3.652323907675515,-3.652323907675515,1.0,8.94254415381176,8.94254415381176,-3.652323907675515,-3.652323907675515,3.0,10.312273057371094,0.6666666666666666,-3.652323907675515,-3.652323907675515,12.911325713469987,5.7020178995910875,7.209307813878899,-3.6523239076755156,-3.652323907675515,-3.6523239076755156,0.0,3,3,1.0,0.8923802042419482,0.48978790259230165,0.2835820895522388,0.802827965435978,0.5003927729772192,0.6016889238020425
ACCFF,2.0,19.686906741494532,9.843453370747266,9.351499961614977,9.351499961614977,1.0,6.815893728017992,6.815893728017992,9.351499961614977,9.351499961614977,3.0,12.87101301347654,0.6666666666666666,9.351499961614977,9.351499961614977,8.657740413124614,5.866494098170609,2.791246314954005,9.351499961614977,9.351499961614977,9.351499961614977,0.0,3,3,1.0,0.7022780832678712,0.48978790259230165,0.5687352710133543,0.802827965435978,0.5003927729772192,0.6016889238020424
ARBU,2.0,13.573084917306637,6.786542458653319,0.0,0.0,1.0,5.967643467643467,5.967643467643467,0.0,0.0,3.0,7.605441449663171,0.6666666666666666,0.0,0.0,8.439583759730668,3.27511217510324,5.164471584627428,0.0,0.0,0.0,0.0,3,3,1.0,0.8091123330714847,0.48978790259230165,0.40769835035349566,0.802827965435978,0.5003927729772192,0.6015318146111547
BEDU,1.0,7.414902838733457,7.414902838733457,0.0,0.0,0.0,0.0,0.0,0.0,0.0,1.0,7.414902838733457,1.0,0.0,0.0,4.069384958403549,0.0,4.069384958403549,0.0,0.0,0.0,0.0,1,1,1.0,0.7619795758051846,0.48978790259230165,0.40769835035349566,0.94344069128044,0.5003927729772192,0.6014532600157109
ASGOF,2.0,22.52014078070829,11.260070390354144,0.0,0.0,2.0,10.963569655609538,5.481784827804769,0.0,0.0,4.0,11.55657112509875,0.5,0.0,0.0,12.058179098655916,4.487303486277746,7.57087561237817,0.0,0.0,0.0,0.0,4,4,1.0,0.9088766692851532,0.48978790259230165,0.40769835035349566,0.49410840534171246,0.5003927729772192,0.6005891594658288
AMTX,1.0,6.808166565595312,6.808166565595312,1660.3207635097165,1660.3207635097165,1.0,6.042780748663103,6.042780748663103,1660.3207635097165,1660.3207635097165,2.0,0.7653858169322092,0.5,1660.3207635097165,1660.3207635097165,4.341078663153695,4.476602082194339,-0.13552341904064402,1660.3207635097162,1660.3207635097162,1660.3207635097162,-0.0,2,2,1.0,0.5271013354281225,0.48978790259230165,0.9803613511390417,0.49410840534171246,0.5003927729772192,0.6005891594658288
ASOZY,2.0,18.842438651048084,9.421219325524042,0.0,0.0,1.0,6.155979942387709,6.155979942387709,0.0,0.0,3.0,12.686458708660375,0.6666666666666666,0.0,0.0,11.20500988250545,6.155979942387709,5.049029940117742,0.0,0.0,0.0,0.0,3,3,1.0,0.8059701492537313,0.48978790259230165,0.40769835035349566,0.802827965435978,0.5003927729772192,0.6005891594658287
APWC,1.0,8.702495421245422,8.702495421245422,129.16358271825328,129.16358271825328,1.0,5.845352564102566,5.845352564102566,129.16358271825328,129.16358271825328,2.0,2.857142857142856,0.5,129.16358271825328,129.16358271825328,3.0453316593607584,1.760586358893842,1.2847453004669165,129.16358271825328,129.16358271825328,129.16358271825328,0.0,2,2,1.0,0.6142969363707776,0.48978790259230165,0.8491751767478397,0.49410840534171246,0.5003927729772192,0.6005106048703849
ABG,2.0,33.118438279003456,16.559219139501728,96.91249410152818,96.91249410152818,2.0,33.6843979151426,16.8421989575713,96.91249410152818,96.91249410152818,4.0,-0.5659596361391408,0.5,96.91249410152818,96.91249410152818,18.57252233471278,16.81824673815996,1.7542755965528194,96.91249410152818,96.91249410152818,96.91249410152818,0.0,4,4,1.0,0.638648860958366,0.48978790259230165,0.812254516889238,0.49410840534171246,0.5003927729772192,0.6004320502749411
AXDDF,1.0,6.264845075453166,6.264845075453166,0.0,0.0,0.0,0.0,0.0,0.0,0.0,1.0,6.264845075453166,1.0,0.0,0.0,3.994641585657971,0.0,3.994641585657971,0.0,0.0,0.0,0.0,1,1,1.0,0.7576590730557737,0.48978790259230165,0.40769835035349566,0.94344069128044,0.5003927729772192,0.6001571091908876
AIHS,1.0,6.264845075453166,6.264845075453166,0.0,0.0,0.0,0.0,0.0,0.0,0.0,1.0,6.264845075453166,1.0,0.0,0.0,3.994641585657971,0.0,3.994641585657971,0.0,0.0,0.0,0.0,1,1,1.0,0.7576590730557737,0.48978790259230165,0.40769835035349566,0.94344069128044,0.5003927729772192,0.6001571091908876
BCII,1.0,6.230831470010989,6.230831470010989,0.0,0.0,0.0,0.0,0.0,0.0,0.0,1.0,6.230831470010989,1.0,0.0,0.0,3.9729535532898836,0.0,3.9729535532898836,0.0,0.0,0.0,0.0,1,1,1.0,0.755695208169678,0.48978790259230165,0.40769835035349566,0.94344069128044,0.5003927729772192,0.5995679497250589
APMRF,1.0,6.227272727272728,6.227272727272728,0.0,0.0,0.0,0.0,0.0,0.0,0.0,1.0,6.227272727272728,1.0,0.0,0.0,3.9706843987355893,0.0,3.9706843987355893,0.0,0.0,0.0,0.0,1,1,1.0,0.7549096622152396,0.48978790259230165,0.40769835035349566,0.94344069128044,0.5003927729772192,0.5993322859387274
ACTL,2.0,12.190109541906294,6.095054770953147,19.999999999985,19.999999999985,1.0,6.042780748663103,6.042780748663103,19.999999999985,19.999999999985,3.0,6.147328793243191,0.6666666666666666,19.999999999985,19.999999999985,6.5899087220951955,4.476602082194339,2.1133066399008564,19.999999999984997,19.999999999985,19.999999999984997,0.0,3,3,1.0,0.6637863315003928,0.48978790259230165,0.6119402985074627,0.802827965435978,0.5003927729772192,0.5987824037706205
APLO,2.0,20.496273439731326,10.248136719865663,3.6013829115260507,3.6013829115260507,1.0,8.83492096723542,8.83492096723542,3.6013829115260507,3.6013829115260507,3.0,11.661352472495906,0.6666666666666666,3.6013829115260507,3.6013829115260507,7.416712674706579,4.173321161032306,3.243391513674273,3.6013829115260507,3.6013829115260507,3.6013829115260507,0.0,3,3,1.0,0.7172034564021995,0.48978790259230165,0.5302435192458759,0.802827965435978,0.5003927729772192,0.5984681853888453
BFZ,1.0,9.582472314947278,9.582472314947278,8.786890413493339,8.786890413493339,1.0,8.363609179935711,8.363609179935711,8.786890413493339,8.786890413493339,2.0,1.218863135011567,0.5,8.786890413493339,8.786890413493339,8.247710355347412,3.400389738489814,4.847320616857598,8.786890413493339,8.786890413493339,8.786890413493339,0.0,2,2,1.0,0.7949725058915946,0.48978790259230165,0.565593087195601,0.49410840534171246,0.5003927729772192,0.5979968578161823
AQUI,2.0,15.825418542809846,7.912709271404923,168.33632176250205,168.33632176250205,2.0,18.188779274436648,9.094389637218324,168.33632176250205,168.33632176250205,4.0,-2.363360731626802,0.5,168.33632176250205,168.33632176250205,12.608711917713268,11.81273543978012,0.7959764779331486,168.33632176250205,168.33632176250205,168.33632176250205,0.0,4,4,1.0,0.5852317360565593,0.48978790259230165,0.8798114689709348,0.49410840534171246,0.5003927729772192,0.5979183032207384
ATRX,1.0,9.771356094885508,9.771356094885508,144.42391798649496,144.42391798649496,1.0,6.675317185697811,6.675317185697811,144.42391798649496,144.42391798649496,2.0,3.0960389091876976,0.5,144.42391798649496,144.42391798649496,4.6156617941459706,3.663491746129387,0.9521700480165833,144.42391798649496,144.42391798649496,144.42391798649496,0.0,2,2,1.0,0.5923016496465043,0.48978790259230165,0.8664571877454831,0.49410840534171246,0.5003927729772192,0.5973684210526315
AG,3.0,19.210860546986883,6.403620182328961,10.0420459683141,10.0420459683141,2.0,22.912949403764713,11.456474701882357,10.0420459683141,10.0420459683141,5.0,-3.7020888567778307,0.6,10.0420459683141,10.0420459683141,10.873719588869758,7.8825883324208315,2.9911312564489263,10.0420459683141,10.0420459683141,10.042045968314103,0.0,5,5,1.0,0.7124901806755696,0.48978790259230165,0.5718774548311076,0.7128829536527886,0.5003927729772192,0.5963864886095837
AEXFF,2.0,16.01670135138695,8.008350675693475,-19.99999441206428,-19.99999441206428,1.0,5.612434847356665,5.612434847356665,-19.99999441206428,-19.99999441206428,3.0,10.404266504030284,0.6666666666666666,-19.99999441206428,-19.99999441206428,11.877030412005233,3.0801695510489386,8.796860860956293,-19.99999441206428,-19.99999441206428,-19.99999441206428,0.0,3,3,1.0,0.9308719560094265,0.48978790259230165,0.197172034564022,0.802827965435978,0.5003927729772192,0.5959544383346426
AZURF,0.0,0.0,0.0,0.0,0.0,1.0,7.798980680336612,7.798980680336612,229.4347511680336,229.4347511680336,1.0,-7.798980680336612,0.0,0.0,229.4347511680336,0.0,4.2801713470412395,-4.2801713470412395,0.0,229.4347511680336,229.4347511680336,982.0200479649541,1,1,1.0,0.22309505106048705,0.98114689709348,0.9041633935585232,0.037706205813040065,0.5003927729772192,0.5959151610369207
AXTI,1.0,6.191741981215665,6.191741981215665,174.84807617133953,174.84807617133953,1.0,5.08898508898509,5.08898508898509,174.84807617133953,174.84807617133953,2.0,1.102756892230575,0.5,174.84807617133953,174.84807617133953,2.166724251983655,1.5327728533098117,0.6339513986738434,174.84807617133953,174.84807617133953,174.84807617133953,0.0,2,2,1.0,0.5758051846032993,0.48978790259230165,0.8837391987431265,0.49410840534171246,0.5003927729772192,0.5958758837391988
BGOUF,2.0,20.002529004190105,10.001264502095053,53.035049167357535,53.035049167357535,2.0,14.029581842450433,7.014790921225217,53.035049167357535,53.035049167357535,4.0,5.972947161739672,0.5,53.035049167357535,53.035049167357535,9.471834129486144,7.15462104555718,2.317213083928964,53.03504916735753,53.035049167357535,53.03504916735753,0.0,4,4,1.0,0.6771406127258445,0.48978790259230165,0.7305577376276512,0.49410840534171246,0.5003927729772192,0.5956402199528672
ADKIL,2.0,14.922550633088525,7.4612753165442625,0.0,0.0,1.0,9.124975346788508,9.124975346788508,0.0,0.0,3.0,5.797575286300017,0.6666666666666666,0.0,0.0,12.571412977123497,7.853939065662877,4.71747391146062,0.0,0.0,0.0,0.0,3,3,1.0,0.788688138256088,0.48978790259230165,0.40769835035349566,0.802827965435978,0.5003927729772192,0.5954045561665358
ANTGF,1.0,5.68513493052563,5.68513493052563,0.0,0.0,0.0,0.0,0.0,0.0,0.0,1.0,5.68513493052563,1.0,0.0,0.0,3.6250020774714358,0.0,3.6250020774714358,0.0,0.0,0.0,0.0,1,1,1.0,0.7391987431264729,0.48978790259230165,0.40769835035349566,0.94344069128044,0.5003927729772192,0.5946190102120974
ACFN,4.0,33.9452122142355,8.486303053558874,136.882127748005,136.882127748005,4.0,29.45615483012383,7.364038707530957,136.882127748005,136.882127748005,8.0,4.489057384111668,0.5,136.882127748005,136.882127748005,18.751295449533274,17.95081579363527,0.8004796558980019,136.882127748005,136.88212774800496,136.88212774800496,0.0,8,8,1.0,0.5860172820109977,0.48978790259230165,0.8578161822466615,0.49410840534171246,0.5003927729772192,0.5937549096622153
AIJTY,1.0,5.5683276625178415,5.5683276625178415,0.0,0.0,0.0,0.0,0.0,0.0,0.0,1.0,5.5683276625178415,1.0,0.0,0.0,3.550522475075641,0.0,3.550522475075641,0.0,0.0,0.0,0.0,1,1,1.0,0.7352710133542812,0.48978790259230165,0.40769835035349566,0.94344069128044,0.5003927729772192,0.5934406912804399
BCUFF,2.0,14.234870637429411,7.117435318714706,220.31705922898337,220.31705922898337,2.0,13.129790452643157,6.564895226321578,220.31705922898337,220.31705922898337,4.0,1.1050801847862548,0.5,220.31705922898337,220.31705922898337,7.562679115868448,7.41376189707241,0.14891721879603814,220.31705922898337,220.31705922898337,220.31705922898337,0.0,3,4,1.0,0.5522388059701493,0.48978790259230165,0.9018067556952082,0.49410840534171246,0.5003927729772192,0.5924194815396701
ARAO,1.0,6.604084321475627,6.604084321475627,369.6604180724845,369.6604180724845,1.0,14.197028970536293,14.197028970536293,369.6604180724845,369.6604180724845,2.0,-7.592944649060666,0.5,369.6604180724845,369.6604180724845,4.210950079056837,4.27606295227538,-0.06511287321854287,369.6604180724845,369.6604180724845,369.6604180724845,-0.0,2,2,1.0,0.5333857030636292,0.48978790259230165,0.9285153181461115,0.49410840534171246,0.5003927729772192,0.5921052631578947
AHFI,2.0,16.367198406587125,8.183599203293562,402810.013244426,402810.013244426,1.0,8.255933952528379,8.255933952528379,402810.013244426,402810.013244426,3.0,8.111264454058746,0.6666666666666666,6053.799748193983,8056.435957581158,13.746031259439597,7.10594820577963,6.640083053659967,6053.799748193983,8056.435957581158,6721.345151323042,-13297.670756597612,3,3,1.0,0.8743126472898665,0.0007855459544383347,0.9921445404556166,0.802827965435978,0.5003927729772192,0.5912804399057345
ADTR,2.0,14.246204456212668,7.123102228106334,25.00000277179358,25.00000277179358,1.0,7.303321486551709,7.303321486551709,25.00000277179358,25.00000277179358,3.0,6.9428829696609595,0.6666666666666666,25.00000277179358,25.00000277179358,6.128936790731636,4.656803380169548,1.4721334105620878,25.00000277179358,25.00000277179358,25.00000277179358,0.0,3,3,1.0,0.6229379418695994,0.48978790259230165,0.6355066771406127,0.802827965435978,0.5003927729772192,0.5912411626080126
ADXDF,1.0,7.480465027634839,7.480465027634839,267.7999821884553,267.7999821884553,1.0,5.497542997542999,5.497542997542999,267.7999821884553,267.7999821884553,2.0,1.9829220300918404,0.5,267.7999821884553,267.7999821884553,4.105366250560422,4.072680021561042,0.03268622899938034,267.7999821884553,267.7999821884553,267.7999821884553,0.0,2,2,1.0,0.5396700706991359,0.48978790259230165,0.9120188531029065,0.49410840534171246,0.5003927729772192,0.5906912804399057
ATNF,1.0,6.113572590034788,6.113572590034788,0.0,0.0,0.0,0.0,0.0,0.0,0.0,1.0,6.113572590034788,1.0,0.0,0.0,3.3551997755165863,0.0,3.3551997755165863,0.0,0.0,0.0,0.0,1,1,1.0,0.7242733699921445,0.48978790259230165,0.40769835035349566,0.94344069128044,0.5003927729772192,0.5901413982717989
AUKNY,2.0,17.6039768577396,8.8019884288698,-5.340814043878424,-5.340814043878424,1.0,9.239342218065625,9.239342218065625,-5.340814043878424,-5.340814043878424,3.0,8.364634639673975,0.6666666666666666,-5.340814043878424,-5.340814043878424,10.71202167599331,4.364356233142179,6.34766544285113,-5.340814043878425,-5.340814043878424,-5.340814043878424,0.0,3,3,1.0,0.8617439120188531,0.48978790259230165,0.2717989002356638,0.802827965435978,0.5003927729772192,0.5901413982717989
ADWPF,3.0,30.238570289278613,10.079523429759538,-36.44465244564683,-36.44465244564683,1.0,15.774647887323944,15.774647887323944,-36.44465244564683,-36.44465244564683,4.0,14.463922401954669,0.75,-36.44465244564683,-36.44465244564683,20.63750522435867,11.686146579767945,8.951358644590725,-36.444652445646824,-36.44465244564683,-36.444652445646824,0.0,4,4,1.0,0.9347996857816182,0.48978790259230165,0.12568735271013354,0.8735271013354281,0.5003927729772192,0.5899057344854673
ALTAF,1.0,7.070391759013578,7.070391759013578,0.0,0.0,0.0,0.0,0.0,0.0,0.0,1.0,7.070391759013578,1.0,0.0,0.0,3.339816581733723,0.0,3.339816581733723,0.0,0.0,0.0,0.0,1,1,1.0,0.7234878240377062,0.48978790259230165,0.40769835035349566,0.94344069128044,0.5003927729772192,0.5899057344854673
AUMN,2.0,12.69650125973891,6.348250629869455,94.14414414414416,94.14414414414416,1.0,8.359895682410896,8.359895682410896,94.14414414414416,94.14414414414416,3.0,4.336605577328015,0.6666666666666666,94.14414414414416,94.14414414414416,7.828752736909385,8.359895682410896,-0.5311429455015109,94.14414414414416,94.14414414414416,94.14414414414416,-0.0,3,3,1.0,0.5035349567949725,0.48978790259230165,0.8067556952081697,0.802827965435978,0.5003927729772192,0.5896700706991359
ARGX,2.0,12.665634178067599,6.332817089033799,0.0,0.0,1.0,6.186629643653497,6.186629643653497,0.0,0.0,3.0,6.479004534414102,0.6666666666666666,0.0,0.0,8.943663128223266,4.583167964628154,4.360495163595112,0.0,0.0,0.0,0.0,3,3,1.0,0.7690494893951296,0.48978790259230165,0.40769835035349566,0.802827965435978,0.5003927729772192,0.5895129615082482
ALGN,2.0,12.350740122274114,6.175370061137057,190.5188413273804,190.5188413273804,1.0,9.610814022578726,9.610814022578726,190.5188413273804,190.5188413273804,3.0,2.7399260996953885,0.6666666666666666,190.5188413273804,190.5188413273804,7.101988048166795,8.272104289171304,-1.170116241004509,190.5188413273804,190.5188413273804,190.5188413273804,-0.0,3,3,1.0,0.44776119402985076,0.48978790259230165,0.8892380204241949,0.802827965435978,0.5003927729772192,0.5894344069128045
AGI,1.0,6.70355488219924,6.70355488219924,43.64640470719179,43.64640470719179,1.0,5.497492224494944,5.497492224494944,43.64640470719179,43.64640470719179,2.0,1.2060626577042965,0.5,43.64640470719179,43.64640470719179,5.769803157512025,3.5053558056597818,2.2644473518522434,43.64640470719179,43.64640470719179,43.64640470719179,0.0,2,2,1.0,0.6716417910447762,0.48978790259230165,0.7038491751767478,0.49410840534171246,0.5003927729772192,0.5886488609583661
BGOPF,1.0,8.380925490299079,8.380925490299079,85.48386569573906,85.48386569573906,1.0,5.369487673222008,5.369487673222008,85.48386569573906,85.48386569573906,2.0,3.011437817077071,0.5,85.48386569573906,85.48386569573906,4.599549430313168,3.4237365002324456,1.1758129300807223,85.48386569573906,85.48386569573906,85.48386569573906,0.0,2,2,1.0,0.6072270227808326,0.48978790259230165,0.7989002356637863,0.49410840534171246,0.5003927729772192,0.5883346425765907
ATEYY,2.0,18.839059714687746,9.419529857343873,76.6793914480896,76.6793914480896,3.0,21.176499386333916,7.058833128777972,76.6793914480896,76.6793914480896,5.0,-2.3374396716461696,0.4,76.6793914480896,76.6793914480896,11.656229291375588,8.94688157041151,2.709347720964079,76.6793914480896,76.67939144808962,76.6793914480896,0.0,5,5,1.0,0.6952081696779262,0.48978790259230165,0.783974862529458,0.2584446190102121,0.5003927729772192,0.5881775333857031
AIPUY,5.0,47.23121089032986,9.446242178065972,-25.437759961452244,-25.437759961452244,3.0,30.96198678290407,10.320662260968023,-25.437759961452244,-25.437759961452244,8.0,16.269224107425792,0.625,-25.437759961452244,-25.437759961452244,24.795385651823928,15.213828968638088,9.58155668318584,-25.437759961452244,-25.43775996145224,-25.437759961452244,0.0,7,8,1.0,0.9426551453260016,0.48978790259230165,0.17046347211311863,0.7395915161036921,0.5003927729772192,0.587824037706206
BAFBF,0.0,0.0,0.0,0.0,0.0,1.0,5.814008630910039,5.814008630910039,29.55017064335097,29.55017064335097,1.0,-5.814008630910039,0.0,0.0,29.55017064335097,0.0,1.7511457476376902,-1.7511457476376902,0.0,29.55017064335097,29.55017064335097,51.74665566407216,1,1,1.0,0.40455616653574233,0.9379418695993715,0.6559308719560094,0.037706205813040065,0.5003927729772192,0.5877454831107619
ATGE,3.0,22.737328231642138,7.579109410547379,5.511853454437677,5.511853454437677,2.0,19.01357767047695,9.506788835238474,5.511853454437677,5.511853454437677,5.0,3.7237505611651898,0.6,5.511853454437677,5.511853454437677,15.056935763955202,12.283671510049626,2.7732642539055767,5.511853454437677,5.511853454437677,5.511853454437677,0.0,5,5,1.0,0.7007069913589945,0.48978790259230165,0.5451688923802043,0.7128829536527886,0.5003927729772192,0.5875098193244305
ABTI,2.0,11.336678839258816,5.668339419629408,53.22834330517452,53.22834330517452,1.0,7.728850201968481,7.728850201968481,53.22834330517452,53.22834330517452,3.0,3.6078286372903356,0.6666666666666666,53.22834330517452,53.22834330517452,6.726644325929545,6.65228301742869,0.07436130850085476,53.22834330517452,53.22834330517452,53.22834330517452,0.0,3,3,1.0,0.5435978004713276,0.48978790259230165,0.7321288295365279,0.802827965435978,0.5003927729772192,0.5867635506677141
BCHT,2.0,11.45031099622528,5.72515549811264,128.70662743201876,128.70662743201876,1.0,10.928490079721872,10.928490079721872,128.70662743201876,128.70662743201876,3.0,0.5218209165034082,0.6666666666666666,128.70662743201876,128.70662743201876,4.12104219863806,5.162253185622597,-1.0412109869845372,128.70662743201876,128.70662743201876,128.70662743201876,-0.0,3,3,1.0,0.46190102120974075,0.48978790259230165,0.8483896307934015,0.802827965435978,0.5003927729772192,0.5855066771406128
ARAY,0.0,0.0,0.0,0.0,0.0,1.0,7.710280373831777,7.710280373831777,44.14678723839599,44.14678723839599,1.0,-7.710280373831777,0.0,0.0,44.14678723839599,0.0,2.322291820818381,-2.322291820818381,0.0,44.14678723839599,44.14678723839599,102.5217229191363,1,1,1.0,0.35742340926944227,0.9442262372348782,0.7054202670856246,0.037706205813040065,0.5003927729772192,0.5853888452474469
AA,1.0,8.213913496612818,8.213913496612818,135.26108523266905,135.26108523266905,1.0,6.292906178489703,6.292906178489703,135.26108523266905,135.26108523266905,2.0,1.9210073181231149,0.5,135.26108523266905,135.26108523266905,2.874358400398429,2.5585047237680727,0.31585367663035635,135.26108523266905,135.26108523266905,135.26108523266905,0.0,2,2,1.0,0.5593087195600943,0.48978790259230165,0.8546739984289081,0.49410840534171246,0.5003927729772192,0.5851139041633936
AHGIF,1.0,6.227467063380376,6.227467063380376,0.0,0.0,0.0,0.0,0.0,0.0,0.0,1.0,6.227467063380376,1.0,0.0,0.0,2.9416471490371983,0.0,2.9416471490371983,0.0,0.0,0.0,0.0,1,1,1.0,0.7069913589945012,0.48978790259230165,0.40769835035349566,0.94344069128044,0.5003927729772192,0.5849567949725059
ACNV,4.0,35.751176544666365,8.937794136166591,0.0,0.0,2.0,25.344736792451208,12.672368396225604,0.0,0.0,6.0,10.406439752215157,0.6666666666666666,0.0,0.0,20.182814681029853,16.271409102216808,3.9114055788130457,0.0,0.0,0.0,0.0,6,6,1.0,0.7525530243519246,0.48978790259230165,0.40769835035349566,0.802827965435978,0.5003927729772192,0.5845640219952867
AGRS,4.0,52.29955965772204,13.07488991443051,25.000003637979614,25.000003637979614,3.0,43.14042209478986,14.380140698263288,25.000003637979614,25.000003637979614,7.0,9.15913756293218,0.5714285714285714,25.000003637979614,25.000003637979614,23.82211969730154,22.095672055325515,1.7264476419760264,25.00000363797961,25.000003637979614,25.00000363797961,0.0,6,7,1.0,0.6355066771406127,0.48978790259230165,0.6362922230950511,0.6826394344069128,0.5003927729772192,0.5831500392772978
AEXE,2.0,16.21969015578903,8.109845077894516,-25.925926524756854,-25.925926524756854,1.0,5.908264295817336,5.908264295817336,-25.925926524756854,-25.925926524756854,3.0,10.311425859971695,0.6666666666666666,-25.925926524756854,-25.925926524756854,9.598039077456303,2.067524708832124,7.5305143686241784,-25.92592652475685,-25.925926524756854,-25.92592652475685,0.0,3,3,1.0,0.9057344854673999,0.48978790259230165,0.16653574234092694,0.802827965435978,0.5003927729772192,0.5822859387274156
ATCUF,1.0,5.260896011848091,5.260896011848091,311.67882290727016,311.67882290727016,1.0,5.72121034077556,5.72121034077556,311.67882290727016,311.67882290727016,2.0,-0.4603143289274687,0.5,311.67882290727016,311.67882290727016,1.840986108693975,2.326070541553517,-0.48508443285954184,311.67882290727016,311.67882290727016,311.67882290727016,-0.0,2,2,1.0,0.5058915946582875,0.48978790259230165,0.9198743126472899,0.49410840534171246,0.5003927729772192,0.5821288295365279
AMWK,2.0,28.399644711385932,14.199822355692966,98.74476808099544,98.74476808099544,2.0,27.948744170557333,13.974372085278667,98.74476808099544,98.74476808099544,4.0,0.45090054082859865,0.5,98.74476808099544,98.74476808099544,13.941093852430456,13.360091167558945,0.5810026848715104,98.74476808099544,98.74476808099544,98.74476808099544,0.0,4,4,1.0,0.5734485467399842,0.48978790259230165,0.8185388845247447,0.49410840534171246,0.5003927729772192,0.5821288295365279
ALXXF,3.0,27.0238116009027,9.0079372003009,84.78837120277886,84.78837120277886,3.0,22.716920575261675,7.572306858420558,84.78837120277886,84.78837120277886,6.0,4.3068910256410255,0.5,84.78837120277886,84.78837120277886,14.490351150266175,13.620139233729034,0.8702119165371407,84.78837120277885,84.78837120277886,84.78837120277886,0.0,5,6,1.0,0.5883739198743126,0.48978790259230165,0.795758051846033,0.49410840534171246,0.5003927729772192,0.5820502749410841
ALDX,0.0,0.0,0.0,0.0,0.0,1.0,9.044148225972378,9.044148225972378,49.9227743932505,49.9227743932505,1.0,-9.044148225972378,0.0,0.0,49.9227743932505,0.0,2.724045097338891,-2.724045097338891,0.0,49.9227743932505,49.9227743932505,135.99188883148955,1,1,1.0,0.32992930086410055,0.9473684210526315,0.7234878240377062,0.037706205813040065,0.5003927729772192,0.5816967792615868
AZUL,2.0,25.0452886363292,12.5226443181646,0.0,0.0,2.0,14.60156594404371,7.300782972021855,0.0,0.0,4.0,10.44372269228549,0.5,0.0,0.0,14.926618953566596,9.163902130182294,5.762716823384302,0.0,0.0,0.0,0.0,4,4,1.0,0.8444619010212098,0.48978790259230165,0.40769835035349566,0.49410840534171246,0.5003927729772192,0.5812647289866457
ADNT,1.0,5.608718766613504,5.608718766613504,0.0,0.0,0.0,0.0,0.0,0.0,0.0,1.0,5.608718766613504,1.0,0.0,0.0,2.6493711490790566,0.0,2.6493711490790566,0.0,0.0,0.0,0.0,1,1,1.0,0.6928515318146111,0.48978790259230165,0.40769835035349566,0.94344069128044,0.5003927729772192,0.5807148468185389
AMCT,2.0,14.100019143497404,7.050009571748702,0.0,0.0,1.0,6.682206682206682,6.682206682206682,0.0,0.0,3.0,7.417812461290722,0.6666666666666666,0.0,0.0,6.72689703234173,3.1564509351769434,3.570446097164787,0.0,0.0,0.0,0.0,3,3,1.0,0.7376276512175962,0.48978790259230165,0.40769835035349566,0.802827965435978,0.5003927729772192,0.5800864100549882
ARCXF,1.0,7.002555340044949,7.002555340044949,66.66667287548402,66.66667287548402,1.0,8.53977383976545,8.53977383976545,66.66667287548402,66.66667287548402,2.0,-1.5372184997205016,0.5,66.66667287548402,66.66667287548402,5.187620587237361,4.033903529877904,1.153717057359457,66.66667287548402,66.66667287548402,66.66667287548402,0.0,2,2,1.0,0.603299293008641,0.48978790259230165,0.762765121759623,0.49410840534171246,0.5003927729772192,0.5799293008641005
ARAT,0.0,0.0,0.0,0.0,0.0,2.0,20.145771183706668,10.072885591853334,11840.000165154555,11840.000165154555,2.0,-20.145771183706668,0.0,0.0,8056.435957581158,0.0,7.3973860114844925,-7.3973860114844925,0.0,8056.435957581158,8056.435957581158,59596.56665503153,2,2,1.0,0.08719560094265515,0.9992144540455616,0.9996072270227808,0.037706205813040065,0.5003927729772192,0.5796543597800471
AHELF,2.0,23.115366721253352,11.557683360626676,41896.99921660295,41896.99921660295,4.0,38.1872193361396,9.5468048340349,41896.99921660295,41896.99921660295,6.0,-15.071852614886247,0.3333333333333333,6053.799748193983,8056.435957581158,9.009416715740889,17.913958784740686,-8.904542068999797,6053.799748193982,8056.435957581158,7388.890554452099,17832.558375390385,6,6,1.0,0.04556166535742341,0.9968578161822467,0.997643362136685,0.16732128829536527,0.5003927729772192,0.5790259230164966
ANGO,3.0,28.11089057956911,9.370296859856369,74.92832795751787,74.92832795751787,3.0,23.4940064125626,7.8313354708542,74.92832795751787,74.92832795751787,6.0,4.616884167006507,0.5,74.92832795751787,74.92832795751787,16.093720272218437,15.28803348276585,0.8056867894525865,74.92832795751787,74.92832795751787,74.92832795751787,0.0,5,6,1.0,0.5868028279654359,0.48978790259230165,0.7824037706205813,0.49410840534171246,0.5003927729772192,0.5789080911233307
AVEW,0.0,0.0,0.0,0.0,0.0,1.0,6.880439761795694,6.880439761795694,85.18518817942923,85.18518817942923,1.0,-6.880439761795694,0.0,0.0,85.18518817942923,0.0,3.7760654027174883,-3.7760654027174883,0.0,85.18518817942923,85.18518817942923,321.6648419083215,1,1,1.0,0.2498036135113904,0.96700706991359,0.7965435978004713,0.037706205813040065,0.5003927729772192,0.5781618224666143
AITVF,0.0,0.0,0.0,0.0,0.0,2.0,13.385897454808127,6.6929487274040635,241.3994106037825,241.3994106037825,2.0,-13.385897454808127,0.0,0.0,241.3994106037825,0.0,5.406170046419081,-5.406170046419081,0.0,241.39941060378254,241.39941060378254,1305.04626282939,2,2,1.0,0.1586802827965436,0.983503534956795,0.9073055773762765,0.037706205813040065,0.5003927729772192,0.5779261586802827
AYI,2.0,12.56146707571687,6.280733537858435,46.04707580148551,46.04707580148551,2.0,11.545238207096055,5.772619103548028,46.04707580148551,46.04707580148551,4.0,1.0162288686208143,0.5,46.04707580148551,46.04707580148551,8.326481984836303,6.661115413508961,1.6653665713273416,46.04707580148551,46.04707580148551,46.04707580148551,0.0,4,4,1.0,0.631578947368421,0.48978790259230165,0.7101335428122545,0.49410840534171246,0.5003927729772192,0.5778868813825608
AXBSF,2.0,17.104008622476478,8.552004311238239,0.0,0.0,1.0,8.631256384065376,8.631256384065376,0.0,0.0,3.0,8.472752238411102,0.6666666666666666,0.0,0.0,9.787948531351983,6.3941919966910294,3.3937565346609535,0.0,0.0,0.0,0.0,3,3,1.0,0.7266300078554595,0.48978790259230165,0.40769835035349566,0.802827965435978,0.5003927729772192,0.5767871170463472
AOCIF,2.0,14.320370832101156,7.160185416050578,468.8939388030379,468.8939388030379,2.0,14.329099011652279,7.164549505826139,468.8939388030379,468.8939388030379,4.0,-0.00872817955112204,0.5,468.8939388030379,468.8939388030379,6.754306568952481,7.668014391940265,-0.9137078229877833,468.89393880303794,468.8939388030378,468.8939388030379,-0.0,4,4,1.0,0.46975648075412413,0.48978790259230165,0.9442262372348782,0.49410840534171246,0.5003927729772192,0.5761586802827965
ANIK,3.0,30.633196107906393,10.211065369302132,-32.467511897898845,-32.467511897898845,2.0,17.62069273555916,8.81034636777958,-32.467511897898845,-32.467511897898845,5.0,13.012503372347233,0.6,-32.467511897898845,-32.467511897898845,18.269440348996646,9.480683662263985,8.788756686732661,-32.467511897898845,-32.467511897898845,-32.467511897898845,0.0,5,5,1.0,0.9300864100549883,0.48978790259230165,0.14375490966221524,0.7128829536527886,0.5003927729772192,0.5760408483896308
ABLZF,1.0,9.434112329166611,9.434112329166611,70.59449259938492,70.59449259938492,1.0,6.180739092131496,6.180739092131496,70.59449259938492,70.59449259938492,2.0,3.253373237035115,0.5,70.59449259938492,70.59449259938492,3.301352033330363,2.512900989633322,0.7884510436970409,70.59449259938492,70.59449259938492,70.59449259938492,0.0,2,2,1.0,0.5840534171249018,0.48978790259230165,0.769835035349568,0.49410840534171246,0.5003927729772192,0.5755695208169678
AGSVF,2.0,14.119772215099658,7.059886107549829,-47.45850634807077,-47.45850634807077,1.0,6.4902015417479335,6.4902015417479335,-47.45850634807077,-47.45850634807077,3.0,7.629570673351725,0.6666666666666666,-47.45850634807077,-47.45850634807077,12.089828999685487,3.561898126706656,8.527930872978832,-47.45850634807077,-47.45850634807077,-47.45850634807076,0.0,3,3,1.0,0.9253731343283582,0.48978790259230165,0.10133542812254517,0.802827965435978,0.5003927729772192,0.5751374705420267
AP,2.0,15.640634341807775,7.820317170903888,26.9312749617076,26.9312749617076,2.0,15.344716265059064,7.672358132529532,26.9312749617076,26.9312749617076,4.0,0.29591807674871085,0.5,26.9312749617076,26.9312749617076,9.554943891210094,7.397363288995207,2.157580602214887,26.931274961707604,26.9312749617076,26.9312749617076,0.0,4,4,1.0,0.6669285153181461,0.48978790259230165,0.6433621366849961,0.49410840534171246,0.5003927729772192,0.5751374705420267
AFSIA,2.0,12.987285492098653,6.493642746049327,6.256821876813941,6.256821876813941,2.0,16.268641190572488,8.134320595286244,6.256821876813941,6.256821876813941,4.0,-3.281355698473835,0.5,6.256821876813941,6.256821876813941,8.64779687082073,5.240911903531218,3.4068849672895123,6.256821876813941,6.25682187681394,6.256821876813941,0.0,4,4,1.0,0.7274155538098979,0.48978790259230165,0.5522388059701493,0.49410840534171246,0.5003927729772192,0.5750589159465829
ANIOY,0.0,0.0,0.0,0.0,0.0,1.0,9.316384550029412,9.316384550029412,42.98875495873119,42.98875495873119,1.0,-9.316384550029412,0.0,0.0,42.98875495873119,0.0,2.806041102417124,-2.806041102417124,0.0,42.98875495873119,42.98875495873119,120.62821335593769,1,1,1.0,0.3236449332285939,0.9457973291437549,0.7014925373134329,0.037706205813040065,0.5003927729772192,0.5749410840534172
APLE,3.0,39.93808959781932,13.31269653260644,0.0,0.0,2.0,29.236635532591414,14.618317766295707,0.0,0.0,5.0,10.701454065227907,0.6,0.0,0.0,19.085854573428005,15.244493751509196,3.8413608219188085,0.0,0.0,0.0,0.0,5,5,1.0,0.7494108405341713,0.48978790259230165,0.40769835035349566,0.7128829536527886,0.5003927729772192,0.5746268656716418
AEHL,0.0,0.0,0.0,0.0,0.0,1.0,6.62719275857962,6.62719275857962,22.759856405701807,22.759856405701807,1.0,-6.62719275857962,0.0,0.0,22.759856405701807,0.0,1.9960721001106412,-1.9960721001106412,0.0,22.759856405701807,22.759856405701807,45.43031437394583,1,1,1.0,0.38177533385703066,0.9363707776904949,0.624509033778476,0.037706205813040065,0.5003927729772192,0.5741555380989788
AMVMF,2.0,12.04492594447016,6.02246297223508,22.49866148097244,22.49866148097244,1.0,10.96479809260198,10.96479809260198,22.49866148097244,22.49866148097244,3.0,1.0801278518681805,0.6666666666666666,22.49866148097244,22.49866148097244,7.5824979829405255,6.991463940691746,0.5910340422487792,22.49866148097244,22.49866148097244,22.49866148097244,0.0,3,3,1.0,0.5742340926944226,0.48978790259230165,0.622152395915161,0.802827965435978,0.5003927729772192,0.5739591516103693
ABCB,3.0,41.57073189041326,13.856910630137754,23.93284896799408,23.93284896799408,4.0,34.20093472519261,8.550233681298153,23.93284896799408,23.93284896799408,7.0,7.369797165220653,0.42857142857142855,23.93284896799408,23.93284896799408,23.979365096863738,20.412760084814153,3.5666050120495854,23.93284896799408,23.932848967994076,23.93284896799408,0.0,6,7,1.0,0.7368421052631579,0.48978790259230165,0.6284367635506677,0.30086410054988216,0.5003927729772192,0.5738020424194815
AAGC,1.0,7.681159420289854,7.681159420289854,1376.1904851003037,1376.1904851003037,2.0,12.38110022465202,6.19055011232601,1376.1904851003037,1376.1904851003037,3.0,-4.699940804362166,0.3333333333333333,1376.1904851003037,1376.1904851003037,4.897723483471592,4.7774057544273285,0.12031772904426319,1376.1904851003037,1376.1904851003035,1376.1904851003037,0.0,2,3,1.0,0.5483110761979576,0.48978790259230165,0.9772191673212883,0.16732128829536527,0.5003927729772192,0.5736449332285939
ABBNY,1.0,9.434112329166611,9.434112329166611,66.17969426540652,66.17969426540652,1.0,6.180739092131496,6.180739092131496,66.17969426540652,66.17969426540652,2.0,3.253373237035115,0.5,66.17969426540652,66.17969426540652,3.301352033330363,2.512900989633322,0.7884510436970409,66.17969426540652,66.17969426540652,66.17969426540652,0.0,2,2,1.0,0.5840534171249018,0.48978790259230165,0.7588373919874313,0.49410840534171246,0.5003927729772192,0.5733699921445404
ACNDF,3.0,19.560342006868996,6.520114002289666,-10.754553670897659,-10.75455367089766,2.0,16.456660493785293,8.228330246892646,-10.75455367089766,-10.75455367089766,5.0,3.1036815130837034,0.6,-10.75455367089766,-10.75455367089766,13.066899791205092,6.955605608038999,6.111294183166093,-10.754553670897659,-10.75455367089766,-10.75455367089766,0.0,4,5,1.0,0.8531029065200314,0.48978790259230165,0.24430479183032208,0.7128829536527886,0.5003927729772192,0.5730557737627652
BASA,1.0,8.965494315537532,8.965494315537532,152.1126741610249,152.1126741610249,1.0,11.601320028286322,11.601320028286322,152.1126741610249,152.1126741610249,2.0,-2.6358257127487903,0.5,152.1126741610249,152.1126741610249,4.234999643449627,4.716744736442168,-0.48174509299254087,152.1126741610249,152.1126741610249,152.1126741610249,-0.0,2,2,1.0,0.5066771406127258,0.48978790259230165,0.8727415553809897,0.49410840534171246,0.5003927729772192,0.5729379418695993
AGRO,1.0,8.925147609675575,8.925147609675575,47.33874936326507,47.33874936326507,1.0,6.334964286198344,6.334964286198344,47.33874936326507,47.33874936326507,2.0,2.5901833234772305,0.5,47.33874936326507,47.33874936326507,3.123246065014679,1.9080545756734562,1.2151914893412228,47.338749363265066,47.33874936326507,47.338749363265066,0.0,2,2,1.0,0.6111547525530243,0.48978790259230165,0.7132757266300078,0.49410840534171246,0.5003927729772192,0.5723880597014925
AMSYF,0.0,0.0,0.0,0.0,0.0,1.0,6.976016542192112,6.976016542192112,98.2685417339908,98.2685417339908,1.0,-6.976016542192112,0.0,0.0,98.2685417339908,0.0,4.448104533480871,-4.448104533480871,0.0,98.2685417339908,98.2685417339908,437.1087459855186,1,1,1.0,0.21052631578947367,0.9732914375490966,0.8153967007069913,0.037706205813040065,0.5003927729772192,0.5720345640219953
AOXY,2.0,17.968263558913357,8.984131779456678,273.88911879303225,273.88911879303225,2.0,18.59673337934207,9.298366689671035,273.88911879303225,273.88911879303225,4.0,-0.6284698204287125,0.5,273.88911879303225,273.88911879303225,9.424325866135455,10.27822301290296,-0.8538971467675047,273.88911879303225,273.88911879303225,273.88911879303225,-0.0,4,4,1.0,0.47682639434406915,0.48978790259230165,0.9128043990573449,0.49410840534171246,0.5003927729772192,0.5719952867242734
BBOE,4.0,40.452996540768524,10.113249135192131,66.66666915019367,66.66666915019367,2.0,37.299276661069996,18.649638330534998,66.66666915019367,66.66666915019367,6.0,3.153719879698528,0.6666666666666666,66.66666915019367,66.66666915019367,17.77614523471661,18.64936625067036,-0.873221015953753,66.66666915019368,66.66666915019367,66.66666915019368,-0.0,6,6,1.0,0.47368421052631576,0.48978790259230165,0.7611940298507462,0.802827965435978,0.5003927729772192,0.5716025137470543
ADP,2.0,26.717522704472383,13.358761352236192,24.65031855413659,24.65031855413659,2.0,25.493288773005133,12.746644386502567,24.65031855413659,24.65031855413659,4.0,1.22423393146725,0.5,24.65031855413659,24.65031855413659,13.086511518435433,11.017796801016246,2.068714717419187,24.65031855413659,24.650318554136582,24.650318554136586,0.0,4,4,1.0,0.6606441476826395,0.48978790259230165,0.6323644933228594,0.49410840534171246,0.5003927729772192,0.5710526315789474
BDRX,1.0,5.892081294976869,5.892081294976869,0.0,0.0,0.0,0.0,0.0,0.0,0.0,1.0,5.892081294976869,1.0,0.0,0.0,2.061861665944147,0.0,2.061861665944147,0.0,0.0,0.0,0.0,1,1,1.0,0.6590730557737627,0.48978790259230165,0.40769835035349566,0.94344069128044,0.5003927729772192,0.5705813040062844
AQN,3.0,22.063536678797227,7.354512226265743,7.589025521818134,7.589025521818134,3.0,24.02512930412569,8.008376434708564,7.589025521818134,7.589025521818134,6.0,-1.9615926253284641,0.5,7.589025521818134,7.589025521818134,14.12325317132967,11.201066209288395,2.922186962041275,7.589025521818133,7.589025521818134,7.589025521818134,0.0,6,6,1.0,0.7062058130400628,0.48978790259230165,0.5608798114689709,0.49410840534171246,0.5003927729772192,0.5704241948153967
ASPW,3.0,29.303283375033253,9.767761125011084,-82.60869647742588,-82.60869647742588,2.0,12.356149372776219,6.1780746863881095,-82.60869647742588,-82.60869647742588,5.0,16.947134002257034,0.6,-82.60869647742588,-82.60869647742588,18.846151618351975,6.488473708244383,12.357677910107592,-82.6086964774259,-82.60869647742588,-82.60869647742588,0.0,5,5,1.0,0.983503534956795,0.48978790259230165,0.03534956794972506,0.7128829536527886,0.5003927729772192,0.5703849175176748
BDRFY,2.0,15.200442499431112,7.600221249715556,-5.1960909411737815,-5.1960909411737815,1.0,6.199388726092574,6.199388726092574,-5.1960909411737815,-5.1960909411737815,3.0,9.001053773338537,0.6666666666666666,-5.1960909411737815,-5.1960909411737815,8.794315888746643,3.9529047746032684,4.841411114143375,-5.1960909411737815,-5.1960909411737815,-5.1960909411737815,0.0,3,3,1.0,0.7941869599371564,0.48978790259230165,0.27258444619010214,0.802827965435978,0.5003927729772192,0.5700314218381776
ACCYY,2.0,12.487135261087888,6.243567630543944,-13.377221446221336,-13.377221446221336,1.0,12.122832543660024,12.122832543660024,-13.377221446221336,-13.377221446221336,3.0,0.36430271742786324,0.6666666666666666,-13.377221446221336,-13.377221446221336,9.055314754100937,3.6513269941312774,5.4039877599696595,-13.377221446221334,-13.377221446221336,-13.377221446221334,0.0,3,3,1.0,0.8240377062058131,0.48978790259230165,0.2270227808326787,0.802827965435978,0.5003927729772192,0.5698743126472899
BBAR,2.0,13.662126449312094,6.831063224656047,-2.402863719149164,-2.402863719149164,1.0,5.826000567697985,5.826000567697985,-2.402863719149164,-2.402863719149164,3.0,7.836125881614109,0.6666666666666666,-2.402863719149164,-2.402863719149164,6.5522592912163375,2.038737524980546,4.513521766235792,-2.402863719149164,-2.402863719149164,-2.402863719149164,0.0,3,3,1.0,0.7784760408483896,0.48978790259230165,0.2945797329143755,0.802827965435978,0.5003927729772192,0.5697172034564022
ATEC,2.0,10.535909721091036,5.267954860545518,118.60095522082108,118.60095522082108,2.0,12.324668281826636,6.162334140913318,118.60095522082108,118.60095522082108,4.0,-1.7887585607355998,0.5,118.60095522082108,118.60095522082108,7.331869393940522,7.641944727591225,-0.31007533365070294,118.60095522082108,118.60095522082109,118.60095522082108,-0.0,4,4,1.0,0.5161036920659858,0.48978790259230165,0.8421052631578947,0.49410840534171246,0.5003927729772192,0.5696386488609583
AEHR,1.0,7.169823126981479,7.169823126981479,719.1143543581413,719.1143543581413,1.0,7.798980680336612,7.798980680336612,719.1143543581413,719.1143543581413,2.0,-0.6291575533551335,0.5,719.1143543581413,719.1143543581413,2.9150325491371385,4.2801713470412395,-1.365138797904101,719.1143543581413,719.1143543581413,719.1143543581413,-0.0,2,2,1.0,0.4375490966221524,0.48978790259230165,0.9583660644147682,0.49410840534171246,0.5003927729772192,0.569324430479183
AR,2.0,22.171648303035166,11.085824151517583,645.171116279607,645.171116279607,2.0,21.05524734165511,10.527623670827555,645.171116279607,645.171116279607,4.0,1.1164009613800552,0.5,645.171116279607,645.171116279607,12.391633053367336,13.748859899713667,-1.3572268463463306,645.1711162796068,645.171116279607,645.1711162796068,-0.0,4,4,1.0,0.4383346425765907,0.48978790259230165,0.9552238805970149,0.49410840534171246,0.5003927729772192,0.5689316575019638
ANSLF,2.0,12.604949909357279,6.302474954678639,43.433735147410566,43.433735147410566,2.0,11.824148839082525,5.912074419541263,43.433735147410566,43.433735147410566,4.0,0.7808010702747534,0.5,43.433735147410566,43.433735147410566,7.105812820015915,5.943844075733459,1.161968744282456,43.433735147410566,43.433735147410566,43.433735147410566,0.0,4,4,1.0,0.6048703849175177,0.48978790259230165,0.7030636292223095,0.49410840534171246,0.5003927729772192,0.5684603299293008
APNHY,0.0,0.0,0.0,0.0,0.0,2.0,10.797215196356825,5.398607598178413,145.9190875374194,145.9190875374194,2.0,-10.797215196356825,0.0,0.0,145.9190875374194,0.0,5.47712088592852,-5.47712088592852,0.0,145.9190875374194,145.9190875374194,799.2164820068317,2,2,1.0,0.1563236449332286,0.9795758051846033,0.8672427336999214,0.037706205813040065,0.5003927729772192,0.5680282796543598
AXRX,0.0,0.0,0.0,0.0,0.0,1.0,6.023809523809524,6.023809523809524,130.31726533468265,130.31726533468265,1.0,-6.023809523809524,0.0,0.0,130.31726533468265,0.0,5.184740905608086,-5.184740905608086,0.0,130.31726533468265,130.31726533468265,675.6612562877117,1,1,1.0,0.16732128829536527,0.9772191673212883,0.8515318146111548,0.037706205813040065,0.5003927729772192,0.567478397486253
ANFGF,2.0,15.594960594960595,7.7974802974802975,66.46743664622916,66.46743664622916,1.0,11.422505307855626,11.422505307855626,66.46743664622916,66.46743664622916,3.0,4.1724552871049685,0.6666666666666666,66.46743664622916,66.46743664622916,10.331350302715515,11.422505307855626,-1.091155005140111,66.46743664622915,66.46743664622916,66.46743664622915,-0.0,3,3,1.0,0.4587588373919874,0.48978790259230165,0.7604084838963079,0.802827965435978,0.5003927729772192,0.566967792615868
ADLRF,2.0,15.345993337845314,7.672996668922657,-38.49489261397176,-38.49489261397176,1.0,6.8872987477638645,6.8872987477638645,-38.49489261397176,-38.49489261397176,3.0,8.45869459008145,0.6666666666666666,-38.49489261397176,-38.49489261397176,9.591325813850535,2.800166708410209,6.791159105440325,-38.49489261397176,-38.49489261397176,-38.49489261397176,0.0,3,3,1.0,0.8821681068342498,0.48978790259230165,0.12254516889238021,0.802827965435978,0.5003927729772192,0.5664179104477612
AOGC,2.0,18.096316523573712,9.048158261786856,11.111105635964224,11.111105635964224,2.0,13.580458582290534,6.790229291145267,11.111105635964224,11.111105635964224,4.0,4.515857941283178,0.5,11.111105635964224,11.111105635964224,9.920713722209864,7.542531229988125,2.3781824922217396,11.111105635964226,11.111105635964224,11.111105635964226,0.0,4,4,1.0,0.6802827965435978,0.48978790259230165,0.579732914375491,0.49410840534171246,0.5003927729772192,0.5664179104477611
APHD,2.0,12.015632945865505,6.007816472932753,800.2777973884422,800.2777973884422,2.0,13.303997359229918,6.651998679614959,800.2777973884422,800.2777973884422,4.0,-1.2883644133644125,0.5,800.2777973884422,800.2777973884422,7.714694129319199,9.206249392501318,-1.4915552631821196,800.2777973884421,800.2777973884422,800.2777973884422,-0.0,4,4,1.0,0.42419481539670073,0.48978790259230165,0.9622937941869599,0.49410840534171246,0.5003927729772192,0.5661036920659859
AY,1.0,5.420255420255419,5.420255420255419,44.386520182270885,44.386520182270885,1.0,5.6491228070175445,5.6491228070175445,44.386520182270885,44.386520182270885,2.0,-0.2288673867621256,0.5,44.386520182270885,44.386520182270885,4.015423976074056,3.1003043302153777,0.9151196458586788,44.38652018227088,44.386520182270885,44.386520182270885,0.0,2,2,1.0,0.591516103692066,0.48978790259230165,0.7069913589945012,0.49410840534171246,0.5003927729772192,0.5652395915161037
BHDB,3.0,16.66703738317934,5.555679127726447,-18.072289156626507,-18.072289156626507,1.0,12.81561575679223,12.81561575679223,-18.072289156626507,-18.072289156626507,4.0,3.8514216263871113,0.75,-18.072289156626507,-18.072289156626507,10.138217022498852,5.210440537605278,4.927776484893574,-18.072289156626507,-18.072289156626507,-18.072289156626507,0.0,4,4,1.0,0.7989002356637863,0.48978790259230165,0.204241948153967,0.8735271013354281,0.5003927729772192,0.5648468185388845
BDCO,2.0,14.093233752746004,7.046616876373002,-67.28395185345053,-67.28395185345053,1.0,9.039588141310135,9.039588141310135,-67.28395185345053,-67.28395185345053,3.0,5.0536456114358685,0.6666666666666666,-67.28395185345053,-67.28395185345053,10.660971232149688,2.7226716262327937,7.938299605916894,-67.28395185345053,-67.28395185345053,-67.28395185345053,0.0,3,3,1.0,0.9175176747839748,0.48978790259230165,0.061272584446190104,0.802827965435978,0.5003927729772192,0.5647682639434406
ATWT,3.0,26.15523455216769,8.71841151738923,-93.31483341697133,-93.31483341697133,2.0,11.91604679976773,5.958023399883865,-93.31483341697133,-93.31483341697133,5.0,14.23918775239996,0.6,-93.31483341697133,-93.31483341697133,17.36015021036677,6.196963204043874,11.163187006322895,-93.31483341697133,-93.31483341697133,-93.31483341697133,0.0,5,5,1.0,0.9717203456402199,0.48978790259230165,0.02356637863315004,0.7128829536527886,0.5003927729772192,0.5644933228593872
ASFZ,2.0,13.922614862993608,6.961307431496804,-3.8461538461523768,-3.8461538461523768,1.0,6.187410586552216,6.187410586552216,-3.8461538461523768,-3.8461538461523768,3.0,7.735204276441392,0.6666666666666666,-3.8461538461523768,-3.8461538461523768,8.890951457333642,4.5837465013568375,4.307204955976805,-3.8461538461523768,-3.8461538461523768,-3.846153846152377,0.0,3,3,1.0,0.7682639434406913,0.48978790259230165,0.2827965435978005,0.802827965435978,0.5003927729772192,0.5642969363707777
ATOM,2.0,21.55456459804286,10.77728229902143,0.0,0.0,1.0,12.95774647887324,12.95774647887324,0.0,0.0,3.0,8.596818119169619,0.6666666666666666,0.0,0.0,12.100943543877788,9.59933469052367,2.501608853354119,0.0,0.0,0.0,0.0,3,3,1.0,0.6849960722702279,0.48978790259230165,0.40769835035349566,0.802827965435978,0.5003927729772192,0.5642969363707777
ATUSF,1.0,6.462387853692202,6.462387853692202,49.78754435578384,49.78754435578384,1.0,6.377500495147554,6.377500495147554,49.78754435578384,49.78754435578384,2.0,0.08488735854464835,0.5,49.78754435578384,49.78754435578384,2.6274108307874195,1.9208662356056458,0.7065445951817737,49.78754435578384,49.78754435578384,49.78754435578384,0.0,2,2,1.0,0.5773762765121759,0.48978790259230165,0.7227022780832679,0.49410840534171246,0.5003927729772192,0.5641398271798901
AGS,2.0,14.815569713134327,7.407784856567163,0.0,0.0,1.0,8.73090481786134,8.73090481786134,0.0,0.0,3.0,6.0846648952729865,0.6666666666666666,0.0,0.0,10.011284213176605,7.514759418141222,2.4965247950353833,0.0,0.0,0.0,0.0,3,3,1.0,0.6842105263157895,0.48978790259230165,0.40769835035349566,0.802827965435978,0.5003927729772192,0.5640612725844462
AMKBF,1.0,6.363636363636364,6.363636363636364,137.89523752804956,137.89523752804956,1.0,6.240601503759399,6.240601503759399,137.89523752804956,137.89523752804956,2.0,0.12303485987696483,0.5,137.89523752804956,137.89523752804956,5.477232577250368,6.240601503759399,-0.7633689265090311,137.89523752804956,137.89523752804956,137.89523752804956,-0.0,2,2,1.0,0.4846818538884525,0.48978790259230165,0.8609583660644148,0.49410840534171246,0.5003927729772192,0.5639827179890023
BAK,1.0,5.516626321824436,5.516626321824436,53.109840606594936,53.109840606594936,1.0,7.496746203904555,7.496746203904555,53.109840606594936,53.109840606594936,2.0,-1.9801198820801194,0.5,53.109840606594936,53.109840606594936,4.086817295899909,3.541212161112683,0.5456051347872259,53.109840606594936,53.109840606594936,53.109840606594936,0.0,2,2,1.0,0.5703063629222309,0.48978790259230165,0.7313432835820896,0.49410840534171246,0.5003927729772192,0.5637470542026709
ANSS,0.0,0.0,0.0,0.0,0.0,1.0,11.057692307692308,11.057692307692308,56.523951011871375,56.523951011871375,1.0,-11.057692307692308,0.0,0.0,56.523951011871375,0.0,3.8695039565175833,-3.8695039565175833,0.0,56.523951011871375,56.523951011871375,218.71965207844235,1,1,1.0,0.24587588373919875,0.9560094265514533,0.7415553809897879,0.037706205813040065,0.5003927729772192,0.5626865671641791
AIRG,2.0,14.821475822187402,7.410737911093701,0.0,0.0,1.0,6.849846703147438,6.849846703147438,0.0,0.0,3.0,7.971629119039964,0.6666666666666666,0.0,0.0,8.249939785246612,5.895717694687885,2.3542220905587268,0.0,0.0,0.0,0.0,3,3,1.0,0.6794972505891594,0.48978790259230165,0.40769835035349566,0.802827965435978,0.5003927729772192,0.5626472898664572
AXS,2.0,20.49667513699762,10.24833756849881,-24.74256481564939,-24.74256481564939,2.0,13.062064469964914,6.531032234982457,-24.74256481564939,-24.74256481564939,4.0,7.434610667032706,0.5,-24.74256481564939,-24.74256481564939,17.13121115881124,7.874682090482546,9.256529068328694,-24.74256481564939,-24.74256481564939,-24.74256481564939,0.0,4,4,1.0,0.9379418695993715,0.48978790259230165,0.17360565593087196,0.49410840534171246,0.5003927729772192,0.5624901806755694
ATIW,1.0,10.913176055207831,10.913176055207831,99.33333445092047,99.33333445092047,2.0,26.686656671664167,13.343328335832084,99.33333445092047,99.33333445092047,3.0,-15.773480616456336,0.3333333333333333,99.33333445092047,99.33333445092047,10.913176055207831,9.71306654672636,1.2001095084814715,99.33333445092047,99.33333445092047,99.33333445092047,0.0,3,3,1.0,0.6103692065985861,0.48978790259230165,0.8208955223880597,0.16732128829536527,0.5003927729772192,0.5609976433621368
BCC,2.0,12.37523024397833,6.187615121989165,57.757344595392304,57.757344595392304,2.0,22.601308358798004,11.300654179399002,57.757344595392304,57.757344595392304,4.0,-10.226078114819675,0.5,57.757344595392304,57.757344595392304,9.200083417218197,9.02130457440769,0.17877884281050704,57.757344595392304,57.757344595392304,57.757344595392304,0.0,4,4,1.0,0.5530243519245875,0.48978790259230165,0.7431264728986646,0.49410840534171246,0.5003927729772192,0.5609190887666928
BGUUF,2.0,28.138762819162995,14.069381409581498,79900.00023283061,79900.00023283061,5.0,58.11738596730683,11.623477193461365,79900.00023283061,79900.00023283061,7.0,-29.978623148143836,0.2857142857142857,6053.799748193983,8056.435957581158,21.38383632944979,37.99289677599454,-16.60906044654475,6053.799748193982,8056.435957581159,7484.254183470536,33261.905854150835,6,7,1.0,0.0015710919088766694,0.9984289080911233,0.9984289080911233,0.10879811468970935,0.5003927729772192,0.5606048703849175
APTL,4.0,43.43375111081049,10.858437777702623,-9.288001505533847,-9.288001505533847,3.0,30.917283119783733,10.30576103992791,-9.288001505533847,-9.288001505533847,7.0,12.516467991026758,0.5714285714285714,-9.288001505533847,-9.288001505533847,24.84317445248014,19.56755498911978,5.275619463360361,-9.288001505533847,-9.288001505533845,-9.288001505533845,0.0,7,7,1.0,0.8177533385703064,0.48978790259230165,0.2498036135113904,0.6826394344069128,0.5003927729772192,0.5605263157894737
BBW,2.0,20.54717341482047,10.273586707410235,375.7138846736363,375.7138846736363,2.0,19.97756713736415,9.988783568682075,375.7138846736363,375.7138846736363,4.0,0.5696062774563195,0.5,375.7138846736363,375.7138846736363,10.438020849509913,11.982738570986069,-1.5447177214761556,375.7138846736363,375.7138846736363,375.7138846736363,-0.0,4,4,1.0,0.4218381775333857,0.48978790259230165,0.9308719560094265,0.49410840534171246,0.5003927729772192,0.5591123330714847
AMRC,0.0,0.0,0.0,0.0,0.0,1.0,7.588119234255853,7.588119234255853,301.92475467933247,301.92475467933247,1.0,-7.588119234255853,0.0,0.0,301.92475467933247,0.0,7.588119234255853,-7.588119234255853,0.0,301.92475467933247,301.92475467933247,2291.0410382802224,1,1,1.0,0.08091123330714847,0.9913589945011784,0.9175176747839748,0.037706205813040065,0.5003927729772192,0.558994501178319
ASPU,2.0,14.545793809855766,7.272896904927883,-4.473816209519004,-4.473816209519004,1.0,8.700799052974254,8.700799052974254,-4.473816209519004,-4.473816209519004,3.0,5.844994756881512,0.6666666666666666,-4.473816209519004,-4.473816209519004,9.476092319234157,5.5478744177804495,3.9282179014537073,-4.473816209519005,-4.473816209519004,-4.473816209519005,0.0,3,3,1.0,0.753338570306363,0.48978790259230165,0.27808326787117044,0.802827965435978,0.5003927729772192,0.5588766692851532
ASHTY,2.0,16.263100897482218,8.131550448741109,168.96247960922508,168.96247960922508,2.0,16.512778039109428,8.256389019554714,168.96247960922508,168.96247960922508,4.0,-0.24967714162720966,0.5,168.96247960922508,168.96247960922508,7.564552755569464,8.711855257741004,-1.1473025021715397,168.96247960922508,168.96247960922508,168.96247960922508,-0.0,4,4,1.0,0.45365278868813824,0.48978790259230165,0.8813825608798115,0.49410840534171246,0.5003927729772192,0.5587588373919874
ASHTF,2.0,16.263100897482218,8.131550448741109,168.7486716824335,168.7486716824335,2.0,16.512778039109428,8.256389019554714,168.7486716824335,168.7486716824335,4.0,-0.24967714162720966,0.5,168.7486716824335,168.7486716824335,7.564552755569464,8.711855257741004,-1.1473025021715397,168.7486716824335,168.7486716824335,168.7486716824335,-0.0,4,4,1.0,0.45365278868813824,0.48978790259230165,0.8805970149253731,0.49410840534171246,0.5003927729772192,0.5586017282010998
BCE,1.0,10.397228009783497,10.397228009783497,4.8783031071038,4.8783031071038,2.0,10.95267995334849,5.476339976674245,4.8783031071038,4.8783031071038,3.0,-0.555451943564993,0.3333333333333333,4.8783031071038,4.8783031071038,10.397228009783497,5.661802840883868,4.735425168899629,4.8783031071038,4.878303107103801,4.878303107103801,0.0,3,3,1.0,0.7894736842105263,0.48978790259230165,0.5396700706991359,0.16732128829536527,0.5003927729772192,0.558483896307934
AKBIF,1.0,11.301519205157518,11.301519205157518,-23.874774188354515,-23.874774188354515,1.0,5.608181346906075,5.608181346906075,-23.874774188354515,-23.874774188354515,2.0,5.693337858251444,0.5,-23.874774188354515,-23.874774188354515,11.301519205157518,3.5759343061874276,7.725584898970091,-23.874774188354515,-23.874774188354515,-23.874774188354515,0.0,2,2,1.0,0.9151610369206599,0.48978790259230165,0.1814611154752553,0.49410840534171246,0.5003927729772192,0.5572270227808327
AVSR,1.0,7.425133324217148,7.425133324217148,120.77922326631372,120.77922326631372,1.0,7.302659349936682,7.302659349936682,120.77922326631372,120.77922326631372,2.0,0.12247397428046636,0.5,120.77922326631372,120.77922326631372,6.390871478173204,7.302659349936682,-0.9117878717634778,120.77922326631372,120.77922326631372,120.77922326631372,-0.0,2,2,1.0,0.47054202670856243,0.48978790259230165,0.8444619010212098,0.49410840534171246,0.5003927729772192,0.5564414768263943
AGXKF,2.0,14.144508686781514,7.072254343390757,-3.02857058388846,-3.02857058388846,1.0,5.841152372142197,5.841152372142197,-3.02857058388846,-3.02857058388846,3.0,8.303356314639316,0.6666666666666666,-3.02857058388846,-3.02857058388846,8.585273311922839,5.0275264382169365,3.557746873705902,-3.0285705838884605,-3.02857058388846,-3.02857058388846,0.0,3,3,1.0,0.7360565593087196,0.48978790259230165,0.2906520031421838,0.802827965435978,0.5003927729772192,0.5562058130400629
ACNFF,3.0,34.49368885901318,11.497896286337728,2.6745354215386103,2.6745354215386103,2.0,27.101240405018586,13.550620202509293,2.6745354215386103,2.6745354215386103,5.0,7.3924484539945965,0.6,2.6745354215386103,2.6745354215386103,18.985462112771927,17.799564839092163,1.185897273679764,2.67453542153861,2.6745354215386103,2.67453542153861,0.0,5,5,1.0,0.6095836606441477,0.48978790259230165,0.5247446975648076,0.7128829536527886,0.5003927729772192,0.5560879811468972
APOG,0.0,0.0,0.0,0.0,0.0,1.0,6.131673204843937,6.131673204843937,1.8100037468696084,1.8100037468696084,1.0,-6.131673204843937,0.0,0.0,1.8100037468696084,0.0,1.8468244786361359,-1.8468244786361359,0.0,1.8100037468696084,1.8100037468696084,3.342759226141917,1,1,1.0,0.39512961508248234,0.9324430479183032,0.5200314218381775,0.037706205813040065,0.5003927729772192,0.5560879811468971
ABBV,0.0,0.0,0.0,0.0,0.0,1.0,5.7839897430341125,5.7839897430341125,41.72991788990662,41.72991788990662,1.0,-5.7839897430341125,0.0,0.0,41.72991788990662,0.0,3.688034688850137,-3.688034688850137,0.0,41.72991788990662,41.72991788990662,153.90138474084353,1,1,1.0,0.2584446190102121,0.950510604870385,0.6975648075412412,0.037706205813040065,0.5003927729772192,0.5560094265514532
AMP,0.0,0.0,0.0,0.0,0.0,2.0,12.485021085953798,6.242510542976899,86.44989566126596,86.44989566126596,2.0,-12.485021085953798,0.0,0.0,86.44989566126596,0.0,5.209387689442817,-5.209387689442817,0.0,86.44989566126596,86.44989566126596,450.3510222114149,2,2,1.0,0.16496465043205027,0.974076983503535,0.8012568735271013,0.037706205813040065,0.5003927729772192,0.5557737627651217
ALSE,3.0,16.923161820513133,5.6410539401710444,-48.497854077253216,-48.49785407725322,2.0,13.8283530378583,6.91417651892915,-48.49785407725322,-48.49785407725322,5.0,3.094808782654834,0.6,-48.49785407725322,-48.49785407725322,12.685145879176119,5.539435107062033,7.145710772114086,-48.49785407725323,-48.49785407725323,-48.49785407725322,0.0,5,5,1.0,0.8908091123330715,0.48978790259230165,0.10054988216810684,0.7128829536527886,0.5003927729772192,0.5556166535742341
AEP,3.0,24.944753545944394,8.31491784864813,-12.104278559261516,-12.104278559261516,2.0,19.883217023072966,9.941608511536483,-12.104278559261516,-12.104278559261516,5.0,5.061536522871428,0.6,-12.104278559261516,-12.104278559261516,14.700958660422373,9.722484566043551,4.9784740943788215,-12.104278559261516,-12.104278559261516,-12.104278559261516,0.0,5,5,1.0,0.800471327572663,0.48978790259230165,0.2333071484681854,0.7128829536527886,0.5003927729772192,0.5550667714061273
BHOOY,2.0,13.934123477761053,6.967061738880527,-6.903786437449699,-6.903786437449699,1.0,5.982548965005105,5.982548965005105,-6.903786437449699,-6.903786437449699,3.0,7.951574512755949,0.6666666666666666,-6.903786437449699,-6.903786437449699,8.985344889523825,5.149227613533368,3.836117275990457,-6.903786437449698,-6.903786437449699,-6.903786437449699,0.0,3,3,1.0,0.7486252945797329,0.48978790259230165,0.2623723487824038,0.802827965435978,0.5003927729772192,0.5543205027494109
ARMK,1.0,10.656626506024098,10.656626506024098,-20.649966624299072,-20.649966624299072,1.0,5.349840981372104,5.349840981372104,-20.649966624299072,-20.649966624299072,2.0,5.306785524651994,0.5,-20.649966624299072,-20.649966624299072,10.656626506024098,3.4112092164227086,7.24541728960139,-20.649966624299072,-20.649966624299072,-20.649966624299072,0.0,2,2,1.0,0.8963079340141398,0.48978790259230165,0.19402985074626866,0.49410840534171246,0.5003927729772192,0.5540848389630794
ARI,3.0,26.01638309054353,8.672127696847843,-19.03182841946974,-19.03182841946974,2.0,21.278685446547712,10.639342723273856,-19.03182841946974,-19.03182841946974,5.0,4.737697643995819,0.6,-19.03182841946974,-19.03182841946974,19.56869875948649,14.29025966182071,5.278439097665782,-19.03182841946974,-19.03182841946974,-19.03182841946974,0.0,5,5,1.0,0.8185388845247447,0.48978790259230165,0.20109976433621368,0.7128829536527886,0.5003927729772192,0.5540455616653573
AKZOY,3.0,18.234489025186697,6.078163008395566,17.090109223017432,17.090109223017432,2.0,24.43052485135233,12.215262425676165,17.090109223017432,17.090109223017432,5.0,-6.196035826165634,0.6,17.090109223017432,17.090109223017432,12.895104981103891,12.76908971021396,0.12601527088993159,17.090109223017432,17.09010922301743,17.09010922301743,0.0,5,5,1.0,0.5498821681068342,0.48978790259230165,0.5993715632364494,0.7128829536527886,0.5003927729772192,0.5531029065200314
AWRS,0.0,0.0,0.0,0.0,0.0,4.0,30.459957922820582,7.6149894807051455,4900.000363797632,4900.000363797632,4.0,-30.459957922820582,0.0,0.0,4900.000363797632,0.0,13.890215123028442,-13.890215123028442,0.0,4900.000363797632,4900.000363797632,68062.05915606674,4,4,1.0,0.004713275726630008,1.0,0.9890023566378633,0.037706205813040065,0.5003927729772192,0.5530243519245875
AMLM,2.0,12.617496505050998,6.308748252525499,1360.368141415782,1360.368141415782,2.0,12.626995800014669,6.313497900007334,1360.368141415782,1360.368141415782,4.0,-0.00949929496367119,0.5,1360.368141415782,1360.368141415782,5.675870193376069,7.7825219982278995,-2.106651804851831,1360.368141415782,1360.368141415782,1360.368141415782,-0.0,4,4,1.0,0.37077769049489395,0.48978790259230165,0.97643362136685,0.49410840534171246,0.5003927729772192,0.5529065200314218
ASAZY,2.0,16.734061988825868,8.367030994412934,24.90451439371459,24.90451439371459,2.0,16.430753046506375,8.215376523253187,24.90451439371459,24.90451439371459,4.0,0.303308942319493,0.5,24.90451439371459,24.90451439371459,12.389681138690989,11.313557709756774,1.0761234289342152,24.90451439371459,24.90451439371459,24.90451439371459,0.0,4,4,1.0,0.598586017282011,0.48978790259230165,0.6347211311861743,0.49410840534171246,0.5003927729772192,0.5529065200314218
AKTX,2.0,17.42501765928362,8.71250882964181,-4.538700364220297,-4.538700364220297,1.0,8.115796519410978,8.115796519410978,-4.538700364220297,-4.538700364220297,3.0,9.30922113987264,0.6666666666666666,-4.538700364220297,-4.538700364220297,6.374668410569999,2.8400235662468263,3.534644844323173,-4.538700364220297,-4.538700364220297,-4.538700364220297,0.0,3,3,1.0,0.7336999214454045,0.48978790259230165,0.27729772191673213,0.802827965435978,0.5003927729772192,0.552827965435978
BGMD,1.0,6.666666666666667,6.666666666666667,2.0408167144199325,2.0408167144199325,1.0,11.51576273718811,11.51576273718811,2.0408167144199325,2.0408167144199325,2.0,-4.849096070521443,0.5,2.0408167144199325,2.0408167144199325,5.738053176167052,3.468481082195276,2.2695720939717763,2.0408167144199325,2.0408167144199325,2.0408167144199325,0.0,2,2,1.0,0.6724273369992144,0.48978790259230165,0.5223880597014925,0.49410840534171246,0.5003927729772192,0.5525923016496465
ACNE,0.0,0.0,0.0,0.0,0.0,1.0,6.859903381642511,6.859903381642511,73.3333407839149,73.3333407839149,1.0,-6.859903381642511,0.0,0.0,73.3333407839149,0.0,5.081941417236904,-5.081941417236904,0.0,73.3333407839149,73.3333407839149,372.6757417941254,1,1,1.0,0.17282010997643363,0.9717203456402199,0.776904948939513,0.037706205813040065,0.5003927729772192,0.5525530243519245
ASB,1.0,7.042253521126761,7.042253521126761,7.325774464684703,7.325774464684703,1.0,5.202312138728324,5.202312138728324,7.325774464684703,7.325774464684703,2.0,1.839941382398437,0.5,7.325774464684703,7.325774464684703,5.21702972311069,3.317140673176856,1.899889049933834,7.325774464684703,7.325774464684703,7.325774464684703,0.0,1,2,1.0,0.6465043205027494,0.48978790259230165,0.5600942655145326,0.49410840534171246,0.5003927729772192,0.552356637863315
BCOMF,2.0,14.744231859616473,7.372115929808237,82.16303437692838,82.16303437692838,2.0,15.751748251748253,7.875874125874127,82.16303437692838,82.16303437692838,4.0,-1.0075163921317802,0.5,82.16303437692838,82.16303437692838,5.357049856394994,6.090065696792291,-0.7330158403972966,82.16303437692838,82.16303437692838,82.16303437692838,-0.0,4,4,1.0,0.4878240377062058,0.48978790259230165,0.7926158680282797,0.49410840534171246,0.5003927729772192,0.5512568735271013
ATVK,2.0,24.060429935127164,12.030214967563582,150.87719504275904,150.87719504275904,2.0,21.27781459353676,10.63890729676838,150.87719504275904,150.87719504275904,4.0,2.782615341590404,0.5,150.87719504275904,150.87719504275904,8.975743401897425,10.355224683968135,-1.37948128207071,150.87719504275904,150.877195042759,150.877195042759,-0.0,4,4,1.0,0.4344069128043991,0.48978790259230165,0.8719560094265515,0.49410840534171246,0.5003927729772192,0.5510997643362137
ATBPF,4.0,36.17653125026668,9.04413281256667,-72.54117660604959,-72.54117660604959,3.0,27.304847343312012,9.101615781104003,-72.54117660604959,-72.54117660604959,7.0,8.871683906954665,0.5714285714285714,-72.54117660604959,-72.54117660604959,23.581202716560817,15.596335891744877,7.98486682481594,-72.54117660604959,-72.54117660604958,-72.54117660604958,0.0,6,7,1.0,0.9190887666928516,0.48978790259230165,0.04948939512961508,0.6826394344069128,0.5003927729772192,0.5508641005498822
AKRFF,1.0,11.29948364888124,11.29948364888124,-5.655293762998244,-5.655293762998244,1.0,6.69341894060995,6.69341894060995,-5.655293762998244,-5.655293762998244,2.0,4.60606470827129,0.5,-5.655293762998244,-5.655293762998244,11.29948364888124,5.761079071737544,5.538404577143696,-5.655293762998244,-5.655293762998244,-5.655293762998244,0.0,2,2,1.0,0.8334642576590731,0.48978790259230165,0.2702278083267871,0.49410840534171246,0.5003927729772192,0.550471327572663
ABMT,1.0,8.725152905198776,8.725152905198776,63.016390727496095,63.016390727496095,1.0,7.605526682722779,7.605526682722779,63.016390727496095,63.016390727496095,2.0,1.119626222475997,0.5,63.016390727496095,63.016390727496095,2.6279655530948056,3.0921763955426482,-0.4642108424478426,63.016390727496095,63.016390727496095,63.016390727496095,-0.0,2,2,1.0,0.5090337784760408,0.48978790259230165,0.7525530243519246,0.49410840534171246,0.5003927729772192,0.5496072270227809
ATR,2.0,17.31659719590754,8.65829859795377,3.734471797138372,3.734471797138372,2.0,12.720491460601087,6.3602457303005435,3.734471797138372,3.734471797138372,4.0,4.596105735306454,0.5,3.734471797138372,3.734471797138372,9.280330632897863,7.268078296777187,2.0122523361206763,3.7344717971383714,3.734471797138372,3.7344717971383714,0.0,4,4,1.0,0.6559308719560094,0.48978790259230165,0.5318146111547526,0.49410840534171246,0.5003927729772192,0.549528672427337
ASGXF,2.0,15.612598543494023,7.806299271747012,-67.84565987863984,-67.84565987863984,1.0,9.072984875083826,9.072984875083826,-67.84565987863984,-67.84565987863984,3.0,6.5396136684101975,0.6666666666666666,-67.84565987863984,-67.84565987863984,9.599904075620042,3.1749799049063907,6.424924170713652,-67.84565987863984,-67.84565987863984,-67.84565987863984,0.0,3,3,1.0,0.8664571877454831,0.48978790259230165,0.05970149253731343,0.802827965435978,0.5003927729772192,0.5491358994501179
AIMFF,1.0,8.150485436893204,8.150485436893204,39.284383662251,39.284383662251,1.0,6.742509976770504,6.742509976770504,39.284383662251,39.284383662251,2.0,1.4079754601227004,0.5,39.284383662251,39.284383662251,3.3137400907983787,3.184936194548982,0.12880389624939692,39.284383662251,39.284383662251,39.284383662251,0.0,2,2,1.0,0.5506677140612726,0.48978790259230165,0.6857816182246661,0.49410840534171246,0.5003927729772192,0.5487431264728987
BFHJ,1.0,5.350467289719626,5.350467289719626,1145.2830373684064,1145.2830373684064,1.0,11.150793650793652,11.150793650793652,1145.2830373684064,1145.2830373684064,2.0,-5.800326361074026,0.5,1145.2830373684064,1145.2830373684064,1.6115297786891185,3.902083630961693,-2.2905538522725744,1145.2830373684064,1145.2830373684064,1145.2830373684064,-0.0,2,2,1.0,0.35899450117831894,0.48978790259230165,0.9725058915946583,0.49410840534171246,0.5003927729772192,0.548586017282011
BAH,2.0,23.178315563028303,11.589157781514151,15.635108206889772,15.635108206889772,2.0,25.79495010740805,12.897475053704024,15.635108206889772,15.635108206889772,4.0,-2.616634544379746,0.5,15.635108206889772,15.635108206889772,11.408334424317893,10.186285631624783,1.2220487926931103,15.635108206889772,15.63510820688977,15.635108206889772,0.0,4,4,1.0,0.6119402985074627,0.48978790259230165,0.5930871956009427,0.49410840534171246,0.5003927729772192,0.548586017282011
APPN,1.0,12.281672272778822,12.281672272778822,0.0,0.0,1.0,5.0266996463163744,5.0266996463163744,0.0,0.0,2.0,7.254972626462448,0.5,0.0,0.0,6.740324653994385,3.2051652042385315,3.5351594497558536,0.0,0.0,0.0,0.0,2,2,1.0,0.7344854673998429,0.48978790259230165,0.40769835035349566,0.49410840534171246,0.5003927729772192,0.5482717989002357
BETSF,2.0,18.181519156239776,9.090759578119888,0.0,0.0,1.0,10.088691796008868,10.088691796008868,0.0,0.0,3.0,8.092827360230908,0.6666666666666666,0.0,0.0,9.12784842686547,7.473886705325534,1.6539617215399351,0.0,0.0,0.0,0.0,3,3,1.0,0.6307934014139828,0.48978790259230165,0.40769835035349566,0.802827965435978,0.5003927729772192,0.5480361351139041
ALFVF,1.0,5.100430721992408,5.100430721992408,85.32144955255893,85.32144955255893,1.0,7.324205943294778,7.324205943294778,85.32144955255893,85.32144955255893,2.0,-2.22377522130237,0.5,85.32144955255893,85.32144955255893,3.7784920121767858,4.670119897720256,-0.8916278855434703,85.32144955255893,85.32144955255893,85.32144955255893,-0.0,2,2,1.0,0.4713275726630008,0.48978790259230165,0.7973291437549097,0.49410840534171246,0.5003927729772192,0.5472505891594658
AMSWA,2.0,15.597868191168223,7.798934095584111,55.36125897412926,55.36125897412926,2.0,21.76217425109845,10.881087125549225,55.36125897412926,55.36125897412926,4.0,-6.164306059930228,0.5,55.36125897412926,55.36125897412926,12.76960010626499,13.15604208380599,-0.3864419775410006,55.361258974129264,55.36125897412926,55.36125897412926,-0.0,4,4,1.0,0.5121759622937941,0.48978790259230165,0.7360565593087196,0.49410840534171246,0.5003927729772192,0.5472505891594658
BGAOF,3.0,24.050992979207592,8.016997659735864,-35.84067696981935,-35.84067696981935,2.0,16.512661783772018,8.256330891886009,-35.84067696981935,-35.84067696981935,5.0,7.538331195435575,0.6,-35.84067696981935,-35.84067696981935,16.065893794565234,10.338073595328382,5.727820199236852,-35.84067696981935,-35.84067696981935,-35.84067696981934,0.0,5,5,1.0,0.842890809112333,0.48978790259230165,0.12961508248232523,0.7128829536527886,0.5003927729772192,0.5470542026708562
BBUCQ,2.0,14.112635396684636,7.056317698342318,39.16501744956944,39.16501744956944,2.0,12.134906594921501,6.067453297460751,39.16501744956944,39.16501744956944,4.0,1.977728801763135,0.5,39.16501744956944,39.16501744956944,5.005185258236322,4.919646308290066,0.08553894994625644,39.16501744956945,39.16501744956944,39.16501744956945,0.0,3,4,1.0,0.5451688923802043,0.48978790259230165,0.6849960722702279,0.49410840534171246,0.5003927729772192,0.5469363707776905
AUGG,0.0,0.0,0.0,0.0,0.0,1.0,6.521621825795102,6.521621825795102,19.7571743566287,19.7571743566287,1.0,-6.521621825795102,0.0,0.0,19.7571743566287,0.0,3.0805960201313947,-3.0805960201313947,0.0,19.7571743566287,19.7571743566287,60.86387269207242,1,1,1.0,0.2953652788688138,0.9410840534171249,0.6103692065985861,0.037706205813040065,0.5003927729772192,0.5468185388845247
ANDE,1.0,9.345351043643262,9.345351043643262,71.38961635277678,71.38961635277678,1.0,8.907563025210083,8.907563025210083,71.38961635277678,71.38961635277678,2.0,0.4377880184331797,0.5,71.38961635277678,71.38961635277678,6.923206331797837,7.666810546307237,-0.7436042145094,71.38961635277678,71.38961635277678,71.38961635277678,-0.0,2,2,1.0,0.48625294579732914,0.48978790259230165,0.772191673212883,0.49410840534171246,0.5003927729772192,0.546700706991359
ACCO,2.0,20.668067720502812,10.334033860251406,-10.621343248442306,-10.621343248442306,2.0,16.880240861283514,8.440120430641757,-10.621343248442306,-10.621343248442306,4.0,3.7878268592192974,0.5,-10.621343248442306,-10.621343248442306,15.55691428525234,9.992931417914907,5.563982867337433,-10.621343248442306,-10.621343248442306,-10.621343248442306,0.0,4,4,1.0,0.8373919874312648,0.48978790259230165,0.24509033778476041,0.49410840534171246,0.5003927729772192,0.5466221523959152
ASGLY,0.0,0.0,0.0,0.0,0.0,2.0,11.745242723348245,5.872621361674122,54.49662304379954,54.49662304379954,2.0,-11.745242723348245,0.0,0.0,54.49662304379954,0.0,4.835497307533457,-4.835497307533457,0.0,54.49662304379954,54.49662304379954,263.5182739979584,2,2,1.0,0.19010212097407697,0.9607227022780833,0.7344854673998429,0.037706205813040065,0.5003927729772192,0.5459544383346425
AATRL,1.0,5.959085906648541,5.959085906648541,18.100041118321617,18.100041118321617,1.0,5.969899665551841,5.969899665551841,18.100041118321617,18.100041118321617,2.0,-0.010813758903299941,0.5,18.100041118321617,18.100041118321617,2.8148728672111356,1.7980992249608054,1.0167736422503302,18.100041118321617,18.100041118321617,18.100041118321617,0.0,2,2,1.0,0.596229379418696,0.48978790259230165,0.6025137470542027,0.49410840534171246,0.5003927729772192,0.545758051846033
ALKS,0.0,0.0,0.0,0.0,0.0,2.0,11.743585288863326,5.871792644431663,66.4505542085982,66.4505542085982,2.0,-11.743585288863326,0.0,0.0,66.4505542085982,0.0,5.270016770159512,-5.270016770159512,0.0,66.45055420859819,66.45055420859819,350.1955350657063,2,2,1.0,0.16260801256873528,0.9701492537313433,0.7596229379418696,0.037706205813040065,0.5003927729772192,0.5455616653574235
BBU,2.0,17.96642161934089,8.983210809670444,0.0,0.0,1.0,11.509803921568626,11.509803921568626,0.0,0.0,3.0,6.456617697772263,0.6666666666666666,0.0,0.0,11.329607167729637,9.906580042382526,1.4230271253471116,0.0,0.0,0.0,0.0,3,3,1.0,0.6205813040062844,0.48978790259230165,0.40769835035349566,0.802827965435978,0.5003927729772192,0.5449725058915946
AUKUF,3.0,29.92535157240335,9.975117190801116,-32.77853922982931,-32.77853922982931,3.0,21.156264422449745,7.052088140816582,-32.77853922982931,-32.77853922982931,6.0,8.769087149953606,0.5,-32.77853922982931,-32.77853922982931,21.31638689904058,13.886339913129879,7.4300469859107015,-32.77853922982931,-32.77853922982931,-32.77853922982931,0.0,6,6,1.0,0.9002356637863315,0.48978790259230165,0.14218381775333858,0.49410840534171246,0.5003927729772192,0.5448939512961508
BDC,2.0,13.398375238567764,6.699187619283882,8.812800931732315,8.812800931732315,2.0,14.530973140313137,7.265486570156568,8.812800931732315,8.812800931732315,4.0,-1.1325979017453722,0.5,8.812800931732315,8.812800931732315,7.609901545287569,6.3067535463190145,1.3031479989685542,8.812800931732315,8.812800931732315,8.812800931732315,0.0,4,4,1.0,0.6166535742340927,0.48978790259230165,0.5671641791044776,0.49410840534171246,0.5003927729772192,0.544815396700707
AGDXF,1.0,7.8634445723053314,7.8634445723053314,44.33332593449301,44.33332593449301,1.0,7.3124803849775075,7.3124803849775075,44.33332593449301,44.33332593449301,2.0,0.5509641873278239,0.5,44.33332593449301,44.33332593449301,2.368423990870787,2.5589129263385035,-0.1904889354677164,44.33332593449301,44.33332593449301,44.33332593449301,-0.0,2,2,1.0,0.5239591516103692,0.48978790259230165,0.7062058130400628,0.49410840534171246,0.5003927729772192,0.544815396700707
ABMC,4.0,31.02108229351713,7.755270573379282,-36.01819777855874,-36.01819777855874,3.0,27.822887433607498,9.2742958112025,-36.01819777855874,-36.01819777855874,7.0,3.1981948599096306,0.5714285714285714,-36.01819777855874,-36.01819777855874,18.998463880443644,13.166909403015438,5.831554477428206,-36.01819777855874,-36.01819777855874,-36.01819777855874,0.0,7,7,1.0,0.8460329929300864,0.48978790259230165,0.12882953652788687,0.6826394344069128,0.5003927729772192,0.544815396700707
ASPT,0.0,0.0,0.0,0.0,0.0,2.0,33.18363888373216,16.59181944186608,650.0000254661256,650.0000254661256,2.0,-33.18363888373216,0.0,0.0,650.0000254661256,0.0,14.052972627058434,-14.052972627058434,0.0,650.0000254661256,650.0000254661256,9134.432565462748,2,2,1.0,0.003927729772191673,0.99528672427337,0.9560094265514533,0.037706205813040065,0.5003927729772192,0.544776119402985
ADFS,4.0,24.830146434412583,6.207536608603146,-94.31792680403164,-94.31792680403164,1.0,14.154029140648229,14.154029140648229,-94.31792680403164,-94.31792680403164,5.0,10.676117293764355,0.8,-94.31792680403164,-94.31792680403164,13.805816436843433,7.767895890001681,6.037920546841752,-94.31792680403166,-94.31792680403164,-94.31792680403166,0.0,5,5,1.0,0.8515318146111548,0.48978790259230165,0.018853102906520033,0.8837391987431265,0.5003927729772192,0.5445797329143754
AGSS,3.0,17.22192941534044,5.7406431384468135,33636.53894090793,33636.53894090793,1.0,11.26345274952086,11.26345274952086,33636.53894090793,33636.53894090793,4.0,5.95847666581958,0.75,6053.799748193983,8056.435957581158,11.022250353353405,8.344171024632647,2.6780793287207576,6053.799748193983,8056.435957581158,6554.458800540777,-5363.218635307488,4,4,1.0,0.6936370777690495,0.002356637863315004,0.9913589945011784,0.8735271013354281,0.5003927729772192,0.5444619010212098
ATTRF,3.0,18.96712105549047,6.32237368516349,-16.091952290524272,-16.091952290524272,2.0,14.049360420996543,7.024680210498271,-16.091952290524272,-16.091952290524272,5.0,4.917760634493927,0.6,-16.091952290524272,-16.091952290524272,12.120474801475574,7.654860839429706,4.465613962045867,-16.091952290524272,-16.091952290524272,-16.091952290524272,0.0,5,5,1.0,0.7761194029850746,0.48978790259230165,0.21445404556166536,0.7128829536527886,0.5003927729772192,0.5439905734485467
BDX,4.0,29.891865372197206,7.472966343049301,-2.474482764831221,-2.474482764831221,3.0,22.54125936510097,7.513753121700323,-2.474482764831221,-2.474482764831221,7.0,7.350606007096236,0.5714285714285714,-2.474482764831221,-2.474482764831221,19.169616241669495,15.635326307818126,3.534289933851369,-2.474482764831221,-2.474482764831221,-2.4744827648312215,0.0,7,7,1.0,0.7329143754909663,0.48978790259230165,0.2922230950510605,0.6826394344069128,0.5003927729772192,0.5435585231736056
BDVC,1.0,17.072762119201744,17.072762119201744,0.0,0.0,1.0,8.741042747714355,8.741042747714355,0.0,0.0,2.0,8.33171937148739,0.5,0.0,0.0,8.06460178801471,4.797185971540939,3.26741581647377,0.0,0.0,0.0,0.0,2,2,1.0,0.7187745483110762,0.48978790259230165,0.40769835035349566,0.49410840534171246,0.5003927729772192,0.5435585231736056
BBSEY,2.0,12.289227972861557,6.1446139864307785,-56.53594765058134,-56.53594765058134,1.0,6.315399053645488,6.315399053645488,-56.53594765058134,-56.53594765058134,3.0,5.973828919216069,0.6666666666666666,-56.53594765058134,-56.53594765058134,8.538295143104538,2.983183280154386,5.555111862950152,-56.53594765058135,-56.53594765058134,-56.53594765058134,0.0,3,3,1.0,0.8350353495679497,0.48978790259230165,0.07776904948939513,0.802827965435978,0.5003927729772192,0.5433228593872742
AMAT,2.0,16.450629431520625,8.225314715760312,142.7265416986166,142.7265416986166,2.0,15.347911753460481,7.673955876730241,142.7265416986166,142.7265416986166,4.0,1.1027176780601433,0.5,142.7265416986166,142.7265416986166,9.340524270049293,10.990795380072951,-1.6502711100236578,142.72654169861661,142.72654169861656,142.7265416986166,-0.0,4,4,1.0,0.4124116260801257,0.48978790259230165,0.8656716417910447,0.49410840534171246,0.5003927729772192,0.5432443047918304
AXXA,1.0,19.206429780033844,19.206429780033844,119.97816539151384,119.97816539151384,2.0,20.832692406296466,10.416346203148233,119.97816539151384,119.97816539151384,3.0,-1.6262626262626227,0.3333333333333333,119.97816539151384,119.97816539151384,16.531127310322898,16.54938692004392,-0.01825960972102081,119.97816539151384,119.97816539151384,119.97816539151385,-0.0,3,3,1.0,0.5357423409269442,0.48978790259230165,0.842890809112333,0.16732128829536527,0.5003927729772192,0.5430086410054987
AXAHF,1.0,8.150887573964498,8.150887573964498,4.4246802009251365,4.4246802009251365,1.0,5.420792079207921,5.420792079207921,4.4246802009251365,4.4246802009251365,2.0,2.7300954947565774,0.5,4.4246802009251365,4.4246802009251365,3.8502066650931823,2.2039295911680994,1.646277073925083,4.4246802009251365,4.4246802009251365,4.4246802009251365,0.0,2,2,1.0,0.6296150824823252,0.48978790259230165,0.5373134328358209,0.49410840534171246,0.5003927729772192,0.5427336999214454
AXAHY,1.0,8.150887573964498,8.150887573964498,4.422226992141215,4.422226992141215,1.0,5.420792079207921,5.420792079207921,4.422226992141215,4.422226992141215,2.0,2.7300954947565774,0.5,4.422226992141215,4.422226992141215,3.8502066650931823,2.2039295911680994,1.646277073925083,4.422226992141215,4.422226992141215,4.422226992141215,0.0,2,2,1.0,0.6296150824823252,0.48978790259230165,0.5365278868813825,0.49410840534171246,0.5003927729772192,0.5425765907305578
AXR,0.0,0.0,0.0,0.0,0.0,2.0,12.943557005613005,6.471778502806503,160.91855982770102,160.91855982770102,2.0,-12.943557005613005,0.0,0.0,160.91855982770102,0.0,8.280676596278704,-8.280676596278704,0.0,160.91855982770102,160.91855982770102,1332.5145522721184,2,2,1.0,0.05970149253731343,0.9842890809112333,0.8774548311076198,0.037706205813040065,0.5003927729772192,0.5424980361351139
AKAM,2.0,11.945648945648946,5.972824472824473,16.100678508772575,16.100678508772575,2.0,12.372422339642316,6.186211169821158,16.100678508772575,16.100678508772575,4.0,-0.4267733939933702,0.5,16.100678508772575,16.100678508772575,5.610236464112376,4.731065540665904,0.8791709234464715,16.100678508772575,16.100678508772575,16.100678508772575,0.0,4,4,1.0,0.589159465828751,0.48978790259230165,0.5954438334642577,0.49410840534171246,0.5003927729772192,0.5422230950510605
AMC,1.0,5.7439446366782025,5.7439446366782025,290.22204123121134,290.22204123121134,2.0,11.291025084140934,5.645512542070467,290.22204123121134,290.22204123121134,3.0,-5.547080447462731,0.3333333333333333,290.22204123121134,290.22204123121134,3.6625008017029206,4.435049047924137,-0.7725482462212163,290.22204123121134,290.22204123121134,290.22204123121134,-0.0,3,3,1.0,0.4838963079340141,0.48978790259230165,0.9159465828750982,0.16732128829536527,0.5003927729772192,0.5420659858601727
BANR,2.0,20.472480396823407,10.236240198411704,1.3894140451135637,1.3894140451135637,2.0,14.054964985405558,7.027482492702779,1.3894140451135637,1.3894140451135637,4.0,6.417515411417849,0.5,1.3894140451135637,1.3894140451135637,9.517586387835138,7.744314553643143,1.7732718341919949,1.3894140451135637,1.3894140451135637,1.3894140451135637,0.0,4,4,1.0,0.6402199528672428,0.48978790259230165,0.5176747839748626,0.49410840534171246,0.5003927729772192,0.5419874312647289
ATCN,3.0,19.329458606307284,6.443152868769094,-10.90723782390779,-10.90723782390779,1.0,7.380568974771872,7.380568974771872,-10.90723782390779,-10.90723782390779,4.0,11.948889631535412,0.75,-10.90723782390779,-10.90723782390779,10.119650236556536,7.380568974771872,2.739081261784664,-10.90723782390779,-10.90723782390779,-10.90723782390779,0.0,4,4,1.0,0.6967792615868028,0.48978790259230165,0.24273369992144542,0.8735271013354281,0.5003927729772192,0.5419088766692852
AVPMF,2.0,14.394891820245409,7.197445910122704,-24.06103358232032,-24.06103358232032,1.0,8.115796519410978,8.115796519410978,-24.06103358232032,-24.06103358232032,3.0,6.279095300834431,0.6666666666666666,-24.06103358232032,-24.06103358232032,6.915428227939541,2.8400235662468263,4.0754046616927155,-24.061033582320324,-24.06103358232032,-24.061033582320324,0.0,3,3,1.0,0.762765121759623,0.48978790259230165,0.1791044776119403,0.802827965435978,0.5003927729772192,0.5419088766692851
AEGXF,0.0,0.0,0.0,0.0,0.0,1.0,6.438947448758937,6.438947448758937,13.542737970348004,13.542737970348004,1.0,-6.438947448758937,0.0,0.0,13.542737970348004,0.0,3.0415434096508105,-3.0415434096508105,0.0,13.542737970348004,13.542737970348004,41.19082542233976,1,1,1.0,0.30007855459544386,0.9355852317360566,0.5868028279654359,0.037706205813040065,0.5003927729772192,0.5418695993715632
ARPC,3.0,21.70028270539216,7.2334275684640525,-97.02005735751436,-97.02005735751436,2.0,13.58715335561393,6.793576677806965,-97.02005735751436,-97.02005735751436,5.0,8.113129349778228,0.6,-97.02005735751436,-97.02005735751436,16.842297510729388,9.348532454636011,7.493765056093377,-97.02005735751436,-97.02005735751436,-97.02005735751436,0.0,5,5,1.0,0.9033778476040848,0.48978790259230165,0.01178318931657502,0.7128829536527886,0.5003927729772192,0.5416339355852318
ASBRF,2.0,12.592859130598201,6.296429565299101,-4.886020440434018,-4.886020440434018,2.0,13.764755076811817,6.882377538405908,-4.886020440434018,-4.886020440434018,4.0,-1.1718959462136151,0.5,-4.886020440434018,-4.886020440434018,10.061145431085325,5.13114916671857,4.929996264366755,-4.886020440434018,-4.886020440434018,-4.886020440434018,0.0,4,4,1.0,0.7996857816182247,0.48978790259230165,0.2749410840534171,0.49410840534171246,0.5003927729772192,0.5412804399057345
BAMXF,1.0,7.171717171717171,7.171717171717171,25.678404476604545,25.678404476604545,1.0,12.122832543660024,12.122832543660024,25.678404476604545,25.678404476604545,2.0,-4.951115371942853,0.5,25.678404476604545,25.678404476604545,3.9359218346137244,3.6513269941312774,0.284594840482447,25.678404476604545,25.678404476604545,25.678404476604545,0.0,2,2,1.0,0.5577376276512176,0.48978790259230165,0.6378633150039277,0.49410840534171246,0.5003927729772192,0.5412804399057345
AGM,2.0,16.181422989602577,8.090711494801289,32.68926860921965,32.68926860921965,1.0,11.882647795960487,11.882647795960487,32.68926860921965,32.68926860921965,3.0,4.29877519364209,0.6666666666666666,32.68926860921965,32.68926860921965,7.424036551514433,8.802881997190985,-1.3788454456765518,32.68926860921965,32.68926860921965,32.68926860921965,-0.0,3,3,1.0,0.4351924587588374,0.48978790259230165,0.6661429693637078,0.802827965435978,0.5003927729772192,0.541044776119403
ASAPF,1.0,5.580100574712644,5.580100574712644,25.71933587440465,25.71933587440465,1.0,5.845352564102566,5.845352564102566,25.71933587440465,25.71933587440465,2.0,-0.26525198938992123,0.5,25.71933587440465,25.71933587440465,1.952687834928807,1.760586358893842,0.19210147603496508,25.719335874404653,25.71933587440465,25.71933587440465,0.0,2,2,1.0,0.5538098978790259,0.48978790259230165,0.638648860958366,0.49410840534171246,0.5003927729772192,0.5402592301649647
AGYTF,1.0,7.343178431106893,7.343178431106893,170.0000008765389,170.0000008765389,1.0,16.917812461290723,16.917812461290723,170.0000008765389,170.0000008765389,2.0,-9.57463403018383,0.5,170.0000008765389,170.0000008765389,4.03002176890614,5.92018121258873,-1.89015944368259,170.0000008765389,170.0000008765389,170.0000008765389,-0.0,2,2,1.0,0.39120188531029065,0.48978790259230165,0.8821681068342498,0.49410840534171246,0.5003927729772192,0.5401806755695209
AIRI,2.0,14.410135594234216,7.205067797117108,-9.458298310949315,-9.458298310949315,1.0,6.930011268311006,6.930011268311006,-9.458298310949315,-9.458298310949315,3.0,7.48012432592321,0.6666666666666666,-9.458298310949315,-9.458298310949315,8.101634395707956,5.133878617094414,2.967755778613542,-9.458298310949314,-9.458298310949315,-9.458298310949315,0.0,3,3,1.0,0.7093479968578161,0.48978790259230165,0.24901806755695208,0.802827965435978,0.5003927729772192,0.5398664571877455
BCEKF,2.0,16.32675100554406,8.16337550277203,-54.16216205906223,-54.16216205906223,1.0,6.015503875968992,6.015503875968992,-54.16216205906223,-54.16216205906223,3.0,10.311247129575069,0.6666666666666666,-54.16216205906223,-54.16216205906223,7.717123639984647,2.4457213640209687,5.271402275963678,-54.162162059062226,-54.16216205906223,-54.16216205906223,0.0,3,3,1.0,0.8161822466614297,0.48978790259230165,0.08719560094265515,0.802827965435978,0.5003927729772192,0.5395522388059701
AGGG,1.0,10.234598187063373,10.234598187063373,0.0,0.0,1.0,5.423865006026516,5.423865006026516,0.0,0.0,2.0,4.8107331810368565,0.5,0.0,0.0,7.581976818332623,4.668363873739767,2.913612944592856,0.0,0.0,0.0,0.0,2,2,1.0,0.7046347211311862,0.48978790259230165,0.40769835035349566,0.49410840534171246,0.5003927729772192,0.5393165750196387
ALE,3.0,23.313181632923616,7.771060544307872,-30.931992069273623,-30.931992069273623,2.0,16.53470161005867,8.267350805029334,-30.931992069273623,-30.931992069273623,5.0,6.778480022864947,0.6,-30.931992069273623,-30.931992069273623,14.263581305770792,9.23958434796085,5.023996957809942,-30.931992069273623,-30.931992069273623,-30.931992069273623,0.0,5,5,1.0,0.8043990573448547,0.48978790259230165,0.14846818538884524,0.7128829536527886,0.5003927729772192,0.5392772977219167
AIVAF,1.0,10.110619469026547,10.110619469026547,1.6122977855768332,1.6122977855768332,1.0,5.79243765084473,5.79243765084473,1.6122977855768332,1.6122977855768332,2.0,4.3181818181818175,0.5,1.6122977855768332,1.6122977855768332,4.775918464660259,3.178957184132735,1.5969612805275237,1.6122977855768332,1.6122977855768332,1.6122977855768332,0.0,2,2,1.0,0.6284367635506677,0.48978790259230165,0.5192458758837392,0.49410840534171246,0.5003927729772192,0.5387666928515318
APYRF,2.0,10.858461130928525,5.4292305654642625,-20.92778203500704,-20.92778203500704,1.0,6.412243316543975,6.412243316543975,-20.92778203500704,-20.92778203500704,3.0,4.44621781438455,0.6666666666666666,-20.92778203500704,-20.92778203500704,7.735493455748628,4.088626853677004,3.646866602071624,-20.927782035007038,-20.92778203500704,-20.927782035007038,0.0,3,3,1.0,0.7415553809897879,0.48978790259230165,0.192458758837392,0.802827965435978,0.5003927729772192,0.5382168106834251
ADIA,2.0,16.070948853782976,8.035474426891488,-82.90598217461334,-82.90598217461334,1.0,10.64425770308123,10.64425770308123,-82.90598217461334,-82.90598217461334,3.0,5.426691150701746,0.6666666666666666,-82.90598217461334,-82.90598217461334,13.742492107986205,7.885460052074306,5.857032055911899,-82.90598217461336,-82.90598217461334,-82.90598217461336,0.0,3,3,1.0,0.8468185388845247,0.48978790259230165,0.03456402199528672,0.802827965435978,0.5003927729772192,0.538216810683425
AMZN,4.0,28.637316436544253,7.159329109136063,85.43426314830951,85.43426314830951,3.0,28.472379788470672,9.490793262823557,85.43426314830951,85.43426314830951,7.0,0.16493664807358144,0.5714285714285714,85.43426314830951,85.43426314830951,13.68390920218123,15.714908722174105,-2.030999519992875,85.43426314830951,85.4342631483095,85.43426314830951,-0.0,6,7,1.0,0.3762765121759623,0.48978790259230165,0.798114689709348,0.6826394344069128,0.5003927729772192,0.537745483110762
AGR,2.0,12.478865812607829,6.2394329063039145,0.0,0.0,1.0,7.456252667520274,7.456252667520274,0.0,0.0,3.0,5.022613145087555,0.6666666666666666,0.0,0.0,5.768211063512177,4.754316606415869,1.013894457096308,0.0,0.0,0.0,0.0,3,3,1.0,0.5954438334642577,0.48978790259230165,0.40769835035349566,0.802827965435978,0.5003927729772192,0.5374312647289866
AJOY,1.0,7.189329863370199,7.189329863370199,-4.444443543016151,-4.444443543016151,1.0,5.334153972406011,5.334153972406011,-4.444443543016151,-4.444443543016151,2.0,1.8551758909641878,0.5,-4.444443543016151,-4.444443543016151,7.189329863370199,2.519675923735217,4.669653939634982,-4.444443543016151,-4.444443543016151,-4.444443543016151,0.0,2,2,1.0,0.783974862529458,0.48978790259230165,0.2788688138256088,0.49410840534171246,0.5003927729772192,0.5373527101335428
AMG,2.0,13.43581230799276,6.71790615399638,97.8960198682141,97.8960198682141,2.0,19.11506628292765,9.557533141463825,97.8960198682141,97.8960198682141,4.0,-5.679253974934889,0.5,97.8960198682141,97.8960198682141,7.832492553510614,9.364151280891367,-1.5316587273807531,97.8960198682141,97.89601986821411,97.8960198682141,-0.0,4,4,1.0,0.42340926944226237,0.48978790259230165,0.8146111547525531,0.49410840534171246,0.5003927729772192,0.536331500392773
AOOO,3.0,20.294241231187435,6.764747077062478,3899.9999999994993,3899.999999999499,3.0,20.41249192871074,6.8041639762369135,3899.9999999994993,3899.999999999499,6.0,-0.11825069752330464,0.5,3899.999999999499,3899.999999999499,12.4620915526102,15.445553391155855,-2.9834618385456544,3899.9999999994993,3899.9999999994984,3899.9999999994993,-0.0,6,6,1.0,0.30557737627651216,0.48978790259230165,0.9874312647289867,0.49410840534171246,0.5003927729772192,0.5355459544383346
ARSEF,2.0,16.559441897357345,8.279720948678673,0.0,0.0,1.0,6.859903381642511,6.859903381642511,0.0,0.0,3.0,9.699538515714835,0.6666666666666666,0.0,0.0,5.901996848898373,5.081941417236904,0.8200554316614692,0.0,0.0,0.0,0.0,3,3,1.0,0.5875883739198743,0.48978790259230165,0.40769835035349566,0.802827965435978,0.5003927729772192,0.5350746268656716
AOTOF,2.0,15.059716123133459,7.529858061566729,-21.42857218883475,-21.42857218883475,1.0,7.0265898291376,7.0265898291376,-21.42857218883475,-21.42857218883475,3.0,8.03312629399586,0.6666666666666666,-21.42857218883475,-21.42857218883475,5.9652887869053615,2.4588690287357493,3.506419758169612,-21.428572188834753,-21.42857218883475,-21.42857218883475,0.0,3,3,1.0,0.7313432835820896,0.48978790259230165,0.18970934799685782,0.802827965435978,0.5003927729772192,0.5346032992930086
BCUCF,1.0,5.541871921182265,5.541871921182265,82.59686466814637,82.59686466814637,1.0,5.225409836065571,5.225409836065571,82.59686466814637,82.59686466814637,2.0,0.3164620851166937,0.5,82.59686466814637,82.59686466814637,1.939310185960836,3.3318684152367237,-1.3925582292758878,82.59686466814637,82.59686466814637,82.59686466814637,-0.0,2,2,1.0,0.4312647289866457,0.48978790259230165,0.793401413982718,0.49410840534171246,0.5003927729772192,0.534446190102121
AAME,0.0,0.0,0.0,0.0,0.0,2.0,11.41389045736872,5.70694522868436,80.30954255193019,80.30954255193019,2.0,-11.41389045736872,0.0,0.0,80.30954255193019,0.0,7.179587602850163,-7.179587602850163,0.0,80.30954255193019,80.30954255193019,576.5893960964057,2,2,1.0,0.09897879025923016,0.97643362136685,0.7894736842105263,0.037706205813040065,0.5003927729772192,0.5343283582089552
AILLO,1.0,8.598659405111018,8.598659405111018,-1.810997772216794,-1.810997772216794,1.0,7.12424285110579,7.12424285110579,-1.810997772216794,-1.810997772216794,2.0,1.474416554005228,0.5,-1.810997772216794,-1.810997772216794,8.598659405111018,4.542617800855218,4.0560416042558005,-1.810997772216794,-1.810997772216794,-1.810997772216794,0.0,2,2,1.0,0.7611940298507462,0.48978790259230165,0.29615082482325217,0.49410840534171246,0.5003927729772192,0.533974862529458
ADM,0.0,0.0,0.0,0.0,0.0,1.0,6.515677947926051,6.515677947926051,51.7545150609848,51.7545150609848,1.0,-6.515677947926051,0.0,0.0,51.7545150609848,0.0,5.608095981596804,-5.608095981596804,0.0,51.7545150609848,51.7545150609848,290.24428794300013,1,1,1.0,0.1516103692065986,0.9638648860958366,0.7274155538098979,0.037706205813040065,0.5003927729772192,0.533935585231736
ARAFF,1.0,7.255496325004461,7.255496325004461,153.96825881141328,153.96825881141328,1.0,5.328566564521621,5.328566564521621,153.96825881141328,153.96825881141328,2.0,1.9269297604828397,0.5,153.96825881141328,153.96825881141328,2.5389720526563204,4.586339744995627,-2.0473676923393063,153.96825881141328,153.96825881141328,153.96825881141328,-0.0,2,2,1.0,0.37470542026708564,0.48978790259230165,0.8743126472898665,0.49410840534171246,0.5003927729772192,0.5336606441476827
ACMT,1.0,9.095231816129433,9.095231816129433,15.53273484046522,15.53273484046522,1.0,5.892129975899609,5.892129975899609,15.53273484046522,15.53273484046522,2.0,3.2031018402298237,0.5,15.53273484046522,15.53273484046522,3.697845304745615,3.2336694921521207,0.4641758125934943,15.53273484046522,15.53273484046522,15.53273484046522,0.0,2,2,1.0,0.5632364493322859,0.48978790259230165,0.591516103692066,0.49410840534171246,0.5003927729772192,0.5336606441476827
BCBP,2.0,25.45587552452981,12.727937762264904,15.454685433059169,15.454685433059169,2.0,20.190571235829523,10.095285617914762,15.454685433059169,15.454685433059169,4.0,5.265304288700285,0.5,15.454685433059169,15.454685433059169,13.851441994488596,13.466356787576878,0.3850852069117181,15.45468543305917,15.454685433059167,15.454685433059169,0.0,4,4,1.0,0.5616653574234093,0.48978790259230165,0.5907305577376276,0.49410840534171246,0.5003927729772192,0.5330322073841319
ACET,1.0,7.33637511922254,7.33637511922254,0.0,0.0,1.0,5.702257941063912,5.702257941063912,0.0,0.0,2.0,1.6341171781586281,0.5,0.0,0.0,7.33637511922254,4.907978893506836,2.428396225715704,0.0,0.0,0.0,0.0,2,2,1.0,0.6818538884524745,0.48978790259230165,0.40769835035349566,0.49410840534171246,0.5003927729772192,0.5324823252160251
AWSL,2.0,33.64059761118585,16.820298805592923,242.9794322472115,242.9794322472115,3.0,36.461464321563994,12.153821440521332,242.97943224721152,242.9794322472115,5.0,-2.820866710378148,0.4,242.9794322472115,242.9794322472115,23.824697470228347,25.29342293030612,-1.4687254600777742,242.9794322472115,242.9794322472115,242.9794322472115,-0.0,5,5,1.0,0.4265514532600157,0.48978790259230165,0.9080911233307148,0.2584446190102121,0.5003927729772192,0.5324037706205813
AEXAY,2.0,19.11484953279185,9.557424766395926,0.0,0.0,1.0,9.389671361502348,9.389671361502348,0.0,0.0,3.0,9.725178171289503,0.6666666666666666,0.0,0.0,6.717975651420804,5.987118794570642,0.7308568568501626,0.0,0.0,0.0,0.0,3,3,1.0,0.5781618224666143,0.48978790259230165,0.40769835035349566,0.802827965435978,0.5003927729772192,0.5322466614296936
AVCVF,0.0,0.0,0.0,0.0,0.0,1.0,8.145437678769294,8.145437678769294,9.12332925031552,9.12332925031552,1.0,-8.145437678769294,0.0,0.0,9.12332925031552,0.0,3.311687825495488,-3.311687825495488,0.0,9.12332925031552,9.12332925031552,30.213618406256785,1,1,1.0,0.2812254516889238,0.9347996857816182,0.5679497250589159,0.037706205813040065,0.5003927729772192,0.5322073841319718
ANPCF,1.0,10.946260084780528,10.946260084780528,117.69230980844898,117.69230980844898,1.0,11.29763860449545,11.29763860449545,117.69230980844898,117.69230980844898,2.0,-0.3513785197149222,0.5,117.69230980844898,117.69230980844898,9.42153336699383,11.29763860449545,-1.876105237501621,117.69230980844898,117.69230980844898,117.69230980844898,-0.0,2,2,1.0,0.3935585231736057,0.48978790259230165,0.8373919874312648,0.49410840534171246,0.5003927729772192,0.5319324430479183
ARNI,1.0,6.958417169684776,6.958417169684776,33.75796107499784,33.75796107499784,1.0,6.770447244872746,6.770447244872746,33.75796107499784,33.75796107499784,2.0,0.18796992481203034,0.5,33.75796107499784,33.75796107499784,3.8188603115194666,4.3170277624009366,-0.49816745088146996,33.75796107499784,33.75796107499784,33.75796107499784,-0.0,2,2,1.0,0.5051060487038491,0.48978790259230165,0.6692851531814611,0.49410840534171246,0.5003927729772192,0.5317753338570307
AUSTF,1.0,6.304332043056771,6.304332043056771,43.00517833883504,43.00517833883504,1.0,8.536339331243836,8.536339331243836,43.00517833883504,43.00517833883504,2.0,-2.2320072881870647,0.5,43.00517833883504,43.00517833883504,4.670364046724057,5.443010269397251,-0.7726462226731945,43.00517833883504,43.00517833883504,43.00517833883504,-0.0,2,2,1.0,0.4831107619795758,0.48978790259230165,0.7022780832678712,0.49410840534171246,0.5003927729772192,0.5317753338570307
APRU,3.0,22.188175295238143,7.396058431746048,-57.91736902601159,-57.9173690260116,2.0,12.898859987825967,6.449429993912983,-57.9173690260116,-57.9173690260116,5.0,9.289315307412176,0.6,-57.9173690260116,-57.9173690260116,13.466652980441225,7.99748755681339,5.469165423627835,-57.917369026011606,-57.9173690260116,-57.9173690260116,0.0,5,5,1.0,0.8271798900235664,0.48978790259230165,0.07619795758051846,0.7128829536527886,0.5003927729772192,0.5316575019638649
APPB,2.0,17.165323825136245,8.582661912568122,0.0,0.0,2.0,12.787690153985096,6.393845076992548,0.0,0.0,4.0,4.377633671151148,0.5,0.0,0.0,8.422488530101088,6.118346730470957,2.3041417996301305,0.0,0.0,0.0,0.0,4,4,1.0,0.6755695208169678,0.48978790259230165,0.40769835035349566,0.49410840534171246,0.5003927729772192,0.5305970149253731
AILLM,1.0,5.9464508094645065,5.9464508094645065,0.1551912087589746,0.1551912087589746,1.0,5.548501777552056,5.548501777552056,0.1551912087589746,0.1551912087589746,2.0,0.3979490319124501,0.5,0.1551912087589746,0.1551912087589746,3.7916244383486513,2.6209266575396573,1.170697780808994,0.1551912087589746,0.1551912087589746,0.1551912087589746,0.0,2,2,1.0,0.6064414768263944,0.48978790259230165,0.5106048703849175,0.49410840534171246,0.5003927729772192,0.5304399057344855
ALK,1.0,9.363636363636363,9.363636363636363,-11.550091965608726,-11.550091965608726,1.0,5.407407407407407,5.407407407407407,-11.550091965608726,-11.550091965608726,2.0,3.956228956228956,0.5,-11.550091965608726,-11.550091965608726,9.363636363636363,4.654198687335498,4.709437676300865,-11.550091965608726,-11.550091965608726,-11.550091965608726,0.0,2,2,1.0,0.7871170463472114,0.48978790259230165,0.2380204241948154,0.49410840534171246,0.5003927729772192,0.5301256873527102
ASXSF,2.0,14.480484396815271,7.2402421984076355,117.40740134474036,117.40740134474036,2.0,18.320024718263713,9.160012359131857,117.40740134474036,117.40740134474036,4.0,-3.8395403214484425,0.5,117.40740134474036,117.40740134474036,5.685089410774108,7.594507117459237,-1.9094177066851294,117.40740134474035,117.40740134474038,117.40740134474036,-0.0,4,4,1.0,0.3880597014925373,0.48978790259230165,0.8366064414768264,0.49410840534171246,0.5003927729772192,0.5301256873527102
AAPT,2.0,17.677158829281932,8.838579414640966,23414.286277654373,23414.286277654373,2.0,11.844712904168944,5.922356452084472,23414.286277654373,23414.286277654373,4.0,5.832445925112989,0.5,6053.799748193983,8056.435957581158,11.847595245643218,7.478857690544876,4.368737555098342,6053.799748193982,8056.435957581158,7055.11785288757,-8748.992017149538,4,4,1.0,0.7706205813040062,0.0015710919088766694,0.9948939512961509,0.49410840534171246,0.5003927729772192,0.5300864100549882
BCCI,3.0,17.762453007518797,5.920817669172933,4.9621491204979815,4.9621491204979815,3.0,17.14167000581731,5.713890001939103,4.9621491204979815,4.9621491204979815,6.0,0.6207830017014864,0.5,4.9621491204979815,4.9621491204979815,9.78008923393908,8.995038013880393,0.785051220058687,4.9621491204979815,4.9621491204979815,4.9621491204979815,0.0,6,6,1.0,0.5828750981932443,0.48978790259230165,0.5420267085624509,0.49410840534171246,0.5003927729772192,0.5296543597800472
ALPP,2.0,35.787028990692136,17.893514495346068,0.0,0.0,1.0,28.53136155022948,28.53136155022948,0.0,0.0,3.0,7.2556674404626555,0.6666666666666666,0.0,0.0,25.097880431759855,24.557170464549717,0.5407099672101374,0.0,0.0,0.0,0.0,3,3,1.0,0.5695208169677927,0.48978790259230165,0.40769835035349566,0.802827965435978,0.5003927729772192,0.5296543597800472
BABWF,2.0,18.701629907863076,9.350814953931538,-61.72539408140351,-61.72539408140351,1.0,9.580316438723518,9.580316438723518,-61.72539408140351,-61.72539408140351,3.0,9.121313469139558,0.6666666666666666,-61.72539408140351,-61.72539408140351,10.129553453299222,5.25778913903435,4.871764314264872,-61.72539408140351,-61.72539408140351,-61.7253940814035,0.0,3,3,1.0,0.7965435978004713,0.48978790259230165,0.06677140612725845,0.802827965435978,0.5003927729772192,0.5295758051846033
ADBE,1.0,7.089201877934272,7.089201877934272,115.08288345205672,115.08288345205672,1.0,6.448223016857623,6.448223016857623,115.08288345205672,115.08288345205672,2.0,0.6409788610766487,0.5,115.08288345205672,115.08288345205672,4.520274689900834,6.448223016857623,-1.9279483269567894,115.0828834520567,115.08288345205672,115.0828834520567,-0.0,2,2,1.0,0.38727415553809896,0.48978790259230165,0.8342498036135114,0.49410840534171246,0.5003927729772192,0.5294186959937156
ACAD,1.0,8.951584813653778,8.951584813653778,-58.91534614376225,-58.91534614376225,1.0,5.715327371378327,5.715327371378327,-58.91534614376225,-58.91534614376225,2.0,3.236257442275451,0.5,-58.91534614376225,-58.91534614376225,8.951584813653778,1.7214235234425326,7.230161290211245,-58.91534614376225,-58.91534614376225,-58.91534614376225,0.0,2,2,1.0,0.8939512961508248,0.48978790259230165,0.07305577376276512,0.49410840534171246,0.5003927729772192,0.5291830322073842
AJX,2.0,15.588459925626331,7.794229962813166,0.0,0.0,2.0,18.77870291491546,9.38935145745773,0.0,0.0,4.0,-3.1902429892891284,0.5,0.0,0.0,11.148470951440276,8.918225317432862,2.2302456340074137,0.0,0.0,0.0,0.0,4,4,1.0,0.6708562450903378,0.48978790259230165,0.40769835035349566,0.49410840534171246,0.5003927729772192,0.5291830322073842
ARCVF,0.0,0.0,0.0,0.0,0.0,2.0,24.223254769523255,12.111627384761627,141.9245558256441,141.9245558256441,2.0,-24.223254769523255,0.0,0.0,141.9245558256441,0.0,10.669066776225975,-10.669066776225975,0.0,141.9245558256441,141.9245558256441,1514.2025632900081,2,2,1.0,0.019638648860958365,0.9882168106834249,0.8648860958366065,0.037706205813040065,0.5003927729772192,0.5291437549096623
AINSF,1.0,7.422993244016947,7.422993244016947,61.57323602722433,61.57323602722433,1.0,8.42361863488624,8.42361863488624,61.57323602722433,61.57323602722433,2.0,-1.0006253908692937,0.5,61.57323602722433,61.57323602722433,4.073825066963845,5.371136380129239,-1.2973113131653937,61.57323602722434,61.57323602722433,61.57323602722434,-0.0,2,2,1.0,0.44383346425765907,0.48978790259230165,0.7478397486252946,0.49410840534171246,0.5003927729772192,0.5291044776119402
AIXXF,1.0,6.8582183526735525,6.8582183526735525,137.6809143878193,137.6809143878193,1.0,7.954884017876143,7.954884017876143,137.6809143878193,137.6809143878193,2.0,-1.0966656652025906,0.5,137.6809143878193,137.6809143878193,3.763870034820851,5.893123023852439,-2.1292529890315883,137.6809143878193,137.6809143878193,137.6809143878193,-0.0,2,2,1.0,0.3684210526315789,0.48978790259230165,0.8601728201099764,0.49410840534171246,0.5003927729772192,0.5289473684210526
ANIX,2.0,20.94190853684525,10.470954268422625,20.196280064293227,20.196280064293227,2.0,18.361204628268418,9.180602314134209,20.196280064293227,20.196280064293227,4.0,2.580703908576833,0.5,20.196280064293227,20.196280064293227,10.055200206609266,10.141055940923025,-0.0858557343137587,20.196280064293227,20.196280064293227,20.196280064293227,-0.0,4,4,1.0,0.5318146111547526,0.48978790259230165,0.6142969363707776,0.49410840534171246,0.5003927729772192,0.528790259230165
AXNVF,1.0,9.825451136059227,9.825451136059227,0.0,0.0,1.0,5.497542997542999,5.497542997542999,0.0,0.0,2.0,4.327908138516229,0.5,0.0,0.0,6.264984246735498,4.072680021561042,2.192304225174456,0.0,0.0,0.0,0.0,2,2,1.0,0.6692851531814611,0.48978790259230165,0.40769835035349566,0.49410840534171246,0.5003927729772192,0.5287117046347212
AEYE,3.0,21.125972637571003,7.041990879190334,247.4744296264232,247.4744296264232,3.0,20.192237706595552,6.730745902198517,247.4744296264232,247.4744296264232,6.0,0.9337349309754508,0.5,247.4744296264232,247.4744296264232,10.236117384532719,12.826275587014097,-2.590158202481378,247.47442962642313,247.4744296264232,247.47442962642313,-0.0,6,6,1.0,0.33464257659073054,0.48978790259230165,0.9088766692851532,0.49410840534171246,0.5003927729772192,0.5285545954438334
AURX,1.0,9.345470827559062,9.345470827559062,0.0,0.0,1.0,5.103329570475349,5.103329570475349,0.0,0.0,2.0,4.242141257083713,0.5,0.0,0.0,5.958935289811689,3.7806395319519437,2.178295757859745,0.0,0.0,0.0,0.0,2,2,1.0,0.6684996072270227,0.48978790259230165,0.40769835035349566,0.49410840534171246,0.5003927729772192,0.5284760408483896
AWRRF,3.0,24.343147621409923,8.114382540469974,1.9347394366287487,1.9347394366287487,3.0,25.786932428602878,8.595644142867625,1.9347394366287487,1.9347394366287487,6.0,-1.443784807192955,0.5,1.9347394366287487,1.9347394366287487,12.94705692146531,11.987475952276206,0.9595809691891031,1.9347394366287487,1.9347394366287485,1.9347394366287485,0.0,6,6,1.0,0.5930871956009427,0.48978790259230165,0.5208169677926159,0.49410840534171246,0.5003927729772192,0.5284760408483896
APAJF,2.0,11.676436015761928,5.838218007880964,-21.5605723764339,-21.5605723764339,1.0,13.8805316995788,13.8805316995788,-21.5605723764339,-21.5605723764339,3.0,-2.204095683816872,0.6666666666666666,-21.5605723764339,-21.5605723764339,7.1602837593599595,4.180735806176975,2.9795479531829843,-21.560572376433903,-21.5605723764339,-21.5605723764339,0.0,3,3,1.0,0.7109190887666929,0.48978790259230165,0.1885310290652003,0.802827965435978,0.5003927729772192,0.5282403770620582
AZRH,2.0,17.220776185118655,8.610388092559328,-94.81661823194358,-94.81661823194358,1.0,7.954545454545454,7.954545454545454,-94.81661823194358,-94.81661823194358,3.0,9.266230730573202,0.6666666666666666,-94.81661823194358,-94.81661823194358,11.26470997441253,5.8928722099682105,5.371837764444319,-94.81661823194358,-94.81661823194358,-94.81661823194356,0.0,3,3,1.0,0.8232521602513747,0.48978790259230165,0.01728201099764336,0.802827965435978,0.5003927729772192,0.5276904948939514
ARSUF,1.0,12.281672272778822,12.281672272778822,0.0,0.0,1.0,5.357783211083945,5.357783211083945,0.0,0.0,2.0,6.923889061694877,0.5,0.0,0.0,6.740324653994385,4.611486745736211,2.1288379082581743,0.0,0.0,0.0,0.0,2,2,1.0,0.6653574234092694,0.48978790259230165,0.40769835035349566,0.49410840534171246,0.5003927729772192,0.5275333857030636
AVGR,2.0,18.809664947701005,9.404832473850503,0.0,0.0,2.0,14.837058534754107,7.418529267377053,0.0,0.0,4.0,3.9726064129468988,0.5,0.0,0.0,8.094338326734672,5.997720952825198,2.0966173739094742,0.0,0.0,0.0,0.0,4,4,1.0,0.6630007855459544,0.48978790259230165,0.40769835035349566,0.49410840534171246,0.5003927729772192,0.5268263943440691
ASC,1.0,9.72070525823061,9.72070525823061,-53.80478269146253,-53.80478269146253,1.0,8.790121420767282,8.790121420767282,-53.80478269146253,-53.80478269146253,2.0,0.9305838374633293,0.5,-53.80478269146253,-53.80478269146253,9.72070525823061,3.075995304397053,6.644709953833558,-53.80478269146253,-53.80478269146253,-53.80478269146253,0.0,2,2,1.0,0.8750981932443048,0.48978790259230165,0.08798114689709348,0.49410840534171246,0.5003927729772192,0.5265121759622938
AVHNF,2.0,22.96158791441586,11.48079395720793,19.63998329233392,19.63998329233392,2.0,20.861515487844915,10.430757743922458,19.63998329233392,19.63998329233392,4.0,2.100072426570943,0.5,19.63998329233392,19.63998329233392,8.976812962856439,9.136692543093027,-0.15987958023658777,19.63998329233392,19.63998329233392,19.63998329233392,-0.0,4,4,1.0,0.5263157894736842,0.48978790259230165,0.6095836606441477,0.49410840534171246,0.5003927729772192,0.5261979575805185
BESVF,3.0,34.548061022220764,11.516020340740255,280.1461851500495,280.1461851500495,3.0,31.055550734913922,10.351850244971308,280.1461851500495,280.1461851500495,6.0,3.4925102873068425,0.5,280.1461851500495,280.1461851500495,16.365928082989335,19.20281219231383,-2.836884109324494,280.14618515004946,280.14618515004946,280.14618515004946,-0.0,6,6,1.0,0.32128829536527886,0.48978790259230165,0.9151610369206599,0.49410840534171246,0.5003927729772192,0.5258051846032993
ACMDY,1.0,12.831636417293788,12.831636417293788,0.0,0.0,1.0,8.985507246376812,8.985507246376812,0.0,0.0,2.0,3.846129170916976,0.5,0.0,0.0,11.044291814951015,8.985507246376812,2.058784568574202,0.0,0.0,0.0,0.0,2,2,1.0,0.6582875098193244,0.48978790259230165,0.40769835035349566,0.49410840534171246,0.5003927729772192,0.5254124116260801
AIOT,1.0,10.632913527967812,10.632913527967812,10.122049282986296,10.122049282986296,1.0,8.874948580830935,8.874948580830935,10.122049282986296,10.122049282986296,2.0,1.7579649471368768,0.5,10.122049282986296,10.122049282986296,3.72085782647061,3.608284824723747,0.11257300174686291,10.122049282986296,10.122049282986296,10.122049282986296,0.0,2,2,1.0,0.5475255302435192,0.48978790259230165,0.5734485467399842,0.49410840534171246,0.5003927729772192,0.5253338570306363
AZO,2.0,17.492398905442386,8.746199452721193,50.43331658501488,50.43331658501488,2.0,21.5955448201825,10.79777241009125,50.43331658501488,50.43331658501488,4.0,-4.103145914740114,0.5,50.43331658501488,50.43331658501488,9.56927895378472,10.847534899085538,-1.2782559453008187,50.433316585014886,50.43331658501488,50.43331658501488,-0.0,4,4,1.0,0.44540455616653574,0.48978790259230165,0.7250589159465829,0.49410840534171246,0.5003927729772192,0.5250196386488609
ALTR,1.0,16.1247890530442,16.1247890530442,0.0,0.0,1.0,9.610814022578726,9.610814022578726,0.0,0.0,2.0,6.513975030465474,0.5,0.0,0.0,10.281619439183578,8.272104289171304,2.009515150012273,0.0,0.0,0.0,0.0,2,2,1.0,0.655145326001571,0.48978790259230165,0.40769835035349566,0.49410840534171246,0.5003927729772192,0.5244697564807541
ACEYY,1.0,8.139103675690414,8.139103675690414,217.96610043467345,217.96610043467345,1.0,9.266409266409266,9.266409266409266,217.96610043467345,217.96610043467345,2.0,-1.1273055907188514,0.5,217.96610043467345,217.96610043467345,5.18972163258846,7.9756723684175235,-2.785950735829063,217.96610043467342,217.96610043467345,217.96610043467342,-0.0,2,2,1.0,0.32521602513747055,0.48978790259230165,0.8994501178318932,0.49410840534171246,0.5003927729772192,0.5238413197172035
AVTBF,1.0,9.572025164050627,9.572025164050627,0.0,0.0,1.0,5.952051687705364,5.952051687705364,0.0,0.0,2.0,3.6199734763452636,0.5,0.0,0.0,7.091130650352614,5.1229783637022335,1.9681522866503807,0.0,0.0,0.0,0.0,2,2,1.0,0.6523959151610369,0.48978790259230165,0.40769835035349566,0.49410840534171246,0.5003927729772192,0.5236449332285938
AVTBD,1.0,9.572025164050627,9.572025164050627,0.0,0.0,1.0,5.952051687705364,5.952051687705364,0.0,0.0,2.0,3.6199734763452636,0.5,0.0,0.0,7.091130650352614,5.1229783637022335,1.9681522866503807,0.0,0.0,0.0,0.0,2,2,1.0,0.6523959151610369,0.48978790259230165,0.40769835035349566,0.49410840534171246,0.5003927729772192,0.5236449332285938
APEI,1.0,7.995787995787995,7.995787995787995,18.48096951154169,18.48096951154169,1.0,7.247929043594677,7.247929043594677,18.48096951154169,18.48096951154169,2.0,0.7478589521933179,0.5,18.48096951154169,18.48096951154169,5.098339520513863,5.369397897703154,-0.2710583771892905,18.48096951154169,18.48096951154169,18.48096951154169,-0.0,2,2,1.0,0.5200314218381775,0.48978790259230165,0.603299293008641,0.49410840534171246,0.5003927729772192,0.5230557737627651
ARW,0.0,0.0,0.0,0.0,0.0,1.0,6.993681993681992,6.993681993681992,50.5185070660234,50.5185070660234,1.0,-6.993681993681992,0.0,0.0,50.5185070660234,0.0,6.993681993681992,-6.993681993681992,0.0,50.5185070660234,50.5185070660234,353.3103732153444,1,1,1.0,0.10761979575805185,0.9709347996857817,0.7258444619010213,0.037706205813040065,0.5003927729772192,0.5225451688923802
BBLKF,3.0,17.53194470254609,5.843981567515364,1235.555548638965,1235.555548638965,3.0,20.24372323579665,6.74790774526555,1235.555548638965,1235.555548638965,6.0,-2.711778533250559,0.5,1235.555548638965,1235.555548638965,8.419276630901908,11.9257965594351,-3.5065199285331907,1235.555548638965,1235.555548638965,1235.555548638965,-0.0,6,6,1.0,0.2702278083267871,0.48978790259230165,0.974076983503535,0.49410840534171246,0.5003927729772192,0.5222702278083268
ANGCF,3.0,21.526514111245366,7.175504703748455,-23.07692307692309,-23.07692307692309,2.0,16.29037629037629,8.145188145188145,-23.07692307692309,-23.07692307692309,5.0,5.236137820869075,0.6,-23.07692307692309,-23.07692307692309,11.440408217081881,8.137957428668901,3.3024507884129797,-23.07692307692309,-23.07692307692309,-23.076923076923087,0.0,4,5,1.0,0.7203456402199528,0.48978790259230165,0.1838177533385703,0.7128829536527886,0.5003927729772192,0.5211311861743911
AXNX,1.0,15.272950971284398,15.272950971284398,0.0,0.0,1.0,11.280265864852034,11.280265864852034,0.0,0.0,2.0,3.992685106432365,0.5,0.0,0.0,13.145550724533315,11.280265864852034,1.8652848596812817,0.0,0.0,0.0,0.0,2,2,1.0,0.6433621366849961,0.48978790259230165,0.40769835035349566,0.49410840534171246,0.5003927729772192,0.5209347996857816
AWAEF,2.0,15.726424796378982,7.863212398189491,5.882356034843124,5.882356034843124,2.0,17.366527424522456,8.683263712261228,5.882356034843124,5.882356034843124,4.0,-1.6401026281434739,0.5,5.882356034843124,5.882356034843124,10.459003867016829,10.36441924530675,0.09458462171007831,5.882356034843123,5.882356034843123,5.882356034843123,0.0,4,4,1.0,0.5459544383346425,0.48978790259230165,0.5498821681068342,0.49410840534171246,0.5003927729772192,0.5201492537313432
ALBT,2.0,11.893254298645695,5.946627149322848,0.0,0.0,1.0,9.528777603894977,9.528777603894977,0.0,0.0,3.0,2.364476694750719,0.6666666666666666,0.0,0.0,9.48079401172897,9.528777603894977,-0.04798359216600723,0.0,0.0,0.0,-0.0,3,3,1.0,0.5341712490180676,0.48978790259230165,0.40769835035349566,0.802827965435978,0.5003927729772192,0.5190494893951296
ABUS,2.0,10.80647232979468,5.40323616489734,366.66667194725534,366.66667194725534,2.0,22.446450867820943,11.223225433910471,366.66667194725534,366.66667194725534,4.0,-11.639978538026263,0.5,366.66667194725534,366.66667194725534,6.961864232505194,10.147271759305525,-3.185407526800331,366.66667194725534,366.66667194725534,366.66667194725534,-0.0,4,4,1.0,0.2906520031421838,0.48978790259230165,0.9269442262372348,0.49410840534171246,0.5003927729772192,0.5189709347996858
AMIVF,3.0,29.831105280593967,9.943701760197989,0.0,0.0,3.0,25.78103673505179,8.593678911683929,0.0,0.0,6.0,4.050068545542178,0.5,0.0,0.0,16.680131159290525,14.957332000964545,1.72279915832598,0.0,0.0,0.0,0.0,6,6,1.0,0.6347211311861743,0.48978790259230165,0.40769835035349566,0.49410840534171246,0.5003927729772192,0.5183424980361351
BGPBF,2.0,19.76133253816638,9.88066626908319,159.08861652444284,159.08861652444284,4.0,29.470627164612864,7.367656791153216,159.08861652444284,159.08861652444284,6.0,-9.709294626446486,0.3333333333333333,159.08861652444284,159.08861652444284,12.260363560022299,13.684924791521327,-1.4245612314990286,159.08861652444284,159.08861652444287,159.08861652444287,-0.0,5,6,1.0,0.42969363707776903,0.48978790259230165,0.8766692851531814,0.16732128829536527,0.5003927729772192,0.5179497250589159
AMNC,2.0,43.811722703197155,21.905861351598578,97.17199465057452,97.17199465057452,3.0,42.288028230316826,14.096009410105609,97.17199465057452,97.17199465057452,5.0,1.5236944728803294,0.4,97.17199465057452,97.17199465057452,24.047839452515362,25.402223131473647,-1.3543836789582855,97.17199465057452,97.1719946505745,97.17199465057452,-0.0,5,5,1.0,0.4399057344854674,0.48978790259230165,0.8130400628436764,0.2584446190102121,0.5003927729772192,0.5173998428908091
ARC,2.0,17.559378426136448,8.779689213068224,118.02326147542774,118.02326147542774,2.0,17.800472995066713,8.900236497533356,118.02326147542774,118.02326147542774,4.0,-0.24109456893026504,0.5,118.02326147542774,118.02326147542774,8.64247338708919,11.14110075568604,-2.49862736859685,118.02326147542774,118.02326147542773,118.02326147542774,-0.0,4,4,1.0,0.34328358208955223,0.48978790259230165,0.8389630793401414,0.49410840534171246,0.5003927729772192,0.5171641791044777
A,0.0,0.0,0.0,0.0,0.0,3.0,29.37689346564303,9.792297821881009,108.15683866567649,108.15683866567647,3.0,-29.37689346564303,0.0,0.0,108.15683866567647,0.0,16.69372424984941,-16.69372424984941,0.0,108.15683866567647,108.15683866567649,1805.5404404202536,3,3,1.0,0.0007855459544383347,0.9897879025923016,0.8295365278868814,0.037706205813040065,0.5003927729772192,0.5168892380204242
AXGN,0.0,0.0,0.0,0.0,0.0,1.0,6.066822286670911,6.066822286670911,27.09098307433144,27.09098307433144,1.0,-6.066822286670911,0.0,0.0,27.09098307433144,0.0,5.221762333690962,-5.221762333690962,0.0,27.090983074331437,27.090983074331437,141.4626750002033,1,1,1.0,0.16417910447761194,0.9489395129615082,0.6449332285938727,0.037706205813040065,0.5003927729772192,0.5167321288295366
ASEKY,1.0,5.271088249811656,5.271088249811656,7.0252163612487335,7.0252163612487335,1.0,7.472782519735535,7.472782519735535,7.0252163612487335,7.0252163612487335,2.0,-2.2016942699238795,0.5,7.0252163612487335,7.0252163612487335,2.143064556188595,2.250758841823024,-0.10769428563442895,7.0252163612487335,7.0252163612487335,7.0252163612487335,-0.0,2,2,1.0,0.5302435192458759,0.48978790259230165,0.5561665357423409,0.49410840534171246,0.5003927729772192,0.5166928515318147
ADHC,0.0,0.0,0.0,0.0,0.0,1.0,8.313057583130576,8.313057583130576,27.393878815765248,27.393878815765248,1.0,-8.313057583130576,0.0,0.0,27.393878815765248,0.0,5.300639541056915,-5.300639541056915,0.0,27.393878815765248,27.393878815765248,145.20507723376664,1,1,1.0,0.16025137470542028,0.9497250589159466,0.648075412411626,0.037706205813040065,0.5003927729772192,0.5164179104477612
BGAVF,2.0,26.90966027892997,13.454830139464985,-23.137616647703585,-23.137616647703585,2.0,21.06481417973442,10.53240708986721,-23.137616647703585,-23.137616647703585,4.0,5.84484609919555,0.5,-23.137616647703585,-23.137616647703585,20.567034002888605,16.064712386135533,4.502321616753072,-23.13761664770358,-23.137616647703585,-23.13761664770358,0.0,4,4,1.0,0.7776904948939513,0.48978790259230165,0.18303220738413198,0.49410840534171246,0.5003927729772192,0.5163000785545955
AMBO,1.0,9.547575286300017,9.547575286300017,0.0,0.0,1.0,5.478395061728394,5.478395061728394,0.0,0.0,2.0,4.069180224571623,0.5,0.0,0.0,7.073017735421521,5.478395061728394,1.5946226736931273,0.0,0.0,0.0,0.0,2,2,1.0,0.6276512175962293,0.48978790259230165,0.40769835035349566,0.49410840534171246,0.5003927729772192,0.5162215239591516
AZPN,2.0,18.23610554773076,9.11805277386538,10.000431470818071,10.000431470818071,2.0,20.88978491912578,10.44489245956289,10.000431470818071,10.000431470818071,4.0,-2.6536793713950217,0.5,10.000431470818071,10.000431470818071,9.971205754404025,10.260172863825389,-0.28896710942136394,10.000431470818073,10.00043147081807,10.000431470818071,-0.0,4,4,1.0,0.5184603299293009,0.48978790259230165,0.5710919088766693,0.49410840534171246,0.5003927729772192,0.5161429693637077
AMSF,3.0,20.616442265273196,6.872147421757732,-11.30390075897347,-11.30390075897347,3.0,20.563344812982194,6.854448270994065,-11.30390075897347,-11.30390075897347,6.0,0.053097452291002156,0.5,-11.30390075897347,-11.30390075897347,14.728833825281898,11.091375260563424,3.6374585647184734,-11.30390075897347,-11.30390075897347,-11.30390075897347,0.0,6,6,1.0,0.7399842890809112,0.48978790259230165,0.23880597014925373,0.49410840534171246,0.5003927729772192,0.5161429693637077
BALL,3.0,17.400367416692074,5.800122472230691,25.546312030312407,25.546312030312407,3.0,20.234646260762645,6.744882086920882,25.546312030312407,25.546312030312407,6.0,-2.834278844070571,0.5,25.546312030312407,25.546312030312407,10.306584660061466,11.17962832231047,-0.873043662249005,25.546312030312407,25.546312030312407,25.546312030312407,-0.0,6,6,1.0,0.4744697564807541,0.48978790259230165,0.6370777690494894,0.49410840534171246,0.5003927729772192,0.5161429693637077
APMCF,0.0,0.0,0.0,0.0,0.0,1.0,9.916786146017824,9.916786146017824,37.5838046317002,37.5838046317002,1.0,-9.916786146017824,0.0,0.0,37.5838046317002,0.0,6.323222020313754,-6.323222020313754,0.0,37.5838046317002,37.5838046317002,237.65074105433672,1,1,1.0,0.12882953652788687,0.9583660644147682,0.6802827965435978,0.037706205813040065,0.5003927729772192,0.516025137470542
ADYYF,1.0,9.098137084052825,9.098137084052825,0.0,0.0,1.0,5.157640949554896,5.157640949554896,0.0,0.0,2.0,3.940496134497929,0.5,0.0,0.0,6.740065726126367,5.157640949554896,1.5824247765714707,0.0,0.0,0.0,0.0,2,2,1.0,0.6268656716417911,0.48978790259230165,0.40769835035349566,0.49410840534171246,0.5003927729772192,0.5159858601728201
APEOF,2.0,14.082482632304313,7.041241316152156,-25.92592653914242,-25.92592653914242,1.0,11.882978436293955,11.882978436293955,-25.92592653914242,-25.92592653914242,3.0,2.1995041960103574,0.6666666666666666,-25.92592653914242,-25.92592653914242,6.608613989788351,4.158302726733103,2.450311263055248,-25.925926539142424,-25.92592653914242,-25.925926539142424,0.0,3,3,1.0,0.6834249803613511,0.48978790259230165,0.1657501963864886,0.802827965435978,0.5003927729772192,0.5154359780047133
AVA,2.0,17.265515858966765,8.632757929483382,-16.55071429439556,-16.55071429439556,2.0,14.384473561455827,7.192236780727914,-16.55071429439556,-16.55071429439556,4.0,2.8810422975109375,0.5,-16.55071429439556,-16.55071429439556,11.205782585758646,7.239462365243858,3.9663202205147883,-16.55071429439556,-16.55071429439556,-16.55071429439556,0.0,4,4,1.0,0.7541241162608012,0.48978790259230165,0.211311861743912,0.49410840534171246,0.5003927729772192,0.5148860958366064
ATNNF,2.0,15.43247702575029,7.716238512875145,47.21457444453838,47.21457444453838,2.0,16.2847446901784,8.1423723450892,47.21457444453838,47.21457444453838,4.0,-0.8522676644281102,0.5,47.21457444453838,47.21457444453838,8.183533282099535,9.738086280325163,-1.5545529982256276,47.214574444538385,47.21457444453838,47.214574444538385,-0.0,4,4,1.0,0.4194815396700707,0.48978790259230165,0.7117046347211312,0.49410840534171246,0.5003927729772192,0.5145718774548311
BGLAF,2.0,17.352486859541337,8.676243429770668,35.1549156571733,35.1549156571733,2.0,13.285216396171451,6.642608198085726,35.1549156571733,35.1549156571733,4.0,4.067270463369885,0.5,35.1549156571733,35.1549156571733,6.45020069012624,7.744817897656501,-1.294617207530261,35.1549156571733,35.1549156571733,35.1549156571733,-0.0,4,4,1.0,0.44461901021209743,0.48978790259230165,0.6739984289080911,0.49410840534171246,0.5003927729772192,0.5145718774548311
AQSZF,1.0,12.369061726942398,12.369061726942398,0.0,0.0,1.0,6.454064011052269,6.454064011052269,0.0,0.0,2.0,5.914997715890129,0.5,0.0,0.0,3.725489798939797,2.258520632646946,1.4669691662928512,0.0,0.0,0.0,0.0,2,2,1.0,0.6213668499607227,0.48978790259230165,0.40769835035349566,0.49410840534171246,0.5003927729772192,0.5143362136684996
AIABF,2.0,18.86373907496983,9.431869537484914,-62.93650728699903,-62.93650728699903,1.0,10.153902470078942,10.153902470078942,-62.93650728699903,-62.93650728699903,3.0,8.709836604890887,0.6666666666666666,-62.93650728699903,-62.93650728699903,7.934694889618637,4.128268672299225,3.8064262173194123,-62.93650728699903,-62.93650728699903,-62.93650728699904,0.0,3,3,1.0,0.746268656716418,0.48978790259230165,0.06520031421838178,0.802827965435978,0.5003927729772192,0.514179104477612
ASHXF,1.0,10.354609929078013,10.354609929078013,393.6507690595609,393.6507690595609,2.0,13.331239695375677,6.6656198476878386,393.6507690595609,393.6507690595609,3.0,-2.9766297662976644,0.3333333333333333,393.6507690595609,393.6507690595609,3.118748577246915,5.133071377674694,-2.0143228004277796,393.6507690595609,393.65076905956084,393.65076905956084,-0.0,3,3,1.0,0.377847604084839,0.48978790259230165,0.9355852317360566,0.16732128829536527,0.5003927729772192,0.514179104477612
ATRA,0.0,0.0,0.0,0.0,0.0,2.0,12.111923457361815,6.0559617286809075,39.38210085708591,39.38210085708591,2.0,-12.111923457361815,0.0,0.0,39.38210085708591,0.0,6.589402272956452,-6.589402272956452,0.0,39.38210085708591,39.38210085708591,259.5045049014821,2,2,1.0,0.11704634721131187,0.9591516103692066,0.6873527101335428,0.037706205813040065,0.5003927729772192,0.51413982717989
BALY,1.0,7.534017369674741,7.534017369674741,0.0,0.0,1.0,5.068355235269182,5.068355235269182,0.0,0.0,2.0,2.4656621344055587,0.5,0.0,0.0,6.484588844603983,5.068355235269182,1.4162336093348005,0.0,0.0,0.0,0.0,2,2,1.0,0.6197957580518461,0.48978790259230165,0.40769835035349566,0.49410840534171246,0.5003927729772192,0.5138648860958366
ARIZF,2.0,18.555654013751038,9.277827006875519,-17.142326545960884,-17.142326545960884,1.0,12.44611319705187,12.44611319705187,-17.142326545960884,-17.142326545960884,3.0,6.109540816699168,0.6666666666666666,-17.142326545960884,-17.142326545960884,6.318220474967753,4.355364837358977,1.9628556376087767,-17.142326545960884,-17.142326545960884,-17.142326545960884,0.0,3,3,1.0,0.6504320502749411,0.48978790259230165,0.206598586017282,0.802827965435978,0.5003927729772192,0.513707776904949
AIBGY,1.0,7.6233030839604545,7.6233030839604545,0.0,0.0,1.0,5.157640949554896,5.157640949554896,0.0,0.0,2.0,2.4656621344055587,0.5,0.0,0.0,6.561437771070505,5.157640949554896,1.4037968215156091,0.0,0.0,0.0,0.0,2,2,1.0,0.6190102120974077,0.48978790259230165,0.40769835035349566,0.49410840534171246,0.5003927729772192,0.5136292223095051
ASXFY,2.0,14.537057470377807,7.268528735188903,4.640471355868572,4.640471355868572,2.0,19.868104224905615,9.934052112452807,4.640471355868572,4.640471355868572,4.0,-5.331046754527808,0.5,4.640471355868572,4.640471355868572,8.003570802677398,8.096339071096944,-0.09276826841954566,4.640471355868572,4.640471355868571,4.640471355868572,-0.0,4,4,1.0,0.5310290652003142,0.48978790259230165,0.5380989787902593,0.49410840534171246,0.5003927729772192,0.5133150039277298
AKRRF,1.0,8.466726618705035,8.466726618705035,34.625753517403226,34.625753517403226,1.0,9.572884887268398,9.572884887268398,34.625753517403226,34.625753517403226,2.0,-1.1061582685633624,0.5,34.625753517403226,34.625753517403226,2.5501290513969264,3.8920445513526363,-1.34191549995571,34.625753517403226,34.625753517403226,34.625753517403226,-0.0,2,2,1.0,0.44069128043990574,0.48978790259230165,0.6724273369992144,0.49410840534171246,0.5003927729772192,0.5130793401413982
BG,1.0,6.215343871555078,6.215343871555078,49.308003568831296,49.308003568831296,1.0,10.28503807367771,10.28503807367771,49.308003568831296,49.308003568831296,2.0,-4.069694202122632,0.5,49.308003568831296,49.308003568831296,3.9630782245133807,5.6445485725044175,-1.681470347991037,49.308003568831296,49.308003568831296,49.308003568831296,-0.0,2,2,1.0,0.40926944226237233,0.48978790259230165,0.7179890023566379,0.49410840534171246,0.5003927729772192,0.512765121759623
AAPL,2.0,16.626004049014107,8.313002024507053,135.91643956855697,135.91643956855697,2.0,16.470578918191176,8.235289459095588,135.91643956855697,135.91643956855697,4.0,0.1554251308229304,0.5,135.91643956855697,135.91643956855697,9.989083504136763,12.855758595468398,-2.8666750913316346,135.91643956855697,135.916439568557,135.916439568557,-0.0,4,4,1.0,0.31657501963864887,0.48978790259230165,0.8562450903377847,0.49410840534171246,0.5003927729772192,0.5126080125687352
ALMMF,1.0,5.350496277915633,5.350496277915633,138.70967673709563,138.70967673709563,1.0,7.988660814918541,7.988660814918541,138.70967673709563,138.70967673709563,2.0,-2.6381645370029077,0.5,138.70967673709563,138.70967673709563,2.175349451155501,5.093795029349799,-2.918445578194298,138.70967673709563,138.70967673709563,138.70967673709563,-0.0,2,2,1.0,0.3118617439120189,0.48978790259230165,0.8617439120188531,0.49410840534171246,0.5003927729772192,0.51229379418696
AYRO,1.0,11.257492507492508,11.257492507492508,4.919614799906056,4.919614799906056,1.0,8.673995190656132,8.673995190656132,4.919614799906056,4.919614799906056,2.0,2.5834973168363753,0.5,4.919614799906056,4.919614799906056,4.5769548983035735,4.760389492055708,-0.18343459375213467,4.919614799906057,4.919614799906056,4.919614799906057,-0.0,2,2,1.0,0.5247446975648076,0.48978790259230165,0.5404556166535742,0.49410840534171246,0.5003927729772192,0.5119010212097408
BHC,2.0,18.825698898692973,9.412849449346487,22.091912415100627,22.091912415100627,2.0,17.43718691316606,8.71859345658303,22.091912415100627,22.091912415100627,4.0,1.3885119855269146,0.5,22.091912415100627,22.091912415100627,12.611690612298721,13.49594577672061,-0.884255164421889,22.091912415100627,22.09191241510063,22.09191241510063,-0.0,4,4,1.0,0.4721131186174391,0.48978790259230165,0.6190102120974077,0.49410840534171246,0.5003927729772192,0.511822466614297
AGMH,2.0,16.61945500453118,8.30972750226559,0.0,0.0,1.0,14.08968050453947,14.08968050453947,0.0,0.0,3.0,2.52977449999171,0.6666666666666666,0.0,0.0,11.665525289170793,12.127100395537754,-0.4615751063669613,0.0,0.0,0.0,-0.0,3,3,1.0,0.5098193244304792,0.48978790259230165,0.40769835035349566,0.802827965435978,0.5003927729772192,0.511743912018853
AXP,1.0,7.853530816027928,7.853530816027928,47.11778899372828,47.11778899372828,1.0,9.390719759296696,9.390719759296696,47.11778899372828,47.11778899372828,2.0,-1.5371889432687675,0.5,47.11778899372828,47.11778899372828,4.310109096259142,5.987787282518416,-1.677678186259274,47.11778899372828,47.11778899372828,47.11778899372828,-0.0,2,2,1.0,0.4100549882168107,0.48978790259230165,0.7109190887666929,0.49410840534171246,0.5003927729772192,0.5115868028279654
AVNI,1.0,7.768691588785046,7.768691588785046,118.58545818370996,118.58545818370996,1.0,12.674556213017752,12.674556213017752,118.58545818370996,118.58545818370996,2.0,-4.905864624232706,0.5,118.58545818370996,118.58545818370996,2.339884940673065,5.153090006889724,-2.8132050662166592,118.58545818370996,118.58545818370995,118.58545818370996,-0.0,2,2,1.0,0.32285938727415553,0.48978790259230165,0.8413197172034564,0.49410840534171246,0.5003927729772192,0.5115082482325216
ATDS,2.0,18.48429440973097,9.242147204865486,-99.78968647448905,-99.78968647448905,1.0,15.454545454545451,15.454545454545451,-99.78968647448905,-99.78968647448905,3.0,3.0297489551855197,0.6666666666666666,-97.12008294741078,-97.03877752350526,8.920795155149518,11.449008865081092,-2.528213709931574,-97.1200829474108,-97.03877752350526,-97.09298113944227,0.2055574874097317,3,3,1.0,0.3401413982717989,0.9269442262372348,0.003534956794972506,0.802827965435978,0.5003927729772192,0.5111547525530243
AXON,1.0,7.995787995787995,7.995787995787995,223.6513175181749,223.6513175181749,1.0,9.81283422459893,9.81283422459893,223.6513175181749,223.6513175181749,2.0,-1.817046228810935,0.5,223.6513175181749,223.6513175181749,5.098339520513863,8.445984688449096,-3.347645167935233,223.6513175181749,223.6513175181749,223.6513175181749,-0.0,2,2,1.0,0.28043990573448546,0.48978790259230165,0.9025923016496465,0.49410840534171246,0.5003927729772192,0.5110369206598586
AWH,1.0,6.045432869467203,6.045432869467203,492.7140221026267,492.7140221026267,2.0,12.11897618438983,6.059488092194915,492.7140221026267,492.7140221026267,3.0,-6.073543314922627,0.3333333333333333,492.7140221026267,492.7140221026267,2.8556602843774432,5.182851226282311,-2.327190941904868,492.7140221026267,492.7140221026267,492.71402210262676,-0.0,3,3,1.0,0.3558523173605656,0.48978790259230165,0.9465828750981933,0.16732128829536527,0.5003927729772192,0.5097800471327573
ABMBF,1.0,5.549724481763319,5.549724481763319,24.19354854215577,24.19354854215577,1.0,9.2506500669766,9.2506500669766,24.19354854215577,24.19354854215577,2.0,-3.700925585213281,0.5,24.19354854215577,24.19354854215577,2.621504222112953,3.7610336501100274,-1.1395294279970742,24.19354854215577,24.19354854215577,24.19354854215577,-0.0,2,2,1.0,0.4556166535742341,0.48978790259230165,0.6307934014139828,0.49410840534171246,0.5003927729772192,0.5092301649646505
ARTTF,1.0,11.124261559768126,11.124261559768126,0.0,0.0,1.0,7.757941716986085,7.757941716986085,0.0,0.0,2.0,3.3663198427820404,0.5,0.0,0.0,6.105124186954231,4.946682037391284,1.1584421495629469,0.0,0.0,0.0,0.0,2,2,1.0,0.6040848389630793,0.48978790259230165,0.40769835035349566,0.49410840534171246,0.5003927729772192,0.5091516103692066
ARESF,2.0,15.162405035376644,7.581202517688322,-2.9192442087401,-2.9192442087401,0.0,0.0,0.0,0.0,0.0,2.0,15.162405035376644,1.0,-2.9192442087401,0.0,11.69741828671395,0.0,11.69741828671395,-2.9192442087401,0.0,-2.9192442087401,-34.147620590700235,2,2,1.0,0.9756480754124116,0.04477611940298507,0.2914375490966222,0.94344069128044,0.5003927729772192,0.5087981146897094
ADAD,1.0,10.08739241783955,10.08739241783955,0.0,0.0,1.0,5.861383824216923,5.861383824216923,0.0,0.0,2.0,4.226008593622628,0.5,0.0,0.0,3.529959397099707,2.3830608270209264,1.1468985700787808,0.0,0.0,0.0,0.0,2,2,1.0,0.6025137470542027,0.48978790259230165,0.40769835035349566,0.49410840534171246,0.5003927729772192,0.5086802827965436
BDRFF,2.0,12.392407473927893,6.196203736963946,-4.029170667789357,-4.029170667789357,2.0,12.89804849683629,6.449024248418145,-4.029170667789357,-4.029170667789357,4.0,-0.5056410229083976,0.5,-4.029170667789357,-4.029170667789357,9.213063282084807,6.676376598312581,2.536686683772226,-4.029170667789357,-4.029170667789358,-4.029170667789357,0.0,4,4,1.0,0.6865671641791045,0.48978790259230165,0.28043990573448546,0.49410840534171246,0.5003927729772192,0.5084446190102121
ASTA,1.0,9.621176097638294,9.621176097638294,0.0,0.0,1.0,5.637681159420289,5.637681159420289,0.0,0.0,2.0,3.983494938218005,0.5,0.0,0.0,5.280213395293613,4.176496925292583,1.1037164700010296,0.0,0.0,0.0,0.0,2,2,1.0,0.600942655145326,0.48978790259230165,0.40769835035349566,0.49410840534171246,0.5003927729772192,0.5082089552238805
AEGY,1.0,5.0925925925925934,5.0925925925925934,0.0,0.0,1.0,8.100331041507513,8.100331041507513,0.0,0.0,2.0,-3.0077384489149193,0.5,0.0,0.0,4.38323506512761,3.2933488353319227,1.0898862297956873,0.0,0.0,0.0,0.0,2,2,1.0,0.5993715632364494,0.48978790259230165,0.40769835035349566,0.49410840534171246,0.5003927729772192,0.5077376276512177
ARRPY,1.0,10.186413702904147,10.186413702904147,0.0,0.0,1.0,5.424930945380023,5.424930945380023,0.0,0.0,2.0,4.761482757524124,0.5,0.0,0.0,6.495144141037475,5.424930945380023,1.0702131956574519,0.0,0.0,0.0,0.0,2,2,1.0,0.5978004713275726,0.48978790259230165,0.40769835035349566,0.49410840534171246,0.5003927729772192,0.5072663000785546
ALIZF,1.0,10.110619469026547,10.110619469026547,-5.920572896362006,-5.920572896362006,1.0,5.420792079207921,5.420792079207921,-5.920572896362006,-5.920572896362006,2.0,4.6898273898186265,0.5,-5.920572896362006,-5.920572896362006,4.775918464660259,2.2039295911680994,2.571988873492159,-5.920572896362006,-5.920572896362006,-5.920572896362006,0.0,2,2,1.0,0.6893165750196386,0.48978790259230165,0.2694422623723488,0.49410840534171246,0.5003927729772192,0.507069913589945
ALRN,1.0,12.281672272778822,12.281672272778822,0.0,0.0,1.0,8.915352429996782,8.915352429996782,0.0,0.0,2.0,3.3663198427820404,0.5,0.0,0.0,6.740324653994385,5.684679690995533,1.0556449629988522,0.0,0.0,0.0,0.0,2,2,1.0,0.5970149253731343,0.48978790259230165,0.40769835035349566,0.49410840534171246,0.5003927729772192,0.5070306362922231
BANF,2.0,17.620728383060218,8.810364191530109,6.050075137360608,6.050075137360608,2.0,18.722652122779238,9.361326061389619,6.050075137360608,6.050075137360608,4.0,-1.1019237397190196,0.5,6.050075137360608,6.050075137360608,8.658655187480699,9.23898296191279,-0.5803277744320905,6.050075137360608,6.050075137360608,6.050075137360608,-0.0,4,4,1.0,0.5003927729772192,0.48978790259230165,0.5506677140612726,0.49410840534171246,0.5003927729772192,0.5066378633150039
ACWRF,2.0,12.796242707335002,6.398121353667501,0.0,0.0,1.0,7.395028718558132,7.395028718558132,0.0,0.0,3.0,5.40121398877687,0.6666666666666666,0.0,0.0,4.7948214913689,5.47837201717244,-0.6835505258035397,0.0,0.0,0.0,-0.0,3,3,1.0,0.49096622152395913,0.48978790259230165,0.40769835035349566,0.802827965435978,0.5003927729772192,0.506087981146897
ALIZY,1.0,10.110619469026547,10.110619469026547,-6.786271734880948,-6.786271734880948,1.0,5.420792079207921,5.420792079207921,-6.786271734880948,-6.786271734880948,2.0,4.6898273898186265,0.5,-6.786271734880948,-6.786271734880948,4.775918464660259,2.2039295911680994,2.571988873492159,-6.786271734880948,-6.786271734880947,-6.786271734880948,0.0,2,2,1.0,0.6893165750196386,0.48978790259230165,0.26394344069128045,0.49410840534171246,0.5003927729772192,0.5059701492537313
AZFL,1.0,10.592982391491905,10.592982391491905,1700.000049476456,1700.000049476456,2.0,13.233001411866168,6.616500705933084,1700.000049476456,1700.000049476456,3.0,-2.640019020374263,0.3333333333333333,1700.000049476456,1700.000049476456,3.70688441445278,6.555661684888016,-2.848777270435236,1700.000049476456,1700.0000494764563,1700.0000494764563,-0.0,3,3,1.0,0.3197172034564022,0.48978790259230165,0.98114689709348,0.16732128829536527,0.5003927729772192,0.5058523173605656
AMT,1.0,9.486140587819152,9.486140587819152,19.972776573398875,19.972776573398875,1.0,8.541809911672924,8.541809911672924,19.972776573398875,19.972776573398875,2.0,0.9443306761462278,0.5,19.972776573398875,19.972776573398875,5.206104336218978,6.327928420166998,-1.1218240839480202,19.972776573398875,19.972776573398875,19.972776573398875,-0.0,2,2,1.0,0.45640219952867245,0.48978790259230165,0.6111547525530243,0.49410840534171246,0.5003927729772192,0.5055380989787902
ACGL,1.0,6.199843413583871,6.199843413583871,-5.568791533132823,-5.568791533132823,1.0,5.312639713866002,5.312639713866002,-5.568791533132823,-5.568791533132823,2.0,0.8872036997178689,0.5,-5.568791533132823,-5.568791533132823,4.592956966156471,2.1599581207908947,2.4329988453655766,-5.568791533132823,-5.568791533132822,-5.568791533132822,0.0,2,2,1.0,0.6826394344069128,0.48978790259230165,0.27101335428122547,0.49410840534171246,0.5003927729772192,0.5053809897879026
APMSF,3.0,26.629048185274637,8.876349395091546,71.98715107685636,71.98715107685636,3.0,27.896525722233072,9.298841907411024,71.98715107685636,71.98715107685636,6.0,-1.2674775369584346,0.5,71.98715107685636,71.98715107685636,12.462568020109345,14.897714375564535,-2.43514635545519,71.98715107685635,71.98715107685636,71.98715107685636,-0.0,4,6,1.0,0.3472113118617439,0.48978790259230165,0.7729772191673213,0.49410840534171246,0.5003927729772192,0.5051453260015711
ABWN,1.0,10.914558665195278,10.914558665195278,0.0,0.0,1.0,6.449473273507608,6.449473273507608,0.0,0.0,2.0,4.46508539168767,0.5,0.0,0.0,4.437528402727253,3.5395459791784063,0.8979824235488465,0.0,0.0,0.0,0.0,2,2,1.0,0.5907305577376276,0.48978790259230165,0.40769835035349566,0.49410840534171246,0.5003927729772192,0.5051453260015711
ARTNA,3.0,28.99405574182135,9.664685247273782,3.6140338933741476,3.614033893374148,3.0,25.591940075087027,8.530646691695676,3.6140338933741476,3.614033893374148,6.0,3.4021156667343213,0.5,3.614033893374148,3.614033893374148,12.729085083923334,13.202405989832021,-0.4733209059086878,3.6140338933741476,3.614033893374148,3.6140338933741476,-0.0,6,6,1.0,0.5082482325216026,0.48978790259230165,0.5310290652003142,0.49410840534171246,0.5003927729772192,0.5050667714061272
AWLCF,2.0,19.01988900894296,9.50994450447148,-73.07472927030634,-73.07472927030634,1.0,10.257504623701807,10.257504623701807,-73.07472927030634,-73.07472927030634,3.0,8.762384385241154,0.6666666666666666,-73.07472927030634,-73.07472927030634,8.217068116136097,4.8453020988230415,3.371766017313056,-73.07472927030634,-73.07472927030634,-73.07472927030634,0.0,3,3,1.0,0.7258444619010213,0.48978790259230165,0.04870384917517675,0.802827965435978,0.5003927729772192,0.504752553024352
ARQ,2.0,14.580283269770534,7.290141634885267,-54.42658136100492,-54.42658136100492,1.0,7.599765258215964,7.599765258215964,-54.42658136100492,-54.42658136100492,3.0,6.980518011554571,0.6666666666666666,-54.42658136100492,-54.42658136100492,8.396408103498832,5.630044576190286,2.7663635273085454,-54.42658136100492,-54.42658136100492,-54.426581361004914,0.0,3,3,1.0,0.6999214454045561,0.48978790259230165,0.08641005498821681,0.802827965435978,0.5003927729772192,0.5045168892380204
ACSYF,2.0,19.999275029739486,9.999637514869743,101.75438431381409,101.75438431381409,3.0,24.60160330602917,8.200534435343057,101.7543843138141,101.75438431381409,5.0,-4.602328276289683,0.4,101.75438431381409,101.75438431381409,14.642602879819957,16.55003161154911,-1.9074287317291514,101.75438431381409,101.75438431381409,101.75438431381409,-0.0,5,5,1.0,0.38884524744697563,0.48978790259230165,0.8224666142969363,0.2584446190102121,0.5003927729772192,0.5039670070699136
ASX,2.0,26.030055158377785,13.015027579188892,49.6533958639453,49.6533958639453,3.0,28.64267461278327,9.54755820426109,49.6533958639453,49.6533958639453,5.0,-2.612619454405486,0.4,49.6533958639453,49.6533958639453,19.345697371592685,20.487508083784135,-1.1418107121914502,49.6533958639453,49.6533958639453,49.6533958639453,-0.0,5,5,1.0,0.4548311076197958,0.48978790259230165,0.7203456402199528,0.2584446190102121,0.5003927729772192,0.5033385703063629
ACITF,1.0,11.038930021495103,11.038930021495103,38.461549042244926,38.461549042244926,1.0,14.607685879012244,14.607685879012244,38.461549042244926,38.461549042244926,2.0,-3.568755857517141,0.5,38.461549042244926,38.461549042244926,3.3248618281781654,5.111780716224353,-1.7869188880461877,38.461549042244926,38.461549042244926,38.461549042244926,-0.0,2,2,1.0,0.40062843676355064,0.48978790259230165,0.6826394344069128,0.49410840534171246,0.5003927729772192,0.5031029065200314
AEM,1.0,7.08443221343118,7.08443221343118,-6.178163782564608,-6.178163782564608,1.0,12.525879917184266,12.525879917184266,-6.178163782564608,-6.178163782564608,2.0,-5.441447703753086,0.5,-6.178163782564608,-6.178163782564608,6.097627314542844,3.772722530163194,2.32490478437965,-6.178163782564608,-6.178163782564608,-6.178163782564608,0.0,2,2,1.0,0.6779261586802828,0.48978790259230165,0.2663000785545954,0.49410840534171246,0.5003927729772192,0.5030243519245876
AME,4.0,29.264644938335152,7.316161234583788,41.04380519497523,41.04380519497523,2.0,24.365186848402452,12.182593424201226,41.04380519497523,41.04380519497523,6.0,4.8994580899327005,0.6666666666666666,41.04380519497523,41.04380519497523,17.151552612661227,20.373740158321624,-3.222187545660397,41.04380519497522,41.04380519497523,41.04380519497522,-0.0,6,6,1.0,0.2898664571877455,0.48978790259230165,0.6936370777690495,0.802827965435978,0.5003927729772192,0.5029457973291438
ADRGF,2.0,15.566314553990612,7.783157276995306,92.99516650483883,92.99516650483883,2.0,21.604973209447678,10.802486604723839,92.99516650483883,92.99516650483883,4.0,-6.038658655457066,0.5,92.99516650483883,92.99516650483883,7.569782719818938,10.448045157372977,-2.8782624375540395,92.99516650483882,92.99516650483882,92.99516650483882,-0.0,4,4,1.0,0.3150039277297722,0.48978790259230165,0.805184603299293,0.49410840534171246,0.5003927729772192,0.5019245875883739
AMRX,1.0,15.724045874535308,15.724045874535308,0.0,0.0,1.0,12.667698658410732,12.667698658410732,0.0,0.0,2.0,3.0563472161245766,0.5,0.0,0.0,11.648659686690953,10.90318927824312,0.745470408447833,0.0,0.0,0.0,0.0,2,2,1.0,0.579732914375491,0.48978790259230165,0.40769835035349566,0.49410840534171246,0.5003927729772192,0.5018460329929301
ASII,2.0,12.369442526955769,6.1847212634778845,99.21144526391832,99.21144526391832,2.0,14.691787952351362,7.345893976175681,99.21144526391832,99.21144526391832,4.0,-2.322345425395593,0.5,99.21144526391832,99.21144526391832,7.0792522296074925,10.073961075897522,-2.9947088462900293,99.21144526391832,99.21144526391832,99.21144526391832,-0.0,4,4,1.0,0.3040062843676355,0.48978790259230165,0.8201099764336214,0.49410840534171246,0.5003927729772192,0.5016103692065986
AAP,3.0,18.461132099635016,6.153710699878339,28.648819920001245,28.648819920001245,2.0,21.2101358822851,10.60506794114255,28.648819920001245,28.648819920001245,5.0,-2.7490037826500853,0.6,28.648819920001245,28.648819920001245,10.043224708080341,12.552902655769927,-2.5096779476895854,28.648819920001245,28.648819920001248,28.648819920001245,-0.0,5,5,1.0,0.34171249018067557,0.48978790259230165,0.6535742340926944,0.7128829536527886,0.5003927729772192,0.5014925373134328
ABCZF,0.0,0.0,0.0,0.0,0.0,2.0,14.782913165266104,7.391456582633052,36.88770227924779,36.88770227924779,2.0,-14.782913165266104,0.0,0.0,36.88770227924779,0.0,7.724224004743789,-7.724224004743789,0.0,36.88770227924779,36.88770227924779,284.92887542520793,2,2,1.0,0.07462686567164178,0.9630793401413983,0.6779261586802828,0.037706205813040065,0.5003927729772192,0.5007069913589945
AUPH,2.0,27.899932604892598,13.949966302446299,339.0480090122911,339.0480090122911,2.0,28.153874611625017,14.076937305812509,339.0480090122911,339.0480090122911,4.0,-0.2539420067324194,0.5,339.0480090122911,339.0480090122911,22.446149155661725,26.49079152766604,-4.044642372004315,339.0480090122911,339.0480090122911,339.0480090122911,-0.0,3,4,1.0,0.23252160251374707,0.48978790259230165,0.9222309505106049,0.49410840534171246,0.5003927729772192,0.5005891594658288
AMCX,2.0,14.298513446126123,7.149256723063061,-0.7930448484433651,-0.7930448484433651,1.0,10.620915032679738,10.620915032679738,-0.7930448484433651,-0.7930448484433651,3.0,3.6775984134463844,0.6666666666666666,-0.7930448484433651,-0.7930448484433651,9.212868662703288,9.141506285560254,0.07136237714303384,-0.7930448484433652,-0.7930448484433651,-0.7930448484433651,0.0,3,3,1.0,0.5428122545168892,0.48978790259230165,0.30243519245875883,0.802827965435978,0.5003927729772192,0.5005891594658287
AZMTF,1.0,6.7073170731707314,6.7073170731707314,368.6346866633872,368.6346866633872,2.0,11.383167227744291,5.691583613872146,368.6346866633872,368.6346866633872,3.0,-4.67585015457356,0.3333333333333333,368.6346866633872,368.6346866633872,3.6810536567282255,6.244762822620947,-2.5637091658927216,368.6346866633872,368.63468666338724,368.6346866633872,-0.0,3,3,1.0,0.33699921445404557,0.48978790259230165,0.9277297721916732,0.16732128829536527,0.5003927729772192,0.5003534956794973
ABCE,2.0,21.334935992523118,10.667467996261559,-97.762468290065,-97.762468290065,2.0,21.07350428293663,10.536752141468314,-97.762468290065,-97.762468290065,4.0,0.2614317095864891,0.5,-97.12008294741078,-97.03877752350526,9.671904936640669,11.384443096682547,-1.7125381600418788,-97.1200829474108,-97.03877752350526,-97.07943023545803,0.13923864105658265,4,4,1.0,0.40769835035349566,0.9253731343283582,0.004713275726630008,0.49410840534171246,0.5003927729772192,0.5003142183817754
AIN,3.0,21.873203990470277,7.2910679968234255,-4.912614984651398,-4.912614984651398,2.0,12.252663622526635,6.126331811263317,-4.912614984651398,-4.912614984651398,5.0,9.620540367943642,0.6,-4.912614984651398,-4.912614984651398,10.576301734312475,9.692206830073683,0.8840949042387916,-4.912614984651397,-4.912614984651399,-4.912614984651398,0.0,5,5,1.0,0.5899450117831894,0.48978790259230165,0.2741555380989788,0.7128829536527886,0.5003927729772192,0.5000785545954438
AUTLF,2.0,18.91715954320574,9.45857977160287,-53.78708563537636,-53.78708563537636,2.0,13.361951058803493,6.6809755294017465,-53.78708563537636,-53.78708563537636,4.0,5.5552084844022485,0.5,-53.78708563537636,-53.78708563537636,13.250738148676364,8.546426812623432,4.704311336052932,-53.78708563537636,-53.787085635376364,-53.78708563537636,0.0,4,4,1.0,0.786331500392773,0.48978790259230165,0.08876669285153181,0.49410840534171246,0.5003927729772192,0.5000392772977219
BBY,1.0,9.006894218161824,9.006894218161824,49.31155626220874,49.31155626220874,1.0,11.164073231236031,11.164073231236031,49.31155626220874,49.31155626220874,2.0,-2.1571790130742077,0.5,49.31155626220874,49.31155626220874,4.943088351995217,7.118527379003149,-2.175439027007932,49.31155626220874,49.31155626220874,49.31155626220874,-0.0,2,2,1.0,0.3652788688138256,0.48978790259230165,0.7187745483110762,0.49410840534171246,0.5003927729772192,0.49972505891594654
ANPCY,1.0,5.889791538933171,5.889791538933171,0.0,0.0,1.0,6.073255335410664,6.073255335410664,0.0,0.0,2.0,-0.18346379647749345,0.5,0.0,0.0,5.069390557040596,4.499178211324678,0.5702123457159178,0.0,0.0,0.0,0.0,2,2,1.0,0.5718774548311076,0.48978790259230165,0.40769835035349566,0.49410840534171246,0.5003927729772192,0.4994893951296151
ADRNY,2.0,14.765637064062155,7.382818532031077,32.615479776712,32.615479776712,2.0,18.058814740598166,9.029407370299083,32.615479776712,32.615479776712,4.0,-3.2931776765360112,0.5,32.615479776712,32.615479776712,7.960075595109616,9.749249775524842,-1.789174180415226,32.61547977671199,32.61547977671201,32.615479776712,-0.0,4,4,1.0,0.39984289080911234,0.48978790259230165,0.6653574234092694,0.49410840534171246,0.5003927729772192,0.4994108405341713
AVAV,3.0,17.65462157776158,5.884873859253861,48.098468439110455,48.098468439110455,2.0,17.64578292475989,8.822891462379944,48.098468439110455,48.098468439110455,5.0,0.00883865300169262,0.6,48.098468439110455,48.098468439110455,9.581859233628219,12.741840876104884,-3.159981642476666,48.09846843911044,48.09846843911047,48.098468439110455,-0.0,5,5,1.0,0.2922230950510605,0.48978790259230165,0.7172034564021995,0.7128829536527886,0.5003927729772192,0.49937156323644927
ANAB,1.0,10.71771365889013,10.71771365889013,0.0,0.0,1.0,7.056092010578756,7.056092010578756,0.0,0.0,2.0,3.6616216483113737,0.5,0.0,0.0,5.062689454315218,4.499162906378494,0.563526547936724,0.0,0.0,0.0,0.0,2,2,1.0,0.5710919088766693,0.48978790259230165,0.40769835035349566,0.49410840534171246,0.5003927729772192,0.49925373134328355
AIFF,1.0,7.230312461290723,7.230312461290723,1945.333346162019,1945.333346162019,2.0,13.53702658050484,6.76851329025242,1945.333346162019,1945.333346162019,3.0,-6.306714119214117,0.3333333333333333,1945.333346162019,1945.333346162019,2.939625677205183,6.01526047363382,-3.075634796428637,1945.333346162019,1945.333346162019,1945.3333461620193,-0.0,3,3,1.0,0.29615082482325217,0.48978790259230165,0.983503534956795,0.16732128829536527,0.5003927729772192,0.49925373134328355
BEKSF,1.0,7.69803454437165,7.69803454437165,56.19357297760463,56.19357297760463,1.0,5.106210239562543,5.106210239562543,56.19357297760463,56.19357297760463,2.0,2.5918243048091067,0.5,56.19357297760463,56.19357297760463,2.6938328810373333,5.106210239562543,-2.4123773585252097,56.19357297760464,56.19357297760463,56.19357297760463,-0.0,2,2,1.0,0.3479968578161822,0.48978790259230165,0.7407698350353495,0.49410840534171246,0.5003927729772192,0.4989395129615083
ANSU,2.0,24.376507846637892,12.188253923318946,-96.07843161312422,-96.07843161312422,2.0,21.412395281380917,10.706197640690458,-96.07843161312422,-96.07843161312422,4.0,2.9641125652569755,0.5,-96.07843161312422,-96.07843161312422,14.308214595527463,8.79185321252195,5.516361383005513,-96.07843161312421,-96.07843161312422,-96.07843161312422,0.0,4,4,1.0,0.8318931657501963,0.48978790259230165,0.014139827179890024,0.49410840534171246,0.5003927729772192,0.49878240377062055
BHB,2.0,16.626082108784146,8.313041054392073,12.079137473300667,12.079137473300667,3.0,19.733846036459404,6.577948678819801,12.079137473300667,12.079137473300667,5.0,-3.1077639276752578,0.4,12.079137473300667,12.079137473300667,9.193509290504519,9.303802129559973,-0.11029283905545384,12.079137473300667,12.079137473300667,12.079137473300667,-0.0,5,5,1.0,0.5294579732914375,0.48978790259230165,0.5836606441476826,0.2584446190102121,0.5003927729772192,0.4983896307934014
APPCF,1.0,10.243188184364657,10.243188184364657,0.0,0.0,1.0,6.765385885720577,6.765385885720577,0.0,0.0,2.0,3.4778022986440797,0.5,0.0,0.0,4.838539491725826,4.313800497320045,0.524738994405781,0.0,0.0,0.0,0.0,2,2,1.0,0.5671641791044776,0.48978790259230165,0.40769835035349566,0.49410840534171246,0.5003927729772192,0.4980754124116261
AMD,1.0,8.03844591850548,8.03844591850548,223.75458688742484,223.75458688742484,2.0,15.433727331391184,7.716863665695592,223.75458688742484,223.75458688742484,3.0,-7.395281412885703,0.3333333333333333,223.75458688742484,223.75458688742484,3.2681882219299814,5.71914531701024,-2.450957095080259,223.75458688742484,223.75458688742484,223.75458688742484,-0.0,3,3,1.0,0.34564021995286726,0.48978790259230165,0.9033778476040848,0.16732128829536527,0.5003927729772192,0.498075412411626
AGGHF,1.0,6.641160226817597,6.641160226817597,0.0,0.0,1.0,5.201109570041609,5.201109570041609,0.0,0.0,2.0,1.4400506567759876,0.5,0.0,0.0,5.716099579938752,5.201109570041609,0.5149900098971427,0.0,0.0,0.0,0.0,2,2,1.0,0.5663786331500392,0.48978790259230165,0.40769835035349566,0.49410840534171246,0.5003927729772192,0.49783974862529456
ACHFF,3.0,27.00482892246895,9.001609640822982,94.66143945996434,94.66143945996434,3.0,26.390177731105666,8.796725910368556,94.66143945996434,94.66143945996434,6.0,0.6146511913632828,0.5,94.66143945996434,94.66143945996434,14.13270718943207,17.194014228960896,-3.0613070395288258,94.66143945996433,94.66143945996434,94.66143945996434,-0.0,6,6,1.0,0.2992930086410055,0.48978790259230165,0.8075412411626081,0.49410840534171246,0.5003927729772192,0.49768263943440694
ASAZF,3.0,21.661563141246873,7.220521047082291,27.232803878175606,27.23280387817561,3.0,24.498261800150033,8.166087266716678,27.232803878175606,27.23280387817561,6.0,-2.8366986589031598,0.5,27.23280387817561,27.23280387817561,14.01832003940931,15.749966516790098,-1.731646477380787,27.23280387817561,27.23280387817561,27.232803878175606,-0.0,5,6,1.0,0.406127258444619,0.48978790259230165,0.6472898664571878,0.49410840534171246,0.5003927729772192,0.49768263943440694
ALPE,2.0,16.744937133538503,8.372468566769252,-73.81770636781751,-73.81770636781751,1.0,7.963519370363479,7.963519370363479,-73.81770636781751,-73.81770636781751,3.0,8.781417763175025,0.6666666666666666,-73.81770636781751,-73.81770636781751,6.10413282004796,3.2377253607463503,2.86640745930161,-73.81770636781751,-73.81770636781751,-73.81770636781751,0.0,3,3,1.0,0.7038491751767478,0.48978790259230165,0.04556166535742341,0.802827965435978,0.5003927729772192,0.4975255302435192
BBCP,1.0,11.124261559768126,11.124261559768126,0.0,0.0,1.0,6.524449877750612,6.524449877750612,0.0,0.0,2.0,4.5998116820175134,0.5,0.0,0.0,6.105124186954231,5.615646051565445,0.4894781353887856,0.0,0.0,0.0,0.0,2,2,1.0,0.5648075412411626,0.48978790259230165,0.40769835035349566,0.49410840534171246,0.5003927729772192,0.49736842105263157
ACBD,1.0,9.542593035301618,9.542593035301618,0.0,0.0,1.0,7.661223816592447,7.661223816592447,0.0,0.0,2.0,1.881369218709171,0.5,0.0,0.0,7.069326793101898,6.594076448118743,0.4752503449831549,0.0,0.0,0.0,0.0,2,2,1.0,0.5640219952867243,0.48978790259230165,0.40769835035349566,0.49410840534171246,0.5003927729772192,0.49713275726630013
AMPH,1.0,6.951481126477703,6.951481126477703,-4.062109003680075,-4.062109003680075,1.0,6.338322396716557,6.338322396716557,-4.062109003680075,-4.062109003680075,2.0,0.613158729761146,0.5,-4.062109003680075,-4.062109003680075,3.815053730298974,1.9090660191245032,1.9059877111744707,-4.062109003680075,-4.062109003680075,-4.062109003680075,0.0,2,2,1.0,0.6472898664571878,0.48978790259230165,0.27965435978004716,0.49410840534171246,0.5003927729772192,0.4965043205027494
AWRE,0.0,0.0,0.0,0.0,0.0,3.0,21.28503343457978,7.095011144859927,42.30769211355093,42.30769211355093,3.0,-21.28503343457978,0.0,0.0,42.30769211355093,0.0,9.203199806904104,-9.203199806904104,0.0,42.30769211355092,42.30769211355092,389.3661438899902,3,3,1.0,0.036920659858601726,0.9725058915946583,0.6991358994501178,0.037706205813040065,0.5003927729772192,0.4964650432050275
ATYG,2.0,14.857630776984399,7.4288153884921995,865.0000556610318,865.0000556610318,3.0,26.919373210060563,8.973124403353522,865.0000556610318,865.0000556610318,5.0,-12.061742433076164,0.4,865.0000556610318,865.0000556610318,8.349044197020149,11.859114826279587,-3.510070629259438,865.0000556610316,865.0000556610318,865.0000556610318,-0.0,5,5,1.0,0.2694422623723488,0.48978790259230165,0.9638648860958366,0.2584446190102121,0.5003927729772192,0.4964257659073056
AEIS,2.0,12.626013913126513,6.313006956563257,57.12450668717198,57.12450668717198,1.0,12.319547405384316,12.319547405384316,57.12450668717198,57.12450668717198,3.0,0.3064665077421971,0.6666666666666666,57.12450668717198,57.12450668717198,8.319823446390684,12.319547405384316,-3.9997239589936324,57.12450668717198,57.12450668717198,57.12450668717198,-0.0,3,3,1.0,0.2356637863315004,0.48978790259230165,0.7423409269442263,0.802827965435978,0.5003927729772192,0.4964257659073056
BDOUY,3.0,22.52191401555019,7.507304671850064,0.0,0.0,3.0,32.682591493752625,10.894197164584208,0.0,0.0,6.0,-10.160677478202434,0.5,0.0,0.0,14.680698156384118,14.30108114661498,0.37961700976913804,0.0,0.0,0.0,0.0,6,6,1.0,0.5608798114689709,0.48978790259230165,0.40769835035349566,0.49410840534171246,0.5003927729772192,0.49619010212097403
AGM-A,0.0,0.0,0.0,0.0,0.0,1.0,11.882647795960487,11.882647795960487,38.47481824833428,38.47481824833428,1.0,-11.882647795960487,0.0,0.0,38.47481824833428,0.0,8.802881997190985,-8.802881997190985,0.0,38.47481824833428,38.47481824833428,338.689284903457,1,1,1.0,0.04948939512961508,0.969363707776905,0.6834249803613511,0.037706205813040065,0.5003927729772192,0.4961508248232521
ABSOF,1.0,14.090577762072042,14.090577762072042,0.0,0.0,1.0,11.775373269660884,11.775373269660884,0.0,0.0,2.0,2.3152044924111586,0.5,0.0,0.0,12.127872672252947,11.775373269660884,0.3524994025920627,0.0,0.0,0.0,0.0,2,2,1.0,0.5600942655145326,0.48978790259230165,0.40769835035349566,0.49410840534171246,0.5003927729772192,0.4959544383346426
BDYS,2.0,28.52047876878163,14.260239384390815,212.4999999998828,212.4999999998828,2.0,28.317165515769577,14.158582757884789,212.4999999998828,212.4999999998828,4.0,0.20331325301205183,0.5,212.4999999998828,212.4999999998828,20.02031511182725,24.04686169048625,-4.026546578658998,212.49999999988276,212.4999999998828,212.4999999998828,-0.0,4,4,1.0,0.2333071484681854,0.48978790259230165,0.8978790259230165,0.49410840534171246,0.5003927729772192,0.4959544383346426
AIAD,2.0,18.47465034965035,9.237325174825175,418.4263004750903,418.4263004750903,2.0,23.836771669957074,11.918385834978537,418.4263004750903,418.4263004750903,4.0,-5.3621213203067235,0.5,418.4263004750903,418.4263004750903,6.554733634454909,11.121032213192674,-4.566298578737765,418.4263004750903,418.4263004750902,418.4263004750902,-0.0,4,4,1.0,0.20502749410840534,0.48978790259230165,0.9395129615082483,0.49410840534171246,0.5003927729772192,0.49579732914375496
AMCR,3.0,25.165598109340678,8.38853270311356,22.363615770341152,22.36361577034115,4.0,25.675893289853313,6.418973322463328,22.36361577034115,22.36361577034115,7.0,-0.5102951805126352,0.42857142857142855,22.36361577034115,22.36361577034115,14.91249660620203,15.709171450533404,-0.796674844331374,22.36361577034115,22.36361577034115,22.36361577034115,-0.0,6,7,1.0,0.48114689709347996,0.48978790259230165,0.6213668499607227,0.30086410054988216,0.5003927729772192,0.49567949725058924
ALMTF,2.0,13.120125375184617,6.560062687592309,33.26287752696524,33.26287752696524,2.0,13.849426104485348,6.924713052242674,33.26287752696524,33.26287752696524,4.0,-0.7293007293007303,0.5,33.26287752696524,33.26287752696524,8.241140434404786,10.208952121714685,-1.967811687309899,33.26287752696524,33.26287752696524,33.26287752696524,-0.0,4,4,1.0,0.3857030636292223,0.48978790259230165,0.6669285153181461,0.49410840534171246,0.5003927729772192,0.4954831107619796
BFC,2.0,23.117299082823244,11.558649541411622,2.68879591400638,2.68879591400638,2.0,17.85319676999086,8.92659838499543,2.68879591400638,2.68879591400638,4.0,5.264102312832385,0.5,2.68879591400638,2.68879591400638,14.545565380951327,15.374408939061844,-0.8288435581105169,2.68879591400638,2.68879591400638,2.68879591400638,-0.0,4,4,1.0,0.4783974862529458,0.48978790259230165,0.5255302435192458,0.49410840534171246,0.5003927729772192,0.4950117831893166
ATNM,2.0,13.535392960482795,6.767696480241398,19.13477343266496,19.13477343266496,2.0,13.270349930449836,6.635174965224918,19.13477343266496,19.13477343266496,4.0,0.2650430300329596,0.5,19.13477343266496,19.13477343266496,7.944012192693133,9.491340960469683,-1.5473287677765502,19.13477343266496,19.134773432664957,19.134773432664957,-0.0,4,4,1.0,0.42105263157894735,0.48978790259230165,0.6072270227808326,0.49410840534171246,0.5003927729772192,0.4941476826394344
BFLBY,0.0,0.0,0.0,0.0,0.0,2.0,13.157770829250973,6.5788854146254865,27.096774358944565,27.096774358944565,2.0,-13.157770829250973,0.0,0.0,27.096774358944565,0.0,7.546462330370137,-7.546462330370137,0.0,27.096774358944565,27.096774358944565,204.48478697431457,2,2,1.0,0.08248232521602514,0.9544383346425765,0.6457187745483111,0.037706205813040065,0.5003927729772192,0.4940298507462686
ARBTF,1.0,6.899764004471496,6.899764004471496,18.90494094311227,18.90494094311227,2.0,16.648695219960047,8.324347609980023,18.90494094311227,18.90494094311227,3.0,-9.74893121548855,0.3333333333333333,18.90494094311227,18.90494094311227,6.899764004471496,7.012101191510926,-0.11233718703942941,18.90494094311227,18.90494094311227,18.90494094311227,-0.0,3,3,1.0,0.5286724273369993,0.48978790259230165,0.6064414768263944,0.16732128829536527,0.5003927729772192,0.4935978004713275
ADAP,1.0,8.179438028893356,8.179438028893356,0.0,0.0,1.0,5.858505564387919,5.858505564387919,0.0,0.0,2.0,2.3209324645054377,0.5,0.0,0.0,4.488970766966661,4.340087668063801,0.14888309890285978,0.0,0.0,0.0,0.0,2,2,1.0,0.5514532600157109,0.48978790259230165,0.40769835035349566,0.49410840534171246,0.5003927729772192,0.49336213668499607
AFPW,2.0,14.900456851323849,7.4502284256619244,280.00001018629763,280.00001018629763,2.0,17.07072371058411,8.535361855292056,280.00001018629763,280.00001018629763,4.0,-2.1702668592602627,0.5,280.00001018629763,280.00001018629763,5.230975817369138,9.648434841770761,-4.417459024401624,280.00001018629763,280.00001018629763,280.00001018629763,-0.0,4,4,1.0,0.2128829536527887,0.48978790259230165,0.9143754909662215,0.49410840534171246,0.5003927729772192,0.4931264728986646
BERI,2.0,16.39336876810901,8.196684384054505,384.6522804858277,384.6522804858277,3.0,16.333487197716764,5.444495732572254,384.6522804858277,384.6522804858277,5.0,0.059881570392246175,0.4,384.6522804858277,384.6522804858277,7.687361447576226,11.05505150944614,-3.3676900618699133,384.65228048582765,384.6522804858277,384.65228048582765,-0.0,5,5,1.0,0.2788688138256088,0.48978790259230165,0.9324430479183032,0.2584446190102121,0.5003927729772192,0.4929693637077769
AVD,2.0,17.700081040837496,8.850040520418748,12.983054442307516,12.983054442307516,2.0,12.746752452634805,6.3733762263174025,12.983054442307516,12.983054442307516,4.0,4.953328588202691,0.5,12.983054442307516,12.983054442307516,7.90075488837928,9.33270589264213,-1.4319510042628494,12.983054442307516,12.983054442307516,12.983054442307516,-0.0,3,4,1.0,0.4289080911233307,0.48978790259230165,0.584446190102121,0.49410840534171246,0.5003927729772192,0.4919481539670071
AHOTF,2.0,14.624074822011465,7.312037411005733,-34.48967678371046,-34.48967678371046,1.0,7.838657528023836,7.838657528023836,-34.48967678371046,-34.48967678371046,3.0,6.78541729398763,0.6666666666666666,-34.48967678371046,-34.48967678371046,8.23816227339525,6.746795058834442,1.4913672145608086,-34.48967678371046,-34.48967678371046,-34.48967678371046,0.0,3,3,1.0,0.6237234878240377,0.48978790259230165,0.13747054202670855,0.802827965435978,0.5003927729772192,0.49186959937156327
ACLTF,3.0,19.563186613325325,6.521062204441775,11.660159279387992,11.660159279387992,3.0,17.91208828000721,5.970696093335737,11.660159279387992,11.660159279387992,6.0,1.6510983333181137,0.5,11.660159279387992,11.660159279387992,10.91634904698282,12.331129689981822,-1.414780642999002,11.660159279387992,11.660159279387992,11.660159279387992,-0.0,6,6,1.0,0.4304791830322074,0.48978790259230165,0.5813040062843676,0.49410840534171246,0.5003927729772192,0.49179104477611946
ANLDF,1.0,5.624355005159958,5.624355005159958,2.999999329447768,2.999999329447768,1.0,5.986928104575163,5.986928104575163,2.999999329447768,2.999999329447768,2.0,-0.3625730994152043,0.5,2.999999329447768,2.999999329447768,4.166624667404914,5.1529967738911955,-0.9863721064862814,2.9999993294477685,2.999999329447768,2.9999993294477685,-0.0,2,2,1.0,0.46582875098193244,0.48978790259230165,0.5278868813825609,0.49410840534171246,0.5003927729772192,0.49171249018067564
ATRC,2.0,12.829042302726512,6.414521151363256,162.2466485651374,162.2466485651374,2.0,17.624303251996977,8.812151625998489,162.2466485651374,162.2466485651374,4.0,-4.795260949270466,0.5,162.2466485651374,162.2466485651374,6.944869811658364,11.021312412080281,-4.076442600421917,162.2466485651374,162.2466485651374,162.2466485651374,-0.0,4,4,1.0,0.2317360565593087,0.48978790259230165,0.8782403770620582,0.49410840534171246,0.5003927729772192,0.4915553809897879
BFDE,1.0,12.427526063696977,12.427526063696977,360.0,360.0,2.0,12.293563806250859,6.146781903125429,360.0,360.0,3.0,0.13396225744611812,0.3333333333333333,360.0,360.0,3.743098918773562,6.7036839127727035,-2.9605849939991415,360.0,360.00000000000006,360.0,-0.0,2,3,1.0,0.3079340141398272,0.48978790259230165,0.9261586802827966,0.16732128829536527,0.5003927729772192,0.49131971720345635
ARCH,1.0,6.488519531997792,6.488519531997792,0.0,0.0,1.0,5.404040404040403,5.404040404040403,0.0,0.0,2.0,1.0844791279573887,0.5,0.0,0.0,2.638035178344574,2.5526879365297255,0.08534724181484865,0.0,0.0,0.0,0.0,2,2,1.0,0.5443833464257659,0.48978790259230165,0.40769835035349566,0.49410840534171246,0.5003927729772192,0.49124116260801254
ACDSF,2.0,16.533780078381017,8.266890039190509,-3.5186761293366224,-3.5186761293366224,2.0,12.63302034428795,6.316510172143975,-3.5186761293366224,-3.5186761293366224,4.0,3.900759734093068,0.5,-3.5186761293366224,-3.5186761293366224,12.032947457750021,10.470981734050095,1.5619657236999256,-3.5186761293366215,-3.5186761293366224,-3.518676129336622,0.0,4,4,1.0,0.6252945797329144,0.48978790259230165,0.2859387274155538,0.49410840534171246,0.5003927729772192,0.4911626080125687
AIV,3.0,24.468962989000385,8.156320996333461,-2.412604669730756,-2.412604669730756,3.0,25.05247907087173,8.350826356957244,-2.412604669730756,-2.412604669730756,6.0,-0.5835160818713447,0.5,-2.412604669730756,-2.412604669730756,18.64834997655971,17.33235708592792,1.3159928906317901,-2.412604669730756,-2.412604669730756,-2.412604669730756,0.0,6,6,1.0,0.617439120188531,0.48978790259230165,0.29379418695993714,0.49410840534171246,0.5003927729772192,0.4903770620581305
AYALY,1.0,5.321637426900585,5.321637426900585,-11.16015910331515,-11.16015910331515,1.0,8.551617873651772,8.551617873651772,-11.16015910331515,-11.16015910331515,2.0,-3.2299804467511866,0.5,-11.16015910331515,-11.16015910331515,4.580375780975454,2.5756978060288467,2.0046779749466075,-11.160159103315152,-11.16015910331515,-11.160159103315152,0.0,2,2,1.0,0.6535742340926944,0.48978790259230165,0.23959151610369206,0.49410840534171246,0.5003927729772192,0.49037706205813036
ANMP,2.0,17.89161527492539,8.945807637462694,0.0,0.0,2.0,13.48911712650495,6.744558563252475,0.0,0.0,4.0,4.402498148420438,0.5,0.0,0.0,7.272555485677708,7.227099660219966,0.04545582545774263,0.0,0.0,0.0,0.0,4,4,1.0,0.5412411626080126,0.48978790259230165,0.40769835035349566,0.49410840534171246,0.5003927729772192,0.49029850746268655
AOLS,1.0,5.785222143026847,5.785222143026847,-27.862943205791463,-27.862943205791463,1.0,9.424395555782418,9.424395555782418,-27.862943205791463,-27.862943205791463,2.0,-3.6391734127555706,0.5,-27.862943205791463,-27.862943205791463,5.785222143026847,2.838573392172745,2.946648750854102,-27.862943205791463,-27.86294320579146,-27.86294320579146,0.0,2,2,1.0,0.7085624509033779,0.48978790259230165,0.1563236449332286,0.49410840534171246,0.5003927729772192,0.49021995286724274
ARDX,2.0,16.13452928378667,8.067264641893335,-73.07692343719802,-73.07692343719802,1.0,8.853239754355183,8.853239754355183,-73.07692343719802,-73.07692343719802,3.0,7.281289529431486,0.6666666666666666,-73.07692343719802,-73.07692343719802,5.403376002008615,3.0980827919804503,2.305293210028165,-73.07692343719802,-73.07692343719802,-73.07692343719802,0.0,3,3,1.0,0.6763550667714061,0.48978790259230165,0.047918303220738416,0.802827965435978,0.5003927729772192,0.48974862529457974
ARLUF,2.0,15.383643559325462,7.691821779662731,55.94418409530122,55.94418409530122,2.0,19.06342840054763,9.531714200273814,55.94418409530122,55.94418409530122,4.0,-3.679784841222167,0.5,55.94418409530122,55.94418409530122,7.585772588325309,10.446372560310229,-2.8605999719849198,55.94418409530122,55.944184095301225,55.944184095301225,-0.0,4,4,1.0,0.31893165750196384,0.48978790259230165,0.7384131971720346,0.49410840534171246,0.5003927729772192,0.48974862529457974
ATLPF,2.0,15.518124832685148,7.759062416342574,110.71478080333596,110.71478080333596,2.0,20.49554090633864,10.24777045316932,110.71478080333596,110.71478080333596,4.0,-4.977416073653492,0.5,110.71478080333596,110.71478080333596,10.917717273354196,14.676229659641752,-3.7585123862875562,110.71478080333594,110.71478080333596,110.71478080333594,-0.0,4,4,1.0,0.2545168892380204,0.48978790259230165,0.8318931657501963,0.49410840534171246,0.5003927729772192,0.489120188531029
ASLM,1.0,5.857093782205428,5.857093782205428,-59.27168138950709,-59.27168138950709,1.0,5.227062094531972,5.227062094531972,-59.27168138950709,-59.27168138950709,2.0,0.6300316876734566,0.5,-59.27168138950709,-59.27168138950709,5.857093782205428,1.8291463438247593,4.027947438380669,-59.27168138950709,-59.27168138950709,-59.27168138950709,0.0,2,2,1.0,0.7596229379418696,0.48978790259230165,0.07148468185388845,0.49410840534171246,0.5003927729772192,0.4885703063629222
BGI,1.0,6.735027730120098,6.735027730120098,204.24627849199263,204.24627849199263,2.0,12.909954450541873,6.4549772252709365,204.24627849199263,204.24627849199263,3.0,-6.174926720421775,0.3333333333333333,204.24627849199263,204.24627849199263,2.738257932578428,5.6000326668027,-2.8617747342242716,204.24627849199263,204.24627849199263,204.24627849199263,-0.0,3,3,1.0,0.31814611154752553,0.48978790259230165,0.8955223880597015,0.16732128829536527,0.5003927729772192,0.48825608798114684
ARRNF,1.0,7.290486101094191,7.290486101094191,0.0,0.0,1.0,5.483518764155455,5.483518764155455,0.0,0.0,2.0,1.8069673369387367,0.5,0.0,0.0,4.648619177064918,4.719708339185075,-0.07108916212015703,0.0,0.0,0.0,-0.0,2,2,1.0,0.5326001571091908,0.48978790259230165,0.40769835035349566,0.49410840534171246,0.5003927729772192,0.48770620581304003
AAVVF,1.0,6.2604722010662615,6.2604722010662615,219.7837088510599,219.7837088510599,2.0,13.678925028149038,6.839462514074519,219.7837088510599,219.7837088510599,3.0,-7.418452827082777,0.3333333333333333,219.7837088510599,219.7837088510599,2.1907755504140876,5.090203090169881,-2.8994275397557936,219.78370885105988,219.7837088510599,219.7837088510599,-0.0,3,3,1.0,0.3126472898664572,0.48978790259230165,0.9010212097407698,0.16732128829536527,0.5003927729772192,0.48770620581304003
BBBXF,2.0,11.950570686477583,5.975285343238792,-35.444579364587106,-35.444579364587106,2.0,13.964482509680836,6.982241254840418,-35.444579364587106,-35.444579364587106,4.0,-2.0139118232032533,0.5,-35.444579364587106,-35.444579364587106,7.918225040451809,4.801443737625506,3.1167813028263023,-35.444579364587106,-35.444579364587106,-35.444579364587106,0.0,4,4,1.0,0.7148468185388845,0.48978790259230165,0.1335428122545169,0.49410840534171246,0.5003927729772192,0.4875490966221524
BBAL,3.0,28.56960442260892,9.523201474202972,-93.77593374713346,-93.77593374713346,2.0,20.840080971659916,10.420040485829958,-93.77593374713346,-93.77593374713346,5.0,7.729523450949003,0.6,-93.77593374713346,-93.77593374713346,13.975438250100858,10.755295939677161,3.2201423104236966,-93.77593374713346,-93.77593374713345,-93.77593374713345,0.0,4,5,1.0,0.7164179104477612,0.48978790259230165,0.0204241948153967,0.7128829536527886,0.5003927729772192,0.48727415553809894
ASRV,1.0,7.1199339812946985,7.1199339812946985,-6.034273554239335,-6.034273554239335,1.0,6.563253819351379,6.563253819351379,-6.034273554239335,-6.034273554239335,2.0,0.5566801619433193,0.5,-6.034273554239335,-6.034273554239335,7.1199339812946985,5.649044913617957,1.4708890676767412,-6.034273554239335,-6.034273554239334,-6.034273554239334,0.0,2,2,1.0,0.622152395915161,0.48978790259230165,0.2678711704634721,0.49410840534171246,0.5003927729772192,0.4866064414768264
BBRRF,1.0,11.14878852085366,11.14878852085366,0.0,0.0,1.0,9.708737864077673,9.708737864077673,0.0,0.0,2.0,1.4400506567759876,0.5,0.0,0.0,9.595851207374867,9.708737864077673,-0.11288665670280551,0.0,0.0,0.0,-0.0,2,2,1.0,0.5278868813825609,0.48978790259230165,0.40769835035349566,0.49410840534171246,0.5003927729772192,0.48629222309505105
AGRDF,1.0,10.985189682689745,10.985189682689745,64.34714128142109,64.34714128142109,2.0,14.968638511648912,7.484319255824456,64.34714128142109,64.34714128142109,3.0,-3.983448828959167,0.3333333333333333,64.34714128142109,64.34714128142109,3.844132551119536,5.645936621833567,-1.8018040707140308,64.34714128142109,64.34714128142109,64.34714128142109,-0.0,3,3,1.0,0.399057344854674,0.48978790259230165,0.7564807541241163,0.16732128829536527,0.5003927729772192,0.4847211311861743
AMAL,1.0,13.022752591264554,13.022752591264554,0.0,0.0,1.0,11.47517730496454,11.47517730496454,0.0,0.0,2.0,1.547575286300015,0.5,0.0,0.0,9.647492403038838,9.876776637274777,-0.2292842342359389,0.0,0.0,0.0,-0.0,2,2,1.0,0.5216025137470542,0.48978790259230165,0.40769835035349566,0.49410840534171246,0.5003927729772192,0.48440691280439907
ASH,0.0,0.0,0.0,0.0,0.0,2.0,14.326737740221422,7.163368870110711,17.550214588669448,17.550214588669448,2.0,-14.326737740221422,0.0,0.0,17.550214588669448,0.0,7.410766863839127,-7.410766863839127,0.0,17.550214588669444,17.550214588669444,130.06054872697757,2,2,1.0,0.08641005498821681,0.9465828750981933,0.6001571091908877,0.037706205813040065,0.5003927729772192,0.48373919874312654
ANKOF,1.0,5.637517199205015,5.637517199205015,-23.053805063337872,-23.053805063337872,1.0,6.7411656118143455,6.7411656118143455,-23.053805063337872,-23.053805063337872,2.0,-1.1036484126093304,0.5,-23.053805063337872,-23.053805063337872,4.176375460577641,2.030400063820059,2.145975396757582,-23.053805063337872,-23.053805063337872,-23.053805063337872,0.0,2,2,1.0,0.6661429693637078,0.48978790259230165,0.18460329929300864,0.49410840534171246,0.5003927729772192,0.4831500392772977
ATTOF,1.0,7.355242566510173,7.355242566510173,97.54964243302516,97.54964243302516,2.0,13.459830621160998,6.729915310580499,97.54964243302516,97.54964243302516,3.0,-6.104588054650826,0.3333333333333333,97.54964243302516,97.54964243302516,4.036642706794874,6.389092919326826,-2.352450212531952,97.54964243302516,97.54964243302516,97.54964243302516,-0.0,3,3,1.0,0.3534956794972506,0.48978790259230165,0.8138256087981147,0.16732128829536527,0.5003927729772192,0.482521602513747
ARGQ,2.0,13.986234090593399,6.9931170452966995,81.26983897262507,81.26983897262507,2.0,20.808382038261314,10.404191019130657,81.26983897262507,81.26983897262507,4.0,-6.822147947667915,0.5,81.26983897262507,81.26983897262507,6.8484180448927505,10.568000486778704,-3.7195824418859535,81.26983897262507,81.26983897262507,81.26983897262507,-0.0,4,4,1.0,0.25765907305577374,0.48978790259230165,0.7910447761194029,0.49410840534171246,0.5003927729772192,0.48189316575019636
ALITF,2.0,12.063816279366433,6.031908139683217,37.37499565382814,37.37499565382814,2.0,18.42016054206004,9.21008027103002,37.37499565382814,37.37499565382814,4.0,-6.3563442626936055,0.5,37.37499565382814,37.37499565382814,7.5245650063174905,10.206439092014001,-2.681874085696511,37.37499565382814,37.374995653828144,37.37499565382814,-0.0,3,4,1.0,0.3322859387274156,0.48978790259230165,0.6787117046347211,0.49410840534171246,0.5003927729772192,0.48181461115475255
AVVH,1.0,6.349632080647696,6.349632080647696,48100.00092259141,48100.00092259141,1.0,8.099382369455363,8.099382369455363,48100.00092259141,48100.00092259141,2.0,-1.7497502888076664,0.5,6053.799748193983,8056.435957581158,6.349632080647696,5.164394209513802,1.1852378711338947,6053.799748193983,8056.435957581158,7055.11785288757,-2373.6002774697076,2,2,1.0,0.608012568735271,0.003142183817753339,0.9948939512961509,0.49410840534171246,0.5003927729772192,0.48177533385703064
AIAGY,1.0,7.414902838733457,7.414902838733457,47.33991779777004,47.33991779777004,2.0,13.570609129492144,6.785304564746072,47.33991779777004,47.33991779777004,3.0,-6.155706290758688,0.3333333333333333,47.33991779777004,47.33991779777004,4.069384958403549,5.648261373058244,-1.5788764146546947,47.33991779777004,47.339917797770035,47.339917797770035,-0.0,3,3,1.0,0.4171249018067557,0.48978790259230165,0.7140612725844462,0.16732128829536527,0.5003927729772192,0.4816575019638648
ACLLF,2.0,11.65774751560749,5.828873757803745,-10.397172838744323,-10.397172838744323,0.0,0.0,0.0,0.0,0.0,2.0,11.65774751560749,1.0,-10.397172838744323,0.0,8.237837612453374,0.0,8.237837612453374,-10.397172838744323,0.0,-10.397172838744323,-85.65022147418661,2,2,1.0,0.9222309505106049,0.036920659858601726,0.24587588373919875,0.94344069128044,0.5003927729772192,0.48130400628436765
ACMB,2.0,16.083808258772002,8.041904129386001,0.0,0.0,2.0,15.171465159121775,7.585732579560887,0.0,0.0,4.0,0.9123430996502275,0.5,0.0,0.0,7.390177607719886,7.8453705357549115,-0.4551929280350251,0.0,0.0,0.0,-0.0,4,4,1.0,0.5106048703849175,0.48978790259230165,0.40769835035349566,0.49410840534171246,0.5003927729772192,0.4811076197957581
AXCP,2.0,14.550671665565758,7.275335832782879,900.0000727595263,900.0000727595263,2.0,16.959767112173953,8.479883556086977,900.0000727595263,900.0000727595263,4.0,-2.4090954466081946,0.5,900.0000727595263,900.0000727595263,7.693202190262715,13.724060420418668,-6.030858230155953,900.0000727595263,900.0000727595262,900.0000727595263,-0.0,4,4,1.0,0.13668499607227022,0.48978790259230165,0.96700706991359,0.49410840534171246,0.5003927729772192,0.48079340141398275
AMCCF,3.0,25.165598109340678,8.38853270311356,5.574324026695668,5.574324026695668,4.0,25.675893289853313,6.418973322463328,5.574324026695668,5.574324026695668,7.0,-0.5102951805126352,0.42857142857142855,5.574324026695668,5.574324026695668,14.91249660620203,15.709171450533404,-0.796674844331374,5.574324026695667,5.574324026695667,5.574324026695668,-0.0,6,7,1.0,0.48114689709347996,0.48978790259230165,0.5459544383346425,0.30086410054988216,0.5003927729772192,0.4805970149253732
BCUCY,3.0,20.55679384531149,6.85226461510383,74.44347085171653,74.44347085171653,4.0,28.150305281244357,7.037576320311089,74.44347085171653,74.44347085171653,7.0,-7.593511435932868,0.42857142857142855,74.44347085171653,74.44347085171653,13.056632394002555,15.846299113134808,-2.789666719132253,74.44347085171653,74.44347085171653,74.44347085171651,-0.0,7,7,1.0,0.3244304791830322,0.48978790259230165,0.7800471327572663,0.30086410054988216,0.5003927729772192,0.48040062843676357
BBMPY,1.0,10.882711878610747,10.882711878610747,0.0,0.0,1.0,10.722160287377678,10.722160287377678,0.0,0.0,2.0,0.1605515912330695,0.5,0.0,0.0,3.2778098277457244,3.752088636573963,-0.4742788088282386,0.0,0.0,0.0,-0.0,2,2,1.0,0.5074626865671642,0.48978790259230165,0.40769835035349566,0.49410840534171246,0.5003927729772192,0.480164964650432
BADFF,1.0,8.925147609675575,8.925147609675575,-1.2238812609189738,-1.2238812609189738,1.0,5.019607843137257,5.019607843137257,-1.2238812609189738,-1.2238812609189738,2.0,3.9055397665383182,0.5,-1.2238812609189738,-1.2238812609189738,3.123246065014679,2.371094852974506,0.752151212040173,-1.2238812609189738,-1.2238812609189738,-1.2238812609189738,0.0,2,2,1.0,0.5805184603299293,0.48978790259230165,0.29772191673212883,0.49410840534171246,0.5003927729772192,0.4800864100549882
AVTI,2.0,13.669369736768724,6.834684868384362,-73.54497451249145,-73.54497451249145,1.0,6.565656565656564,6.565656565656564,-73.54497451249145,-73.54497451249145,3.0,7.10371317111216,0.6666666666666666,-73.54497451249145,-73.54497451249145,5.498995088351829,3.6033087218294653,1.8956863665223636,-73.54497451249145,-73.54497451249145,-73.54497451249145,0.0,3,3,1.0,0.6449332285938727,0.48978790259230165,0.046347211311861744,0.802827965435978,0.5003927729772192,0.4800078554595444
ANFIF,2.0,17.921837713234822,8.960918856617411,-93.40798084486713,-93.40798084486713,1.0,9.004329004329005,9.004329004329005,-93.40798084486713,-93.40798084486713,3.0,8.917508708905817,0.6666666666666666,-93.40798084486713,-93.40798084486713,11.07089084007586,9.004329004329005,2.066561835746855,-93.40798084486713,-93.40798084486713,-93.40798084486714,0.0,3,3,1.0,0.6598586017282011,0.48978790259230165,0.022780832678711706,0.802827965435978,0.5003927729772192,0.47977219167321294
AHFD,2.0,19.011611207560946,9.505805603780473,754.0000458384857,754.0000458384857,3.0,21.984730735821053,7.328243578607018,754.0000458384857,754.0000458384857,5.0,-2.9731195282601064,0.4,754.0000458384857,754.0000458384857,9.333496795601228,13.681201318904456,-4.3477045233032285,754.0000458384857,754.0000458384858,754.0000458384858,-0.0,4,5,1.0,0.21681068342498036,0.48978790259230165,0.9591516103692066,0.2584446190102121,0.5003927729772192,0.479693637077769
AMED,0.0,0.0,0.0,0.0,0.0,2.0,11.982109475910107,5.991054737955054,9.392663837943084,9.392663837943084,2.0,-11.982109475910107,0.0,0.0,9.392663837943084,0.0,7.240979477036036,-7.240979477036036,0.0,9.392663837943084,9.392663837943084,68.0120860852444,2,2,1.0,0.09662215239591516,0.9418695993715632,0.5695208169677927,0.037706205813040065,0.5003927729772192,0.47926158680282793
ANDR,1.0,7.92361656914971,7.92361656914971,16.030290924365236,16.030290924365236,2.0,13.85420840901166,6.92710420450583,16.030290924365236,16.030290924365236,3.0,-5.93059183986195,0.3333333333333333,16.030290924365236,16.030290924365236,4.348572973096788,5.079955571102996,-0.7313825980062081,16.030290924365236,16.03029092436524,16.030290924365236,-0.0,3,3,1.0,0.48860958366064416,0.48978790259230165,0.5946582875098193,0.16732128829536527,0.5003927729772192,0.479222309505106
ATEX,3.0,22.06213502044981,7.354045006816603,0.0,0.0,3.0,26.028602066579914,8.676200688859971,0.0,0.0,6.0,-3.9664670461301057,0.5,0.0,0.0,11.379134449696164,11.909194873361763,-0.5300604236655992,0.0,0.0,0.0,-0.0,6,6,1.0,0.5043205027494109,0.48978790259230165,0.40769835035349566,0.49410840534171246,0.5003927729772192,0.479222309505106
AFIIQ,2.0,16.49227543204329,8.246137716021645,0.0,0.0,2.0,12.836687519709617,6.4183437598548085,0.0,0.0,4.0,3.6555879123336723,0.5,0.0,0.0,7.798274317358341,8.37505005854335,-0.576775741185009,0.0,0.0,0.0,-0.0,4,4,1.0,0.5011783189316575,0.48978790259230165,0.40769835035349566,0.49410840534171246,0.5003927729772192,0.47827965435978004
AFGVF,2.0,11.050242749496183,5.525121374748092,0.0,0.0,1.0,9.151727620731792,9.151727620731792,0.0,0.0,3.0,1.8985151287643909,0.6666666666666666,0.0,0.0,6.062854780343157,7.87696496123337,-1.8141101808902134,0.0,0.0,0.0,-0.0,3,3,1.0,0.3982717989002357,0.48978790259230165,0.40769835035349566,0.802827965435978,0.5003927729772192,0.47827965435978004
AZLCZ,0.0,0.0,0.0,0.0,0.0,2.0,11.455105257999953,5.727552628999977,24.076660433524992,24.076660433524992,2.0,-11.455105257999953,0.0,0.0,24.076660433524992,0.0,9.184301209018283,-9.184301209018283,0.0,24.076660433524996,24.076660433524996,221.12730152874624,2,2,1.0,0.037706205813040065,0.9567949725058916,0.6300078554595444,0.037706205813040065,0.5003927729772192,0.4781618224666143
ATGGF,1.0,15.874105898544911,15.874105898544911,0.0,0.0,1.0,14.346332592442918,14.346332592442918,0.0,0.0,2.0,1.5277733061019934,0.5,0.0,0.0,11.759826886673205,12.348002894762399,-0.588176008089194,0.0,0.0,0.0,-0.0,2,2,1.0,0.4996072270227808,0.48978790259230165,0.40769835035349566,0.49410840534171246,0.5003927729772192,0.47780832678711704
ANNSF,4.0,37.81584653175801,9.453961632939503,0.0,0.0,4.0,30.99483723568279,7.748709308920698,0.0,0.0,8.0,6.821009296075221,0.5,0.0,0.0,20.580256685096757,21.17223877965195,-0.5919820945551919,0.0,0.0,0.0,-0.0,7,8,1.0,0.4988216810683425,0.48978790259230165,0.40769835035349566,0.49410840534171246,0.5003927729772192,0.4775726630007856
AUIAF,2.0,20.830918772095245,10.415459386047623,0.0,0.0,2.0,17.702741702741704,8.851370851370852,0.0,0.0,4.0,3.1281770693535407,0.5,0.0,0.0,13.180964963039308,13.778119108765932,-0.5971541457266234,0.0,0.0,0.0,-0.0,4,4,1.0,0.49803613511390415,0.48978790259230165,0.40769835035349566,0.49410840534171246,0.5003927729772192,0.47733699921445405
ARSRF,1.0,8.43742030442798,8.43742030442798,0.0,0.0,1.0,8.53977383976545,8.53977383976545,0.0,0.0,2.0,-0.10235353533747116,0.5,0.0,0.0,3.430399102259706,4.033903529877904,-0.6035044276181978,0.0,0.0,0.0,-0.0,2,2,1.0,0.49725058915946585,0.48978790259230165,0.40769835035349566,0.49410840534171246,0.5003927729772192,0.4771013354281226
AHEXF,1.0,7.1491228070175445,7.1491228070175445,-7.087466194437637,-7.087466194437637,1.0,6.879044300647087,6.879044300647087,-7.087466194437637,-7.087466194437637,2.0,0.2700785063704574,0.5,-7.087466194437637,-7.087466194437637,3.377006495473044,2.4072372786043634,0.9697692168686807,-7.087466194437637,-7.087466194437636,-7.087466194437637,0.0,2,2,1.0,0.593872741555381,0.48978790259230165,0.2615868028279654,0.49410840534171246,0.5003927729772192,0.47686567164179106
AVCRF,1.0,6.780938976575852,6.780938976575852,497.89064258415794,497.89064258415794,2.0,17.90571689102166,8.95285844551083,497.89064258415794,497.89064258415794,3.0,-11.12477791444581,0.3333333333333333,497.89064258415794,497.89064258415794,2.372906522323055,6.263848897990347,-3.8909423756672923,497.8906425841579,497.890642584158,497.890642584158,-0.0,3,3,1.0,0.24351924587588375,0.48978790259230165,0.9473684210526315,0.16732128829536527,0.5003927729772192,0.4762372348782403
ALEC,1.0,11.14878852085366,11.14878852085366,0.0,0.0,1.0,10.24697666496338,10.24697666496338,0.0,0.0,2.0,0.9018118558902799,0.5,0.0,0.0,9.595851207374867,10.24697666496338,-0.6511254575885133,0.0,0.0,0.0,-0.0,2,2,1.0,0.49410840534171246,0.48978790259230165,0.40769835035349566,0.49410840534171246,0.5003927729772192,0.4761586802827965
AMNE,2.0,13.058167102420054,6.529083551210027,0.0,0.0,2.0,15.776897704362336,7.888448852181168,0.0,0.0,4.0,-2.7187306019422817,0.5,0.0,0.0,6.52738973044341,7.182809278522615,-0.6554195480792053,0.0,0.0,0.0,-0.0,4,4,1.0,0.49332285938727416,0.48978790259230165,0.40769835035349566,0.49410840534171246,0.5003927729772192,0.47592301649646507
ACAN,1.0,13.602941176470589,13.602941176470589,20.04095874925251,20.04095874925251,2.0,13.426806083650192,6.713403041825096,20.04095874925251,20.04095874925251,3.0,0.17613509282039708,0.3333333333333333,20.04095874925251,20.04095874925251,4.097127147335102,5.104982539398641,-1.0078553920635391,20.04095874925251,20.04095874925251,20.04095874925251,-0.0,3,3,1.0,0.4642576590730558,0.48978790259230165,0.6135113904163394,0.16732128829536527,0.5003927729772192,0.4756873527101335
ARRT,1.0,5.21424195296668,5.21424195296668,0.0,0.0,1.0,5.2678324896456505,5.2678324896456505,0.0,0.0,2.0,-0.0535905366789704,0.5,0.0,0.0,3.8628054458007415,4.534065442309082,-0.6712599965083403,0.0,0.0,0.0,-0.0,2,2,1.0,0.4917517674783975,0.48978790259230165,0.40769835035349566,0.49410840534171246,0.5003927729772192,0.4754516889238021
AIXN,3.0,19.784639651437455,6.594879883812485,-28.79705885231616,-28.79705885231616,0.0,0.0,0.0,0.0,0.0,3.0,19.784639651437455,1.0,-28.79705885231616,0.0,12.362909296030992,0.0,12.362909296030992,-28.797058852316155,0.0,-28.797058852316155,-356.015426583651,3,3,1.0,0.9842890809112333,0.016496465043205028,0.1539670070699136,0.94344069128044,0.5003927729772192,0.47541241162608017
AVPI,1.0,17.552952881874095,17.552952881874095,471.4285600246327,471.4285600246327,2.0,19.314954091913027,9.657477045956513,471.4285600246327,471.4285600246327,3.0,-1.7620012100389317,0.3333333333333333,471.4285600246327,471.4285600246327,9.633264789382677,13.560330234319345,-3.9270654449366678,471.42856002463265,471.4285600246327,471.42856002463265,-0.0,3,3,1.0,0.23959151610369206,0.48978790259230165,0.9450117831893166,0.16732128829536527,0.5003927729772192,0.4745875883739198
BCDRF,2.0,16.78963181470556,8.39481590735278,-15.585008531691212,-15.585008531691212,1.0,10.942170240415855,10.942170240415855,-15.585008531691212,-15.585008531691212,3.0,5.8474615742897065,0.6666666666666666,-15.585008531691212,-15.585008531691212,10.524597665227622,10.942170240415855,-0.4175725751882329,-15.585008531691212,-15.585008531691212,-15.58500853169121,-0.0,3,3,1.0,0.5113904163393559,0.48978790259230165,0.21681068342498036,0.802827965435978,0.5003927729772192,0.474037706205813
AFFN,1.0,13.120030719190458,13.120030719190458,99900.0002910375,99900.0002910375,1.0,9.129901960784313,9.129901960784313,99900.0002910375,99900.0002910375,2.0,3.9901287584061453,0.5,6053.799748193983,8056.435957581158,3.951677312730452,3.194897341762386,0.7567799709680658,6053.799748193983,8056.435957581158,7055.11785288757,-1515.5549723996235,2,2,1.0,0.5813040062843676,0.003927729772191673,0.9948939512961509,0.49410840534171246,0.5003927729772192,0.4739984289080912
BANX,2.0,17.53991578277296,8.76995789138648,-1.105269842227473,-1.105269842227473,2.0,14.848296063129823,7.424148031564911,-1.105269842227473,-1.105269842227473,4.0,2.691619719643139,0.5,-1.105269842227473,-1.105269842227473,8.803713035004748,8.503429446526287,0.3002835884784609,-1.105269842227473,-1.1052698422274727,-1.105269842227473,0.0,3,4,1.0,0.558523173605656,0.48978790259230165,0.30007855459544386,0.49410840534171246,0.5003927729772192,0.47395915161036917
AUSDF,2.0,15.965509297345454,7.982754648672727,-49.16813588263509,-49.16813588263509,2.0,11.836373117450638,5.918186558725319,-49.16813588263509,-49.16813588263509,4.0,4.129136179894816,0.5,-49.16813588263509,-49.16813588263509,9.908208943958769,7.280206772750713,2.628002171208056,-49.16813588263509,-49.16813588263509,-49.16813588263509,0.0,4,4,1.0,0.6920659858601729,0.48978790259230165,0.09819324430479183,0.49410840534171246,0.5003927729772192,0.4736449332285939
AVHNY,1.0,6.304332043056771,6.304332043056771,0.0,0.0,1.0,6.3579225797357415,6.3579225797357415,0.0,0.0,2.0,-0.0535905366789704,0.5,0.0,0.0,4.670364046724057,5.472314677871533,-0.8019506311474762,0.0,0.0,0.0,-0.0,2,2,1.0,0.4799685781618225,0.48978790259230165,0.40769835035349566,0.49410840534171246,0.5003927729772192,0.47191673212882956
AIT,3.0,34.81373272699915,11.604577575666383,64.17571710592898,64.17571710592898,2.0,34.57282239819004,17.28641119909502,64.17571710592898,64.17571710592898,5.0,0.24091032880910745,0.6,64.17571710592898,64.17571710592898,17.672649698913254,22.749183108836206,-5.076533409922952,64.17571710592898,64.17571710592898,64.17571710592898,-0.0,5,5,1.0,0.17360565593087196,0.48978790259230165,0.755695208169678,0.7128829536527886,0.5003927729772192,0.4714846818538885
AASP,2.0,13.468489188537427,6.734244594268714,34.504131106769826,34.504131106769826,2.0,19.585628183324417,9.792814091662208,34.504131106769826,34.504131106769826,4.0,-6.117138994786989,0.5,34.504131106769826,34.504131106769826,9.910894576199844,12.927871232927279,-3.0169766567274348,34.50413110676983,34.504131106769826,34.50413110676983,-0.0,4,4,1.0,0.30243519245875883,0.48978790259230165,0.6716417910447762,0.49410840534171246,0.5003927729772192,0.47144540455616657
AREC,2.0,12.020165996628194,6.010082998314097,0.0,0.0,1.0,10.710200346439194,10.710200346439194,0.0,0.0,3.0,1.3099656501889996,0.6666666666666666,0.0,0.0,7.182358888723305,9.218354867290632,-2.0359959785673265,0.0,0.0,0.0,-0.0,3,3,1.0,0.37549096622152395,0.48978790259230165,0.40769835035349566,0.802827965435978,0.5003927729772192,0.47144540455616657
AWX,2.0,10.753276668851287,5.376638334425643,80.54930373241648,80.54930373241648,2.0,14.613816646671388,7.306908323335694,80.54930373241648,80.54930373241648,4.0,-3.8605399778201015,0.5,80.54930373241648,80.54930373241648,5.6157397552304715,9.914831680278626,-4.299091925048154,80.54930373241648,80.54930373241648,80.54930373241648,-0.0,4,4,1.0,0.22152395915161036,0.48978790259230165,0.7902592301649647,0.49410840534171246,0.5003927729772192,0.47089552238805976
ARGNF,3.0,30.156490701530828,10.052163567176942,0.0,0.0,2.0,24.67562504650021,12.337812523250104,0.0,0.0,5.0,5.48086565503062,0.6,0.0,0.0,13.039256383332006,14.81959411104791,-1.7803377277159047,0.0,0.0,0.0,-0.0,5,5,1.0,0.40219952867242736,0.48978790259230165,0.40769835035349566,0.7128829536527886,0.5003927729772192,0.47046347211311856
BANC,2.0,13.679580540045656,6.839790270022828,33.314812663501925,33.314812663501925,3.0,19.810826669233748,6.603608889744582,33.314812663501925,33.314812663501925,5.0,-6.131246129188092,0.4,33.314812663501925,33.314812663501925,7.543210076350512,9.551566673076163,-2.008356596725651,33.314812663501925,33.314812663501925,33.314812663501925,-0.0,5,5,1.0,0.38020424194815394,0.48978790259230165,0.6677140612725845,0.2584446190102121,0.5003927729772192,0.47042419481539666
AECFF,1.0,5.276080861738232,5.276080861738232,0.0,0.0,1.0,5.424930945380023,5.424930945380023,0.0,0.0,2.0,-0.14885008364179075,0.5,0.0,0.0,4.541164881961689,5.424930945380023,-0.8837660634183342,0.0,0.0,0.0,-0.0,2,2,1.0,0.47289866457187746,0.48978790259230165,0.40769835035349566,0.49410840534171246,0.5003927729772192,0.46979575805184604
AUVGF,1.0,7.131100615428652,7.131100615428652,37.49988097685613,37.49988097685613,1.0,7.666539779215835,7.666539779215835,37.49988097685613,37.49988097685613,2.0,-0.5354391637871831,0.5,37.49988097685613,37.49988097685613,2.495441298048277,5.679512358024286,-3.1840710599760085,37.49988097685613,37.49988097685613,37.49988097685613,-0.0,2,2,1.0,0.2914375490966222,0.48978790259230165,0.6794972505891594,0.49410840534171246,0.5003927729772192,0.4697172034564022
ABSSF,1.0,5.323595049705823,5.323595049705823,409.0207113694114,409.0207113694114,2.0,13.847984678156326,6.923992339078163,409.0207113694114,409.0207113694114,3.0,-8.524389628450503,0.3333333333333333,409.0207113694114,409.0207113694114,3.394474071526746,7.569955289107737,-4.175481217580991,409.02071136941134,409.02071136941134,409.02071136941134,-0.0,3,3,1.0,0.2270227808326787,0.48978790259230165,0.9387274155538099,0.16732128829536527,0.5003927729772192,0.4695600942655145
BBSI,3.0,23.11908635500214,7.706362118334046,-10.13517206244607,-10.13517206244607,3.0,26.28953232128114,8.763177440427047,-10.13517206244607,-10.13517206244607,6.0,-3.1704459662790008,0.5,-10.13517206244607,-10.13517206244607,14.057918522520037,13.322498321211823,0.7354202013082141,-10.135172062446072,-10.13517206244607,-10.135172062446072,0.0,6,6,1.0,0.5789473684210527,0.48978790259230165,0.24666142969363708,0.49410840534171246,0.5003927729772192,0.46940298507462686
ANGI,3.0,18.165349143610015,6.055116381203338,82.78447241004238,82.78447241004238,3.0,22.70725959208846,7.569086530696153,82.78447241004238,82.78447241004238,6.0,-4.541910448478443,0.5,82.78447241004238,82.78447241004238,10.551794713605734,14.966373506154092,-4.414578792548358,82.78447241004238,82.78447241004238,82.78447241004238,-0.0,6,6,1.0,0.21366849960722703,0.48978790259230165,0.7941869599371564,0.49410840534171246,0.5003927729772192,0.46932443047918304
AMNF,2.0,18.18086873970999,9.090434369854995,-3.866777268304333,-3.866777268304333,3.0,16.198209375573473,5.399403125191157,-3.866777268304333,-3.866777268304333,5.0,1.9826593641365164,0.4,-3.866777268304333,-3.866777268304333,10.024224352634832,8.320685845160128,1.703538507474704,-3.866777268304333,-3.8667772683043324,-3.8667772683043324,0.0,5,5,1.0,0.6331500392772977,0.48978790259230165,0.2820109976433621,0.2584446190102121,0.5003927729772192,0.4691673212882953
BFCH,1.0,21.803713527851457,21.803713527851457,379.9547413757999,379.9547413757999,2.0,28.44680664894034,14.22340332447017,379.9547413757999,379.9547413757999,3.0,-6.6430931210888815,0.3333333333333333,379.9547413757999,379.9547413757999,6.567152312780639,10.669134993635705,-4.101982680855066,379.9547413757999,379.9547413757999,379.95474137579987,-0.0,3,3,1.0,0.23016496465043204,0.48978790259230165,0.9316575019638649,0.16732128829536527,0.5003927729772192,0.4690887666928515
BAGGF,1.0,5.596369922212619,5.596369922212619,0.0,0.0,1.0,9.156108056418836,9.156108056418836,0.0,0.0,2.0,-3.559738134206216,0.5,0.0,0.0,2.275314215056508,3.2040678438817225,-0.9287536288252145,0.0,0.0,0.0,-0.0,2,2,1.0,0.46897093479968577,0.48978790259230165,0.40769835035349566,0.49410840534171246,0.5003927729772192,0.4686174391201885
BBLR,2.0,18.51182135898278,9.25591067949139,-79.79864911047123,-79.79864911047123,2.0,17.01187765713781,8.505938828568905,-79.79864911047123,-79.79864911047123,4.0,1.4999437018449697,0.5,-79.79864911047123,-79.79864911047123,13.434754296941529,10.310192405294483,3.124561891647046,-79.79864911047123,-79.79864911047123,-79.79864911047123,0.0,4,4,1.0,0.7156323644933229,0.48978790259230165,0.037706205813040065,0.49410840534171246,0.5003927729772192,0.4686174391201885
AUNXF,1.0,7.2142857142857135,7.2142857142857135,174.41666378215575,174.41666378215575,1.0,8.603395061728394,8.603395061728394,174.41666378215575,174.41666378215575,2.0,-1.3891093474426803,0.5,174.41666378215575,174.41666378215575,2.933109688128608,8.603395061728394,-5.670285373599786,174.41666378215575,174.41666378215575,174.41666378215575,-0.0,2,2,1.0,0.15003927729772193,0.48978790259230165,0.8829536527886881,0.49410840534171246,0.5003927729772192,0.4679890023566379
AXSM,2.0,18.690996021443155,9.345498010721577,0.0,0.0,2.0,16.478799015978364,8.239399507989182,0.0,0.0,4.0,2.212197005464791,0.5,0.0,0.0,10.9351496447207,11.945081592800815,-1.0099319480801139,0.0,0.0,0.0,-0.0,4,4,1.0,0.4634721131186174,0.48978790259230165,0.40769835035349566,0.49410840534171246,0.5003927729772192,0.46696779261586807
BDL,0.0,0.0,0.0,0.0,0.0,2.0,15.316979850405346,7.658489925202673,17.745623311011254,17.745623311011254,2.0,-15.316979850405346,0.0,0.0,17.745623311011254,0.0,10.118049015642397,-10.118049015642397,0.0,17.74562331101125,17.74562331101125,179.5510864739382,2,2,1.0,0.024351924587588374,0.9520816967792616,0.600942655145326,0.037706205813040065,0.5003927729772192,0.46692851531814605
ABBB,1.0,6.781880073317621,6.781880073317621,-12.155554029676647,-12.155554029676647,0.0,0.0,0.0,0.0,0.0,1.0,6.781880073317621,1.0,-12.155554029676647,0.0,6.781880073317621,0.0,6.781880073317621,-12.155554029676647,0.0,-12.155554029676647,-82.43750965399977,1,1,1.0,0.8813825608798115,0.037706205813040065,0.23252160251374707,0.94344069128044,0.5003927729772192,0.4666142969363708
AJMPF,2.0,16.321760712823508,8.160880356411754,-26.299118096408986,-26.299118096408986,2.0,13.804650617762285,6.902325308881142,-26.299118096408986,-26.299118096408986,4.0,2.5171100950612235,0.5,-26.299118096408986,-26.299118096408986,12.891651920510792,11.34009015451193,1.551561765998862,-26.29911809640899,-26.299118096408986,-26.29911809640899,0.0,4,4,1.0,0.624509033778476,0.48978790259230165,0.16260801256873528,0.49410840534171246,0.5003927729772192,0.4662608012568735
AMBFF,1.0,8.391133738563678,8.391133738563678,0.0,0.0,1.0,5.652173913043479,5.652173913043479,0.0,0.0,2.0,2.7389598255201983,0.5,0.0,0.0,4.605151835744916,5.652173913043479,-1.0470220772985632,0.0,0.0,0.0,-0.0,2,2,1.0,0.46111547525530244,0.48978790259230165,0.40769835035349566,0.49410840534171246,0.5003927729772192,0.4662608012568735
AES,2.0,16.13872034097733,8.069360170488665,39.53405152011876,39.53405152011876,2.0,16.15789977963016,8.07894988981508,39.53405152011876,39.53405152011876,4.0,-0.019179438652830783,0.5,39.53405152011876,39.53405152011876,9.986408247307985,13.443143037481313,-3.4567347901733285,39.53405152011876,39.53405152011876,39.53405152011876,-0.0,3,4,1.0,0.27258444619010214,0.48978790259230165,0.6889238020424194,0.49410840534171246,0.5003927729772192,0.46594658287509816
AGREF,2.0,13.013926653533668,6.506963326766834,1600.0000223517418,1600.0000223517418,2.0,18.655790533211785,9.327895266605893,1600.0000223517418,1600.0000223517418,4.0,-5.641863879678118,0.5,1600.0000223517418,1600.0000223517418,8.315086513772126,15.945888859427754,-7.630802345655628,1600.0000223517418,1600.0000223517416,1600.0000223517418,-0.0,3,4,1.0,0.07855459544383346,0.48978790259230165,0.9787902592301649,0.49410840534171246,0.5003927729772192,0.4657109190887667
AMBS,3.0,16.394915675293312,5.464971891764438,-29.894874240366462,-29.894874240366462,2.0,12.330115974224992,6.165057987112496,-29.894874240366462,-29.894874240366462,5.0,4.064799701068321,0.6,-29.894874240366462,-29.894874240366462,10.870935597732228,10.625973306794837,0.24496229093739075,-29.894874240366462,-29.894874240366462,-29.89487424036646,0.0,5,5,1.0,0.5569520816967792,0.48978790259230165,0.1516103692065986,0.7128829536527886,0.5003927729772192,0.4656716417910448
ADDYY,1.0,5.831485587583149,5.831485587583149,0.5257659077896285,0.5257659077896285,2.0,16.444365667733248,8.222182833866624,0.5257659077896285,0.5257659077896285,3.0,-10.612880080150099,0.3333333333333333,0.5257659077896285,0.5257659077896285,5.831485587583149,6.480981038385534,-0.6494954508023847,0.5257659077896285,0.5257659077896285,0.5257659077896285,-0.0,3,3,1.0,0.49528672427337,0.48978790259230165,0.5137470542026709,0.16732128829536527,0.5003927729772192,0.4650432050274941
ASGN,2.0,20.111539634798543,10.055769817399272,89.09301729579812,89.09301729579812,3.0,26.203756273295298,8.734585424431765,89.09301729579812,89.09301729579812,5.0,-6.092216638496755,0.4,89.09301729579812,89.09301729579812,11.59587326673341,15.056561896481755,-3.4606886297483452,89.09301729579813,89.09301729579812,89.09301729579813,-0.0,5,5,1.0,0.2717989002356638,0.48978790259230165,0.802827965435978,0.2584446190102121,0.5003927729772192,0.46492537313432836
ADDDF,1.0,5.831485587583149,5.831485587583149,0.4303125372071297,0.4303125372071297,2.0,16.444365667733248,8.222182833866624,0.4303125372071297,0.4303125372071297,3.0,-10.612880080150099,0.3333333333333333,0.4303125372071297,0.4303125372071297,5.831485587583149,6.480981038385534,-0.6494954508023847,0.4303125372071297,0.4303125372071297,0.4303125372071297,-0.0,3,3,1.0,0.49528672427337,0.48978790259230165,0.5129615082482325,0.16732128829536527,0.5003927729772192,0.46488609583660634
BA,1.0,7.702644008903847,7.702644008903847,-35.41565668875139,-35.41565668875139,1.0,5.407590197413207,5.407590197413207,-35.41565668875139,-35.41565668875139,2.0,2.2950538114906402,0.5,-35.41565668875139,-35.41565668875139,3.6384713974771397,1.8923199417983256,1.746151455678814,-35.41565668875139,-35.41565668875139,-35.41565668875139,0.0,2,2,1.0,0.6362922230950511,0.48978790259230165,0.13432835820895522,0.49410840534171246,0.5003927729772192,0.46413982717989
APCFF,1.0,5.87115201523326,5.87115201523326,0.0,0.0,1.0,6.176305446378438,6.176305446378438,0.0,0.0,2.0,-0.305153431145178,0.5,0.0,0.0,2.7733358380541966,3.9381862256257754,-1.1648503875715788,0.0,0.0,0.0,-0.0,2,2,1.0,0.4509033778476041,0.48978790259230165,0.40769835035349566,0.49410840534171246,0.5003927729772192,0.463197172034564
ALSSF,3.0,24.182278142337633,8.060759380779212,-20.27807326099814,-20.27807326099814,2.0,24.647940025193826,12.323970012596913,-20.27807326099814,-20.27807326099814,5.0,-0.4656618828561925,0.6,-20.27807326099814,-20.27807326099814,14.547166035494818,14.82782882442466,-0.28066278892984187,-20.278073260998138,-20.278073260998145,-20.278073260998138,-0.0,5,5,1.0,0.5192458758837392,0.48978790259230165,0.19560094265514533,0.7128829536527886,0.5003927729772192,0.4631578947368421
AUCM,1.0,8.636813730883485,8.636813730883485,0.0,0.0,1.0,16.87812992160818,16.87812992160818,0.0,0.0,2.0,-8.241316190724696,0.5,0.0,0.0,4.739983874285517,5.906294793973207,-1.1663109196876897,0.0,0.0,0.0,-0.0,2,2,1.0,0.44854673998428907,0.48978790259230165,0.40769835035349566,0.49410840534171246,0.5003927729772192,0.4624901806755696
ATGN,3.0,23.460461326943705,7.820153775647902,90.22222306993272,90.22222306993272,4.0,32.23094113992817,8.057735284982043,90.22222306993272,90.22222306993272,7.0,-8.770479812984465,0.42857142857142855,90.22222306993272,90.22222306993272,14.371037852709076,18.190256350972067,-3.819218498262991,90.22222306993272,90.22222306993272,90.22222306993272,-0.0,7,7,1.0,0.2474469756480754,0.48978790259230165,0.8036135113904164,0.30086410054988216,0.5003927729772192,0.4620188531029066
AURWF,1.0,10.234598187063373,10.234598187063373,0.0,0.0,1.0,10.288188723742342,10.288188723742342,0.0,0.0,2.0,-0.053590536678969514,0.5,0.0,0.0,7.581976818332623,8.85512609749137,-1.2731492791587469,0.0,0.0,0.0,-0.0,2,2,1.0,0.4461901021209741,0.48978790259230165,0.40769835035349566,0.49410840534171246,0.5003927729772192,0.461783189316575
BEUT,1.0,11.28805701547584,11.28805701547584,-97.65624982947,-97.65624982947,2.0,16.522601905193145,8.261300952596573,-97.65624982947,-97.65624982947,3.0,-5.234544889717306,0.3333333333333333,-97.12008294741078,-97.03877752350526,3.950117263834001,5.933298949728323,-1.9831816858943223,-97.1200829474108,-97.03877752350526,-97.06587933147377,0.16124342765329988,3,3,1.0,0.38413197172034563,0.9261586802827966,0.00864100549882168,0.16732128829536527,0.5003927729772192,0.4615868028279654
AURT,2.0,19.305026835149068,9.652513417574534,0.0,0.0,2.0,22.05252735354364,11.02626367677182,0.0,0.0,4.0,-2.7475005183945704,0.5,0.0,0.0,9.43617399987345,10.747074571211144,-1.3109005713376938,0.0,0.0,0.0,-0.0,4,4,1.0,0.4430479183032207,0.48978790259230165,0.40769835035349566,0.49410840534171246,0.5003927729772192,0.46084053417124904
ALB,1.0,7.640317888313346,7.640317888313346,230.1356480007329,230.1356480007329,2.0,13.83259746088966,6.91629873044483,230.1356480007329,230.1356480007329,3.0,-6.1922795725763145,0.3333333333333333,230.1356480007329,230.1356480007329,2.673635644330068,6.985039104748231,-4.311403460418163,230.13564800073289,230.13564800073289,230.13564800073289,-0.0,3,3,1.0,0.2199528672427337,0.48978790259230165,0.9049489395129615,0.16732128829536527,0.5003927729772192,0.4606834249803613
AMSC,2.0,15.596643850379724,7.798321925189862,66.02475917346085,66.02475917346085,2.0,16.23231243479809,8.116156217399045,66.02475917346085,66.02475917346085,4.0,-0.6356685844183652,0.5,66.02475917346085,66.02475917346085,6.773124417109848,11.328610086802373,-4.5554856696925246,66.02475917346085,66.02475917346085,66.02475917346085,-0.0,4,4,1.0,0.20581304006284368,0.48978790259230165,0.7580518460329929,0.49410840534171246,0.5003927729772192,0.4597407698350353
APPZ,1.0,9.621176097638294,9.621176097638294,0.0,0.0,1.0,8.957762543419914,8.957762543419914,0.0,0.0,2.0,0.6634135542183799,0.5,0.0,0.0,5.280213395293613,6.6360737087056805,-1.3558603134120677,0.0,0.0,0.0,-0.0,2,2,1.0,0.4391201885310291,0.48978790259230165,0.40769835035349566,0.49410840534171246,0.5003927729772192,0.4596622152395915
BCS,1.0,9.708428826075885,9.708428826075885,23.085941598299804,23.085941598299804,1.0,12.589602770241951,12.589602770241951,23.085941598299804,23.085941598299804,2.0,-2.8811739441660666,0.5,23.085941598299804,23.085941598299804,6.190367527522309,9.326607123340269,-3.13623959581796,23.085941598299804,23.085941598299804,23.085941598299804,-0.0,2,2,1.0,0.29340141398271796,0.48978790259230165,0.6260801256873527,0.49410840534171246,0.5003927729772192,0.4596229379418696
AUSVF,2.0,36.17734767034975,18.088673835174873,62.65180965991512,62.65180965991512,2.0,35.43217513132865,17.716087565664324,62.65180965991512,62.65180965991512,4.0,0.7451725390210981,0.5,62.65180965991512,62.65180965991512,23.783998425313797,28.261424827313743,-4.477426401999946,62.651809659915116,62.651809659915116,62.651809659915116,-0.0,4,4,1.0,0.20974076983503534,0.48978790259230165,0.7509819324430479,0.49410840534171246,0.5003927729772192,0.45950510604870387
ATOS,1.0,11.678447798257782,11.678447798257782,83.77293364728303,83.77293364728303,2.0,21.131886184313473,10.565943092156736,83.77293364728303,83.77293364728303,3.0,-9.45343838605569,0.3333333333333333,83.77293364728303,83.77293364728303,4.086729735634456,7.314134867396556,-3.2274051317621,83.77293364728303,83.77293364728303,83.77293364728303,-0.0,3,3,1.0,0.28908091123330715,0.48978790259230165,0.7949725058915946,0.16732128829536527,0.5003927729772192,0.45942655145325995
ASCK,1.0,14.422114052523792,14.422114052523792,0.0,0.0,2.0,11.153713099630997,5.576856549815498,0.0,0.0,3.0,3.2684009528927955,0.3333333333333333,0.0,0.0,4.343857276157799,4.243955791398575,0.09990148475922389,0.0,0.0,0.0,0.0,3,3,1.0,0.5467399842890809,0.48978790259230165,0.40769835035349566,0.16732128829536527,0.5003927729772192,0.4592694422623723
AKRYY,2.0,15.607128526274611,7.8035642631373054,0.0,0.0,2.0,15.576529140156122,7.788264570078061,0.0,0.0,4.0,0.03059938611848878,0.5,0.0,0.0,8.664194332862238,10.030387642408085,-1.3661933095458476,0.0,0.0,0.0,-0.0,4,4,1.0,0.43676355066771405,0.48978790259230165,0.40769835035349566,0.49410840534171246,0.5003927729772192,0.45895522388059706
AIPUF,2.0,35.263938364376266,17.631969182188133,34.02060968790517,34.02060968790517,2.0,32.790566333624575,16.395283166812288,34.02060968790517,34.02060968790517,4.0,2.4733720307516904,0.5,34.02060968790517,34.02060968790517,26.12192899216153,29.793636377370575,-3.6717073852090465,34.02060968790517,34.02060968790518,34.02060968790518,-0.0,4,4,1.0,0.2608012568735271,0.48978790259230165,0.6700706991358995,0.49410840534171246,0.5003927729772192,0.4586410054988217
ABZPY,1.0,7.363303251530153,7.363303251530153,-19.714282807849703,-19.714282807849703,1.0,11.427727501610494,11.427727501610494,-19.714282807849703,-19.714282807849703,2.0,-4.064424250080341,0.5,-19.714282807849703,-19.714282807849703,4.041066504528728,3.441965378794971,0.5991011257337568,-19.714282807849703,-19.714282807849703,-19.714282807849703,0.0,2,2,1.0,0.575019638648861,0.48978790259230165,0.19874312647289866,0.49410840534171246,0.5003927729772192,0.4586410054988217
BCDA,2.0,14.569152349472716,7.284576174736358,-27.55004756795409,-27.55004756795409,2.0,11.145668972964037,5.5728344864820185,-27.55004756795409,-27.55004756795409,4.0,3.4234833765086794,0.5,-27.55004756795409,-27.55004756795409,7.821123553209656,6.722507310443062,1.0986162427665942,-27.55004756795409,-27.55004756795409,-27.55004756795409,0.0,4,4,1.0,0.6001571091908877,0.48978790259230165,0.1586802827965436,0.49410840534171246,0.5003927729772192,0.4581696779261587
APTPF,2.0,13.783693493838422,6.891846746919211,-35.00000298023213,-35.00000298023213,0.0,0.0,0.0,0.0,0.0,2.0,13.783693493838422,1.0,-35.00000298023213,0.0,8.917049596709195,0.0,8.917049596709195,-35.00000298023213,0.0,-35.00000298023213,-312.09676245969956,2,2,1.0,0.9324430479183032,0.022780832678711706,0.1358994501178319,0.94344069128044,0.5003927729772192,0.4581304006284368
BCLYF,1.0,9.708428826075885,9.708428826075885,21.776503074592053,21.776503074592053,1.0,12.589602770241951,12.589602770241951,21.776503074592053,21.776503074592053,2.0,-2.8811739441660666,0.5,21.776503074592053,21.776503074592053,6.190367527522309,9.326607123340269,-3.13623959581796,21.776503074592053,21.77650307459205,21.77650307459205,-0.0,2,2,1.0,0.29340141398271796,0.48978790259230165,0.6182246661429693,0.49410840534171246,0.5003927729772192,0.458051846032993
AJYG,2.0,14.811502430034436,7.405751215017218,0.0,0.0,2.0,13.985901785893397,6.992950892946698,0.0,0.0,4.0,0.8256006441410388,0.5,0.0,0.0,7.205785039798666,8.591680007543196,-1.3858949677445302,0.0,0.0,0.0,-0.0,4,4,1.0,0.43283582089552236,0.48978790259230165,0.40769835035349566,0.49410840534171246,0.5003927729772192,0.4577769049489395
ADFJF,1.0,5.128746306458422,5.128746306458422,40.00000627417321,40.00000627417321,1.0,10.37283130306386,10.37283130306386,40.00000627417321,40.00000627417321,2.0,-5.244084996605438,0.5,40.00000627417321,40.00000627417321,1.7947419382442118,5.692730518361809,-3.897988580117597,40.00000627417321,40.00000627417321,40.00000627417321,-0.0,2,2,1.0,0.24273369992144542,0.48978790259230165,0.6904948939512962,0.49410840534171246,0.5003927729772192,0.45730557737627653
AGMJF,1.0,5.959085906648541,5.959085906648541,31.88410127134698,31.88410127134698,1.0,10.179880613757462,10.179880613757462,31.88410127134698,31.88410127134698,2.0,-4.2207947071089205,0.5,31.88410127134698,31.88410127134698,2.8148728672111356,6.490978459480494,-3.676105592269358,31.88410127134698,31.884101271346978,31.884101271346978,-0.0,2,2,1.0,0.26001571091908876,0.48978790259230165,0.6622152395915161,0.49410840534171246,0.5003927729772192,0.45683424980361353
AXTLF,3.0,43.14478624110862,14.381595413702874,115.01548071527888,115.01548071527888,3.0,44.154225964834055,14.718075321611352,115.01548071527888,115.01548071527888,6.0,-1.0094397237254356,0.5,115.01548071527888,115.01548071527888,26.242221044586685,32.073592012605964,-5.831370968019279,115.0154807152789,115.01548071527888,115.01548071527888,-0.0,5,6,1.0,0.1453260015710919,0.48978790259230165,0.8334642576590731,0.49410840534171246,0.5003927729772192,0.4566771406127259
ATDRY,1.0,7.605793094781817,7.605793094781817,0.0,0.0,1.0,7.083333333333334,7.083333333333334,0.0,0.0,2.0,0.5224597614484834,0.5,0.0,0.0,5.634510107349563,7.083333333333334,-1.4488232259837712,0.0,0.0,0.0,-0.0,2,2,1.0,0.42812254516889237,0.48978790259230165,0.40769835035349566,0.49410840534171246,0.5003927729772192,0.45636292223095054
AVLNF,2.0,27.7081008550941,13.85405042754705,0.0,0.0,2.0,25.296276417755475,12.648138208877738,0.0,0.0,4.0,2.4118244373386233,0.5,0.0,0.0,12.297984801938403,13.761174952827073,-1.4631901508886695,0.0,0.0,0.0,-0.0,4,4,1.0,0.42733699921445406,0.48978790259230165,0.40769835035349566,0.49410840534171246,0.5003927729772192,0.456127258444619
ASDZF,1.0,8.630087209302326,8.630087209302326,-16.415695088079037,-16.415695088079037,1.0,6.843090082865544,6.843090082865544,-16.415695088079037,-16.415695088079037,2.0,1.7869971264367823,0.5,-16.415695088079037,-16.415695088079037,3.019993292656228,2.782192806564913,0.2378004860913152,-16.415695088079037,-16.415695088079037,-16.415695088079037,0.0,2,2,1.0,0.5561665357423409,0.48978790259230165,0.2128829536527887,0.49410840534171246,0.5003927729772192,0.4558130400628436
ALNY,1.0,5.836139169472504,5.836139169472504,121.81849602924416,121.81849602924416,2.0,15.566085257390805,7.783042628695402,121.81849602924416,121.81849602924416,3.0,-9.7299460879183,0.3333333333333333,121.81849602924416,121.81849602924416,2.7567969408005353,6.660173187803939,-3.9033762470034037,121.81849602924416,121.81849602924414,121.81849602924414,-0.0,3,3,1.0,0.24194815396700706,0.48978790259230165,0.8460329929300864,0.16732128829536527,0.5003927729772192,0.45549882168106826
ARZGY,1.0,9.577464788732396,9.577464788732396,7.709162198059721,7.709162198059721,1.0,11.06060606060606,11.06060606060606,7.709162198059721,7.709162198059721,2.0,-1.4831412718736647,0.5,7.709162198059721,7.709162198059721,8.243400337592105,11.06060606060606,-2.8172057230139558,7.709162198059721,7.709162198059721,7.709162198059721,-0.0,2,2,1.0,0.3220738413197172,0.48978790259230165,0.5616653574234093,0.49410840534171246,0.5003927729772192,0.45534171249018074
BEPTF,2.0,14.79384260383775,7.396921301918875,-37.52495200918958,-37.52495200918958,0.0,0.0,0.0,0.0,0.0,2.0,14.79384260383775,1.0,-37.52495200918958,0.0,8.941415285298547,0.0,8.941415285298547,-37.52495200918958,0.0,-37.52495200918958,-335.5261794750621,2,2,1.0,0.9340141398271798,0.019638648860958365,0.12411626080125687,0.94344069128044,0.5003927729772192,0.45530243519245883
ABTS,2.0,13.471854824137093,6.735927412068547,298.9682398611867,298.9682398611867,3.0,22.785893532816313,7.595297844272104,298.9682398611867,298.9682398611867,5.0,-9.31403870867922,0.4,298.9682398611867,298.9682398611867,6.491139201370208,11.76821223419898,-5.277073032828772,298.9682398611867,298.96823986118665,298.96823986118665,-0.0,5,5,1.0,0.16182246661429694,0.48978790259230165,0.9167321288295365,0.2584446190102121,0.5003927729772192,0.45471327572663
ANZGY,1.0,7.293371522094928,7.293371522094928,5.310801323751056,5.310801323751056,1.0,10.337892196299274,10.337892196299274,5.310801323751056,5.310801323751056,2.0,-3.044520674204346,0.5,5.310801323751056,5.310801323751056,2.965263578099911,5.6735555300146725,-2.7082919519147617,5.310801323751056,5.310801323751056,5.310801323751056,-0.0,2,2,1.0,0.3307148468185389,0.48978790259230165,0.5443833464257659,0.49410840534171246,0.5003927729772192,0.45447761194029856
AVOT,2.0,21.170796800310754,10.585398400155377,-83.99999947845937,-83.99999947845937,2.0,15.27302484749293,7.636512423746465,-83.99999947845937,-83.99999947845937,4.0,5.897771952817823,0.5,-83.99999947845937,-83.99999947845937,7.911258479739644,5.691020622290274,2.2202378574493693,-83.99999947845939,-83.99999947845937,-83.99999947845939,0.0,4,4,1.0,0.6700706991358995,0.48978790259230165,0.03377847604084839,0.49410840534171246,0.5003927729772192,0.4541633935585232
BAUFF,2.0,12.73198234016834,6.36599117008417,140.33020411287524,140.33020411287524,3.0,22.40758792539378,7.46919597513126,140.33020411287524,140.33020411287524,5.0,-9.67560558522544,0.4,140.33020411287524,140.33020411287524,8.824464485133968,13.544735327663453,-4.7202708425294855,140.3302041128752,140.3302041128752,140.3302041128752,-0.0,5,5,1.0,0.19560094265514533,0.48978790259230165,0.8633150039277298,0.2584446190102121,0.5003927729772192,0.4541633935585232
BCDMF,3.0,32.61028150585586,10.870093835285287,-90.76923063697194,-90.76923063697194,3.0,26.790400452329944,8.930133484109982,-90.76923063697194,-90.76923063697194,6.0,5.819881053525915,0.5,-90.76923063697194,-90.76923063697194,16.0428612684792,13.767138082724601,2.2757231857545985,-90.76923063697194,-90.76923063697194,-90.76923063697194,0.0,6,6,1.0,0.6739984289080911,0.48978790259230165,0.02749410840534171,0.49410840534171246,0.5003927729772192,0.4540848389630794
AKEMF,2.0,17.244434455301715,8.622217227650857,-57.94392502214704,-57.94392502214704,0.0,0.0,0.0,0.0,0.0,2.0,17.244434455301715,1.0,-57.94392502214704,0.0,11.489766931306933,0.0,11.489766931306933,-57.94392502214704,0.0,-57.94392502214704,-665.7621935895935,2,2,1.0,0.9748625294579732,0.006284367635506678,0.07541241162608013,0.94344069128044,0.5003927729772192,0.4538098978790259
AVVIY,2.0,16.73592256416276,8.36796128208138,-0.1660670138479847,-0.1660670138479847,2.0,15.780638011317231,7.890319005658616,-0.1660670138479847,-0.1660670138479847,4.0,0.9552845528455283,0.5,-0.1660670138479847,-0.1660670138479847,9.000398231145976,9.73757094188029,-0.7371727107343133,-0.1660670138479847,-0.16606701384798472,-0.16606701384798472,-0.0,3,4,1.0,0.4870384917517675,0.48978790259230165,0.3063629222309505,0.49410840534171246,0.5003927729772192,0.453770620581304
AMLI,2.0,16.368171752523025,8.184085876261513,0.0,0.0,2.0,14.476126484450251,7.238063242225126,0.0,0.0,4.0,1.8920452680727742,0.5,0.0,0.0,7.2764734585204796,8.844572834473999,-1.5680993759535191,0.0,0.0,0.0,-0.0,4,4,1.0,0.4186959937156324,0.48978790259230165,0.40769835035349566,0.49410840534171246,0.5003927729772192,0.45353495679497247
APHP,3.0,18.571262022733897,6.190420674244632,212.51999679942955,212.51999679942952,3.0,25.00885629121052,8.336285430403507,212.51999679942955,212.51999679942952,6.0,-6.437594268476623,0.5,212.51999679942952,212.51999679942952,9.923801387844756,17.212811874335564,-7.289010486490808,212.51999679942952,212.51999679942955,212.51999679942955,-0.0,6,6,1.0,0.09112333071484682,0.48978790259230165,0.8986645718774549,0.49410840534171246,0.5003927729772192,0.45345640219952865
AABB,2.0,15.159223666855096,7.579611833427548,1619.689372641135,1619.689372641135,3.0,23.62343627533543,7.874478758445143,1619.6893726411352,1619.689372641135,5.0,-8.464212608480333,0.4,1619.689372641135,1619.689372641135,7.844272819062867,14.540278759374228,-6.696005940311361,1619.689372641135,1619.689372641135,1619.689372641135,-0.0,5,5,1.0,0.11468970934799685,0.48978790259230165,0.9795758051846033,0.2584446190102121,0.5003927729772192,0.4531421838177533
ARHVF,3.0,74.3596978476416,24.786565949213866,41.22340882761141,41.22340882761141,2.0,69.71716419782774,34.85858209891387,41.22340882761141,41.22340882761141,5.0,4.642533649813856,0.6,41.22340882761141,41.22340882761141,36.416159749310914,41.9946533991689,-5.5784936498579825,41.223408827611415,41.22340882761141,41.22340882761141,-0.0,5,5,1.0,0.15318146111547526,0.48978790259230165,0.6944226237234878,0.7128829536527886,0.5003927729772192,0.4531029065200314
AMBC,2.0,15.046971944165811,7.523485972082906,-27.285914450738964,-27.285914450738964,2.0,18.286356551575867,9.143178275787934,-27.285914450738964,-27.285914450738964,4.0,-3.239384607410056,0.5,-27.285914450738964,-27.285914450738964,7.857059590220754,7.09962028185158,0.7574393083691735,-27.285914450738968,-27.285914450738964,-27.285914450738964,0.0,4,4,1.0,0.582089552238806,0.48978790259230165,0.15946582875098192,0.49410840534171246,0.5003927729772192,0.45290652003142184
ATBHF,2.0,19.23203899296722,9.61601949648361,-36.0400165223444,-36.0400165223444,2.0,11.759241002944247,5.8796205014721235,-36.0400165223444,-36.0400165223444,4.0,7.472797990022972,0.5,-36.0400165223444,-36.0400165223444,8.009084783685148,6.884629755494236,1.124455028190912,-36.0400165223444,-36.0400165223444,-36.0400165223444,0.0,4,4,1.0,0.6017282010997643,0.48978790259230165,0.12804399057344854,0.49410840534171246,0.5003927729772192,0.45251374705420266
BECN,3.0,20.83392631999537,6.944642106665124,50.30706823500096,50.30706823500096,3.0,23.71503524399069,7.905011747996897,50.30706823500096,50.30706823500096,6.0,-2.8811089239953205,0.5,50.30706823500096,50.30706823500096,10.876058112317523,15.464651963110681,-4.588593850793158,50.30706823500096,50.30706823500096,50.30706823500096,-0.0,6,6,1.0,0.20267085624509035,0.48978790259230165,0.7242733699921445,0.49410840534171246,0.5003927729772192,0.45204241948153967
ABGOF,2.0,17.568239337190953,8.784119668595476,577.7523102353399,577.7523102353399,4.0,26.345288988670056,6.586322247167514,577.7523102353399,577.7523102353399,6.0,-8.777049651479103,0.3333333333333333,577.7523102353399,577.7523102353399,9.156120292675052,14.49929419880245,-5.343173906127399,577.7523102353399,577.7523102353399,577.7523102353399,-0.0,5,6,1.0,0.15946582875098192,0.48978790259230165,0.9512961508248232,0.16732128829536527,0.5003927729772192,0.4518067556952081
AVNW,1.0,6.131386861313869,6.131386861313869,387.7691659667043,387.7691659667043,1.0,16.363636363636363,16.363636363636363,387.7691659667043,387.7691659667043,2.0,-10.232249502322494,0.5,387.7691659667043,387.7691659667043,3.9095448712575886,12.122479974791746,-8.212935103534157,387.7691659667043,387.7691659667043,387.7691659667043,-0.0,2,2,1.0,0.062058130400628436,0.48978790259230165,0.9332285938727416,0.49410840534171246,0.5003927729772192,0.4516496465043205
AMMJ,1.0,5.372347185156944,5.372347185156944,-48.78194875332208,-48.78194875332208,1.0,6.22400343881563,6.22400343881563,-48.78194875332208,-48.78194875332208,2.0,-0.8516562536586854,0.5,-48.78194875332208,-48.78194875332208,5.372347185156944,3.968599808379571,1.4037473767773734,-48.78194875332208,-48.78194875332208,-48.78194875332208,0.0,2,2,1.0,0.6182246661429693,0.48978790259230165,0.09897879025923016,0.49410840534171246,0.5003927729772192,0.4516496465043205
AMBD,2.0,15.434845534005275,7.717422767002637,900.0,900.0,2.0,19.824204100341696,9.912102050170848,900.0,900.0,4.0,-4.389358566336421,0.5,900.0,900.0,6.4089340619337705,15.566604765640372,-9.157670703706602,900.0000000000001,899.9999999999999,900.0,-0.0,4,4,1.0,0.0384917517674784,0.48978790259230165,0.9662215239591516,0.49410840534171246,0.5003927729772192,0.4511783189316575
ANZLY,1.0,7.999601514245866,7.999601514245866,0.0,0.0,1.0,8.270743919885552,8.270743919885552,0.0,0.0,2.0,-0.2711424056396865,0.5,0.0,0.0,4.390274395133525,6.127117794443751,-1.7368433993102261,0.0,0.0,0.0,-0.0,2,2,1.0,0.4053417124901807,0.48978790259230165,0.40769835035349566,0.49410840534171246,0.5003927729772192,0.44952867242733696
ALSI,1.0,5.922444183313749,5.922444183313749,2124.522609433343,2124.522609433343,3.0,20.909908503336354,6.969969501112118,2124.522609433343,2124.522609433343,4.0,-14.987464320022605,0.25,2124.522609433343,2124.522609433343,2.7975645426729896,8.341378267237483,-5.543813724564493,2124.522609433343,2124.522609433343,2124.522609433343,-0.0,4,4,1.0,0.1539670070699136,0.48978790259230165,0.9842890809112333,0.09230164964650432,0.5003927729772192,0.4492537313432836
AVAL,1.0,7.355242566510173,7.355242566510173,-24.034224569629743,-24.034224569629743,1.0,5.966353677621283,5.966353677621283,-24.034224569629743,-24.034224569629743,2.0,1.3888888888888893,0.5,-24.034224569629743,-24.034224569629743,4.036642706794874,3.8043150673834285,0.2323276394114453,-24.034224569629743,-24.034224569629743,-24.034224569629743,0.0,2,2,1.0,0.5553809897879026,0.48978790259230165,0.17989002356637862,0.49410840534171246,0.5003927729772192,0.44897879025923015
ADPPF,1.0,5.367409178017268,5.367409178017268,0.0,0.0,1.0,6.041789867928246,6.041789867928246,0.0,0.0,2.0,-0.6743806899109783,0.5,0.0,0.0,3.422411193176892,5.200216731209938,-1.777805538033046,0.0,0.0,0.0,-0.0,2,2,1.0,0.40298507462686567,0.48978790259230165,0.40769835035349566,0.49410840534171246,0.5003927729772192,0.4488216810683425
ADMG,2.0,20.576221446700508,10.288110723350254,450.4761994304037,450.4761994304037,2.0,30.105988913635528,15.052994456817764,450.4761994304037,450.4761994304037,4.0,-9.52976746693502,0.5,450.4761994304037,450.4761994304037,17.083462020517516,25.918903478227826,-8.83544145771031,450.47619943040377,450.47619943040365,450.4761994304037,-0.0,4,4,1.0,0.046347211311861744,0.48978790259230165,0.9418695993715632,0.49410840534171246,0.5003927729772192,0.4486645718774548
AVIJF,2.0,14.587585161619495,7.293792580809748,3.773592756753207,3.773592756753207,3.0,22.914922995385336,7.638307665128445,3.773592756753207,3.773592756753207,5.0,-8.32733783376584,0.4,3.773592756753207,3.773592756753207,10.188396360978837,12.006033530046,-1.8176371690671633,3.773592756753207,3.773592756753207,3.7735927567532075,-0.0,5,5,1.0,0.3974862529457973,0.48978790259230165,0.5326001571091908,0.2584446190102121,0.5003927729772192,0.448586017282011
AGDY,2.0,30.461349673727554,15.230674836863777,78.67713792412691,78.67713792412691,3.0,34.759762571471924,11.586587523823974,78.67713792412691,78.67713792412691,5.0,-4.29841289774437,0.4,78.67713792412691,78.67713792412691,23.400715404295283,27.57761833296182,-4.176902928666536,78.67713792412692,78.67713792412691,78.67713792412692,-0.0,5,5,1.0,0.22623723487824038,0.48978790259230165,0.7855459544383346,0.2584446190102121,0.5003927729772192,0.4478004713275726
ALPMY,0.0,0.0,0.0,0.0,0.0,2.0,16.337458766937743,8.168729383468872,4.959039029313543,4.959039029313543,2.0,-16.337458766937743,0.0,0.0,4.959039029313543,0.0,11.61814994587769,-11.61814994587769,0.0,4.9590390293135425,4.9590390293135425,57.6148590300245,2,2,1.0,0.012175962293794187,0.9395129615082483,0.5412411626080126,0.037706205813040065,0.5003927729772192,0.44756480754124117
AMDLY,3.0,23.97174416333735,7.990581387779116,-9.148405681460286,-9.148405681460286,3.0,30.285669263408927,10.095223087802976,-9.148405681460286,-9.148405681460286,6.0,-6.313925100071579,0.5,-9.148405681460286,-9.148405681460286,13.875949534021583,14.421597011961044,-0.5456474779394611,-9.148405681460286,-9.148405681460286,-9.148405681460286,-0.0,6,6,1.0,0.5019638648860958,0.48978790259230165,0.25216025137470544,0.49410840534171246,0.5003927729772192,0.44740769835035354
BCAL,2.0,23.35706301635627,11.678531508178136,34.23815330750492,34.23815330750492,3.0,22.14520066207164,7.381733554023881,34.23815330750492,34.23815330750492,5.0,1.21186235428463,0.4,34.23815330750492,34.23815330750492,10.340845977668852,13.40612785090007,-3.0652818732312177,34.23815330750492,34.23815330750492,34.23815330750492,-0.0,5,5,1.0,0.29772191673212883,0.48978790259230165,0.6708562450903378,0.2584446190102121,0.5003927729772192,0.4463079340141398
ASRMF,0.0,0.0,0.0,0.0,0.0,2.0,21.009030359082537,10.504515179541269,2.360390487063466,2.360390487063466,2.0,-21.009030359082537,0.0,0.0,2.360390487063466,0.0,10.184355840467894,-10.184355840467894,0.0,2.360390487063466,2.360390487063466,24.03905664270967,2,2,1.0,0.02356637863315004,0.9340141398271798,0.5239591516103692,0.037706205813040065,0.5003927729772192,0.44587588373919873
ASAPQ,1.0,8.167812461290723,8.167812461290723,0.0,0.0,1.0,5.201109570041609,5.201109570041609,0.0,0.0,2.0,2.9667028912491133,0.5,0.0,0.0,3.320784733211995,5.201109570041609,-1.8803248368296144,0.0,0.0,0.0,-0.0,2,2,1.0,0.3927729772191673,0.48978790259230165,0.40769835035349566,0.49410840534171246,0.5003927729772192,0.445758051846033
AM,1.0,32.13993213993214,32.13993213993214,0.0,0.0,1.0,30.210793317589435,30.210793317589435,0.0,0.0,2.0,1.9291388223427077,0.5,0.0,0.0,20.49332552363416,22.38070615091974,-1.8873806272855802,0.0,0.0,0.0,-0.0,2,2,1.0,0.391987431264729,0.48978790259230165,0.40769835035349566,0.49410840534171246,0.5003927729772192,0.44552238805970146
ATI,2.0,30.82167055172539,15.410835275862695,-15.236428627553526,-15.236428627553526,2.0,28.641765357033798,14.320882678516899,-15.236428627553526,-15.236428627553526,4.0,2.1799051946915924,0.5,-15.236428627553526,-15.236428627553526,13.915041063486113,14.21645293609051,-0.3014118726043975,-15.236428627553524,-15.236428627553526,-15.236428627553526,-0.0,4,4,1.0,0.5168892380204242,0.48978790259230165,0.2199528672427337,0.49410840534171246,0.5003927729772192,0.44544383346425764
ASFT,1.0,6.64946046006855,6.64946046006855,0.0,0.0,1.0,7.135076252723311,7.135076252723311,0.0,0.0,2.0,-0.4856157926547615,0.5,0.0,0.0,4.239883182435576,6.1412170431199655,-1.9013338606843897,0.0,0.0,0.0,-0.0,2,2,1.0,0.389630793401414,0.48978790259230165,0.40769835035349566,0.49410840534171246,0.5003927729772192,0.444815396700707
ADXRF,2.0,20.130913247739553,10.065456623869776,66.666672875484,66.666672875484,2.0,19.324447269208246,9.662223634604123,66.666672875484,66.666672875484,4.0,0.8064659785313069,0.5,66.666672875484,66.666672875484,6.653034537492349,12.248629229336693,-5.595594691844344,66.666672875484,66.666672875484,66.666672875484,-0.0,4,4,1.0,0.15239591516103693,0.48978790259230165,0.7619795758051846,0.49410840534171246,0.5003927729772192,0.44450117831893166
ARVY,2.0,15.88114806377206,7.94057403188603,-65.06171645351002,-65.06171645351002,0.0,0.0,0.0,0.0,0.0,2.0,15.88114806377206,1.0,-65.06171645351002,0.0,10.030673323093007,0.0,10.030673323093007,-65.06171645351002,0.0,-65.06171645351002,-652.6128235848643,2,2,1.0,0.950510604870385,0.007069913589945012,0.0636292223095051,0.94344069128044,0.5003927729772192,0.44438334642576593
AOVTF,1.0,6.296729562252237,6.296729562252237,1299.9999854480743,1299.9999854480743,2.0,20.20601257003618,10.10300628501809,1299.9999854480743,1299.9999854480743,3.0,-13.909283007783943,0.3333333333333333,1299.9999854480743,1299.9999854480743,2.2034633697762183,8.719481739516715,-6.516018369740497,1299.9999854480743,1299.999985448074,1299.999985448074,-0.0,3,3,1.0,0.11861743912018853,0.48978790259230165,0.9748625294579732,0.16732128829536527,0.5003927729772192,0.4442655145326001
ALXEF,3.0,42.81391793914138,14.271305979713794,191.35333652839105,191.35333652839105,3.0,48.1360753700876,16.04535845669587,191.35333652839105,191.35333652839105,6.0,-5.32215743094622,0.5,191.35333652839105,191.35333652839105,26.93675113812104,34.93722919440717,-8.000478056286134,191.35333652839103,191.35333652839105,191.353336528391,-0.0,5,6,1.0,0.06598586017282011,0.48978790259230165,0.8900235663786331,0.49410840534171246,0.5003927729772192,0.4441869599371563
AHKSY,1.0,5.6295399515738485,5.6295399515738485,-3.407844679588011,-3.407844679588011,1.0,9.691886539693636,9.691886539693636,-3.407844679588011,-3.407844679588011,2.0,-4.062346588119787,0.5,-3.407844679588011,-3.407844679588011,1.9699885391850749,2.919140128265504,-0.9491515890804292,-3.4078446795880115,-3.407844679588011,-3.4078446795880115,-0.0,2,2,1.0,0.4673998428908091,0.48978790259230165,0.2875098193244305,0.49410840534171246,0.5003927729772192,0.4441084053417125
AREN,1.0,8.890394459500152,8.890394459500152,-46.51474574451312,-46.51474574451312,0.0,0.0,0.0,0.0,0.0,1.0,8.890394459500152,1.0,-46.51474574451312,0.0,7.6520334248569215,0.0,7.6520334248569215,-46.51474574451312,0.0,-46.51474574451312,-355.93238918573564,1,1,1.0,0.9112333071484682,0.01728201099764336,0.10526315789473684,0.94344069128044,0.5003927729772192,0.44399057344854675
BASFY,1.0,6.703446473245956,6.703446473245956,-1.07214670534942,-1.07214670534942,1.0,14.197028970536293,14.197028970536293,-1.07214670534942,-1.07214670534942,2.0,-7.493582497290337,0.5,-1.07214670534942,-1.07214670534942,3.166483902051105,4.27606295227538,-1.109579050224275,-1.07214670534942,-1.07214670534942,-1.07214670534942,-0.0,2,2,1.0,0.45758051846032993,0.48978790259230165,0.30086410054988216,0.49410840534171246,0.5003927729772192,0.4438334642576591
AWR,3.0,34.09718198253416,11.365727327511387,-7.194295542092893,-7.194295542092894,4.0,41.33568568928741,10.333921422321852,-7.194295542092894,-7.194295542092894,7.0,-7.238503706753249,0.42857142857142855,-7.194295542092894,-7.194295542092894,21.23934701981052,21.11502146801122,0.1243255517992985,-7.194295542092894,-7.194295542092893,-7.194295542092893,0.0,7,7,1.0,0.549096622152396,0.48978790259230165,0.26001571091908876,0.30086410054988216,0.5003927729772192,0.4437941869599372
ARTZF,2.0,26.686941583401392,13.343470791700696,205.71428026471816,205.71428026471816,3.0,31.313468549608473,10.437822849869491,205.71428026471816,205.71428026471816,5.0,-4.626526966207081,0.4,205.71428026471816,205.71428026471816,9.618818837299598,15.629751481622211,-6.010932644322613,205.71428026471818,205.71428026471813,205.71428026471813,-0.0,5,5,1.0,0.13825608798114689,0.48978790259230165,0.8963079340141398,0.2584446190102121,0.5003927729772192,0.44355852317360567
BDLNF,3.0,27.435358063548342,9.145119354516114,-36.264438035083735,-36.264438035083735,3.0,28.931112972828508,9.64370432427617,-36.264438035083735,-36.264438035083735,6.0,-1.4957549092801656,0.5,-36.264438035083735,-36.264438035083735,17.319944285617986,16.745750809362768,0.5741934762552177,-36.26443803508373,-36.264438035083735,-36.264438035083735,0.0,6,6,1.0,0.572663000785546,0.48978790259230165,0.12647289866457187,0.49410840534171246,0.5003927729772192,0.44347996857816185
BFFAF,1.0,6.703446473245956,6.703446473245956,-1.1887925028040165,-1.1887925028040165,1.0,14.197028970536293,14.197028970536293,-1.1887925028040165,-1.1887925028040165,2.0,-7.493582497290337,0.5,-1.1887925028040165,-1.1887925028040165,3.166483902051105,4.27606295227538,-1.109579050224275,-1.1887925028040165,-1.1887925028040165,-1.1887925028040165,-0.0,2,2,1.0,0.45758051846032993,0.48978790259230165,0.29850746268656714,0.49410840534171246,0.5003927729772192,0.44336213668499613
BCRX,2.0,12.61204683546614,6.30602341773307,491.642284057952,491.642284057952,3.0,17.62434889525191,5.87478296508397,491.64228405795194,491.642284057952,5.0,-5.012302059785769,0.4,491.642284057952,491.642284057952,6.820961384462363,13.849928106534293,-7.02896672207193,491.642284057952,491.642284057952,491.642284057952,-0.0,5,5,1.0,0.1044776119402985,0.48978790259230165,0.9457973291437549,0.2584446190102121,0.5003927729772192,0.4433228593872741
ASOMF,1.0,7.239041511570052,7.239041511570052,47.571427481515066,47.571427481515066,2.0,12.912118247149795,6.456059123574898,47.571427481515066,47.571427481515066,3.0,-5.673076735579743,0.3333333333333333,47.571427481515066,47.571427481515066,2.943174644207109,6.175908098404606,-3.232733454197497,47.571427481515066,47.57142748151507,47.571427481515066,-0.0,3,3,1.0,0.2882953652788688,0.48978790259230165,0.7148468185388845,0.16732128829536527,0.5003927729772192,0.4431657501963865
ADRZF,1.0,6.951871657754013,6.951871657754013,10.169493560596928,10.169493560596928,2.0,12.681047121526408,6.340523560763204,10.169493560596928,10.169493560596928,3.0,-5.729175463772395,0.3333333333333333,10.169493560596928,10.169493560596928,4.4327090754454845,6.432702875839399,-1.9999938003939146,10.169493560596928,10.169493560596928,10.169493560596928,-0.0,3,3,1.0,0.3809897879025923,0.48978790259230165,0.575019638648861,0.16732128829536527,0.5003927729772192,0.44300864100549875
BDN,1.0,5.247302158273381,5.247302158273381,-7.893492166909574,-7.893492166909574,0.0,0.0,0.0,0.0,0.0,1.0,5.247302158273381,1.0,-7.893492166909574,0.0,4.51639482233832,0.0,4.51639482233832,-7.893492166909574,0.0,-7.893492166909574,-35.65012715279849,1,1,1.0,0.779261586802828,0.04399057344854674,0.25765907305577374,0.94344069128044,0.5003927729772192,0.44289080911233303
AXTG,2.0,22.613375293875798,11.306687646937899,6053.799748193983,6053.799748193983,3.0,33.883588115455254,11.294529371818419,6053.799748193983,6053.799748193983,5.0,-11.270212821579456,0.4,6053.799748193983,6053.799748193983,14.893683629515163,22.68634896673067,-7.792665337215507,6053.799748193982,6053.799748193983,6053.799748193983,-0.0,5,5,1.0,0.07069913589945012,0.48978790259230165,0.99057344854674,0.2584446190102121,0.5003927729772192,0.4421445404556167
ABT,1.0,9.097744360902254,9.097744360902254,43.77997069302605,43.77997069302605,3.0,21.244313446845,7.081437815615,43.77997069302605,43.77997069302605,4.0,-12.146569085942744,0.25,43.77997069302605,43.77997069302605,9.097744360902254,11.966000962572684,-2.8682566016704296,43.77997069302605,43.77997069302605,43.77997069302605,-0.0,4,4,1.0,0.3157894736842105,0.48978790259230165,0.7046347211311862,0.09230164964650432,0.5003927729772192,0.4418695993715632
ACSAY,2.0,19.703481073450117,9.851740536725059,0.0,0.0,2.0,17.640742363759614,8.820371181879807,0.0,0.0,4.0,2.062738709690503,0.5,0.0,0.0,12.668349098636465,14.680527020437118,-2.012177921800653,0.0,0.0,0.0,-0.0,4,4,1.0,0.3786331500392773,0.48978790259230165,0.40769835035349566,0.49410840534171246,0.5003927729772192,0.44151610369206595
BEIJF,2.0,20.38335056889997,10.191675284449985,-55.55555831502973,-55.55555831502973,2.0,17.143482635772756,8.571741317886378,-55.55555831502973,-55.55555831502973,4.0,3.239867933127215,0.5,-55.55555831502973,-55.55555831502973,11.45728086152301,10.477157984500877,0.9801228770221329,-55.55555831502972,-55.55555831502973,-55.55555831502973,0.0,4,4,1.0,0.5946582875098193,0.48978790259230165,0.08326787117046347,0.49410840534171246,0.5003927729772192,0.44143754909662214
ALPMF,0.0,0.0,0.0,0.0,0.0,2.0,16.337458766937743,8.168729383468872,1.5399995266852402,1.5399995266852402,2.0,-16.337458766937743,0.0,0.0,1.5399995266852402,0.0,11.61814994587769,-11.61814994587769,0.0,1.53999952668524,1.53999952668524,17.89194541760979,2,2,1.0,0.012175962293794187,0.9332285938727416,0.5184603299293009,0.037706205813040065,0.5003927729772192,0.4411233307148468
ASCC,2.0,12.794612590223723,6.3973062951118616,-70.59259213881242,-70.59259213881242,0.0,0.0,0.0,0.0,0.0,2.0,12.794612590223723,1.0,-70.59259213881242,0.0,9.93482380979259,0.0,9.93482380979259,-70.5925921388124,0.0,-70.5925921388124,-701.3249651756508,2,2,1.0,0.9489395129615082,0.004713275726630008,0.05263157894736842,0.94344069128044,0.5003927729772192,0.44100549882168105
AIFS,1.0,7.355242566510173,7.355242566510173,-40.14084695043415,-40.14084695043415,1.0,8.626699198326943,8.626699198326943,-40.14084695043415,-40.14084695043415,2.0,-1.2714566318167702,0.5,-40.14084695043415,-40.14084695043415,4.036642706794874,3.5073541577482845,0.5292885490465893,-40.14084695043415,-40.14084695043415,-40.14084695043415,0.0,2,2,1.0,0.5687352710133543,0.48978790259230165,0.1178318931657502,0.49410840534171246,0.5003927729772192,0.44057344854673997
ALYI,2.0,13.045883738327445,6.522941869163723,96.51849217023576,96.51849217023576,3.0,21.236062104698714,7.078687368232905,96.51849217023577,96.51849217023576,5.0,-8.190178366371269,0.4,96.51849217023576,96.51849217023576,9.281874099735198,14.23494459812687,-4.953070498391671,96.51849217023576,96.51849217023576,96.51849217023576,-0.0,5,5,1.0,0.18303220738413198,0.48978790259230165,0.8106834249803614,0.2584446190102121,0.5003927729772192,0.43986645718774553
ANPDY,3.0,22.773182432174327,7.591060810724776,94.999503548605,94.99950354860502,3.0,26.22429964151116,8.741433213837054,94.999503548605,94.99950354860502,6.0,-3.4511172093368323,0.5,94.99950354860502,94.99950354860502,12.113054951118635,19.138777868402457,-7.025722917283822,94.99950354860502,94.99950354860502,94.999503548605,-0.0,6,6,1.0,0.10526315789473684,0.48978790259230165,0.8083267871170463,0.49410840534171246,0.5003927729772192,0.439630793401414
ARL,1.0,7.854864433811802,7.854864433811802,-15.866796798947156,-15.866796798947156,2.0,14.121349392419187,7.060674696209594,-15.866796798947156,-15.866796798947156,3.0,-6.266484958607386,0.3333333333333333,-15.866796798947156,-15.866796798947156,7.854864433811802,6.669333144129881,1.1855312896819203,-15.866796798947156,-15.866796798947156,-15.866796798947156,0.0,3,3,1.0,0.6087981146897093,0.48978790259230165,0.21602513747054203,0.16732128829536527,0.5003927729772192,0.43955223880597016
BAESF,2.0,16.45668377481498,8.22834188740749,10.088471255986638,10.088471255986638,3.0,19.173537217550546,6.391179072516849,10.088471255986638,10.088471255986638,5.0,-2.716853442735566,0.4,10.088471255986638,10.088471255986638,6.568128468421517,9.12094921569679,-2.5528207472752724,10.088471255986638,10.088471255986638,10.088471255986638,-0.0,5,5,1.0,0.33817753338570306,0.48978790259230165,0.572663000785546,0.2584446190102121,0.5003927729772192,0.4388059701492537
ATHOF,1.0,6.764418377321603,6.764418377321603,93.43831864965348,93.43831864965348,2.0,14.530267938836799,7.265133969418399,93.43831864965348,93.43831864965348,3.0,-7.7658495615151955,0.3333333333333333,93.43831864965348,93.43831864965348,4.313183586727929,8.734436244793297,-4.421252658065368,93.43831864965348,93.43831864965348,93.43831864965348,-0.0,3,3,1.0,0.21209740769835037,0.48978790259230165,0.8059701492537313,0.16732128829536527,0.5003927729772192,0.43853102906520025
ASHI,1.0,9.061283223294396,9.061283223294396,-44.444445824181535,-44.444445824181535,1.0,5.459770114942527,5.459770114942527,-44.444445824181535,-44.444445824181535,2.0,3.6015131083518686,0.5,-44.444445824181535,-44.444445824181535,2.7292060593534138,2.219776877894075,0.5094291814593386,-44.444445824181535,-44.444445824181535,-44.444445824181535,0.0,2,2,1.0,0.565593087195601,0.48978790259230165,0.11076197957580518,0.49410840534171246,0.5003927729772192,0.438216810683425
BENH,3.0,22.114459470365617,7.371486490121872,0.0,0.0,3.0,22.002882637948293,7.334294212649431,0.0,0.0,6.0,0.11157683241732386,0.5,0.0,0.0,13.219427241323338,15.377460798986377,-2.158033557663039,0.0,0.0,0.0,-0.0,6,6,1.0,0.36606441476826396,0.48978790259230165,0.40769835035349566,0.49410840534171246,0.5003927729772192,0.437745483110762
BETRF,1.0,7.998270644185041,7.998270644185041,-81.70854279823139,-81.70854279823139,1.0,7.164307164307165,7.164307164307165,-81.70854279823139,-81.70854279823139,2.0,0.8339634798778759,0.5,-81.70854279823139,-81.70854279823139,3.778115532083343,2.5070615230185735,1.2710540090647693,-81.70854279823139,-81.70854279823139,-81.70854279823139,0.0,2,2,1.0,0.6135113904163394,0.48978790259230165,0.03613511390416339,0.49410840534171246,0.5003927729772192,0.4376669285153182
APTV,1.0,7.1491228070175445,7.1491228070175445,74.69731566776679,74.69731566776679,2.0,16.14971563005605,8.074857815028025,74.69731566776679,74.69731566776679,3.0,-9.000592823038506,0.3333333333333333,74.69731566776679,74.69731566776679,3.377006495473044,7.602337206269609,-4.225330710796564,74.69731566776679,74.69731566776679,74.69731566776679,-0.0,3,3,1.0,0.2246661429693637,0.48978790259230165,0.7808326787117046,0.16732128829536527,0.5003927729772192,0.4372741555380989
ARKR,1.0,8.166200248756219,8.166200248756219,-24.1049427690356,-24.1049427690356,2.0,15.820307384596816,7.910153692298408,-24.1049427690356,-24.1049427690356,3.0,-7.654107135840597,0.3333333333333333,-24.1049427690356,-24.1049427690356,8.166200248756219,6.603651925708636,1.562548323047583,-24.1049427690356,-24.1049427690356,-24.1049427690356,0.0,3,3,1.0,0.6260801256873527,0.48978790259230165,0.17753338570306362,0.16732128829536527,0.5003927729772192,0.43703849175176746
BESIY,2.0,20.57110245443267,10.285551227216335,135.69421068969964,135.69421068969964,3.0,30.614089509803623,10.204696503267874,135.69421068969964,135.69421068969964,5.0,-10.042987055370954,0.4,135.69421068969964,135.69421068969964,12.887048267513965,18.72805224517782,-5.841003977663856,135.69421068969964,135.69421068969964,135.69421068969964,-0.0,5,5,1.0,0.14375490966221524,0.48978790259230165,0.8554595443833464,0.2584446190102121,0.5003927729772192,0.43703849175176746
BAESY,2.0,16.45668377481498,8.22834188740749,8.119495030294582,8.119495030294582,3.0,19.173537217550546,6.391179072516849,8.119495030294582,8.119495030294582,5.0,-2.716853442735566,0.4,8.119495030294582,8.119495030294582,6.568128468421517,9.12094921569679,-2.5528207472752724,8.11949503029458,8.119495030294582,8.119495030294582,-0.0,5,5,1.0,0.33817753338570306,0.48978790259230165,0.5624509033778476,0.2584446190102121,0.5003927729772192,0.436763550667714
AIRRF,4.0,32.763092442221875,8.190773110555469,-55.71086241903527,-55.71086241903527,4.0,31.47559569980711,7.868898924951777,-55.71086241903527,-55.71086241903527,8.0,1.287496742414767,0.5,-55.71086241903527,-55.71086241903527,20.60832632276258,19.949621636389224,0.6587046863733548,-55.710862419035266,-55.71086241903526,-55.710862419035266,0.0,7,8,1.0,0.5765907305577376,0.48978790259230165,0.08248232521602514,0.49410840534171246,0.5003927729772192,0.4358601728201099
APA,1.0,9.434112329166611,9.434112329166611,-0.7477976495158704,-0.7477976495158704,0.0,0.0,0.0,0.0,0.0,1.0,9.434112329166611,1.0,-0.7477976495158704,0.0,3.301352033330363,0.0,3.301352033330363,-0.7477976495158704,0.0,-0.7477976495158704,-2.468743290748885,1,1,1.0,0.7195600942655145,0.04948939512961508,0.3032207384131972,0.94344069128044,0.5003927729772192,0.4357423409269442
ATHC,2.0,14.458642413828017,7.229321206914008,95.30601292531968,95.30601292531968,3.0,22.617782406945054,7.539260802315018,95.30601292531968,95.30601292531968,5.0,-8.159139993117037,0.4,95.30601292531968,95.30601292531968,6.780024446495054,11.956599636170438,-5.1765751896753835,95.30601292531969,95.30601292531968,95.30601292531968,-0.0,5,5,1.0,0.16967792615868027,0.48978790259230165,0.8091123330714847,0.2584446190102121,0.5003927729772192,0.43554595443833466
AWCA,2.0,13.08795631665299,6.543978158326495,238.23527091514944,238.23527091514944,2.0,23.62223298759612,11.81111649379806,238.23527091514944,238.23527091514944,4.0,-10.53427667094313,0.5,238.23527091514944,238.23527091514944,7.0111062787295015,17.095184217884402,-10.0840779391549,238.23527091514947,238.2352709151494,238.23527091514944,-0.0,4,4,1.0,0.02513747054202671,0.48978790259230165,0.9065200314218381,0.49410840534171246,0.5003927729772192,0.4352317360565593
AATC,2.0,14.529700256132678,7.264850128066339,55.40712555475163,55.40712555475163,3.0,23.5741477507132,7.858049250237733,55.40712555475162,55.40712555475163,5.0,-9.04444749458052,0.4,55.40712555475163,55.40712555475163,8.043711190533138,12.398024634348806,-4.354313443815668,55.40712555475164,55.40712555475162,55.40712555475163,-0.0,5,5,1.0,0.21602513747054203,0.48978790259230165,0.7368421052631579,0.2584446190102121,0.5003927729772192,0.43499607227022774
ARCAY,2.0,17.355891038936747,8.677945519468373,149.89858360210962,149.89858360210962,3.0,31.69220717970964,10.564069059903213,149.89858360210962,149.89858360210962,5.0,-14.336316140772894,0.4,149.89858360210962,149.89858360210962,12.535877187312568,18.87363319030463,-6.337756002992062,149.8985836021096,149.89858360210962,149.8985836021096,-0.0,5,5,1.0,0.1272584446190102,0.48978790259230165,0.8695993715632364,0.2584446190102121,0.5003927729772192,0.4349175176747839
BBLC,3.0,21.075614115712458,7.025204705237486,-75.84579644527156,-75.84579644527156,2.0,22.092208987916965,11.046104493958483,-75.84579644527156,-75.84579644527156,5.0,-1.0165948722045073,0.6,-75.84579644527156,-75.84579644527156,8.99772664955236,9.18064499709103,-0.18291834753866887,-75.84579644527156,-75.84579644527156,-75.84579644527156,-0.0,5,5,1.0,0.5255302435192458,0.48978790259230165,0.04320502749410841,0.7128829536527886,0.5003927729772192,0.43456402199528665
ANCTF,2.0,11.131761989242769,5.565880994621384,27.58638823812931,27.58638823812931,2.0,18.23822652240255,9.119113261201274,27.58638823812931,27.58638823812931,4.0,-7.10646453315978,0.5,27.58638823812931,27.58638823812931,7.187929187384558,11.974986296142053,-4.7870571087574945,27.586388238129306,27.58638823812931,27.58638823812931,-0.0,4,4,1.0,0.19324430479183033,0.48978790259230165,0.6488609583660644,0.49410840534171246,0.5003927729772192,0.4341319717203457
AAVXF,2.0,19.139646453197706,9.569823226598853,0.0,0.0,2.0,18.619810302293594,9.309905151146797,0.0,0.0,4.0,0.5198361509041121,0.5,0.0,0.0,12.856932003733931,15.220242849559435,-2.363310845825504,0.0,0.0,0.0,-0.0,4,4,1.0,0.3527101335428123,0.48978790259230165,0.40769835035349566,0.49410840534171246,0.5003927729772192,0.4337391987431265
AROC,1.0,11.678447798257782,11.678447798257782,-14.35124018291883,-14.35124018291883,1.0,10.486645193803543,10.486645193803543,-14.35124018291883,-14.35124018291883,2.0,1.1918026044542387,0.5,-14.35124018291883,-14.35124018291883,4.086729735634456,4.95354044001511,-0.8668107043806543,-14.35124018291883,-14.35124018291883,-14.35124018291883,-0.0,2,2,1.0,0.4752553024351925,0.48978790259230165,0.22388059701492538,0.49410840534171246,0.5003927729772192,0.4337391987431265
BCKIF,1.0,6.520562770562772,6.520562770562772,-26.23822769354814,-26.23822769354814,1.0,6.122188139059306,6.122188139059306,-26.23822769354814,-26.23822769354814,2.0,0.39837463150346597,0.5,-26.23822769354814,-26.23822769354814,4.157694386927689,4.535428523856632,-0.3777341369289431,-26.23822769354814,-26.23822769354814,-26.23822769354814,-0.0,2,2,1.0,0.5137470542026709,0.48978790259230165,0.16417910447761194,0.49410840534171246,0.5003927729772192,0.4333464257659073
BABB,2.0,19.67350000997353,9.836750004986765,-11.68224167611382,-11.68224167611382,1.0,14.239427845713834,14.239427845713834,-11.68224167611382,-11.68224167611382,3.0,5.434072164259696,0.6666666666666666,-11.68224167611382,-11.68224167611382,11.976419083217118,14.239427845713834,-2.2630087624967157,-11.682241676113819,-11.68224167611382,-11.682241676113819,-0.0,3,3,1.0,0.36135113904163396,0.48978790259230165,0.23723487824037706,0.802827965435978,0.5003927729772192,0.4331107619795759
ANTMF,1.0,5.72390572390572,5.72390572390572,994.8305935810793,994.8305935810793,2.0,17.545484080571796,8.772742040285898,994.8305935810793,994.8305935810793,3.0,-11.821578356666077,0.3333333333333333,994.8305935810793,994.8305935810793,2.0030106851480256,9.508908828106184,-7.505898142958159,994.8305935810793,994.8305935810793,994.8305935810791,-0.0,3,3,1.0,0.0840534171249018,0.48978790259230165,0.9701492537313433,0.16732128829536527,0.5003927729772192,0.43295365278868814
ABCFF,1.0,7.155733784628968,7.155733784628968,95.45454976479871,95.45454976479871,2.0,17.235728696395746,8.617864348197873,95.45454976479871,95.45454976479871,3.0,-10.079994911766779,0.3333333333333333,95.45454976479871,95.45454976479871,2.9093042500109094,7.75446175481472,-4.845157504803811,95.45454976479873,95.45454976479871,95.45454976479873,-0.0,3,3,1.0,0.18931657501963864,0.48978790259230165,0.809897879025923,0.16732128829536527,0.5003927729772192,0.43248232521602514
AURI,2.0,12.510751606162678,6.255375803081339,-69.25492201122239,-69.25492201122239,0.0,0.0,0.0,0.0,0.0,2.0,12.510751606162678,1.0,-69.25492201122239,0.0,7.688411800137185,0.0,7.688411800137185,-69.25492201122239,0.0,-69.25492201122239,-532.4603596086628,2,2,1.0,0.9135899450117831,0.009426551453260016,0.05577376276512176,0.94344069128044,0.5003927729772192,0.43244304791830324
ASTE,1.0,7.640317888313346,7.640317888313346,70.69415251368987,70.69415251368987,2.0,20.095507087560588,10.047753543780294,70.69415251368987,70.69415251368987,3.0,-12.455189199247242,0.3333333333333333,70.69415251368987,70.69415251368987,2.673635644330068,7.062306726832457,-4.388671082502389,70.69415251368987,70.69415251368987,70.69415251368987,-0.0,2,3,1.0,0.2152395915161037,0.48978790259230165,0.7706205813040062,0.16732128829536527,0.5003927729772192,0.4324037706205812
ATLFF,2.0,14.389619413687875,7.194809706843937,121.59091229281152,121.59091229281152,3.0,28.992442793361416,9.664147597787139,121.59091229281152,121.59091229281152,5.0,-14.602823379673541,0.4,121.59091229281152,121.59091229281152,10.334181311816499,16.43207922889991,-6.09789791708341,121.59091229281151,121.59091229281152,121.59091229281152,-0.0,5,5,1.0,0.13432835820895522,0.48978790259230165,0.845247446975648,0.2584446190102121,0.5003927729772192,0.4321681068342498
ADMT,3.0,21.897464263027047,7.299154754342349,-39.24731197870873,-39.24731197870873,3.0,27.245884217451444,9.081961405817149,-39.24731197870873,-39.24731197870873,6.0,-5.348419954424397,0.5,-39.24731197870873,-39.24731197870873,14.678091101854303,14.647473478689093,0.03061762316520955,-39.24731197870872,-39.24731197870874,-39.24731197870873,0.0,6,6,1.0,0.5388845247446976,0.48978790259230165,0.1201885310290652,0.49410840534171246,0.5003927729772192,0.43208955223880596
APDN,1.0,15.8373786407767,15.8373786407767,-41.542792964626,-41.542792964626,1.0,13.486842105263158,13.486842105263158,-41.542792964626,-41.542792964626,2.0,2.350536535513543,0.5,-41.542792964626,-41.542792964626,4.77012677846388,4.719555168933344,0.050571609530535966,-41.542792964626,-41.542792964626,-41.542792964626,0.0,2,2,1.0,0.5420267085624509,0.48978790259230165,0.11468970934799685,0.49410840534171246,0.5003927729772192,0.43193244304791834
BCKIY,1.0,5.671337909162878,5.671337909162878,-31.8518548844862,-31.8518548844862,1.0,7.44281235390465,7.44281235390465,-31.8518548844862,-31.8518548844862,2.0,-1.7714744447417718,0.5,-31.8518548844862,-31.8518548844862,1.9846152223812232,2.2417320013447126,-0.2571167789634894,-31.8518548844862,-31.8518548844862,-31.8518548844862,-0.0,2,2,1.0,0.5208169677926159,0.48978790259230165,0.14611154752553024,0.49410840534171246,0.5003927729772192,0.4318538884524745
ABM,2.0,12.632586420448147,6.316293210224074,23.32708931919681,23.32708931919681,3.0,19.17502948463034,6.39167649487678,23.327089319196812,23.32708931919681,5.0,-6.5424430641821925,0.4,23.32708931919681,23.32708931919681,4.738295379487591,8.134940019859542,-3.3966446403719512,23.32708931919681,23.32708931919681,23.32708931919681,-0.0,5,5,1.0,0.27808326787117044,0.48978790259230165,0.6268656716417911,0.2584446190102121,0.5003927729772192,0.43161822466614297
ASR,2.0,12.889728492927514,6.444864246463757,16.949458737795073,16.949458737795073,3.0,19.312512416545665,6.437504138848555,16.949458737795073,16.949458737795073,5.0,-6.422783923618152,0.4,16.949458737795073,16.949458737795073,7.635763000233605,10.705358509168105,-3.0695955089345004,16.949458737795073,16.949458737795073,16.949458737795073,-0.0,5,5,1.0,0.2969363707776905,0.48978790259230165,0.598586017282011,0.2584446190102121,0.5003927729772192,0.43161822466614297
AMH,1.0,5.017605633802818,5.017605633802818,47.86735387017082,47.86735387017082,2.0,14.085236849865243,7.042618424932622,47.86735387017082,47.86735387017082,3.0,-9.067631216062425,0.3333333333333333,47.86735387017082,47.86735387017082,2.040006215247725,5.839393771907342,-3.799387556659617,47.86735387017082,47.86735387017081,47.86735387017081,-0.0,3,3,1.0,0.24901806755695208,0.48978790259230165,0.7156323644933229,0.16732128829536527,0.5003927729772192,0.43153967007069916
ACRFF,1.0,5.926845789117182,5.926845789117182,-17.037744636587572,-17.037744636587572,1.0,12.122832543660024,12.122832543660024,-17.037744636587572,-17.037744636587572,2.0,-6.195986754542842,0.5,-17.037744636587572,-17.037744636587572,2.7996437140328823,3.6513269941312774,-0.8516832800983951,-17.037744636587572,-17.037744636587572,-17.037744636587572,-0.0,2,2,1.0,0.47761194029850745,0.48978790259230165,0.20738413197172034,0.49410840534171246,0.5003927729772192,0.43114689709348
AXLX,3.0,28.193246688744587,9.397748896248196,-97.10144938356176,-97.10144938356176,2.0,14.195936733711525,7.0979683668557625,-97.10144938356176,-97.10144938356176,5.0,13.997309955033062,0.6,-97.10144938356176,-97.03877752350526,21.800169628321196,10.032501405338916,11.76766822298228,-97.10144938356176,-97.03877752350525,-97.07638063953915,-0.7375016560620328,5,5,1.0,0.97643362136685,0.05106048703849175,0.007855459544383346,0.7128829536527886,0.5003927729772192,0.43114689709348
AFYG,2.0,11.690889477297244,5.845444738648622,-3.633733046924628,-3.633733046924628,2.0,13.121865908273675,6.560932954136837,-3.633733046924628,-3.633733046924628,4.0,-1.4309764309764308,0.5,-3.633733046924628,-3.633733046924628,5.620980691369591,7.102539649406375,-1.4815589580367838,-3.633733046924628,-3.633733046924628,-3.633733046924628,-0.0,4,4,1.0,0.4257659073055774,0.48978790259230165,0.28436763550667715,0.49410840534171246,0.5003927729772192,0.43098978790259235
AHPIQ,1.0,5.733082706766917,5.733082706766917,422.1295229352187,422.1295229352187,2.0,12.935402231067865,6.467701115533933,422.1295229352187,422.1295229352187,3.0,-7.202319524300949,0.3333333333333333,422.1295229352187,422.1295229352187,3.655574929410542,10.899260543699008,-7.243685614288466,422.12952293521863,422.1295229352187,422.12952293521863,-0.0,3,3,1.0,0.09583660644147683,0.48978790259230165,0.9402985074626866,0.16732128829536527,0.5003927729772192,0.43051846032992924
ARKAY,2.0,16.0,8.0,28.56748764488441,28.56748764488441,2.0,25.620657789007577,12.810328894503789,28.56748764488441,28.56748764488441,4.0,-9.620657789007577,0.5,28.56748764488441,28.56748764488441,9.423883967726189,14.452553497959443,-5.028669530233254,28.56748764488441,28.567487644884405,28.56748764488441,-0.0,3,4,1.0,0.17831893165750196,0.48978790259230165,0.6527886881382561,0.49410840534171246,0.5003927729772192,0.43043990573448543
AHODF,1.0,9.708428826075885,9.708428826075885,30.492324867146856,30.492324867146856,2.0,15.195898013235475,7.597949006617737,30.492324867146856,30.492324867146856,3.0,-5.48746918715959,0.3333333333333333,30.492324867146856,30.492324867146856,6.190367527522309,9.455137760587313,-3.264770233065004,30.492324867146856,30.49232486714686,30.49232486714686,-0.0,3,3,1.0,0.2835820895522388,0.48978790259230165,0.6575019638648861,0.16732128829536527,0.5003927729772192,0.4302827965435978
ASIX,1.0,5.608718766613504,5.608718766613504,0.0,0.0,1.0,8.110343485452955,8.110343485452955,0.0,0.0,2.0,-2.5016247188394507,0.5,0.0,0.0,2.6493711490790566,5.171383325647058,-2.5220121765680017,0.0,0.0,0.0,-0.0,2,2,1.0,0.34092694422623726,0.48978790259230165,0.40769835035349566,0.49410840534171246,0.5003927729772192,0.430204241948154
ALSN,1.0,6.503323117187232,6.503323117187232,-22.16888471378055,-22.16888471378055,0.0,0.0,0.0,0.0,0.0,1.0,6.503323117187232,1.0,-22.16888471378055,0.0,4.8177802601929285,0.0,4.8177802601929285,-22.16888471378055,0.0,-22.16888471378055,-106.80481516454469,1,1,1.0,0.793401413982718,0.03456402199528672,0.1861743912018853,0.94344069128044,0.5003927729772192,0.43000785545954434
ADYX,1.0,5.414643620120413,5.414643620120413,-98.37586148194202,-98.37586148194202,1.0,7.380568974771872,7.380568974771872,-98.37586148194202,-98.37586148194202,2.0,-1.9659253546514597,0.5,-97.12008294741078,-97.03877752350526,2.201429814248962,7.380568974771872,-5.17913916052291,-97.12008294741078,-97.03877752350526,-97.07943023545802,0.42109210491198945,2,2,1.0,0.1681068342498036,0.9285153181461115,0.006284367635506678,0.49410840534171246,0.5003927729772192,0.4296936370777691
AEG,1.0,7.803869211235895,7.803869211235895,16.613345571572644,16.613345571572644,1.0,12.77074209965676,12.77074209965676,16.613345571572644,16.613345571572644,2.0,-4.966872888420864,0.5,16.613345571572644,16.613345571572644,4.97596670065841,9.460798439052827,-4.4848317383944165,16.613345571572644,16.613345571572644,16.613345571572644,-0.0,2,2,1.0,0.208955223880597,0.48978790259230165,0.596229379418696,0.49410840534171246,0.5003927729772192,0.428318931657502
AEMMF,1.0,8.322982898036644,8.322982898036644,-46.74403259725173,-46.74403259725173,1.0,6.1649697506271215,6.1649697506271215,-46.74403259725173,-46.74403259725173,2.0,2.1580131474095223,0.5,-46.74403259725173,-46.74403259725173,4.567749861454092,4.567121921216198,0.0006279402378943644,-46.74403259725173,-46.74403259725173,-46.74403259725173,0.0,2,2,1.0,0.5373134328358209,0.48978790259230165,0.10369206598586017,0.49410840534171246,0.5003927729772192,0.428318931657502
ALYAF,1.0,7.924050632911392,7.924050632911392,-4.594401344680791,-4.594401344680791,1.0,8.333333333333332,8.333333333333332,-4.594401344680791,-4.594401344680791,2.0,-0.40928270042194015,0.5,-4.594401344680791,-4.594401344680791,2.3866781855321326,3.9363879395084553,-1.5497097539763227,-4.594401344680791,-4.594401344680791,-4.594401344680791,-0.0,2,2,1.0,0.42026708562450904,0.48978790259230165,0.27651217596229377,0.49410840534171246,0.5003927729772192,0.4277690494893952
ACU,1.0,5.017605633802818,5.017605633802818,62.139677568374985,62.139677568374985,2.0,14.981649722560187,7.490824861280093,62.139677568374985,62.139677568374985,3.0,-9.964044088757369,0.3333333333333333,62.139677568374985,62.139677568374985,2.040006215247725,6.435464517005462,-4.395458301757737,62.139677568374985,62.139677568374985,62.139677568374985,-0.0,3,3,1.0,0.21445404556166536,0.48978790259230165,0.7486252945797329,0.16732128829536527,0.5003927729772192,0.4277690494893951
APGI,1.0,14.599056603773583,14.599056603773583,98.54014168828778,98.54014168828778,2.0,13.54977966534187,6.774889832670935,98.54014168828778,98.54014168828778,3.0,1.0492769384317135,0.3333333333333333,98.54014168828778,98.54014168828778,4.397151348435214,9.574591718307467,-5.177440369872253,98.54014168828778,98.54014168828776,98.54014168828776,-0.0,3,3,1.0,0.16889238020424194,0.48978790259230165,0.816967792615868,0.16732128829536527,0.5003927729772192,0.4277690494893951
AVGO,1.0,5.790586991010048,5.790586991010048,70.31452671926056,70.31452671926056,2.0,15.502769218412904,7.751384609206452,70.31452671926056,70.31452671926056,3.0,-9.712182227402856,0.3333333333333333,70.31452671926056,70.31452671926056,4.289772351382766,8.92354686224708,-4.633774510864315,70.31452671926056,70.31452671926056,70.31452671926056,-0.0,3,3,1.0,0.199528672427337,0.48978790259230165,0.7690494893951296,0.16732128829536527,0.5003927729772192,0.4273762765121759
AVY,1.0,10.5114899925871,10.5114899925871,72.97016006501902,72.97016006501902,2.0,16.43470488811225,8.217352444056125,72.97016006501902,72.97016006501902,3.0,-5.923214895525151,0.3333333333333333,72.97016006501902,72.97016006501902,9.047323280731888,13.779706490180093,-4.732383209448205,72.97016006501902,72.97016006501902,72.97016006501902,-0.0,3,3,1.0,0.194815396700707,0.48978790259230165,0.7753338570306363,0.16732128829536527,0.5003927729772192,0.4272191673212883
AOIFF,2.0,14.92757781952806,7.46378890976403,63.49557451667506,63.49557451667506,3.0,20.665354179841003,6.888451393280334,63.49557451667507,63.49557451667506,5.0,-5.737776360312942,0.4,63.49557451667506,63.49557451667506,7.570054451033398,12.596873000086465,-5.026818549053067,63.495574516675056,63.49557451667506,63.49557451667506,-0.0,4,5,1.0,0.1791044776119403,0.48978790259230165,0.753338570306363,0.2584446190102121,0.5003927729772192,0.4272191673212883
ALG,2.0,16.78094333334512,8.39047166667256,16.749563242656517,16.749563242656517,3.0,24.25978383423823,8.086594611412744,16.749563242656517,16.749563242656517,5.0,-7.47884050089311,0.4,16.749563242656517,16.749563242656517,7.633831351150046,10.915900154862744,-3.282068803712698,16.749563242656517,16.749563242656517,16.749563242656517,-0.0,5,5,1.0,0.2827965435978005,0.48978790259230165,0.5978004713275726,0.2584446190102121,0.5003927729772192,0.4272191673212883
BDORY,2.0,10.777131338069989,5.388565669034994,-52.180698749804336,-52.180698749804336,0.0,0.0,0.0,0.0,0.0,2.0,10.777131338069989,1.0,-52.180698749804336,0.0,6.328760831587363,0.0,6.328760831587363,-52.18069874980434,0.0,-52.18069874980434,-330.2391624126214,2,2,1.0,0.8597800471327572,0.021209740769835034,0.09190887666928516,0.94344069128044,0.5003927729772192,0.42706205813040066
AMIGF,2.0,23.77849403764126,11.88924701882063,63.953313850226536,63.953313850226536,3.0,29.9820772486802,9.994025749560066,63.95331385022653,63.953313850226536,5.0,-6.203583211038939,0.4,63.953313850226536,63.953313850226536,17.298376368700602,22.33191165524368,-5.033535286543078,63.953313850226536,63.95331385022653,63.95331385022653,-0.0,4,5,1.0,0.17753338570306362,0.48978790259230165,0.7549096622152396,0.2584446190102121,0.5003927729772192,0.42706205813040066
ASXFF,1.0,8.379457399510027,8.379457399510027,0.9736475306799124,0.9736475306799124,2.0,13.528057921791858,6.764028960895929,0.9736475306799124,0.9736475306799124,3.0,-5.14860052228183,0.3333333333333333,0.9736475306799124,0.9736475306799124,2.932288461157354,5.070415345762358,-2.138126884605004,0.9736475306799124,0.9736475306799123,0.9736475306799123,-0.0,3,3,1.0,0.36684996072270226,0.48978790259230165,0.5153181461115475,0.16732128829536527,0.5003927729772192,0.4268263943440691
AATV,1.0,6.868607006967435,6.868607006967435,39.450982775426056,39.450982775426056,2.0,17.13043819903119,8.565219099515595,39.450982775426056,39.450982775426056,3.0,-10.261831192063754,0.3333333333333333,39.450982775426056,39.450982775426056,2.4035848755472937,6.174119553227376,-3.7705346776800823,39.450982775426056,39.45098277542606,39.45098277542606,-0.0,3,3,1.0,0.2513747054202671,0.48978790259230165,0.6881382560879812,0.16732128829536527,0.5003927729772192,0.4267478397486253
ANET,3.0,23.69861881051534,7.899539603505114,45.22466686835431,45.22466686835431,2.0,24.620756988646377,12.310378494323189,45.22466686835431,45.22466686835431,5.0,-0.9221381781310356,0.6,45.22466686835431,45.22466686835431,13.311500200726774,21.832754884107427,-8.521254683380652,45.22466686835432,45.22466686835432,45.22466686835432,-0.0,5,5,1.0,0.05420267085624509,0.48978790259230165,0.7093479968578161,0.7128829536527886,0.5003927729772192,0.426394344069128
AKZOF,2.0,13.023255813953488,6.511627906976744,26.74534338721354,26.74534338721354,2.0,24.1083553297807,12.05417766489035,26.74534338721354,26.74534338721354,4.0,-11.085099515827212,0.5,26.74534338721354,26.74534338721354,7.683871769870681,12.797303120409502,-5.113431350538821,26.74534338721354,26.745343387213538,26.745343387213538,-0.0,4,4,1.0,0.1720345640219953,0.48978790259230165,0.6417910447761194,0.49410840534171246,0.5003927729772192,0.4263550667714061
ADVOF,1.0,9.397285484242008,9.397285484242008,107.67999246271329,107.67999246271329,2.0,15.461976185122769,7.730988092561384,107.67999246271329,107.67999246271329,3.0,-6.06469070088076,0.3333333333333333,107.67999246271329,107.67999246271329,6.9616803116743,12.450150745554346,-5.488470433880046,107.67999246271329,107.67999246271329,107.67999246271329,-0.0,3,3,1.0,0.15553809897879026,0.48978790259230165,0.828750981932443,0.16732128829536527,0.5003927729772192,0.42611940298507456
ADMA,3.0,35.612916744272674,11.870972248090892,-75.19828529360014,-75.19828529360014,3.0,26.985294117647058,8.995098039215685,-75.19828529360014,-75.19828529360014,6.0,8.627622626625616,0.5,-75.19828529360014,-75.19828529360014,16.987700352318157,16.461987329997026,0.5257130223211313,-75.19828529360014,-75.19828529360014,-75.19828529360014,0.0,6,6,1.0,0.5679497250589159,0.48978790259230165,0.04477611940298507,0.49410840534171246,0.5003927729772192,0.4257266300078555
AMNP,1.0,10.297796150504226,10.297796150504226,79.16666121547313,79.16666121547313,2.0,19.03459107163464,9.51729553581732,79.16666121547313,79.16666121547313,3.0,-8.736794921130414,0.3333333333333333,79.16666121547313,79.16666121547313,8.863395286338243,13.856666983537668,-4.993271697199425,79.16666121547313,79.16666121547313,79.16666121547313,-0.0,3,3,1.0,0.18067556952081698,0.48978790259230165,0.7871170463472114,0.16732128829536527,0.5003927729772192,0.4253338570306363
AGTT,2.0,13.416893663889383,6.708446831944691,-91.3150685749408,-91.3150685749408,0.0,0.0,0.0,0.0,0.0,2.0,13.416893663889383,1.0,-91.3150685749408,0.0,7.666305671059994,0.0,7.666305671059994,-91.31506857494081,0.0,-91.31506857494081,-700.0492280693009,2,2,1.0,0.9128043990573449,0.0054988216810683424,0.025923016496465043,0.94344069128044,0.5003927729772192,0.42505891594658285
AKRBF,1.0,14.565135542168676,14.565135542168676,20.766582527168943,20.766582527168943,1.0,21.53503242074928,21.53503242074928,20.766582527168943,20.766582527168943,2.0,-6.969896878580602,0.5,20.766582527168943,20.766582527168943,6.880082866259848,11.818676376169313,-4.938593509909465,20.766582527168943,20.766582527168943,20.766582527168943,-0.0,2,2,1.0,0.18460329929300864,0.48978790259230165,0.6158680282796544,0.49410840534171246,0.5003927729772192,0.42494108405341713
ALEX,1.0,5.029813675346816,5.029813675346816,-3.9471542611181656,-3.9471542611181656,0.0,0.0,0.0,0.0,0.0,1.0,5.029813675346816,1.0,-3.9471542611181656,0.0,2.760420272415194,0.0,2.760420272415194,-3.947154261118166,0.0,-3.947154261118166,-10.8958046407406,1,1,1.0,0.6991358994501178,0.047918303220738416,0.2812254516889238,0.94344069128044,0.5003927729772192,0.4247446975648075
BDRBF,1.0,13.193717277486911,13.193717277486911,35.749185667752435,35.749185667752435,2.0,15.333333333333332,7.666666666666666,35.749185667752435,35.749185667752435,3.0,-2.139616055846421,0.3333333333333333,35.749185667752435,35.749185667752435,8.412685560664235,12.183070525817497,-3.770384965153262,35.749185667752435,35.749185667752435,35.749185667752435,-0.0,3,3,1.0,0.25255302435192456,0.48978790259230165,0.6763550667714061,0.16732128829536527,0.5003927729772192,0.4247446975648075
BBD,2.0,10.777131338069989,5.388565669034994,-55.32729823667213,-55.32729823667213,0.0,0.0,0.0,0.0,0.0,2.0,10.777131338069989,1.0,-55.32729823667213,0.0,6.328760831587363,0.0,6.328760831587363,-55.327298236672135,0.0,-55.327298236672135,-350.15323799780316,2,2,1.0,0.8597800471327572,0.018067556952081697,0.0840534171249018,0.94344069128044,0.5003927729772192,0.42454831107619795
BDRAF,1.0,13.193717277486911,13.193717277486911,35.212355212355206,35.212355212355206,2.0,15.333333333333332,7.666666666666666,35.212355212355206,35.212355212355206,3.0,-2.139616055846421,0.3333333333333333,35.212355212355206,35.212355212355206,8.412685560664235,12.183070525817497,-3.770384965153262,35.212355212355206,35.212355212355206,35.212355212355206,-0.0,3,3,1.0,0.25255302435192456,0.48978790259230165,0.6747839748625295,0.16732128829536527,0.5003927729772192,0.4244304791830321
ARSLF,1.0,5.473356324396482,5.473356324396482,-19.564088829036766,-19.564088829036766,0.0,0.0,0.0,0.0,0.0,1.0,5.473356324396482,1.0,-19.564088829036766,0.0,4.0547620933964295,0.0,4.0547620933964295,-19.564088829036766,0.0,-19.564088829036766,-79.32772577581882,1,1,1.0,0.7604084838963079,0.0384917517674784,0.20031421838177532,0.94344069128044,0.5003927729772192,0.42411626080125686
BCHEY,2.0,11.316107297228584,5.658053648614292,-56.11064053966929,-56.11064053966929,0.0,0.0,0.0,0.0,0.0,2.0,11.316107297228584,1.0,-56.11064053966929,0.0,6.365045603454356,0.0,6.365045603454356,-56.11064053966929,0.0,-56.11064053966929,-357.1467858740298,2,2,1.0,0.8633150039277298,0.015710919088766692,0.0793401413982718,0.94344069128044,0.5003927729772192,0.4239591516103691
ALFFF,1.0,12.890247007894065,12.890247007894065,-21.66105687289178,-21.66105687289178,1.0,12.41702160316181,12.41702160316181,-21.66105687289178,-21.66105687289178,2.0,0.47322540473225416,0.5,-21.66105687289178,-21.66105687289178,8.219184373591586,9.198755850220785,-0.9795714766291983,-21.66105687289178,-21.66105687289178,-21.66105687289178,-0.0,2,2,1.0,0.4666142969363708,0.48978790259230165,0.18774548311076197,0.49410840534171246,0.5003927729772192,0.4239198743126473
AGEN,2.0,11.999043659617854,5.999521829808927,118.27572170713488,118.27572170713488,3.0,22.43378026217202,7.47792675405734,118.27572170713488,118.27572170713488,5.0,-10.434736602554167,0.4,118.27572170713488,118.27572170713488,7.888816038007926,14.844377153511886,-6.95556111550396,118.27572170713486,118.27572170713486,118.27572170713488,-0.0,5,5,1.0,0.10997643362136685,0.48978790259230165,0.8397486252945797,0.2584446190102121,0.5003927729772192,0.4237627651217596
ADI,2.0,11.435921263362562,5.717960631681281,54.89389155568286,54.89389155568286,2.0,15.988049509176268,7.994024754588134,54.89389155568286,54.89389155568286,4.0,-4.552128245813705,0.5,54.89389155568286,54.89389155568286,7.506519012908674,14.671675982122254,-7.16515696921358,54.893891555682856,54.89389155568287,54.89389155568286,-0.0,4,4,1.0,0.0997643362136685,0.48978790259230165,0.7352710133542812,0.49410840534171246,0.5003927729772192,0.4233699921445404
BAOB,1.0,12.038630713329509,12.038630713329509,6.613889545277321,6.613889545277321,2.0,14.031170699943155,7.015585349971578,6.613889545277321,6.613889545277321,3.0,-1.9925399866136466,0.3333333333333333,6.613889545277321,6.613889545277321,3.6259658902033127,6.36649743915108,-2.740531548947767,6.613889545277321,6.613889545277321,6.613889545277321,-0.0,3,3,1.0,0.3291437549096622,0.48978790259230165,0.5538098978790259,0.16732128829536527,0.5003927729772192,0.4232128829536528
APWL,2.0,18.85681060859517,9.428405304297584,0.0,0.0,2.0,18.993424025845275,9.496712012922638,0.0,0.0,4.0,-0.136613417250107,0.5,0.0,0.0,10.40420633906153,13.269858530925955,-2.8656521918644255,0.0,0.0,0.0,-0.0,4,4,1.0,0.3173605655930872,0.48978790259230165,0.40769835035349566,0.49410840534171246,0.5003927729772192,0.42313432835820897
AGESY,3.0,23.2262998439469,7.7420999479823,-16.098240898986916,-16.098240898986916,2.0,24.66729382379469,12.333646911897345,-16.098240898986916,-16.098240898986916,5.0,-1.4409939798477893,0.6,-16.098240898986916,-16.098240898986916,11.53089769601267,13.623850971582087,-2.0929532755694176,-16.098240898986912,-16.098240898986916,-16.098240898986912,-0.0,5,5,1.0,0.3723487824037706,0.48978790259230165,0.21366849960722703,0.7128829536527886,0.5003927729772192,0.42270227808326777
AOTUF,3.0,24.460356292304045,8.153452097434682,15.533989347087234,15.533989347087232,3.0,29.02527352381663,9.675091174605543,15.533989347087234,15.533989347087232,6.0,-4.5649172315125846,0.5,15.533989347087232,15.533989347087232,14.542810403185507,19.37671979991656,-4.833909396731054,15.533989347087234,15.533989347087232,15.533989347087234,-0.0,5,6,1.0,0.19088766692851533,0.48978790259230165,0.5923016496465043,0.49410840534171246,0.5003927729772192,0.42211311861743916
BGSF,3.0,19.709827924336764,6.569942641445588,-33.575544102202294,-33.575544102202294,3.0,17.99928553963708,5.999761846545693,-33.575544102202294,-33.575544102202294,6.0,1.7105423846996857,0.5,-33.575544102202294,-33.575544102202294,9.395760304662307,10.051496719904701,-0.6557364152423943,-33.575544102202294,-33.57554410220229,-33.575544102202294,-0.0,6,6,1.0,0.4925373134328358,0.48978790259230165,0.13825608798114689,0.49410840534171246,0.5003927729772192,0.4217989002356638
AWAW,1.0,6.164924048135728,6.164924048135728,-53.75722770900991,-53.75722770900991,1.0,10.37605122324159,10.37605122324159,-53.75722770900991,-53.75722770900991,2.0,-4.211127175105861,0.5,-53.75722770900991,-53.75722770900991,2.9121039205280552,3.125206570944891,-0.21310265041683563,-53.75722770900991,-53.7572277090099,-53.75722770900991,-0.0,2,2,1.0,0.5231736056559309,0.48978790259230165,0.08955223880597014,0.49410840534171246,0.5003927729772192,0.421249018067557
ARSMF,1.0,5.153733964342054,5.153733964342054,0.0,0.0,1.0,6.212809733258812,6.212809733258812,0.0,0.0,2.0,-1.0590757689167578,0.5,0.0,0.0,3.286165861633778,6.212809733258812,-2.926643871625034,0.0,0.0,0.0,-0.0,2,2,1.0,0.3102906520031422,0.48978790259230165,0.40769835035349566,0.49410840534171246,0.5003927729772192,0.42101335428122544
ASNHF,2.0,19.67683127621174,9.83841563810587,27.906970625137426,27.906970625137426,4.0,26.793059346387178,6.6982648365967945,27.906970625137426,27.906970625137426,6.0,-7.116228070175438,0.3333333333333333,27.906970625137426,27.906970625137426,12.373600885330607,16.114194651691186,-3.740593766360579,27.906970625137426,27.906970625137422,27.906970625137422,-0.0,6,6,1.0,0.25608798114689707,0.48978790259230165,0.6504320502749411,0.16732128829536527,0.5003927729772192,0.42062058130400626
AOREF,3.0,27.53743039994694,9.179143466648979,-27.759534122453108,-27.75953412245311,4.0,30.86798647415148,7.71699661853787,-27.75953412245311,-27.75953412245311,7.0,-3.330556074204541,0.42857142857142855,-27.75953412245311,-27.75953412245311,17.3591217607861,17.35022385356297,0.008897907223129664,-27.75953412245311,-27.759534122453115,-27.759534122453115,0.0,6,7,1.0,0.5380989787902593,0.48978790259230165,0.15789473684210525,0.30086410054988216,0.5003927729772192,0.42007069913589945
AGCO,1.0,8.654970760233919,8.654970760233919,67.82877481164422,67.82877481164422,2.0,16.157915243872743,8.078957621936372,67.82877481164422,67.82877481164422,3.0,-7.502944483638824,0.3333333333333333,67.82877481164422,67.82877481164422,7.449402369058981,12.490006418071113,-5.040604049012132,67.82877481164422,67.82877481164421,67.82877481164421,-0.0,3,3,1.0,0.1767478397486253,0.48978790259230165,0.7651217596229379,0.16732128829536527,0.5003927729772192,0.4197564807541241
AGAE,1.0,16.1247890530442,16.1247890530442,0.0,0.0,2.0,13.567343393002322,6.783671696501161,0.0,0.0,3.0,2.5574456600418785,0.3333333333333333,0.0,0.0,10.281619439183578,11.88210179612549,-1.600482356941912,0.0,0.0,0.0,-0.0,3,3,1.0,0.4147682639434407,0.48978790259230165,0.40769835035349566,0.16732128829536527,0.5003927729772192,0.41967792615868027
AEMD,1.0,5.427963849016479,5.427963849016479,-15.254620124403482,-15.254620124403482,0.0,0.0,0.0,0.0,0.0,1.0,5.427963849016479,1.0,-15.254620124403482,0.0,3.461022556118184,0.0,3.461022556118184,-15.254620124403484,0.0,-15.254620124403484,-52.796584335574835,1,1,1.0,0.7297721916732128,0.0408483896307934,0.21916732128829536,0.94344069128044,0.5003927729772192,0.4194029850746268
AACG,2.0,13.888062183118212,6.944031091559106,28.934287653606525,28.934287653606525,3.0,28.795025187907303,9.598341729302435,28.93428765360652,28.934287653606525,5.0,-14.906963004789091,0.4,28.934287653606525,28.934287653606525,8.84750608912394,13.183576327848494,-4.336070238724554,28.93428765360652,28.93428765360652,28.93428765360652,-0.0,5,5,1.0,0.2175962293794187,0.48978790259230165,0.655145326001571,0.2584446190102121,0.5003927729772192,0.41912804399057346
AAIIQ,1.0,6.736842105263158,6.736842105263158,-67.84565927953473,-67.84565927953473,1.0,5.902439024390244,5.902439024390244,-67.84565927953473,-67.84565927953473,2.0,0.8344030808729146,0.5,-67.84565927953473,-67.84565927953473,2.0290978486716775,2.0654862264609655,-0.03638837778928794,-67.84565927953473,-67.84565927953473,-67.84565927953473,-0.0,2,2,1.0,0.5349567949725059,0.48978790259230165,0.060487038491751764,0.49410840534171246,0.5003927729772192,0.4189709347996857
ALRM,1.0,7.023089609675646,7.023089609675646,0.0,0.0,1.0,8.574194684034499,8.574194684034499,0.0,0.0,2.0,-1.551105074358853,0.5,0.0,0.0,2.457644169815838,5.467147908026152,-3.009503738210314,0.0,0.0,0.0,-0.0,2,2,1.0,0.3032207384131972,0.48978790259230165,0.40769835035349566,0.49410840534171246,0.5003927729772192,0.4188923802042419
ACAZF,2.0,16.431613946258295,8.215806973129148,14.925375391577123,14.925375391577123,3.0,22.055397967316736,7.351799322438912,14.925375391577125,14.925375391577123,5.0,-5.623784021058441,0.4,14.925375391577123,14.925375391577123,7.118608629042123,10.868490222467953,-3.7498815934258296,14.925375391577123,14.92537539157712,14.92537539157712,-0.0,5,5,1.0,0.25530243519245877,0.48978790259230165,0.5899450117831894,0.2584446190102121,0.5003927729772192,0.4173998428908091
AIFLY,2.0,16.94429997565117,8.472149987825585,41.0256441606652,41.0256441606652,3.0,21.195677950249742,7.065225983416581,41.0256441606652,41.0256441606652,5.0,-4.251377974598572,0.4,41.0256441606652,41.0256441606652,5.961641349936565,10.856629853769189,-4.894988503832623,41.02564416066521,41.0256441606652,41.02564416066521,-0.0,4,5,1.0,0.1861743912018853,0.48978790259230165,0.6928515318146111,0.2584446190102121,0.5003927729772192,0.4172427336999214
ABEO,2.0,13.46144985656441,6.730724928282205,-55.80808080808081,-55.80808080808081,2.0,12.896274291388846,6.448137145694423,-55.80808080808081,-55.80808080808081,4.0,0.565175565175565,0.5,-55.80808080808081,-55.80808080808081,4.810034103599615,5.1916832020796715,-0.38164909848005646,-55.80808080808082,-55.80808080808081,-55.80808080808082,-0.0,4,4,1.0,0.5129615082482325,0.48978790259230165,0.08091123330714847,0.49410840534171246,0.5003927729772192,0.4164571877454831
AIRT,1.0,15.274551704914986,15.274551704914986,42.94081622766062,42.94081622766062,2.0,22.32965787196469,11.164828935982346,42.94081622766062,42.94081622766062,3.0,-7.055106167049706,0.3333333333333333,42.94081622766062,42.94081622766062,11.31566621574602,15.815923245814052,-4.500257030068031,42.94081622766062,42.94081622766062,42.940816227660626,-0.0,3,3,1.0,0.20816967792615867,0.48978790259230165,0.7007069913589945,0.16732128829536527,0.5003927729772192,0.4163000785545954
ADRZY,1.0,5.704647676161919,5.704647676161919,31.55465649637022,31.55465649637022,2.0,14.444484031581212,7.222242015790606,31.55465649637022,31.55465649637022,3.0,-8.739836355419293,0.3333333333333333,31.55465649637022,31.55465649637022,1.996271567268285,6.01558573330691,-4.019314166038625,31.55465649637022,31.55465649637022,31.554656496370217,-0.0,3,3,1.0,0.23409269442262373,0.48978790259230165,0.6614296936370778,0.16732128829536527,0.5003927729772192,0.4162215239591516
ANF,2.0,21.715865871105066,10.857932935552533,139.14629738529362,139.14629738529362,3.0,32.313563564906026,10.771187854968675,139.14629738529362,139.14629738529362,5.0,-10.59769769380096,0.4,139.14629738529362,139.14629738529362,15.407232297645873,23.27671140128568,-7.869479103639808,139.1462973852936,139.14629738529362,139.14629738529362,-0.0,5,5,1.0,0.06912804399057344,0.48978790259230165,0.8625294579732914,0.2584446190102121,0.5003927729772192,0.41606441476826395
AFRMF,1.0,5.16190457494528,5.16190457494528,975.2688508004152,975.2688508004152,2.0,14.985528359201933,7.492764179600966,975.2688508004152,975.2688508004152,3.0,-9.823623784256654,0.3333333333333333,975.2688508004152,975.2688508004152,2.0986737866489444,12.060135808677602,-9.961462022028657,975.2688508004152,975.2688508004152,975.2688508004152,-0.0,3,3,1.0,0.02749410840534171,0.48978790259230165,0.969363707776905,0.16732128829536527,0.5003927729772192,0.4158287509819324
BCOV,1.0,9.653614457831324,9.653614457831324,20.509898598889432,20.509898598889432,2.0,18.84795639478852,9.42397819739426,20.509898598889432,20.509898598889432,3.0,-9.194341936957194,0.3333333333333333,20.509898598889432,20.509898598889432,3.92486674538741,7.56416725843658,-3.63930051304917,20.509898598889432,20.509898598889432,20.509898598889432,-0.0,3,3,1.0,0.2631578947368421,0.48978790259230165,0.615082482325216,0.16732128829536527,0.5003927729772192,0.41567164179104477
AMPE,1.0,10.446870202967764,10.446870202967764,276.31318635458564,276.31318635458564,3.0,22.594501775502057,7.5315005918340185,276.31318635458564,276.31318635458564,4.0,-12.147631572534292,0.25,276.31318635458564,276.31318635458564,4.934752064708707,12.277000027931372,-7.342247963222665,276.31318635458564,276.31318635458564,276.31318635458564,-0.0,4,4,1.0,0.08876669285153181,0.48978790259230165,0.9135899450117831,0.09230164964650432,0.5003927729772192,0.41555380989787905
BCSO,2.0,16.117202501772915,8.058601250886458,-6.666666666666667,-6.666666666666667,2.0,15.438513394570563,7.719256697285282,-6.666666666666667,-6.666666666666667,4.0,0.6786891072023522,0.5,-6.666666666666667,-6.666666666666667,10.582472463096964,12.543526321533367,-1.9610538584364026,-6.666666666666667,-6.666666666666666,-6.666666666666666,-0.0,3,4,1.0,0.38648860958366066,0.48978790259230165,0.26472898664571876,0.49410840534171246,0.5003927729772192,0.4152788688138256
AMX,3.0,20.49886340140654,6.8329544671355125,8.727451924303528,8.727451924303528,2.0,24.327051741813825,12.163525870906913,8.727451924303528,8.727451924303528,5.0,-3.828188340407287,0.6,8.727451924303528,8.727451924303528,13.276977386767133,20.14026915282619,-6.863291766059056,8.727451924303528,8.72745192430353,8.727451924303528,-0.0,5,5,1.0,0.11233307148468186,0.48978790259230165,0.5648075412411626,0.7128829536527886,0.5003927729772192,0.4149253731343283
ACXIF,2.0,11.433314405184598,5.716657202592299,66.84406592824065,66.84406592824065,2.0,22.463837059705956,11.231918529852978,66.84406592824065,66.84406592824065,4.0,-11.030522654521357,0.5,66.84406592824065,66.84406592824065,7.41034285583201,15.982363652697082,-8.572020796865072,66.84406592824065,66.84406592824064,66.84406592824064,-0.0,4,4,1.0,0.05263157894736842,0.48978790259230165,0.7635506677140613,0.49410840534171246,0.5003927729772192,0.4148860958366064
ALGGY,1.0,8.092031425364759,8.092031425364759,-7.099427979616476,-7.099427979616476,2.0,12.285394456535492,6.142697228267746,-7.099427979616476,-7.099427979616476,3.0,-4.193363031170733,0.3333333333333333,-7.099427979616476,-7.099427979616476,6.964875993293678,7.577697320108859,-0.6128213268151814,-7.099427979616476,-7.0994279796164745,-7.099427979616475,-0.0,3,3,1.0,0.4964650432050275,0.48978790259230165,0.2608012568735271,0.16732128829536527,0.5003927729772192,0.4148075412411626
AQMS,3.0,22.544257123500877,7.514752374500293,0.0,0.0,3.0,23.25243515590551,7.75081171863517,0.0,0.0,6.0,-0.7081780324046321,0.5,0.0,0.0,11.99732853412479,15.233270714529448,-3.235942180404658,0.0,0.0,0.0,-0.0,6,6,1.0,0.2875098193244305,0.48978790259230165,0.40769835035349566,0.49410840534171246,0.5003927729772192,0.41417910447761197
BBRYF,1.0,6.703446473245956,6.703446473245956,-0.7245764090137362,-0.7245764090137362,1.0,8.613923122065728,8.613923122065728,-0.7245764090137362,-0.7245764090137362,2.0,-1.9104766488197722,0.5,-0.7245764090137362,-0.7245764090137362,3.166483902051105,5.492479878534825,-2.32599597648372,-0.7245764090137362,-0.7245764090137362,-0.7245764090137362,-0.0,2,2,1.0,0.3566378633150039,0.48978790259230165,0.3040062843676355,0.49410840534171246,0.5003927729772192,0.41417910447761197
AZNVF,2.0,16.794531403176265,8.397265701588132,-90.21642484124722,-90.21642484124722,2.0,14.176287422255164,7.088143711127582,-90.21642484124722,-90.21642484124722,4.0,2.6182439809211004,0.5,-90.21642484124722,-90.21642484124722,7.0328369145083816,6.988151882053754,0.04468503245462774,-90.2164248412472,-90.21642484124722,-90.2164248412472,0.0,4,4,1.0,0.5404556166535742,0.48978790259230165,0.028279654359780047,0.49410840534171246,0.5003927729772192,0.41417910447761197
AHEXY,2.0,16.80988525937459,8.404942629687294,-11.77644016203548,-11.77644016203548,3.0,21.564249430333334,7.1880831434444445,-11.77644016203548,-11.77644016203548,5.0,-4.754364170958745,0.4,-11.77644016203548,-11.77644016203548,11.790410293081665,12.593483969082751,-0.8030736760010857,-11.776440162035477,-11.77644016203548,-11.77644016203548,-0.0,5,5,1.0,0.4791830322073841,0.48978790259230165,0.23644933228593873,0.2584446190102121,0.5003927729772192,0.4138648860958366
AVTX,2.0,13.921268426624856,6.960634213312428,0.0,0.0,2.0,13.20911153779019,6.604555768895095,0.0,0.0,4.0,0.7121568888346665,0.5,0.0,0.0,9.005732407998229,12.246595113246102,-3.2408627052478725,0.0,0.0,0.0,-0.0,3,4,1.0,0.28515318146111546,0.48978790259230165,0.40769835035349566,0.49410840534171246,0.5003927729772192,0.4134721131186174
AMXX,1.0,7.931511742119831,7.931511742119831,-46.070585811839386,-46.070585811839386,1.0,7.831636417293787,7.831636417293787,-46.070585811839386,-46.070585811839386,2.0,0.09987532482604422,0.5,-46.070585811839386,-46.070585811839386,5.057355171694259,5.801818955685727,-0.7444637839914678,-46.070585811839386,-46.070585811839386,-46.070585811839386,-0.0,2,2,1.0,0.48546739984289083,0.48978790259230165,0.10683424980361352,0.49410840534171246,0.5003927729772192,0.4133935585231736
AMFC,1.0,7.702644008903847,7.702644008903847,26.093826369356872,26.093826369356872,3.0,17.440087687674055,5.8133625625580185,26.093826369356872,26.093826369356872,4.0,-9.737443678770209,0.25,26.093826369356872,26.093826369356872,3.6384713974771397,7.260741684777077,-3.6222702872999375,26.093826369356872,26.093826369356876,26.093826369356876,-0.0,4,4,1.0,0.26394344069128045,0.48978790259230165,0.6394344069128044,0.09230164964650432,0.5003927729772192,0.4132757266300079
ANGGF,2.0,18.15486984259964,9.07743492129982,65.71428717399131,65.71428717399131,3.0,29.458933590916097,9.819644530305366,65.71428717399131,65.71428717399131,5.0,-11.304063748316455,0.4,65.71428717399131,65.71428717399131,8.825268441354574,15.057645324405447,-6.232376883050874,65.71428717399131,65.7142871739913,65.71428717399131,-0.0,5,5,1.0,0.12961508248232523,0.48978790259230165,0.7572663000785546,0.2584446190102121,0.5003927729772192,0.41315789473684206
B,2.0,14.144490332525145,7.072245166262572,-20.91322303482796,-20.91322303482796,2.0,21.656923420066544,10.828461710033272,-20.91322303482796,-20.91322303482796,4.0,-7.5124330875414,0.5,-20.91322303482796,-20.91322303482796,7.886618361730005,9.370729230374067,-1.4841108686440618,-20.91322303482796,-20.91322303482796,-20.91322303482796,-0.0,4,4,1.0,0.42498036135113904,0.48978790259230165,0.19324430479183033,0.49410840534171246,0.5003927729772192,0.41252945797329144
ADHLF,2.0,11.299036607506457,5.649518303753228,-62.96296475151128,-62.96296475151128,0.0,0.0,0.0,0.0,0.0,2.0,11.299036607506457,1.0,-62.96296475151128,0.0,5.5155325420919885,0.0,5.5155325420919885,-62.96296475151128,0.0,-62.96296475151128,-347.2742810335513,2,2,1.0,0.8311076197957581,0.018853102906520033,0.06441476826394343,0.94344069128044,0.5003927729772192,0.412254516889238
BABA,3.0,20.78644128437178,6.92881376145726,-14.496278710014115,-14.496278710014115,3.0,20.71646211538022,6.905487371793407,-14.496278710014115,-14.496278710014115,6.0,0.06997916899155854,0.5,-14.496278710014115,-14.496278710014115,13.310498389667885,15.079208198073411,-1.7687098084055268,-14.496278710014117,-14.496278710014117,-14.496278710014117,-0.0,6,6,1.0,0.40377062058130403,0.48978790259230165,0.22230950510604872,0.49410840534171246,0.5003927729772192,0.41197957580518463
BCPC,3.0,36.646061785532595,12.215353928510865,47.98143138727304,47.98143138727304,3.0,45.279105697515405,15.093035232505136,47.98143138727304,47.98143138727304,6.0,-8.63304391198281,0.5,47.98143138727304,47.98143138727304,18.998679708169483,26.748568202594956,-7.749888494425473,47.981431387273034,47.98143138727304,47.98143138727304,-0.0,6,6,1.0,0.07305577376276512,0.48978790259230165,0.7164179104477612,0.49410840534171246,0.5003927729772192,0.41158680282796545
ANDI,2.0,20.5776894010222,10.2888447005111,-59.34959529940552,-59.34959529940552,2.0,23.242167938902014,11.621083969451007,-59.34959529940552,-59.34959529940552,4.0,-2.6644785378798126,0.5,-59.34959529940552,-59.34959529940552,9.556468364441034,10.098896402272176,-0.5424280378311419,-59.34959529940553,-59.34959529940552,-59.34959529940552,-0.0,4,4,1.0,0.5027494108405341,0.48978790259230165,0.07069913589945012,0.49410840534171246,0.5003927729772192,0.4113511390416339
AX,1.0,11.277258566978194,11.277258566978194,73.5120355023946,73.5120355023946,2.0,23.37574211598055,11.687871057990275,73.5120355023946,73.5120355023946,3.0,-12.098483549002356,0.3333333333333333,73.5120355023946,73.5120355023946,7.190697535423114,13.151446985281078,-5.960749449857964,73.5120355023946,73.5120355023946,73.5120355023946,-0.0,3,3,1.0,0.13982717989002358,0.48978790259230165,0.7776904948939513,0.16732128829536527,0.5003927729772192,0.41119402985074627
AGGZF,1.0,8.941589141375628,8.941589141375628,-26.601923322582188,-26.601923322582188,1.0,10.5344869410528,10.5344869410528,-26.601923322582188,-26.601923322582188,2.0,-1.5928977996771714,0.5,-26.601923322582188,-26.601923322582188,3.6353788547493253,4.976139281240347,-1.340760426491022,-26.601923322582188,-26.601923322582188,-26.601923322582188,-0.0,2,2,1.0,0.44147682639434405,0.48978790259230165,0.1610369206598586,0.49410840534171246,0.5003927729772192,0.41103692065985864
AVT,2.0,15.702645776333823,7.851322888166911,-8.17603836011892,-8.17603836011892,2.0,15.943193668906954,7.971596834453477,-8.17603836011892,-8.17603836011892,4.0,-0.24054789257313125,0.5,-8.17603836011892,-8.17603836011892,9.253655754131362,11.28312248315132,-2.0294667290199584,-8.17603836011892,-8.176038360118918,-8.17603836011892,-0.0,4,4,1.0,0.3770620581304006,0.48978790259230165,0.25687352710133543,0.49410840534171246,0.5003927729772192,0.4108798114689709
AAOI,1.0,6.201109372777699,6.201109372777699,-32.34013832585939,-32.34013832585939,1.0,8.632496368541192,8.632496368541192,-32.34013832585939,-32.34013832585939,2.0,-2.431386995763493,0.5,-32.34013832585939,-32.34013832585939,1.8677382505151487,3.020836348417527,-1.1530980979023782,-32.34013832585939,-32.34013832585939,-32.34013832585939,-0.0,1,2,1.0,0.4516889238020424,0.48978790259230165,0.14454045561665357,0.49410840534171246,0.5003927729772192,0.4108012568735271
ACPS,2.0,17.466182244568017,8.733091122284009,0.0,0.0,3.0,19.561569461790302,6.5205231539301005,0.0,0.0,5.0,-2.095387217222285,0.4,0.0,0.0,7.125214366003354,9.474890161635685,-2.349675795632331,0.0,0.0,0.0,-0.0,5,5,1.0,0.35428122545168894,0.48978790259230165,0.40769835035349566,0.2584446190102121,0.5003927729772192,0.41064414768263935
ADSV,1.0,11.13699012526606,11.13699012526606,322.4952670102398,322.4952670102398,3.0,24.853549903119244,8.284516634373082,322.4952670102398,322.4952670102398,4.0,-13.716559777853185,0.25,322.4952670102398,322.4952670102398,9.585696234183601,17.634906689538056,-8.049210455354455,322.4952670102398,322.4952670102398,322.4952670102398,-0.0,4,4,1.0,0.06441476826394343,0.48978790259230165,0.9206598586017282,0.09230164964650432,0.5003927729772192,0.40966221523959157
ARE,2.0,14.571273796625908,7.285636898312954,22.84981646024696,22.84981646024696,3.0,24.433714026583747,8.144571342194583,22.84981646024696,22.84981646024696,5.0,-9.862440229957839,0.4,22.84981646024696,22.84981646024696,9.22725749271037,13.793998664171083,-4.566741171460713,22.84981646024696,22.84981646024696,22.849816460246963,-0.0,5,5,1.0,0.204241948153967,0.48978790259230165,0.6252945797329144,0.2584446190102121,0.5003927729772192,0.40915161036920655
AKKVF,1.0,9.615384615384617,9.615384615384617,-43.93382403293823,-43.93382403293823,0.0,0.0,0.0,0.0,0.0,1.0,9.615384615384617,1.0,-43.93382403293823,0.0,4.541986084048219,0.0,4.541986084048219,-43.93382403293823,0.0,-43.93382403293823,-199.54681737662864,1,1,1.0,0.7800471327572663,0.02670856245090338,0.11233307148468186,0.94344069128044,0.5003927729772192,0.4088766692851532
AZIHF,1.0,5.266992320462444,5.266992320462444,42.77772255727426,42.77772255727426,2.0,20.369569301492465,10.184784650746233,42.77772255727426,42.77772255727426,3.0,-15.10257698103002,0.3333333333333333,42.77772255727426,42.77772255727426,1.8431194372083686,6.785630574367357,-4.942511137158988,42.77772255727426,42.77772255727426,42.77772255727425,-0.0,3,3,1.0,0.1838177533385703,0.48978790259230165,0.6999214454045561,0.16732128829536527,0.5003927729772192,0.4088373919874312
AOTVF,1.0,5.559688538411944,5.559688538411944,114.9367098635616,114.9367098635616,2.0,12.75417176641453,6.377085883207265,114.9367098635616,114.9367098635616,3.0,-7.194483228002586,0.3333333333333333,114.9367098635616,114.9367098635616,2.260400677325853,9.518465074659245,-7.258064397333392,114.93670986356159,114.93670986356159,114.93670986356159,-0.0,3,3,1.0,0.09426551453260015,0.48978790259230165,0.8326787117046347,0.16732128829536527,0.5003927729772192,0.40852317360565593
APEMY,1.0,8.827042522694697,8.827042522694697,118.01342007969632,118.01342007969632,3.0,24.77183156578367,8.257277188594557,118.01342007969633,118.01342007969632,4.0,-15.944789043088974,0.25,118.01342007969632,118.01342007969632,3.0889153917002363,9.794981418179251,-6.706066026479014,118.01342007969633,118.01342007969632,118.01342007969633,-0.0,4,4,1.0,0.11390416339355852,0.48978790259230165,0.8381775333857031,0.09230164964650432,0.5003927729772192,0.40801256873527103
AGTEF,2.0,22.72967057228106,11.36483528614053,-14.79392078417288,-14.79392078417288,2.0,19.29942483336999,9.649712416684995,-14.79392078417288,-14.79392078417288,4.0,3.4302457389110685,0.5,-14.79392078417288,-14.79392078417288,8.058519711820983,9.957181695362664,-1.8986619835416807,-14.79392078417288,-14.793920784172881,-14.79392078417288,-0.0,4,4,1.0,0.3904163393558523,0.48978790259230165,0.22152395915161036,0.49410840534171246,0.5003927729772192,0.4078161822466614
AIDA,3.0,23.031710563672398,7.677236854557466,-58.949096490909916,-58.94909649090992,3.0,17.928953705468455,5.976317901822818,-58.949096490909916,-58.94909649090992,6.0,5.102756858203943,0.5,-58.94909649090992,-58.94909649090992,10.219292865018403,10.927524716400505,-0.7082318513821022,-58.94909649090992,-58.94909649090992,-58.949096490909916,-0.0,6,6,1.0,0.48939512961508247,0.48978790259230165,0.07227022780832679,0.49410840534171246,0.5003927729772192,0.40765907305577376
BDRGF,2.0,19.580697824541012,9.790348912270506,69.6078472728858,69.6078472728858,3.0,29.60473492267695,9.86824497422565,69.6078472728858,69.6078472728858,5.0,-10.024037098135938,0.4,69.6078472728858,69.6078472728858,12.5746312848419,19.626426998023746,-7.051795713181846,69.6078472728858,69.60784727288582,69.60784727288582,-0.0,5,5,1.0,0.10290652003142184,0.48978790259230165,0.7682639434406913,0.2584446190102121,0.5003927729772192,0.4073448546739984
ACGYF,1.0,8.884776739882636,8.884776739882636,-21.999998092651367,-21.999998092651367,1.0,8.71451557292265,8.71451557292265,-21.999998092651367,-21.999998092651367,2.0,0.1702611669599854,0.5,-21.999998092651367,-21.999998092651367,3.109118773709678,4.782627549342552,-1.6735087756328735,-21.999998092651367,-21.999998092651367,-21.999998092651367,-0.0,2,2,1.0,0.410840534171249,0.48978790259230165,0.18695993715632364,0.49410840534171246,0.5003927729772192,0.407030636292223
ARTR,1.0,5.747126436781606,5.747126436781606,-85.07462704396288,-85.07462704396288,0.0,0.0,0.0,0.0,0.0,1.0,5.747126436781606,1.0,-85.07462704396288,0.0,5.747126436781606,0.0,5.747126436781606,-85.07462704396288,0.0,-85.07462704396288,-488.93463818369446,1,1,1.0,0.8436763550667714,0.01021209740769835,0.03220738413197172,0.94344069128044,0.5003927729772192,0.40699135899450123
AZREF,2.0,13.703526747005007,6.851763373502504,0.0,0.0,2.0,15.772341559236844,7.886170779618422,0.0,0.0,4.0,-2.068814812231837,0.5,0.0,0.0,6.046163264499081,9.689564403792264,-3.643401139293183,0.0,0.0,0.0,-0.0,4,4,1.0,0.2623723487824038,0.48978790259230165,0.40769835035349566,0.49410840534171246,0.5003927729772192,0.40663786331500396
ACRS,1.0,14.422114052523792,14.422114052523792,0.0,0.0,2.0,13.811915704728998,6.905957852364499,0.0,0.0,3.0,0.6101983477947943,0.3333333333333333,0.0,0.0,4.343857276157799,6.466435843343931,-2.1225785671861326,0.0,0.0,0.0,-0.0,3,3,1.0,0.3699921445404556,0.48978790259230165,0.40769835035349566,0.16732128829536527,0.5003927729772192,0.40624509033778466
AMADY,3.0,20.968310261781344,6.989436753927115,-9.126793694841446,-9.126793694841446,3.0,22.35169912963756,7.450566376545853,-9.126793694841446,-9.126793694841446,6.0,-1.3833888678562154,0.5,-9.126793694841446,-9.126793694841446,11.489295745489521,13.728166318198934,-2.2388705727094127,-9.126793694841446,-9.126793694841446,-9.126793694841446,-0.0,6,6,1.0,0.3629222309505106,0.48978790259230165,0.25294579732914374,0.49410840534171246,0.5003927729772192,0.4058523173605656
AGRPF,2.0,11.633542772036218,5.816771386018109,0.0,0.0,2.0,14.67052644811304,7.33526322405652,0.0,0.0,4.0,-3.0369836760768223,0.5,0.0,0.0,8.594861568830822,12.274236554857591,-3.679374986026769,0.0,0.0,0.0,-0.0,4,4,1.0,0.25923016496465046,0.48978790259230165,0.40769835035349566,0.49410840534171246,0.5003927729772192,0.40569520816967797
BEGI,1.0,6.973461321287409,6.973461321287409,5.173216881890462,5.173216881890462,2.0,15.972145484685692,7.986072742342846,5.173216881890462,5.173216881890462,3.0,-8.998684163398284,0.3333333333333333,5.173216881890462,5.173216881890462,4.44647525269842,7.858436422126251,-3.4119611694278307,5.173216881890462,5.173216881890462,5.173216881890462,-0.0,3,3,1.0,0.27651217596229377,0.48978790259230165,0.5428122545168892,0.16732128829536527,0.5003927729772192,0.40522388059701486
ALME,2.0,17.84860605325313,8.924303026626564,19.999999999985,19.999999999985,2.0,20.888225008092782,10.444112504046391,19.999999999985,19.999999999985,4.0,-3.0396189548396535,0.5,19.999999999985,19.999999999985,8.554411198301201,15.0170898262242,-6.462678627922999,19.999999999985,19.999999999985,19.999999999985,-0.0,4,4,1.0,0.1201885310290652,0.48978790259230165,0.612725844461901,0.49410840534171246,0.5003927729772192,0.4049882168106834
AFTM,1.0,6.27893022458426,6.27893022458426,-98.44297385958602,-98.44297385958602,0.0,0.0,0.0,0.0,0.0,1.0,6.27893022458426,1.0,-97.12008294741078,0.0,6.27893022458426,0.0,6.27893022458426,-97.12008294741078,0.0,-97.12008294741078,-609.810224232628,1,1,1.0,0.8586017282010998,0.007855459544383346,0.0015710919088766694,0.94344069128044,0.5003927729772192,0.40463472113118615
AEBZY,1.0,5.465367965367967,5.465367965367967,-27.85714353833879,-27.85714353833879,1.0,6.7719881744272,6.7719881744272,-27.85714353833879,-27.85714353833879,2.0,-1.3066202090592327,0.5,-27.85714353833879,-27.85714353833879,3.4848724736904293,5.016812229856793,-1.5319397561663637,-27.857143538338786,-27.85714353833879,-27.85714353833879,-0.0,2,2,1.0,0.422623723487824,0.48978790259230165,0.15710919088766692,0.49410840534171246,0.5003927729772192,0.40459544383346424
BATRK,1.0,12.605042016806722,12.605042016806722,0.0,0.0,2.0,16.42963088947252,8.21481544473626,0.0,0.0,3.0,-3.8245888726657977,0.3333333333333333,0.0,0.0,9.33804479850905,11.52799681962589,-2.1899520211168415,0.0,0.0,0.0,-0.0,3,3,1.0,0.3641005498821681,0.48978790259230165,0.40769835035349566,0.16732128829536527,0.5003927729772192,0.4044776119402985
BATRA,1.0,12.605042016806722,12.605042016806722,0.0,0.0,2.0,16.42963088947252,8.21481544473626,0.0,0.0,3.0,-3.8245888726657977,0.3333333333333333,0.0,0.0,9.33804479850905,11.52799681962589,-2.1899520211168415,0.0,0.0,0.0,-0.0,3,3,1.0,0.3641005498821681,0.48978790259230165,0.40769835035349566,0.16732128829536527,0.5003927729772192,0.4044776119402985
ADLI,1.0,6.177334116265415,6.177334116265415,-96.15384626147858,-96.15384626147858,1.0,6.117928763843162,6.117928763843162,-96.15384626147858,-96.15384626147858,2.0,0.05940535242225309,0.5,-96.15384626147858,-96.15384626147858,2.1616823961534672,2.487364215832939,-0.32568181967947174,-96.15384626147858,-96.15384626147858,-96.15384626147858,-0.0,2,2,1.0,0.5153181461115475,0.48978790259230165,0.01335428122545169,0.49410840534171246,0.5003927729772192,0.40365278868813825
ASMVY,2.0,17.287502665212052,8.643751332606026,-16.46490634412279,-16.46490634412279,3.0,18.30250585593472,6.100835285311573,-16.46490634412279,-16.46490634412279,5.0,-1.0150031907226662,0.4,-16.46490634412279,-16.46490634412279,11.181166373356534,12.246445920364504,-1.06527954700797,-16.46490634412279,-16.464906344122795,-16.464906344122795,-0.0,5,5,1.0,0.4603299293008641,0.48978790259230165,0.21209740769835037,0.2584446190102121,0.5003927729772192,0.4033385703063629
AETHF,1.0,5.619131455399061,5.619131455399061,0.0,0.0,1.0,8.611641221374047,8.611641221374047,0.0,0.0,2.0,-2.9925097659749857,0.5,0.0,0.0,4.836431264242916,8.611641221374047,-3.775209957131131,0.0,0.0,0.0,-0.0,2,2,1.0,0.25058915946582877,0.48978790259230165,0.40769835035349566,0.49410840534171246,0.5003927729772192,0.40310290652003145
AKVA,2.0,15.634668389377525,7.817334194688763,-44.28152482657332,-44.28152482657332,2.0,12.913559192567114,6.456779596283557,-44.28152482657332,-44.28152482657332,4.0,2.7211091968104117,0.5,-44.28152482657332,-44.28152482657332,6.398458758127099,7.662695852074657,-1.2642370939475587,-44.28152482657332,-44.28152482657332,-44.28152482657332,-0.0,4,4,1.0,0.4469756480754124,0.48978790259230165,0.11154752553024352,0.49410840534171246,0.5003927729772192,0.4027886881382561
BELDF,1.0,6.125356125356125,6.125356125356125,9.803920881145997,9.803920881145997,3.0,18.786279214665743,6.262093071555248,9.803920881145997,9.803920881145997,4.0,-12.66092308930962,0.25,9.803920881145997,9.803920881145997,4.537775425828186,7.9625496312562145,-3.4247742054280286,9.803920881145997,9.803920881145999,9.803920881145999,-0.0,4,4,1.0,0.2741555380989788,0.48978790259230165,0.5703063629222309,0.09230164964650432,0.5003927729772192,0.40251374705420273
AGCZ,2.0,14.501409361859434,7.250704680929717,-39.37008011442054,-39.37008011442054,1.0,11.350574712643676,11.350574712643676,-39.37008011442054,-39.37008011442054,3.0,3.150834649215758,0.6666666666666666,-39.37008011442054,-39.37008011442054,8.784954494726133,11.350574712643676,-2.5656202179175427,-39.37008011442053,-39.37008011442054,-39.37008011442054,-0.0,3,3,1.0,0.3362136684996072,0.48978790259230165,0.11940298507462686,0.802827965435978,0.5003927729772192,0.40200314218381783
ASPS,1.0,7.974183912950716,7.974183912950716,-49.2319466979249,-49.2319466979249,1.0,6.47280191583989,6.47280191583989,-49.2319466979249,-49.2319466979249,2.0,1.5013819971108262,0.5,-49.2319466979249,-49.2319466979249,2.401778039304151,3.5523490095446384,-1.1505709702404876,-49.2319466979249,-49.2319466979249,-49.2319466979249,-0.0,2,2,1.0,0.45247446975648076,0.48978790259230165,0.0974076983503535,0.49410840534171246,0.5003927729772192,0.40161036920659865
AVSFY,1.0,6.863207547169811,6.863207547169811,-24.66185011375856,-24.66185011375856,0.0,0.0,0.0,0.0,0.0,1.0,6.863207547169811,1.0,-24.66185011375856,0.0,2.790371957181942,0.0,2.790371957181942,-24.66185011375856,0.0,-24.66185011375856,-68.81573496965618,1,1,1.0,0.7014925373134329,0.03927729772191673,0.1743912018853103,0.94344069128044,0.5003927729772192,0.4014925373134328
ATONF,1.0,7.142705073343128,7.142705073343128,-40.00000082784226,-40.00000082784226,1.0,7.077922077922078,7.077922077922078,-40.00000082784226,-40.00000082784226,2.0,0.0647829954210506,0.5,-40.00000082784226,-40.00000082784226,2.499502135930524,3.8844459957304465,-1.3849438597999226,-40.00000082784226,-40.00000082784226,-40.00000082784226,-0.0,2,2,1.0,0.4336213668499607,0.48978790259230165,0.11861743912018853,0.49410840534171246,0.5003927729772192,0.40019638648860967
AAMAF,1.0,5.400872190540088,5.400872190540088,-70.30901314426188,-70.30901314426188,1.0,5.358422939068101,5.358422939068101,-70.30901314426188,-70.30901314426188,2.0,0.04244925147198764,0.5,-70.30901314426188,-70.30901314426188,2.551191378440234,3.4166813142457033,-0.8654899358054693,-70.30901314426188,-70.30901314426188,-70.30901314426188,-0.0,2,2,1.0,0.4760408483896308,0.48978790259230165,0.05498821681068342,0.49410840534171246,0.5003927729772192,0.40019638648860956
ATROB,3.0,17.642311913748124,5.880770637916041,-51.780010818290144,-51.78001081829014,3.0,25.886808615174814,8.628936205058272,-51.780010818290144,-51.78001081829014,6.0,-8.24449670142669,0.5,-51.78001081829014,-51.78001081829014,12.814815385544945,13.979822384375497,-1.1650069988305525,-51.78001081829014,-51.78001081829013,-51.780010818290144,-0.0,5,6,1.0,0.4497250589159466,0.48978790259230165,0.09426551453260015,0.49410840534171246,0.5003927729772192,0.40015710919088765
AAON,3.0,23.909090904034425,7.969696968011475,40.51058396036584,40.51058396036584,4.0,32.929974706847766,8.232493676711941,40.51058396036584,40.51058396036584,7.0,-9.02088380281334,0.42857142857142855,40.51058396036584,40.51058396036584,14.638456166002973,21.323504264771685,-6.685048098768712,40.51058396036584,40.51058396036584,40.51058396036584,-0.0,7,7,1.0,0.11547525530243519,0.48978790259230165,0.6920659858601729,0.30086410054988216,0.5003927729772192,0.40011783189316574
ATRO,3.0,17.642311913748124,5.880770637916041,-51.87136872733877,-51.87136872733877,3.0,25.886808615174814,8.628936205058272,-51.87136872733877,-51.87136872733877,6.0,-8.24449670142669,0.5,-51.87136872733877,-51.87136872733877,12.814815385544945,13.979822384375497,-1.1650069988305525,-51.87136872733877,-51.87136872733877,-51.87136872733877,-0.0,5,6,1.0,0.4497250589159466,0.48978790259230165,0.09347996857816182,0.49410840534171246,0.5003927729772192,0.4
AAUKF,2.0,16.907103409998847,8.453551704999423,41.55494750672908,41.55494750672908,3.0,23.191128834415885,7.730376278138628,41.55494750672908,41.55494750672908,5.0,-6.284025424417038,0.4,41.55494750672908,41.55494750672908,11.604876689159367,17.959497069104707,-6.35462037994534,41.55494750672908,41.55494750672908,41.55494750672908,-0.0,5,5,1.0,0.12568735271013354,0.48978790259230165,0.6967792615868028,0.2584446190102121,0.5003927729772192,0.3998821681068342
ASASF,1.0,6.287083289861276,6.287083289861276,-21.42857218883475,-21.42857218883475,1.0,5.445344129554655,5.445344129554655,-21.42857218883475,-21.42857218883475,2.0,0.8417391603066209,0.5,-21.42857218883475,-21.42857218883475,3.450424466568181,5.445344129554655,-1.9949196629864745,-21.42857218883475,-21.42857218883475,-21.42857218883475,-0.0,2,2,1.0,0.38334642576590733,0.48978790259230165,0.18970934799685782,0.49410840534171246,0.5003927729772192,0.3993322859387275
BDRSF,1.0,12.963928520642744,12.963928520642744,-33.33333333333355,-33.33333333333355,1.0,11.485127553720758,11.485127553720758,-33.33333333333355,-33.33333333333355,2.0,1.4788009669219857,0.5,-33.33333333333355,-33.33333333333355,8.266165780374223,9.885340895746669,-1.619175115372446,-33.33333333333355,-33.33333333333355,-33.33333333333355,-0.0,2,2,1.0,0.4139827179890024,0.48978790259230165,0.13982717989002358,0.49410840534171246,0.5003927729772192,0.39854673998428913
AVXT,3.0,19.585921760138046,6.528640586712682,-89.30817660457579,-89.30817660457579,2.0,17.641589843159057,8.820794921579528,-89.30817660457579,-89.30817660457579,5.0,1.9443319169789888,0.6,-89.30817660457579,-89.30817660457579,9.89474695734285,11.518520542362044,-1.6237735850191939,-89.30817660457578,-89.30817660457579,-89.30817660457578,-0.0,4,5,1.0,0.413197172034564,0.48978790259230165,0.029850746268656716,0.7128829536527886,0.5003927729772192,0.39819324430479186
ARREF,1.0,7.438205675923099,7.438205675923099,80.28418869570402,80.28418869570402,2.0,12.538282646459052,6.269141323229526,80.28418869570402,80.28418869570402,3.0,-5.100076970535953,0.3333333333333333,80.28418869570402,80.28418869570402,3.5135595737144434,10.899188389900745,-7.385628816186301,80.28418869570402,80.28418869570402,80.28418869570402,-0.0,3,3,1.0,0.08798114689709348,0.48978790259230165,0.788688138256088,0.16732128829536527,0.5003927729772192,0.3978397486252946
AFG,2.0,16.843550511857984,8.421775255928992,26.320020933723463,26.320020933723463,4.0,26.8299556809064,6.7074889202266,26.320020933723463,26.320020933723463,6.0,-9.986405169048417,0.3333333333333333,26.320020933723463,26.320020933723463,8.065029128177532,12.985117921970357,-4.920088793792825,26.320020933723466,26.320020933723466,26.320020933723466,-0.0,6,6,1.0,0.18538884524744698,0.48978790259230165,0.6402199528672428,0.16732128829536527,0.5003927729772192,0.3973684210526316
AKTS,1.0,17.249778061050286,17.249778061050286,0.0,0.0,2.0,20.473602752033063,10.236801376016532,0.0,0.0,3.0,-3.2238246909827772,0.3333333333333333,0.0,0.0,14.847021568707948,17.378999017190043,-2.5319774484820954,0.0,0.0,0.0,-0.0,3,3,1.0,0.33935585231736054,0.48978790259230165,0.40769835035349566,0.16732128829536527,0.5003927729772192,0.3970542026708562
ASYS,3.0,27.880149806048195,9.293383268682732,106.76486858735528,106.76486858735528,4.0,46.64434367878993,11.661085919697483,106.76486858735528,106.76486858735528,7.0,-18.764193872741735,0.42857142857142855,106.76486858735528,106.76486858735528,16.788524871857472,28.33304172355242,-11.544516851694947,106.76486858735528,106.76486858735528,106.76486858735528,-0.0,7,7,1.0,0.014139827179890024,0.48978790259230165,0.8271798900235664,0.30086410054988216,0.5003927729772192,0.39673998428908097
ANSLY,2.0,13.260976574225987,6.6304882871129935,31.45415406352219,31.45415406352219,3.0,24.037095964799185,8.012365321599729,31.454154063522186,31.45415406352219,5.0,-10.776119390573198,0.4,31.45415406352219,31.45415406352219,10.177252066080587,16.189110189890833,-6.011858123810246,31.454154063522193,31.45415406352219,31.45415406352219,-0.0,5,5,1.0,0.13747054202670855,0.48978790259230165,0.6606441476826395,0.2584446190102121,0.5003927729772192,0.39619010212097405
ATAZF,1.0,6.736064879259215,6.736064879259215,36.09422534251837,36.09422534251837,3.0,23.711748946771614,7.903916315590538,36.09422534251837,36.09422534251837,4.0,-16.9756840675124,0.25,36.09422534251837,36.09422534251837,6.736064879259215,11.70955085594838,-4.973485976689166,36.09422534251837,36.09422534251837,36.09422534251837,-0.0,4,4,1.0,0.1814611154752553,0.48978790259230165,0.6771406127258445,0.09230164964650432,0.5003927729772192,0.39607227022780833
ARMN,2.0,19.565134962233156,9.782567481116578,2.754094002762474,2.754094002762474,2.0,24.037769029395896,12.018884514697948,2.754094002762474,2.754094002762474,4.0,-4.4726340671627405,0.5,2.754094002762474,2.754094002762474,9.262000416620797,15.022575526181681,-5.760575109560884,2.754094002762474,2.754094002762474,2.754094002762474,-0.0,4,4,1.0,0.1476826394344069,0.48978790259230165,0.5263157894736842,0.49410840534171246,0.5003927729772192,0.3959544383346426
AHRO,2.0,18.177541174897733,9.088770587448867,-96.72651920294632,-96.72651920294632,2.0,15.456287163604232,7.728143581802116,-96.72651920294632,-96.72651920294632,4.0,2.7212540112935013,0.5,-96.72651920294632,-96.72651920294632,7.541879114180116,8.233529462108464,-0.6916503479283485,-96.72651920294632,-96.72651920294632,-96.72651920294632,-0.0,4,4,1.0,0.49018067556952083,0.48978790259230165,0.012568735271013355,0.49410840534171246,0.5003927729772192,0.3959544383346426
ASTVF,3.0,22.218530301062902,7.406176767020967,29.743585831079702,29.743585831079702,3.0,29.386977801836768,9.795659267278923,29.743585831079702,29.743585831079702,6.0,-7.1684475007738655,0.5,29.743585831079702,29.743585831079702,10.597113406376184,18.84352784031843,-8.246414433942245,29.743585831079702,29.743585831079706,29.743585831079702,-0.0,5,6,1.0,0.060487038491751764,0.48978790259230165,0.6567164179104478,0.49410840534171246,0.5003927729772192,0.3958758837391987
ACLS,1.0,8.974255832662912,8.974255832662912,150.2550516362457,150.2550516362457,3.0,20.733925614935814,6.911308538311938,150.2550516362457,150.2550516362457,4.0,-11.759669782272901,0.25,150.2550516362457,150.2550516362457,4.239138291090924,13.062515072477796,-8.823376781386871,150.2550516362457,150.2550516362457,150.2550516362457,-0.0,4,4,1.0,0.04870384917517675,0.48978790259230165,0.8711704634721131,0.09230164964650432,0.5003927729772192,0.39505106048703853
BCCLF,1.0,11.346153846153848,11.346153846153848,0.0,0.0,1.0,15.555555555555555,15.555555555555555,0.0,0.0,2.0,-4.209401709401707,0.5,0.0,0.0,7.234627104939353,11.523838988382279,-4.289211883442926,0.0,0.0,0.0,-0.0,2,2,1.0,0.22230950510604872,0.48978790259230165,0.40769835035349566,0.49410840534171246,0.5003927729772192,0.39461901021209744
AFL,2.0,10.728797120101468,5.364398560050734,0.6657596202780333,0.6657596202780333,2.0,21.723511772286187,10.861755886143094,0.6657596202780333,0.6657596202780333,4.0,-10.994714652184719,0.5,0.6657596202780333,0.6657596202780333,6.948312340914596,12.66580449029346,-5.717492149378865,0.6657596202780333,0.6657596202780331,0.6657596202780331,-0.0,4,4,1.0,0.14925373134328357,0.48978790259230165,0.5145326001571092,0.49410840534171246,0.5003927729772192,0.39406912804399064
AMNL,1.0,6.041852415167567,6.041852415167567,-4.765836912640459,-4.765836912640459,1.0,5.897168664234842,5.897168664234842,-4.765836912640459,-4.765836912640459,2.0,0.14468375093272545,0.5,-4.765836912640459,-4.765836912640459,2.114272234625536,5.075740107630832,-2.961467873005296,-4.765836912640459,-4.765836912640459,-4.765836912640459,-0.0,2,2,1.0,0.3071484681853888,0.48978790259230165,0.27572663000785547,0.49410840534171246,0.5003927729772192,0.39367635506677134
BCHHF,2.0,17.613302162614072,8.806651081307036,49.76837340984563,49.76837340984563,3.0,24.785469415817914,8.26182313860597,49.76837340984563,49.76837340984563,5.0,-7.172167253203842,0.4,49.76837340984563,49.76837340984563,10.349423931627939,17.825965115478013,-7.476541183850074,49.76837340984563,49.76837340984563,49.76837340984563,-0.0,5,5,1.0,0.08562450903377848,0.48978790259230165,0.7211311861743912,0.2584446190102121,0.5003927729772192,0.39273369992144536
AKBTY,1.0,5.519056599863215,5.519056599863215,-47.19485990371075,-47.19485990371075,1.0,7.961449821914938,7.961449821914938,-47.19485990371075,-47.19485990371075,2.0,-2.442393222051723,0.5,-47.19485990371075,-47.19485990371075,1.6623079030946386,3.23688394513781,-1.5745760420431714,-47.19485990371075,-47.19485990371075,-47.19485990371075,-0.0,2,2,1.0,0.417910447761194,0.48978790259230165,0.1021209740769835,0.49410840534171246,0.5003927729772192,0.39218381775333855
ASBFY,2.0,20.86285936285936,10.43142968142968,-12.02319348739445,-12.02319348739445,2.0,22.64470750454732,11.32235375227366,-12.02319348739445,-12.02319348739445,4.0,-1.7818481416879592,0.5,-12.02319348739445,-12.02319348739445,7.886435038023134,10.649135187836873,-2.762700149813739,-12.02319348739445,-12.02319348739445,-12.02319348739445,-0.0,4,4,1.0,0.3275726630007855,0.48978790259230165,0.23487824037706206,0.49410840534171246,0.5003927729772192,0.39163393558523174
BGAOY,2.0,12.046226743949498,6.023113371974749,-33.15345569478781,-33.15345569478781,3.0,19.921876691437447,6.640625563812482,-33.15345569478781,-33.15345569478781,5.0,-7.875649947487949,0.4,-33.15345569478781,-33.15345569478781,8.47744058374433,9.417451268573725,-0.9400106848293941,-33.15345569478781,-33.15345569478781,-33.15345569478781,-0.0,5,5,1.0,0.46818538884524746,0.48978790259230165,0.1406127258444619,0.2584446190102121,0.5003927729772192,0.3913982717989002
ADCV,0.0,0.0,0.0,0.0,0.0,1.0,7.44281235390465,7.44281235390465,0.0,0.0,1.0,-7.44281235390465,0.0,0.0,0.0,0.0,2.2417320013447126,-2.2417320013447126,0.0,0.0,0.0,-0.0,1,1,1.0,0.36213668499607227,0.48978790259230165,0.40769835035349566,0.037706205813040065,0.5003927729772192,0.3909269442262372
ARET,1.0,5.847399072154772,5.847399072154772,-99.3442622989928,-99.3442622989928,2.0,11.753658128210288,5.876829064105144,-99.3442622989928,-99.3442622989928,3.0,-5.906259056055516,0.3333333333333333,-97.12008294741078,-97.03877752350526,2.046225669464499,7.884642117052447,-5.838416447587948,-97.1200829474108,-97.03877752350525,-97.06587933147375,0.47469492420809295,3,3,1.0,0.14454045561665357,0.9293008641005499,0.009426551453260016,0.16732128829536527,0.5003927729772192,0.3908091123330715
AKBA,2.0,20.5283970754316,10.2641985377158,-30.785099392513747,-30.785099392513747,3.0,20.56270614124472,6.854235380414907,-30.785099392513747,-30.785099392513747,5.0,-0.03430906581312243,0.4,-30.785099392513747,-30.785099392513747,9.092887081451307,10.16216283001236,-1.0692757485610525,-30.78509939251375,-30.785099392513743,-30.785099392513747,-0.0,4,5,1.0,0.4595443833464258,0.48978790259230165,0.14925373134328357,0.2584446190102121,0.5003927729772192,0.390534171249018
ACTG,1.0,6.254440940481419,6.254440940481419,146.56750721066163,146.56750721066163,2.0,19.50124206166347,9.750621030831734,146.56750721066163,146.56750721066163,3.0,-13.246801121182049,0.3333333333333333,146.56750721066163,146.56750721066163,2.5428659250392034,14.249375042983605,-11.706509117944401,146.56750721066163,146.56750721066163,146.56750721066163,-0.0,1,3,1.0,0.01021209740769835,0.48978790259230165,0.8680282796543598,0.16732128829536527,0.5003927729772192,0.3903770620581304
ASTO,2.0,16.05123426149709,8.025617130748545,-18.918916741977927,-18.918916741977927,2.0,13.337724367136133,6.668862183568066,-18.918916741977927,-18.918916741977927,4.0,2.713509894360957,0.5,-18.918916741977927,-18.918916741977927,9.53679384362839,11.996000509554117,-2.459206665925727,-18.918916741977924,-18.91891674197793,-18.918916741977927,-0.0,4,4,1.0,0.3448546739984289,0.48978790259230165,0.20188531029065201,0.49410840534171246,0.5003927729772192,0.39021995286724276
ATLO,1.0,7.754342431761787,7.754342431761787,-15.364526252751537,-15.364526252751537,1.0,5.77324973876698,5.77324973876698,-15.364526252751537,-15.364526252751537,2.0,1.9810926929948067,0.5,-15.364526252751537,-15.364526252751537,3.15268036399348,5.77324973876698,-2.6205693747735,-15.364526252751537,-15.364526252751537,-15.364526252751537,-0.0,2,2,1.0,0.3330714846818539,0.48978790259230165,0.21838177533385703,0.49410840534171246,0.5003927729772192,0.3899842890809112
BAYRY,2.0,17.48727214406668,8.74363607203334,-25.25792988070508,-25.25792988070508,2.0,26.08567368888243,13.042836844441215,-25.25792988070508,-25.25792988070508,4.0,-8.59840154481575,0.5,-25.25792988070508,-25.25792988070508,6.823719430350956,9.103682314057483,-2.279962883706527,-25.25792988070508,-25.257929880705085,-25.257929880705085,-0.0,4,4,1.0,0.3601728201099764,0.48978790259230165,0.1720345640219953,0.49410840534171246,0.5003927729772192,0.3888452474469757
ASBFF,2.0,18.529526029526032,9.264763014763016,-11.061081692375504,-11.061081692375504,2.0,21.747271607111422,10.873635803555711,-11.061081692375504,-11.061081692375504,4.0,-3.21774557758539,0.5,-11.061081692375504,-11.061081692375504,7.183648543561329,10.076904795355794,-2.8932562517944653,-11.061081692375504,-11.061081692375504,-11.061081692375504,-0.0,4,4,1.0,0.31343283582089554,0.48978790259230165,0.24116260801256872,0.49410840534171246,0.5003927729772192,0.38864886095836604
ALOT,3.0,18.7061499305782,6.235383310192733,-3.2308849788348533,-3.2308849788348537,3.0,22.46118890059637,7.487062966865456,-3.2308849788348533,-3.2308849788348537,6.0,-3.7550389700181697,0.5,-3.2308849788348537,-3.2308849788348537,9.281740902341149,12.649074068091181,-3.3673331657500327,-3.2308849788348533,-3.2308849788348537,-3.2308849788348533,-0.0,6,6,1.0,0.27965435978004716,0.48978790259230165,0.28908091123330715,0.49410840534171246,0.5003927729772192,0.38809897879025923
AACS,1.0,7.651515151515151,7.651515151515151,47.27272552410477,47.27272552410477,3.0,22.624491905393093,7.541497301797698,47.27272552410477,47.27272552410477,4.0,-14.97297675387794,0.25,47.27272552410477,47.27272552410477,4.878821463166599,11.029739605566789,-6.15091814240019,47.27272552410477,47.27272552410477,47.27272552410477,-0.0,4,4,1.0,0.1311861743912019,0.48978790259230165,0.7124901806755696,0.09230164964650432,0.5003927729772192,0.3880597014925373
BAYZF,2.0,17.48727214406668,8.74363607203334,-25.751716967003592,-25.751716967003592,2.0,26.08567368888243,13.042836844441215,-25.751716967003592,-25.751716967003592,4.0,-8.59840154481575,0.5,-25.751716967003592,-25.751716967003592,6.823719430350956,9.103682314057483,-2.279962883706527,-25.751716967003592,-25.751716967003592,-25.751716967003592,-0.0,4,4,1.0,0.3601728201099764,0.48978790259230165,0.1681068342498036,0.49410840534171246,0.5003927729772192,0.3880597014925373
AJLGF,1.0,8.909090909090908,8.909090909090908,-75.8662503335484,-75.8662503335484,1.0,10.92929292929293,10.92929292929293,-75.8662503335484,-75.8662503335484,2.0,-2.0202020202020226,0.5,-75.8662503335484,-75.8662503335484,3.117627219353929,4.443518907467963,-1.3258916881140341,-75.8662503335484,-75.8662503335484,-75.8662503335484,-0.0,2,2,1.0,0.4422623723487824,0.48978790259230165,0.04241948153967007,0.49410840534171246,0.5003927729772192,0.3875490966221524
BCDS,1.0,7.2142857142857135,7.2142857142857135,67.03297201291683,67.03297201291683,3.0,19.502287462449022,6.500762487483008,67.03297201291683,67.03297201291683,4.0,-12.288001748163309,0.25,67.03297201291683,67.03297201291683,2.933109688128608,10.197216440436033,-7.264106752307425,67.03297201291683,67.03297201291683,67.03297201291683,-0.0,4,4,1.0,0.09347996857816182,0.48978790259230165,0.7643362136684996,0.09230164964650432,0.5003927729772192,0.38711704634721134
ARHN,2.0,18.097425270225628,9.048712635112814,0.0,0.0,3.0,24.49535172071104,8.165117240237013,0.0,0.0,5.0,-6.397926450485411,0.4,0.0,0.0,11.686604885194345,15.103408119034434,-3.4168032338400884,0.0,0.0,0.0,-0.0,5,5,1.0,0.27572663000785547,0.48978790259230165,0.40769835035349566,0.2584446190102121,0.5003927729772192,0.3870777690494893
AFMD,1.0,8.920667347633639,8.920667347633639,106.07217481426184,106.07217481426184,3.0,19.934658229423732,6.644886076474577,106.07217481426183,106.07217481426184,4.0,-11.013990881790093,0.25,106.07217481426184,106.07217481426184,4.213824883151033,12.853061521776986,-8.639236638625952,106.07217481426184,106.07217481426184,106.07217481426184,-0.0,4,4,1.0,0.051846032992930086,0.48978790259230165,0.8256087981146897,0.09230164964650432,0.5003927729772192,0.3868813825608799
ATCD,2.0,24.05253125001595,12.026265625007975,-1.17759765625,-1.17759765625,2.0,30.47467538576768,15.23733769288384,-1.17759765625,-1.17759765625,4.0,-6.422144135751729,0.5,-1.17759765625,-1.17759765625,12.471259719412693,16.017391528066725,-3.5461318086540317,-1.1775976562499997,-1.17759765625,-1.1775976562499997,-0.0,4,4,1.0,0.26865671641791045,0.48978790259230165,0.2992930086410055,0.49410840534171246,0.5003927729772192,0.3868421052631579
AC,1.0,7.199872785122383,7.199872785122383,0.0,0.0,1.0,8.403234825999052,8.403234825999052,0.0,0.0,2.0,-1.2033620408766685,0.5,0.0,0.0,2.5195072763123916,7.232731242510217,-4.713223966197825,0.0,0.0,0.0,-0.0,2,2,1.0,0.19638648860958366,0.48978790259230165,0.40769835035349566,0.49410840534171246,0.5003927729772192,0.3868421052631579
ATOR,2.0,13.146793852676206,6.573396926338103,-54.54545553065526,-54.54545553065526,2.0,14.490138344627509,7.245069172313754,-54.54545553065526,-54.54545553065526,4.0,-1.343344491951303,0.5,-54.54545553065526,-54.54545553065526,6.176244169362639,7.87811512722684,-1.7018709578642008,-54.54545553065526,-54.54545553065526,-54.54545553065526,-0.0,4,4,1.0,0.408483896307934,0.48978790259230165,0.08483896307934014,0.49410840534171246,0.5003927729772192,0.3858994501178319
AZZ,1.0,10.282574568288853,10.282574568288853,39.307356673934216,39.307356673934216,2.0,16.331997733664913,8.165998866832457,39.307356673934216,39.307356673934216,3.0,-6.04942316537606,0.3333333333333333,39.307356673934216,39.307356673934216,3.0970519435242125,9.755072476635616,-6.658020533111404,39.307356673934216,39.307356673934216,39.307356673934216,-0.0,3,3,1.0,0.11626080125687353,0.48978790259230165,0.6865671641791045,0.16732128829536527,0.5003927729772192,0.3858994501178319
ASCS,2.0,15.918848763338545,7.9594243816692725,10.294117647058822,10.294117647058822,3.0,23.268525248461845,7.756175082820615,10.294117647058822,10.294117647058822,5.0,-7.3496764851233,0.4,10.294117647058822,10.294117647058822,9.134113388223595,14.579817705206361,-5.445704316982766,10.294117647058822,10.294117647058822,10.294117647058822,-0.0,5,5,1.0,0.15789473684210525,0.48978790259230165,0.5758051846032993,0.2584446190102121,0.5003927729772192,0.3853495679497251
ABR,1.0,6.039304610733183,6.039304610733183,39.69636023244955,39.69636023244955,2.0,14.162158503628284,7.081079251814142,39.69636023244955,39.69636023244955,3.0,-8.122853892895101,0.3333333333333333,39.69636023244955,39.69636023244955,3.8508306360226525,10.741802269762669,-6.890971633740016,39.69636023244955,39.69636023244954,39.69636023244954,-0.0,3,3,1.0,0.11154752553024352,0.48978790259230165,0.6897093479968578,0.16732128829536527,0.5003927729772192,0.38511390416339353
APRO,2.0,18.743898831108133,9.371949415554067,-93.54838668489964,-93.54838668489964,3.0,18.512119946114623,6.170706648704875,-93.54838668489964,-93.54838668489964,5.0,0.23177888499350985,0.4,-93.54838668489964,-93.54838668489964,8.028428253005043,8.249088062371047,-0.22065980936600482,-93.54838668489965,-93.54838668489964,-93.54838668489965,-0.0,5,5,1.0,0.5223880597014925,0.48978790259230165,0.02199528672427337,0.2584446190102121,0.5003927729772192,0.383935585231736
AB,1.0,10.089514066496164,10.089514066496164,76.90983368915883,76.90983368915883,2.0,28.282907224276812,14.141453612138406,76.90983368915883,76.90983368915883,3.0,-18.193393157780648,0.3333333333333333,76.90983368915883,76.90983368915883,7.474495858284852,16.39989072022211,-8.925394861937258,76.90983368915883,76.90983368915882,76.90983368915882,-0.0,3,3,1.0,0.04399057344854674,0.48978790259230165,0.7847604084838963,0.16732128829536527,0.5003927729772192,0.3838570306362922
AKR,1.0,13.111336488618436,13.111336488618436,-26.40798392257781,-26.40798392257781,1.0,14.08587825374052,14.08587825374052,-26.40798392257781,-26.40798392257781,2.0,-0.9745417651220833,0.5,-26.40798392257781,-26.40798392257781,9.713116968257593,12.123827767946729,-2.410710799689136,-26.40798392257781,-26.407983922577813,-26.407983922577813,-0.0,2,2,1.0,0.3487824037706206,0.48978790259230165,0.16182246661429694,0.49410840534171246,0.5003927729772192,0.3833857030636293
ARSC,1.0,9.3944099378882,9.3944099378882,-36.666667713596496,-36.666667713596496,2.0,11.931096582233877,5.965548291116939,-36.666667713596496,-36.666667713596496,3.0,-2.536686644345677,0.3333333333333333,-36.666667713596496,-36.666667713596496,4.437605037396179,5.228566165951598,-0.790961128555419,-36.666667713596496,-36.666667713596496,-36.666667713596496,-0.0,3,3,1.0,0.48232521602513745,0.48978790259230165,0.1249018067556952,0.16732128829536527,0.5003927729772192,0.3833857030636292
AOS,3.0,22.969512137869877,7.656504045956626,24.783642933719467,24.78364293371947,4.0,32.34491937257226,8.086229843143064,24.78364293371947,24.78364293371947,7.0,-9.37540723470238,0.42857142857142855,24.78364293371947,24.78364293371947,15.045754832695518,22.276969635484516,-7.2312148027889975,24.783642933719474,24.783642933719467,24.78364293371947,-0.0,7,7,1.0,0.09819324430479183,0.48978790259230165,0.6331500392772977,0.30086410054988216,0.5003927729772192,0.38315003927729774
ATSG,1.0,5.718355718355719,5.718355718355719,23.34589549682019,23.34589549682019,3.0,16.724105804029907,5.574701934676636,23.34589549682019,23.34589549682019,4.0,-11.005750085674189,0.25,23.34589549682019,23.34589549682019,4.23626210849741,9.392872228120503,-5.1566101196230925,23.34589549682019,23.34589549682019,23.34589549682019,-0.0,3,4,1.0,0.17046347211311863,0.48978790259230165,0.6276512175962293,0.09230164964650432,0.5003927729772192,0.3828750981932444
AGCCF,1.0,9.663865546218483,9.663865546218483,115.7407395526338,115.7407395526338,3.0,30.57826163125811,10.192753877086036,115.7407395526338,115.7407395526338,4.0,-20.914396085039627,0.25,115.7407395526338,115.7407395526338,6.16195272575663,15.633228730080802,-9.47127600432417,115.74073955263381,115.74073955263378,115.74073955263378,-0.0,4,4,1.0,0.03220738413197172,0.48978790259230165,0.8350353495679497,0.09230164964650432,0.5003927729772192,0.3828750981932443
ARKAF,2.0,18.98989898989899,9.494949494949495,26.35451478744319,26.35451478744319,3.0,32.956740791076186,10.985580263692063,26.35451478744319,26.35451478744319,5.0,-13.966841801177196,0.4,26.35451478744319,26.35451478744319,11.051515742577646,18.089831889612732,-7.038316147035086,26.35451478744319,26.354514787443193,26.35451478744319,-0.0,5,5,1.0,0.10369206598586017,0.48978790259230165,0.6410054988216811,0.2584446190102121,0.5003927729772192,0.3821288295365278
ABBY,2.0,23.256155016590583,11.628077508295291,-97.64150952785808,-97.64150952785808,2.0,19.653884983903843,9.826942491951922,-97.64150952785808,-97.64150952785808,4.0,3.6022700326867394,0.5,-97.12008294741078,-97.03877752350526,16.131280183853622,9.322348611498807,6.808931572354815,-97.12008294741076,-97.03877752350527,-97.07943023545802,-0.5536030678339809,4,4,1.0,0.8837391987431265,0.051846032992930086,0.006284367635506678,0.49410840534171246,0.5003927729772192,0.3813825608798115
AMS,2.0,14.911698779084022,7.455849389542011,14.07345864139847,14.07345864139847,3.0,23.613644348268945,7.871214782756315,14.073458641398469,14.07345864139847,5.0,-8.701945569184923,0.4,14.07345864139847,14.07345864139847,7.38257716765638,13.421208117757828,-6.038630950101449,14.07345864139847,14.07345864139847,14.073458641398469,-0.0,5,5,1.0,0.1358994501178319,0.48978790259230165,0.5883739198743126,0.2584446190102121,0.5003927729772192,0.38126472898664565
AXTA,1.0,9.979040521658126,9.979040521658126,0.0,0.0,2.0,19.236401094808173,9.618200547404086,0.0,0.0,3.0,-9.257360573150047,0.3333333333333333,0.0,0.0,4.713764970878546,7.951758566937271,-3.2379935960587254,0.0,0.0,0.0,-0.0,3,3,1.0,0.2859387274155538,0.48978790259230165,0.40769835035349566,0.16732128829536527,0.5003927729772192,0.3810290652003142
ACOPF,2.0,11.852314644913854,5.926157322456927,-46.844514890912,-46.844514890912,1.0,16.54471544715447,16.54471544715447,-46.844514890912,-46.844514890912,3.0,-4.692400802240616,0.6666666666666666,-46.844514890912,-46.844514890912,8.85371416248793,12.256626659246306,-3.4029124967583755,-46.844514890912,-46.844514890912,-46.844514890912,-0.0,3,3,1.0,0.27729772191673213,0.48978790259230165,0.10290652003142184,0.802827965435978,0.5003927729772192,0.3810290652003142
AMIH,1.0,6.64946046006855,6.64946046006855,-95.05403359747632,-95.05403359747632,0.0,0.0,0.0,0.0,0.0,1.0,6.64946046006855,1.0,-95.05403359747632,0.0,4.239883182435576,0.0,4.239883182435576,-95.05403359747632,0.0,-95.05403359747632,-403.01799847260605,1,1,1.0,0.7651217596229379,0.012568735271013355,0.016496465043205028,0.94344069128044,0.5003927729772192,0.3809897879025923
AAL,1.0,6.984126984126982,6.984126984126982,-28.15840028491575,-28.15840028491575,1.0,13.133394383394382,13.133394383394382,-28.15840028491575,-28.15840028491575,2.0,-6.1492673992674,0.5,-28.15840028491575,-28.15840028491575,2.1035786228788713,4.59587046871412,-2.4922918458352483,-28.158400284915746,-28.15840028491575,-28.15840028491575,-0.0,2,2,1.0,0.3440691280439906,0.48978790259230165,0.15553809897879026,0.49410840534171246,0.5003927729772192,0.38071484681853884
AXVEF,1.0,7.687876072205864,7.687876072205864,-52.13157976466205,-52.13157976466205,0.0,0.0,0.0,0.0,0.0,1.0,7.687876072205864,1.0,-52.13157976466205,0.0,2.6902780481532296,0.0,2.6902780481532296,-52.13157976466205,0.0,-52.13157976466205,-140.24844465641942,1,1,1.0,0.6944226237234878,0.030636292223095052,0.09269442262372349,0.94344069128044,0.5003927729772192,0.3804399057344855
ABNAF,2.0,13.754446715583935,6.8772233577919675,-41.14309474352594,-41.14309474352594,2.0,20.233926375814768,10.116963187907384,-41.14309474352594,-41.14309474352594,4.0,-6.479479660230833,0.5,-41.14309474352594,-41.14309474352594,8.635325835359453,10.760010272889534,-2.1246844375300817,-41.14309474352594,-41.14309474352595,-41.14309474352595,-0.0,4,4,1.0,0.3692065985860173,0.48978790259230165,0.11547525530243519,0.49410840534171246,0.5003927729772192,0.38024351924587585
BAMKF,2.0,15.716816048816298,7.858408024408149,0.0,0.0,2.0,19.757312107457807,9.878656053728903,0.0,0.0,4.0,-4.040496058641509,0.5,0.0,0.0,9.79378735806066,14.862978281476,-5.06919092341534,0.0,0.0,0.0,-0.0,4,4,1.0,0.1743912018853103,0.48978790259230165,0.40769835035349566,0.49410840534171246,0.5003927729772192,0.38024351924587585
AYYLF,1.0,8.502701312065861,8.502701312065861,-12.947655521690354,-12.947655521690354,2.0,12.59859016070196,6.29929508035098,-12.947655521690354,-12.947655521690354,3.0,-4.095888848636099,0.3333333333333333,-12.947655521690354,-12.947655521690354,5.421561721404582,7.2614213765703095,-1.8398596551657276,-12.947655521690352,-12.947655521690352,-12.947655521690352,-0.0,3,3,1.0,0.39591516103692065,0.48978790259230165,0.2293794186959937,0.16732128829536527,0.5003927729772192,0.3783582089552239
BCH,1.0,5.453616013775291,5.453616013775291,-34.58096330055695,-34.58096330055695,0.0,0.0,0.0,0.0,0.0,1.0,5.453616013775291,1.0,-34.58096330055695,0.0,1.908426112377077,0.0,1.908426112377077,-34.58096330055695,0.0,-34.58096330055695,-65.99521335393628,1,1,1.0,0.6484681853888452,0.04006284367635507,0.13668499607227022,0.94344069128044,0.5003927729772192,0.37827965435978006
AAPI,1.0,8.508158508158509,8.508158508158509,-36.17021211837416,-36.17021211837416,2.0,12.543381861623505,6.2716909308117526,-36.17021211837416,-36.17021211837416,3.0,-4.035223353464996,0.3333333333333333,-36.17021211837416,-36.17021211837416,6.302998847292006,7.339885353599384,-1.0368865063073782,-36.17021211837416,-36.17021211837416,-36.17021211837416,-0.0,3,3,1.0,0.4626865671641791,0.48978790259230165,0.1272584446190102,0.16732128829536527,0.5003927729772192,0.3779654359780047
ABSCF,2.0,20.227117800369577,10.113558900184788,0.0,0.0,3.0,20.927767089926572,6.975922363308857,0.0,0.0,5.0,-0.7006492895569956,0.4,0.0,0.0,8.170368325629633,12.051167422515105,-3.8807990968854718,0.0,0.0,0.0,-0.0,4,5,1.0,0.24509033778476041,0.48978790259230165,0.40769835035349566,0.2584446190102121,0.5003927729772192,0.3778868813825609
APH,2.0,21.182472452644234,10.591236226322117,49.603671730453534,49.603671730453534,3.0,31.643650824687747,10.547883608229249,49.603671730453534,49.603671730453534,5.0,-10.461178372043513,0.4,49.603671730453534,49.603671730453534,13.283207605202465,22.580164185377143,-9.296956580174678,49.603671730453534,49.603671730453534,49.60367173045354,-0.0,4,5,1.0,0.03534956794972506,0.48978790259230165,0.7195600942655145,0.2584446190102121,0.5003927729772192,0.37733699921445407
ADSK,1.0,5.246746203904555,5.246746203904555,96.85441811739987,96.85441811739987,2.0,25.561982695165028,12.780991347582514,96.85441811739987,96.85441811739987,3.0,-20.31523649126047,0.3333333333333333,96.85441811739987,96.85441811739987,2.1331678188667555,16.915507185758404,-14.782339366891648,96.85441811739987,96.85441811739987,96.85441811739987,-0.0,3,3,1.0,0.003142183817753339,0.48978790259230165,0.8114689709347996,0.16732128829536527,0.5003927729772192,0.3769442262372348
AVLP,1.0,12.948709058548872,12.948709058548872,-76.00000053644183,-76.00000053644183,2.0,13.359736627471179,6.679868313735589,-76.00000053644183,-76.00000053644183,3.0,-0.4110275689223073,0.3333333333333333,-76.00000053644183,-76.00000053644183,7.106402203727747,7.457817488202879,-0.3514152844751326,-76.00000053644183,-76.00000053644183,-76.00000053644183,-0.0,3,3,1.0,0.5145326001571092,0.48978790259230165,0.041633935585231735,0.16732128829536527,0.5003927729772192,0.376394344069128
AGO,1.0,5.087624986560586,5.087624986560586,2.354200923423706,2.354200923423706,1.0,11.928494041170095,11.928494041170095,2.354200923423706,2.354200923423706,2.0,-6.8408690546095094,0.5,2.354200923423706,2.354200923423706,4.378959406992124,11.928494041170095,-7.549534634177972,2.354200923423706,2.354200923423706,2.354200923423706,-0.0,2,2,1.0,0.0816967792615868,0.48978790259230165,0.5231736056559309,0.49410840534171246,0.5003927729772192,0.3755302435192459
AEO,2.0,14.859943977591033,7.429971988795517,62.5829879877714,62.5829879877714,4.0,28.40145922650742,7.100364806626855,62.5829879877714,62.5829879877714,6.0,-13.541515248916387,0.3333333333333333,62.5829879877714,62.5829879877714,8.887722760532707,18.040141710073083,-9.152418949540376,62.5829879877714,62.58298798777139,62.58298798777139,-0.0,6,6,1.0,0.03927729772191673,0.48978790259230165,0.7501963864886095,0.16732128829536527,0.5003927729772192,0.3755302435192458
BCML,2.0,19.876549536947714,9.938274768473857,-15.143782387191598,-15.143782387191598,2.0,20.20316302531692,10.10158151265846,-15.143782387191598,-15.143782387191598,4.0,-0.3266134883692047,0.5,-15.143782387191598,-15.143782387191598,9.753814096823392,13.050263573462333,-3.2964494766389407,-15.1437823871916,-15.143782387191598,-15.1437823871916,-0.0,4,4,1.0,0.2820109976433621,0.48978790259230165,0.22073841319717202,0.49410840534171246,0.5003927729772192,0.37513747054202673
AVHHL,1.0,9.773107236684975,9.773107236684975,-72.34350663124177,-72.34350663124177,0.0,0.0,0.0,0.0,0.0,1.0,9.773107236684975,1.0,-72.34350663124177,0.0,2.94360333208677,0.0,2.94360333208677,-72.34350663124177,0.0,-72.34350663124177,-212.95058717456462,1,1,1.0,0.7077769049489395,0.02513747054202671,0.05027494108405342,0.94344069128044,0.5003927729772192,0.37431264728986646
ALX,1.0,11.229193341869395,11.229193341869395,-23.942872583721385,-23.942872583721385,1.0,12.649647887323944,12.649647887323944,-23.942872583721385,-23.942872583721385,2.0,-1.4204545454545485,0.5,-23.942872583721385,-23.942872583721385,9.665056278166139,12.649647887323944,-2.984591609157805,-23.94287258372139,-23.942872583721385,-23.94287258372139,-0.0,1,2,1.0,0.30479183032207385,0.48978790259230165,0.18067556952081698,0.49410840534171246,0.5003927729772192,0.3739591516103692
AUDC,1.0,7.693010924715454,7.693010924715454,73.15624786370078,73.15624786370078,3.0,20.381126272849755,6.793708757616585,73.15624786370078,73.15624786370078,4.0,-12.688115348134302,0.25,73.15624786370078,73.15624786370078,5.69912266493272,14.778726310179575,-9.079603645246856,73.15624786370078,73.15624786370078,73.15624786370078,-0.0,4,4,1.0,0.041633935585231735,0.48978790259230165,0.7761194029850746,0.09230164964650432,0.5003927729772192,0.3739198743126474
ADD,1.0,5.746795333429354,5.746795333429354,-78.10004223987511,-78.10004223987511,1.0,7.62350394703336,7.62350394703336,-78.10004223987511,-78.10004223987511,2.0,-1.8767086136040056,0.5,-78.10004223987511,-78.10004223987511,2.3364726233112356,4.183867673940646,-1.8473950506294101,-78.10004223987511,-78.10004223987511,-78.10004223987511,-0.0,2,2,1.0,0.394344069128044,0.48978790259230165,0.03927729772191673,0.49410840534171246,0.5003927729772192,0.3725451688923802
BAP,1.0,5.770113284732785,5.770113284732785,-45.250804465710026,-45.250804465710026,1.0,6.989745490486781,6.989745490486781,-45.250804465710026,-45.250804465710026,2.0,-1.219632205753996,0.5,-45.250804465710026,-45.250804465710026,2.019180454975766,4.456858497405712,-2.437678042429946,-45.250804465710026,-45.250804465710026,-45.250804465710026,-0.0,2,2,1.0,0.34642576590730556,0.48978790259230165,0.10919088766692851,0.49410840534171246,0.5003927729772192,0.372152395915161
BERY,1.0,5.846042120551924,5.846042120551924,51.17512469293253,51.17512469293253,2.0,18.04127698491267,9.020638492456335,51.17512469293253,51.17512469293253,3.0,-12.195234864360746,0.3333333333333333,51.17512469293253,51.17512469293253,5.0317350836759,13.96985116205246,-8.93811607837656,51.17512469293253,51.17512469293252,51.17512469293252,-0.0,3,3,1.0,0.04320502749410841,0.48978790259230165,0.7266300078554595,0.16732128829536527,0.5003927729772192,0.3719952867242733
AMADF,2.0,13.856167158926166,6.928083579463083,-8.88839764984193,-8.88839764984193,3.0,16.862251442165622,5.620750480721874,-8.88839764984193,-8.88839764984193,5.0,-3.0060842832394563,0.4,-8.88839764984193,-8.88839764984193,6.2204905467985965,9.003354907423752,-2.7828643606251555,-8.88839764984193,-8.88839764984193,-8.88839764984193,-0.0,5,5,1.0,0.32600157109190886,0.48978790259230165,0.2537313432835821,0.2584446190102121,0.5003927729772192,0.37136684996072267
AMCF,3.0,16.81549064077748,5.6051635469258265,-97.14285730322622,-97.14285730322624,1.0,8.388704318936876,8.388704318936876,-97.14285730322624,-97.14285730322624,4.0,8.426786321840604,0.75,-97.12008294741078,-97.03877752350526,7.929680639540127,4.603818541984772,3.325862097555355,-97.12008294741078,-97.03877752350526,-97.0997565914344,-0.27041062769303703,4,4,1.0,0.7219167321288296,0.05263157894736842,0.002356637863315004,0.8735271013354281,0.5003927729772192,0.37022780832678714
AAMTF,2.0,32.13598884397246,16.06799442198623,28.86363608654866,28.86363608654866,3.0,40.20789032949109,13.402630109830364,28.863636086548656,28.86363608654866,5.0,-8.07190148551863,0.4,28.86363608654866,28.86363608654866,21.954594427543956,30.468476838382927,-8.51388241083897,28.86363608654866,28.863636086548656,28.86363608654866,-0.0,5,5,1.0,0.05498821681068342,0.48978790259230165,0.6543597800471328,0.2584446190102121,0.5003927729772192,0.37018853102906524
ATLKY,1.0,10.366922565435532,10.366922565435532,81.52295580440749,81.52295580440749,3.0,28.578509708915192,9.52616990297173,81.52295580440749,81.52295580440749,4.0,-18.21158714347966,0.25,81.52295580440749,81.52295580440749,8.922892943051286,19.830158116845098,-10.907265173793812,81.52295580440749,81.5229558044075,81.5229558044075,-0.0,4,4,1.0,0.01767478397486253,0.48978790259230165,0.7918303220738413,0.09230164964650432,0.5003927729772192,0.36987431264728987
ARYX,1.0,5.817152103559871,5.817152103559871,27.77778115525684,27.77778115525684,2.0,15.099601696337167,7.549800848168584,27.77778115525684,27.77778115525684,3.0,-9.282449592777297,0.3333333333333333,27.77778115525684,27.77778115525684,5.006869215611785,12.487438880258031,-7.480569664646246,27.77778115525684,27.777781155256843,27.777781155256843,-0.0,3,3,1.0,0.08483896307934014,0.48978790259230165,0.6496465043205027,0.16732128829536527,0.5003927729772192,0.3690887666928515
ASOMY,1.0,7.453416149068323,7.453416149068323,-9.509490792896113,-9.509490792896113,2.0,13.35298751903792,6.67649375951896,-9.509490792896113,-9.509490792896113,3.0,-5.899571369969598,0.3333333333333333,-9.509490792896113,-9.509490792896113,2.608231670393704,4.9859790936666375,-2.3777474232729334,-9.509490792896113,-9.509490792896115,-9.509490792896115,-0.0,3,3,1.0,0.3519245875883739,0.48978790259230165,0.24823252160251374,0.16732128829536527,0.5003927729772192,0.3689316575019639
BCRD,1.0,5.139851781018408,5.139851781018408,-30.591612062916035,-30.591612062916035,2.0,13.303876228375216,6.651938114187608,-30.591612062916035,-30.591612062916035,3.0,-8.164024447356809,0.3333333333333333,-30.591612062916035,-30.591612062916035,3.807695850981816,5.39324052368326,-1.585544672701444,-30.591612062916038,-30.591612062916035,-30.591612062916038,-0.0,3,3,1.0,0.41633935585231735,0.48978790259230165,0.15082482325216026,0.16732128829536527,0.5003927729772192,0.36877454831107614
AE,2.0,15.110204393354255,7.555102196677128,4.839615331680468,4.839615331680468,3.0,27.527398705253802,9.175799568417935,4.839615331680468,4.839615331680468,5.0,-12.417194311899546,0.4,4.839615331680468,4.839615331680468,8.294762988248914,14.672551179256946,-6.377788191008031,4.839615331680469,4.839615331680468,4.839615331680468,-0.0,5,5,1.0,0.1249018067556952,0.48978790259230165,0.5388845247446976,0.2584446190102121,0.5003927729772192,0.3680675569520817
ATLCY,1.0,10.366922565435532,10.366922565435532,74.89152696476187,74.89152696476187,3.0,28.578509708915192,9.52616990297173,74.89152696476187,74.89152696476187,4.0,-18.21158714347966,0.25,74.89152696476187,74.89152696476187,8.922892943051286,19.830158116845098,-10.907265173793812,74.89152696476187,74.89152696476187,74.89152696476187,-0.0,4,4,1.0,0.01767478397486253,0.48978790259230165,0.781618224666143,0.09230164964650432,0.5003927729772192,0.36783189316575027
ARTNB,1.0,6.680526680526681,6.680526680526681,7.062152356747475,7.062152356747475,2.0,17.22508058490601,8.612540292453005,7.062152356747475,7.062152356747475,3.0,-10.54455390437933,0.3333333333333333,7.062152356747475,7.062152356747475,3.155657358574762,9.050713371090225,-5.895056012515463,7.062152356747475,7.062152356747476,7.062152356747475,-0.0,3,3,1.0,0.1406127258444619,0.48978790259230165,0.5577376276512176,0.16732128829536527,0.5003927729772192,0.367439120188531
AER,1.0,12.655343827671912,12.655343827671912,4.213541826045546,4.213541826045546,2.0,25.85999080232665,12.929995401163325,4.213541826045546,4.213541826045546,3.0,-13.204646974654738,0.3333333333333333,4.213541826045546,4.213541826045546,9.375309296531267,14.87663131384541,-5.501322017314143,4.213541826045546,4.213541826045546,4.213541826045546,-0.0,3,3,1.0,0.15475255302435192,0.48978790259230165,0.5349567949725059,0.16732128829536527,0.5003927729772192,0.3671249018067556
AAUAF,1.0,9.361704117223516,9.361704117223516,-40.24577741384662,-40.24577741384662,2.0,11.93229539517999,5.966147697589995,-40.24577741384662,-40.24577741384662,3.0,-2.570591277956474,0.3333333333333333,-40.24577741384662,-40.24577741384662,3.2760136666258326,4.6642381853306185,-1.388224518704786,-40.24577741384662,-40.24577741384662,-40.24577741384662,-0.0,3,3,1.0,0.43205027494108406,0.48978790259230165,0.11704634721131187,0.16732128829536527,0.5003927729772192,0.36673212882953643
BBDO,1.0,5.770113284732785,5.770113284732785,-58.2752622208256,-58.2752622208256,0.0,0.0,0.0,0.0,0.0,1.0,5.770113284732785,1.0,-58.2752622208256,0.0,2.019180454975766,0.0,2.019180454975766,-58.275262220825596,0.0,-58.275262220825596,-117.6682704848787,1,1,1.0,0.6567164179104478,0.032992930086410056,0.07462686567164178,0.94344069128044,0.5003927729772192,0.36622152395915164
AMIGY,1.0,14.201029248908863,14.201029248908863,68.22630969467546,68.22630969467546,3.0,27.21074197682568,9.07024732560856,68.22630969467546,68.22630969467546,4.0,-13.009712727916817,0.25,68.22630969467546,68.22630969467546,9.054976031108499,19.560576383389158,-10.50560035228066,68.22630969467546,68.22630969467545,68.22630969467545,-0.0,4,4,1.0,0.021209740769835034,0.48978790259230165,0.7659073055773763,0.09230164964650432,0.5003927729772192,0.36575019638648865
AMRN,2.0,34.61961502071859,17.309807510359295,-69.04631099398854,-69.04631099398854,2.0,36.64313476060464,18.32156738030232,-69.04631099398854,-69.04631099398854,4.0,-2.023519739886048,0.5,-69.04631099398854,-69.04631099398854,20.838163534727155,23.185927699987392,-2.3477641652602372,-69.04631099398854,-69.04631099398854,-69.04631099398854,-0.0,4,4,1.0,0.35506677140612725,0.48978790259230165,0.05734485467399843,0.49410840534171246,0.5003927729772192,0.36437549096622157
BDNNY,2.0,17.340191654751973,8.670095827375986,22.632443753802377,22.632443753802377,3.0,28.45429645339993,9.484765484466644,22.632443753802377,22.632443753802377,5.0,-11.114104798647958,0.4,22.632443753802377,22.632443753802377,11.612641803985687,20.088689214827674,-8.476047410841987,22.632443753802374,22.632443753802377,22.632443753802374,-0.0,5,5,1.0,0.05577376276512176,0.48978790259230165,0.6237234878240377,0.2584446190102121,0.5003927729772192,0.36429693637077765
BDRL,1.0,9.56877282887205,9.56877282887205,58.88888400461948,58.88888400461948,3.0,20.313712841640523,6.771237613880174,58.88888400461948,58.88888400461948,4.0,-10.744940012768474,0.25,58.88888400461948,58.88888400461948,3.8903727131695995,13.60321204875616,-9.71283933558656,58.88888400461948,58.88888400461948,58.88888400461948,-0.0,4,4,1.0,0.029850746268656716,0.48978790259230165,0.7454831107619796,0.09230164964650432,0.5003927729772192,0.36425765907305585
ALV,1.0,12.22222222222222,12.22222222222222,8.468401612228007,8.468401612228007,2.0,24.183035890501117,12.091517945250558,8.468401612228007,8.468401612228007,3.0,-11.960813668278897,0.3333333333333333,8.468401612228007,8.468401612228007,7.7932329642661164,14.18831474619294,-6.395081781926824,8.468401612228007,8.468401612228009,8.468401612228009,-0.0,3,3,1.0,0.12411626080125687,0.48978790259230165,0.5632364493322859,0.16732128829536527,0.5003927729772192,0.3635899450117831
ASOZF,1.0,11.756367600089488,11.756367600089488,41.53138164981361,41.53138164981361,3.0,28.50171285679055,9.500570952263518,41.53138164981361,41.53138164981361,4.0,-16.745345256701064,0.25,41.53138164981361,41.53138164981361,10.118799367182136,18.45389580405187,-8.335096436869735,41.53138164981361,41.53138164981361,41.53138164981361,-0.0,4,4,1.0,0.05734485467399843,0.48978790259230165,0.6959937156323645,0.09230164964650432,0.5003927729772192,0.3626080125687353
BCTX,2.0,12.509795345616242,6.254897672808121,-24.742856706891743,-24.742856706891743,3.0,23.70556269215913,7.90185423071971,-24.742856706891743,-24.742856706891743,5.0,-11.195767346542889,0.4,-24.742856706891743,-24.742856706891743,10.959135127472674,13.3595994907223,-2.4004643632496254,-24.742856706891743,-24.742856706891743,-24.742856706891743,-0.0,5,5,1.0,0.35035349567949725,0.48978790259230165,0.17282010997643363,0.2584446190102121,0.5003927729772192,0.3624901806755695
AAT,2.0,34.5756454443272,17.2878227221636,-19.99578974313443,-19.99578974313443,2.0,36.52827028427598,18.26413514213799,-19.99578974313443,-19.99578974313443,4.0,-1.9526248399487827,0.5,-19.99578974313443,-19.99578974313443,15.095003329671353,18.86194441842415,-3.766941088752798,-19.99578974313443,-19.99578974313443,-19.99578974313443,-0.0,4,4,1.0,0.2537313432835821,0.48978790259230165,0.19795758051846032,0.49410840534171246,0.5003927729772192,0.3620974076983503
AYAMF,0.0,0.0,0.0,0.0,0.0,1.0,11.92211683320913,11.92211683320913,0.0,0.0,1.0,-11.92211683320913,0.0,0.0,0.0,0.0,3.590872583903622,-3.590872583903622,0.0,0.0,0.0,-0.0,1,1,1.0,0.2655145326001571,0.48978790259230165,0.40769835035349566,0.037706205813040065,0.5003927729772192,0.3619402985074627
AIKO,1.0,9.763516828574232,9.763516828574232,-97.80123120096395,-97.80123120096395,3.0,22.29678825109855,7.432262750366184,-97.80123120096395,-97.80123120096395,4.0,-12.533271422524319,0.25,-97.12008294741078,-97.03877752350526,2.9407147566739384,10.842083030414981,-7.901368273741043,-97.12008294741078,-97.03877752350525,-97.05910387948163,0.6424240969301351,4,4,1.0,0.06834249803613511,0.9300864100549883,0.01021209740769835,0.09230164964650432,0.5003927729772192,0.36084053417124906
AYAAF,3.0,35.58247408854825,11.860824696182751,-35.55555570272752,-35.55555570272752,4.0,39.32479049476179,9.831197623690448,-35.55555570272752,-35.55555570272752,7.0,-3.74231640621354,0.42857142857142855,-35.55555570272752,-35.55555570272752,24.80622592770434,27.12721694712071,-2.320991019416372,-35.55555570272752,-35.55555570272752,-35.55555570272752,-0.0,6,7,1.0,0.3582089552238806,0.48978790259230165,0.1311861743912019,0.30086410054988216,0.5003927729772192,0.36076197957580514
ARGYF,2.0,17.7071328185041,8.85356640925205,0.0,0.0,3.0,23.673160030937932,7.891053343645978,0.0,0.0,5.0,-5.966027212433833,0.4,0.0,0.0,9.991735790699364,14.868445915572394,-4.87671012487303,0.0,0.0,0.0,-0.0,5,5,1.0,0.18695993715632364,0.48978790259230165,0.40769835035349566,0.2584446190102121,0.5003927729772192,0.36044776119402977
AMPY,2.0,12.256547348207482,6.128273674103741,-40.9460969325609,-40.9460969325609,2.0,12.48003995429885,6.240019977149425,-40.9460969325609,-40.9460969325609,4.0,-0.22349260609136756,0.5,-40.9460969325609,-40.9460969325609,7.1964676274700645,10.219043110134692,-3.022575482664627,-40.9460969325609,-40.946096932560906,-40.946096932560906,-0.0,4,4,1.0,0.3016496465043205,0.48978790259230165,0.11626080125687353,0.49410840534171246,0.5003927729772192,0.3601335428122545
AERN,3.0,27.468732305573305,9.156244101857768,0.0,0.0,4.0,35.91012482042807,8.977531205107017,0.0,0.0,7.0,-8.441392514854762,0.42857142857142855,0.0,0.0,12.937870819864907,18.186393615914263,-5.248522796049356,0.0,0.0,0.0,-0.0,6,7,1.0,0.1633935585231736,0.48978790259230165,0.40769835035349566,0.30086410054988216,0.5003927729772192,0.3576197957580518
ABPR,1.0,7.026836158192092,7.026836158192092,-65.79804715200382,-65.79804715200382,2.0,13.755008714842493,6.877504357421246,-65.79804715200382,-65.79804715200382,3.0,-6.728172556650401,0.3333333333333333,-65.79804715200382,-65.79804715200382,4.480508551297066,5.857911240082473,-1.3774026887854065,-65.79804715200382,-65.79804715200382,-65.79804715200382,-0.0,3,3,1.0,0.43597800471327575,0.48978790259230165,0.06284367635506677,0.16732128829536527,0.5003927729772192,0.357069913589945
ABEV,1.0,14.937430882952096,14.937430882952096,-38.929439501382525,-38.929439501382525,2.0,20.116660319911116,10.058330159955558,-38.929439501382525,-38.929439501382525,3.0,-5.1792294369590195,0.3333333333333333,-38.929439501382525,-38.929439501382525,6.0731061914805515,7.894377245390489,-1.8212710539099373,-38.929439501382525,-38.929439501382525,-38.929439501382525,-0.0,3,3,1.0,0.396700706991359,0.48978790259230165,0.12175962293794187,0.16732128829536527,0.5003927729772192,0.357069913589945
ARYC,2.0,20.198525888518436,10.099262944259218,-99.66045296370524,-99.66045296370524,1.0,10.733590733590734,10.733590733590734,-99.66045296370524,-99.66045296370524,3.0,9.464935154927701,0.6666666666666666,-97.12008294741078,-97.03877752350526,10.696421153238793,7.951639588784463,2.74478156445433,-97.1200829474108,-97.03877752350526,-97.09298113944227,-0.2231656286260132,3,3,1.0,0.6975648075412412,0.05341712490180676,0.003534956794972506,0.802827965435978,0.5003927729772192,0.35632364493322854
AEOXF,1.0,10.467743626177803,10.467743626177803,-26.95013594953981,-26.95013594953981,2.0,20.289354548272925,10.144677274136463,-26.95013594953981,-26.95013594953981,3.0,-9.821610922095122,0.3333333333333333,-26.95013594953981,-26.95013594953981,6.674528020010352,8.810255243645432,-2.1357272236350804,-26.950135949539806,-26.95013594953981,-26.95013594953981,-0.0,2,3,1.0,0.3676355066771406,0.48978790259230165,0.16025137470542028,0.16732128829536527,0.5003927729772192,0.3560487038491751
ASND,1.0,15.121951219512194,15.121951219512194,0.0,0.0,3.0,23.148808148325536,7.716269382775178,0.0,0.0,4.0,-8.026856928813341,0.25,0.0,0.0,9.642181805012182,13.947171459080904,-4.304989654068722,0.0,0.0,0.0,-0.0,4,4,1.0,0.22073841319717202,0.48978790259230165,0.40769835035349566,0.09230164964650432,0.5003927729772192,0.3539670070699136
ARHTF,0.0,0.0,0.0,0.0,0.0,1.0,5.302847974328119,5.302847974328119,0.0,0.0,1.0,-5.302847974328119,0.0,0.0,0.0,0.0,3.928446400887409,-3.928446400887409,0.0,0.0,0.0,-0.0,1,1,1.0,0.23880597014925373,0.48978790259230165,0.40769835035349566,0.037706205813040065,0.5003927729772192,0.35392772977219167
ASKE,1.0,7.928820399926618,7.928820399926618,0.0,0.0,2.0,14.368137290365851,7.184068645182926,0.0,0.0,3.0,-6.439316890439233,0.3333333333333333,0.0,0.0,2.3881148117492885,7.154190688129349,-4.766075876380061,0.0,0.0,0.0,-0.0,3,3,1.0,0.19402985074626866,0.48978790259230165,0.40769835035349566,0.16732128829536527,0.5003927729772192,0.3534564021995287
ABVC,1.0,10.112126245847175,10.112126245847175,-61.20574482957541,-61.20574482957541,2.0,12.319600144497546,6.159800072248773,-61.20574482957541,-61.20574482957541,3.0,-2.2074738986503704,0.3333333333333333,-61.20574482957541,-61.20574482957541,3.0457138953746345,4.64208921633076,-1.5963753209561253,-61.2057448295754,-61.20574482957541,-61.2057448295754,-0.0,3,3,1.0,0.41555380989787905,0.48978790259230165,0.06834249803613511,0.16732128829536527,0.5003927729772192,0.3520424194815397
AGTK,1.0,6.067752199139061,6.067752199139061,-99.3602193166281,-99.3602193166281,0.0,0.0,0.0,0.0,0.0,1.0,6.067752199139061,1.0,-97.12008294741078,0.0,2.123335546730986,0.0,2.123335546730986,-97.1200829474108,0.0,-97.1200829474108,-206.21852442369917,1,1,1.0,0.6645718774548312,0.025923016496465043,0.0007855459544383347,0.94344069128044,0.5003927729772192,0.3516889238020424
ACMR,1.0,11.49007030067839,11.49007030067839,0.0,0.0,2.0,13.52267601664714,6.76133800832357,0.0,0.0,3.0,-2.0326057159687494,0.3333333333333333,0.0,0.0,7.326392287825795,12.182912833071372,-4.856520545245576,0.0,0.0,0.0,-0.0,3,3,1.0,0.18774548311076197,0.48978790259230165,0.40769835035349566,0.16732128829536527,0.5003927729772192,0.3515710919088766
AGESF,3.0,26.98610155233798,8.995367184112661,-16.841729380192152,-16.841729380192152,4.0,30.649554663643855,7.662388665910964,-16.841729380192152,-16.841729380192152,7.0,-3.6634531113058735,0.42857142857142855,-16.841729380192152,-16.841729380192152,18.38441873701901,21.825238498258,-3.4408197612389877,-16.841729380192152,-16.841729380192152,-16.841729380192152,-0.0,7,7,1.0,0.27336999214454044,0.48978790259230165,0.20974076983503534,0.30086410054988216,0.5003927729772192,0.3510212097407699
ABAT,2.0,20.36474716425147,10.182373582125734,0.0,0.0,2.0,23.586473762266472,11.793236881133236,0.0,0.0,4.0,-3.221726598015003,0.5,0.0,0.0,7.734389744370035,15.38586912688724,-7.651479382517205,0.0,0.0,0.0,-0.0,4,4,1.0,0.0769835035349568,0.48978790259230165,0.40769835035349566,0.49410840534171246,0.5003927729772192,0.3510212097407699
ACIC,2.0,15.0920245398773,7.54601226993865,-69.1823898666748,-69.1823898666748,2.0,21.62079808097507,10.810399040487535,-69.1823898666748,-69.1823898666748,4.0,-6.52877354109777,0.5,-69.1823898666748,-69.1823898666748,8.999729447264718,11.922816269921563,-2.9230868226568454,-69.1823898666748,-69.18238986667481,-69.18238986667481,-0.0,3,4,1.0,0.3110761979575805,0.48978790259230165,0.056559308719560095,0.49410840534171246,0.5003927729772192,0.3510212097407699
BHLB,1.0,16.176470588235293,16.176470588235293,-10.905216578433912,-10.905216578433912,2.0,22.60811718799063,11.304058593995315,-10.905216578433912,-10.905216578433912,3.0,-6.431646599755336,0.3333333333333333,-10.905216578433912,-10.905216578433912,11.983824158086612,15.106080877985663,-3.1222567198990507,-10.905216578433912,-10.905216578433912,-10.905216578433913,-0.0,3,3,1.0,0.2945797329143755,0.48978790259230165,0.24351924587588375,0.16732128829536527,0.5003927729772192,0.35078554595443834
AHAHF,0.0,0.0,0.0,0.0,0.0,1.0,5.585259605699585,5.585259605699585,0.0,0.0,1.0,-5.585259605699585,0.0,0.0,0.0,0.0,4.13766208313984,-4.13766208313984,0.0,0.0,0.0,-0.0,1,1,1.0,0.22780832678711704,0.48978790259230165,0.40769835035349566,0.037706205813040065,0.5003927729772192,0.3506284367635506
ACGX,2.0,12.875426272466463,6.437713136233231,-26.272759480365654,-26.272759480365654,2.0,14.537478382385736,7.268739191192868,-26.272759480365654,-26.272759480365654,4.0,-1.6620521099192729,0.5,-26.272759480365654,-26.272759480365654,8.675657886520364,12.606874280705753,-3.9312163941853893,-26.272759480365654,-26.272759480365657,-26.272759480365657,-0.0,4,4,1.0,0.2380204241948154,0.48978790259230165,0.1633935585231736,0.49410840534171246,0.5003927729772192,0.35047132757266297
BCTF,1.0,7.655642902322217,7.655642902322217,-12.32783600281168,-12.32783600281168,2.0,14.579914784615063,7.289957392307532,-12.32783600281168,-12.32783600281168,3.0,-6.924271882292846,0.3333333333333333,-12.32783600281168,-12.32783600281168,4.881453433284063,7.915399840402712,-3.0339464071186484,-12.32783600281168,-12.32783600281168,-12.32783600281168,-0.0,3,3,1.0,0.30086410054988216,0.48978790259230165,0.2317360565593087,0.16732128829536527,0.5003927729772192,0.35031421838177534
BELFB,3.0,20.310768527991193,6.770256175997065,-10.92857217156157,-10.92857217156157,4.0,22.86595270209826,5.716488175524565,-10.92857217156157,-10.92857217156157,7.0,-2.5551841741070653,0.42857142857142855,-10.92857217156157,-10.92857217156157,10.223774552131038,14.042178856120369,-3.8184043039893307,-10.92857217156157,-10.928572171561568,-10.92857217156157,-0.0,7,7,1.0,0.24823252160251374,0.48978790259230165,0.24194815396700706,0.30086410054988216,0.5003927729772192,0.34992144540455616
ALNT,2.0,30.467757700246093,15.233878850123046,31.159577799516,31.159577799516,4.0,47.05821875304032,11.76455468826008,31.159577799516,31.159577799516,6.0,-16.59046105279423,0.3333333333333333,31.159577799516,31.159577799516,17.145033730507187,28.717423409604898,-11.57238967909771,31.159577799515997,31.159577799515997,31.159577799515997,-0.0,5,6,1.0,0.01335428122545169,0.48978790259230165,0.6590730557737627,0.16732128829536527,0.5003927729772192,0.349528672427337
BFS,1.0,10.106895444327202,10.106895444327202,-18.005449397254264,-18.005449397254264,2.0,11.606389244662111,5.8031946223310555,-18.005449397254264,-18.005449397254264,3.0,-1.4994938003349088,0.3333333333333333,-18.005449397254264,-18.005449397254264,3.5367842422896514,6.42576859649413,-2.888984354204479,-18.005449397254264,-18.005449397254267,-18.005449397254267,-0.0,3,3,1.0,0.31421838177533384,0.48978790259230165,0.20502749410840534,0.16732128829536527,0.5003927729772192,0.3489787902592302
BBNA,3.0,31.92104736077321,10.640349120257737,-19.68743496146324,-19.68743496146324,3.0,40.10775312812413,13.369251042708044,-19.68743496146324,-19.68743496146324,6.0,-8.186705767350922,0.5,-19.68743496146324,-19.68743496146324,14.2372061448018,18.781362365162344,-4.544156220360545,-19.687434961463243,-19.687434961463236,-19.68743496146324,-0.0,6,6,1.0,0.206598586017282,0.48978790259230165,0.199528672427337,0.49410840534171246,0.5003927729772192,0.34827179890023563
BEKAY,1.0,14.114665821982896,14.114665821982896,0.0,0.0,2.0,25.00205638961089,12.501028194805444,0.0,0.0,3.0,-10.887390567627993,0.3333333333333333,0.0,0.0,5.73859488059585,10.78286648092868,-5.04427160033283,0.0,0.0,0.0,-0.0,3,3,1.0,0.17596229379418696,0.48978790259230165,0.40769835035349566,0.16732128829536527,0.5003927729772192,0.3480361351139041
AGRPY,2.0,16.135705477165985,8.067852738582992,-8.372245531909549,-8.372245531909549,3.0,22.109764768450827,7.369921589483609,-8.372245531909549,-8.372245531909549,5.0,-5.974059291284842,0.4,-8.372245531909549,-8.372245531909549,7.103450867714596,10.942680965205177,-3.8392300974905815,-8.372245531909549,-8.372245531909549,-8.372245531909549,-0.0,5,5,1.0,0.24666142969363708,0.48978790259230165,0.25530243519245877,0.2584446190102121,0.5003927729772192,0.34787902592301645
ACR,1.0,6.310160427807486,6.310160427807486,-53.47481969663208,-53.47481969663208,1.0,9.402501157943492,9.402501157943492,-53.47481969663208,-53.47481969663208,2.0,-3.092340730136006,0.5,-53.47481969663208,-53.47481969663208,4.67468182034453,8.092807744987805,-3.4181259246432756,-53.47481969663208,-53.474819696632075,-53.47481969663208,-0.0,2,2,1.0,0.2749410840534171,0.48978790259230165,0.09033778476040849,0.49410840534171246,0.5003927729772192,0.34693637077769046
AYURF,1.0,5.596369922212619,5.596369922212619,0.0,0.0,2.0,16.840090740401518,8.420045370200759,0.0,0.0,3.0,-11.243720818188898,0.3333333333333333,0.0,0.0,2.275314215056508,7.421126952396428,-5.14581273733992,0.0,0.0,0.0,-0.0,3,3,1.0,0.17124901806755696,0.48978790259230165,0.40769835035349566,0.16732128829536527,0.5003927729772192,0.3466221523959151
AMBZ,2.0,15.726155757812995,7.8630778789064975,11.74807808076396,11.74807808076396,4.0,26.304778904463973,6.576194726115993,11.74807808076396,11.74807808076396,6.0,-10.578623146650978,0.3333333333333333,11.74807808076396,11.74807808076396,5.855457838354511,14.535160537441422,-8.679702699086912,11.74807808076396,11.748078080763962,11.74807808076396,-0.0,6,6,1.0,0.05106048703849175,0.48978790259230165,0.582089552238806,0.16732128829536527,0.5003927729772192,0.34544383346425767
BDPT,1.0,8.179611650485436,8.179611650485436,-73.20800334828354,-73.20800334828354,2.0,12.569679360840375,6.284839680420188,-73.20800334828354,-73.20800334828354,3.0,-4.3900677103549395,0.3333333333333333,-73.20800334828354,-73.20800334828354,3.8637749581000467,5.590991498311356,-1.7272165402113089,-73.20800334828354,-73.20800334828354,-73.20800334828354,-0.0,3,3,1.0,0.40691280439905736,0.48978790259230165,0.04713275726630008,0.16732128829536527,0.5003927729772192,0.3452081696779261
AOECF,1.0,7.768691588785046,7.768691588785046,-33.05084266322859,-33.05084266322859,1.0,18.167812461290723,18.167812461290723,-33.05084266322859,-33.05084266322859,2.0,-10.399120872505677,0.5,-33.05084266322859,-33.05084266322859,2.339884940673065,6.357603398977674,-4.017718458304609,-33.05084266322859,-33.05084266322859,-33.05084266322859,-0.0,2,2,1.0,0.23487824037706206,0.48978790259230165,0.14139827179890024,0.49410840534171246,0.5003927729772192,0.3451296150824823
ARMC,2.0,18.351821939557937,9.175910969778968,-32.02416898843865,-32.02416898843865,3.0,28.99011228346334,9.663370761154447,-32.02416898843865,-32.02416898843865,5.0,-10.638290343905403,0.4,-32.02416898843865,-32.02416898843865,9.571793587415224,12.499889865162718,-2.9280962777474944,-32.02416898843865,-32.024168988438646,-32.024168988438646,-0.0,5,5,1.0,0.30950510604870385,0.48978790259230165,0.1453260015710919,0.2584446190102121,0.5003927729772192,0.3447368421052631
AIRYY,2.0,16.645155472563623,8.322577736281811,-25.43505300285558,-25.43505300285558,2.0,20.694628612749252,10.347314306374626,-25.43505300285558,-25.43505300285558,4.0,-4.049473140185629,0.5,-25.43505300285558,-25.43505300285558,11.475431959874587,15.896828829372655,-4.421396869498068,-25.435053002855575,-25.43505300285558,-25.435053002855575,-0.0,4,4,1.0,0.211311861743912,0.48978790259230165,0.17124901806755696,0.49410840534171246,0.5003927729772192,0.3440298507462687
AHIX,3.0,26.176051629370964,8.725350543123655,-55.97777824652047,-55.97777824652047,4.0,28.335816364397175,7.083954091099294,-55.97777824652047,-55.97777824652047,7.0,-2.1597647350262115,0.42857142857142855,-55.97777824652047,-55.97777824652047,16.964173887797116,19.54740944588433,-2.583235558087214,-55.97777824652047,-55.97777824652047,-55.97777824652047,-0.0,7,7,1.0,0.3354281225451689,0.48978790259230165,0.08012568735271014,0.30086410054988216,0.5003927729772192,0.3437156323644933
ATXG,1.0,12.243886318572372,12.243886318572372,0.0,0.0,2.0,15.823623755837536,7.911811877918768,0.0,0.0,3.0,-3.5797374372651642,0.3333333333333333,0.0,0.0,9.070494076754013,14.352909891587899,-5.282415814833886,0.0,0.0,0.0,-0.0,2,3,1.0,0.1610369206598586,0.48978790259230165,0.40769835035349566,0.16732128829536527,0.5003927729772192,0.3435585231736056
ATXS,0.0,0.0,0.0,0.0,0.0,1.0,6.191314553990612,6.191314553990612,0.0,0.0,1.0,-6.191314553990612,0.0,0.0,0.0,0.0,4.586638631568149,-4.586638631568149,0.0,0.0,0.0,-0.0,1,1,1.0,0.20345640219952868,0.48978790259230165,0.40769835035349566,0.037706205813040065,0.5003927729772192,0.34332285938727414
BELFA,2.0,12.688879726844693,6.3444398634223464,16.746688187573476,16.746688187573476,4.0,22.86595270209826,5.716488175524565,16.746688187573476,16.746688187573476,6.0,-10.177072975253566,0.3333333333333333,16.746688187573476,16.746688187573476,4.577340452231777,14.042178856120369,-9.464838403888592,16.746688187573476,16.746688187573476,16.746688187573476,-0.0,6,6,1.0,0.032992930086410056,0.48978790259230165,0.5970149253731343,0.16732128829536527,0.5003927729772192,0.34300864100549877
ARLP,2.0,18.336204408480015,9.168102204240007,-16.86469561132195,-16.86469561132195,2.0,22.95687850709094,11.47843925354547,-16.86469561132195,-16.86469561132195,4.0,-4.620674098610927,0.5,-16.86469561132195,-16.86469561132195,10.988371498434056,15.941741362455808,-4.953369864021752,-16.86469561132195,-16.86469561132195,-16.86469561132195,-0.0,4,4,1.0,0.18224666142969365,0.48978790259230165,0.208955223880597,0.49410840534171246,0.5003927729772192,0.34285153181461114
ACSAF,1.0,8.070175438596493,8.070175438596493,-33.459415028435714,-33.459415028435714,1.0,11.07981220657277,11.07981220657277,-33.459415028435714,-33.459415028435714,2.0,-3.0096367679762768,0.5,-33.459415028435714,-33.459415028435714,6.946064371149591,11.07981220657277,-4.133747835423179,-33.459415028435714,-33.459415028435714,-33.459415028435714,-0.0,2,2,1.0,0.22859387274155538,0.48978790259230165,0.13904163393558522,0.49410840534171246,0.5003927729772192,0.34277297721916733
BARUF,0.0,0.0,0.0,0.0,0.0,1.0,5.357783211083945,5.357783211083945,0.0,0.0,1.0,-5.357783211083945,0.0,0.0,0.0,0.0,4.611486745736211,-4.611486745736211,0.0,0.0,0.0,-0.0,1,1,1.0,0.20109976433621368,0.48978790259230165,0.40769835035349566,0.037706205813040065,0.5003927729772192,0.3426158680282796
BGC,1.0,7.853530816027928,7.853530816027928,-3.440782481310309,-3.440782481310309,2.0,14.90086836386357,7.450434181931785,-3.440782481310309,-3.440782481310309,3.0,-7.0473375478356415,0.3333333333333333,-3.440782481310309,-3.440782481310309,4.310109096259142,8.261545401024733,-3.9514363047655916,-3.440782481310309,-3.440782481310309,-3.440782481310309,-0.0,3,3,1.0,0.23723487824037706,0.48978790259230165,0.2867242733699921,0.16732128829536527,0.5003927729772192,0.3422230950510604
ATGVF,0.0,0.0,0.0,0.0,0.0,1.0,5.468932720043656,5.468932720043656,0.0,0.0,1.0,-5.468932720043656,0.0,0.0,0.0,0.0,4.707154014673563,-4.707154014673563,0.0,0.0,0.0,-0.0,1,1,1.0,0.197172034564022,0.48978790259230165,0.40769835035349566,0.037706205813040065,0.5003927729772192,0.34143754909662216
AROW,1.0,11.576691380908247,11.576691380908247,3.194775564983679,3.194775564983679,3.0,22.358073346042193,7.452691115347398,3.194775564983679,3.194775564983679,4.0,-10.781381965133946,0.25,3.194775564983679,3.194775564983679,4.706731475657794,11.938726721099084,-7.23199524544129,3.194775564983679,3.1947755649836784,3.1947755649836784,-0.0,4,4,1.0,0.0974076983503535,0.48978790259230165,0.5286724273369993,0.09230164964650432,0.5003927729772192,0.3411626080125688
AXL,2.0,19.978570289881343,9.989285144940672,5.6294425346174455,5.6294425346174455,4.0,31.731751423142878,7.9329378557857195,5.6294425346174455,5.6294425346174455,6.0,-11.753181133261535,0.3333333333333333,5.6294425346174455,5.6294425346174455,12.362689958245364,20.6789459394559,-8.316255981210537,5.6294425346174455,5.629442534617446,5.629442534617446,-0.0,6,6,1.0,0.0589159465828751,0.48978790259230165,0.5467399842890809,0.16732128829536527,0.5003927729772192,0.3407305577376276
BDVSY,2.0,13.701951079643177,6.850975539821588,-9.225536380310048,-9.225536380310048,2.0,16.113628631693544,8.056814315846772,-9.225536380310048,-9.225536380310048,4.0,-2.4116775520503673,0.5,-9.225536380310048,-9.225536380310048,4.8942121885838645,10.674460426188812,-5.7802482376049475,-9.225536380310048,-9.225536380310048,-9.225536380310048,-0.0,4,4,1.0,0.14689709347996857,0.48978790259230165,0.2513747054202671,0.49410840534171246,0.5003927729772192,0.3407305577376276
AGRUF,1.0,14.873096446700508,14.873096446700508,10.822735535894417,10.822735535894417,3.0,31.20731591271231,10.40243863757077,10.822735535894417,10.822735535894417,4.0,-16.334219466011803,0.25,10.822735535894417,10.822735535894417,12.801392745814312,21.124667270834024,-8.323274525019713,10.822735535894417,10.822735535894415,10.822735535894415,-0.0,4,4,1.0,0.05813040062843677,0.48978790259230165,0.5781618224666143,0.09230164964650432,0.5003927729772192,0.3392772977219167
AACAF,1.0,12.68939393939394,12.68939393939394,-13.591085111101492,-13.591085111101492,2.0,17.60520640065134,8.80260320032567,-13.591085111101492,-13.591085111101492,3.0,-4.915812461257401,0.3333333333333333,-13.591085111101492,-13.591085111101492,3.821972007219231,7.389840103991178,-3.5678680967719467,-13.591085111101492,-13.591085111101492,-13.591085111101492,-0.0,3,3,1.0,0.26747839748625296,0.48978790259230165,0.22545168892380205,0.16732128829536527,0.5003927729772192,0.3390416339355852
ALLE,1.0,11.139240506329116,11.139240506329116,22.117760212272696,22.117760212272696,3.0,25.237472894492598,8.412490964830866,22.117760212272696,22.117760212272696,4.0,-14.098232388163481,0.25,22.117760212272696,22.117760212272696,7.102693334521021,16.93034796613337,-9.827654631612347,22.117760212272696,22.117760212272696,22.117760212272696,-0.0,4,4,1.0,0.029065200314218383,0.48978790259230165,0.6197957580518461,0.09230164964650432,0.5003927729772192,0.33888452474469766
BEN,1.0,5.534941249226964,5.534941249226964,10.150648563123204,10.150648563123204,2.0,15.483053132592842,7.741526566296421,10.150648563123204,10.150648563123204,3.0,-9.948111883365877,0.3333333333333333,10.150648563123204,10.150648563123204,4.100385327830164,13.527259719183624,-9.42687439135346,10.150648563123204,10.150648563123205,10.150648563123205,-0.0,3,3,1.0,0.03377847604084839,0.48978790259230165,0.5742340926944226,0.16732128829536527,0.5003927729772192,0.3386881382560879
BCAP,1.0,5.118952151831062,5.118952151831062,0.0,0.0,2.0,12.834618416896694,6.417309208448347,0.0,0.0,3.0,-7.715666265065632,0.3333333333333333,0.0,0.0,1.7913145938194668,7.6861807415289025,-5.894866147709436,0.0,0.0,0.0,-0.0,3,3,1.0,0.14139827179890024,0.48978790259230165,0.40769835035349566,0.16732128829536527,0.5003927729772192,0.3376669285153181
ACAI,1.0,8.367240479916537,8.367240479916537,-43.84422154183609,-43.84422154183609,1.0,11.445643558319617,11.445643558319617,-43.84422154183609,-43.84422154183609,2.0,-3.0784030784030794,0.5,-43.84422154183609,-43.84422154183609,7.201750621730793,11.445643558319617,-4.243892936588824,-43.84422154183609,-43.84422154183609,-43.84422154183609,-0.0,2,2,1.0,0.22388059701492538,0.48978790259230165,0.11311861743912019,0.49410840534171246,0.5003927729772192,0.3361743912018853
AVBH,1.0,9.95970424579654,9.95970424579654,-6.166529665415438,-6.166529665415438,2.0,21.63143896910743,10.815719484553714,-6.166529665415438,-6.166529665415438,3.0,-11.671734723310887,0.3333333333333333,-6.166529665415438,-6.166529665415438,3.4852764855868585,7.664227592221957,-4.178951106635099,-6.166529665415438,-6.166529665415438,-6.166529665415438,-0.0,3,3,1.0,0.22545168892380205,0.48978790259230165,0.2670856245090338,0.16732128829536527,0.5003927729772192,0.3347604084838963
ASCN,1.0,9.085477745060384,9.085477745060384,6.883003393661215,6.883003393661215,3.0,23.024846583153774,7.674948861051258,6.883003393661215,6.883003393661215,4.0,-13.93936883809339,0.25,6.883003393661215,6.883003393661215,5.79315638118361,14.336919404477706,-8.543763023294098,6.883003393661216,6.883003393661216,6.883003393661216,-0.0,4,4,1.0,0.05341712490180676,0.48978790259230165,0.5545954438334643,0.09230164964650432,0.5003927729772192,0.3331500392772977
AHCHY,3.0,26.88897522691693,8.962991742305643,-9.239857170343194,-9.239857170343194,3.0,32.74453546918002,10.91484515639334,-9.239857170343194,-9.239857170343194,6.0,-5.855560242263092,0.5,-9.239857170343194,-9.239857170343194,17.999154831039053,24.43271573788042,-6.433560906841368,-9.239857170343196,-9.239857170343194,-9.239857170343194,-0.0,6,6,1.0,0.12175962293794187,0.48978790259230165,0.25058915946582877,0.49410840534171246,0.5003927729772192,0.333032207384132
AAIGF,1.0,7.169823126981479,7.169823126981479,18.66638790591053,18.66638790591053,3.0,20.59780351165479,6.8659345038849295,18.66638790591053,18.66638790591053,4.0,-13.42798038467331,0.25,18.66638790591053,18.66638790591053,2.9150325491371385,13.895255937745766,-10.980223388608628,18.66638790591053,18.66638790591053,18.66638790591053,-0.0,4,4,1.0,0.01610369206598586,0.48978790259230165,0.605655930871956,0.09230164964650432,0.5003927729772192,0.3321681068342498
AGFAF,0.0,0.0,0.0,0.0,0.0,1.0,5.201109570041609,5.201109570041609,0.0,0.0,1.0,-5.201109570041609,0.0,0.0,0.0,0.0,5.201109570041609,-5.201109570041609,0.0,0.0,0.0,-0.0,1,1,1.0,0.1657501963864886,0.48978790259230165,0.40769835035349566,0.037706205813040065,0.5003927729772192,0.33201099764336217
AAGIY,1.0,7.169823126981479,7.169823126981479,17.903351618244333,17.903351618244333,3.0,20.59780351165479,6.8659345038849295,17.903351618244333,17.903351618244333,4.0,-13.42798038467331,0.25,17.903351618244333,17.903351618244333,2.9150325491371385,13.895255937745766,-10.980223388608628,17.903351618244333,17.903351618244336,17.903351618244336,-0.0,4,4,1.0,0.01610369206598586,0.48978790259230165,0.6017282010997643,0.09230164964650432,0.5003927729772192,0.33138256087981144
AHCHF,3.0,26.88897522691693,8.962991742305643,-7.891636473666402,-7.891636473666402,3.0,33.25794986794473,11.08598328931491,-7.891636473666402,-7.891636473666402,6.0,-6.368974641027801,0.5,-7.891636473666402,-7.891636473666402,17.999154831039053,24.946130136645138,-6.946975305606085,-7.891636473666402,-7.891636473666402,-7.891636473666402,-0.0,6,6,1.0,0.11076197957580518,0.48978790259230165,0.2584446190102121,0.49410840534171246,0.5003927729772192,0.3313040062843676
AACAY,1.0,12.68939393939394,12.68939393939394,-23.567729741152608,-23.567729741152608,2.0,17.60520640065134,8.80260320032567,-23.567729741152608,-23.567729741152608,3.0,-4.915812461257401,0.3333333333333333,-23.567729741152608,-23.567729741152608,3.821972007219231,7.389840103991178,-3.5678680967719467,-23.567729741152608,-23.567729741152604,-23.567729741152604,-0.0,3,3,1.0,0.26747839748625296,0.48978790259230165,0.18224666142969365,0.16732128829536527,0.5003927729772192,0.33040062843676354
AGLXY,2.0,27.0729973169877,13.53649865849385,-67.93802132752262,-67.93802132752262,2.0,26.33652976854091,13.168264884270455,-67.93802132752262,-67.93802132752262,4.0,0.7364675484467895,0.5,-67.93802132752262,-67.93802132752262,19.806302909218772,23.723049301828915,-3.9167463926101433,-67.93802132752262,-67.93802132752262,-67.93802132752262,-0.0,4,4,1.0,0.2403770620581304,0.48978790259230165,0.0589159465828751,0.49410840534171246,0.5003927729772192,0.3302827965435978
AMDWF,1.0,11.086036824761552,11.086036824761552,8.804018582368377,8.804018582368377,2.0,28.21540969456086,14.10770484728043,8.804018582368377,8.804018582368377,3.0,-17.12937286979931,0.3333333333333333,8.804018582368377,8.804018582368377,8.212738074931854,19.89876766528898,-11.686029590357125,8.804018582368377,8.804018582368377,8.804018582368377,-0.0,3,3,1.0,0.010997643362136685,0.48978790259230165,0.5663786331500392,0.16732128829536527,0.5003927729772192,0.3302827965435977
ACEHF,3.0,43.95900910485713,14.653003034952377,-41.66666511446233,-41.66666511446233,4.0,43.34326471650415,10.835816179126038,-41.66666511446233,-41.66666511446233,7.0,0.6157443883529794,0.42857142857142855,-41.66666511446233,-41.66666511446233,23.313756719066973,26.903059285508956,-3.589302566441983,-41.66666511446233,-41.66666511446233,-41.66666511446233,-0.0,7,7,1.0,0.2663000785545954,0.48978790259230165,0.11390416339355852,0.30086410054988216,0.5003927729772192,0.3297329143754909
AVIZF,2.0,32.67162101783681,16.335810508918406,0.0,0.0,3.0,44.442396827371496,14.814132275790499,0.0,0.0,5.0,-11.770775809534683,0.4,0.0,0.0,23.88121879702816,31.415788324879145,-7.534569527850984,0.0,0.0,0.0,-0.0,5,5,1.0,0.08326787117046347,0.48978790259230165,0.40769835035349566,0.2584446190102121,0.5003927729772192,0.3293401413982717
AHT,1.0,7.703363035354988,7.703363035354988,-94.76652881594048,-94.76652881594048,2.0,10.5244697996301,5.26223489981505,-94.76652881594048,-94.76652881594048,3.0,-2.821106764275113,0.3333333333333333,-94.76652881594048,-94.76652881594048,4.911881133504894,6.990677751510585,-2.0787966180056907,-94.76652881594048,-94.76652881594048,-94.76652881594048,-0.0,3,3,1.0,0.373134328358209,0.48978790259230165,0.018067556952081697,0.16732128829536527,0.5003927729772192,0.3292615868028279
ABLT,2.0,15.389706121107139,7.694853060553569,-62.37915090374106,-62.37915090374106,2.0,14.562860727785118,7.281430363892559,-62.37915090374106,-62.37915090374106,4.0,0.8268453933220208,0.5,-62.37915090374106,-62.37915090374106,8.55926233142984,12.681148816465317,-4.121886485035477,-62.37915090374106,-62.37915090374107,-62.37915090374106,-0.0,4,4,1.0,0.2293794186959937,0.48978790259230165,0.06598586017282011,0.49410840534171246,0.5003927729772192,0.32839748625294574
ATTBF,1.0,9.247501794291392,9.247501794291392,-60.2931470195903,-60.2931470195903,2.0,12.436959808056972,6.218479904028486,-60.2931470195903,-60.2931470195903,3.0,-3.189458013765581,0.3333333333333333,-60.2931470195903,-60.2931470195903,3.2360499627956996,5.82769599112819,-2.59164602833249,-60.2931470195903,-60.2931470195903,-60.2931470195903,-0.0,3,3,1.0,0.33385703063629224,0.48978790259230165,0.06912804399057344,0.16732128829536527,0.5003927729772192,0.3276904948939513
AGX,1.0,13.9805375347544,13.9805375347544,13.210495428502488,13.210495428502488,3.0,31.598503911630857,10.532834637210286,13.210495428502488,13.210495428502488,4.0,-17.617966376876456,0.25,13.210495428502488,13.210495428502488,5.6840623884957715,18.557229049948724,-12.873166661452952,13.210495428502488,13.210495428502487,13.210495428502488,-0.0,4,4,1.0,0.007069913589945012,0.48978790259230165,0.5852317360565593,0.09230164964650432,0.5003927729772192,0.32537313432835824
ASDRF,1.0,6.488519531997792,6.488519531997792,-18.875501628299,-18.875501628299,2.0,12.818801411787733,6.409400705893867,-18.875501628299,-18.875501628299,3.0,-6.330281879789942,0.3333333333333333,-18.875501628299,-18.875501628299,2.638035178344574,6.7171945345909725,-4.079159356246398,-18.875501628299,-18.875501628298995,-18.875501628298995,-0.0,3,3,1.0,0.23095051060487037,0.48978790259230165,0.20267085624509035,0.16732128829536527,0.5003927729772192,0.32352710133542806
BCEXF,2.0,18.906884880004228,9.453442440002114,0.0,0.0,3.0,27.069673291486456,9.023224430495485,0.0,0.0,5.0,-8.162788411482229,0.4,0.0,0.0,8.402416390288826,16.529556495069446,-8.12714010478062,0.0,0.0,0.0,-0.0,5,5,1.0,0.0636292223095051,0.48978790259230165,0.40769835035349566,0.2584446190102121,0.5003927729772192,0.32344854673998424
ADUS,1.0,8.499485621907606,8.499485621907606,-7.219269607792059,-7.219269607792059,2.0,13.769252415716284,6.884626207858142,-7.219269607792059,-7.219269607792059,3.0,-5.269766793808678,0.3333333333333333,-7.219269607792059,-7.219269607792059,4.6646166101167665,9.47169721886553,-4.807080608748764,-7.219269607792059,-7.219269607792058,-7.219269607792058,-0.0,3,3,1.0,0.19167321288295366,0.48978790259230165,0.25923016496465046,0.16732128829536527,0.5003927729772192,0.32305577376276506
ATNPQ,1.0,10.112141769347916,10.112141769347916,0.0,0.0,2.0,18.288679746430052,9.144339873215026,0.0,0.0,3.0,-8.176537977082136,0.3333333333333333,0.0,0.0,8.703601079618748,15.97549279971761,-7.271891720098862,0.0,0.0,0.0,-0.0,3,3,1.0,0.09190887666928516,0.48978790259230165,0.40769835035349566,0.16732128829536527,0.5003927729772192,0.3228201099764336
ALST,1.0,6.068524970963996,6.068524970963996,-99.79119565661834,-99.79119565661834,1.0,6.611078022632519,6.611078022632519,-99.79119565661834,-99.79119565661834,2.0,-0.5425530516685226,0.5,-97.12008294741078,-97.03877752350526,5.223227847643354,2.6878637421802565,2.5353641054630978,-97.12008294741078,-97.03877752350526,-97.07943023545802,-0.20613885334951437,2,2,1.0,0.6857816182246661,0.05420267085624509,0.006284367635506678,0.49410840534171246,0.5003927729772192,0.3227022780832679
AGNC,1.0,9.467981170619062,9.467981170619062,-3.184483842928136,-3.184483842928136,2.0,15.448809951961607,7.724404975980804,-3.184483842928136,-3.184483842928136,3.0,-5.980828781342545,0.3333333333333333,-3.184483842928136,-3.184483842928136,8.149166914194083,13.344939283618114,-5.195772369424031,-3.184483842928136,-3.1844838429281364,-3.1844838429281364,-0.0,3,3,1.0,0.16653574234092694,0.48978790259230165,0.2898664571877455,0.16732128829536527,0.5003927729772192,0.3216417910447761
AGLDF,0.0,0.0,0.0,0.0,0.0,2.0,15.774805479835585,7.887402739917793,0.0,0.0,2.0,-15.774805479835585,0.0,0.0,0.0,0.0,6.330519129416929,-6.330519129416929,0.0,0.0,0.0,-0.0,2,2,1.0,0.12804399057344854,0.48978790259230165,0.40769835035349566,0.037706205813040065,0.5003927729772192,0.3206991358994501
ABTZY,1.0,12.62141753250983,12.62141753250983,-2.4469713875526176,-2.4469713875526176,2.0,11.317467853589546,5.658733926794773,-2.4469713875526176,-2.4469713875526176,3.0,1.303949678920283,0.3333333333333333,-2.4469713875526176,-2.4469713875526176,4.416710441918561,9.886281539766113,-5.469571097847552,-2.4469713875526176,-2.446971387552618,-2.4469713875526176,-0.0,3,3,1.0,0.15710919088766692,0.48978790259230165,0.29300864100549884,0.16732128829536527,0.5003927729772192,0.31944226237234874
BEVFF,1.0,11.678447798257782,11.678447798257782,4.050876662224231,4.050876662224231,4.0,25.178025715427765,6.294506428856941,4.050876662224231,4.050876662224231,5.0,-13.499577917169983,0.2,4.050876662224231,4.050876662224231,4.086729735634456,14.14150241410569,-10.054772678471235,4.050876662224231,4.050876662224231,4.050876662224231,-0.0,5,5,1.0,0.02670856245090338,0.48978790259230165,0.5341712490180676,0.0758051846032993,0.5003927729772192,0.31940298507462683
AILIM,1.0,5.836331252974539,5.836331252974539,0.0197986565013923,0.0197986565013923,3.0,29.68591353409819,9.895304511366064,0.0197986565013923,0.0197986565013923,4.0,-23.849582281123652,0.25,0.0197986565013923,0.0197986565013923,5.023376862494037,15.461804935260133,-10.438428072766097,0.0197986565013923,0.019798656501392304,0.019798656501392304,-0.0,4,4,1.0,0.022780832678711706,0.48978790259230165,0.5090337784760408,0.09230164964650432,0.5003927729772192,0.3148468185388845
ACGBY,3.0,20.131297490894866,6.710432496964955,-16.64213434389809,-16.64213434389809,4.0,28.266572666759604,7.066643166689901,-16.64213434389809,-16.64213434389809,7.0,-8.135275175864738,0.42857142857142855,-16.64213434389809,-16.64213434389809,12.475978173104068,18.127032679230858,-5.6510545061267905,-16.64213434389809,-16.64213434389809,-16.64213434389809,-0.0,7,7,1.0,0.15082482325216026,0.48978790259230165,0.21052631578947367,0.30086410054988216,0.5003927729772192,0.31441476826394343
ASRT,1.0,6.921582805211745,6.921582805211745,-77.18495895069269,-77.18495895069269,2.0,14.191356386285964,7.095678193142982,-77.18495895069269,-77.18495895069269,3.0,-7.269773581074219,0.3333333333333333,-77.18495895069269,-77.18495895069269,2.814105565981321,5.764525668509603,-2.950420102528282,-77.18495895069269,-77.18495895069267,-77.18495895069269,-0.0,3,3,1.0,0.3087195600942655,0.48978790259230165,0.04006284367635507,0.16732128829536527,0.5003927729772192,0.3143362136684996
BCLI,2.0,10.837912087912088,5.418956043956044,-15.912063210336374,-15.912063210336374,2.0,23.10808982683983,11.554044913419915,-15.912063210336374,-15.912063210336374,4.0,-12.270177738927742,0.5,-15.912063210336374,-15.912063210336374,6.968172118870198,14.583358774240102,-7.615186655369904,-15.912063210336376,-15.91206321033637,-15.912063210336374,-0.0,4,4,1.0,0.08012568735271014,0.48978790259230165,0.2152395915161037,0.49410840534171246,0.5003927729772192,0.31347211311861745
AGOAF,3.0,18.919850874265368,6.306616958088456,-13.571431707514868,-13.571431707514868,3.0,28.227532305941615,9.409177435313872,-13.571431707514868,-13.571431707514868,6.0,-9.307681431676247,0.5,-13.571431707514868,-13.571431707514868,11.560849259177704,19.801955393686256,-8.241106134508552,-13.571431707514868,-13.571431707514867,-13.571431707514867,-0.0,6,6,1.0,0.061272584446190104,0.48978790259230165,0.22623723487824038,0.49410840534171246,0.5003927729772192,0.31001571091908875
ALTB,0.0,0.0,0.0,0.0,0.0,1.0,8.86757508938825,8.86757508938825,0.0,0.0,1.0,-8.86757508938825,0.0,0.0,0.0,0.0,7.632392610984612,-7.632392610984612,0.0,0.0,0.0,-0.0,1,1,1.0,0.07776904948939513,0.48978790259230165,0.40769835035349566,0.037706205813040065,0.5003927729772192,0.30561665357423407
AL,2.0,13.136590453020148,6.568295226510074,-6.786865181672195,-6.786865181672195,3.0,28.32719036763134,9.442396789210447,-6.786865181672195,-6.786865181672195,5.0,-15.190599914611191,0.4,-6.786865181672195,-6.786865181672195,8.223895936291122,15.363573475713014,-7.139677539421893,-6.786865181672195,-6.786865181672194,-6.786865181672195,-0.0,5,5,1.0,0.10054988216810684,0.48978790259230165,0.2631578947368421,0.2584446190102121,0.5003927729772192,0.30561665357423407
BHE,2.0,28.62341982469552,14.31170991234776,-13.247317221427238,-13.247317221427238,2.0,38.00577413284376,19.00288706642188,-13.247317221427238,-13.247317221427238,4.0,-9.38235430814824,0.5,-13.247317221427238,-13.247317221427238,19.329784707752243,28.441810843661806,-9.112026135909563,-13.24731722142724,-13.247317221427236,-13.247317221427238,-0.0,4,4,1.0,0.0408483896307934,0.48978790259230165,0.22859387274155538,0.49410840534171246,0.5003927729772192,0.3043597800471327
BFIN,1.0,10.05490616474598,10.05490616474598,-6.239831618294529,-6.239831618294529,2.0,13.82779016937667,6.913895084688335,-6.239831618294529,-6.239831618294529,3.0,-3.77288400463069,0.3333333333333333,-6.239831618294529,-6.239831618294529,5.518249503046153,11.930987834290569,-6.412738331244416,-6.239831618294529,-6.239831618294529,-6.239831618294528,-0.0,2,3,1.0,0.12333071484681854,0.48978790259230165,0.2655145326001571,0.16732128829536527,0.5003927729772192,0.3038098978790259
BELR,0.0,0.0,0.0,0.0,0.0,2.0,16.351229747806606,8.175614873903303,0.0,0.0,2.0,-16.351229747806606,0.0,0.0,0.0,0.0,8.171007352162906,-8.171007352162906,0.0,0.0,0.0,-0.0,2,2,1.0,0.06284367635506677,0.48978790259230165,0.40769835035349566,0.037706205813040065,0.5003927729772192,0.30113904163393557
AU,1.0,19.11770076324727,19.11770076324727,-21.07515582718161,-21.07515582718161,3.0,33.9270428919513,11.3090142973171,-21.07515582718161,-21.07515582718161,4.0,-14.809342128704031,0.25,-21.07515582718161,-21.07515582718161,16.454757537834343,21.299932763943705,-4.845175226109362,-21.07515582718161,-21.07515582718161,-21.07515582718161,-0.0,4,4,1.0,0.1885310290652003,0.48978790259230165,0.19167321288295366,0.09230164964650432,0.5003927729772192,0.30109976433621366
ADST,2.0,24.295666831765118,12.147833415882559,0.0,0.0,4.0,36.4009842995702,9.10024607489255,0.0,0.0,6.0,-12.10531746780508,0.3333333333333333,0.0,0.0,14.141268808386137,24.883478794786164,-10.742209986400027,0.0,0.0,0.0,-0.0,6,6,1.0,0.018853102906520033,0.48978790259230165,0.40769835035349566,0.16732128829536527,0.5003927729772192,0.300903377847604
ASCJF,1.0,10.37335965625363,10.37335965625363,-5.016807184218257,-5.016807184218257,2.0,15.407453537681874,7.703726768840937,-5.016807184218257,-5.016807184218257,3.0,-5.0340938814282445,0.3333333333333333,-5.016807184218257,-5.016807184218257,3.1243958865471435,10.126094300380553,-7.0016984138334095,-5.016807184218257,-5.016807184218257,-5.016807184218257,-0.0,3,3,1.0,0.10683424980361352,0.48978790259230165,0.27336999214454044,0.16732128829536527,0.5003927729772192,0.300432050274941
AXXDF,1.0,5.048147067405894,5.048147067405894,-51.50021759711127,-51.50021759711127,1.0,9.122176014386872,9.122176014386872,-51.50021759711127,-51.50021759711127,2.0,-4.074028946980977,0.5,-51.50021759711127,-51.50021759711127,2.384575827960185,9.122176014386872,-6.737600186426686,-51.500217597111266,-51.50021759711127,-51.50021759711127,-0.0,2,2,1.0,0.11311861743912019,0.48978790259230165,0.09505106048703849,0.49410840534171246,0.5003927729772192,0.2993322859387274
AKO-B,3.0,30.20546256766453,10.068487522554843,-29.43092976026121,-29.43092976026121,4.0,36.02887203747782,9.007218009369454,-29.43092976026121,-29.43092976026121,7.0,-5.8234094698132886,0.42857142857142855,-29.43092976026121,-29.43092976026121,13.100516258126236,19.184993731334067,-6.084477473207832,-29.430929760261215,-29.430929760261208,-29.43092976026121,-0.0,7,7,1.0,0.13511390416339356,0.48978790259230165,0.15239591516103693,0.30086410054988216,0.5003927729772192,0.29807541241162605
ARUXF,1.0,7.9712002412545235,7.9712002412545235,-30.769225478877537,-30.769225478877537,2.0,12.407249891552642,6.203624945776321,-30.769225478877537,-30.769225478877537,3.0,-4.436049650298118,0.3333333333333333,-30.769225478877537,-30.769225478877537,2.7894238701389065,7.808360069977926,-5.01893619983902,-30.769225478877537,-30.769225478877537,-30.76922547887754,-0.0,3,3,1.0,0.17989002356637862,0.48978790259230165,0.15003927729772193,0.16732128829536527,0.5003927729772192,0.2976826394344069
AVNS,2.0,19.792522588066824,9.896261294033412,-24.10411687498225,-24.10411687498225,3.0,30.15104469166279,10.050348230554263,-24.10411687498225,-24.10411687498225,5.0,-10.358522103595966,0.4,-24.10411687498225,-24.10411687498225,12.924841525642993,19.12933552595823,-6.204494000315236,-24.10411687498225,-24.104116874982246,-24.104116874982246,-0.0,5,5,1.0,0.13040062843676356,0.48978790259230165,0.17831893165750196,0.2584446190102121,0.5003927729772192,0.29760408483896306
AUTR,1.0,8.419243986254294,8.419243986254294,-54.54545214017891,-54.54545214017891,2.0,14.247311827956988,7.123655913978494,-54.54545214017891,-54.54545214017891,3.0,-5.828067841702694,0.3333333333333333,-54.54545214017891,-54.54545214017891,3.97696925847246,8.300811969429711,-4.323842710957251,-54.54545214017891,-54.54545214017891,-54.54545214017892,-0.0,3,3,1.0,0.21838177533385703,0.48978790259230165,0.08562450903377848,0.16732128829536527,0.5003927729772192,0.2963472113118617
ACTX,1.0,14.599056603773583,14.599056603773583,-90.77499036555932,-90.77499036555932,2.0,15.863978009325606,7.931989004662803,-90.77499036555932,-90.77499036555932,3.0,-1.2649214055520233,0.3333333333333333,-90.77499036555932,-90.77499036555932,4.397151348435214,8.123015419125776,-3.7258640706905624,-90.77499036555932,-90.77499036555932,-90.7749903655593,-0.0,3,3,1.0,0.25687352710133543,0.48978790259230165,0.02670856245090338,0.16732128829536527,0.5003927729772192,0.29611154752553026
AZTEF,1.0,7.087716695335285,7.087716695335285,-8.598921514357388,-8.598921514357388,2.0,11.853151658018234,5.926575829009117,-8.598921514357388,-8.598921514357388,3.0,-4.765434962682949,0.3333333333333333,-8.598921514357388,-8.598921514357388,2.8816505651602307,9.957414344775657,-7.075763779615427,-8.598921514357388,-8.598921514357388,-8.598921514357388,-0.0,3,3,1.0,0.1021209740769835,0.48978790259230165,0.2545168892380204,0.16732128829536527,0.5003927729772192,0.2952474469756481
ALNPY,3.0,37.52966992244631,12.50988997414877,-24.453953711623168,-24.453953711623168,3.0,46.05832364321057,15.352774547736857,-24.453953711623168,-24.453953711623168,6.0,-8.528653720764261,0.5,-24.453953711623168,-24.453953711623168,24.102765505716512,33.22715509753096,-9.124389591814449,-24.453953711623168,-24.453953711623164,-24.45395371162316,-0.0,6,6,1.0,0.04006284367635507,0.48978790259230165,0.1767478397486253,0.49410840534171246,0.5003927729772192,0.29375490966221524
ARCS,3.0,43.02844690816763,14.342815636055876,-70.58823705645689,-70.58823705645689,3.0,41.23580333773474,13.745267779244912,-70.58823705645689,-70.58823705645689,6.0,1.7926435704328938,0.5,-70.58823705645689,-70.58823705645689,28.1936897388675,34.63520394512414,-6.441514206256638,-70.58823705645689,-70.58823705645689,-70.58823705645689,-0.0,6,6,1.0,0.12097407698350353,0.48978790259230165,0.05341712490180676,0.49410840534171246,0.5003927729772192,0.29336213668499606
ATNI,3.0,38.44146980907889,12.813823269692962,-20.225237029353423,-20.225237029353423,4.0,44.76575011220006,11.191437528050015,-20.225237029353423,-20.225237029353423,7.0,-6.324280303121171,0.42857142857142855,-20.225237029353423,-20.225237029353423,17.055676869985433,24.360065293503887,-7.3043884235184535,-20.225237029353423,-20.22523702935342,-20.225237029353423,-0.0,7,7,1.0,0.08955223880597014,0.48978790259230165,0.19638648860958366,0.30086410054988216,0.5003927729772192,0.2932050274941084
AGPYY,1.0,9.825451136059227,9.825451136059227,-35.76187010728415,-35.76187010728415,3.0,22.69408179505048,7.564693931683493,-35.76187010728415,-35.76187010728415,4.0,-12.868630658991252,0.25,-35.76187010728415,-35.76187010728415,6.264984246735498,10.948615356008865,-4.683631109273367,-35.76187010728415,-35.761870107284146,-35.761870107284146,-0.0,3,4,1.0,0.19795758051846032,0.48978790259230165,0.13040062843676356,0.09230164964650432,0.5003927729772192,0.29167321288295367
ADVT,2.0,13.830461196785505,6.9152305983927524,-87.34177191581878,-87.34177191581878,3.0,20.276190766248707,6.758730255416236,-87.3417719158188,-87.34177191581878,5.0,-6.445729569463202,0.4,-87.34177191581878,-87.34177191581878,5.898657963943807,10.414943018147001,-4.516285054203195,-87.34177191581878,-87.34177191581877,-87.34177191581878,-0.0,5,5,1.0,0.20738413197172034,0.48978790259230165,0.031421838177533384,0.2584446190102121,0.5003927729772192,0.2913197172034564
BACHF,2.0,13.603988384676148,6.801994192338074,-13.3663358156406,-13.3663358156406,3.0,23.37086172607698,7.79028724202566,-13.366335815640602,-13.3663358156406,5.0,-9.766873341400833,0.4,-13.3663358156406,-13.3663358156406,8.452969908071928,16.232181346778777,-7.779211438706849,-13.366335815640598,-13.3663358156406,-13.3663358156406,-0.0,5,5,1.0,0.07148468185388845,0.48978790259230165,0.22780832678711704,0.2584446190102121,0.5003927729772192,0.28982717989002355
BFH,1.0,31.191745378596597,31.191745378596597,-12.0518516285954,-12.0518516285954,3.0,41.3755998156889,13.791866605229634,-12.0518516285954,-12.0518516285954,4.0,-10.183854437092304,0.25,-12.0518516285954,-12.0518516285954,19.88873495161154,26.390818584112118,-6.502083632500579,-12.0518516285954,-12.0518516285954,-12.0518516285954,-0.0,4,4,1.0,0.11940298507462686,0.48978790259230165,0.23409269442262373,0.09230164964650432,0.5003927729772192,0.28884524744697565
AVIX,3.0,30.32410201896923,10.108034006323077,-95.1720001079957,-95.1720001079957,3.0,37.9038801287795,12.634626709593165,-95.1720001079957,-95.1720001079957,6.0,-7.579778109810267,0.5,-95.1720001079957,-95.1720001079957,21.708570863646663,28.046926888917998,-6.3383560252713345,-95.1720001079957,-95.1720001079957,-95.1720001079957,-0.0,5,6,1.0,0.12647289866457187,0.48978790259230165,0.015710919088766692,0.49410840534171246,0.5003927729772192,0.2874705420267085
BDUUY,3.0,31.13823723786238,10.379412412620793,-24.659755216592213,-24.65975521659221,3.0,42.89569400252895,14.29856466750965,-24.659755216592213,-24.65975521659221,6.0,-11.757456764666568,0.5,-24.65975521659221,-24.65975521659221,20.29381123307758,31.557590949097747,-11.263779716020167,-24.65975521659221,-24.659755216592206,-24.659755216592213,-0.0,6,6,1.0,0.014925373134328358,0.48978790259230165,0.17517674783974863,0.49410840534171246,0.5003927729772192,0.2858994501178319
ACNI,2.0,19.388875426728283,9.694437713364142,-50.98038935949404,-50.98038935949404,3.0,25.14078995096607,8.38026331698869,-50.98038935949404,-50.98038935949404,5.0,-5.751914524237787,0.4,-50.98038935949404,-50.98038935949404,10.913118163262627,16.775810395390288,-5.86269223212766,-50.98038935949405,-50.98038935949404,-50.98038935949404,-0.0,4,5,1.0,0.1429693637077769,0.48978790259230165,0.09583660644147683,0.2584446190102121,0.5003927729772192,0.28487824037706205
BACHY,2.0,17.670912451600216,8.835456225800108,-14.351669576919065,-14.351669576919065,3.0,27.437785793001048,9.145928597667016,-14.351669576919065,-14.351669576919065,5.0,-9.766873341400832,0.4,-14.351669576919065,-14.351669576919065,11.953403891988508,20.299105413702843,-8.345701521714336,-14.351669576919065,-14.351669576919065,-14.351669576919065,-0.0,5,5,1.0,0.056559308719560095,0.48978790259230165,0.22309505106048705,0.2584446190102121,0.5003927729772192,0.28440691280439906
ACJJF,0.0,0.0,0.0,0.0,0.0,3.0,23.759217759324812,7.919739253108271,0.0,0.0,3.0,-23.759217759324812,0.0,0.0,0.0,0.0,12.877290283376585,-12.877290283376585,0.0,0.0,0.0,-0.0,3,3,1.0,0.006284367635506678,0.48978790259230165,0.40769835035349566,0.037706205813040065,0.5003927729772192,0.28417124901806756
ALNPF,1.0,11.756367600089488,11.756367600089488,-32.7557332430024,-32.7557332430024,2.0,17.543871644884714,8.771935822442357,-32.7557332430024,-32.7557332430024,3.0,-5.7875040447952255,0.3333333333333333,-32.7557332430024,-32.7557332430024,10.118799367182136,16.08243527827289,-5.963635911090753,-32.7557332430024,-32.7557332430024,-32.7557332430024,-0.0,3,3,1.0,0.13904163393558522,0.48978790259230165,0.1429693637077769,0.16732128829536527,0.5003927729772192,0.2840141398271799
AICAF,2.0,16.850810299323264,8.425405149661632,-25.54347935240071,-25.54347935240071,3.0,26.61540877663223,8.871802925544076,-25.54347935240071,-25.54347935240071,5.0,-9.764598477308965,0.4,-25.54347935240071,-25.54347935240071,11.559044972814267,18.857393649933137,-7.29834867711887,-25.54347935240071,-25.543479352400706,-25.543479352400706,-0.0,5,5,1.0,0.09033778476040849,0.48978790259230165,0.16889238020424194,0.2584446190102121,0.5003927729772192,0.28369992144540457
AORT,1.0,6.149550108594478,6.149550108594478,-6.023040449858498,-6.023040449858498,2.0,17.18719386366168,8.59359693183084,-6.023040449858498,-6.023040449858498,3.0,-11.0376437550672,0.3333333333333333,-6.023040449858498,-6.023040449858498,3.3749446563399332,12.44671800962651,-9.071773353286577,-6.023040449858498,-6.023040449858498,-6.023040449858498,-0.0,2,3,1.0,0.04241948153967007,0.48978790259230165,0.26865671641791045,0.16732128829536527,0.5003927729772192,0.28016496465043206
AZIL,1.0,7.5914448464873,7.5914448464873,-15.51459249443837,-15.51459249443837,3.0,18.914688227293194,6.304896075764398,-15.51459249443837,-15.51459249443837,4.0,-11.323243380805895,0.25,-15.51459249443837,-15.51459249443837,3.0864511481758665,10.220983705288418,-7.134532557112552,-15.51459249443837,-15.51459249443837,-15.51459249443837,-0.0,4,4,1.0,0.10133542812254517,0.48978790259230165,0.2175962293794187,0.09230164964650432,0.5003927729772192,0.28012568735271015
APYI,2.0,15.433041328478012,7.716520664239006,-45.717077801305045,-45.717077801305045,3.0,27.650699625722737,9.216899875240912,-45.717077801305045,-45.717077801305045,5.0,-12.217658297244725,0.4,-45.717077801305045,-45.717077801305045,10.7670765366715,17.321616036611314,-6.554539499939814,-45.717077801305045,-45.71707780130504,-45.71707780130504,-0.0,4,5,1.0,0.1178318931657502,0.48978790259230165,0.10840534171249018,0.2584446190102121,0.5003927729772192,0.2798507462686567
AXDX,1.0,10.300166181969256,10.300166181969256,-67.21549107938934,-67.21549107938934,3.0,21.6422523222517,7.214084107417233,-67.21549107938934,-67.21549107938934,4.0,-11.342086140282444,0.25,-67.21549107938934,-67.21549107938934,4.187735059874867,8.796262440926963,-4.608527381052096,-67.21549107938934,-67.21549107938935,-67.21549107938935,-0.0,4,4,1.0,0.20188531029065201,0.48978790259230165,0.062058130400628436,0.09230164964650432,0.5003927729772192,0.2791830322073841
ARTH,1.0,7.375796178343949,7.375796178343949,-28.40757904268528,-28.40757904268528,2.0,13.185546960345432,6.592773480172716,-28.40757904268528,-28.40757904268528,3.0,-5.809750782001483,0.3333333333333333,-28.40757904268528,-28.40757904268528,2.2215471171613377,9.190339880852566,-6.968792763691228,-28.407579042685278,-28.407579042685285,-28.407579042685285,-0.0,3,3,1.0,0.10840534171249018,0.48978790259230165,0.15475255302435192,0.16732128829536527,0.5003927729772192,0.27717989002356636
ATONY,2.0,12.934452003766499,6.467226001883249,-38.34951663064463,-38.34951663064463,3.0,23.231976374587635,7.743992124862545,-38.34951663064463,-38.34951663064463,5.0,-10.297524370821137,0.4,-38.34951663064463,-38.34951663064463,6.961080660377618,14.213303556250715,-7.252222895873096,-38.34951663064463,-38.34951663064463,-38.34951663064463,-0.0,5,5,1.0,0.09505106048703849,0.48978790259230165,0.12333071484681854,0.2584446190102121,0.5003927729772192,0.27600157109190887
AQPW,1.0,9.736381733727452,9.736381733727452,-49.472914187178006,-49.472914187178006,2.0,13.455287616740751,6.727643808370376,-49.472914187178006,-49.472914187178006,3.0,-3.7189058830132993,0.3333333333333333,-49.472914187178006,-49.472914187178006,5.343439588922956,11.2325688145337,-5.889129225610744,-49.472914187178006,-49.47291418717801,-49.47291418717801,-0.0,3,3,1.0,0.14218381775333858,0.48978790259230165,0.09662215239591516,0.16732128829536527,0.5003927729772192,0.27568735271013356
BHKLY,1.0,7.087716695335285,7.087716695335285,-11.957594615211892,-11.957594615211892,3.0,17.70690990270181,5.902303300900603,-11.957594615211894,-11.957594615211892,4.0,-10.619193207366525,0.25,-11.957594615211892,-11.957594615211892,2.8816505651602307,10.741136808359908,-7.859486243199678,-11.957594615211892,-11.957594615211894,-11.957594615211892,-0.0,4,4,1.0,0.06991358994501179,0.48978790259230165,0.2356637863315004,0.09230164964650432,0.5003927729772192,0.2743126472898665
AFLYY,1.0,8.075970721885119,8.075970721885119,-56.40649363436812,-56.40649363436812,2.0,18.26003860437008,9.13001930218504,-56.40649363436812,-56.40649363436812,3.0,-10.184067882484962,0.3333333333333333,-56.40649363436812,-56.40649363436812,3.8148184499342372,9.600439223715593,-5.785620773781356,-56.40649363436812,-56.406493634368125,-56.406493634368125,-0.0,3,3,1.0,0.14611154752553024,0.48978790259230165,0.07855459544383346,0.16732128829536527,0.5003927729772192,0.2732521602513747
ARR,2.0,17.546626543359388,8.773313271679694,-35.386258220973666,-35.386258220973666,3.0,23.675311090162342,7.891770363387447,-35.386258220973666,-35.386258220973666,5.0,-6.128684546802955,0.4,-35.386258220973666,-35.386258220973666,8.026772648242808,15.783227382867677,-7.756454734624869,-35.386258220973666,-35.386258220973666,-35.38625822097366,-0.0,4,5,1.0,0.07227022780832679,0.48978790259230165,0.13511390416339356,0.2584446190102121,0.5003927729772192,0.2715239591516104
ASFX,2.0,18.941182531416743,9.470591265708372,-78.44827653796985,-78.44827653796985,3.0,27.98527084907351,9.328423616357837,-78.44827653796985,-78.44827653796985,5.0,-9.044088317656765,0.4,-78.44827653796985,-78.44827653796985,10.417736828758557,16.51862450451843,-6.100887675759875,-78.44827653796983,-78.44827653796985,-78.44827653796985,-0.0,5,5,1.0,0.1335428122545169,0.48978790259230165,0.0384917517674784,0.2584446190102121,0.5003927729772192,0.27058130400628433
AZGFF,2.0,12.727768258915095,6.3638841294575474,-24.56140861470562,-24.56140861470562,3.0,22.03169210381874,7.34389736793958,-24.561408614705623,-24.56140861470562,5.0,-9.303923844903647,0.4,-24.56140861470562,-24.56140861470562,5.265421842759718,14.904531089137484,-9.639109246377766,-24.56140861470562,-24.56140861470562,-24.56140861470562,-0.0,5,5,1.0,0.031421838177533384,0.48978790259230165,0.17596229379418696,0.2584446190102121,0.5003927729772192,0.267439120188531
AVIFY,1.0,11.278812442499442,11.278812442499442,-23.04646152522661,-23.04646152522661,3.0,25.174096200949542,8.391365400316515,-23.046461525226608,-23.04646152522661,4.0,-13.8952837584501,0.25,-23.04646152522661,-23.04646152522661,3.9468822387751468,11.652745212063294,-7.705862973288148,-23.04646152522661,-23.04646152522661,-23.04646152522661,-0.0,4,4,1.0,0.07541241162608013,0.48978790259230165,0.18538884524744698,0.09230164964650432,0.5003927729772192,0.2659073055773763
ADEA,2.0,15.442933635864344,7.721466817932172,-9.647000192798224,-9.647000192798224,4.0,34.5572663799842,8.63931659499605,-9.647000192798224,-9.647000192798224,6.0,-19.114332744119856,0.3333333333333333,-9.647000192798224,-9.647000192798224,10.03576475397859,22.215755887634153,-12.179991133655562,-9.647000192798224,-9.647000192798222,-9.647000192798222,-0.0,6,6,1.0,0.00864100549882168,0.48978790259230165,0.2474469756480754,0.16732128829536527,0.5003927729772192,0.2657894736842105
ACNB,1.0,8.273809523809524,8.273809523809524,-17.463842354350234,-17.463842354350234,2.0,19.951702657251335,9.975851328625668,-17.463842354350234,-17.463842354350234,3.0,-11.677893133441811,0.3333333333333333,-17.463842354350234,-17.463842354350234,2.4920235390354817,11.898331838311513,-9.40630829927603,-17.463842354350234,-17.463842354350238,-17.463842354350238,-0.0,3,3,1.0,0.03456402199528672,0.48978790259230165,0.20581304006284368,0.16732128829536527,0.5003927729772192,0.26523959151610366
BAYP,1.0,8.873303083960455,8.873303083960455,-91.64799999445675,-91.64799999445675,3.0,20.95059785515329,6.98353261838443,-91.64799999445675,-91.64799999445675,4.0,-12.077294771192836,0.25,-91.64799999445675,-91.64799999445675,7.637322741601827,12.695306375920973,-5.057983634319146,-91.64799999445675,-91.64799999445675,-91.64799999445675,-0.0,4,4,1.0,0.17517674783974863,0.48978790259230165,0.02513747054202671,0.09230164964650432,0.5003927729772192,0.26378633150039277
AIPG,3.0,33.556668052505216,11.185556017501739,-94.09055154411088,-94.09055154411088,4.0,39.980351895543905,9.995087973885976,-94.09055154411088,-94.09055154411088,7.0,-6.423683843038688,0.42857142857142855,-94.09055154411088,-94.09055154411088,24.456943222927073,31.458823322757414,-7.001880099830341,-94.09055154411088,-94.09055154411088,-94.09055154411088,-0.0,7,7,1.0,0.10604870384917518,0.48978790259230165,0.019638648860958365,0.30086410054988216,0.5003927729772192,0.2628043990573449
AMEN,2.0,10.832858833345675,5.4164294166728375,-48.583479386904855,-48.583479386904855,3.0,26.658383516901438,8.886127838967147,-48.583479386904855,-48.583479386904855,5.0,-15.825524683555763,0.4,-48.583479386904855,-48.583479386904855,5.730529811633508,13.70867011068833,-7.978140299054822,-48.58347938690486,-48.58347938690485,-48.583479386904855,-0.0,5,5,1.0,0.06677140612725845,0.48978790259230165,0.0997643362136685,0.2584446190102121,0.5003927729772192,0.2628043990573449
ARWD,1.0,5.909090909090908,5.909090909090908,-80.85208349982234,-80.85208349982234,2.0,12.852286024932646,6.426143012466323,-80.85208349982234,-80.85208349982234,3.0,-6.943195115841737,0.3333333333333333,-80.85208349982234,-80.85208349982234,3.242977849646519,9.39034835200836,-6.147370502361841,-80.85208349982234,-80.85208349982234,-80.85208349982234,-0.0,3,3,1.0,0.13197172034564023,0.48978790259230165,0.036920659858601726,0.16732128829536527,0.5003927729772192,0.26068342498036134
ANZFF,2.0,20.427035726036863,10.213517863018431,-39.027120446771576,-39.027120446771576,4.0,35.82185177854171,8.955462944635428,-39.027120446771576,-39.027120446771576,6.0,-15.39481605250485,0.3333333333333333,-39.027120446771576,-39.027120446771576,8.386021948532179,16.129361794341264,-7.743339845809086,-39.027120446771576,-39.027120446771576,-39.027120446771576,-0.0,6,6,1.0,0.07384131971720345,0.48978790259230165,0.12097407698350353,0.16732128829536527,0.5003927729772192,0.26005498821681067
ACRB,1.0,6.4279155188246095,6.4279155188246095,-90.01663871272181,-90.01663871272181,2.0,15.32837185011098,7.66418592505549,-90.01663871272181,-90.01663871272181,3.0,-8.900456331286371,0.3333333333333333,-90.01663871272181,-90.01663871272181,3.5277148325603163,9.630793805743604,-6.103078973183288,-90.01663871272181,-90.01663871272181,-90.01663871272181,-0.0,3,3,1.0,0.13275726630007856,0.48978790259230165,0.029065200314218383,0.16732128829536527,0.5003927729772192,0.2593479968578162
AMWD,3.0,46.484410527841725,15.494803509280574,-31.585016170528878,-31.58501617052888,4.0,55.99831379518095,13.999578448795237,-31.58501617052888,-31.58501617052888,7.0,-9.513903267339224,0.42857142857142855,-31.58501617052888,-31.58501617052888,28.867389778333674,40.58808798123114,-11.720698202897466,-31.58501617052888,-31.58501617052888,-31.58501617052888,-0.0,7,7,1.0,0.009426551453260016,0.48978790259230165,0.14689709347996857,0.30086410054988216,0.5003927729772192,0.25926944226237236
AFRAF,2.0,13.944403172149567,6.9722015860747835,-53.20582715876958,-53.20582715876958,3.0,22.76178395229929,7.5872613174330965,-53.20582715876958,-53.20582715876958,5.0,-8.817380780149723,0.4,-53.20582715876958,-53.20582715876958,5.908903531024541,14.600975473925285,-8.692071942900743,-53.20582715876958,-53.20582715876959,-53.20582715876958,-0.0,5,5,1.0,0.05027494108405342,0.48978790259230165,0.09112333071484682,0.2584446190102121,0.5003927729772192,0.25612725844461903
AVOZ,2.0,36.00542791760829,18.002713958804144,-71.7900631441426,-71.7900631441426,3.0,40.044420801976955,13.348140267325652,-71.7900631441426,-71.7900631441426,5.0,-4.0389928843686675,0.4,-71.7900631441426,-71.7900631441426,11.812647693338151,19.513727586165565,-7.701079892827414,-71.7900631441426,-71.7900631441426,-71.7900631441426,-0.0,5,5,1.0,0.07619795758051846,0.48978790259230165,0.05106048703849175,0.2584446190102121,0.5003927729772192,0.2558915946582875
AXGC,3.0,26.45848687446798,8.81949562482266,-88.02395242453407,-88.02395242453407,4.0,32.011512965337715,8.002878241334429,-88.02395242453407,-88.02395242453407,7.0,-5.553026090869736,0.42857142857142855,-88.02395242453407,-88.02395242453407,11.829528485315393,19.794347249470217,-7.964818764154824,-88.02395242453406,-88.02395242453407,-88.02395242453407,-0.0,7,7,1.0,0.06755695208169678,0.48978790259230165,0.030636292223095052,0.30086410054988216,0.5003927729772192,0.2534564021995287
ANIP,2.0,12.776599378821016,6.388299689410508,-55.79666493068967,-55.79666493068967,3.0,25.80197571871032,8.60065857290344,-55.79666493068967,-55.79666493068967,5.0,-13.025376339889304,0.4,-55.79666493068967,-55.79666493068967,9.419092451734645,18.25380481618364,-8.834712364448993,-55.796664930689666,-55.79666493068968,-55.79666493068968,-0.0,5,5,1.0,0.04713275726630008,0.48978790259230165,0.0816967792615868,0.2584446190102121,0.5003927729772192,0.25329929300864096
AKO-A,2.0,30.918200113721326,15.459100056860663,-31.55390786245112,-31.55390786245112,4.0,41.07494291686795,10.268735729216987,-31.55390786245112,-31.55390786245112,6.0,-10.15674280314662,0.3333333333333333,-31.55390786245112,-31.55390786245112,10.886421385692858,20.945915825225192,-10.059494439532335,-31.553907862451123,-31.553907862451112,-31.553907862451116,-0.0,6,6,1.0,0.025923016496465043,0.48978790259230165,0.1476826394344069,0.16732128829536527,0.5003927729772192,0.2510212097407698
BCO,2.0,40.704618956218106,20.352309478109053,-25.880489038523752,-25.880489038523752,4.0,54.92790681511898,13.731976703779745,-25.880489038523752,-25.880489038523752,6.0,-14.223287858900875,0.3333333333333333,-25.880489038523752,-25.880489038523752,27.180005678180102,39.80883917959234,-12.628833501412238,-25.880489038523752,-25.880489038523752,-25.880489038523752,-0.0,6,6,1.0,0.007855459544383346,0.48978790259230165,0.16732128829536527,0.16732128829536527,0.5003927729772192,0.249528672427337
ALVRQ,2.0,20.09771007703763,10.048855038518814,-57.23014444945888,-57.23014444945888,3.0,29.184947477078314,9.728315825692771,-57.230144449458884,-57.23014444945888,5.0,-9.087237400040685,0.4,-57.23014444945888,-57.23014444945888,8.941625940990836,19.564747022111696,-10.62312108112086,-57.23014444945888,-57.23014444945888,-57.230144449458884,-0.0,5,5,1.0,0.0204241948153967,0.48978790259230165,0.0769835035349568,0.2584446190102121,0.5003927729772192,0.244344069128044
BCAUF,1.0,5.292755991285404,5.292755991285404,-46.684984068639565,-46.684984068639565,3.0,23.62256707933529,7.874189026445097,-46.68498406863957,-46.684984068639565,4.0,-18.329811088049887,0.25,-46.684984068639565,-46.684984068639565,4.5555172989708606,14.433031723101072,-9.877514424130212,-46.684984068639565,-46.684984068639565,-46.684984068639565,-0.0,4,4,1.0,0.028279654359780047,0.48978790259230165,0.1044776119402985,0.09230164964650432,0.5003927729772192,0.23558523173605653
ATHM,1.0,10.297796150504226,10.297796150504226,-45.83494331055513,-45.83494331055513,3.0,29.39997258471967,9.799990861573223,-45.83494331055513,-45.83494331055513,4.0,-19.102176434215444,0.25,-45.83494331055513,-45.83494331055513,8.863395286338243,21.802717107345043,-12.9393218210068,-45.83494331055513,-45.83494331055513,-45.83494331055513,-0.0,4,4,1.0,0.0054988216810683424,0.48978790259230165,0.10761979575805185,0.09230164964650432,0.5003927729772192,0.2293794186959937
BGADF,2.0,33.73643922748744,16.86821961374372,-70.87692368637174,-70.87692368637174,5.0,36.0429412875283,7.20858825750566,-70.87692368637174,-70.87692368637174,7.0,-2.306502060040863,0.2857142857142857,-70.87692368637174,-70.87692368637174,11.4481743746251,21.887916624322326,-10.439742249697225,-70.87692368637175,-70.87692368637175,-70.87692368637175,-0.0,7,7,1.0,0.02199528672427337,0.48978790259230165,0.051846032992930086,0.10879811468970935,0.5003927729772192,0.22482325216025134
ARMP,0.0,0.0,0.0,0.0,0.0,1.0,7.918931159420289,7.918931159420289,-13.82410283686016,-13.82410283686016,1.0,-7.918931159420289,0.0,0.0,-13.82410283686016,0.0,2.3851362297485745,-2.3851362297485745,0.0,-13.824102836860158,-13.824102836860158,-32.972368519965215,1,1,1.0,0.3511390416339356,0.04556166535742341,0.2246661429693637,0.037706205813040065,0.5003927729772192,0.21775333857030638
BGRP,0.0,0.0,0.0,0.0,0.0,1.0,6.983534204719063,6.983534204719063,-21.08261989247305,-21.08261989247305,1.0,-6.983534204719063,0.0,0.0,-21.08261989247305,0.0,2.103400081152265,-2.103400081152265,0.0,-21.08261989247305,-21.08261989247305,-44.345184392730175,1,1,1.0,0.3715632364493323,0.04241948153967007,0.19088766692851533,0.037706205813040065,0.5003927729772192,0.2161822466614297
AMRU,1.0,7.426726279185296,7.426726279185296,-93.54838744505336,-93.54838744505336,4.0,29.008973189257933,7.252243297314483,-93.54838744505336,-93.54838744505336,5.0,-21.582246910072637,0.2,-93.54838744505336,-93.54838744505336,4.075873800102183,18.89248564866483,-14.816611848562648,-93.54838744505336,-93.54838744505338,-93.54838744505338,-0.0,5,5,1.0,0.002356637863315004,0.48978790259230165,0.021209740769835034,0.0758051846032993,0.5003927729772192,0.20950510604870382
ACKDF,0.0,0.0,0.0,0.0,0.0,1.0,7.642744892613933,7.642744892613933,-8.18457433686288,-8.18457433686288,1.0,-7.642744892613933,0.0,0.0,-8.18457433686288,0.0,3.6101770584030404,-3.6101770584030404,0.0,-8.18457433686288,-8.18457433686288,-29.54776250373665,1,1,1.0,0.26472898664571876,0.046347211311861744,0.25608798114689707,0.037706205813040065,0.5003927729772192,0.19835035349567948
APELY,0.0,0.0,0.0,0.0,0.0,1.0,5.908264295817336,5.908264295817336,-46.12006031061943,-46.12006031061943,1.0,-5.908264295817336,0.0,0.0,-46.12006031061943,0.0,2.067524708832124,-2.067524708832124,0.0,-46.12006031061943,-46.12006031061943,-95.35436426503342,1,1,1.0,0.3739198743126473,0.03613511390416339,0.10604870384917518,0.037706205813040065,0.5003927729772192,0.19803613511390417
AMMHF,0.0,0.0,0.0,0.0,0.0,1.0,6.344520531371742,6.344520531371742,-12.62135911093478,-12.62135911093478,1.0,-6.344520531371742,0.0,0.0,-12.62135911093478,0.0,3.4819466930542675,-3.4819466930542675,0.0,-12.62135911093478,-12.62135911093478,-43.9468996181697,1,1,1.0,0.27101335428122547,0.04320502749410841,0.23016496465043204,0.037706205813040065,0.5003927729772192,0.1941084053417125
AOZOY,0.0,0.0,0.0,0.0,0.0,2.0,12.160890191696932,6.080445095848466,-0.515422676986444,-0.515422676986444,2.0,-12.160890191696932,0.0,0.0,-0.515422676986444,0.0,4.648074346632738,-4.648074346632738,0.0,-0.515422676986444,-0.515422676986444,-2.395722922573462,2,2,1.0,0.19874312647289866,0.05027494108405342,0.30479183032207385,0.037706205813040065,0.5003927729772192,0.18947368421052632
ADVM,0.0,0.0,0.0,0.0,0.0,1.0,6.679960119641075,6.679960119641075,-69.04291317985887,-69.04291317985887,1.0,-6.679960119641075,0.0,0.0,-69.04291317985887,0.0,2.011965323840233,-2.011965323840233,0.0,-69.04291317985887,-69.04291317985887,-138.91194717478783,1,1,1.0,0.37941869599371564,0.031421838177533384,0.05813040062843677,0.037706205813040065,0.5003927729772192,0.188688138256088
ABILF,0.0,0.0,0.0,0.0,0.0,1.0,5.700899550224886,5.700899550224886,-92.08095375146904,-92.08095375146904,1.0,-5.700899550224886,0.0,0.0,-92.08095375146904,0.0,1.9949599565144944,-1.9949599565144944,0.0,-92.08095375146904,-92.08095375146904,-183.69781549184384,1,1,1.0,0.38256087981146897,0.028279654359780047,0.024351924587588374,0.037706205813040065,0.5003927729772192,0.1819324430479183
ACHV,0.0,0.0,0.0,0.0,0.0,1.0,6.879044300647087,6.879044300647087,-70.32786854276902,-70.32786854276902,1.0,-6.879044300647087,0.0,0.0,-70.32786854276902,0.0,2.4072372786043634,-2.4072372786043634,0.0,-70.32786854276902,-70.32786854276902,-169.29586688094074,1,1,1.0,0.3495679497250589,0.029065200314218383,0.05420267085624509,0.037706205813040065,0.5003927729772192,0.17824037706205811
APRAF,0.0,0.0,0.0,0.0,0.0,1.0,5.087563733096873,5.087563733096873,-35.51630434870637,-35.51630434870637,1.0,-5.087563733096873,0.0,0.0,-35.51630434870637,0.0,3.2439738593925282,-3.2439738593925282,0.0,-35.51630434870637,-35.51630434870637,-115.21396288943264,1,1,1.0,0.28436763550667715,0.03377847604084839,0.13275726630007856,0.037706205813040065,0.5003927729772192,0.1758051846032993
BBGI,0.0,0.0,0.0,0.0,0.0,1.0,8.44268476621418,8.44268476621418,-11.145298696307968,-11.145298696307968,1.0,-8.44268476621418,0.0,0.0,-11.145298696307968,0.0,4.633443639572117,-4.633443639572117,0.0,-11.145298696307968,-11.145298696307968,-51.64111335553956,1,1,1.0,0.20031421838177532,0.041633935585231735,0.2403770620581304,0.037706205813040065,0.5003927729772192,0.17446975648075413
AHH,0.0,0.0,0.0,0.0,0.0,2.0,11.130031115981305,5.565015557990653,-25.97181995160277,-25.97181995160277,2.0,-11.130031115981305,0.0,0.0,-25.97181995160277,0.0,3.993817413139924,-3.993817413139924,0.0,-25.971819951602775,-25.971819951602775,-103.72670677364604,2,2,1.0,0.23644933228593873,0.03534956794972506,0.16496465043205027,0.037706205813040065,0.5003927729772192,0.16834249803613513
AEPT,0.0,0.0,0.0,0.0,0.0,1.0,7.960486115825921,7.960486115825921,-61.50582708693908,-61.50582708693908,1.0,-7.960486115825921,0.0,0.0,-61.50582708693908,0.0,3.2364921314811084,-3.2364921314811084,0.0,-61.50582708693908,-61.50582708693908,-199.06312540711596,1,1,1.0,0.2867242733699921,0.02749410840534171,0.06755695208169678,0.037706205813040065,0.5003927729772192,0.16158680282796545
ANTH,0.0,0.0,0.0,0.0,0.0,1.0,7.917974882260596,7.917974882260596,-98.4853362118372,-98.4853362118372,1.0,-7.917974882260596,0.0,0.0,-97.03877752350526,0.0,2.7707983078169383,-2.7707983078169383,0.0,-97.03877752350526,-97.03877752350526,-268.87488055475274,1,1,1.0,0.3267871170463472,0.02356637863315004,0.010997643362136685,0.037706205813040065,0.5003927729772192,0.16111547525530245
ACIW,0.0,0.0,0.0,0.0,0.0,1.0,6.966490299823632,6.966490299823632,-1.5388059045578066,-1.5388059045578066,1.0,-6.966490299823632,0.0,0.0,-1.5388059045578066,0.0,6.966490299823632,-6.966490299823632,0.0,-1.5388059045578066,-1.5388059045578066,-10.72007640741329,1,1,1.0,0.10919088766692851,0.04870384917517675,0.2969363707776905,0.037706205813040065,0.5003927729772192,0.1605655930871956
AVOA,0.0,0.0,0.0,0.0,0.0,2.0,13.188716089847748,6.594358044923874,-3.578315834583242,-3.578315834583242,2.0,-13.188716089847748,0.0,0.0,-3.578315834583242,0.0,8.034139970230331,-8.034139970230331,0.0,-3.578315834583242,-3.578315834583242,-28.74869027273333,2,2,1.0,0.06520031421838178,0.04713275726630008,0.28515318146111546,0.037706205813040065,0.5003927729772192,0.14454045561665357
ATCV,0.0,0.0,0.0,0.0,0.0,1.0,6.132756132756132,6.132756132756132,-84.67153218511247,-84.67153218511247,1.0,-6.132756132756132,0.0,0.0,-84.67153218511247,0.0,3.9104179572763873,-3.9104179572763873,0.0,-84.67153218511247,-84.67153218511247,-331.1010799267694,1,1,1.0,0.24116260801256872,0.0204241948153967,0.032992930086410056,0.037706205813040065,0.5003927729772192,0.13888452474469756
ADGO,0.0,0.0,0.0,0.0,0.0,1.0,6.094839609483961,6.094839609483961,-95.28301905571612,-95.28301905571612,1.0,-6.094839609483961,0.0,0.0,-95.28301905571612,0.0,3.886241314626429,-3.886241314626429,0.0,-95.28301905571612,-95.28301905571612,-370.2928052366613,1,1,1.0,0.24430479183032208,0.014139827179890024,0.014925373134328358,0.037706205813040065,0.5003927729772192,0.13432835820895522
AAALY,0.0,0.0,0.0,0.0,0.0,2.0,16.989219930396402,8.494609965198201,-25.542750833206124,-25.542750833206124,2.0,-16.989219930396402,0.0,0.0,-25.542750833206124,0.0,6.427541110447471,-6.427541110447471,0.0,-25.542750833206128,-25.542750833206128,-164.17708105434878,2,2,1.0,0.12254516889238021,0.029850746268656716,0.16967792615868027,0.037706205813040065,0.5003927729772192,0.13346425765907308
ACGBF,0.0,0.0,0.0,0.0,0.0,2.0,14.244770694162735,7.122385347081368,-16.86746609852956,-16.86746609852956,2.0,-14.244770694162735,0.0,0.0,-16.86746609852956,0.0,7.267571071679817,-7.267571071679817,0.0,-16.86746609852956,-16.86746609852956,-122.58550867021347,2,2,1.0,0.09269442262372349,0.03220738413197172,0.20816967792615867,0.037706205813040065,0.5003927729772192,0.13291437549096624
ASMB,0.0,0.0,0.0,0.0,0.0,1.0,5.575757575757576,5.575757575757576,-76.82254469381391,-76.82254469381391,1.0,-5.575757575757576,0.0,0.0,-76.82254469381391,0.0,4.799099020066989,-4.799099020066989,0.0,-76.82254469381391,-76.82254469381391,-368.6789989591348,1,1,1.0,0.192458758837392,0.014925373134328358,0.0408483896307934,0.037706205813040065,0.5003927729772192,0.12419481539670071
AYTU,0.0,0.0,0.0,0.0,0.0,1.0,5.739348370927318,5.739348370927318,-75.54883338710617,-75.54883338710617,1.0,-5.739348370927318,0.0,0.0,-75.54883338710617,0.0,5.739348370927318,-5.739348370927318,0.0,-75.54883338710617,-75.54883338710617,-433.60107382574716,1,1,1.0,0.14846818538884524,0.01178318931657502,0.04399057344854674,0.037706205813040065,0.5003927729772192,0.11068342498036135
ATOXF,0.0,0.0,0.0,0.0,0.0,3.0,19.64208363822494,6.547361212741646,-29.40311373691811,-29.403113736918108,3.0,-19.64208363822494,0.0,0.0,-29.403113736918108,0.0,8.830205931468228,-8.830205931468228,0.0,-29.403113736918115,-29.403113736918115,-259.6355493233692,2,3,1.0,0.047918303220738416,0.024351924587588374,0.15318146111547526,0.037706205813040065,0.5003927729772192,0.10612725844461901
ASTC,0.0,0.0,0.0,0.0,0.0,1.0,9.23837665078695,9.23837665078695,-35.54140211991068,-35.54140211991068,1.0,-9.23837665078695,0.0,0.0,-35.54140211991068,0.0,9.23837665078695,-9.23837665078695,0.0,-35.54140211991068,-35.54140211991068,-328.3448594808126,1,1,1.0,0.03613511390416339,0.02199528672427337,0.13197172034564023,0.037706205813040065,0.5003927729772192,0.09764336213668501
ATMH,0.0,0.0,0.0,0.0,0.0,2.0,12.08358658635373,6.041793293176865,-59.99068302599413,-59.99068302599413,2.0,-12.08358658635373,0.0,0.0,-59.99068302599413,0.0,7.6205095969234655,-7.6205095969234655,0.0,-59.99068302599413,-59.99068302599413,-457.15957572558193,2,2,1.0,0.0793401413982718,0.010997643362136685,0.06991358994501179,0.037706205813040065,0.5003927729772192,0.09489395129615083
AOBI,0.0,0.0,0.0,0.0,0.0,1.0,8.913562434011512,8.913562434011512,-45.0,-45.0,1.0,-8.913562434011512,0.0,0.0,-45.0,0.0,8.913562434011512,-8.913562434011512,0.0,-45.0,-45.0,-401.110309530518,1,1,1.0,0.04477611940298507,0.01335428122545169,0.10997643362136685,0.037706205813040065,0.5003927729772192,0.09324430479183032
APVS,0.0,0.0,0.0,0.0,0.0,3.0,17.36680766826715,5.788935889422383,-58.67768563236225,-58.67768563236224,3.0,-17.36680766826715,0.0,0.0,-58.67768563236224,0.0,9.671857197322858,-9.671857197322858,0.0,-58.67768563236224,-58.67768563236225,-567.5221961056108,3,3,1.0,0.030636292223095052,0.00864100549882168,0.07384131971720345,0.037706205813040065,0.5003927729772192,0.08036135113904164
