security,block,model_proba,avg_price,avg_volume,position_size,binding_constraint,capital_cap,volume_cap,expected_return_pct,pnl,cumulative_equity
CALIQ,8,0.7862693703311595,0.8730532035748761,50176.2323943662,876.1304087043778,volume,50000000.0,876.1304087043778,-99.67105102539062,-873.2483867087038,999999126.7516133
PRXIQ,8,0.7751568285163158,1.2559351366386997,8156.529388714734,204.88143704626017,volume,49999956.337580666,204.88143704626017,-99.00000762939452,-202.83263830701068,999998923.9189749
HCKG,9,0.7639487696517405,39.164660577863735,150.4235893416928,117.82577638942719,volume,49999946.19594875,117.82577638942719,40.09831237792969,47.24614787835344,999998971.1651227
WMGR,8,0.755485789584748,3.9302607953222064,8655.47978013349,680.3658568912546,volume,49999948.55825614,680.3658568912546,0.0,0.0,999998971.1651227
AHFD,10,0.7530620657474414,0.0029301682517059295,27718626.76917058,1624.4048027981946,volume,49999948.55825614,1624.4048027981946,9.890113830566406,160.65548406592922,999999131.8206068
UBIA,9,0.7448305500930072,6.17074384194017,907.8701451549628,112.04468214992629,volume,49999956.591030344,112.04468214992629,-96.66666412353516,-108.3098565621518,999999023.5107503
TLDN,9,0.7421909793320127,198.77739797715492,86.16123970184385,342.5381406883692,volume,49999951.17553752,342.5381406883692,-97.56097412109376,-334.18354679185563,999998689.3272035
RTGC,8,0.7396668711323989,12.088897240824588,1517.5137147335424,366.9013471791158,volume,49999934.46636018,366.9013471791158,1054.2857666015625,3868.1886807788014,1000002557.5158843
PLYZ,9,0.7368432556474377,0.11023125928765966,36361053.78501373,80162.49495496774,volume,50000127.87579422,80162.49495496774,0.0,0.0,1000002557.5158843
APRU,10,0.7324236399620074,0.004119546174992957,4643789.445226917,382.6061009311443,volume,50000127.87579422,382.6061009311443,71.58819580078125,273.9008046803223,1000002831.4166889
FRTG,8,0.7296158509691559,0.9490435907130558,52379.379540709815,994.2062887727443,volume,50000141.57083445,994.2062887727443,-99.9876480102539,-994.0834845139001,1000001837.3332044
AJYG,10,0.7250878144403764,224.22774702589678,454.51345532831,2038.2905616244504,volume,50000091.86666022,2038.2905616244504,-84.11215209960938,-1714.4500574255399,1000000122.8831469
VGID,10,0.7247736529028902,0.0006085276814932557,20533832.444444444,249.90810899177538,volume,50000006.14415735,249.90810899177538,-45.94594955444336,-114.82265368982445,1000000008.0604932
OMHE,8,0.7211595625644944,0.006603305413980159,1211736.125199362,160.0292743168857,volume,50000000.403024666,160.0292743168857,-59.999996185302734,-96.01755848549908,999999912.0429348
FPPP,8,0.7060428399007326,0.3035802738402949,20381.014884449665,123.74548159528712,volume,49999995.602146745,123.74548159528712,-90.0,-111.3709334357584,999999800.6720014
ERINQ,9,0.702688395601476,1.0075128047374107,66394.17971808928,1337.8597245202368,volume,49999990.03360007,1337.8597245202368,0.0,0.0,999999800.6720014
FERL,10,0.6965139148769163,3.327463655291226,7946.844889779559,528.8567508995658,volume,49999990.03360007,528.8567508995658,-95.0,-502.41391335458746,999999298.2580881
LLLI,10,0.6878119054723135,0.020647354030487657,404795.3547628381,167.15905999370335,volume,49999964.91290441,167.15905999370335,22.32778549194336,37.32291634574299,999999335.5810045
VTGDF,9,0.6869968158887443,0.03709676867101842,518597.7809187279,384.7660382409108,volume,49999966.77905023,384.7660382409108,-90.0,-346.28943441681974,999998989.2915701
DTGI,10,0.6867186752944132,0.18297173061022295,194497.19146436962,711.749754421272,volume,49999949.46457851,711.749754421272,-59.95993041992188,-426.76465751495954,999998562.5269126
BITCF,8,0.6781075495840588,0.11040406880622156,145710.1975743349,321.73997357530016,volume,49999928.126345634,321.73997357530016,-47.61905288696289,-153.20952817532262,999998409.3173845
MVNC,10,0.6745909177730333,6.406287777390563,2453.1156409251275,314.3072949396852,volume,49999920.465869226,314.3072949396852,-99.43567657470705,-312.53358524693596,999998096.7837992
CSTPF,8,0.6745645512264888,1.455482657545902,5674.747063429914,165.18991873563547,volume,49999904.83918996,165.18991873563547,147.82606506347656,244.19375674844454,999998340.9775559
GNCAQ,11,0.6716906597794119,17.102471194710706,384454.06345475913,131502.29091849,volume,49999917.0488778,131502.29091849,7.275958523678128e-06,0.009568052144915882,999998340.987124
AMBS,11,0.6694825809955565,0.7905992443105344,832581.1529135706,13164.760606413249,volume,49999917.0493562,13164.760606413249,0.0,0.0,999998340.987124
EAPH,10,0.6691814440604127,0.006920536428362031,1873819.509788567,259.3567235533452,volume,49999917.0493562,259.3567235533452,399.99993896484375,1037.4267359145992,999999378.4138598
VGID,11,0.6683298803912061,0.0006085276814932557,20533832.444444444,249.90810899177538,volume,49999968.920692995,249.90810899177538,0.0,0.0,999999378.4138598
SEII,11,0.6675372151845768,121.10142609929511,896318.0615444924,2170907.909831876,volume,49999968.920692995,2170907.909831876,0.0,0.0,999999378.4138598
XFCI,9,0.6640915874602138,189.04066327066465,465.332548095799,1759.335470669166,volume,49999968.920692995,1759.335470669166,-9.090904235839844,-159.93950282569605,999999218.474357
FFRMF,8,0.6636071937886507,0.12607417961156167,188411.670846395,475.07693662405677,volume,49999960.92371786,475.07693662405677,-56.521732330322266,-268.5217144817441,999998949.9526426
CCTL,9,0.6631464023154301,0.009405700390930149,26500657.079029735,4985.144812962716,volume,49999947.49763213,4985.144812962716,-76.74418640136719,-3825.8088276381945,999995124.1438149
INCC,8,0.6618977581324692,1.0864462429864863,17595.061128526646,382.3217611641068,volume,49999756.20719075,382.3217611641068,-76.87861633300781,-293.92367992295215,999994830.220135
AGTK,8,0.6606123663814552,1.4386645340618514,87141.82120500783,2507.356952024075,volume,49999741.51100675,2507.356952024075,-44.44445037841797,-1114.3810163521532,999993715.8391186
VRUS,10,0.6601302219156377,8.877203876830805,4675468.808009423,830101.7965692552,volume,49999685.79195593,830101.7965692552,7.275958523678128e-06,0.06039786242268599,999993715.8995165
BBBT,8,0.6595188429489165,0.0203450078546401,3230141.906885759,1314.3452493438585,volume,49999685.794975825,1314.3452493438585,-99.1785888671875,-1303.549071142156,999992412.3504454
SAPMF,9,0.6562818725476546,30.834206268208863,242.80282242257937,149.73264618162202,volume,49999620.61752227,149.73264618162202,257.8778076171875,386.12726526036727,999992798.4777106
NICH,9,0.652627040245419,1.8912723648647949,1052940.5746765975,39827.948214614094,volume,49999639.92388553,39827.948214614094,5817.0966796875,2316830.2531799735,1002309628.7308905
USRM,11,0.6504565872558272,0.7902033791633948,1854129.5916764822,29302.789374992033,volume,50115481.43654453,29302.789374992033,0.0,0.0,1002309628.7308905
DGTW,8,0.6504554654215892,0.10431637441686113,14089561.455364134,29395.439362942794,volume,50115481.43654453,29395.439362942794,-95.65217590332033,-28117.377366995905,1002281511.3535236
CTMX,10,0.6476508049243901,9.266125374278685,783280.3021148036,145159.4696519731,volume,50114075.56767619,145159.4696519731,-32.95387649536133,-47835.672350432724,1002233675.6811732
MAJI,9,0.6474068362466264,1.4524306152753388,18886.032928263427,548.6130485221591,volume,50111683.78405866,548.6130485221591,-84.4936752319336,-463.54332749832344,1002233212.1378456
VMHG,8,0.6464680473193003,0.08510419339874721,212139.58932076953,361.07937274171155,volume,50111660.60689229,361.07937274171155,-95.24098205566406,-343.89554059963785,1002232868.242305
GRNF,9,0.6463171361220357,1.4515387059293752,18948.846786833856,550.0996908762963,volume,50111643.41211525,550.0996908762963,-84.49669647216797,-464.81606609407834,1002232403.4262389
EGOC,9,0.6440547258762964,0.4990955495417004,23113.08845401174,230.7127916712184,volume,50111620.171311945,230.7127916712184,-99.98550415039062,-230.67934789190815,1002232172.746891
GBHPF,9,0.6437768184156377,0.03502769293794327,147113.13983548767,103.06067778588346,volume,50111608.637344554,103.06067778588346,52.314788818359375,53.915975938454736,1002232226.662867
LIQDQ,8,0.6436273561801498,0.03203439829561085,157193.04547236377,100.71169255923536,volume,50111611.33314335,100.71169255923536,-92.85714721679688,-93.51800462425705,1002232133.1448623
PHUN,8,0.6435724900348485,309.1437290425417,446035.55853658536,2757781.9170314576,volume,50111606.65724312,2757781.9170314576,-96.37189483642578,-2657726.6888995236,999574406.4559628
ZPAS,9,0.641994944619586,0.20433939446574287,47784.82993535554,195.2864642727811,volume,49978720.32279814,195.2864642727811,-99.47479248046876,-194.26080507779378,999574212.1951578
VYGVQ,11,0.6411334113461505,1.9192525104092564,267086.35086342227,10252.122987813413,volume,49978710.60975789,10252.122987813413,-9.090919494628906,-932.012247312461,999573280.1829104
AAPJ,8,0.6410305297948746,0.021016236401521168,6400675.929968701,2690.3623694749713,volume,49978664.00914553,2690.3623694749713,-98.27593231201172,-2643.9787011730573,999570636.2042093
BLFE,9,0.6404501379384754,0.2740654484567967,2353787.942488263,12901.838960604931,volume,49978531.81021047,12901.838960604931,-99.5106430053711,-12838.702909215453,999557797.5013001
COUV,10,0.6396418117494632,0.01870421123779008,728072.3189823874,272.3603690126851,volume,49977889.87506501,272.3603690126851,-87.95181274414062,-239.54588174328723,999557557.9554183
FSSN,9,0.6388736302982744,0.07722775636285037,179313.53823088456,276.9596448611082,volume,49977877.89777092,276.9596448611082,-88.8888931274414,-246.18636272673172,999557311.7690556
CRSM,9,0.6366423519315034,0.012150868903954852,673649.8140900196,163.70861156362773,volume,49977865.588452786,163.70861156362773,-51.88741683959961,-84.94416968434048,999557226.8248858
EVIO,8,0.6361065075369086,0.6324631790333225,23671916.58715237,299432.3123704405,volume,49977861.341244295,299432.3123704405,-82.60869598388672,-247357.12860361923,999309869.6962823
REFG,8,0.6354367192974926,0.02891413959067665,323783.0976087809,187.23819362723947,volume,49965493.484814115,187.23819362723947,-70.91093444824219,-132.77235274508456,999309736.9239296
GZIC,11,0.6353094267510269,0.6323887538614185,776379.1536050157,9819.468909445173,volume,49965486.84619648,9819.468909445173,0.0,0.0,999309736.9239296
APRU,11,0.632331270890048,0.004119546174992957,4643789.445226917,382.6061009311443,volume,49965486.84619648,382.6061009311443,-14.851479530334473,-56.82266676159974,999309680.1012628
FITSD,8,0.632216896644513,78.24447508880726,454.2120614899488,710.7916866057218,volume,49965484.00506315,710.7916866057218,-90.50979614257812,-643.3361065452316,999309036.7651563
FITSF,8,0.632216896644513,77.72395227106249,463.4334377447142,720.3975679216916,volume,49965451.83825782,720.3975679216916,-90.50979614257812,-652.0303701420138,999308384.7347862
EAPH,8,0.6319627225698453,0.006920536428362031,1873819.509788567,259.3567235533452,volume,49965419.23673931,259.3567235533452,-83.33332824707031,-216.13058976955588,999308168.6041964
PRTHU,9,0.6317536499351446,9.014343149151285,677.8107588856868,122.2003754156445,volume,49965408.43020982,122.2003754156445,167.0187530517578,204.09754324377627,999308372.7017397
RSCZF,8,0.6302954723263892,25.69603556931018,742.0078369905956,381.3331954403451,volume,49965418.63508698,381.3331954403451,-96.89348602294922,-369.48702642485637,999308003.2147132
LOTE,9,0.6301948272288516,0.1855271975956077,76311.80047040376,283.15828969498375,volume,49965400.16073567,283.15828969498375,-99.03846740722656,-280.43563045042663,999307722.7790828
COUV,8,0.6296274785943008,0.01870421123779008,728072.3189823874,272.3603690126851,volume,49965386.13895414,272.3603690126851,-98.7399673461914,-268.92853942709166,999307453.8505434
ACRL,9,0.6288763478747134,0.029778073184901332,4634330.955637708,2760.0289272006685,volume,49965372.692527175,2760.0289272006685,-74.68986511230469,-2061.4618827867694,999305392.3886606
BSPM,8,0.6287836810276058,1.5361737302723817,100273.50704225352,3080.7505472118505,volume,49965269.61943303,3080.7505472118505,0.0,0.0,999305392.3886606
GGII,10,0.625609661246798,0.0017236961656341265,19758300.676194206,681.1461423000425,volume,49965269.61943303,681.1461423000425,-66.88742065429688,-455.601085470745,999304936.7875751
GTVH,9,0.6249343582438988,0.0374510776028018,4137893.44984326,3099.371374044104,volume,49965246.83937876,3099.371374044104,-76.7685317993164,-2379.341898861958,999302557.4456763
ROYL,8,0.6246838788704735,0.34291415068608244,32298.696981575853,221.5136048740844,volume,49965127.87228382,221.5136048740844,-50.0,-110.7568024370422,999302446.6888739
CLAZF,9,0.6241086834533595,1.2491820157805464,7199.7,179.874715180304,volume,49965122.334443696,179.874715180304,-99.62369537353516,-179.19783830524008,999302267.4910356
ARYC,10,0.6236496295292272,0.015457023844009331,3016672.487289793,932.5755713121054,volume,49965113.37455178,932.5755713121054,0.0,0.0,999302267.4910356
MMEX,11,0.6227150377946085,3371.6455661308737,5670105.85893417,49965113.37455178,capital,49965113.37455178,382351745.57536167,-3.999995708465576,-1998602.390712031,997303665.1003236
CNNC,8,0.622476128869218,5.620479037861956,42893.87005870842,4821.681950354905,volume,49865183.25501618,4821.681950354905,-69.14633178710938,-3334.0161991115688,997300331.0841244
RECAF,8,0.6216552883488027,1.2169417506897977,218980.32810662486,5329.726077054048,volume,49865016.55420622,5329.726077054048,-86.46211242675781,-4608.1937527806995,997295722.8903717
DVLP,8,0.6216310732216743,0.004569599226913877,5678820.590670171,518.9986836181804,volume,49864786.144518584,518.9986836181804,-91.30547332763672,-473.8742046417834,997295249.016167
CELZ,8,0.6210564057093343,55332.227471295235,45738.60148083624,49864762.45080835,capital,49864762.45080835,50616374.027131036,-79.13868713378906,-39462318.345952354,957832930.6702147
CTPR,8,0.6205158980573308,0.6290102444908725,24156.537588097104,303.89419228683823,volume,47891646.53351074,303.89419228683823,0.0,0.0,957832930.6702147
ADHC,9,0.6193319804131188,0.002538227714250824,6580330.47456964,334.04754358963874,volume,47891646.53351074,334.04754358963874,-24.197006225585938,-80.82950491880179,957832849.8407097
AWH,9,0.6183698621432797,23.509544278627644,27947.25117370892,13140.542778684765,volume,47891642.492035486,13140.542778684765,-85.40880584716797,-11223.180669110921,957821626.6600405
DNAX,8,0.6173852445300344,30.072482801830578,2208646.7690802347,1328389.8395696806,volume,47891081.33300203,1328389.8395696806,-98.46856689453124,-1308046.4377968272,956513580.2222437
SGLDF,8,0.6168615643549367,0.8398365340710726,7666.389651117209,128.77028226865232,volume,47825679.01111218,128.77028226865232,-80.77519226074219,-104.01444307720432,956513476.2078006
EMMS,8,0.6166511717341983,3.5464153543476398,16780.486687548942,1190.2115128429948,volume,47825673.81039003,1190.2115128429948,115.0522232055664,1369.364806374471,956514845.572607
ZAAG,10,0.6142045711573322,0.260369206910925,9569481.825284649,49831.9678679575,volume,47825742.27863035,49831.9678679575,17.647058486938477,8793.876514850848,956523639.4491218
BCDS,10,0.6136865341731653,0.7855527001185396,194256.29342723003,3051.9711163355973,volume,47826181.9724561,3051.9711163355973,58.24998474121094,1777.7727095716505,956525417.2218314
WDRP,8,0.6135768764666307,0.004600188470747928,2399823.3820180604,220.79279707581566,volume,47826270.86109158,220.79279707581566,-69.79020690917969,-154.091749919777,956525263.1300815
KAYS,8,0.6134245042901074,0.9836476272083775,16292.45472363779,320.5206886061247,volume,47826263.15650408,320.5206886061247,-65.57823181152344,-210.19180017801563,956525052.9382813
TRBO,9,0.6130126292934918,811523.5918453016,548591.9560612005,47826252.646914065,capital,47826252.646914065,8903906292.804506,0.0,0.0,956525052.9382813
NCPCF,8,0.6129317850710221,13.32655738915055,1094.1027048216386,291.6124497086082,volume,47826252.646914065,291.6124497086082,-82.75862121582031,-241.3344426725216,956524811.6038386
CAPC,8,0.6125773983684211,0.3502502351717262,54690.34507042253,383.106124450767,volume,47826240.58019193,383.106124450767,-98.55116271972656,-377.55554009671357,956524434.0482985
BAYP,9,0.6116035927746714,7.299271595201458,5524.737974188502,806.5312593184997,volume,47826221.70241493,806.5312593184997,-94.5454559326172,-762.5386563617548,956523671.5096421
GPGC,8,0.610127422167535,7.073574581116025,3235.9514106583074,457.79487288318296,volume,47826183.57548211,457.79487288318296,-91.00775146484376,-416.6288201323246,956523254.880822
DBMM,8,0.6100058020647523,0.010049702646495526,3663905.3107632096,736.4231779617209,volume,47826162.7440411,736.4231779617209,-39.59603500366211,-291.5943793208039,956522963.2864426
EAPH,9,0.609989120273331,0.006920536428362031,1873819.509788567,259.3567235533452,volume,47826148.16432214,259.3567235533452,0.0,0.0,956522963.2864426
NXSGF,10,0.6093300677432997,2.3514754530224464,4922.40793878527,231.4984287563276,volume,47826148.16432214,231.4984287563276,-76.26283264160156,-176.54725929037534,956522786.7391834
VIVK,9,0.6090654804166644,7.758171551230846,74782.17981939537,11603.459600277252,volume,47826139.336959176,11603.459600277252,52.50563049316406,6092.469622145145,956528879.2088056
FSTTF,8,0.6087809354977017,0.1861675398594262,28328.855855855854,105.47826803433968,volume,47826443.96044028,105.47826803433968,-69.5102767944336,-73.31823606864407,956528805.8905694
NWGC,10,0.6077207577962628,0.0006207134454288787,10323652.685613485,128.16060055796487,volume,47826440.29452848,128.16060055796487,7.275958523678128e-06,9.324912140294322e-06,956528805.8905787
IDGC,8,0.6072413650181336,0.0002149686505743174,29075472.80760188,125.00630308520873,volume,47826440.29452894,125.00630308520873,-63.529415130615234,-79.41577322643732,956528726.4748055
MMMM,9,0.6071883348420368,4.956217127809675,279851.17326538614,27740.0635635108,volume,47826436.32374027,27740.0635635108,-99.91226196289062,-27715.724976247282,956501010.7498293
GWHP,11,0.6064445711234567,21.790271801306886,94819.80092011711,41322.98468390322,volume,47825050.53749147,41322.98468390322,0.0,0.0,956501010.7498293
EMOR,8,0.6064307609502378,0.5728423253114546,10959.859436178544,125.56542729014411,volume,47825050.53749147,125.56542729014411,-60.51873016357422,-75.9906021204613,956500934.7592272
OMHE,9,0.605466573496204,0.006603305413980159,1211736.125199362,160.0292743168857,volume,47825046.73796136,160.0292743168857,-80.0,-128.02341945350858,956500806.7358077
ABQQ,8,0.6054600093084969,117.6759825882449,11902954.37085792,28013837.025875006,volume,47825040.33679038,28013837.025875006,-94.71491241455078,-26533281.203012507,929967525.5327952
BLKCF,10,0.6046119943235603,0.6525344059352614,94257.37666405638,1230.123625729924,volume,46498376.27663976,1230.123625729924,7.275958523678128e-06,8.950328479807483e-05,929967525.5328847
PAOG,9,0.6041492267883517,0.0032081575922417284,8099915.115640925,519.7160834951395,volume,46498376.27664424,519.7160834951395,-19.791671752929688,-102.86050129254,929967422.6723834
DDDX,9,0.6033424804555757,0.05214248223233155,104301.20242756461,108.77047188780207,volume,46498371.133619174,108.77047188780207,-64.15093231201172,-69.77727179619964,929967352.8951116
FWFW,10,0.6032681645108763,0.06692381460414601,85225.93615354486,114.07289501209242,volume,46498367.64475558,114.07289501209242,-57.007301330566406,-65.02987899604418,929967287.8652325
RGTLF,10,0.6025527993833548,26.36895295561825,1988.8540293968576,1048.879966735151,volume,46498364.39326163,1048.879966735151,-93.8952865600586,-984.8488504370172,929966303.016382
CNBX,9,0.602532583817467,42.008116503670585,63038.7760375881,52962.80496071597,volume,46498315.1508191,52962.80496071597,-99.73503112792967,-52822.47001379475,929913480.5463681
GPFT,8,0.6021225322581368,0.15263702647427752,399795.40018700325,1220.4716216527597,volume,46495674.02731841,1220.4716216527597,-93.74748992919922,-1144.1615105976555,929912336.3848575
SGDH,9,0.6018499038913117,0.03775356720927814,180859.7812622501,136.56203814679404,volume,46495616.81924288,136.56203814679404,-22.62773323059082,-30.900893686114227,929912305.4839638
DTST,8,0.6013928664287538,1.3162584992332753,166520.1687548943,4383.671748347778,volume,46495615.2741982,4383.671748347778,0.2508665919303894,10.997167916495387,929912316.4811317
EDXC,9,0.6008016188314,0.06770839465015087,531055.8610023493,719.1387963604546,volume,46495615.82405659,719.1387963604546,-84.93968200683594,-610.8342068163577,929911705.6469249
IMTL,8,0.6004556552353846,0.013294208452354685,21050208.010188088,5596.917065057335,volume,46495585.28234625,5596.917065057335,-72.6190414428711,-4064.4275229971104,929907641.2194018
ETST,9,0.599390351218875,0.4478546805173462,90939.07128867999,814.549774370719,volume,46495382.0609701,814.549774370719,1107.62451171875,9022.152961079857,929916663.3723629
CALA,10,0.599150174244745,95.07397771964366,40623.82675009777,77245.3759865092,volume,46495833.16861814,77245.3759865092,-96.72413635253906,-74714.92279522262,929841948.4495677
NSAV,8,0.5991091588174431,0.0041962097256417075,30441065.186985496,2554.741875930435,volume,46492097.422478385,2554.741875930435,-92.9428253173828,-2374.4492790560525,929839574.0002886
RGXTF,9,0.5987523679884459,0.15586533514335194,48384.89729517836,150.83056465579276,volume,46491978.700014435,150.83056465579276,-65.47528839111328,-98.75674719032489,929839475.2435415
IFMK,9,0.5986036051495719,3.669306032409216,227586.2697022767,16701.673446241493,volume,46491973.76217708,16701.673446241493,-99.2614517211914,-16578.323524472045,929822896.920017
HUML,10,0.5985808329253747,0.43611336291328273,31734.76724137931,276.79912125816423,volume,46491144.84600085,276.79912125816423,-5.217389583587647,-14.441688519985602,929822882.4783285
BYSI,9,0.5985724969399979,13.008576129298621,302261.96226415096,78639.95494208789,volume,46491144.123916425,78639.95494208789,141.96910095214844,111644.4370204568,929934526.9153489
BDPT,9,0.5983888053403096,0.17870485720670656,5229370.76417677,18690.279113862714,volume,46496726.345767446,18690.279113862714,-69.34306335449219,-12960.412087057242,929921566.5032618
VYBE,8,0.5975907243850462,9.497746435424418,641.2634471927759,121.81115239486323,volume,46496078.325163096,121.81115239486323,-99.09722137451172,-120.71146734758145,929921445.7917945
RJDG,9,0.5971481696443943,0.007454045484583925,991962.2779302235,147.88263877366737,volume,46496072.28958973,147.88263877366737,140.24415588378906,207.39675844680275,929921653.188553
PUGE,11,0.5970409104479878,0.004715570368899231,22240383.38337907,2097.521857512423,volume,46496082.65942765,2097.521857512423,0.0,0.0,929921653.188553
FORW,9,0.596472774664231,0.03324936180736838,1743133.5908379012,1159.1615888069323,volume,46496082.65942765,1159.1615888069323,-63.72643661499024,-738.6923751563636,929920914.4961778
AMIH,8,0.5961385518506868,49.848818526235476,764766.9147438405,762454.5429586942,volume,46496045.724808894,762454.5429586942,-99.95663452148438,-762123.900897676,929158790.59528
ABQQ,9,0.5958099365173298,117.6759825882449,11902954.37085792,28013837.025875006,volume,46457939.529764004,28013837.025875006,-58.54545974731445,-16400829.679661924,912757960.9156182
BTDG,8,0.5954471532394643,0.00783894747996458,8104722.296948357,1270.6498485095215,volume,45637898.04578091,1270.6498485095215,-96.33699798583984,-1224.1059189656946,912756736.8096993
UNAM,8,0.5952918601817727,5.832652995007187,8273.533568904593,965.1330069992775,volume,45637836.84048497,965.1330069992775,-99.68379974365234,-962.08125395705,912755774.7284453
SNMN,9,0.5949962033903893,0.0006666326943381164,16012039.512348099,213.48298083929987,volume,45637788.73642227,213.48298083929987,-81.65137481689453,-174.31178885537585,912755600.4166564
SUIC,8,0.5948083198524141,51.47035540307818,1116.1775147928995,1149.0010675863018,volume,45637780.02083282,1149.0010675863018,-59.69049453735352,-685.8444194817351,912754914.5722369
ONCI,8,0.5942164003247661,0.0010991179963965882,31948602.212857705,702.3056730373553,volume,45637745.72861185,702.3056730373553,-74.32432556152344,-521.9839548653323,912754392.5882821
CAPC,10,0.594196199727248,0.3502502351717262,54690.34507042253,383.106124450767,volume,45637719.62941411,383.106124450767,-65.0,-249.01898089299857,912754143.5693012
ICNM,9,0.5941661283437182,0.00037965125315319426,42463758.97413793,322.4283861625333,volume,45637707.17846507,322.4283861625333,-61.95652389526367,-199.76542011790295,912753943.803881
CNND,10,0.5941062025023472,186.4942523445482,38.00391542678152,141.7502358736612,volume,45637697.190194055,141.7502358736612,-21.117416381835938,-29.933987531675616,912753913.8698934
IONKF,9,0.5939195185557621,6.917797587926145,63124.115404168784,8733.597065658609,volume,45637695.69349468,8733.597065658609,-96.18174743652344,-8400.126271815385,912745513.7436216
INCC,9,0.5937378638332648,1.0864462429864863,17595.061128526646,382.3217611641068,volume,45637275.687181085,382.3217611641068,-71.64179229736328,-273.9021620408107,912745239.8414596
ALYI,8,0.5930660943119084,0.01357430583552575,10627213.486507626,2885.1409209055682,volume,45637261.992072985,2885.1409209055682,-99.91327667236328,-2882.6388306919503,912742357.202629
PBLA,10,0.5930317646304499,104590.48460383533,34352.88678304239,45637117.86013145,capital,45637117.86013145,71859701.52358186,-99.1216049194336,-45236243.66193576,867506113.5406932
BYOC,9,0.5929350429955572,0.011096028952939988,27975216.34115806,6208.276209724994,volume,43375305.67703466,6208.276209724994,-71.69811248779297,-4451.216860401516,867501662.3238328
GBRRF,8,0.5924532027891768,0.258171524317177,28362.928711320015,146.45001079001827,volume,43375083.11619164,146.45001079001827,111.34751892089844,163.0684534740734,867501825.3922862
PTOP,9,0.5923805316992581,0.001233734325360003,7617066.237460815,187.94872151392352,volume,43375091.26961431,187.94872151392352,-47.56098175048828,-89.3902571395132,867501736.0020291
SRKZF,8,0.5922581541184054,2.30416939792597,5176.57092476489,238.55392622073197,volume,43375086.80010146,238.55392622073197,-80.3255615234375,-191.61978077300978,867501544.3822483
ICNB,11,0.591396198261482,1.2335306077805464,45286.76724137931,1117.252270393495,volume,43375077.21911242,1117.252270393495,0.0,0.0,867501544.3822483
CNNA,9,0.591311670270491,0.009708539020342848,1841376.0493537015,357.5414245255034,volume,43375077.21911242,357.5414245255034,77.08672332763672,275.61696870566584,867501819.999217
CFGX,11,0.5912801057911939,0.00029104933394047275,18820940.79953015,109.55644567672637,volume,43375090.999960855,109.55644567672637,-28.571430206298828,-31.301843413027562,867501788.6973736
FTEG,9,0.590676109471842,0.00034490011757947424,46812871.41950646,322.91529713641177,volume,43375089.434868686,322.91529713641177,16.2790584564209,52.567569985561704,867501841.2649436
NWGC,9,0.5905663649510496,0.0006207134454288787,10323652.685613485,128.16060055796487,volume,43375092.06324718,128.16060055796487,0.0,0.0,867501841.2649436
CNXS,9,0.5903939316181778,0.0025957557097037198,11562745.760375882,600.2812665469635,volume,43375092.06324718,600.2812665469635,-80.0,-480.2250132375708,867501361.0399303
GZIC,9,0.589733443315459,0.6323887538614185,776379.1536050157,9819.468909445173,volume,43375068.05199652,9819.468909445173,-99.52367401123048,-9772.696227070343,867491588.3437033
AUNXF,8,0.5895616661122655,0.053241883758854455,3249494.874021909,3460.184567153358,volume,43374579.417185165,3460.184567153358,-88.00843048095703,-3045.2541292959672,867488543.089574
ZVOI,11,0.5877401113775098,4.851236117337981,343562.50098154694,33334.056266492924,volume,43374427.1544787,33334.056266492924,0.0,0.0,867488543.089574
WCUI,9,0.5876638674335565,0.0882181790342573,63265.42111459969,111.62320493130873,volume,43374427.1544787,111.62320493130873,-99.2686004638672,-110.80679332822459,867488432.2827806
EVKG,11,0.5876294735538663,2.23712901162627,226787.27525450275,10147.047858790413,volume,43374421.614139035,10147.047858790413,-11.392411231994627,-1155.9934199807092,867487276.2893606
ISRB,10,0.5861624383899686,3.785276445148896,9715.883091408396,735.5460681945727,volume,43374363.81446803,735.5460681945727,-99.86932373046876,-734.5848840319724,867486541.7044766
GKIN,10,0.5861624383899686,3.815310877227483,9720.022335423197,741.698138864684,volume,43374327.08522383,741.698138864684,-99.86932373046876,-740.728915405633,867485800.9755613
HSDT,9,0.5857512625053237,6852.116883919507,95061.32601880877,13027426.340425126,volume,43374290.048778065,13027426.340425126,-94.49979400634766,-12310891.05603042,855174909.9195309
NCPCD,8,0.5853974454294548,13.401337361288729,1095.3652859960553,293.587194629553,volume,42758745.495976545,293.587194629553,-81.47624969482422,-239.20383576840416,855174670.715695
PSRU,8,0.5851423362075079,0.5430415720840135,14835551.096432772,161126.41980279126,volume,42758733.53578475,161126.41980279126,-95.4337921142578,-153769.05251574214,855020901.6631793
VBIVQ,10,0.5850234898570998,89.29192339458965,325052.16568511975,580490.6615520235,volume,42751045.08315897,580490.6615520235,-99.9613037109375,-580266.0332076486,854440635.6299716
PAOG,10,0.5849442844023551,0.0032081575922417284,8099915.115640925,519.7160834951395,volume,42722031.78149858,519.7160834951395,190.00001525878903,987.4606379431458,854441623.0906096
LRSV,8,0.5838401901343232,0.05233514055221798,304514.0696999032,318.7357327574468,volume,42722081.15453048,318.7357327574468,-58.33333206176758,-185.9291733889095,854441437.1614361
SAPMY,9,0.583230500909333,140.6385482636681,4130.5456683653465,11618.2789267137,volume,42722071.858071804,11618.2789267137,537.142822265625,62406.751325642326,854503843.9127617
EVFM,8,0.5831652228151345,15793.046602876333,112456.30772261623,35520554.1730136,volume,42725192.19563809,35520554.1730136,-99.990234375,-35517085.368895136,818986758.5438666
ACMB,8,0.5831200032156567,25.672525792850564,4103.895858464013,2107.1474455517996,volume,40949337.927193336,2107.1474455517996,-99.50070190429688,-2096.6264984825025,818984661.9173682
GBHPF,10,0.5829746711045724,0.03502769293794327,147113.13983548767,103.06067778588346,volume,40949233.09586841,103.06067778588346,480.952392578125,495.67279561843867,818985157.5901638
DBMM,10,0.5826566057094916,0.010049702646495526,3663905.3107632096,736.4231779617209,volume,40949257.8795082,736.4231779617209,-85.45606231689453,-629.3182498750233,818984528.271914
VENG,10,0.5825790484592841,39.85574332779935,5468.3789260385,4358.926137906751,volume,40949226.413595706,4358.926137906751,-99.98464965820312,-4358.257027845909,818980170.0148861
CBDS,10,0.5825223853978514,2.0165915612290157,146957.96416803953,5927.0838079332925,volume,40949008.50074431,5927.0838079332925,376.74993896484375,22330.284628783815,819002500.2995149
LCGMF,9,0.5823732650570907,0.06487208916373058,138803.33712269698,180.08924924093907,volume,40950125.01497575,180.08924924093907,7.843122482299805,14.124620395421024,819002514.4241353
RDDTF,9,0.5822065949564937,0.28664638181407986,87459.04031856645,501.39634928497605,volume,40950125.72120677,501.39634928497605,-98.70967864990234,-494.9267251415418,819002019.4974102
BEGI,10,0.5817837879637185,0.32958659895390513,3950223.4213615023,26038.81405109193,volume,40950100.97487051,26038.81405109193,177.7777862548828,46291.227187056604,819048310.7245972
COGNY,8,0.5815059631342319,2.213362176890194,98603.93617854346,4364.924456601655,volume,40952415.536229864,4364.924456601655,32.093013763427734,1400.8358066203925,819049711.5604038
EVFM,9,0.5814875326326355,15793.046602876333,112456.30772261623,35520554.1730136,volume,40952485.57802019,35520554.1730136,-99.93635559082033,-35497947.326172836,783551764.234231
KRFG,10,0.5814682350399085,0.001335881666824417,6182703.602664577,165.18720788417767,volume,39177588.21171155,165.18720788417767,-48.71794891357422,-80.47581954877332,783551683.7584114
FTMDF,8,0.5812705558179633,0.08296161360565904,94791.94829612221,157.28185974941002,volume,39177584.18792057,157.28185974941002,-69.81132507324219,-109.80055039090149,783551573.9578611
ZPAS,10,0.5811721722668163,0.20433939446574287,47784.82993535554,195.2864642727811,volume,39177578.69789305,195.2864642727811,-94.87179565429688,-185.27177532537436,783551388.6860858
AAVXF,10,0.5810828507596093,16.027218030606612,380.1254220935842,121.84706037740483,volume,39177569.43430429,121.84706037740483,-43.76589584350586,-53.327457533148696,783551335.3586284
AXIM,8,0.5808454531908427,2.006358839792738,205828.7327856025,8259.32595015462,volume,39177566.767931424,8259.32595015462,-93.52960205078124,-7724.914693256522,783543610.4439352
UNVC,8,0.5798339517921408,0.014028374558648088,2440275.121319199,684.6618685603224,volume,39177180.52219676,684.6618685603224,-93.3289566040039,-638.9877781928257,783542971.456157
AHPIQ,8,0.5798096301604159,2.7226893967830157,377406.64671361505,20551.221505651865,volume,39177148.57280785,20551.221505651865,-99.9981689453125,-20550.84520154715,783522420.6109555
SPHDF,10,0.5795694280446608,29.08262022048153,439.16111328890634,255.43911746770257,volume,39176121.030547775,255.43911746770257,74.45736694335938,190.1932410098061,783522610.8041965
VTNA,8,0.5792742138679088,33.78266570414873,258.03100470957617,174.33950346818474,volume,39176130.54020982,174.33950346818474,-99.9284896850586,-174.21483274018738,783522436.5893637
PXLW,8,0.5792307077666378,3.1895641719346326,442139.55782046256,28204.649852383365,volume,39176121.82946818,28204.649852383365,-75.61761474609375,-21327.683465859955,783501108.9058979
MDCN,9,0.5791225715066699,0.02798673461525587,47243193.864758916,26443.654581401843,volume,39175055.445294894,26443.654581401843,-90.0,-23799.28912326166,783477309.6167746
ALYI,10,0.5790100024527952,0.01357430583552575,10627213.486507626,2885.1409209055682,volume,39173865.48083873,2885.1409209055682,921.97802734375,26600.36534865246,783503909.9821233
TPII,10,0.5786703310671022,0.07858035723998916,245096.0722135008,385.1947382531015,volume,39175195.49910616,385.1947382531015,-98.16311645507812,-378.1191594902254,783503531.8629638
REFG,9,0.5786454092459985,0.02891413959067665,323783.0976087809,187.23819362723947,volume,39175176.593148194,187.23819362723947,-96.51081848144533,-180.70511317952221,783503351.1578506
KYOCF,11,0.5779667735687197,13.86231782622358,1935.1638573108585,536.517128717278,volume,39175167.55789253,536.517128717278,-19.38551902770996,-104.00663007441106,783503247.1512206
FJHL,8,0.5778228900548592,344.01926669547845,39.37170263788969,270.8924854007849,volume,39175162.35756103,270.8924854007849,-99.9962921142578,-270.88244101694204,783502976.2687795
MNTR,9,0.5778045172973361,0.42555060667492906,65972.13210505684,561.48961681891,volume,39175148.813438974,561.48961681891,22.222217559814453,124.77544422526671,783503101.0442237
FERL,8,0.5773928018550919,3.327463655291226,7946.844889779559,528.8567508995658,volume,39175155.05221119,528.8567508995658,-99.6059341430664,-526.7727070121823,783502574.2715167
FCHS,9,0.5772990948689853,0.5316835874396121,19448.096357226794,206.80467280163185,volume,39175128.71357583,206.80467280163185,-72.17391204833984,-149.25902265970674,783502425.012494
ATRX,10,0.5772960681655429,22.97405110596015,12583.972233085648,5782.096423977862,volume,39175121.2506247,5782.096423977862,-93.9749984741211,-5433.725026205407,783496991.2874677
SMC,8,0.5768581450198507,160.75753056792735,30998.448451587614,99664.68049028833,volume,39174849.56437339,99664.68049028833,-18.993541717529297,-18929.852666565195,783478061.4348012
BLFE,10,0.5767787431557856,0.2740654484567967,2353787.942488263,12901.838960604931,volume,39173903.07174006,12901.838960604931,-15.25423812866211,-1968.0772380271806,783476093.3575631
XCPL,9,0.576556899062615,0.11023519048533836,4878684.005496663,10756.053213273965,volume,39173804.66787816,10756.053213273965,-95.56717681884766,-10279.256393058875,783465814.1011701
EGRNF,8,0.5761284739926695,1.2598014261252761,41687.841816758024,1050.3680514567336,volume,39173290.70505851,1050.3680514567336,-78.16033172607422,-820.9711533632849,783464993.1300168
FTXP,8,0.5760049882379545,0.2596632367293607,37905972.20477502,196855.74868130125,volume,39173249.65650084,196855.74868130125,-77.23577117919922,-152043.05560458932,783312950.0744122
NDEV,10,0.5755547436059012,0.1443435906968143,139009.844374755,401.30360158514975,volume,39165647.50372061,401.30360158514975,334.9159851074219,1344.0299105204679,783314294.1043227
NUGL,9,0.5749473051013523,0.5965028060900441,58760.20227361819,701.0125108526368,volume,39165714.70521613,701.0125108526368,-91.7028350830078,-642.8483467384456,783313651.2559758
MDLM,8,0.5744945464306807,35.682910956083944,44497.049784398274,31755.68530530236,volume,39165682.56279879,31755.68530530236,-97.14285278320312,-30848.37862642714,783282802.8773494
RMHB,9,0.5738415473778677,0.24796968642237988,374459.90896487987,1857.0941240754835,volume,39164140.14386747,1857.0941240754835,-4.589838027954102,-85.23761232171768,783282717.639737
CNNA,10,0.5729371676117209,0.009708539020342848,1841376.0493537015,357.5414245255034,volume,39164135.88198685,357.5414245255034,183.1682891845703,654.9025104295063,783283372.5422474
EHOS,9,0.572751704547784,0.0009897318303572283,47334088.00677638,936.9610712247382,volume,39164168.62711237,936.9610712247382,0.0,0.0,783283372.5422474
IGXT,8,0.5723564586851975,0.4525705325507725,176414.079153605,1596.7962750400231,volume,39164168.62711237,1596.7962750400231,-59.829063415527344,-955.3482560104738,783282417.1939914
EXMT,8,0.5722335257635658,0.0012312299316733796,8119739.585193889,199.9453282936782,volume,39164120.85969957,199.9453282936782,-44.97354507446289,-89.92250234444016,783282327.2714891
BKTPF,8,0.5720314737090845,0.07823731720262438,73136.18153364632,114.43957267273213,volume,39164116.36357446,114.43957267273213,-85.6489486694336,-98.01629085598749,783282229.2551982
FLCX,9,0.5719506370475017,7.947196897069628,1007.9260789715336,160.20374014556256,volume,39164111.46275991,160.20374014556256,31.000375747680664,49.66376140696233,783282278.9189596
RTGC,10,0.5718988392818247,12.088897240824588,1517.5137147335424,366.9013471791158,volume,39164113.94594798,366.9013471791158,-38.48535919189453,-141.20330134178272,783282137.7156583
QEDN,9,0.5718294282696725,0.0010921246633389978,13520251.072912583,295.3159930252676,volume,39164106.88578292,295.3159930252676,-48.97119903564453,-144.6197827284939,783281993.0958755
QEDN,8,0.5717084740329338,0.0010921246633389978,13520251.072912583,295.3159930252676,volume,39164099.65479378,295.3159930252676,-78.31768035888672,-231.28463546620125,783281761.81124
MSRM,9,0.5713045456102515,12.417568533064346,19077.838886711095,4738.007436769901,volume,39164088.090562,4738.007436769901,-71.02632141113281,-3365.232390523565,783278396.5788494
JRSS,9,0.5703877302193433,15.819921435660744,376.9358727097396,119.26191785100599,volume,39163919.82894247,119.26191785100599,-27.411449432373047,-32.691420303806794,783278363.8874291
PQEFF,8,0.5699072322144296,2.560508673865724,710632.6338690709,36391.620459076024,volume,39163918.194371454,36391.620459076024,-99.9892349243164,-36387.702873591115,783241976.1845555
TGRO,8,0.569888976839687,0.00928164376218036,26424803.92781483,4905.312330868832,volume,39162098.80922778,4905.312330868832,-65.51725006103516,-3213.825746090125,783238762.3588095
SHOM,11,0.5698426641917065,0.0008834913836134038,7276147.430642633,128.56827121747145,volume,39161938.11794048,128.56827121747145,0.0,0.0,783238762.3588095
SIVBQ,10,0.5696893451609059,233.5612855824914,604548.5008203445,2823982.500971351,volume,39161938.11794048,2823982.500971351,-97.50103759765624,-2753412.24002331,780485350.1187862
AMLH,10,0.5696675453657647,0.006443285082024691,27792713.24208056,3581.5274924337555,volume,39024267.50593931,3581.5274924337555,3.448282480239868,123.50118504656747,780485473.6199713
VPOR,11,0.569353212148528,0.0006423164521185962,23633858.364742834,303.60832109430055,volume,39024273.680998564,303.60832109430055,0.0,0.0,780485473.6199713
CLAZF,10,0.5692574029819928,1.2491820157805464,7199.7,179.874715180304,volume,39024273.680998564,179.874715180304,-50.0,-89.937357590152,780485383.6826136
TPII,8,0.5688443918224845,0.07858035723998916,245096.0722135008,385.1947382531015,volume,39024269.18413068,385.1947382531015,-87.43517303466797,-336.79568591203565,780485046.8869277
HQGE,8,0.5684021018114682,0.09535975829289337,11174028.612068966,21311.053352095423,volume,39024252.34434639,21311.053352095423,-89.52879333496094,-19079.528913100774,780465967.3580146
ATVK,10,0.5676739230449398,1.494452710971571,2530172.688897607,75624.46868298517,volume,39023298.36790073,75624.46868298517,-81.13631439208984,-61358.90666797438,780404608.4513466
EQUEY,8,0.5671992357076997,4.23574030282588,7497.5291813552685,635.1517305015927,volume,39020230.42256733,635.1517305015927,72.77986145019531,462.2625494575771,780405070.713896
ESNC,9,0.5671806107120876,0.21543816759330867,203463.5160532498,876.6761414120775,volume,39020253.5356948,876.6761414120775,-90.0,-789.0085272708698,780404281.7053688
PTGX,8,0.5671650109189228,19.156325396449436,565659.0755344419,216718.98628785077,volume,39020214.08526844,216718.98628785077,-40.8571891784668,-88545.2862132827,780315736.4191555
EARI,9,0.5667473318336981,0.47515772809137236,3358519.36256852,31916.528601378843,volume,39015786.82095777,31916.528601378843,-99.37044525146484,-31715.596580001282,780284020.8225754
BHSIF,8,0.5664885400647266,0.08313939726367844,94896.95696400625,157.79351608289426,volume,39014201.04112878,157.79351608289426,-56.25,-88.75885279662802,780283932.0637227
CUKPF,9,0.5658080596429917,34.83820295651256,654.466327329679,456.0086147942948,volume,39014196.60318614,456.0086147942948,113.1930923461914,516.1702524506944,780284448.2339752
XELA,8,0.5653144956600583,42012.07801054917,115640.57380373073,39014222.41169876,capital,39014222.41169876,97166016.1565401,-99.9094696044922,-38978902.68184516,741305545.55213
QUBT,9,0.5652723445783947,2.816542927924177,1092716.829870639,61553.677187917485,volume,37065277.2776065,61553.677187917485,-68.2608642578125,-42017.072030936455,741263528.4800991
HTGMQ,11,0.5651262438749604,326.1785026324914,63580.366446826054,414770.9744890164,volume,37063176.42400496,414770.9744890164,-87.08333587646484,-361196.4008323565,740902332.0792668
RMSL,9,0.5647207566099355,1.6950304689438358,3618562.7687181495,122671.48293526059,volume,37045116.60396334,122671.48293526059,-30.97421836853028,-37996.533000281976,740864335.5462664
ABCFF,9,0.5647034352554997,0.137018232111905,44883.09194053208,122.99603818815595,volume,37043216.77731332,122.99603818815595,-33.33332824707031,-40.99867314014998,740864294.5475932
HDUP,8,0.5643295388202129,0.0250993338840685,229640.3303291536,115.27638648358418,volume,37043214.727379665,115.27638648358418,-83.2673110961914,-95.98754735373399,740864198.5600458
NLBS,9,0.5637145150174948,0.18339076816164016,36876.02480314961,135.25445030794606,volume,37043209.92800229,135.25445030794606,-99.83470916748048,-135.03088710101235,740864063.5291587
BEGI,8,0.5634289841055721,0.32958659895390513,3950223.4213615023,26038.81405109193,volume,37043203.176457934,26038.81405109193,-48.79441452026367,-12705.486864250459,740851358.0422944
BITCF,10,0.5630575910367149,0.11040406880622156,145710.1975743349,321.73997357530016,volume,37042567.90211472,321.73997357530016,22.50002861022949,72.39158610498733,740851430.4338806
CNBX,10,0.5628432311192053,42.008116503670585,63038.7760375881,52962.80496071597,volume,37042571.52169403,52962.80496071597,-40.31250381469727,-21350.6327701593,740830079.8011104
FRCB,10,0.5617358687141382,89.81329950204199,2352798.481002742,4226251.892844974,volume,37041503.990055524,4226251.892844974,-98.03016662597656,-4143001.7725894167,736687078.0285211
NICH,10,0.5614282272032906,1.8912723648647949,1052940.5746765975,39827.948214614094,volume,36834353.901426055,39827.948214614094,44.03668975830078,17538.9099923663,736704616.9385134
AGSS,9,0.5609628852156533,0.6991712044161512,8704.837636932707,121.72343629722569,volume,36835230.84692567,121.72343629722569,-84.3612289428711,-102.68738677183241,736704514.2511265
SECUF,8,0.5608672988880167,2.9589925566428974,3667.326930615445,217.0318618093429,volume,36835225.712556325,217.0318618093429,-10.590361595153809,-22.984458942303938,736704491.2666676
COHN,8,0.5605614677085942,11.298810961569485,41990.00665622553,9488.742949674734,volume,36835224.563333385,9488.742949674734,-56.434356689453125,-5354.911041564775,736699136.355626
RSTN,9,0.5603750414068411,5.110554620085278,3491.2290591504566,356.84233596034693,volume,36834956.8177813,356.84233596034693,24.54998207092285,87.60472949972745,736699223.9603555
QEBR,9,0.5603493909118078,0.37693875994575254,69040.43181818182,520.4802951132947,volume,36834961.198017776,520.4802951132947,-97.903564453125,-509.5687611920597,736698714.3915944
GIFX,8,0.5602992644271514,0.027395884943713908,318525.8743148003,174.52596408648293,volume,36834935.71957972,174.52596408648293,80.40792083740234,140.33269904337246,736698854.7242934
MGXMF,8,0.560194393909209,0.22786837341355362,109524.87092264679,499.1450837094588,volume,36834942.73621467,499.1450837094588,-99.9755401611328,-499.0229936262699,736698355.7012998
AJYG,8,0.5599893963138168,224.22774702589678,454.51345532831,2038.2905616244504,volume,36834917.78506499,2038.2905616244504,-99.98810577392578,-2038.0481227370014,736696317.653177
AMIH,9,0.5598919115878507,49.848818526235476,764766.9147438405,762454.5429586942,volume,36834815.882658854,762454.5429586942,-99.5186538696289,-758784.4975203238,735937533.1556567
AIFF,10,0.5596853369645994,21.607364477779196,14361.648669796557,6206.34754620214,volume,36796876.65778284,6206.34754620214,-73.76021575927734,-4577.8153408493135,735932955.3403158
JRSS,8,0.5595499567710176,15.819921435660744,376.9358727097396,119.26191785100599,volume,36796647.76701579,119.26191785100599,-58.98766326904297,-70.34981851015405,735932884.9904974
SAVA,11,0.5592975068155425,17.58816698956424,1739312.0913367306,611826.2301879725,volume,36796644.24952487,611826.2301879725,-87.59130096435547,-535906.5546628173,735396978.4358345
PPSI,8,0.5589593881492286,5.153482956612451,630584.2559780478,64994.10431782025,volume,36769848.921791725,64994.10431782025,-22.25247383117676,-14462.796055130677,735382515.6397794
OSCI,9,0.5589564847010979,0.10979968658675808,106906.57428459427,234.76616701024844,volume,36769125.78198897,234.76616701024844,-4.602510452270508,-10.805137375041522,735382504.834642
GALKF,8,0.5588211151678543,0.5192419126457646,15094.964747356053,156.75876733475093,volume,36769125.241732106,156.75876733475093,-48.82926177978516,-76.54414886464988,735382428.2904931
IGPK,10,0.5586714470078947,0.005995250791479091,9273378.594043886,1111.9246071125376,volume,36769121.41452466,1111.9246071125376,686.9158935546875,7637.986850601536,735390066.2773436
SCNA,9,0.5585882127093356,0.04249196781169653,1582808.1912975304,1345.1326943340855,volume,36769503.31386718,1345.1326943340855,-85.83333587646484,-1154.5722635119168,735388911.70508
AMPY,8,0.5585018379077269,7.666795777575243,444455.73004694836,68151.02628886132,volume,36769445.585254006,68151.02628886132,83.5316390991211,56927.669321958776,735445839.3744019
AGFAF,8,0.5584689168049952,222.31719824732406,1528.192517864649,6794.86957908385,volume,36772291.9687201,6794.86957908385,-99.88463592529295,-6787.03074066639,735439052.3436613
GNAL,8,0.558405276362653,0.3450062451562202,37388.830853563035,257.9876028713764,volume,36771952.61718307,257.9876028713764,-99.19833374023438,-255.91940330477846,735438796.424258
PBCRF,8,0.5583615923700977,1.2631675843770063,35492.79537436299,896.6669719164296,volume,36771939.8212129,896.6669719164296,11.327438354492188,101.56939848892534,735438897.9936565
CARM,8,0.5580470589005578,36.46147261965722,166438.3368544601,121371.73724160364,volume,36771944.89968283,121371.73724160364,-85.07217407226562,-103253.57558070989,735335644.4180758
MSMY,9,0.55800633001599,0.003691262261888159,2617910.605252842,193.2678924433321,volume,36766782.22090379,193.2678924433321,-53.21428680419922,-102.846130585226,735335541.5719452
OXBR,9,0.5578877783971539,3.1416321854552116,351963.9215993728,22114.823684312487,volume,36766777.07859726,22114.823684312487,27.67308616638184,6119.854213703214,735341661.4261589
OTLC,11,0.5577831902384911,0.36036836513347686,174651.94041552334,1258.7806846986311,volume,36767083.07130795,1258.7806846986311,-25.075000762939453,-315.6392662919162,735341345.7868927
RMHI,10,0.5576928350861948,0.6001740885699136,72518.16738533908,870.4705003051264,volume,36767067.28934463,870.4705003051264,-79.92683410644531,-695.7395127244229,735340650.0473799
FVTI,10,0.5573320902510281,31.59046754097006,524.821063394683,331.58685535974246,volume,36767032.502368994,331.58685535974246,-67.17948913574219,-222.75835547194734,735340427.2890244
EHVVF,11,0.5572952610338903,4.081011594677267,356996.3915632754,29138.12826455345,volume,36767021.36445122,29138.12826455345,-30.00001335144043,-8741.442369725872,735331685.8466547
YRD,8,0.5571413568916477,11.527500653114412,288474.69739744155,66507.8452531198,volume,36766584.29233273,66507.8452531198,10.902402877807615,7250.953234843969,735338936.7998896
PBLA,11,0.5570704779159918,104590.48460383533,34352.88678304239,36766946.83999448,capital,36766946.83999448,71859701.52358186,-41.27082443237305,-15174022.079478053,720164914.7204115
ILLMF,10,0.5569434008392239,2.7740675375586554,67788.53175403226,3760.9993071524996,volume,36008245.73602058,3760.9993071524996,-24.82701873779297,-933.7440027150149,720163980.9764088
OIBRQ,10,0.5569333659829137,114.34740720802715,1572.8381661442006,3596.9993251283513,volume,36008199.04882044,3596.9993251283513,489.6760864257813,17613.645524050276,720181594.6219329
AWON,9,0.5562596954941599,0.016027738709644523,468472.72456964006,150.17116843994916,volume,36009079.73109665,150.17116843994916,80.11363220214844,120.30757755764967,720181714.9295105
LITH,8,0.5562419311020815,0.5063393455171854,11683.410427283417,118.3154077831869,volume,36009085.746475525,118.3154077831869,-16.666677474975586,-19.719247418425923,720181695.2102631
ATBPF,8,0.5558740380317079,1.6169557948866407,11161.846635367761,360.96425197387714,volume,36009084.76051316,360.96425197387714,6.358736038208008,22.952763975310884,720181718.163027
BFYW,8,0.5557967804241674,0.0723738576207566,407494.0731611894,589.8383606454018,volume,36009085.90815135,589.8383606454018,-95.33672332763672,-562.3325659687748,720181155.830461
VMRI,8,0.5554386898388171,0.22282753415618037,39499.60227718885,176.03197951151677,volume,36009057.791523054,176.03197951151677,899.9998168945312,1584.2874932794696,720182740.1179543
NXGT,8,0.5552713859934908,0.6125067467994766,58498.458643669146,716.6140119323503,volume,36009137.005897716,716.6140119323503,-81.09097290039062,-581.1092742164642,720182159.0086801
EVSV,9,0.5551669014228378,0.28522233211311976,28531.135241081927,162.7543386259241,volume,36009107.95043401,162.7543386259241,-0.7527173161506653,-1.2250800896238214,720182157.7836
CVAT,11,0.5550996103705812,0.0339075954986142,187580.9710258418,127.20839377563028,volume,36009107.88918,127.20839377563028,45.20000076293945,57.49819495710791,720182215.2817949
OPTI,9,0.5545648471631074,1.1110505139578588,15052755.937879495,334487.4444252645,volume,36009110.76408975,334487.4444252645,-47.95539093017578,-160404.76158649003,720021810.5202085
SDCH,8,0.554407191296817,1.2883361957076913,26554.789087947884,684.2299190277378,volume,36001090.526010424,684.2299190277378,-70.90069580078125,-485.1237734677882,720021325.3964349
ATCMF,9,0.5540549800732167,0.3240092330158969,31618.108372456965,204.8911808634658,volume,36001066.26982175,204.8911808634658,-40.4255256652832,-82.82833690586219,720021242.568098
FONU,11,0.5538490867018175,0.005826580461643317,22224040.115942027,2589.803158366502,volume,36001062.1284049,2589.803158366502,7.275958523678128e-06,0.00018843300364765285,720021242.5682863
SMTSF,8,0.5534903340158113,1.4581261466106497,156947.5895727166,4576.9876800699,volume,36001062.12841432,4576.9876800699,-58.73707962036133,-2688.388897856786,720018554.1793884
RLBD,9,0.5531133219482368,0.047747581342188684,272215.89651117206,259.9530132260801,volume,36000927.70896942,259.9530132260801,-27.877605438232425,-72.46867535196276,720018481.7107131
MGWFF,10,0.5530778242853982,0.891735833308651,8583.078356426182,153.07677061042298,volume,36000924.08553566,153.07677061042298,20.952390670776367,32.073243004504,720018513.783956
LCNTU,8,0.5530659720397522,778.8964702467132,7.800862406899255,121.52128387228218,volume,36000925.6891978,121.52128387228218,20.788862228393555,25.262892282383778,720018539.0468483
EVIO,10,0.553060288197074,0.6324631790333225,23671916.58715237,299432.3123704405,volume,36000926.95234241,299432.3123704405,66.66668701171875,199621.6024999536,720218160.6493483
KPRX,10,0.5527833189760762,5240.485259491222,15863.764611043935,1662676.4920842848,volume,36010908.03246742,1662676.4920842848,-33.836387634277344,-562589.6629656432,719655570.9863826
GLMD,10,0.5527084616997173,55.501915776211284,77310.28907168038,85817.38305381905,volume,35982778.54931913,85817.38305381905,-77.03900146484375,-66112.85498792223,719589458.1313947
DMAN,10,0.5522674131802319,0.02536602234170668,2716334.790524667,1378.0521796800767,volume,35979472.90656974,1378.0521796800767,-65.91375732421875,-908.3259695154327,719588549.8054252
MAXD,9,0.5521226918336488,0.006732787155452069,25606777.68404547,3448.099677673161,volume,35979427.49027126,3448.099677673161,-97.59036254882812,-3365.0129764862118,719585184.7924486
ILUS,8,0.551649194844826,0.03672021952814267,5261254.090909091,3863.88810423041,volume,35979259.23962244,3863.88810423041,-96.89665985107422,-3743.9785133822606,719581440.8139353
BLPG,10,0.5516176070958286,2.5062635911968196,38813.5582942097,1945.5401599514626,volume,35979072.04069676,1945.5401599514626,-45.037879943847656,-876.2300414982814,719580564.5838938
CBGL,11,0.5513207521122614,0.12735803247204225,5015109.053599374,12774.288433982845,volume,35979028.22919469,12774.288433982845,57.89470672607422,7395.636825197187,719587960.220719
AXIM,9,0.5512540588706392,2.006358839792738,205828.7327856025,8259.32595015462,volume,35979398.01103595,8259.32595015462,-92.76486206054688,-7661.752324791885,719580298.4683942
KRFG,11,0.551166915097605,0.001335881666824417,6182703.602664577,165.18720788417767,volume,35979014.92341971,165.18720788417767,-6.3829779624938965,-10.54386307610604,719580287.924531
NOKPF,9,0.5511141587694737,0.15797073571319115,262942.2152097217,830.7435037347195,volume,35979014.39622655,830.7435037347195,653.8461303710938,5431.784252478706,719585719.7087835
ANIP,8,0.5509403686147475,50.47811034624939,160482.96948356807,162017.54084570645,volume,35979285.985439174,162017.54084570645,4.9065022468566895,7949.3942818965415,719593669.1030654
NIHK,10,0.5504392232813892,0.014715605657332955,496195.1940415523,146.0362560915858,volume,35979683.45515327,146.0362560915858,-56.56012344360352,-82.59828671781791,719593586.5047786
RRIF,8,0.550328327974542,2.9443131822018036,4817.141121128969,283.66344206932797,volume,35979679.325238936,283.66344206932797,-99.98941040039062,-283.63340324657463,719593302.8713754
EMMA,9,0.5501497072579921,25.337444204443578,19487.197729052466,9875.11570321653,volume,35979665.14356878,9875.11570321653,-83.30679321289062,-8226.642218412286,719585076.229157
PRTA,8,0.5496794730499052,34.64222460566946,440042.1132889063,304880.75449015474,volume,35979253.81145785,304880.75449015474,-23.610614776611328,-71984.22047069657,719513092.0086863
AZURF,9,0.5495114981878383,0.12688196619028141,61466.54029733959,155.97990975681225,volume,35975654.60043432,155.97990975681225,-75.06239318847656,-117.08225315668932,719512974.9264331
WPFH,10,0.5492752109752937,216.1437691396368,264.83981154299175,1144.8695017026664,volume,35975648.746321656,1144.8695017026664,-78.8021469116211,-902.1817466780795,719512072.7446864
RMRK,10,0.5492687207565216,0.0013339788316376771,24711726.134457074,659.298391131866,volume,35975603.63723432,659.298391131866,-65.16854095458984,-429.65514203772204,719511643.0895443
GSTC,8,0.5491397810876265,0.20236144200577785,3431634.723354232,13888.611021101218,volume,35975582.15447722,13888.611021101218,-88.56006622314453,-12299.763117762188,719499343.3264266
RCRT,9,0.5490036812116242,93.64083208983789,41129.36034962257,77027.75052922886,volume,35974967.16632133,77027.75052922886,-80.77848815917969,-62221.852340535595,719437121.4740862
NIXX,9,0.5488917474094406,71.89748192305473,45719.91924735398,65742.9413522031,volume,35971856.07370431,65742.9413522031,-80.77848815917969,-53106.15409568582,719384015.3199904
INVU,10,0.5487405455313651,0.13385347336388664,762017.9976479812,2039.9751150195257,volume,35969200.76599952,2039.9751150195257,-34.28958511352539,-699.4990033593577,719383315.820987
NXGT,10,0.5482990903277701,0.6125067467994766,58498.458643669146,716.6140119323503,volume,35969165.791049354,716.6140119323503,-28.94295692443848,-207.40928478807058,719383108.4117023
PHUN,9,0.5481061459456583,309.1437290425417,446035.55853658536,2757781.9170314576,volume,35969155.42058512,2757781.9170314576,-94.35449981689452,-2602091.333855797,716781017.0778465
NUGL,10,0.5479316236819731,0.5965028060900441,58760.20227361819,701.0125108526368,volume,35839050.85389233,701.0125108526368,-63.17903518676758,-442.89294089523025,716780574.1849056
HDII,10,0.5478516763042097,0.011264392626596769,979322.6755485893,220.62950251017102,volume,35839028.70924529,220.62950251017102,-91.2280731201172,-201.27604387452965,716780372.9088618
BGFV,8,0.547846053294062,9.746723351577451,626176.7159624413,122063.42439370415,volume,35839018.64544309,122063.42439370415,-67.18156433105469,-82004.11798374465,716698368.790878
BLBX,8,0.5473867084132819,19.851293444577067,31583.787979176526,12539.58086531878,volume,35834918.4395439,12539.58086531878,-68.98445892333984,-8650.362011194817,716689718.4288669
CLSK,9,0.5472423167721182,16.37905398197015,6113937.157093765,2002810.1347682378,volume,35834485.92144334,2002810.1347682378,208.7532958984375,4180932.1669166344,720870650.5957835
HSTO,9,0.5469128495996686,385.95575241463075,77902.64498432602,601339.4792003082,volume,36043532.52978917,601339.4792003082,-83.509033203125,-502172.78534888435,720368477.8104346
RMHI,9,0.5469012363949153,0.6001740885699136,72518.16738533908,870.4705003051264,volume,36018423.89052173,870.4705003051264,4516.4873046875,39314.689637330805,720407792.5000719
ARDX,8,0.5465611104500083,7.018016826425546,2575527.0312989047,361501.84085139097,volume,36020389.6250036,361501.84085139097,360.8310852050781,1304411.0153804086,721712203.5154523
HENC,11,0.5464505344674764,0.05596683386685983,232289.4713949843,260.0101250916755,volume,36085610.175772615,260.0101250916755,-97.75936126708984,-254.18423751938326,721711949.3312148
NAUH,10,0.5462960341985176,0.8953255178484962,20997.250098000783,375.9874763477388,volume,36085597.466560744,375.9874763477388,-17.79365348815918,-66.9019087001911,721711882.429306
CRRVF,9,0.5461784639902904,0.10765140696208828,48653.94919394235,104.75332169979711,volume,36085594.1214653,104.75332169979711,-99.02912902832033,-103.73630210754357,721711778.693004
UAMM,10,0.5461407265866138,0.007060317906698684,1685418.6287284144,237.99182649389533,volume,36085588.934650205,237.99182649389533,-62.993412017822266,-149.91917183204018,721711628.7738321
RVVTF,9,0.5459350767136215,0.15918718771612617,581476.2264150943,1851.271304136086,volume,36085581.43869161,1851.271304136086,-96.94261169433594,-1794.6707517773145,721709834.1030803
MMATQ,8,0.5459276325298246,185.9234943941261,68813.82320658566,255882.12946376027,volume,36085491.70515402,255882.12946376027,-97.287109375,-248940.32716248755,721460893.7759178
TBLMF,8,0.5453028091294881,18.604931008266153,600.1049284578696,223.2982158335832,volume,36073044.68879589,223.2982158335832,-9.211880683898926,-20.569965211864787,721460873.2059525
GLATF,8,0.5451801046672788,0.9696808484194328,94095.30317273796,1824.8482682564859,volume,36073043.660297625,1824.8482682564859,-41.03863525390625,-748.8928247470039,721460124.3131278
IVRN,8,0.5446710223633322,695.7703965157128,3502.4864972200157,48738.52837923401,volume,36073006.21565639,48738.52837923401,-99.6016616821289,-48544.384145133045,721411579.9289826
THCT,11,0.5445676869701991,1.5810144372503319,29073.096862745097,919.2997175115466,volume,36070578.996449135,919.2997175115466,-78.78787994384766,-724.296757757128,721410855.6322248
BYOC,10,0.5443438556633641,0.011096028952939988,27975216.34115806,6208.276209724994,volume,36070542.78161124,6208.276209724994,47.82606887817383,2969.1744562103554,721413824.806681
MMND,11,0.5442957914761463,2.1775410541609626,4819.885927087416,209.90998965211043,volume,36070691.24033406,209.90998965211043,-28.017240524291992,-58.81098668534821,721413765.9956944
CYBF,9,0.5441445315361485,493.64689823452323,3509.612915851272,34650.19059827602,volume,36070688.29978472,34650.19059827602,433.333251953125,150150.79772746548,721563916.7934219
XONI,10,0.5438087663623659,0.4609952488556522,72718.42049469965,670.4569270468804,volume,36078195.8396711,670.4569270468804,345.3000183105469,2315.087891857208,721566231.8813137
BCLI,10,0.5435406845099889,52.62682710427074,29375.614241001564,30918.90743485885,volume,36078311.59406569,30918.90743485885,-93.24970245361328,-28831.789184913992,721537400.0921288
DXFFY,8,0.5434053823522313,24.76993121665241,114357.60743639922,56652.60140601094,volume,36076870.00460644,56652.60140601094,-96.5259780883789,-54684.47761966276,721482715.6145091
VDRM,9,0.5430029764636929,0.008807224253293795,5137622.779348253,904.9639189310121,volume,36074135.78072546,904.9639189310121,-41.75825119018555,-377.89710644775914,721482337.7174027
VMNT,8,0.5428461842356267,0.2678735205688249,55668.11452762923,298.2402764388918,volume,36074116.88587014,298.2402764388918,-90.99398803710938,-271.38072146464714,721482066.3366812
LGSXY,8,0.5427905032023663,3.4642101172511133,6263.4617796942375,433.95895332464886,volume,36074103.31683406,433.95895332464886,-46.04546356201172,-199.81841172718862,721481866.5182694
DVLP,10,0.5425956203220159,0.004569599226913877,5678820.590670171,518.9986836181804,volume,36074093.325913474,518.9986836181804,-80.43052673339844,-417.43337497350655,721481449.0848945
VYGVQ,9,0.5425837029899185,1.9192525104092564,267086.35086342227,10252.122987813413,volume,36074072.454244725,10252.122987813413,-99.82833099365234,-10234.523270150694,721471214.5616243
DOLLF,8,0.5423434229515095,0.4689400153170422,113185.84651527017,1061.5474519708637,volume,36073560.72808122,1061.5474519708637,17.281551361083984,183.45186813462317,721471398.0134925
PGAS,11,0.542298812325029,1.1735067722350587,134352.545846395,3153.2724483553147,volume,36073569.900674626,3153.2724483553147,0.0,0.0,721471398.0134925
OPTI,8,0.542298746711907,1.1110505139578588,15052755.937879495,334487.4444252645,volume,36073569.900674626,334487.4444252645,-77.54874420166016,-259390.81266401854,721212007.2008284
HMTXF,8,0.5422839906101107,1.581439921005748,4473.83865248227,141.50214090348047,volume,36060600.360041425,141.50214090348047,-54.55549240112305,-77.19718972802472,721211930.0036387
IDEX,10,0.5415451456973588,183.77506476841322,104645.21386603995,384623.6191187189,volume,36060596.500181936,384623.6191187189,-99.92668151855467,-384341.618921901,720827588.3847169
BTZI,10,0.5413966665006497,0.08477451095108067,1580229.5352112676,2679.2637207597745,volume,36041379.41923585,2679.2637207597745,84.18368530273438,2255.5029391147405,720829843.887656
OBE,8,0.5413332983742145,6.424831443046037,340964.3818110545,43812.77362436835,volume,36041492.1943828,43812.77362436835,89.59565734863281,39254.342531421236,720869098.2301873
ORGS,9,0.5412028629664168,43.476325175893955,7076.700509604077,6153.378650559225,volume,36043454.911509365,6153.378650559225,-65.04195404052734,-4002.2777138363526,720865095.9524735
UBQU,10,0.5411606789374799,0.011050502370219484,44401515.279042386,9813.18099664789,volume,36043254.79762368,9813.18099664789,33.33333969116211,3271.060956121209,720868367.0134296
COSM,9,0.5411321819484699,4.469830574626767,1767875.2439310886,158042.05634897866,volume,36043418.350671485,158042.05634897866,500.7120666503906,791335.6465217458,721659702.6599514
BRNE,10,0.5411125506722075,0.011063622842258328,3330833.03286385,737.0216085228215,volume,36082985.13299757,737.0216085228215,-5.555565357208252,-40.94571715823289,721659661.7142344
RYSMF,10,0.5409646367937899,0.37370685121566555,14346.25049000392,107.22584194741128,volume,36082983.08571172,107.22584194741128,0.0,0.0,721659661.7142344
INSG,9,0.5408191559045618,39.025437061621226,117554.09408075265,91751.99799768625,volume,36082983.08571172,91751.99799768625,-8.282238006591797,-7599.1188499717155,721652062.5953845
GIFX,9,0.5407243659763513,0.027395884943713908,318525.8743148003,174.52596408648293,volume,36082603.12976923,174.52596408648293,266.336669921875,464.82664089698613,721652527.4220253
ECPN,9,0.5405519195161212,0.027359577380104198,275296.45831702545,150.63989507586575,volume,36082626.37110127,150.63989507586575,-84.61538696289062,-127.46453013893623,721652399.9574952
BTZI,9,0.540540591173536,0.08477451095108067,1580229.5352112676,2679.2637207597745,volume,36082619.99787476,2679.2637207597745,-85.71428680419922,-2296.5117898528924,721650103.4457054
FPAY,8,0.5405217971359971,2.988517434187044,107733.0669800235,6439.242978164816,volume,36082505.17228527,6439.242978164816,-26.171037673950195,-1685.2167057327065,721648418.2289996
PKTX,9,0.5405147701020167,0.0743085025882356,89840.2873382987,133.517944484116,volume,36082420.91144998,133.517944484116,-67.68344116210938,-90.36953939576449,721648327.8594602
SNNC,10,0.5403870642454995,0.2242109549251176,60754.969031752255,272.4385924611024,volume,36082416.39297301,272.4385924611024,317.2792053222656,864.3910011517517,721649192.2504615
ECGR,10,0.5400794747755921,23.905877158616814,2156.185199686766,1030.9099702987899,volume,36082459.61252307,1030.9099702987899,1099.6470947265625,11336.371537637111,721660528.6219991
UBMRF,9,0.5400141641358104,0.32375605116726364,18812.6735,121.81433768518049,volume,36083026.43109996,121.81433768518049,-97.19061279296876,-118.3921012659232,721660410.2298979
LUVU,8,0.5398829481719079,0.08478588775247156,72409.69070952568,122.78639817378054,volume,36083020.5114949,122.78639817378054,-68.83561706542969,-84.52077485533732,721660325.709123
IDR,8,0.5398000925002316,3.9395866037045715,19422.048981191223,1530.2968796558994,volume,36083016.28545615,1530.2968796558994,-11.579673767089844,-177.2033863321086,721660148.5057367
KBLB,8,0.5397755174452955,0.08314355122752744,1212573.279498236,2016.3529716218509,volume,36083007.42528684,2016.3529716218509,-64.70588684082031,-1304.6990721291527,721658843.8066646
ICNB,9,0.539677519678234,1.2335306077805464,45286.76724137931,1117.252270393495,volume,36082942.19033323,1117.252270393495,-99.93006896972656,-1116.4709643700555,721657727.3357003
NTPIF,8,0.5396690744300001,7.86458217966739,92391.78815221656,14532.45621299054,volume,36082886.36678501,14532.45621299054,-60.224239349365234,-8752.061213053123,721648975.2744873
FLXT,9,0.5393666542549566,0.06577213088931826,169547.955346651,223.03060622152432,volume,36082448.763724364,223.03060622152432,-72.7371597290039,-162.22612829191587,721648813.0483589
GLFH,10,0.5391315069845305,0.08079392327313521,94552.04698512137,152.78461658867545,volume,36082440.65241795,152.78461658867545,26.6932430267334,40.783169013477966,721648853.831528
XONI,8,0.538949933680456,0.4609952488556522,72718.42049469965,670.4569270468804,volume,36082442.6915764,670.4569270468804,-38.29787826538086,-256.7707777422276,721648597.0607502
ZRFY,11,0.5387526714714508,1312.1928881182675,7048703.774636827,36082429.853037514,capital,36082429.853037514,184985179.27061665,-56.14034652709961,-20256801.154892895,701391795.9058574
MJWL,9,0.5378217138093087,0.009121434770485338,4589506.2308898475,837.2576342759554,volume,35069589.79529288,837.2576342759554,-98.25328063964844,-822.6330930820358,701390973.2727643
HMLA,9,0.5377915283070668,0.014664498449313636,1102359.5105799374,323.31098666971263,volume,35069548.66363822,323.31098666971263,-71.89189910888672,-232.43440834453597,701390740.838356
JPEX,8,0.5373927430219582,0.12536174492637978,9673949.304194434,24254.863302063033,volume,35069537.0419178,24254.863302063033,-97.31187438964844,-23602.862109884514,701367137.9762461
LEU,8,0.5370752499985266,18.867920405301145,142991.3143865151,53958.974769883185,volume,35068356.89881231,53958.974769883185,-0.3103947043418884,-167.48580020289307,701366970.490446
ELYS,9,0.5369167094832273,2.5770742502737116,271964.6086105675,14017.459796721234,volume,35068348.5245223,14017.459796721234,-99.90019989013672,-14003.470356444064,701352967.0200896
TUWOY,8,0.5366977188092076,0.9207082037832968,43292.62912087912,797.1975758988212,volume,35067648.35100448,797.1975758988212,-22.09737968444824,-176.15977518157993,701352790.8603144
CCL,9,0.5366426337369468,36.28181801103566,21146409.7037182,15344603.769142047,volume,35067639.54301572,15344603.769142047,159.25979614257812,24437784.681621984,725790575.5419364
ABWN,8,0.5366219565799336,9823.725309249932,9122800.53896104,36289528.77709682,capital,36289528.77709682,1792397730.9166098,0.0,0.0,725790575.5419364
TQLB,8,0.5365470145821427,0.19070658650812453,65754.74068262064,250.79724284618976,volume,36289528.77709682,250.79724284618976,-89.39811706542969,-224.2080127565067,725790351.3339236
PALT,8,0.5362568867767004,3.6059913335945595,227041.76675813406,16374.212865876576,volume,36289517.56669618,16374.212865876576,-36.98540878295898,-6056.069563436314,725784295.2643602
GRWC,8,0.5358924658334796,14.584791920471643,10203.550724637682,2976.3332833763648,volume,36289214.76321801,2976.3332833763648,-97.6021499633789,-2904.9652746509587,725781390.2990855
CMCLF,9,0.5356872974141335,0.5146266240320265,29030.687157400156,298.79929050285506,volume,36289069.51495428,298.79929050285506,152.34161376953125,455.1956610839591,725781845.4947466
PLPL,10,0.5355171571928199,0.030417146213234075,31851519.071736574,19376.646254372503,volume,36289092.27473733,19376.646254372503,-53.84616088867188,-10433.580116958232,725771411.9146296
CYCA,10,0.5354783365468624,0.061484573316704164,82079.59906029757,100.93258252457096,volume,36288570.59573148,100.93258252457096,-41.12439727783203,-41.50791622018023,725771370.4067134
SNWV,9,0.5354365789969252,50.84413891434903,1066.4496275970207,1084.4542602139743,volume,36288568.52033567,1084.4542602139743,-43.82789993286133,-475.2935279842323,725770895.1131854
SNWVD,9,0.5354365789969252,50.84413891434903,1066.234417875343,1084.2354171542804,volume,36288544.755659275,1084.2354171542804,-43.82789993286133,-475.19761366701965,725770419.9155718
VERB,10,0.5351239641189527,35339.69117460131,31810.00709499409,22483116.539979354,volume,36288520.99577859,22483116.539979354,-96.8922882080078,-21784406.076059066,703986013.8395127
CUK,9,0.5347217916005995,35.461108063381914,1179428.799138606,836477.0419863774,volume,35199300.69197564,836477.0419863774,164.80252075195312,1378535.2507049232,705364549.0902177
INQD,10,0.534686948497426,0.14641427152145084,8266721.237459547,24207.319357070923,volume,35268227.45451089,24207.319357070923,-94.75066375732422,-22936.595768679927,705341612.494449
GMPW,10,0.534627638488805,0.11704674118395075,72892.75793184488,170.63719543666045,volume,35267080.62472245,170.63719543666045,-83.08910369873047,-141.78091626497218,705341470.7135327
LXRX,8,0.5345391251080968,6.551109252607809,1477922.9858878872,193640.69894983794,volume,35267073.535676636,193640.69894983794,-70.21173095703125,-135958.48656997504,705205512.2269627
CBDS,9,0.534428971167543,2.0165915612290157,146957.96416803953,5927.0838079332925,volume,35260275.61134814,5927.0838079332925,-91.92063903808594,-5448.213312575201,705200064.0136501
ARTH,8,0.5343144314988606,48.69511254799315,2799.0833333333335,2726.0335589575698,volume,35260003.200682506,2726.0335589575698,-63.46599960327149,-1730.104447713059,705198333.9092023
CNND,8,0.5342609058382735,186.4942523445482,38.00391542678152,141.7502358736612,volume,35259916.69546012,141.7502358736612,-14.893616676330566,-21.111736768817522,705198312.7974656
BWVI,8,0.5340191952482986,0.15499876436431076,41911.44427062965,129.92444149342532,volume,35259915.63987328,129.92444149342532,-83.40611267089844,-108.36492605904184,705198204.4325396
WNRS,8,0.5339772881343681,0.10560747211987608,222146.04750687082,469.2056503724506,volume,35259910.22162698,469.2056503724506,-91.68734741210938,-430.202214734236,705197774.2303249
FITSF,10,0.533756646013067,77.72395227106249,463.4334377447142,720.3975679216916,volume,35259888.711516246,720.3975679216916,-97.54315948486328,-702.698548602932,705197071.5317763
FITSD,10,0.533756646013067,78.24447508880726,454.2120614899488,710.7916866057218,volume,35259853.57658882,710.7916866057218,-99.46491241455078,-706.9883285322894,705196364.5434477
AZREF,10,0.5334506584308483,12.920774982671256,132240.14112512124,34172.90214308766,volume,35259818.22717239,34172.90214308766,52.080345153808594,17797.36538519331,705214161.9088329
KNOS,9,0.5328233071215106,0.015170203827252508,1365020.1458251665,414.15267680947437,volume,35260708.09544165,414.15267680947437,-16.270870208740234,-67.38624450969299,705214094.5225884
EMKR,9,0.5327852129104252,44.81535040809479,73464.88371182459,65847.09012470709,volume,35260704.72612942,65847.09012470709,-90.07858276367188,-59314.12557545389,705154780.397013
OXBR,8,0.5324026854982558,3.1416321854552116,351963.9215993728,22114.823684312487,volume,35257739.01985065,22114.823684312487,-83.20164489746094,-18399.897071521264,705136380.4999413
GEBRF,9,0.5319918219076422,0.881001056654578,12031.806110458285,212.00067793553512,volume,35256819.02499707,212.00067793553512,-78.4798355102539,-166.3777833244311,705136214.122158
BKEAY,8,0.5317218214158442,2.6620816992295553,2548.1870109546167,135.66964016153494,volume,35256810.70610791,135.66964016153494,-14.84653377532959,-20.142238949450405,705136193.9799191
ETEK,8,0.5312285913296576,0.0005853743652461038,29224816.114464916,342.1491636487802,volume,35256809.698995955,342.1491636487802,-86.32811737060547,-295.37093157726395,705135898.6089876
AEHR,8,0.5311746865120351,8.330152574372777,695819.2300469483,115925.6070094734,volume,35256794.93044938,115925.6070094734,20.46170234680176,23720.352650001605,705159618.9616375
GLUC,8,0.5311380631433352,0.658374226828282,21631.553858206033,284.83315092981474,volume,35257980.94808187,284.83315092981474,-83.71377563476562,-238.44458490281846,705159380.5170525
SLSDF,10,0.5309940983585171,0.17363058030514078,56844.07993730407,197.39741172851836,volume,35257969.02585263,197.39741172851836,-88.00813293457031,-173.72577652343554,705159206.791276
FBCD,10,0.5309857098685613,0.0012710223236040371,12993965.909126518,330.3124148529927,volume,35257960.3395638,330.3124148529927,-41.17647171020508,-136.01099805723777,705159070.7802778
SSOK,11,0.5307973006545776,256.9922123881012,4337.615384615385,22294.667483619447,volume,35257953.53901389,22294.667483619447,-8.479020118713379,-1890.3693413363428,705157180.4109366
ACTX,10,0.5306673142608704,39.91208759857385,1166.7207665232695,931.3252287310393,volume,35257859.02054683,931.3252287310393,-99.95238494873048,-930.881777745893,705156249.5291588
DNN,9,0.5306570433969121,0.8946577894764667,5142815.4862960065,92021.1986930985,volume,35257812.476457946,92021.1986930985,54.56873321533203,50214.80241638753,705206464.3315752
HDGHF,8,0.5304015228126082,0.16877306599252487,54236.81054852321,183.07425611859952,volume,35260323.21657876,183.07425611859952,-92.59571838378906,-169.51892262879514,705206294.8126526
EUBG,11,0.5302680447633246,0.12704646441426481,112838.60532498042,286.71491711950796,volume,35260314.74063263,286.71491711950796,-32.17803192138672,-92.25921755409274,705206202.5534351
AAPJ,9,0.5302187731176338,0.021016236401521168,6400675.929968701,2690.3623694749713,volume,35260310.127671756,2690.3623694749713,-97.04512786865234,-2610.865601587091,705203591.6878335
SATLF,8,0.5301308779702533,22.15923929610898,769.1199524940617,340.8622614945577,volume,35260179.584391676,340.8622614945577,-32.805416107177734,-111.82128323562591,705203479.8665503
EPGNF,11,0.529649448927074,2.826209874402151,2286.5700861393893,129.24653911919438,volume,35260173.99332752,129.24653911919438,58.00000381469727,74.96299761949695,705203554.829548
NSUPF,9,0.5294355285155314,0.35935778466685986,33650.714229713834,241.85292236095083,volume,35260177.7414774,241.85292236095083,42.75360870361328,103.40085206445455,705203658.2304001
AURI,11,0.5293150901593725,0.002504184602364415,5707037.594055533,285.82951336297447,volume,35260182.911520004,285.82951336297447,-34.693878173828125,-99.16534315099614,705203559.065057
NRBO,9,0.5292462532905328,14844.249876980535,68466.68468468469,20326731.514157917,volume,35260177.95325285,20326731.514157917,-96.7546844482422,-19667064.9351649,685536494.1298921
CBSC,9,0.5291717991178738,0.6955471975731377,12146.832660385824,168.97390832642438,volume,34276824.70649461,168.97390832642438,-77.60755157470703,-131.136513052228,685536362.9933791
HIRU,9,0.5290641897831014,0.0018247688138481929,11992908.228840126,437.6856984666166,volume,34276818.149668954,437.6856984666166,-31.844377517700195,-139.3782861606923,685536223.6150929
EARI,10,0.5289360288486051,0.47515772809137236,3358519.36256852,31916.528601378843,volume,34276811.18075465,31916.528601378843,-97.87083435058594,-31236.97283791287,685504986.642255
PLCE,8,0.5288024835808324,67.910576850281,682698.1603292826,927248.5176517442,volume,34275249.33211275,927248.5176517442,-70.78419494628906,-656345.3983711861,684848641.2438837
PGAS,9,0.5281509832929545,1.1735067722350587,134352.545846395,3153.2724483553147,volume,34242432.06219419,3153.2724483553147,-73.07691955566406,-2304.3143704555323,684846336.9295133
FCUUF,9,0.5275866352760695,0.5355371703126363,337192.0771641206,3611.577817126265,volume,34242316.84647567,3611.577817126265,45.45455932617188,1641.6267814965217,684847978.5562949
IJJP,9,0.5275248030345896,0.0007678691774687776,17146511.62162162,263.3255555070686,volume,34242398.927814744,263.3255555070686,-35.38461685180664,-93.17673888906764,684847885.379556
EGRNF,10,0.5272882324217725,1.2598014261252761,41687.841816758024,1050.3680514567336,volume,34242394.2689778,1050.3680514567336,-92.24137878417967,-968.8739729722129,684846916.505583
CANN,8,0.5270904073724644,1.2227915504550873,196521.1627543036,4806.088346031429,volume,34242345.825279154,4806.088346031429,-59.99237823486328,-2883.28669885286,684844033.2188842
VYGVQ,8,0.5269735650202473,1.9192525104092564,267086.35086342227,10252.122987813413,volume,34242201.660944216,10252.122987813413,-99.99392700195312,-10251.5003765846,684833781.7185076
VGZ,8,0.5269203554599735,0.6965926183781813,331830.96819787985,4623.020059918563,volume,34241689.085925385,4623.020059918563,-45.61403274536133,-2108.7458839558763,684831672.9726237
CEAD,8,0.5268624954599332,149.84740102976969,7389.4031311154595,22145.657087177882,volume,34241583.648631185,22145.657087177882,-90.17049407958984,-19968.848412680003,684811704.124211
FNMFO,8,0.5267957768543237,17620.871210034762,47.59616137877008,16773.716594946764,volume,34240585.206210546,16773.716594946764,-36.07767105102539,-6051.56629615615,684805652.5579149
LCGMF,10,0.5266750244527184,0.06487208916373058,138803.33712269698,180.08924924093907,volume,34240282.62789574,180.08924924093907,-15.316656112670898,-27.583651002125425,684805624.9742638
CBTC,9,0.5263786060956279,0.0017765753482767172,17109188.89589041,607.915264428973,volume,34240281.24871319,607.915264428973,-50.91592025756836,-309.5256512702417,684805315.4486125
LLLI,11,0.5260237713912779,0.020647354030487657,404795.3547628381,167.15905999370335,volume,34240265.77243062,167.15905999370335,192.06051635742188,321.0465537621193,684805636.4951662
GRCU,8,0.5258742644133132,0.04374495640296801,5082879.209639498,4447.006588544647,volume,34240281.82475831,4447.006588544647,-93.55381774902344,-4160.344439134124,684801476.150727
TSSI,10,0.52540040550293,0.7870800620905494,53488.76295133438,841.9987772976589,volume,34240073.807536356,841.9987772976589,2305.32958984375,19410.84695916551,684820886.9976863
ECTM,8,0.5253273672663602,1.5273311662669282,55719.305794831635,1702.0366460640764,volume,34241044.34988432,1702.0366460640764,-30.546077728271484,-519.9054368703978,684820367.0922494
CRMT,8,0.5252233096749112,71.93915624177913,74712.5806577917,107495.20026334804,volume,34241018.35461247,107495.20026334804,-35.84123992919922,-38527.61263875976,684781839.4796106
NHHHF,8,0.5251488703673571,0.15558604458189973,241992.66954135633,753.0136454350878,volume,34239091.97398053,753.0136454350878,-74.0259780883789,-557.4257161722813,684781282.0538944
MEEC,9,0.524938835509433,0.5422280396914211,86565.1348490788,938.7608674967903,volume,34239064.10269472,938.7608674967903,203.052474975586,1906.177175554514,684783188.2310699
ORHB,8,0.524698921740614,0.2267886216416493,54575.904388714735,247.54388262326108,volume,34239159.411553495,247.54388262326108,44.5765266418457,110.34646478781724,684783298.5775347
BCHT,9,0.5246937761836085,0.5432495696117434,86345.77856025039,938.1461408129386,volume,34239164.928876735,938.1461408129386,202.79998779296875,1902.560259048847,684785201.1377938
MGON,9,0.5246643561335579,0.006097864433368941,1163744.6010971786,141.92713625111224,volume,34239260.05688969,141.92713625111224,302.9900207519531,430.0250595798978,684785631.1628534
OIBZQ,10,0.5243823822365672,301.4143695826752,7031.323275862069,42386.837450519124,volume,34239281.55814267,42386.837450519124,1233.33349609375,522771.0642120624,685308402.2270654
PDGO,10,0.5243711049804393,0.0003935829098825695,18089633.088592708,142.39540859432663,volume,34265420.11135327,142.39540859432663,0.0,0.0,685308402.2270654
WTHVF,8,0.5242741356667985,0.2883941972248686,25702.93561052218,148.25154963438064,volume,34265420.11135327,148.25154963438064,-46.09269714355469,-68.33313778360173,685308333.8939277
ICTY,10,0.5242568200463421,0.0004304467092066514,22040176.108934168,189.7424255285154,volume,34265416.69469639,189.7424255285154,299.9999389648437,569.2271607759602,685308903.1210884
OMQS,11,0.5241460990186394,4.808931142593906,23393.638322884013,2249.967917389904,volume,34265445.15605442,2249.967917389904,-38.49273300170898,-866.0741430650078,685308037.0469452
SRMX,9,0.5240551443671021,0.011807844002909941,27544828.99882399,6504.900878098873,volume,34265401.85234726,6504.900878098873,-57.373268127441406,-3732.074222215957,685304304.972723
ENDI,8,0.5235123606418429,7.328578698607096,1187.9620203602192,174.121463143323,volume,34265215.24863615,174.121463143323,-47.66965103149414,-83.00309385135377,685304221.9696292
BYDIF,8,0.5235089302738358,2.513733176068521,3514.572378716745,176.69394376148676,volume,34265211.09848146,176.69394376148676,21.5214900970459,38.02716960870822,685304259.9967988
HLYK,10,0.5233581178653096,0.2040963042100803,219508.14159292035,896.016008862761,volume,34265212.99983994,896.016008862761,-59.884727478027344,-536.5767450669618,685303723.4200537
FOLGF,10,0.5232441592083693,0.1383841756688955,212420.87465726596,587.9137526862304,volume,34265186.171002686,587.9137526862304,-34.259246826171875,-201.41482365778535,685303522.0052301
SPYR,10,0.523163594006454,0.17757871767489983,2726888.236377891,9684.746325175101,volume,34265176.1002615,9684.746325175101,-89.9799575805664,-8714.33063517802,685294807.6745949
GWLLY,8,0.5231635350847534,14.30639225132413,10593.755094043887,3031.1683157971,volume,34264740.38372975,3031.1683157971,-61.77147674560547,-1872.3974313127667,685292935.2771636
HUML,9,0.52311495429745,0.43611336291328273,31734.76724137931,276.79912125816423,volume,34264646.763858184,276.79912125816423,-53.749996185302734,-148.7795171172148,685292786.4976465
IDGC,9,0.5229034269256397,0.0002149686505743174,29075472.80760188,125.00630308520873,volume,34264639.32488232,125.00630308520873,-53.488380432128906,-66.86384695835653,685292719.6337996
VTXB,9,0.5228548297614803,0.004674089484913328,7265694.325353218,679.2101089345582,volume,34264635.98168998,679.2101089345582,-86.62551879882812,-588.3692805986467,685292131.264519
SMLR,10,0.5226859477200537,33.678831039854515,50654.03606428851,34119.374441917396,volume,34264606.56322595,34119.374441917396,173.58004760742188,59224.42639963475,685351355.6909187
VAYK,9,0.5226107947791969,0.0038484099007483753,2833183.3588535534,218.06501777695104,volume,34267567.784545936,218.06501777695104,-51.70278549194336,-112.74568837418515,685351242.9452302
OWCP,9,0.5224108686844183,0.11854502145387875,1684027.2704821639,3992.6609781645,volume,34267562.147261515,3992.6609781645,21.951208114624023,876.4373206282727,685352119.3825508
TOON,8,0.5223856281897942,22.786164487807117,529147.0137362637,241144.61786452876,volume,34267605.96912754,241144.61786452876,-86.3134536743164,-208140.24802860737,685143979.1345223
BCUCF,8,0.5222091670314173,44.79440149604248,203.59428794992175,182.3976855345936,volume,34257198.95672612,182.3976855345936,27.8890438079834,50.86897042349061,685144030.0034927
TTCM,10,0.5220997687847875,0.006799674262532852,8645390.259419153,1175.7167527304925,volume,34257201.500174634,1175.7167527304925,-61.53845977783203,-723.517980980287,685143306.4855117
PEGA,9,0.521650069515291,62.214445314515764,348581.4002352019,433735.969251806,volume,34257165.32427558,433735.969251806,124.81260681152344,541357.1699024067,685684663.6554141
CGC,9,0.5216343630768717,125.98311679327777,1325527.8281127643,3339882.5436374047,volume,34284233.18277071,3339882.5436374047,-82.5487289428711,-2757030.58795751,682927633.0674566
VNPKF,9,0.5212956073299302,1.1802244958331811,8031.19819466248,189.57233680463762,volume,34146381.65337283,189.57233680463762,-85.88127899169922,-162.80714746227451,682927470.2603091
KEGX,11,0.5212352163106219,1988.1232379035453,1852.3475705329154,73653.90499301332,volume,34146373.51301546,73653.90499301332,2309.638671875,1701139.0730647072,684628609.3333738
XENE,8,0.5210881999686221,18.613129181163565,257828.98351001178,95980.08353439879,volume,34231430.46666869,95980.08353439879,26.488887786865234,25424.05662516641,684654033.389999
RVXCF,10,0.5210759928235663,0.9363508022283337,23158.22187377499,433.68439259381915,volume,34232701.669499956,433.68439259381915,-49.87342071533203,-216.2932416950477,684653817.0967574
EMMA,8,0.5206471614410384,25.337444204443578,19487.197729052466,9875.11570321653,volume,34232690.85483787,9875.11570321653,-92.49954986572266,-9134.437574194582,684644682.6591833
ITOX,9,0.5205673470938285,0.44774704447263647,1369880.4935319482,12267.198845192928,volume,34232234.132959165,12267.198845192928,-52.72226333618164,-6467.544879135648,684638215.1143042
CICOY,9,0.5205004828681231,4.204685201379781,4233.664839467502,356.02455796221824,volume,34231910.75571521,356.02455796221824,35.502967834472656,126.39928429614979,684638341.5135885
ITP,9,0.5204407883021085,7.003496392509929,104633.18972951784,14655.963336149702,volume,34231917.07567943,14655.963336149702,-64.52054595947266,-9456.10756010393,684628885.4060285
VEV,8,0.5204364676187332,2.54295565860926,447779.6201091902,22773.674375331404,volume,34231444.270301424,22773.674375331404,-76.27739715576172,-17371.16605023147,684611514.2399783
RMHB,10,0.5201571131166607,0.24796968642237988,374459.90896487987,1857.0941240754835,volume,34230575.71199892,1857.0941240754835,-31.16021156311035,-578.6744579880117,684610935.5655203
PALI,10,0.5199025266972362,368847.39575354196,78885.20384163073,34230546.77827602,capital,34230546.77827602,581932040.009456,-94.38844299316406,-32309680.13206142,652301255.4334589
ETSY,9,0.5198982976338553,72.66905901128027,2878096.094710947,4182970.6989337024,volume,32615062.77167295,4182970.6989337024,-46.98242950439453,-1965261.2598160058,650335994.1736429
VTXB,11,0.5195542556256647,0.004674089484913328,7265694.325353218,679.2101089345582,volume,32516799.708682146,679.2101089345582,-20.54794311523437,-139.56370681679442,650335854.6099361
TMXXF,10,0.5195520766012725,65.1771398930572,3781.7158555729984,4929.6284670894765,volume,32516792.73049681,4929.6284670894765,39.16625213623047,1930.7507147996573,650337785.3606509
BLEG,9,0.5192384580913865,19.89027371304243,1786458.1631455398,710662.8368372759,volume,32516889.268032547,710662.8368372759,-81.81818389892578,-581451.4267448452,649756333.9339061
AWH,11,0.5191703165555851,23.509544278627644,27947.25117370892,13140.542778684765,volume,32487816.696695305,13140.542778684765,-72.38744354248047,-9512.102985095928,649746821.8309209
TXTM,10,0.5190465882525525,0.0011093485127518315,34685564.55690738,769.5675891032568,volume,32487341.091546047,769.5675891032568,-3.2520289421081543,-25.02656072672187,649746796.8043603
CTMX,11,0.519009280242578,9.266125374278685,783280.3021148036,145159.4696519731,volume,32487339.840218015,145159.4696519731,-40.05740737915039,-58147.120107905044,649688649.6842524
MYSZ,8,0.5189742432477638,2113.8564618380647,70129.53583293782,2964875.4497231944,volume,32484432.484212622,2964875.4497231944,-95.31436920166016,-2825952.3325185473,646862697.3517338
GRPS,9,0.5187207241969105,0.0032819906095894564,2403254.2535266457,157.74915785060742,volume,32343134.86758669,157.74915785060742,-85.96490478515625,-135.6089133456605,646862561.7428204
TGNT,9,0.5186461595442493,0.15363750489309524,54796.58101216163,168.37619966761744,volume,32343128.087141022,168.37619966761744,-5.294119834899902,-8.914037783853999,646862552.8287826
CKPT,10,0.5186298959892196,28.49850619868664,163036.14739454095,92925.73314266627,volume,32343127.64143913,92925.73314266627,45.94017028808594,42690.2400471932,646905243.0688298
BYSI,10,0.5184383959043226,13.008576129298621,302261.96226415096,78639.95494208789,volume,32345262.15344149,78639.95494208789,60.59765625,47653.96957096131,646952897.0384008
MBCF,8,0.518102910178195,1.1123230373888624,7071.281862745098,157.310994396028,volume,32347644.85192004,157.310994396028,-18.59091758728028,-29.24555732389667,646952867.7928435
SLNH,8,0.5178830061772247,51.79781850409573,30450.627989023913,31545.522038223964,volume,32347643.389642175,31545.522038223964,-98.64376831054688,-31117.69167173815,646921750.1011717
DTLAP,10,0.5176973540332909,15.61065387867534,13842.55716523101,4321.827374043972,volume,32346087.505058587,4321.827374043972,-77.81954956054688,-3363.22659526543,646918386.8745764
ESPR,10,0.517435982330792,28.73384004831314,1642047.704269487,943646.7217235847,volume,32345919.343728825,943646.7217235847,68.76874542236328,648934.0117485689,647567320.886325
QMCI,8,0.5173087369319551,0.1383464917801948,43984.57467659741,121.70223197902497,volume,32378366.04431625,121.70223197902497,49.70758819580078,60.495244297231906,647567381.3815693
OMER,10,0.5172884045205182,12.222442176285,726252.4245393963,177531.56528639112,volume,32378369.069078464,177531.56528639112,120.23638153076172,213457.53017527857,647780838.9117446
QLGN,9,0.5172211860999699,1238.6447959889606,474588.92307692306,11756941.996064719,volume,32389041.945587233,11756941.996064719,-93.70877838134766,-11017286.719515879,636763552.1922288
HSTO,11,0.5171627745820981,385.95575241463075,77902.64498432602,601339.4792003082,volume,31838177.60961144,601339.4792003082,-87.80952453613281,-528033.3375338479,636235518.8546948
TONR,11,0.5171161306456671,0.0013131671916215442,35419653.15423862,930.2385292152139,volume,31811775.942734744,930.2385292152139,-29.999998092651367,-279.0715410216723,636235239.7831538
KAYS,9,0.5167678688821244,0.9836476272083775,16292.45472363779,320.5206886061247,volume,31811761.98915769,320.5206886061247,-49.86200714111328,-159.81804864153133,636235079.965105
VAPR,8,0.5167168486798476,0.015337338043350428,362409.6113074205,111.16797437562283,volume,31811753.998255253,111.16797437562283,115.850830078125,128.78902109519635,636235208.7541262
FLCX,11,0.516565098778758,7.947196897069628,1007.9260789715336,160.20374014556256,volume,31811760.43770631,160.20374014556256,-8.107657432556152,-12.988770445144647,636235195.7653558
QMCQF,10,0.5164564483019182,0.14289898485396532,65944.89651117209,188.46917535492582,volume,31811759.78826779,188.46917535492582,-67.19261169433594,-126.63736115975239,636235069.1279947
GEGI,9,0.5164288211978986,0.0011386016486014925,12195964.55346651,277.72690693724667,volume,31811753.456399735,277.72690693724667,-97.77877044677734,-271.55795480310536,636234797.5700399
FGF,8,0.5162666316856873,5.2847622414686795,30706.97453975715,3245.581191948974,volume,31811739.878501996,3245.581191948974,-66.16361999511719,-2147.3940064741137,636232650.1760335
NTZ,8,0.5160005856376599,7.918666476905229,46590.93600314095,7378.761661114183,volume,31811632.508801676,7378.761661114183,-56.59828186035156,-4176.2523227609645,636228473.9237107
EVAHF,10,0.5153571479150894,396.8625410824643,1294.246568378241,10272.759638276963,volume,31811423.696185537,10272.759638276963,-26.52416229248047,-2724.763438373011,636225749.1602722
RGTPQ,10,0.5153396241361993,150.35409137569602,57962.810270482165,174298.91343600416,volume,31811287.458013613,174298.91343600416,53.94737243652344,94029.68398413475,636319778.8442563
SCNA,10,0.5153031543792412,0.04249196781169653,1582808.1912975304,1345.1326943340855,volume,31815988.942212816,1345.1326943340855,11.538472175598145,155.20776166061208,636319934.0520179
AIRRF,8,0.5150308651084944,0.6621514086725252,19364.28012519562,256.44170725655323,volume,31815996.702600896,256.44170725655323,-63.49501800537109,-162.82770819582947,636319771.2243097
MSRM,10,0.5149781483213948,12.417568533064346,19077.838886711095,4738.007436769901,volume,31815988.561215486,4738.007436769901,-70.32437896728516,-3331.974305332219,636316439.2500044
WLMSQ,8,0.5149045053227886,2.937599255003679,67218.43698468787,3949.216608174617,volume,31815821.962500222,3949.216608174617,-99.99535369873048,-3949.033115673215,636312490.2168888
ICLTD,8,0.5148324695204819,0.8650079535577317,23801.613636363636,411.77170205925427,volume,31815624.51084444,411.77170205925427,-49.859745025634766,-205.30832073446064,636312284.908568
CEOS,9,0.5148068040673884,0.03415489236682051,345771.3718199609,236.19567976077278,volume,31815614.245428402,236.19567976077278,-40.8260498046875,-96.42936585565329,636312188.4792022
CRBP,8,0.5147292680017308,102.97282458210515,110439.44596711041,227445.2339303228,volume,31815609.42396011,227445.2339303228,-69.83216857910156,-158829.93918335493,636153358.5400188
ROYL,9,0.5146376085488967,0.34291415068608244,32298.696981575853,221.5136048740844,volume,31807667.92700094,221.5136048740844,-41.42857360839844,-91.76992684787693,636153266.7700919
GMNI,10,0.5146232423114058,0.006782556753880992,2773410.8833202817,376.2163343590205,volume,31807663.338504598,376.2163343590205,-23.61111259460449,-88.82886230480202,636153177.9412296
NFLX,9,0.5146155065677644,330.0474204239496,8980431.467659742,31807658.897061482,capital,31807658.897061482,59279364.80390323,202.02186584472656,64258425.98536977,700411603.9265994
TPII,11,0.5146119103078509,0.07858035723998916,245096.0722135008,385.1947382531015,volume,35020580.19632997,385.1947382531015,-93.48958587646484,-360.1169656107573,700411243.8096337
WHGRF,8,0.5144813636171286,0.780452983006494,17646.92824363788,275.4519557729747,volume,35020562.190481685,275.4519557729747,-2.0022897720336914,-5.5153463373090394,700411238.2942873
RMRK,8,0.5142836081607071,0.0013339788316376771,24711726.134457074,659.298391131866,volume,35020561.914714366,659.298391131866,-46.5793342590332,-307.09680136974,700410931.1974859
BDRL,8,0.5142242817431275,0.6846543023601781,217429.4229264476,2977.2797973256615,volume,35020546.559874296,2977.2797973256615,-77.69783782958984,-2313.2820286592337,700408617.9154572
BNNLF,9,0.5141625288541679,0.4365770721827023,247350.5465571205,2159.7515483739776,volume,35020430.89577287,2159.7515483739776,66.3651351928711,1433.322034908517,700410051.2374921
IBIDF,9,0.5141159253957722,28.603495264258797,1831.3599686643165,1047.6659238168584,volume,35020502.561874606,1047.6659238168584,44.33041763305664,464.4346794272343,700410515.6721715
KAJMY,8,0.5140986889958074,13.728196776646906,3014.825558604469,827.7623703157316,volume,35020525.78360858,827.7623703157316,39.66659164428711,328.3451192182129,700410844.0172907
OIS,8,0.5140309669635706,17.76044491658908,873312.1085848687,310208.23199023644,volume,35020542.20086454,310208.23199023644,32.415401458740234,100555.2437576954,700511399.2610484
ABQQ,11,0.5139960609937663,117.6759825882449,11902954.37085792,28013837.025875006,volume,35025569.96305242,28013837.025875006,107.126953125,30010370.05922301,730521769.3202715
FTFT,8,0.5139648828114952,2.870268974638527,823453.518213866,47270.661707724015,volume,36526088.46601357,47270.661707724015,-27.96208953857422,-13217.864752190306,730508551.4555193
HPNN,10,0.5138214270451444,0.0007996943583140657,20705683.078761756,331.1643588624958,volume,36525427.57277597,331.1643588624958,12.230216979980469,40.50211964924441,730508591.957639
INM,9,0.5137990336871907,158.70875361953435,332828.7922383379,1056456.8556968311,volume,36525429.59788195,1056456.8556968311,-96.09033203125,-1015152.9004059888,729493439.057233
ALPP,9,0.5137007885946726,7.225371878377411,149284.9954954955,21572.792166337033,volume,36474671.95286165,21572.792166337033,-92.04566955566406,-19856.82099135677,729473582.2362416
ASOMF,9,0.5136891527205041,42.72834136433818,326.3693270735524,278.90440036096174,volume,36473679.11181208,278.90440036096174,-26.62142562866211,-74.24832751715945,729473507.9879141
HL,8,0.5132161272409133,4.340152781772016,7724329.782523511,670495.4278588769,volume,36473675.399395704,670495.4278588769,-6.944437980651856,-46562.139150766016,729426945.8487633
ERMAY,9,0.5131960542219152,7.319706432220752,2649.662358010184,387.89501210280696,volume,36471347.29243817,387.89501210280696,17.07737159729004,66.24227262414952,729427012.091036
CRSXF,9,0.5129067574700685,0.7654519958353033,47322.452231793264,724.4613101729391,volume,36471350.6045518,724.4613101729391,-43.71357727050781,-316.687954617381,729426695.4030814
CUTR,9,0.5128379541984406,23.72931373080847,310023.5211433046,147132.90794278815,volume,36471334.770154074,147132.90794278815,-98.3881378173828,-144761.32824147338,729281934.07484
POLA,8,0.5127801751839208,4.041701932767801,482715.9742956006,39019.88172576843,volume,36464096.703742,39019.88172576843,-88.30091094970703,-34454.91101535179,729247479.1638246
CLVLY,8,0.5125344420535112,11.276786999863017,7517.07400156617,1695.368847557393,volume,36462373.95819123,1695.368847557393,-44.08208847045898,-747.3539952808509,729246731.8098292
EGOC,11,0.5124870869121814,0.4990955495417004,23113.08845401174,230.7127916712184,volume,36462336.590491466,230.7127916712184,-61.46788024902344,-141.81426250364345,729246589.9955667
HGTXU,8,0.5124085288040665,1.3787735885981365,99150.5842476489,2734.124137094655,volume,36462329.49977834,2734.124137094655,146.5968475341797,4008.1397926518575,729250598.1353594
XYIGF,8,0.5121122634845205,1.3990252983626241,9906.083202511774,277.17722015998027,volume,36462529.90676797,277.17722015998027,-55.080078125,-152.66942940882038,729250445.4659301
IDVV,10,0.5120283135425393,0.043362563887304445,3234878.3070747615,2805.452345163692,volume,36462522.273296505,2805.452345163692,-47.27104187011719,-1326.1665527285134,729249119.2993774
KRMD,8,0.5116741826298937,2.5066820853880833,108684.9063112505,5448.770152049878,volume,36462455.964968875,5448.770152049878,-23.50539970397949,-1280.7552031904547,729247838.5441742
INNDD,11,0.5115040789761663,112.9861108759212,20328.114754098362,45935.89255010014,volume,36462391.927208714,45935.89255010014,-90.88584899902344,-41749.225939437674,729206089.3182348
INND,11,0.5115040789761663,112.6400326505623,21582.08273748723,48620.13008435397,volume,36460304.46591174,48620.13008435397,-91.29680633544922,-44388.62600315613,729161700.6922317
AMMJ,8,0.5113794669850376,0.283026929022637,306235.34233176836,1733.4569699671267,volume,36458085.03461158,1733.4569699671267,-77.16642761230469,-1337.6468179201331,729160363.0454137
GPUS,9,0.511212234055778,1485663.2789298398,319354.71630094043,36458018.15227069,capital,36458018.15227069,9489071499.22728,-99.97795867919922,-36449982.32353214,692710380.7218816
AGSS,10,0.5111703624402795,0.6991712044161512,8704.837636932707,121.72343629722569,volume,34635519.036094084,121.72343629722569,-79.1844253540039,-96.38600355310517,692710284.335878
GBLX,10,0.5111151812356443,0.16818653741481338,461284.67724245985,1551.6374525583817,volume,34635514.2167939,1551.6374525583817,-55.29621887207031,-857.9968418676989,692709426.3390361
LBUY,10,0.5110437442595903,0.4393802576441421,209619.71561051006,1842.055293044754,volume,34635471.316951804,1842.055293044754,-76.43505096435547,-1407.9759020303652,692708018.363134
FREJO,8,0.5110275081414094,8.474657263234695,2093.43321582452,354.82258015168065,volume,34635400.918156706,354.82258015168065,-29.12530517578125,-103.34315930175802,692707915.0199748
MSNVF,8,0.5110070102501046,0.1301006060598857,65429.356035697514,170.24797748704572,volume,34635395.75099874,170.24797748704572,-99.3800811767578,-169.19257822841436,692707745.8273966
LLFLQ,9,0.5109417519404527,16.162149269805635,1060505.1128526647,342800.8387063368,volume,34635387.29136983,342800.8387063368,-99.83001708984376,-342218.13586466375,692365527.6915319
RPMT,8,0.5108609770425997,0.6213814583302175,49213.97295178362,611.6130056600637,volume,34618276.3845766,611.6130056600637,121.70944213867188,744.3907772364271,692366272.0823091
YRD,9,0.5107823962105555,11.527500653114412,288474.69739744155,66507.8452531198,volume,34618313.60411546,66507.8452531198,442.7025451660156,294431.92367063643,692660704.0059798
GDSI,10,0.5107520516821925,0.016519166028952217,1652556.0250587314,545.9769470018101,volume,34633035.20029899,545.9769470018101,-98.90025329589844,-539.9725835220033,692660164.0333964
UATG,10,0.5107079490272116,0.07289752746307454,4897912.581240188,7140.914338053899,volume,34633008.20166982,7140.914338053899,-24.105749130249023,-1721.3708959372557,692658442.6625004
PPSI,9,0.5105868082852271,5.153482956612451,630584.2559780478,64994.10431782025,volume,34632922.13312502,64994.10431782025,77.4113998413086,50312.84596674505,692708755.5084672
SND,8,0.5105518068939457,3.8718547633341296,371207.82004889974,28745.255324864214,volume,34635437.77542336,28745.255324864214,6.400226593017578,1839.761475532761,692710595.2699428
LQWC,10,0.510311699714294,0.3787460848982969,53234.37906703254,403.2462530726085,volume,34635529.76349714,403.2462530726085,-72.12425231933594,-290.8383450343561,692710304.4315978
FRPT,9,0.5102990603314254,60.2624871933933,433713.7801334904,522733.42241785326,volume,34635515.221579894,522733.42241785326,140.10342407226562,732367.4235775525,693442671.8551754
INFIQ,10,0.5101875641627455,2.7687957322667227,1015668.6818181818,56243.58223230299,volume,34672133.59275877,56243.58223230299,-99.92015075683594,-56198.67215756214,693386473.1830177
SLSDF,9,0.5101779945827316,0.17363058030514078,56844.07993730407,197.39741172851836,volume,34669323.65915089,197.39741172851836,-91.54102325439452,-180.6996105739759,693386292.4834071
REGRF,8,0.5101720374922458,1.2154504706606137,14966.932993730408,363.83131503150986,volume,34669314.624170355,363.83131503150986,-95.34407043457033,-346.8915852666662,693385945.5918219
BBBT,9,0.5101594352072139,0.0203450078546401,3230141.906885759,1314.3452493438585,volume,34669297.2795911,1314.3452493438585,-98.2234878540039,-1290.9957463489422,693384654.5960757
ABCP,10,0.5100702445232812,0.6454157273726704,20470.639280125197,264.2414508153112,volume,34669232.729803786,264.2414508153112,153.91305541992188,406.7020906357756,693385061.2981663
SEED,8,0.5100349492977208,10.278961904653611,84272.96471971775,17324.771878923933,volume,34669253.06490832,17324.771878923933,-75.29336547851562,-13044.403809117297,693372016.8943571
EHVVF,9,0.5100078059794153,4.081011594677267,356996.3915632754,29138.12826455345,volume,34668600.84471785,29138.12826455345,-90.83045196533205,-26466.29359693206,693345550.6007601
MSPC,11,0.509446457795395,0.19679317845312946,57011232.26342611,224388.43209298456,volume,34667277.53003801,224388.43209298456,7.275958523678128e-06,0.016326409251017217,693345550.6170865
ETEK,9,0.5093514181683433,0.0005853743652461038,29224816.114464916,342.1491636487802,volume,34667277.53085433,342.1491636487802,-86.5753402709961,-296.2168026632987,693345254.4002839
ATNF,11,0.5091247193228317,2179.3816173398527,107161.33687002653,4670908.953281985,volume,34667262.7200142,4670908.953281985,9.645241737365724,450520.4598763065,693795774.8601602
SHRGD,9,0.5086340517406651,260.97150768467117,108.05719921104536,563.9970038857873,volume,34689788.74300801,563.9970038857873,-97.65271759033205,-550.758401422522,693795224.1017588
MTA,8,0.5083951756152313,3.616483340957664,141203.9976479812,10213.238103410982,volume,34689761.205087945,10213.238103410982,-54.67514419555664,-5584.1026600754885,693789639.9990988
AWON,10,0.5083418982458119,0.016027738709644523,468472.72456964006,150.17116843994916,volume,34689481.99995494,150.17116843994916,-80.73089599609375,-121.23452980937412,693789518.7645689
XYIGY,8,0.5082739745315359,28.010732943187005,6596.061641146447,3695.210422139058,volume,34689475.93822845,3695.210422139058,-55.32280731201172,-2044.2941416133663,693787474.4704273
ASAPQ,8,0.5081193379080865,83.38476228798453,139338.57571428572,232374.280269641,volume,34689373.72352137,232374.280269641,-99.39954376220705,-230978.97440873543,693556495.4960185
VAPR,9,0.5078860759745907,0.015337338043350428,362409.6113074205,111.16797437562283,volume,34677824.77480093,111.16797437562283,-80.27638244628906,-89.2416282675676,693556406.2543902
ADHC,11,0.5078823415775445,0.002538227714250824,6580330.47456964,334.04754358963874,volume,34677820.31271952,334.04754358963874,77.1144027709961,257.59876821033276,693556663.8531584
MXSG,9,0.5077598490331733,0.3777708302044869,1068293.7264890282,8071.404159160104,volume,34677833.19265792,8071.404159160104,-88.97463989257812,-7181.502784887276,693549482.3503734
NSYS,9,0.5076963183664757,6.7538559768584046,28709.31948255586,3877.972179575947,volume,34677474.11751867,3877.972179575947,16.343698501586914,633.8040810053114,693550116.1544545
GTOR,10,0.5072357843173873,0.051648194237409774,445281.8785742264,459.96009910000714,volume,34677505.807722725,459.96009910000714,-95.18959045410156,-437.83413458557646,693549678.3203199
ZRFY,9,0.5066042273602994,1312.1928881182675,7048703.774636827,34677483.916016,capital,34677483.916016,184985179.27061665,-98.72935485839844,-34236856.15140747,659312822.1689124
FANH,8,0.5065521825387965,11.716519621483663,178148.5457074722,41745.618626407544,volume,32965641.108445622,41745.618626407544,5.095430374145508,2127.1189313649147,659314949.2878438
GNE,10,0.5065291014495031,9.1464120680521,99748.52800626714,18246.822806539094,volume,32965747.464392193,18246.822806539094,6.337411880493164,1156.3763163541448,659316105.6641601
SFIO,10,0.5065201313539324,0.010731128967142477,1230802.9180713445,264.1580969391779,volume,32965805.28320801,264.1580969391779,-26.85184097290039,-70.9313121071481,659316034.732848
GWLLF,8,0.5063780593918984,1.4327769067407028,17220.885579937305,493.4737434511629,volume,32965801.736642405,493.4737434511629,-61.63027191162109,-304.12920990140714,659315730.6036382
WRLGF,10,0.5063198912573994,0.41877460126221344,45870.62897526502,384.18908717527086,volume,32965786.53018191,384.18908717527086,-23.117441177368164,-88.81468623761094,659315641.788952
TINO,11,0.5063037663551214,0.003256327986231513,1740055.717143978,113.32384258676163,volume,32965782.089447603,113.32384258676163,0.0,0.0,659315641.788952
PRTH,8,0.5062394501633406,6.2010973246672405,44043.59881422925,5462.372855512685,volume,32965782.089447603,5462.372855512685,-55.76909637451172,-3046.3159821260374,659312595.4729699
HLOC,9,0.5062392126535699,3.271048318868564,3183.848538529672,208.2904481897924,volume,32965629.773648497,208.2904481897924,-77.03987121582031,-160.46669304027097,659312435.0062768
NGL,9,0.5060699228985892,10.142457846284895,970601.0525284202,196885.60521658507,volume,32965621.750313845,196885.60521658507,258.11968994140625,508200.51372431056,659820635.5200012
AMLM,8,0.5055574432387239,0.07691416272701157,84723.8892801252,130.3293401391372,volume,32991031.77600006,130.3293401391372,-77.67842102050781,-101.23777354652869,659820534.2822276
BDPT,10,0.50544900053708,0.17870485720670656,5229370.76417677,18690.279113862714,volume,32991026.714111384,18690.279113862714,5633.05810546875,1052834.2825581764,660873368.5647858
STHC,9,0.5052241569642799,0.006668322252109764,2097516.1489611915,279.73827220554983,volume,33043668.428239293,279.73827220554983,2.5362343788146973,7.094818230379394,660873375.6596041
FCHS,10,0.5052077152735412,0.5316835874396121,19448.096357226794,206.80467280163185,volume,33043668.782980204,206.80467280163185,-57.4576301574707,-118.82506404672904,660873256.83454
CPWR,10,0.5051022332113884,1.2322373833694207,94711.84690681285,2334.149568130724,volume,33043662.841727003,2334.149568130724,16.88313865661621,394.07770804031867,660873650.9122481
FNMFO,9,0.505048471508387,17620.871210034762,47.59616137877008,16773.716594946764,volume,33043682.54561241,16773.716594946764,38.02315139770508,6377.895655918589,660880028.8079041
NMLSF,8,0.5046009545294391,0.23697212474440377,30335.494707957663,143.77333272234688,volume,33044001.440395206,143.77333272234688,-67.34272003173828,-96.82087293550961,660879931.9870312
MSN,8,0.5045789145720627,0.970359233151413,71215.12387299098,1382.0850598035684,volume,33043996.599351563,1382.0850598035684,-32.764915466308594,-452.8390015171197,660879479.1480298
FTMDF,10,0.5042959386806859,0.08296161360565904,94791.94829612221,157.28185974941002,volume,33043973.95740149,157.28185974941002,11.764708518981934,18.50375235275206,660879497.6517822
CRESY,8,0.5041534946885962,10.124944230683072,155953.06695379797,31580.32211022375,volume,33043974.88258911,31580.32211022375,102.79328918457033,32462.451832181105,660911960.1036143
CWGYF,11,0.5040389478747669,0.2242106933522489,75503.73179326547,338.57488112100583,volume,33045598.005180717,338.57488112100583,-21.33116912841797,-72.22198051826183,660911887.8816339
PRPL,9,0.5038342512467129,9.833693833738488,655071.0929626412,128835.37135054114,volume,33045594.394081697,128835.37135054114,-73.71827697753906,-94975.21589723293,660816912.6657367
AWX,9,0.5037175255883779,2.6085595451237076,72732.87010954617,3794.5604513699896,volume,33040845.633286834,3794.5604513699896,-2.097646951675415,-79.59648163764346,660816833.069255
KOSK,11,0.5037042161738622,0.08075041178031957,755896.0439043512,1220.7783361678175,volume,33040841.653462753,1220.7783361678175,-76.30127716064453,-931.4694617965113,660815901.5997932
IPOAF,8,0.5032822128233679,15.439117991284078,4467.765190121521,1379.5670785527584,volume,33040795.07998966,1379.5670785527584,36.43425369262695,502.6349692598742,660816404.2347624
FATE,8,0.5031881836172936,19.132124949566204,1056730.5393654525,404350.0143432465,volume,33040820.211738124,404350.0143432465,-95.90591430664062,-387795.5782549231,660428608.6565075
HBRIY,8,0.5030380895997896,15.47216890719617,1116.7934952978057,345.5843518741128,volume,33021430.432825375,345.5843518741128,-39.62498474121094,-136.93774669812993,660428471.7187607
QTWO,9,0.5028293488789245,53.98212666625558,402417.96589572716,434467.5521552012,volume,33021423.585938036,434467.5521552012,157.89715576171875,686011.9075606246,661114483.6263213
TUSK,8,0.5027861123039349,9.444420378127145,237656.78300970874,44890.61128914069,volume,33055724.181316067,44890.61128914069,147.01931762695312,65997.87039586263,661180481.4967172
ORPB,10,0.5025200122455545,5.465299884836518,4500.323794590357,491.91238232603433,volume,33059024.074835863,491.91238232603433,23.76694297790528,116.912535408684,661180598.4092526
DATI,9,0.5024678448357296,0.4868538329912351,16582.436961628817,161.4644599020904,volume,33059029.920462634,161.4644599020904,4.5595245361328125,7.3620116663701385,661180605.7712643
NOUV,10,0.5022176448743055,0.0004834521972421909,32569503.090125393,314.915956640149,volume,33059030.288563218,314.915956640149,-49.999996185302734,-157.4579663069841,661180448.313298
LCTX,8,0.5021853318023399,2.0717795389930393,648498.9502156017,26870.93712230299,volume,33059022.4156649,26870.93712230299,-60.63829803466797,-16294.078936930318,661164154.234361
LVVV,10,0.5017962891187742,0.009350827149015424,2508004.815758526,469.03839042112503,volume,33058207.711718053,469.03839042112503,-84.49937438964844,-396.33450555312737,661163757.8998555
SAPMF,8,0.5017100196649726,30.834206268208863,242.80282242257937,149.73264618162202,volume,33058187.894992776,149.73264618162202,-92.52278137207033,-138.53680886923775,661163619.3630465
CYSNF,8,0.5016903691636727,1.1698084875643604,10240.282021151586,239.58337646791696,volume,33058180.96815233,239.58337646791696,-55.44985580444336,-132.84863678287664,661163486.5144097
ZTEK,9,0.5016404741213945,1.1445874739650375,29255.040832351788,669.6990657409112,volume,33058174.325720485,669.6990657409112,-50.91899108886719,-341.00400760684136,661163145.5104021
SYAXF,9,0.5016208159165534,0.04261225574127185,842637.759121224,718.1339137785166,volume,33058157.275520105,718.1339137785166,-85.66516876220703,-615.1906291770085,661162530.319773
ALKM,10,0.5015689297393936,0.003103149454614207,25935601.03521127,1609.64092415015,volume,33058126.515988648,1609.64092415015,-62.96295928955078,-1013.477559780608,661161516.8422133
VDRM,10,0.5014561397587165,0.008807224253293795,5137622.779348253,904.9639189310121,volume,33058075.842110664,904.9639189310121,-17.77777671813965,-160.88246488728163,661161355.9597484
PTN,8,0.5013356672114367,13.803361897513428,104812.9215993728,28935.413767436894,volume,33058067.79798742,28935.413767436894,-80.72932434082031,-23359.364029672503,661137996.5957187
NSAV,10,0.5008125889310202,0.0041962097256417075,30441065.186985496,2554.741875930435,volume,33056899.82978594,2554.741875930435,-82.69503021240234,-2112.6445661495677,661135883.9511527
QBIO,9,0.500633846997196,1.6905112060183922,212663.69574290485,7190.207215333329,volume,33056794.197557636,7190.207215333329,-96.63050079345705,-6947.933240263878,661128936.0179124
CASI,8,0.5006054232742979,17.835375221868823,55065.035602503915,19642.11143152446,volume,33056446.80089562,19642.11143152446,-19.749406814575195,-3879.200493583945,661125056.8174188
MVES,11,0.5004739011989446,7.809097510464789,161387.86593492748,25205.871641833346,volume,33056252.840870943,25205.871641833346,-10.814607620239258,-2725.9161153254354,661122330.9013034
TTD,9,0.5002934865769495,45.9116587910907,9102009.687048627,8357767.261299577,volume,33056116.545065172,8357767.261299577,100.21199035644533,8375484.921907676,669497815.8232111
PCSA,11,0.5002471629750331,325.4803402354464,111840.62602900823,728038.5002413385,volume,33474890.791160554,728038.5002413385,-43.30387496948242,-315268.8818742042,669182546.9413369
OCX,10,0.5002405511498242,52.036804517286015,22874.39911504425,23806.212703998754,volume,33459127.347066846,23806.212703998754,-41.87621307373047,-9969.140356712009,669172577.8009802
ACFN,10,0.5002303809284414,1.46583137550451,46819.103286384976,1372.5782114033884,volume,33458628.89004901,1372.5782114033884,5916.06005859375,81202.55133779635,669253780.3523179
PEXNY,10,0.5000991179829014,9.023292832634393,2812.436299490396,507.5487260686497,volume,33462689.0176159,507.5487260686497,-45.21833801269531,-229.50509853285104,669253550.8472193
NMRD,10,0.5000316440010301,13.383969914670871,81897.66732830489,21922.318312075124,volume,33462677.54236097,21922.318312075124,-99.97991943359376,-21917.91618638868,669231632.931033
LEMIF,8,0.4999888948208784,0.24736460219442208,67908.32340258722,335.96230808342307,volume,33461581.646551654,335.96230808342307,-72.81364440917969,-244.6264003567364,669231388.3046327
LCDX,9,0.4999077954050187,0.4562674636657816,22609.880047040377,206.32305245701352,volume,33461569.415231634,206.32305245701352,-99.37655639648438,-205.03674458389207,669231183.2678882
TELL,8,0.49979174177129054,4.642508966771421,8925104.704044854,828697.5723580407,volume,33461559.16339441,828697.5723580407,-79.27375793457031,-656939.7075207739,668574243.5603675
TMXN,10,0.49946533975599144,0.00813651626861404,1974710.46959592,321.3452772333935,volume,33428712.178018376,321.3452772333935,-37.96791076660156,-122.00808811266326,668574121.5522794
FEMFF,8,0.49937190396989184,0.16996235833742243,30826.67724245985,104.78749527670053,volume,33428706.07761397,104.78749527670053,-14.18918514251709,-14.86849171101739,668574106.6837877
CBMJ,10,0.4993640633448891,0.04963445228583749,421769.87098214286,418.68633073734003,volume,33428705.334189385,418.68633073734003,215.6452178955078,902.8770502172434,668575009.5608379
RGTLF,11,0.4992222689095914,26.36895295561825,1988.8540293968576,1048.879966735151,volume,33428750.478041895,1048.879966735151,-56.41120529174805,-591.6858312989846,668574417.8750066
SVIN,11,0.49873080349689974,33.67526874190548,420.8913299333072,283.47257293284247,volume,33428720.89375033,283.47257293284247,-22.774578094482425,-64.55968249902885,668574353.3153241
CYRNQ,9,0.4986996827894871,25.710307896793292,195521.12607674237,100538.16703521572,volume,33428717.665766206,100538.16703521572,-99.9912567138672,-100529.37669559917,668473823.9386284
TCTM,8,0.49865602051947866,29.919407346590962,66024.08748528834,39508.03136318601,volume,33423691.19693142,39508.03136318601,-39.54453659057617,-15623.267918631404,668458200.6707098
JWN,9,0.4985837936889966,37.94634265742644,4120246.228145825,3126965.5041238065,volume,33422910.033535495,3126965.5041238065,18.427703857421875,576227.9428236741,669034428.6135335
PLSE,10,0.4985628000503808,12.919968108042331,138173.96811460258,35704.06522804647,volume,33451721.430676676,35704.06522804647,143.7390899658203,51320.69843959689,669085749.3119731
ECAOF,8,0.4985487637096351,0.3477111584889814,15164.87509788567,105.45992577253062,volume,33454287.465598658,105.45992577253062,-47.03389358520508,-49.60190926288832,669085699.7100638
AEPT,10,0.49848884363970664,24.432468648785537,23184.7368009386,11329.207100385533,volume,33454284.985503193,11329.207100385533,-97.71428680419922,-11070.253918712422,669074629.456145
CNNC,10,0.49845993861357346,5.620479037861956,42893.87005870842,4821.681950354905,volume,33453731.472807255,4821.681950354905,-89.79865264892578,-4329.805426435151,669070299.6507187
MTTRF,8,0.49816170941958743,14.624637429058108,7672.709525676205,2244.211898229898,volume,33453514.982535936,2244.211898229898,180.0000457763672,4039.5824441324953,669074339.2331629
SMTC,9,0.4981400638328967,41.2265386211316,771424.1317130537,636062.9351868224,volume,33453716.961658146,636062.9351868224,69.97091674804688,445059.06684475485,669519398.3000076
VSQTF,8,0.4981378758250367,0.4021284439720583,75123.13402061856,604.1829798003148,volume,33475969.91500038,604.1829798003148,-65.86006927490234,-397.9153290436566,669519000.3846785
AZUL,10,0.4981027675002501,17.98970571735449,1522414.7936016512,547755.8823328136,volume,33475950.019233927,547755.8823328136,-81.39817810058594,-445863.30865769956,669073137.0760208
SEPJF,8,0.4979777168302287,34.720852014832474,305.6389651117209,212.24090555221213,volume,33453656.85380104,212.24090555221213,-9.848432540893556,-20.902402407491216,669073116.1736184
FOSYF,9,0.4978079995166883,0.2749667056970067,20544.888366627496,112.9832054616864,volume,33453655.80868092,112.9832054616864,13.20348072052002,14.917715750559285,669073131.0913342
MITI,11,0.4975828906035325,42.391104507955504,8235.927871422971,6982.601582349494,volume,33453656.55456671,6982.601582349494,6.747098445892334,471.1230028455562,669073602.214337
ELA,9,0.49758121474988437,2.884060296633324,53543.91111981206,3088.47736374227,volume,33453680.11071685,3088.47736374227,10.975109100341797,338.96376021007427,669073941.1780972
PALT,9,0.49753092721352954,3.6059913335945595,227041.76675813406,16374.212865876576,volume,33453697.058904864,16374.212865876576,116.18258666992188,19023.98405441455,669092965.1621517
KEGS,10,0.4975260045390386,0.0013383692682104025,12551077.383379066,335.95952505690354,volume,33454648.258107588,335.95952505690354,5.263144016265869,17.682033640107655,669092982.8441852
ATTBF,9,0.4974672562866927,0.05532802373645534,424335.0122047244,469.5523525494412,volume,33454649.14220926,469.5523525494412,0.0,0.0,669092982.8441852
UAMM,8,0.49709143488504426,0.007060317906698684,1685418.6287284144,237.99182649389533,volume,33454649.14220926,237.99182649389533,-93.42552947998048,-222.34512402099818,669092760.4990612
PFMT,8,0.4969337799775431,2.4041938005638572,255748.84660651235,12297.395830254678,volume,33454638.024953064,12297.395830254678,22.38993263244629,2753.3786419392814,669095513.8777032
TUWLF,8,0.49691351511908094,1.8721257041221604,4993.804945054945,186.9806119801943,volume,33454775.693885162,186.9806119801943,-26.82513236999512,-50.15779666991408,669095463.7199064
CHYI,11,0.49689251471554624,2.894101712316039,1871.3155833985904,108.31555268395097,volume,33454773.185995325,108.31555268395097,6217.685546875,6734.7204642477955,669102198.4403707
FIFG,8,0.4966658652348262,0.6282569701082191,7973.547126436782,100.1887311734054,volume,33455109.922018535,100.1887311734054,-83.02926635742188,-83.18596846608813,669102115.2544022
PRKA,9,0.496662705953949,0.26906707157391463,29850.901999215992,160.63789569537923,volume,33455105.762720108,160.63789569537923,13.513517379760742,21.707829953277006,669102136.9622321
GNMSF,8,0.49661355527983375,247.41004224538895,966.7818253035645,4783.830644808583,volume,33455106.848111607,4783.830644808583,-20.138792037963867,-963.4057050063865,669101173.556527
MMRGF,9,0.49650365176584377,0.22144539376062905,79280.99607996864,351.1282278932709,volume,33455058.677826352,351.1282278932709,28.703044891357425,100.78449287843335,669101274.3410199
INTT,8,0.49646501699106776,8.023324191640377,64450.91532732262,10342.211762381463,volume,33455063.717050996,10342.211762381463,1.7557743787765503,181.58590432270844,669101455.9269241
FMCKK,8,0.4964119607848129,8.521374847577965,9998.159811985899,1703.9613508784294,volume,33455072.796346206,1703.9613508784294,-19.8010196685791,-337.40172223242394,669101118.5252018
WULF,9,0.49623170081660317,8.451193560934273,2758835.8319591675,466309.1123745613,volume,33455055.92626009,466309.1123745613,283.7621154785156,1323208.6019431439,670424327.1271449
MLRT,10,0.4961980317615016,15.718162305102767,14821.681426332289,4659.39188587236,volume,33521216.356357247,4659.39188587236,-60.4950065612793,-2818.6994270741993,670421508.4277178
PPERF,8,0.4961973881455907,0.26045226397431626,172201.11289690319,897.0033942579054,volume,33521075.42138589,897.0033942579054,48.80516815185547,437.7840148954218,670421946.2117327
RES,8,0.4957758671993026,10.513318305480999,1603802.6926695413,337225.7641444481,volume,33521097.31058664,337225.7641444481,53.43676376342773,180202.53493528272,670602148.7466681
FVTI,11,0.4957118180601592,31.59046754097006,524.821063394683,331.58685535974246,volume,33530107.437333405,331.58685535974246,26.7326717376709,88.64202556858555,670602237.3886936
VICA,8,0.49566132118758144,3.8159034797203906,90236.5107970161,6886.6763109632075,volume,33530111.86943468,6886.6763109632075,-98.6526107788086,-6793.885976650947,670595443.5027169
PAR,9,0.4956185556355866,27.940674251969867,191153.6875735006,106819.25833108001,volume,33529772.175135847,106819.25833108001,85.83496856689453,91688.27681187239,670687131.7795287
SB,8,0.4954890395583322,2.8122932192088577,609953.7906703254,34307.3781906579,volume,33534356.58897644,34307.3781906579,2.912353992462158,999.1522984447171,670688130.9318272
EAT,8,0.49548471447987513,45.95529364904764,1294136.4862960062,1189448.4449935937,volume,33534406.54659136,1189448.4449935937,8.139921188354492,96820.16599858656,670784951.0978258
AUOTY,8,0.49547840001907995,4.7116118959604485,668844.3560250391,63026.7004878716,volume,33539247.55489129,63026.7004878716,-35.22685623168945,-22202.325168440046,670762748.7726574
RVVTF,11,0.49518008733379576,0.15918718771612617,581476.2264150943,1851.271304136086,volume,33538137.438632872,1851.271304136086,-66.95431518554688,-1239.506023910859,670761509.2666335
CTDD,10,0.4948603737907888,21.553154216005794,77166.1287642783,33263.46947017301,volume,33538075.463331677,33263.46947017301,22.84418487548828,7598.768461767925,670769108.0350953
MGAFF,9,0.4946054636334604,0.14398714262876774,110774.01097608781,319.0006663594928,volume,33538455.401754767,319.0006663594928,42.94479370117188,136.99417807344778,670769245.0292734
AUKUF,9,0.4945203860928494,205.5759842757701,92.28521126760563,379.43246280870835,volume,33538462.25146367,379.43246280870835,-83.83084869384766,-318.0814537925081,670768926.9478196
WANSF,10,0.49443052948297217,5.635422589468402,4093.3380447585396,461.35379367525394,volume,33538446.34739098,461.35379367525394,-90.5514678955078,-417.76263236455486,670768509.1851873
SNOA,9,0.49433698094671863,410.469118079126,35086.19129753038,288035.95997305604,volume,33538425.45925937,288035.95997305604,-92.08455657958984,-265236.6365309536,670503272.5486563
ACRL,10,0.4942027403643974,0.029778073184901332,4634330.955637708,2760.0289272006685,volume,33525163.62743282,2760.0289272006685,-37.23674011230469,-1027.744798646144,670502244.8038577
LTRE,10,0.4940571825655209,1.0626536925734957,9164.049764890282,194.7642264317587,volume,33525112.240192886,194.7642264317587,155.00003051757812,301.88461040655096,670502546.6884681
SBMSF,9,0.49403937448279756,0.3419221126667899,27550.51320457233,188.40259359923326,volume,33525127.334423408,188.40259359923326,-17.228469848632812,-32.458884032286115,670502514.2295841
EMGE,10,0.4940121357475882,0.07763207946215626,901979.3543461238,1400.4506581964536,volume,33525125.711479206,1400.4506581964536,-62.03022003173828,-868.7026247151872,670501645.5269594
EBR-B,8,0.49400139180015135,6.77401354253152,59810.59279561472,8103.155311686646,volume,33525082.276347972,8103.155311686646,60.86881637573242,4932.294727310953,670506577.8216867
SMMT,9,0.49374830962569805,6.329122810203407,859490.8176661264,108796.45878502118,volume,33525328.89108434,108796.45878502118,1844.9473876953125,2007237.4242592556,672513815.2459459
BNEFF,8,0.4937248417499258,9.666761365551531,6821.571987480438,1318.8501708180895,volume,33625690.762297295,1318.8501708180895,-4.341618061065674,-57.259437214633664,672513757.9865087
SCWO,8,0.4935773356281222,0.9451657385875295,44736.14660917287,845.6614610283777,volume,33625687.89932544,845.6614610283777,-57.05377960205078,-482.4818261546132,672513275.5046827
USNZY,8,0.4935624498466754,1.8714605414333838,91186.56537102473,3413.0411800141715,volume,33625663.77523413,3413.0411800141715,-35.902320861816406,-1225.3609955946126,672512050.143687
FNMAS,8,0.49349878435364786,5.7195030937179885,1024234.0818324197,117162.19999463856,volume,33625602.50718435,117162.19999463856,-27.850982666015625,-32630.824011629342,672479419.3196753
FMCKJ,8,0.49334501074500137,5.559052097391158,812236.3497845671,90305.28367694472,volume,33623970.96598377,90305.28367694472,-25.034469604492188,-22607.44879335517,672456811.8708819
QMCQF,8,0.4931806459138027,0.14289898485396532,65944.89651117209,188.46917535492582,volume,33622840.593544096,188.46917535492582,-57.80302810668945,-108.94089040285361,672456702.9299915
AMTX,8,0.4930305904912106,3.6735392250412136,636122.9585289515,46736.45280210737,volume,33622835.146499574,46736.45280210737,-63.014137268066406,-29450.572522945007,672427252.3574686
PMMCF,11,0.4929893138335886,2.746646868653602,3996.3018424147394,219.52859883326133,volume,33621362.61787343,219.52859883326133,-24.565258026123047,-53.92776674452319,672427198.4297019
FNMAO,8,0.49277944383994676,8.628709369391215,3831.679592636114,661.2489920296871,volume,33621359.921485096,661.2489920296871,-10.340254783630373,-68.37483053005734,672427130.0548713
INSW,8,0.49268152927169145,26.766182635892065,370633.4914089347,198408.8744405976,volume,33621356.502743565,198408.8744405976,200.92672729492188,398656.4580761835,672825786.5129476
FORW,11,0.4926118920742581,0.03324936180736838,1743133.5908379012,1159.1615888069323,volume,33641289.32564738,1159.1615888069323,-38.32083511352539,-444.20040114602574,672825342.3125465
GFGSF,9,0.4925642093145333,0.1923893124986241,82936.1918285999,319.1207385431668,volume,33641267.115627326,319.1207385431668,33.20494079589844,105.96385230069238,672825448.2763988
BLUE,8,0.4925465105125885,43.07386291080704,2911474.243740219,2508168.848864236,volume,33641272.41381994,2508168.848864236,-64.99490356445312,-1630181.924552964,671195266.3518459
EXAS,8,0.4925414271470874,60.80204958678506,2201445.98315707,2677048.556610899,volume,33559763.31759229,2677048.556610899,-15.339213371276855,-410638.19015123305,670784628.1616945
CNFN,9,0.4923498620577798,3.9972043855417705,3089.2314017227877,246.96578613839355,volume,33539231.408084728,246.96578613839355,10.000004768371582,24.696590390085717,670784652.858285
ZAAG,11,0.49230069423086,0.260369206910925,9569481.825284649,49831.9678679575,volume,33539232.64291425,49831.9678679575,11.111098289489746,5536.878929395706,670790189.7372143
ICNB,10,0.49195308899578616,1.2335306077805464,45286.76724137931,1117.252270393495,volume,33539509.48686072,1117.252270393495,-99.35939025878906,-1110.0950435154539,670789079.6421709
NNUP,9,0.49190808768175853,1.243692080377481,9079.259114072913,225.8360531173509,volume,33539453.98210855,225.8360531173509,-43.619815826416016,-98.50927043943551,670788981.1329005
IPCIF,9,0.4914659084784774,7.219425473818833,88466.07879263035,12773.485256087592,volume,33539449.056645025,12773.485256087592,63.33466339111328,8090.04389025656,670797071.1767907
GUKYF,10,0.4913412290813589,1.7654771491328802,18919.3590748726,668.0339224585472,volume,33539853.558839537,668.0339224585472,24.062725067138672,160.74716611642253,670797231.9239569
PTHRF,8,0.49114478958957164,0.7307007116711359,187795.4735397883,2744.445723282826,volume,33539861.596197844,2744.445723282826,-77.14701843261719,-2117.2580480141755,670795114.6659088
CETEF,9,0.4909739474790923,4.618058701865594,1157.3401174168298,106.89329200509877,volume,33539755.73329544,106.89329200509877,16.762998580932617,17.918521021926864,670795132.5844299
IDGC,11,0.4907726648182938,0.0002149686505743174,29075472.80760188,125.00630308520873,volume,33539756.629221495,125.00630308520873,7.275958523678128e-06,9.095406764463158e-06,670795132.5844389
AZURF,10,0.4906312022760216,0.12688196619028141,61466.54029733959,155.97990975681225,volume,33539756.629221946,155.97990975681225,-72.7279052734375,-113.4409210135277,670795019.1435179
DNOW,8,0.4906112889831415,13.457747965561008,1089303.102192639,293191.33214824565,volume,33539750.957175896,293191.33214824565,25.19701194763184,73875.45499081441,670868894.5985087
STRPF,8,0.49054695015575916,0.479554980860877,13224.117647058823,126.83382970274559,volume,33543444.72992544,126.83382970274559,-75.14314270019531,-95.30692564565682,670868799.2915831
KRNT,9,0.49045598924697065,36.0521262210179,312179.4199346405,225094.63702175627,volume,33543439.964579154,225094.63702175627,-4.209539890289307,-9475.448536332751,670859323.8430467
IVFH,10,0.49045506364794245,0.6676535078213758,57349.28341826735,765.789004904969,volume,33542966.192152336,765.789004904969,318.3004150390625,2437.5095809360228,670861761.3526276
ENDI,10,0.49045150135619486,7.328578698607096,1187.9620203602192,174.121463143323,volume,33543088.067631382,174.121463143323,246.55715942382807,429.3089334733849,670862190.6615611
OROVY,9,0.4904445288451407,54.06989226870236,463.1046648373187,500.80038673774675,volume,33543109.53307806,500.80038673774675,-18.5034236907959,-92.6652174032297,670862097.9963437
CLSD,8,0.4902445913071119,3.909345214136685,501937.32683379756,39244.92572908535,volume,33543104.899817187,39244.92572908535,-62.16502380371094,-24396.617421234587,670837701.3789226
AHPIQ,9,0.49022001421154754,2.7226893967830157,377406.64671361505,20551.221505651865,volume,33541885.06894613,20551.221505651865,-99.99244689941406,-20549.669251219904,670817151.7096714
PNRLF,9,0.49018778661566187,0.6469063117431337,28590.176401411212,369.90331135845014,volume,33540857.58548357,369.90331135845014,-51.64215469360352,-191.02604026849272,670816960.6836311
NR,8,0.4898440906883159,6.052413730177225,756373.031372549,91557.65040429968,volume,33540848.034181554,91557.65040429968,135.18516540527344,123772.36114023453,670940733.0447713
AVRW,10,0.489824588344344,1.6760728830005034,58595.63659274193,1964.2111511049352,volume,33547036.652238566,1964.2111511049352,-64.34262084960938,-1263.8249336411964,670939469.2198377
SCNI,9,0.4896940015117562,503.51577151353257,31654.13955408753,318767.1699834682,volume,33546973.460991886,318767.1699834682,-94.37928009033205,-300850.1601947223,670638619.0596429
CXMSF,8,0.48967750702387713,0.636807125029661,581080.4796397807,7400.723793005304,volume,33531930.952982146,7400.723793005304,8.734953880310059,646.4498101281466,670639265.509453
ELYS,11,0.48892509898494196,2.5770742502737116,271964.6086105675,14017.459796721234,volume,33531963.275472656,14017.459796721234,-99.74736785888672,-13982.047187907083,670625283.4622653
ATCMF,8,0.4889181953179361,0.3240092330158969,31618.108372456965,204.8911808634658,volume,33531264.173113264,204.8911808634658,-75.13616943359375,-153.94738480806467,670625129.5148804
FUSTD,11,0.48884293343709445,3.093058255865444,1675.807525325615,103.66740602899665,volume,33531256.475744024,103.66740602899665,-81.70951843261719,-84.70613823787912,670625044.8087422
SSY,8,0.48880710343651906,1.2856372545864068,197772.091372549,5085.263371720318,volume,33531252.24043711,5085.263371720318,-42.9095344543457,-2182.062838582552,670622862.7459036
CYRX,9,0.4887950333547589,18.98121573309835,349424.5015661707,132650.03693315695,volume,33531143.137295183,132650.03693315695,-66.82610321044922,-88644.85058965046,670534217.895314
CWGYF,9,0.48876201991366,0.2242106933522489,75503.73179326547,338.57488112100583,volume,33526710.8947657,338.57488112100583,-59.58473205566406,-201.73893572373444,670534016.1563783
ERBB,8,0.4886415848705637,0.605938545989354,9765407.97650744,118344.74220555516,volume,33526700.807818916,118344.74220555516,-68.13933563232422,-80639.32109465208,670453376.8352836
ACGYF,8,0.4886073178450807,10.863826013246035,1789.7894318633294,388.8792197621936,volume,33522668.84176418,388.8792197621936,84.38490295410156,328.1553522049944,670453704.9906359
CRTG,11,0.48859378162514105,0.14226910727993436,142762.57361002348,406.21407800967916,volume,33522685.249531794,406.21407800967916,170.3360595703125,691.9290539015628,670454396.9196897
WMLLF,8,0.4885855549365542,0.4107049079564362,128796.36788378484,1057.946008336663,volume,33522719.845984485,1057.946008336663,-35.973594665527344,-380.58120881915727,670454016.3384808
LLBO,10,0.4885768686635111,0.0014261755569780572,4068889.8561912226,116.05902513871769,volume,33522700.816924043,116.05902513871769,-30.30303192138672,-35.16940343543586,670453981.1690774
FMCCL,8,0.4885408367492759,8.030532708039155,5507.263611437525,884.5252112688577,volume,33522699.058453873,884.5252112688577,-16.31109619140625,-144.27575804730273,670453836.8933194
SGDH,11,0.4883058924861339,0.03775356720927814,180859.7812622501,136.56203814679404,volume,33522691.84466597,136.56203814679404,-14.157306671142578,-19.333506536804343,670453817.5598128
LGF-A,9,0.48820530433865406,17.887861626608984,1119702.6617012937,400581.7255091702,volume,33522690.87799064,400581.7255091702,8.591599464416504,34416.377383396255,670488233.9371961
SPYR,8,0.4880847632110277,0.17757871767489983,2726888.236377891,9684.746325175101,volume,33524411.696859807,9684.746325175101,-99.02141571044922,-9589.972919154092,670478643.964277
DMIFF,8,0.48804893220104617,0.34070125255681216,28222.517227877837,192.3089393968838,volume,33523932.198213853,192.3089393968838,-83.4586410522461,-160.49842744262673,670478483.4658496
RLTR,10,0.48799632340897775,0.05728022724730281,136041.861622893,155.8501749781087,volume,33523924.173292484,155.8501749781087,39.97079086303711,62.29454750017722,670478545.7603971
FNMAP,8,0.4876268120847666,8.701053649455577,16567.940070505287,2883.170708288627,volume,33523927.288019855,2883.170708288627,-14.031006813049316,-404.53787851181943,670478141.2225186
SANG,10,0.48757906890515257,2.7407495502407344,8385.63504508036,459.65850956573877,volume,33523907.06112593,459.65850956573877,44.61323165893555,205.06851571257346,670478346.2910342
FNMAK,8,0.48746392598061195,8.861727372833293,6757.003133568351,1197.5743925412598,volume,33523917.31455171,1197.5743925412598,-21.75107955932617,-260.4853589037665,670478085.8056753
GNNDY,9,0.48736173904467045,111.26681941114964,472.7273795534665,1051.977439429631,volume,33523904.290283766,1051.977439429631,31.51859664916992,331.56852597409113,670478417.3742013
FUNR,10,0.4872789030123149,0.0033946180899563053,11426626.203681942,775.7806403637493,volume,33523920.868710067,775.7806403637493,16.1290340423584,125.1259235782951,670478542.5001249
FNMAI,8,0.4871825054731905,4.889045575352133,31284.67149569303,3059.0436950472604,volume,33523927.125006247,3059.0436950472604,-20.1336669921875,-615.8976707063231,670477926.6024542
HHSE,10,0.4871472764888267,0.011972370695068707,716613.7774294671,171.5913157715808,volume,33523896.33012271,171.5913157715808,23.815475463867188,40.86528770570769,670477967.467742
SDTTU,11,0.4871339564428848,1.0076931664242925,77948.34574676598,1570.9603068618828,volume,33523898.3733871,1570.9603068618828,56.98183059692383,895.1619408009528,670478862.6296828
TGOPY,8,0.4869512483108436,7.735661418104433,68677.96704590035,10625.38999901638,volume,33523943.13148414,10625.38999901638,54.9812126159668,5841.968266634869,670484704.5979494
FMCCI,8,0.4868217772038342,8.012762033467753,6188.209165687426,991.6929491595474,volume,33524235.22989747,991.6929491595474,-17.840633392333984,-176.9243034371799,670484527.673646
EVOK,10,0.4868038372477253,299.35449253742337,16413.476302389347,98268.95738553574,volume,33524226.3836823,98268.95738553574,-76.2021484375,-74883.05677490956,670409644.6168711
GNZUF,8,0.486714387264931,0.8775622169620328,7314.264003133569,128.37443468070975,volume,33520482.23084356,128.37443468070975,-52.786224365234375,-67.76401711816071,670409576.852854
MTEHF,10,0.486613752675867,1.696575692253222,3209.0119047619046,108.88663187540519,volume,33520478.842642702,108.88663187540519,-12.089935302734377,-13.164323347063034,670409563.6885307
SPARF,10,0.486613752675867,1.668959072954945,5118.519328585961,170.85198547077587,volume,33520478.184426535,170.85198547077587,-8.888160705566406,-15.185599037293526,670409548.5029317
LGF-A,8,0.48659756726516945,17.887861626608984,1119702.6617012937,400581.7255091702,volume,33520477.425146587,400581.7255091702,-37.57084655761719,-150501.9454289056,670259046.5575029
PSYC,11,0.4864897569152109,1.0645987331553397,2131162.550372403,45376.659025491266,volume,33512952.327875145,45376.659025491266,-73.81671905517578,-33495.560909471955,670225550.9965934
MTNB,10,0.486318437190853,42.89622947336505,28896.054880439042,24790.63602052526,volume,33511277.54982967,24790.63602052526,-96.71159362792967,-23975.419165949545,670201575.5774274
DATI,11,0.48628956953726743,0.4868538329912351,16582.436961628817,161.4644599020904,volume,33510078.778871372,161.4644599020904,-5.27557897567749,-8.518185099785892,670201567.0592422
EHTH,10,0.48617642132206773,30.99476118916726,433347.61902897415,268630.11927394575,volume,33510078.352962114,268630.11927394575,-22.987110137939453,-61750.30138118003,670139816.7578611
WB,8,0.4861557332853201,40.00902240586178,1590101.5908912446,1272368.2035512852,volume,33506990.837893058,1272368.2035512852,-68.16009521484375,-867247.379023953,669272569.3788372
FMCCK,8,0.48603196546520716,8.647818269423302,6512.02428515472,1126.296051681784,volume,33463628.468941864,1126.296051681784,-23.800514221191406,-268.06425195324033,669272301.3145852
CCTL,11,0.4857544051062328,0.009405700390930149,26500657.079029735,4985.144812962716,volume,33463615.06572926,4985.144812962716,38.88889694213867,1938.6678287294424,669274239.982414
CYTH,9,0.48548625641678067,27.01170716702518,79797.04502740799,43109.088261485354,volume,33463711.9991207,43109.088261485354,-63.0927848815918,-27198.7243212345,669247041.2580928
WLAN,9,0.48534543281971537,0.0015874227412218216,3242650.5937188435,102.94914588611468,volume,33462352.06290464,102.94914588611468,-45.96273422241211,-47.3182423078782,669246993.9398504
HUBS,8,0.48521789034583623,264.9436245338296,523230.01998432603,2772529.159191109,volume,33462349.696992524,2772529.159191109,-22.38507652282715,-620632.7739026259,668626361.1659478
AAGH,8,0.48519646551692697,0.024977465780727473,313762.48728979274,156.73983579113474,volume,33431318.058297392,156.73983579113474,-93.2734146118164,-146.1965968993453,668626214.9693509
SSVFF,8,0.48515409474724497,0.19541654905998235,104506.58196078432,408.44631201661355,volume,33431310.74846755,408.44631201661355,-46.70072937011719,-190.74740679710314,668626024.2219441
TGNT,10,0.48502711796593734,0.15363750489309524,54796.58101216163,168.37619966761744,volume,33431301.211097207,168.37619966761744,3.401367664337158,5.727093609934109,668626029.9490377
CRVW,11,0.4850270477855104,0.10829534060879663,87637.10845732185,189.81381020711444,volume,33431301.497451887,189.81381020711444,-20.979999542236328,-39.822936512553945,668625990.1261011
TBPMQ,8,0.484935811052412,0.21602098475343187,126106.26677128286,544.8319986302301,volume,33431299.506305058,544.8319986302301,-99.63916015625,-542.8660276976728,668625447.2600734
LC,9,0.48484387212460267,24.051951283320385,1491382.2733755943,717413.075680748,volume,33431272.36300367,717413.075680748,-3.974030494689941,-28510.21440044595,668596937.045673
FMCCM,8,0.4848353373339842,8.031966315966889,6523.454367410889,1047.9233148558271,volume,33429846.852283653,1047.9233148558271,-16.047677993774414,-168.16735918974993,668596768.8783139
OIBZQ,8,0.4848255561284966,301.4143695826752,7031.323275862069,42386.837450519124,volume,33429838.443915695,42386.837450519124,-96.73605346679688,-41003.353739018465,668555765.5245749
GDC,8,0.4848175682283062,66.28525435247025,202057.929677134,267869.22525164747,volume,33427788.276228745,267869.22525164747,-91.41242980957033,-244865.76751460208,668310899.7570603
DWNX,9,0.48472071271134426,16.78948118244192,604.3073610023492,202.92014131920158,volume,33415544.987853017,202.92014131920158,1.0591140985488892,2.1491558255069934,668310901.9062161
BCCI,11,0.48463545547650433,0.04844961666079798,555798.2073552426,538.5642017424042,volume,33415545.095310807,538.5642017424042,-96.36363220214844,-518.9800265394871,668310382.9261897
CAAS,8,0.4846150820134147,4.287034670232048,127216.49530516432,10907.63051997304,volume,33415519.146309484,10907.63051997304,35.203880310058594,3839.9091929147307,668314222.8353826
ZPTAF,8,0.4845057697706112,10.197570499130732,20648.04436592069,4211.197761813107,volume,33415711.14176913,4211.197761813107,52.68262481689453,2218.569517153459,668316441.4048997
VIVE,11,0.48447969901946153,2171.366132219781,124161.36106750392,5391995.487045794,volume,33415822.070244987,5391995.487045794,-66.66667175292969,-3594663.9322816017,664721777.4726181
MNMD,8,0.4843214523735562,10.531070643690917,370217.1270853778,77975.65437680823,volume,33236088.873630907,77975.65437680823,-85.62858581542969,-66769.4501231881,664655008.0224949
QEDN,10,0.48423839841303734,0.0010921246633389978,13520251.072912583,295.3159930252676,volume,33232750.401124746,295.3159930252676,-49.83818435668945,-147.18012903872102,664654860.8423659
GIGM,9,0.4841375275088919,2.1751722666711095,64951.37641989816,2825.6086534135666,volume,33232743.042118296,2825.6086534135666,9.444450378417969,266.8632071599285,664655127.705573
PDS,8,0.4839859747807275,61.62551355922704,95134.61897295178,117254.39502939075,volume,33232756.38527865,117254.39502939075,54.77275848388672,64223.466601190674,664719351.1721741
NMRD,11,0.48394229316099346,13.383969914670871,81897.66732830489,21922.318312075124,volume,33235967.558608707,21922.318312075124,-99.57942199707033,-21830.11786352231,664697521.0543106
PHBI,10,0.4838914732865405,0.9966397450246834,1494877.5774206193,29797.088152072054,volume,33234876.05271553,29797.088152072054,50.910675048828125,15169.89872311427,664712690.9530337
VTSI,8,0.4838181319331181,4.967639969384666,124488.69532783667,12368.300372942233,volume,33235634.547651686,12368.300372942233,18.22003936767578,2253.5091970624653,664714944.4622307
PBKOF,8,0.4837845577725304,16.17919147813708,751.6660133281066,243.22696714486753,volume,33235747.223111536,243.22696714486753,-21.65130615234375,-52.661815301595816,664714891.8004154
ASMIY,9,0.4837633556447208,241.4225384769121,3190.5145584725537,15405.242475079765,volume,33235744.590020772,15405.242475079765,177.81015014648438,27392.084775369316,664742283.8851908
XTRM,10,0.48363401500850123,0.002148841780629805,7386624.143698469,317.45373155576254,volume,33237114.194259543,317.45373155576254,-53.488372802734375,-169.80083541073788,664742114.0843555
VPRB,9,0.4835888639874587,0.768951708117802,103323.50137416569,1589.0156574075354,volume,33237105.704217777,1589.0156574075354,-12.500005722045898,-198.62704810014716,664741915.4573073
CPWHF,8,0.4835233651663246,4.43123062884985,1685.378621769773,149.36602739989928,volume,33237095.77286537,149.36602739989928,-82.86063385009766,-123.76563706026708,664741791.6916703
FREJP,8,0.4835125461655576,8.441015670871996,5299.754406580493,894.7061999543772,volume,33237089.584583517,894.7061999543772,-14.845444679260254,-132.82311395613868,664741658.8685563
WING,9,0.4835070210072534,120.38500209170712,507788.6231763235,1222602.6892645357,volume,33237082.943427816,1222602.6892645357,237.8101806640625,2907473.6641436787,667649132.5327
WDDD,9,0.4832800006849038,0.19162841757955437,97669.27444051826,374.3241701435946,volume,33382456.626635,374.3241701435946,214.518310546875,802.9938857606489,667649935.5265857
SBS,8,0.48315938640550776,9.598765178270687,1912963.6875735007,367241.7846315361,volume,33382496.776329286,367241.7846315361,96.23223876953124,353404.9910481075,668003340.5176338
TGB,9,0.4830914036220003,1.1929208292779665,1173592.8258140448,28000.06654009525,volume,33400167.025881693,28000.06654009525,123.74887084960938,34649.766180507155,668037990.2838143
HMMR,11,0.4830515248945588,2.663805926066544,28762.660906118635,1532.3629314232267,volume,33401899.51419072,1532.3629314232267,-90.04278564453125,-1379.7822696376713,668036610.5015447
FNMAL,8,0.48281984395959743,8.792461808877416,9268.80376028202,1629.9120615251811,volume,33401830.52507724,1629.9120615251811,-19.94781875610352,-325.1319039169136,668036285.3696407
ANIOY,9,0.48273577633196735,5.705947934834983,3674.2973395931144,419.3069863364201,volume,33401814.268482037,419.3069863364201,36.49635696411133,153.03177450879738,668036438.4014152
WINSF,10,0.48272595581895195,36.20591136375036,4617.4876325088335,3343.6069589165663,volume,33401821.920070764,3343.6069589165663,2.929070472717285,97.93660415734551,668036536.3380195
FUST,11,0.48270694501901606,3.124962417410681,1723.1505483549352,107.69561406299557,volume,33401826.816900976,107.69561406299557,-81.70872497558594,-87.9967131055015,668036448.3413063
HHSE,9,0.4826754135660772,0.011972370695068707,716613.7774294671,171.5913157715808,volume,33401822.41706532,171.5913157715808,-30.65030670166016,-52.59326455740368,668036395.7480417
KEGS,8,0.48257529148318185,0.0013383692682104025,12551077.383379066,335.95952505690354,volume,33401819.78740209,335.95952505690354,-98.2359390258789,-330.0329941865321,668036065.7150475
GEGI,11,0.4825493360278915,0.0011386016486014925,12195964.55346651,277.72690693724667,volume,33401803.285752375,277.72690693724667,-70.5882339477539,-196.04251880472447,668035869.6725287
AIRRF,9,0.4824096195005811,0.6621514086725252,19364.28012519562,256.44170725655323,volume,33401793.48362644,256.44170725655323,36.6656494140625,94.02601733412429,668035963.698546
RVXCF,9,0.4823310783154095,0.9363508022283337,23158.22187377499,433.68439259381915,volume,33401798.184927303,433.68439259381915,-67.46031951904297,-292.5648769480111,668035671.1336691
CMTV,9,0.4821340953675004,16.71278387658187,832.4953014878622,278.2662810407301,volume,33401783.55668346,278.2662810407301,-9.460901260375977,-26.326498090183794,668035644.8071711
FMCCN,8,0.482118757392418,8.04946338509374,2778.5793184488834,447.32144972866007,volume,33401782.240358558,447.32144972866007,-15.103290557861328,-67.56025828015713,668035577.2469128
AKTAF,9,0.48189555214493224,3.056603289088748,2882.695346108721,176.22512152713486,volume,33401778.862345643,176.22512152713486,21.24768447875977,37.443757794396575,668035614.6906706
ARZTY,8,0.48185591185413035,8.442766033969994,9990.009780907669,1686.8663051455057,volume,33401780.734533533,1686.8663051455057,57.67920684814453,972.9711053965291,668036587.6617761
HPTO,11,0.4818194740035443,0.5370125378063094,9373.098354231975,100.66942668628512,volume,33401829.383088805,100.66942668628512,11.219520568847656,11.294627033608771,668036598.9564031
MMRGF,10,0.4817118671155638,0.22144539376062905,79280.99607996864,351.1282278932709,volume,33401829.947820157,351.1282278932709,45.33980941772461,159.20086933864275,668036758.1572725
ERBB,10,0.4816387954225122,0.605938545989354,9765407.97650744,118344.74220555516,volume,33401837.907863624,118344.74220555516,-30.32257843017578,-35885.177273268804,668000872.9799992
REEMF,9,0.4815317229441178,0.5267096429724453,156482.99607996864,1648.4220599307766,volume,33400043.64899996,1648.4220599307766,-30.523914337158203,-503.1629374880889,668000369.8170618
FNMAG,8,0.4814722845719341,9.079071677342798,6172.507638072855,1120.8127855001871,volume,33400018.49085309,1120.8127855001871,-23.18474769592285,-259.85761646186336,668000109.9594454
CRIS,9,0.481315292361275,6.045585359237394,918703.4158183242,111081.99840305287,volume,33400005.49797227,111081.99840305287,625.6342163085938,694966.9901688645,668695076.9496142
ASRE,11,0.4811778113628845,0.3122839978741285,24722.371529135708,154.40802036096062,volume,33434753.84748071,154.40802036096062,-21.888378143310547,-33.797411380207,668695043.1522027
AMRN,8,0.48113357332707857,5.019582196778628,4325446.810641628,434238.7160761923,volume,33434752.157610137,434238.7160761923,-76.50514221191406,-332214.94727328065,668362828.2049295
IDVV,9,0.4810679179758431,0.043362563887304445,3234878.3070747615,2805.452345163692,volume,33418141.410246477,2805.452345163692,-79.3158950805664,-2225.1696386253234,668360603.0352908
BOOT,9,0.48103016298695067,47.65760477150462,623962.7739913827,594731.4255002596,volume,33418030.151764542,594731.4255002596,189.8060607910156,1128836.2910282966,669489439.3263191
IPA,11,0.48101927897625285,3.2493845103476495,110008.70678165425,7149.211756393675,volume,33474471.966315955,7149.211756393675,-65.25559997558594,-4665.261025159819,669484774.065294
IFUS,9,0.4808769194775022,0.015588123803613341,557030.5855855856,173.6612346101469,volume,33474238.703264702,173.6612346101469,371.094970703125,644.4481076992098,669485418.5134017
CRECF,8,0.4804681490120054,0.6937539933939277,28088.374314800312,389.7284369767229,volume,33474270.925670087,389.7284369767229,-30.438840866088867,-118.62881874124012,669485299.884583
ARCH,9,0.48035789515400773,97.29521524035302,424953.93420416064,826919.6899125725,volume,33474264.994229153,826919.6899125725,-4.708548069000244,-38935.91109156124,669446363.9734914
MAXD,8,0.48022947716787767,0.006732787155452069,25606777.68404547,3448.099677673161,volume,33472318.198674574,3448.099677673161,-98.5895538330078,-3399.4660879353496,669442964.5074035
URGN,10,0.4802172001942894,23.218147780222896,209258.86524453695,97172.06515138816,volume,33472148.225370176,97172.06515138816,-40.051082611083984,-38918.46408867882,669404046.0433148
RGXTF,11,0.48020450946881665,0.15586533514335194,48384.89729517836,150.83056465579276,volume,33470202.302165743,150.83056465579276,-45.44169235229492,-68.53996116411463,669403977.5033537
DDD,9,0.4801373966146755,13.451803207070732,2803884.8837118247,754346.1534194375,volume,33470198.875167686,754346.1534194375,-68.47956085205078,-516572.93316596805,668887404.5701877
RMSL,10,0.4801109468800345,1.6950304689438358,3618562.7687181495,122671.48293526059,volume,33444370.228509385,122671.48293526059,-47.50613021850586,-58276.47442419709,668829128.0957634
NAUH,9,0.47990490514107914,0.8953255178484962,20997.250098000783,375.9874763477388,volume,33441456.404788174,375.9874763477388,-32.94117736816406,-123.85470146579254,668829004.2410619
TOBAF,11,0.479865786145498,9.394136176302771,4381.2967032967035,823.1699571911126,volume,33441450.212053098,823.1699571911126,-24.319454193115234,-200.1904406705789,668828804.0506213
FMCKP,8,0.4798567679656754,8.609471214644076,5012.328632980807,863.069981679691,volume,33441440.202531066,863.069981679691,-23.9385986328125,-206.6068588345896,668828597.4437624
AIFF,9,0.4798537558424807,21.607364477779196,14361.648669796557,6206.34754620214,volume,33441429.87218812,6206.34754620214,-89.45962524414062,-5552.175256181352,668823045.2685062
AMLH,11,0.47980818872752334,0.006443285082024691,27792713.24208056,3581.5274924337555,volume,33441152.26342531,3581.5274924337555,3.448282480239868,123.50118504656747,668823168.7696912
PPIH,9,0.4797302292297664,8.208661306142714,13980.475107800863,2295.2197011779267,volume,33441158.438484564,2295.2197011779267,33.95173263549805,779.2668563412068,668823948.0365475
AZREF,8,0.4794924219379908,12.920774982671256,132240.14112512124,34172.90214308766,volume,33441197.40182738,34172.90214308766,-92.50304412841795,-31610.974749381465,668792337.0617981
TREVQ,8,0.47942345044485707,3.5938104979599563,9507.255886970173,683.3455202677001,volume,33439616.853089906,683.3455202677001,-99.99919128417967,-683.3399939443702,668791653.7218041
QXO,11,0.47940028236337356,32.68015685734773,125679.54762838103,82144.54660511995,volume,33439582.68609021,82144.54660511995,-86.78675079345703,-71290.58295260061,668720363.1388515
ICBU,8,0.4793996295869627,0.0020900000087626467,14596704.806818182,610.1422634831154,volume,33436018.156942576,610.1422634831154,-76.56981658935547,-467.1848120831634,668719895.9540393
MPU,10,0.47932455467636664,2.205000393557016,906295.2583300667,39967.62802593309,volume,33435994.79770197,39967.62802593309,31.640907287597656,12646.120128737386,668732542.0741681
MSMY,10,0.47924421232217107,0.003691262261888159,2617910.605252842,193.2678924433321,volume,33436627.103708405,193.2678924433321,-11.90476894378662,-23.00809603790473,668732519.066072
EP,9,0.4791501129459821,4.1540395479500525,13259.403288958496,1101.6017128910519,volume,33436625.9533036,1101.6017128910519,-64.57534790039062,-711.363138576059,668731807.7029333
SID,8,0.47898909869216394,3.135123012837874,3149483.985495884,197480.39442984984,volume,33436590.385146666,197480.39442984984,-20.21718406677246,-39924.97483767101,668691882.7280957
MFON,8,0.47891358010484614,0.9614190519825705,12254.014112112896,235.62485261297243,volume,33434594.136404783,235.62485261297243,-75.68305969238281,-178.32809785316496,668691704.3999977
BRLL,11,0.4788184054859463,0.134618275792042,2667137.0047897818,7180.907697719034,volume,33434585.219999887,7180.907697719034,-54.39561080932617,-3906.09860382819,668687798.3013939
KOS,8,0.4787269523662995,5.698602702069965,5182785.520188161,590692.7113918669,volume,33434389.915069696,590692.7113918669,81.57218933105469,481840.9769013141,669169639.2782952
ASMLF,8,0.4785188843666236,382.8328012785814,8512.602112676057,65178.06625931491,volume,33458481.96391476,65178.06625931491,-11.488187789916992,-7487.778649706623,669162151.4996455
KVLQF,9,0.47837090353319855,0.3190019232841951,29208.38259506076,186.35060447689983,volume,33458107.574982274,186.35060447689983,-80.77274322509766,-150.52049525254364,669162000.9791502
BIOL,9,0.47833711667107603,6280.124198028613,213846.4108065157,26859640.383351337,volume,33458100.04895751,26859640.383351337,-99.97284698486328,-26852347.18113238,642309653.7980179
CDZI,9,0.47821669498167424,8.17563991868566,195350.91780821918,31942.37523569516,volume,32115482.689900894,31942.37523569516,76.78572845458984,24527.185510427036,642334180.9835283
EVTV,11,0.47818939209830147,17.601968313737075,36006.69255150555,12675.773227481468,volume,32116709.049176414,12675.773227481468,-23.5665283203125,-2987.23968747301,642331193.7438408
KNOS,10,0.4781367901473659,0.015170203827252508,1365020.1458251665,414.15267680947437,volume,32116559.68719204,414.15267680947437,9.773250579833984,40.47617888767992,642331234.2200197
CAPC,11,0.47811308250848944,0.3502502351717262,54690.34507042253,383.106124450767,volume,32116561.711000986,383.106124450767,-7.751945972442627,-29.698179784542273,642331204.52184
MRUS,8,0.47790169800276294,21.94014468724343,213117.48220064724,93516.56789726453,volume,32116560.226092,93516.56789726453,-23.578340530395508,-22049.654831155556,642309154.8670088
VYBE,9,0.47787672344101295,9.497746435424418,641.2634471927759,121.81115239486323,volume,32115457.743350442,121.81115239486323,-97.25821685791016,-118.4713547533155,642309036.3956541
AKBA,9,0.47771306009561865,6.231492170892038,2119833.4237089204,264194.50766874803,volume,32115451.819782704,264194.50766874803,353.36968994140625,933583.3125912796,643242619.7082454
BRN,10,0.4773979901925376,2.004996909257112,135712.96087636932,5442.0813420650375,volume,32162130.98541227,5442.0813420650375,-37.470497131347656,-2039.174933164086,643240580.5333122
FNMAH,8,0.4773477612476998,4.662471884801786,42044.44244322631,3920.6206160741917,volume,32162029.026665613,3920.6206160741917,-15.86910915374756,-622.1675650691435,643239958.3657471
SHERF,8,0.47727316488523064,0.5614965886450057,18130.20815366523,203.60100059413787,volume,32161997.918287355,203.60100059413787,-23.93442916870117,-48.730737273970774,643239909.6350099
AEO,8,0.4772042360794386,17.87095853159312,5043384.989045383,1802602.4799617855,volume,32161995.481750496,1802602.4799617855,-16.727941513061523,-301538.28856100404,642938371.3464489
AHCHF,8,0.47719868184102227,4.349667458746914,5542.071596244132,482.1233695245734,volume,32146918.567322448,482.1233695245734,-55.59738159179688,-268.047969497806,642938103.2984793
MGYOY,8,0.47713657743118404,4.0860628295720485,10945.264602116817,894.4607770108045,volume,32146905.164923966,894.4607770108045,8.73993968963623,78.17533245819592,642938181.4738117
ORGS,11,0.4770936764303798,43.476325175893955,7076.700509604077,6153.378650559225,volume,32146909.07369059,6153.378650559225,-80.81718444824219,-4972.987373821205,642933208.4864379
FMCKL,8,0.47706933322630746,4.838837274323241,26144.68363351605,2530.1973938249253,volume,32146660.424321897,2530.1973938249253,-23.302902221679688,-589.6094246985101,642932618.8770133
FNMAM,8,0.4770056300741061,8.994375248773398,7194.538973756365,1294.2076654377963,volume,32146630.943850666,1294.2076654377963,-15.546892166137695,-201.20907015150232,642932417.6679431
TQLB,10,0.4770031602729957,0.19070658650812453,65754.74068262064,250.79724284618976,volume,32146620.88339716,250.79724284618976,-45.97700881958008,-115.30907046265634,642932302.3588727
CYTH,10,0.4769988047658392,27.01170716702518,79797.04502740799,43109.088261485354,volume,32146615.117943633,43109.088261485354,-62.22037124633789,-26822.634757207656,642905479.7241155
AMCCF,8,0.47670760845493687,10.698724438897504,3379.6494522691705,723.1587637979746,volume,32145273.986205775,723.1587637979746,-18.04713249206543,-130.50942023060298,642905349.2146953
CAL,8,0.47665254392914086,25.95060251995991,507625.1510172144,263463.5704636471,volume,32145267.46073477,263463.5704636471,31.760955810546875,83678.54819184798,642989027.7628871
MVIS,10,0.47653245395800525,3.0792029375879966,3633363.534300274,223757.27336285022,volume,32149451.38814436,223757.27336285022,-75.94773864746094,-169938.5891783022,642819089.1737088
CCLD,10,0.4765114476229685,3.797205873723133,228414.87788649707,17346.766319127175,volume,32140954.458685443,17346.766319127175,26.82723045349121,4653.656976660842,642823742.8306854
KSS,9,0.4762859207448431,44.209704054425345,4736635.969423755,4188105.4884354062,volume,32141187.14153427,4188105.4884354062,-27.73848533630371,-1161717.026778586,641662025.8039068
BIOLQ,9,0.47625060208552084,6509.224251349403,211835.12944857255,27577647.23788777,volume,32083101.290195342,27577647.23788777,-99.96891021728516,-27569073.407283645,614092952.3966231
ECRAF,9,0.47619246663722736,1.6425907197134888,7503.967893500391,246.5189604578344,volume,30704647.61983116,246.5189604578344,-43.19419479370117,-106.48187998356416,614092845.9147432
LMRXF,9,0.47609181281345975,0.3188882791957449,58609.54958839671,373.79796825363013,volume,30704642.295737162,373.79796825363013,25.956281661987305,97.02405348669814,614092942.9387966
SSY,10,0.476017718295424,1.2856372545864068,197772.091372549,5085.263371720318,volume,30704647.146939833,5085.263371720318,-20.82113075256348,-1058.8093357381056,614091884.1294609
DSGR,9,0.47593402168041254,19.02486490904585,43025.204776820676,16370.974171260952,volume,30704594.20647305,16370.974171260952,177.66192626953125,29084.98806174964,614120969.1175227
WCUI,11,0.4756985153310376,0.0882181790342573,63265.42111459969,111.62320493130873,volume,30706048.455876138,111.62320493130873,-6.81820011138916,-7.610693482962642,614120961.5068293
TRSI,8,0.4755146582388377,0.001647111457184606,4410100.848508635,145.2785526983625,volume,30706048.075341463,145.2785526983625,-97.61292266845705,-141.81064129930618,614120819.696188
ABEO,9,0.4754423665758801,104.19817488350219,108445.96361502347,225997.42964336262,volume,30706040.9848094,225997.42964336262,34.40501022338867,77754.43877339453,614198574.1349614
PAYS,9,0.4751892855177829,3.21200313833544,255511.73696589572,16414.09002031993,volume,30709928.70674807,16414.09002031993,85.66853332519531,14061.71017908534,614212635.8451405
ICHR,9,0.4751564933954152,29.874755059062462,415778.12023750617,248425.39002025835,volume,30710631.792257026,248425.39002025835,25.34893798828125,62973.198063381125,614275609.0432038
EHTH,8,0.4751193039522118,30.99476118916726,433347.61902897415,268630.11927394575,volume,30713780.452160195,268630.11927394575,-68.07450866699219,-182868.63382729364,614092740.4093766
HGBL,8,0.47507174507285455,1.310577976613723,58033.46394984326,1521.1475951854204,volume,30704637.02046883,1521.1475951854204,62.26766204833984,947.183043826506,614093687.5924205
TAWNF,8,0.4750659659144576,0.26802260746423257,751069.8513725491,4026.073999052884,volume,30704684.379621025,4026.073999052884,-44.909088134765625,-1808.0731206055427,614091879.5192999
MJNA,8,0.47498293300147676,0.048177303092892594,11034534.322618581,10632.282090994435,volume,30704593.975964993,10632.282090994435,-75.2031478881836,-7995.810824779404,614083883.7084751
RVSDF,9,0.4747446079276136,0.16820450788068095,48703.001176009406,163.84128690245777,volume,30704194.185423758,163.84128690245777,26.506032943725582,43.427825481789405,614083927.1363006
GBRRF,9,0.47466513076611605,0.258171524317177,28362.928711320015,146.45001079001827,volume,30704196.35681503,146.45001079001827,-93.33332824707033,-136.68666928851766,614083790.4496313
BBSRF,8,0.4745024511404683,0.6518746879132514,11559.568466353678,150.70780172832332,volume,30704189.52248157,150.70780172832332,-90.95564270019533,-137.07724966133256,614083653.3723817
MTNB,8,0.4744259683727034,42.89622947336505,28896.054880439042,24790.63602052526,volume,30704182.668619085,24790.63602052526,-78.00193786621094,-19337.17650536862,614064316.1958764
EML,10,0.474397943493068,23.345837890308353,12720.601018010962,5939.461784675506,volume,30703215.80979382,5939.461784675506,58.9129524230957,3499.1122953938316,614067815.3081717
MPVDF,8,0.4741602116032594,1.6879803991957956,49803.35123480988,1681.341613972456,volume,30703390.76540859,1681.341613972456,-67.30768585205078,-1131.672131632381,614066683.6360401
STKXF,10,0.4740309636957318,1.3168232903322752,10127.600392156863,266.72520143140883,volume,30703334.181802005,266.72520143140883,-68.43278503417969,-182.52748372753877,614066501.1085563
EVO,9,0.4739655055380545,9.611583426658939,29660.267528397962,5701.642716124403,volume,30703325.055427816,5701.642716124403,-59.44711685180664,-3389.4622079269957,614063111.6463484
BKUCF,9,0.47389490044721827,0.11755324691878001,72710.43270735524,170.94694899238138,volume,30703155.58231742,170.94694899238138,-67.96116638183594,-116.17754042938452,614062995.4688079
PIRS,10,0.4738820104525124,220.64814895964906,14166.366467065869,62515.65076884255,volume,30703149.7734404,62515.65076884255,-14.45366096496582,-9035.80021217055,614053959.6685958
URG,9,0.4738521652856862,0.914723203165371,1382828.5861798194,25298.107875580914,volume,30702697.98342979,25298.107875580914,3.806230783462525,962.9043695939181,614054922.5729654
GSL,8,0.47375583510316105,16.9292437135239,270834.6394984326,91700.51236266702,volume,30702746.12864827,91700.51236266702,-16.345054626464844,-14988.498838426072,614039934.074127
KINS,9,0.4737478601574911,8.685652292578514,39142.05723245786,6799.485982746741,volume,30701996.70370635,6799.485982746741,251.8160858154297,17122.199457321647,614057056.2735842
ANIX,8,0.4737188636609043,3.5429284074496774,202798.16666666666,14369.987713240951,volume,30702852.813679215,14369.987713240951,27.39362144470215,3936.460035815437,614060992.73362
MGWFF,9,0.47362111226571874,0.891735833308651,8583.078356426182,153.07677061042298,volume,30703049.636681005,153.07677061042298,-53.31452560424805,-81.61215406125001,614060911.1214659
CANN,10,0.47359266577256176,1.2227915504550873,196521.1627543036,4806.088346031429,volume,30703045.556073297,4806.088346031429,-56.744911193847656,-2727.2105638533963,614058183.9109021
SCNI,10,0.47353326042540034,503.51577151353257,31654.13955408753,318767.1699834682,volume,30702909.195545107,318767.1699834682,-74.91217041015625,-238795.40558964814,613819388.5053124
SNANF,10,0.47345416975976723,0.4496043905712918,11800.299490395922,106.10932921876369,volume,30690969.425265625,106.10932921876369,7.0217790603637695,7.450762660175604,613819395.9560751
GKOS,8,0.47339572770125316,55.91993722756039,509921.98953974893,570296.1129203093,volume,30690969.797803756,570296.1129203093,41.20923614501953,235014.67189919748,614054410.6279743
SNCR,8,0.47327874079413795,114.40744208925054,68734.24656997256,157274.18668004806,volume,30702720.531398714,157274.18668004806,-81.37503051757812,-127981.9174071619,613926428.7105671
PSHIF,8,0.47314935516453155,0.644366913523652,13017.914543316347,167.76626829582835,volume,30696321.435528357,167.76626829582835,34.52770233154297,57.92583772992136,613926486.6364049
NVFY,9,0.4729646071334677,24.09508291506057,83826.11799294394,40395.9452697527,volume,30696324.331820246,40395.9452697527,-57.185184478759766,-23100.495824446913,613903386.1405804
BWEN,9,0.47289235723174083,3.2549487482027644,201597.8951486698,13123.816329089499,volume,30695169.307029024,13123.816329089499,-3.841099500656128,-504.09884348368416,613902882.0417368
VEV,9,0.4725018331672801,2.54295565860926,447779.6201091902,22773.674375331404,volume,30695144.102086842,22773.674375331404,-86.24481201171875,-19641.112653165535,613883240.9290837
IQEPF,9,0.47248671633155587,0.639075381838308,9003.764014112114,115.08167850601433,volume,30694162.046454187,115.08167850601433,-47.63704681396485,-54.82151306420657,613883186.1075706
RELV,10,0.47240262938189165,4.250869489274919,9727.123161764706,826.9746213352995,volume,30694159.305378534,826.9746213352995,-20.537900924682617,-169.84322840211306,613883016.2643423
THTX,8,0.47240178393433213,11.484330466959046,37012.149470380544,8501.195116206667,volume,30694150.81321712,8501.195116206667,-86.76664733886719,-7376.201986068039,613875640.0623562
FMCKM,8,0.4722863864202607,4.499863493176381,52234.699960830396,4700.9803886152495,volume,30693782.003117815,4700.9803886152495,-14.471912384033203,-680.3217630309825,613874959.7405932
FMCKO,8,0.4722480047514006,4.572510776592618,18169.87348217783,1661.6388461316515,volume,30693747.98702966,1661.6388461316515,-18.20895767211914,-302.5671141556013,613874657.173479
LNDNF,9,0.47222686944670655,19.3687819121212,1013.610740885927,392.64810768006225,volume,30693732.85867395,392.64810768006225,-57.27002716064453,-224.86967791412843,613874432.3038011
MLLOF,10,0.47219216052594504,0.1008758919301867,56281.14974519796,113.54822358806489,volume,30693721.615190055,113.54822358806489,39.22517013549805,44.539483888254175,613874476.843285
ARCO,8,0.4721330378585541,6.971167842173987,791380.8196400626,110336.97041576194,volume,30693723.84216425,110336.97041576194,122.3962173461914,135048.2781232789,614009525.1214083
CBIA,9,0.47212787649069937,0.15633188690502237,9901033.549295774,30956.945141426782,volume,30700476.25607042,30956.945141426782,-99.75,-30879.552778573216,613978645.5686297
SMTSF,10,0.4719953519001232,1.4581261466106497,156947.5895727166,4576.9876800699,volume,30698932.27843149,4576.9876800699,86.7572250366211,3970.867501496666,613982616.4361312
FNMAJ,8,0.4718925367462085,4.974136312008838,39067.433999216606,3886.53484145024,volume,30699130.821806565,3886.53484145024,-20.55465507507324,-798.8638310326414,613981817.5723002
CDBMF,10,0.47185337338763184,2.761144815509275,2184.075929549902,120.61099859110625,volume,30699090.87861501,120.61099859110625,-9.602340698242188,-11.581479004270106,613981805.9908211
AMKAF,10,0.47177493018074296,1720.0426736512281,40.15219092331768,1381.2696365739587,volume,30699090.299541056,1381.2696365739587,-19.019041061401367,-262.7042393486706,613981543.2865818
BICX,11,0.4717473958946377,4.757004302280703,1984.1428012519561,188.77151683789683,volume,30699077.16432909,188.77151683789683,-47.23667907714844,-89.16939559778254,613981454.1171862
ASOMY,8,0.47159812433505827,43.23838107276224,6904.44131455399,5970.737293064178,volume,30699072.70585931,5970.737293064178,-84.27203369140625,-5031.661743236401,613976422.455443
ASRT,8,0.47152335508377163,26.682078380493305,793143.9405320814,423254.57576580637,volume,30698821.122772153,423254.57576580637,-48.56878662109375,-205569.61176771007,613770852.8436753
NUGS,11,0.47147481740423,0.35409565968878787,472283.9035672285,3344.6736078806734,volume,30688542.642183766,3344.6736078806734,0.0,0.0,613770852.8436753
PASO,8,0.47144226910040754,0.040246095677697664,2802834.7052136417,2256.063074295995,volume,30688542.642183766,2256.063074295995,-94.08284759521484,-2122.56838384182,613768730.2752913
BVNKF,10,0.4711617657462198,33.91412790579042,396.48630672926447,268.92974638621456,volume,30688436.513764568,268.92974638621456,21.46259307861328,57.719297134219936,613768787.9945885
IGPK,9,0.47114594573597324,0.005995250791479091,9273378.594043886,1111.9246071125376,volume,30688439.399729427,1111.9246071125376,319.4674987792969,3552.237730653948,613772340.2323191
FUST,10,0.4709749007317422,3.124962417410681,1723.1505483549352,107.69561406299557,volume,30688617.011615958,107.69561406299557,-96.7218780517578,-104.16522050110231,613772236.0670986
FUSTD,10,0.4709749007317422,3.093058255865444,1675.807525325615,103.66740602899665,volume,30688611.803354934,103.66740602899665,-96.7215576171875,-100.26872985257971,613772135.7983687
MGMLF,8,0.4709609848325209,0.12955237177439008,148907.10584084672,385.8253747148365,volume,30688606.789918438,385.8253747148365,-79.76695251464844,-307.76114343824804,613771828.0372252
ADGO,11,0.4709313662359153,0.20658613054653924,17127988.040688574,70768.09546746506,volume,30688591.401861265,70768.09546746506,7.275958523678128e-06,0.005149057274209698,613771828.0423744
ASND,10,0.4708511538061081,86.66201401789696,252884.09025270757,438308.89148766524,volume,30688591.40211872,438308.89148766524,45.41142272949219,199042.30357441487,613970870.3459487
LSANF,8,0.4706958017398646,3.5684594215174625,1504.8804390435123,107.40209561924314,volume,30698543.517297436,107.40209561924314,-14.884084701538086,-15.985818883195076,613970854.3601297
MAIFF,8,0.4706172661991446,0.2355088191110566,180486.66836534694,850.124042640235,volume,30698542.718006488,850.124042640235,-39.7455940246582,-337.8868506938,613970516.473279
TRUE,9,0.47057946051991023,7.133836341241091,962465.4038461539,137321.4135028995,volume,30698525.82366395,137321.4135028995,134.3683624267578,184516.53458512272,614155033.0078641
SEGI,10,0.47056136236476814,0.00415352665034537,10456529.981974922,868.6295190053646,volume,30707751.650393207,868.6295190053646,48.95549774169922,425.24190456040407,614155458.2497687
AEHR,11,0.4703830146043694,8.330152574372777,695819.2300469483,115925.6070094734,volume,30707772.91248844,115925.6070094734,10.368597984313965,12019.860151687988,614167478.1099204
NBR,8,0.4703567482197408,260.12461772015496,241405.83496667974,1255912.0107224477,volume,30708373.90549602,1255912.0107224477,-4.021749973297119,-50509.640955865354,614116968.4689646
EHTH,11,0.4702150743228281,30.99476118916726,433347.61902897415,268630.11927394575,volume,30705848.42344823,268630.11927394575,18.2888126373291,49129.25920144563,614166097.7281661
UONE,8,0.47021489691697954,3.8202865725177664,405667.2716921869,30995.304619111565,volume,30708304.886408307,30995.304619111565,-13.378076553344728,-4146.57557988714,614161951.1525862
FMCKN,8,0.469652781530818,4.584508418569927,33462.62397179788,3068.1936261229444,volume,30708097.557629313,3068.1936261229444,-14.092390060424805,-432.3818136023372,614161518.7707726
FTK,8,0.4696444804283115,29.743204059014356,132653.7626321974,78910.95862331003,volume,30708075.93853863,78910.95862331003,-33.81237030029297,-26681.665537224555,614134837.1052353
BTDG,9,0.4694856077108806,0.00783894747996458,8104722.296948357,1270.6498485095215,volume,30706741.85526177,1270.6498485095215,-92.30769348144533,-1172.9075673846185,614133664.197668
SYBX,11,0.46948265094066177,8.126271848573646,199862.00731812313,32482.66007337368,volume,30706683.2098834,32482.66007337368,-13.915080070495604,-4519.988158236853,614129144.2095097
CNX,8,0.4694586418789131,15.540243412240372,4299465.152310102,1336294.7001868824,volume,30706457.21047549,1336294.7001868824,43.416629791259766,580174.1229003633,614709318.3324101
CHGG,8,0.4693362300167727,26.359888793904986,1979203.9949099452,1043431.9441255729,volume,30735465.916620508,1043431.9441255729,-64.99370574951172,-678165.0874613844,614031153.2449487
BLBD,8,0.46908600162338426,19.294797528704194,167503.38849765257,64638.87932868171,volume,30701557.662247438,64638.87932868171,45.73652267456055,29563.57570074434,614060716.8206494
BBSRF,9,0.46907735456756194,0.6518746879132514,11559.568466353678,150.70780172832332,volume,30703035.84103247,150.70780172832332,-46.70085144042969,-70.38182659428159,614060646.4388229
AUGG,9,0.46905636832883796,0.7438575919405652,24481.242566510173,364.2111628647424,volume,30703032.321941145,364.2111628647424,-43.11073684692383,-157.01411598974025,614060489.4247069
TMRC,10,0.46903551684714756,0.757311027786538,114206.46507064364,1729.7963088503298,volume,30703024.47123535,1729.7963088503298,-65.83941650390625,-1138.887796453165,614059350.5369104
AMVMF,8,0.4689175555240289,27.434779673301744,649.2018779342723,356.21420969240984,volume,30702967.526845522,356.21420969240984,-25.307992935180664,-90.15066702306471,614059260.3862435
BIEI,11,0.4688626565423033,3.5250555137036046,6292247.841549296,443610.458948859,volume,30702963.019312173,443610.458948859,-50.96774291992188,-226098.23828294003,613833162.1479605
GHM,9,0.4685278360978087,18.804882488295558,38392.330591461025,14439.265304484386,volume,30691658.10739803,14439.265304484386,280.31158447265625,40474.93336121069,613873637.0813218
FMCCS,8,0.4683917931690315,8.292291420560419,7631.801410105758,1265.7024271288176,volume,30693681.854066093,1265.7024271288176,-23.65617561340332,-299.41678890470126,613873337.6645329
IPNFF,10,0.4683079174178032,0.09744860867446525,285192.3841630733,555.8320208249019,volume,30693666.883226648,555.8320208249019,90.9126968383789,505.3218800231781,613873842.9864129
ORGO,9,0.4681463426598654,7.569832822341405,537340.0858283433,81351.4923692628,volume,30693692.149320647,81351.4923692628,-12.226679801940918,-9946.586486090162,613863896.3999268
PTAIF,8,0.4680607872847854,0.4576689135684821,24317.01293610349,222.58281783394418,volume,30693194.819996342,222.58281783394418,-11.99299430847168,-26.69434467446081,613863869.7055821
GTE,8,0.4677495356609999,16.874100693247534,355688.40438871476,120038.43902151441,volume,30693193.48527911,120038.43902151441,-23.12094116210937,-27754.01685807888,613836115.6887242
ASMLF,9,0.4676780265887901,382.8328012785814,8512.602112676057,65178.06625931491,volume,30691805.78443621,65178.06625931491,101.41842651367188,66102.56923223566,613902218.2579565
CBULF,10,0.46766267240186693,0.38821675301968694,28975.041878669275,224.97193353492872,volume,30695110.912897825,224.97193353492872,-78.74937438964844,-177.16399021105207,613902041.0939664
VLPNY,9,0.46765684902355503,6.869346278763117,1513.1425206124852,207.88599886415236,volume,30695102.05469832,207.88599886415236,26.36760711669922,54.8145634311255,613902095.9085298
FNMFN,8,0.4676067846705419,9.431598131487615,68370.67489228358,12896.89459125218,volume,30695104.795426488,12896.89459125218,-21.65696907043457,-2793.0764726740335,613899302.8320571
BNSOF,8,0.46745009915263713,2.7942957796407093,49253.579812206575,2752.5814040289133,volume,30694965.14160286,2752.5814040289133,-63.90643310546875,-1759.07659363931,613897543.7554635
CUEN,11,0.4673830774999896,480.6049427906321,37099.56147220047,356604.6523780889,volume,30694877.187773176,356604.6523780889,-96.02476501464844,-342428.7794773638,613555114.9759861
ASRE,9,0.4673753725120315,0.3122839978741285,24722.371529135708,154.40802036096062,volume,30677755.74879931,154.40802036096062,-88.51866149902344,-136.67991287066192,613554978.2960732
JAGGF,8,0.46733362993121463,2.785301843846472,20214.87573500588,1126.0906131567838,volume,30677748.91480366,1126.0906131567838,-56.6088981628418,-637.4674884232444,613554340.8285848
PCTL,9,0.4673076982468088,0.3293463266732989,3380759.530259366,22268.81465313339,volume,30677717.04142924,22268.81465313339,-98.4101791381836,-21914.780392098648,613532426.0481926
STCN,10,0.46727276935223505,15.718845248689838,14606.725882352941,4592.017274694768,volume,30676621.302409634,4592.017274694768,14.932751655578612,685.7145356114388,613533111.7627282
SIPC,9,0.4671835682527506,0.010864288543680618,1214849.0725205801,263.96941721772725,volume,30676655.588136412,263.96941721772725,-78.04276275634766,-206.0090260285444,613532905.7537022
RRIF,9,0.46708400445654685,2.9443131822018036,4817.141121128969,283.66344206932797,volume,30676645.28768511,283.66344206932797,-99.98346710205078,-283.6165442819314,613532622.1371579
SOBR,10,0.466898179155797,267.3471340988487,33869.777734221876,181099.76019618433,volume,30676631.106857896,181099.76019618433,-98.15081024169922,-177750.8819783292,613354871.2551795
GBR,8,0.4667977103900673,1.8533633765966997,325243.6525656091,12055.893482712821,volume,30667743.56275898,12055.893482712821,-59.759883880615234,-7204.587946039843,613347666.6672335
PSRU,9,0.4667685510632337,0.5430415720840135,14835551.096432772,161126.41980279126,volume,30667383.333361674,161126.41980279126,-83.60655975341797,-134712.25645096376,613212954.4107825
WRTBF,9,0.4666962753291018,14.361263628470093,422.91679748822605,121.47239243273425,volume,30660647.720539123,121.47239243273425,185.1851806640625,224.94886938351792,613213179.3596518
NBY,8,0.466686329425623,3298.427979148939,89080.82281458251,5876533.567544562,volume,30660658.96798259,5876533.567544562,-98.02672576904295,-5760573.444982665,607452605.9146692
PURA,9,0.46662736264335136,0.018851762498897664,4696291.514308115,1770.667445066501,volume,30372630.29573346,1770.667445066501,-99.64788818359376,-1764.4327157631635,607450841.4819534
BBGI,10,0.46661643706428046,80.22651468457563,5766.423708920188,9252.401527223412,volume,30372542.07409767,9252.401527223412,-54.22748947143555,-5017.345064030017,607445824.1368895
QRTEB,11,0.4665824714683716,15.11682476094544,21352.667189337513,6455.690561600091,volume,30372291.206844475,6455.690561600091,-24.88479232788086,-1606.4851895847883,607444217.6516998
SPR,9,0.4665429454315338,50.36757350220301,2006814.8706389652,2021567.9100444422,volume,30372210.88258499,2021567.9100444422,36.09324264526367,729649.4110111261,608173867.0627109
PIRS,9,0.46641570500665475,220.64814895964906,14166.366467065869,62515.65076884255,volume,30408693.353135545,62515.65076884255,-79.9988021850586,-50011.77179326841,608123855.2909176
FNMAN,8,0.4663632007369441,8.96792401830402,5936.721895808852,1064.8014175883116,volume,30406192.764545884,1064.8014175883116,-17.33477210998535,-184.5808991628273,608123670.7100185
WHLR,8,0.46622585097557867,131687.88551829627,60129.29328621908,30406183.53550093,capital,30406183.53550093,158365989.81143358,-98.22089385986328,-29865225.25723959,578258445.4527789
CMA,10,0.46620457625458267,62.960922099317344,1986303.0771339077,2501189.466101246,volume,28912922.272638947,2501189.466101246,23.867494583129883,596971.2603355302,578855416.7131144
XWEL,9,0.4661787124080139,1324.0019542300847,71687.51864939144,1898288.2957139981,volume,28942770.83565572,1898288.2957139981,-87.75140380859375,-1665774.6278232627,577189642.0852911
PHBI,9,0.4659007253831376,0.9966397450246834,1494877.5774206193,29797.088152072054,volume,28859482.104264557,29797.088152072054,-60.53081893920898,-18036.421478487224,577171605.6638126
SND,9,0.46588491714056174,3.8718547633341296,371207.82004889974,28745.255324864214,volume,28858580.283190634,28745.255324864214,22.161500930786133,6370.380026376633,577177976.0438391
USEI,9,0.4655615154411771,0.0005508676903094693,23438837.246957205,258.2339627554175,volume,28858898.802191958,258.2339627554175,-90.0,-232.41056647987577,577177743.6332726
COPAF,11,0.46541913270398494,0.552692077295474,13791.111589663273,152.44476225409363,volume,28858887.181663632,152.44476225409363,-57.55525970458984,-87.73997882138812,577177655.8932939
UAMM,9,0.4653271312280794,0.007060317906698684,1685418.6287284144,237.99182649389533,volume,28858882.794664696,237.99182649389533,-75.63565063476562,-180.00666642622025,577177475.8866274
TAL,8,0.46523892378778237,22.675122909566475,6152848.067085131,2790331.7233008775,volume,28858873.79433137,2790331.7233008775,198.2300720214844,5531276.584737656,582708752.471365
EMITF,9,0.465170609729291,0.28892349527482586,105602.94091990484,610.2234160375968,volume,29135437.62356825,610.2234160375968,664.62890625,4055.7212156920673,582712808.1925806
FMCCJ,8,0.4651423624743568,7.982166064471952,4578.482961222092,730.9242263966007,volume,29135640.409629032,730.9242263966007,-16.874666213989258,-123.34102348160954,582712684.8515571
MEIP,9,0.4650963108900761,38.72225628418812,45450.90827126617,35199.234368581885,volume,29135634.24257786,35199.234368581885,-60.94086837768555,-21450.71908651054,582691234.1324706
KGKG,11,0.4650856007616457,0.03341961727051008,9608271.88239906,6422.0953788156,volume,29134561.706623532,6422.0953788156,-87.16216278076172,-5597.63722801903,582685636.4952426
WKCMF,9,0.4650778215750838,117.06627635109598,80.81703965449549,189.218997961413,volume,29134281.824762132,189.218997961413,-9.138262748718262,-17.291329204205773,582685619.2039135
MCOA,8,0.4650554164483578,0.5875929708700396,30473503.9623677,358120.33452135115,volume,29134280.960195675,358120.33452135115,-92.4543228149414,-331097.730144318,582354521.4737692
FMCCH,8,0.4647719816931135,8.51899334079744,12804.437524481003,2181.6183600742106,volume,29117726.073688462,2181.6183600742106,-26.46506690979004,-577.366758709904,582353944.1070105
TEO,9,0.46470449212618625,13.574711660816886,203351.3852491173,55208.7284116892,volume,29117697.205350526,55208.7284116892,100.12438201904295,55277.39814277559,582409221.5051533
HALB,10,0.46464308512826497,0.007783150494986877,2531264.1912225704,394.0242028571301,volume,29120461.075257666,394.0242028571301,-66.9148941040039,-263.66087808599417,582408957.8442752
OROVY,10,0.46458435830226613,54.06989226870236,463.1046648373187,500.80038673774675,volume,29120447.89221376,500.80038673774675,-21.2722225189209,-106.53137264246992,582408851.3129026
PMD,8,0.4644222918284291,10.943178756672648,20720.84322200393,4535.037827347556,volume,29120442.56564513,4535.037827347556,-58.022945404052734,-2631.362522615012,582406219.95038
HNFSA,9,0.46428673505384144,76.5532536628152,116.93453547628381,179.03438312518833,volume,29120310.997519,179.03438312518833,23.52941131591797,42.125736402441994,582406262.0761163
EVSV,10,0.464229779417369,0.28522233211311976,28531.135241081927,162.7543386259241,volume,29120313.103805818,162.7543386259241,101.6170883178711,165.38622002267226,582406427.4623363
YEXT,10,0.4641929025387074,12.178651866587726,1082091.1332644627,263568.22399898554,volume,29120321.373116817,263568.22399898554,-25.57843399047852,-67416.62419545709,582339010.8381408
DRNK,9,0.4641824704068123,0.0050750273860506205,36064833.3504307,3660.600338535751,volume,29116950.541907042,3660.600338535751,5.454544544219971,199.66907605129956,582339210.5072168
RGEN,8,0.4640017971177784,107.76626034298863,448869.50333202665,967459.7551221438,volume,29116960.52536084,967459.7551221438,-37.85958862304688,-366276.2833827803,581972934.223834
MJNA,9,0.46390533489259783,0.048177303092892594,11034534.322618581,10632.282090994435,volume,29098646.711191703,10632.282090994435,-91.4893569946289,-9727.406518905893,581963206.8173151
GAHC,11,0.4637770485898037,0.23517197458714972,2427600.5599060296,11418.072343639424,volume,29098160.340865757,11418.072343639424,-37.66938018798828,-4301.117081265079,581958905.7002339
GOOS,10,0.4637511235626993,28.880679948198285,1354425.595603272,782334.6428053188,volume,29097945.285011698,782334.6428053188,-42.81136322021485,-334928.1255289555,581623977.574705
NMM,8,0.4637287815043127,39.09738533995003,134457.64484515876,105138.84704826637,volume,29081198.87873525,105138.84704826637,5.116822719573975,5379.768412863825,581629357.3431178
AUMN,9,0.4636354615066169,9.080204538106102,61519.40923317684,11172.176378013975,volume,29081467.867155895,11172.176378013975,-95.90625,-10714.815407539028,581618642.5277103
JSEJF,8,0.463423505021423,8.700246953347392,1656.2916503332026,288.20292769332343,volume,29080932.126385517,288.20292769332343,-36.87754440307617,-106.28216263107086,581618536.2455477
LWLG,11,0.4633191939358857,2.9239675028447496,356404.46530772245,20842.30148857079,volume,29080926.812277384,20842.30148857079,-41.75592041015625,-8702.89482121243,581609833.3507265
VSQTF,9,0.46325556795124645,0.4021284439720583,75123.13402061856,604.1829798003148,volume,29080491.667536326,604.1829798003148,-25.364076614379883,-153.24543388759517,581609680.1052926
VBIVQ,11,0.46317383818760016,89.29192339458965,325052.16568511975,580490.6615520235,volume,29080484.00526463,580490.6615520235,-99.9216766357422,-580036.0017366937,581029644.1035558
BRTX,10,0.4630483254007382,7439.152621548885,100849.77503912363,15004737.367298238,volume,29051482.20517779,15004737.367298238,-48.082515716552734,-7214655.202858636,573814988.9006971
UONEK,8,0.46289776472009914,2.815725836161309,308493.73733804474,17372.675730333867,volume,28690749.445034858,17372.675730333867,17.436485290527344,3029.184048290678,573818018.0847454
ASML,9,0.4628631538094359,383.35638062980064,968091.06885759,7422477.765545616,volume,28690900.90423727,7422477.765545616,100.21891784667967,7438726.894040225,581256744.9787856
SCFR,9,0.46277950104980525,0.06496660153920747,103375.85221481771,134.3195559923212,volume,29062837.248939283,134.3195559923212,7.186927795410156,9.653449504283639,581256754.6322352
LFMD,10,0.4627764139259505,3.310088198753209,216786.44766758135,14351.645241481823,volume,29062837.73161176,14351.645241481823,33.11890411376953,4753.107626274733,581261507.7398614
AA,9,0.46275215273343484,33.92431740544398,6514932.048122066,4420292.453507844,volume,29063075.38699307,4420292.453507844,-5.136072635650635,-227029.43112034645,581034478.308741
TPIC,9,0.4626532445070808,20.179365564259,679800.4922133081,274358.852862711,volume,29051723.91543705,274358.852862711,-54.82633209228516,-150420.89579509397,580884057.4129459
TCMD,9,0.4626452661212487,31.888289817512458,232010.98770685578,147968.67233687075,volume,29044202.870647296,147968.67233687075,97.99417114257812,145000.67400719377,581029058.0869532
BNTC,10,0.4625649281406525,536.7715131070039,35737.67644757433,383659.3332338602,volume,29051452.90434766,383659.3332338602,343.5401306152344,1318023.7745091405,582347081.8614624
BLDP,10,0.4623760855703752,6.222963622524891,2450006.501564945,304926.02668376255,volume,29117354.09307312,304926.02668376255,-65.42507934570312,-199498.09490355154,582147583.7665588
EBR,8,0.4623021721190744,6.143952619917428,871473.2400156617,107085.8059236431,volume,29107379.18832794,107085.8059236431,42.92300796508789,45964.44900608389,582193548.2155648
GSM,8,0.4622551453521748,7.235072492455427,1084576.079153605,156939.73112518815,volume,29109677.410778243,156939.73112518815,-2.1925644874572754,-3441.0048113618077,582190107.2107534
CRSP,8,0.46218079326769324,59.2217136549034,1133939.5459406904,1343076.861833415,volume,29109505.360537674,1343076.861833415,-16.428606033325195,-220648.80635535912,581969458.4043981
NUGS,10,0.4620555569465525,0.35409565968878787,472283.9035672285,3344.6736078806734,volume,29098472.920219906,3344.6736078806734,-98.12206268310548,-3281.86273406996,581966176.5416641
AMPY,10,0.4620173393977414,7.666795777575243,444455.73004694836,68151.02628886132,volume,29098308.827083208,68151.02628886132,-15.415170669555664,-10505.59701548172,581955670.9446486
FERL,11,0.46199177421238485,3.327463655291226,7946.844889779559,528.8567508995658,volume,29097783.547232434,528.8567508995658,-90.0,-475.9710758096092,581955194.9735729
VATE,10,0.46195381472213665,38.39439535066105,30293.98625834315,23262.385703006403,volume,29097759.748678643,23262.385703006403,-64.39198303222656,-14979.11145477098,581940215.8621181
CHRS,9,0.46194088455350957,14.824043515362021,1240456.4250392464,367771.600473844,volume,29097010.793105908,367771.600473844,-87.99652862548828,-323626.2416873825,581616589.6204307
MRMD,9,0.46189783259380124,0.7607836147681936,470029.12034496275,7151.809064447101,volume,29080829.48102154,7151.809064447101,-70.60774993896484,-5049.7314603370305,581611539.8889704
LIVE,9,0.46177306378951005,18.28990541482056,27465.274794198354,10046.745563558861,volume,29080576.99444852,10046.745563558861,-37.75407791137695,-3793.05614762382,581607746.8328228
ETEK,10,0.46173154603205663,0.0005853743652461038,29224816.114464916,342.1491636487802,volume,29080387.341641143,342.1491636487802,-54.00000762939453,-184.7605744742509,581607562.0722483
IPDN,9,0.4617043356638331,9.60997710040811,115285.74245393963,22157.866899718134,volume,29080378.10361242,22157.866899718134,-73.31428527832031,-16244.881750449862,581591317.1904979
IRVRF,10,0.46168363559662406,1.0213570199200481,26904.15587967183,549.5749694545212,volume,29079565.859524895,549.5749694545212,-68.24927520751953,-375.0809333746576,581590942.1095645
EU,9,0.4616360812913835,1.4388542918592715,235464.42185663924,6775.979879371749,volume,29079547.105478227,6775.979879371749,61.6292839050293,4175.987877205677,581595118.0974418
IBIDF,10,0.4615686634719435,28.603495264258797,1831.3599686643165,1047.6659238168584,volume,29079755.90487209,1047.6659238168584,-28.48450469970703,-298.4224493068421,581594819.6749924
AUNXF,10,0.46154797581604917,0.053241883758854455,3249494.874021909,3460.184567153358,volume,29079740.983749624,3460.184567153358,-18.965511322021484,-656.2416958463101,581594163.4332967
SCNA,11,0.46133081767907796,0.04249196781169653,1582808.1912975304,1345.1326943340855,volume,29079708.171664834,1345.1326943340855,127.45098876953124,1714.384919191028,581595877.8182158
KEY,10,0.461306254059313,16.477971382395328,11877129.542924343,3914220.0142661883,volume,29079793.890910793,3914220.0142661883,48.35667419433594,1892786.6195481902,583488664.437764
EOSS,10,0.4612462962287359,1432.9533768704493,1268.1781437125749,36344.803070124646,volume,29174433.221888203,36344.803070124646,-99.79199981689452,-36269.20581318946,583452395.2319509
DMZPY,10,0.46100753549704193,22.155343190720092,731.5555555555555,324.15728792822466,volume,29172619.761597544,324.15728792822466,-41.58422470092773,-134.79829499650623,583452260.4336559
SBMSF,10,0.46096819243408976,0.3419221126667899,27550.51320457233,188.40259359923326,volume,29172613.021682795,188.40259359923326,-30.83333969116211,-58.09081167141123,583452202.3428441
CPS,8,0.46085857492486654,50.778837144608225,181098.6628817541,183919.59019157797,volume,29172610.117142208,183919.59019157797,-17.76813316345215,-32679.07769891505,583419523.2651452
REZZF,11,0.4608327022264169,0.12367060750556165,115912.27810335642,286.698837007914,volume,29170976.16325726,286.698837007914,-22.792037963867188,-65.34450777280946,583419457.9206374
CRS,8,0.46076988572329247,48.21276820704819,418449.9733750979,403492.63145158166,volume,29170972.89603187,403492.63145158166,132.3033905029297,533834.431839933,583953292.3524773
STKL,8,0.46062774954646624,7.086490202604556,676462.7690196078,95874.93570168398,volume,29197664.617623866,95874.93570168398,-27.798768997192383,-26652.051901917854,583926640.3005754
TGOPF,9,0.4604960455716045,15.603366007380226,3139.6590819929384,979.7849958946244,volume,29196332.01502877,979.7849958946244,252.97789001464844,2478.6394092943306,583929118.9399847
DSCR,11,0.4604731388749406,0.0007296671882084284,19563837.442051683,285.5018051381725,volume,29196455.946999237,285.5018051381725,7.275958523678128e-06,2.0772992926205778e-05,583929118.9400054
LNTH,8,0.4604632161188288,33.09519873463459,621904.8271966528,411641.2770020361,volume,29196455.947000273,411641.2770020361,153.15142822265625,630434.494882599,584559553.4348881
INVU,11,0.460297528942356,0.13385347336388664,762017.9976479812,2039.9751150195257,volume,29227977.671744406,2039.9751150195257,-9.41279125213623,-192.0185991723139,584559361.4162889
TWOUQ,10,0.4602734935791717,903.9515297162259,114201.66339741075,2064655.3664845396,volume,29227968.070814446,2064655.3664845396,-99.7869873046875,-2060257.3884394767,582499104.0278494
ARREF,9,0.46013464546361993,0.6734859143006316,76064.87989045383,1024.5725035838007,volume,29124955.20139247,1024.5725035838007,83.94883728027344,860.1167038519885,582499964.1445533
BTZI,11,0.4601015450436803,0.08477451095108067,1580229.5352112676,2679.2637207597745,volume,29124998.207227666,2679.2637207597745,180.933837890625,4847.694677181818,582504811.8392305
FNMA,8,0.46007267812346325,1.8234116719999922,4640537.672933803,169232.21114366356,volume,29125240.59196153,169232.21114366356,-18.61521339416504,-31502.937236056918,582473308.9019946
FPOCF,9,0.4599865209640068,0.20677559663601072,36972.65139052096,152.90084100980405,volume,29123665.44509973,152.90084100980405,-30.476184844970703,-46.59834293566266,582473262.3036517
USAP,8,0.4598340230406958,15.77930899100721,46670.778563015316,14728.652715933884,volume,29123663.115182586,14728.652715933884,115.47938537597656,17008.55763052253,582490270.8612822
VLPNF,10,0.4597695792693868,34.282713633317215,150.89089481946624,103.45898673941498,volume,29124513.543064114,103.45898673941498,-38.05076599121094,-39.36693694109275,582490231.4943453
BTE,8,0.459769473216561,4.069078638648296,2908191.2034428795,236673.17406068605,volume,29124511.57471727,236673.17406068605,14.87461757659912,35204.22954792584,582525435.7238932
BWVI,10,0.4597167182737516,0.15499876436431076,41911.44427062965,129.92444149342532,volume,29126271.78619466,129.92444149342532,-99.92314910888672,-129.82459340236366,582525305.8992997
RITM,9,0.4595969527881864,12.751074090839507,4149504.3735789885,1058212.7541553653,volume,29126265.294964988,1058212.7541553653,53.59398651123047,567138.400722147,583092444.3000219
EVOK,11,0.4595872698500474,299.35449253742337,16413.476302389347,98268.95738553574,volume,29154622.215001095,98268.95738553574,-19.79054069519043,-19447.958002123793,583072996.3420198
DNTUF,10,0.4594924514438385,38.897909696430865,277.71949286846274,216.05415509072077,volume,29153649.81710099,216.05415509072077,-19.36261367797852,-41.83373138543682,583072954.5082884
MRRTY,9,0.45940943539224116,2.2112387289771003,33930.684045472364,1500.5768532406778,volume,29153647.72541442,1500.5768532406778,23.33498191833496,350.1593373744319,583073304.6676257
GSIT,11,0.45938310249175296,5.4152892682713025,207310.79937304076,22452.958940831457,volume,29153665.233381286,22452.958940831457,-5.252300262451172,-1179.2968213773445,583072125.3708043
SHERF,9,0.4592926577261453,0.5614965886450057,18130.20815366523,203.60100059413787,volume,29153606.26854022,203.60100059413787,-50.51902389526367,-102.85723814114844,583072022.5135663
SATLF,9,0.4592319183255373,22.15923929610898,769.1199524940617,340.8622614945577,volume,29153601.125678316,340.8622614945577,65.16215515136719,222.1131956875426,583072244.6267619
RCRRF,9,0.45906656782553046,35.09459263521618,5471.275894988067,3840.243974589681,volume,29153612.2313381,3840.243974589681,112.47840118408205,4319.44502418652,583076564.0717862
REED,9,0.4589590311917545,109.47022730867518,9045.766550522649,19804.8424093385,volume,29153828.20358931,19804.8424093385,-80.05926513671875,-15855.611294401628,583060708.4604918
KURA,8,0.45895489125470007,15.01477753661295,536810.5160737248,161201.80956322738,volume,29153035.42302459,161201.80956322738,-26.98613929748535,-43502.144878799605,583017206.3156129
CVV,10,0.45893031557505826,6.890808887470487,47876.56108065779,6598.164651922407,volume,29150860.315780647,6598.164651922407,-51.276737213134766,-3383.323549456201,583013822.9920635
AEYE,10,0.4589244813450631,8.484442492139545,50321.69248826291,8539.030120475943,volume,29150691.149603177,8539.030120475943,244.7497100830078,20899.251463765588,583034722.2435273
SD,8,0.45889333087970313,12.146660546903684,453671.2543520309,110211.81453004241,volume,29151736.112176366,110211.81453004241,28.106239318847656,30976.396349458235,583065698.6398767
USPH,9,0.4588822982764496,87.66834309955742,81650.1040439733,143162.58670883227,volume,29153284.93199384,143162.58670883227,5.694482326507568,8152.368198305527,583073851.0080751
PMNXF,8,0.4586762797243714,0.7465450412231256,27989.45668365347,417.9078018742194,volume,29153692.55040376,417.9078018742194,7.38832426071167,30.876383513279812,583073881.8844587
HADV,8,0.45866368968404125,0.05825058781069466,289651.62343260186,337.44754650542075,volume,29153694.094222933,337.44754650542075,-91.45417022705078,-308.6098536080738,583073573.274605
PARA,9,0.45865296655553267,39.86393375389252,9308216.779694237,7421242.741452036,volume,29153678.663730253,7421242.741452036,-44.22751235961914,-3282231.050713038,579791342.2238921
BSGM,10,0.4584973982056907,36.07821197379205,60734.17280564264,43823.60721069784,volume,28989567.111194607,43823.60721069784,-83.41834259033203,-36556.926798461376,579754785.2970936
ZEUS,8,0.45841385941662116,25.700924632967713,101003.23949744798,51917.532920189966,volume,28987739.264854684,51917.532920189966,147.79820251464844,76733.18044599163,579831518.4775395
BA,9,0.4583133360622565,216.36394365516628,8519245.434663536,28991575.92387698,capital,28991575.92387698,36865150.78420148,15.676718711853027,4544927.8077195,584376446.285259
CASI,9,0.4582726190187002,17.835375221868823,55065.035602503915,19642.11143152446,volume,29218822.314262953,19642.11143152446,149.09165954589844,29284.749903114447,584405731.0351622
CONNQ,11,0.45825493109286747,16.475079434811732,557842.9659491194,183810.1435232544,volume,29220286.55175811,183810.1435232544,-99.99725341796876,-183805.09502688082,584221925.9401354
COPAF,9,0.45819338320226216,0.552692077295474,13791.111589663273,152.44476225409363,volume,29211096.29700677,152.44476225409363,-67.20315551757812,-102.44769065602078,584221823.4924448
LWLG,10,0.4581454007844466,2.9239675028447496,356404.46530772245,20842.30148857079,volume,29211091.174622238,20842.30148857079,-66.61973571777344,-13885.08616918742,584207938.4062756
HEPA,8,0.45797105089065177,6463.205247432075,43594.183385579934,5635163.09630393,volume,29210396.920313783,5635163.09630393,-85.73817443847656,-4831485.96540172,579376452.4408739
BBBT,11,0.45783797541725024,0.0203450078546401,3230141.906885759,1314.3452493438585,volume,28968822.622043695,1314.3452493438585,-16.666662216186523,-219.0574830626354,579376233.3833909
XXII,11,0.45780319099099254,358.70690656399256,318789.6650961916,2287041.0922245216,volume,28968811.669169545,2287041.0922245216,3.1830034255981445,72796.59631034374,579449029.9797013
GLBS,9,0.457649961748646,1252.1175090481943,143446.13004308657,3592228.220643058,volume,28972451.498985067,3592228.220643058,43.95450210571289,1578946.0288845655,581027976.0085858
CVU,9,0.4576433670459454,5.841650348486336,64569.48903680501,7543.847562668733,volume,29051398.800429292,7543.847562668733,106.40633392333984,8027.131628201027,581036003.140214
CCLD,11,0.4575562731292729,3.797205873723133,228414.87788649707,17346.766319127175,volume,29051800.1570107,17346.766319127175,56.24481964111328,9756.657429758465,581045759.7976437
BLMN,8,0.4573718996885462,20.55848004299337,1733968.4569640062,712955.1183534906,volume,29052287.989882186,712955.1183534906,19.48189353942871,138897.157141535,581184656.9547852
PTEN,8,0.45731498695096595,13.953514303893774,4386474.4100352805,1224134.6684818259,volume,29059232.847739264,1224134.6684818259,29.03339576721192,355407.86302397616,581540064.8178092
AMYZF,8,0.4569125082875215,0.23499448333301393,175379.99061032865,824.2666056084603,volume,29077003.240890462,824.2666056084603,-55.238311767578125,-455.31095740203494,581539609.5068518
SHOP,8,0.4566304653888322,47.02514201163258,16755930.351966873,15759000.086765338,volume,29076980.47534259,15759000.086765338,-46.79962158203125,-7375152.405718154,574164457.1011337
AQMS,9,0.4565636283064764,3.4847133166694237,661673.4346723044,46114.8445817795,volume,28708222.85505669,46114.8445817795,-76.25205993652344,-35163.518930133134,574129293.5822036
BIOF,11,0.45646093722183123,0.1929633805460146,166077.21087636932,640.9364008471515,volume,28706464.679110184,640.9364008471515,39.14045333862305,250.8654129038293,574129544.4476165
FMCCP,8,0.45634528586700573,8.80365061946724,4154.330591461026,731.4655016997514,volume,28706477.222380824,731.4655016997514,-24.39478874206543,-178.43946386074336,574129366.0081526
VYST,10,0.45633298166085146,3.8097121688261697,37510.12367491166,2858.055492369711,volume,28706468.300407633,2858.055492369711,7283.3330078125,208161.69905736123,574337527.70721
FMCCO,8,0.4561183343048133,8.697716417846799,4220.213474343909,734.124400452386,volume,28716876.385360498,734.124400452386,-30.779890060424805,-225.96268336599712,574337301.7445265
IFMK,10,0.45602669489653463,3.669306032409216,227586.2697022767,16701.673446241493,volume,28716865.087226328,16701.673446241493,-74.0,-12359.238350218706,574324942.5061762
SWSDF,9,0.4560101663773107,431.1111211380304,18.390588235294118,158.5677422501104,volume,28716247.12530881,158.5677422501104,74.33682250976562,117.8742211142072,574325060.3803973
ESPR,9,0.4557773397582429,28.73384004831314,1642047.704269487,943646.7217235847,volume,28716253.01901987,943646.7217235847,-78.42024230957031,-740010.0457219518,573585050.3346754
FMCCG,8,0.455757059813718,8.024351748026822,3632.072463768116,582.9005404719554,volume,28679252.516733773,582.9005404719554,-13.763260841369627,-80.22612183090855,573584970.1085536
AMMJ,10,0.45573333765526297,0.283026929022637,306235.34233176836,1733.4569699671267,volume,28679248.505427685,1733.4569699671267,-98.45579528808594,-1706.6888457578916,573583263.4197079
SAH,8,0.45568068738903905,33.8245393699966,301356.72402979224,203865.04752717816,volume,28679163.170985397,203865.04752717816,6.690607070922852,13639.809284993615,573596903.2289928
TRVG,10,0.455622060838387,20.37355802308709,167208.84970238095,68132.78402770213,volume,28679845.16144964,68132.78402770213,-62.58013916015625,-42637.5910582247,573554265.6379346
EXMT,10,0.455404899352656,0.0012312299316733796,8119739.585193889,199.9453282936782,volume,28677713.28189673,199.9453282936782,-46.47887420654297,-92.93233761947805,573554172.705597
BOOM,9,0.4553677418924928,26.276314549416256,154297.00312989045,81087.13176546532,volume,28677708.635279853,81087.13176546532,-25.63197326660156,-20784.231936778055,573533388.4736602
ANIOY,8,0.45529699338355095,5.705947934834983,3674.2973395931144,419.3069863364201,volume,28676669.423683014,419.3069863364201,-14.478641510009766,-60.7099553780759,573533327.7637049
IWGFF,10,0.4551166863877229,3.308918921969088,11459.033736153071,758.3402711407807,volume,28676666.388185248,758.3402711407807,3.40948748588562,25.855516644975996,573533353.6192216
GPRK,8,0.45497558825535767,10.633593258439186,202450.07170846395,43055.43435379304,volume,28676667.68096108,43055.43435379304,-21.02570533752441,-9052.708759019783,573524300.9104625
SIPC,11,0.4548787799829132,0.010864288543680618,1214849.0725205801,263.96941721772725,volume,28676215.045523126,263.96941721772725,-58.649784088134766,-154.8174932569047,573524146.0929693
QXO,9,0.45485128214779097,32.68015685734773,125679.54762838103,82144.54660511995,volume,28676207.304648466,82144.54660511995,-51.77981948852539,-42534.29795179872,573481611.7950175
AUPH,10,0.45479404992594813,8.240210877711037,1868478.4467918624,307933.12844045856,volume,28674080.589750875,307933.12844045856,-10.53273868560791,-32433.791745050872,573449178.0032724
CLLXF,8,0.4547928336274028,1.8933124106636996,12866.52936570086,487.20719460500754,volume,28672458.90016362,487.20719460500754,-28.52612495422364,-138.98133311899198,573449039.0219393
QUIK,9,0.4542111756800509,12.619427671529694,67297.40846726774,16985.09557268151,volume,28672451.951096967,16985.09557268151,23.58413887023925,4005.788527104066,573453044.8104664
MYTAY,10,0.45409637335212283,7.659212077378946,3993.6624852998825,611.7661588076816,volume,28672652.240523323,611.7661588076816,167.1223602294922,1022.3980436847008,573454067.20851
PBT,9,0.453866603110726,9.772880912995348,139983.06624853,27360.756725656443,volume,28672703.360425502,27360.756725656443,-34.850685119628906,-9535.411172806214,573444531.7973372
BNET,8,0.45386489805811303,0.8784242172278056,9904.823943661971,174.01274438980988,volume,28672226.58986686,174.01274438980988,-14.69115161895752,-25.564476114615967,573444506.232861
JELD,9,0.45361560288918745,21.47967318232303,712641.6495726496,306146.1945786418,volume,28672225.311643053,306146.1945786418,74.3564453125,227639.42774816763,573672145.6606092
PGNN,10,0.4535213745875253,8.933653478760759,2193.487259898079,391.9171018001176,volume,28683607.283030465,391.9171018001176,6.216222286224365,24.362438225623546,573672170.0230476
ICLTF,8,0.4534604639725201,5.404829780182868,3178.353448275862,343.5691873837658,volume,28683608.50115238,343.5691873837658,-49.88569641113281,-171.3918817804614,573671998.6311657
CVGI,8,0.453417298709081,6.686750198493455,228155.74588880187,30512.409582187367,volume,28683599.93155829,30512.409582187367,-12.232093811035156,-3732.306564100439,573668266.3246017
SAVE,8,0.45330145640133346,34.65393883537201,3822893.760663507,2649566.531123169,volume,28683413.316230085,2649566.531123169,-34.56795883178711,-915901.067699467,572752365.2569022
TIGCF,10,0.4532879315432369,1.4754619465102492,4110.745782659867,121.3049794818425,volume,28637618.262845114,121.3049794818425,3.8848936557769775,4.712569452031663,572752369.9694717
TMMI,9,0.45320499442451834,0.03092872844137677,172842.71075353218,106.9161052793486,volume,28637618.498473585,106.9161052793486,-62.90523910522461,-67.25583166796791,572752302.71364
OUKPY,8,0.45318701749216117,3.876714988298764,9047.43786750294,701.4867597330091,volume,28637615.135682,701.4867597330091,-7.982745170593262,-55.99790043493793,572752246.7157395
QMCQF,11,0.45315903586903633,0.14289898485396532,65944.89651117209,188.46917535492582,volume,28637612.335786976,188.46917535492582,-42.319942474365234,-79.76004659211515,572752166.9556929
CYD,9,0.45315116620768897,13.95558143072793,45927.06695379796,12818.778454964424,volume,28637608.347784646,12818.778454964424,67.21001434326172,8615.502838212531,572760782.458531
LGO,8,0.45290810320000074,8.143392789275074,48105.240297922384,7834.797339368918,volume,28638039.12292655,7834.797339368918,-76.207275390625,-5970.6855847102315,572754811.7729464
VERI,10,0.45284642922295276,11.345783722176682,638654.1362212944,144920.63405680744,volume,28637740.58864732,144920.63405680744,-40.969120025634766,-59372.70850864437,572695439.0644377
AIOT,9,0.45277253743772566,5.242496090688989,166567.56729264476,17464.596407345307,volume,28634771.953221887,17464.596407345307,63.53410339355469,11095.974738709805,572706535.0391765
CTARF,11,0.4526409666244165,45.10288997382334,580.5639921722113,523.7022772341377,volume,28635326.751958825,523.7022772341377,21.29506492614746,111.52273995672239,572706646.5619165
CESDF,9,0.4526288650790162,3.0594951069634955,19765.10567514677,1209.4248820345592,volume,28635332.328095824,1209.4248820345592,210.31044006347656,2543.5467916440634,572709190.1087081
MOGLF,10,0.45262150046705524,0.23002077041683777,95316.84594276754,438.49708674916855,volume,28635459.505435407,438.49708674916855,248.6714324951172,1090.4169870685141,572710280.5256952
EMOR,9,0.4524887505733281,0.5728423253114546,10959.859436178544,125.56542729014411,volume,28635514.02628476,125.56542729014411,-86.70988464355469,-108.87763715547051,572710171.648058
EDXC,10,0.45245197814435995,0.06770839465015087,531055.8610023493,719.1387963604546,volume,28635508.582402904,719.1387963604546,-74.1012191772461,-532.89061567967,572709638.7574424
CKPT,11,0.45241432727446407,28.49850619868664,163036.14739454095,92925.73314266627,volume,28635481.93787212,92925.73314266627,113.43748474121094,105412.61435437045,572815051.3717967
BCHEY,8,0.4523329172518568,19.510813830604015,1250.8607198748043,488.10621266985254,volume,28640752.568589836,488.10621266985254,8.69565486907959,42.44403164830601,572815093.8158284
BRN,9,0.45214724372833415,2.004996909257112,135712.96087636932,5442.0813420650375,volume,28640754.690791424,5442.0813420650375,-22.48870658874512,-1223.853705337849,572813869.962123
SOS,10,0.4520744335292931,610.8429524921121,174666.261682243,2133873.0997348237,volume,28640693.49810615,2133873.0997348237,51.336307525634766,1095451.656686664,573909321.6188097
HSDT,10,0.4519756238822269,6852.116883919507,95061.32601880877,13027426.340425126,volume,28695466.080940485,13027426.340425126,-94.79701232910156,-12349610.954097431,561559710.6647123
RGP,8,0.45184102227895157,15.111340630806833,202649.43041944335,61246.091434143935,volume,28077985.533235617,61246.091434143935,-20.208152770996094,-12376.70372327576,561547333.960989
DTRK,8,0.4516787711862838,5.00987862351007,1335.121378230227,133.77592105173835,volume,28077366.698049452,133.77592105173835,-98.09791564941406,-131.23139019256104,561547202.7295988
AEXAF,8,0.4514409463188001,68.64150506003345,31817.525430359936,43680.056656515895,volume,28077360.13647994,43680.056656515895,-84.19686889648438,-36777.24003699679,561510425.4895618
RDBBF,11,0.45136111278466073,1.1639867531157941,6917.0318725099605,161.0266694096266,volume,28075521.274478093,161.0266694096266,-32.76286697387695,-52.75695349114058,561510372.7326083
MMATQ,11,0.45123843293986804,185.9234943941261,68813.82320658566,255882.12946376027,volume,28075518.636630416,255882.12946376027,-99.9959945678711,-255871.8802787346,561254500.8523295
CTRYY,9,0.4512002124166388,20.47163314732604,1800.8699090549624,737.334962484632,volume,28062725.042616475,737.334962484632,-43.51531219482422,-320.85361084677766,561254179.9987186
WYNMF,10,0.45118278842265863,1.6846405183702626,19728.55751864939,664.7105472983011,volume,28062708.999935932,664.7105472983011,-28.648679733276367,-190.4307958487988,561253989.5679227
OI,8,0.45112593001447016,16.964747151502298,1560291.7989023912,529399.1170188347,volume,28062699.478396136,529399.1170188347,32.68281173706055,173022.5167529266,561427012.0846757
BPIRY,11,0.4509836614204989,29.09016526095058,16976.19629963899,9876.807117176719,volume,28071350.604233786,9876.807117176719,-0.8867892622947693,-87.58646497268869,561426924.4982107
BZUN,9,0.45096600145023136,21.430869563519337,1136206.312215321,486997.7854866774,volume,28071346.224910535,486997.7854866774,-43.76028060913086,-213111.5974892232,561213812.9007214
MRVGF,11,0.4507797769548951,1.6265822375969827,6691.686128526646,217.69155592471125,volume,28060690.64503607,217.69155592471125,-4.514488697052002,-9.827660686657728,561213803.0730608
LLFLQ,8,0.450756328421215,16.162149269805635,1060505.1128526647,342800.8387063368,volume,28060690.15365304,342800.8387063368,-80.2190170288086,-274991.463176735,560938811.609884
PRPO,11,0.4507426715625493,121.09081290682875,45513.5908607864,110225.55431282872,volume,28046940.580494203,110225.55431282872,-5.818171977996826,-6413.112313620673,560932398.4975704
CBTC,10,0.4506079842367076,0.0017765753482767172,17109188.89589041,607.915264428973,volume,28046619.924878523,607.915264428973,-26.815649032592773,-163.01642372483172,560932235.4811466
HALB,9,0.4505341254103636,0.007783150494986877,2531264.1912225704,394.0242028571301,volume,28046611.77405733,394.0242028571301,-46.37385177612305,-182.72419979501592,560932052.7569468
RDNT,8,0.4505053178179654,19.661183851646562,304656.0976087809,119797.99093222844,volume,28046602.63784734,119797.99093222844,20.620588302612305,24703.050504935647,560956755.8074517
RSCF,9,0.45047259454976407,0.10084429623355397,87830.14660917288,177.1433864578381,volume,28047837.790372588,177.1433864578381,-14.285722732543944,-25.306213028405544,560956730.5012387
RVYL,11,0.4504341996173911,17.377346483645184,26942.567620540965,9363.806654023603,volume,28047836.525061935,9363.806654023603,5.173903465270996,484.4743169538033,560957214.9755557
MESO,11,0.45038187123616674,13.59928651278461,151642.53469227755,41244.60553610325,volume,28047860.748777784,41244.60553610325,60.743446350097656,25053.394836132284,560982268.3703918
AFMJF,8,0.45022466794837696,0.3814417060715305,116189.49100156495,886.3903535043936,volume,28049113.418519594,886.3903535043936,-17.70270538330078,-156.91507282688113,560982111.4553189
TPB,8,0.4500624551677651,29.074281257437693,140988.6297833103,81982.8615284144,volume,28049105.572765946,81982.8615284144,-33.8471565246582,-27748.867464916213,560954362.587854
LRAXF,9,0.4498657337290463,0.5082593879358341,14172.761662093297,144.0687833547199,volume,28047718.129392702,144.0687833547199,83.9999771118164,121.01774504323707,560954483.605599
TUPBQ,11,0.4496609596535803,30.14955543979792,1709064.1102825745,1030550.4628626677,volume,28047724.180279955,1030550.4628626677,-99.66096496582033,-1027056.5357486625,559927427.0698504
CTRYF,8,0.4495477473728059,0.8301409531746442,6409.796397807361,106.42068982662408,volume,27996371.353492524,106.42068982662408,-88.26879119873047,-93.93625649531141,559927333.1335939
CLPXY,10,0.4494759690234149,9.978139851367745,9615.566953797965,1918.9094363037243,volume,27996366.656679697,1918.9094363037243,-6.911196708679199,-132.61960580435755,559927200.513988
MOGLF,9,0.4494511386411102,0.23002077041683777,95316.84594276754,438.49708674916855,volume,27996360.025699403,438.49708674916855,349.1227722167969,1530.89318534859,559928731.4071734
INGN,8,0.44943552468316855,56.47291654383421,272301.08232065855,307552.7259338056,volume,27996436.57035867,307552.7259338056,-82.77245330810547,-254568.93647136478,559674162.470702
DXC,9,0.4493649404031299,39.82359732252224,2584864.3848864525,2058771.9679409445,volume,27983708.123535104,2058771.9679409445,-24.354957580566406,-501413.03947260923,559172749.4312295
BCDA,8,0.4492131218906413,176.46582786503345,42116.54186228482,148642.6085308086,volume,27958637.471561477,148642.6085308086,-71.59300231933594,-106417.70617298323,559066331.7250565
TBPMQ,10,0.4490481321197005,0.21602098475343187,126106.26677128286,544.8319986302301,volume,27953316.586252827,544.8319986302301,-93.92097473144533,-511.71152376232703,559065820.0135328
BRRAY,9,0.4489687483750611,6.8780007990126695,1208.8708920187794,166.29229922416647,volume,27953291.00067664,166.29229922416647,-21.899227142333984,-36.41672832730991,559065783.5968044
INVE,11,0.4489575062995905,7.163120344917899,88389.2873382987,12662.86204811523,volume,27953289.179840222,12662.86204811523,-3.430916309356689,-434.45219924012383,559065349.1446052
HDSN,8,0.4489444325598872,5.080393808096834,484709.42319749214,49250.29504677454,volume,27953267.45723026,49250.29504677454,201.29444885253903,99138.10997265414,559164487.2545778
CPA,8,0.4488469859922755,87.84855915628192,446927.8476898982,785239.3493275157,volume,27958224.36272889,785239.3493275157,19.94502639770508,156616.19550854064,559321103.4500862
AXDX,8,0.448836657502368,127.14072760697076,37890.393974960876,96348.24518582615,volume,27966055.172504313,96348.24518582615,-91.05638122558594,-87731.2254405681,559233372.2246456
TPHS,9,0.4485576231922374,3.8470741330793645,357272.0105965463,27489.038208784597,volume,27961668.61123228,27489.038208784597,-96.2166748046875,-26449.038500282568,559206923.1861453
MTUS,9,0.4485354396434912,14.828573120196442,512062.590748726,151863.1513806942,volume,27960346.159307268,151863.1513806942,-7.711377620697021,-11710.741069656091,559195212.4450756
MVO,9,0.4484752122127241,8.38931399459981,56493.870246961975,9478.896325438878,volume,27959760.622253783,9478.896325438878,-31.258708953857425,-2962.980614406825,559192249.4644612
FMCCT,8,0.4483644999071846,8.938441058770376,5685.251860556208,1016.3457731969257,volume,27959612.47322306,1016.3457731969257,-23.00385284423828,-233.79868605485655,559192015.6657752
CHOOF,9,0.4483417641716383,0.13527411670043557,185736.61731296513,502.5071369187637,volume,27959600.783288762,502.5071369187637,-98.48933410644533,-494.9159329886539,559191520.7498422
CLSK,10,0.4481468826643953,16.37905398197015,6113937.157093765,2002810.1347682378,volume,27959576.03749211,2002810.1347682378,122.38400268554688,2451119.2091211653,561642639.9589633
BLOZF,10,0.4481378115211461,0.5547070420479784,186165.19835680752,2065.3429302555974,volume,28082131.997948166,2065.3429302555974,23.88045120239257,493.21321062175275,561643133.172174
MGM,8,0.4480327983504384,31.383784777694757,8051258.779302235,5053579.454382936,volume,28082156.6586087,5053579.454382936,-6.868938446044922,-347127.26204353664,561296005.9101305
DAIO,8,0.44782243305370595,4.517128038985149,43189.1327329679,3901.8168489508116,volume,28064800.295506526,3901.8168489508116,-32.76548767089844,-1278.449318584016,561294727.4608119
APPS,11,0.44776901637198574,13.695813762376753,1817516.9354460095,497847.4691566856,volume,28064736.373040594,497847.4691566856,-37.07841110229492,-184593.9312762868,561110133.5295355
TCTM,10,0.4476965622066149,29.919407346590962,66024.08748528834,39508.03136318601,volume,28055506.676476777,39508.03136318601,-65.84062957763672,-26012.336583251843,561084121.1929524
AOCIF,9,0.4476877029238476,18.429427855358064,668.5054773082942,246.4034692992983,volume,28054206.05964762,246.4034692992983,-28.68771171569824,-70.68751693006172,561084050.5054355
BPT,8,0.4476306538989403,17.931756505897162,286953.7965571205,102911.71216610073,volume,28054202.525271773,102911.71216610073,-17.6842041015625,-18199.11722386578,561065851.3882116
FSUMF,8,0.44761342226387824,8.515507257643094,9640.64786525656,1641.9001372994728,volume,28053292.56941058,1641.9001372994728,21.29101181030273,349.57715214580753,561066200.9653637
CWGYF,10,0.44755439092091676,0.2242106933522489,75503.73179326547,338.57488112100583,volume,28053310.048268188,338.57488112100583,-50.83657455444336,-172.1198718636981,561066028.8454919
CYH,11,0.44740945532893994,10.329473420849235,2608084.788175411,538802.8499755823,volume,28053301.442274597,538802.8499755823,-6.170091152191162,-33244.62697409723,561032784.2185178
MWSNF,8,0.4473631584709707,0.234288514253323,36827.32261858095,172.56437400470256,volume,28051639.210925892,172.56437400470256,90.07633972167967,155.43967176706576,561032939.6581895
XERI,9,0.4473297502836327,0.05246007075658686,317555.94581861014,333.180147736383,volume,28051646.98290948,333.180147736383,-53.44351959228516,-178.06319753309847,561032761.5949919
FMCC,8,0.44728547627259946,1.7498394047518222,2317769.8245201726,81114.49940180228,volume,28051638.0797496,81114.49940180228,-26.363636016845703,-21384.73137917764,561011376.8636128
PEXNY,8,0.44719689899201387,9.023292832634393,2812.436299490396,507.5487260686497,volume,28050568.84318064,507.5487260686497,287.5036315917969,1459.221019545269,561012836.0846323
MXC,8,0.44709738219951767,7.26714762740395,66341.0239121913,9642.200290460594,volume,28050641.804231614,9642.200290460594,10.926594734191896,1053.564149197703,561013889.6487815
USIO,9,0.4470211023466805,2.5097997255497555,94375.8924224578,4737.291778007957,volume,28050694.48243908,4737.291778007957,-17.838468551635742,-845.0603040191751,561013044.5884776
CBGPY,8,0.4469247701590594,32.532060709730935,2639.383020344288,1717.2913730814676,volume,28050652.22942388,1717.2913730814676,-47.82402038574219,-821.277776345073,561012223.3107013
SPPJY,9,0.4468255033923902,3.857996860843974,4077.65778126225,314.63181839411527,volume,28050611.165535063,314.63181839411527,-0.7484015226364136,-2.3547093195601945,561012220.9559919
DDDX,10,0.44673686529859036,0.05214248223233155,104301.20242756461,108.77047188780207,volume,28050611.047799595,108.77047188780207,-80.81034851074219,-87.89779740931172,561012133.0581944
OLB,10,0.44673048744824273,66.53432579958313,29769.504508036065,39613.8782365966,volume,28050606.652909722,39613.8782365966,-79.61797332763672,-31539.76700845597,560980593.2911859
GHAV,10,0.4466442965912634,0.03883838670311116,385291.05168363353,299.28165717074694,volume,28049029.664559294,299.28165717074694,-78.58866119384766,-235.20144756925097,560980358.0897382
LCTX,9,0.4466046706695827,2.0717795389930393,648498.9502156017,26870.93712230299,volume,28049017.904486913,26870.93712230299,-18.710832595825195,-5027.77606188356,560975330.3136764
CENN,10,0.4465357754670204,170367.1035217183,32781.42309197652,28048766.51568382,capital,28048766.51568382,111697522.03000021,-96.9997787475586,-27207241.461632606,533768088.85204375
FMCKI,8,0.4464479456376365,4.675174397421518,29225.458496476116,2732.682306312606,volume,26688404.442602187,2732.682306312606,-22.1733455657959,-605.9270909940553,533767482.9249528
SIGA,8,0.4463559709435224,5.399049393467602,773266.1548412387,83498.04328569231,volume,26688374.14624764,83498.04328569231,-25.790563583374023,-21534.61594446964,533745948.30900836
ASRMF,8,0.44629949766752397,18.72006340168638,281.1439749608764,105.2606607253947,volume,26687297.41545042,105.2606607253947,21.79803466796875,22.9447553166545,533745971.2537637
ENRT,11,0.4459896864449189,0.03697163275522872,318764.1111981206,235.70459309527607,volume,26687298.562688187,235.70459309527607,-41.537208557128906,-97.90510841271688,533745873.3486552
TSAT,8,0.44598950157761175,32.11547880850183,90302.12990580848,58001.92278705142,volume,26687293.667432763,58001.92278705142,-65.41815185546875,-37943.78592792503,533707929.5627273
ADNT,8,0.44595474924737993,38.3394415055507,1198112.1083050023,918698.9818690333,volume,26685396.478136364,918698.9818690333,-27.99225425720215,-257164.55486310727,533450765.0078642
XCRT,9,0.44578045873227384,0.027268712262670143,423518.56380054966,230.97611708352994,volume,26672538.25039321,230.97611708352994,-66.15250396728516,-152.79648501716335,533450612.2113792
MINM,8,0.4457756700854429,34.27149157349337,191919.41709133674,131547.29371271015,volume,26672530.61056896,131547.29371271015,-88.73881530761719,-116733.51000989058,533333878.7013692
XBOTF,8,0.44566245362924223,0.24435268909844826,47299.85630153121,231.1569416249867,volume,26666693.935068462,231.1569416249867,-94.62777709960938,-218.73867547116657,533333659.96269375
CJJD,11,0.44516082040511457,288.63235142091895,12260.247063429913,70774.07877838385,volume,26666682.998134688,70774.07877838385,-31.927520751953125,-22596.408688972155,533311063.5540048
IPA,9,0.4451568723724513,3.2493845103476495,110008.70678165425,7149.211756393675,volume,26665553.17770024,7149.211756393675,-86.60147094726562,-6191.322542171767,533304872.2314626
ASML,8,0.44514726006088196,383.35638062980064,968091.06885759,7422477.765545616,volume,26665243.61157313,7422477.765545616,-10.784754753112791,-800496.0236184209,532504376.2078442
IPMLF,8,0.44513697052844703,2.992064719945952,6968.744805958448,417.0187095242974,volume,26625218.810392212,417.0187095242974,-39.63374328613281,-165.2801247880039,532504210.9277194
EGYF,8,0.4451001156626786,0.04590905260223291,167199.29248238058,153.5192222725947,volume,26625210.546385974,153.5192222725947,52.20858383178711,80.1502118580952,532504291.0779313
HGHAF,9,0.4450480485758383,1.988024255675395,6649.759012539185,264.39764422647926,volume,26625214.553896565,264.39764422647926,-15.782846450805664,-41.72947420781267,532504249.3484571
PNBK,8,0.44488319986363034,12.27407995269421,5266.54331634653,1292.8394747832926,volume,26625212.467422858,1292.8394747832926,-70.64703369140625,-913.3527393259524,532503335.99571776
SIVBQ,9,0.44487009032165054,233.5612855824914,604548.5008203445,2823982.500971351,volume,26625166.79978589,2823982.500971351,-99.99625396728516,-2823876.713663003,529679459.2820547
ACAN,10,0.44484186877900717,1.0879874412438224,29654.42097026604,645.272751860138,volume,26483972.964102738,645.272751860138,-90.37139129638672,-583.1419635124878,529678876.1400912
CDMO,9,0.44475108674982305,9.461945201832721,520013.043444227,98406.69842615069,volume,26483943.80700456,98406.69842615069,-36.31143569946289,-35732.885022976065,529643143.25506824
KPTI,10,0.4443848338191618,10.571790317047908,1280538.723245786,270751.7375002939,volume,26482157.162753414,270751.7375002939,-59.37988662719727,-160772.07476884127,529482371.1802994
NEWP,8,0.4442709438456718,1.978000785853175,94588.45746765974,3741.920864073412,volume,26474118.559014972,3741.920864073412,-41.61774444580078,-1557.3030625741728,529480813.87723684
RMNI,8,0.44420953275454533,6.221121108557369,216200.92153518123,26900.24233304143,volume,26474040.693861842,26900.24233304143,-44.88372421264648,-12073.830581295893,529468740.04665554
CALA,9,0.44417112187003516,95.07397771964366,40623.82675009777,77245.3759865092,volume,26473437.002332777,77245.3759865092,-99.66803741455078,-76988.95023924441,529391751.0964163
AXTI,8,0.44413427624021523,5.248200310041461,385396.4882629108,40452.75938380597,volume,26469587.554820817,40452.75938380597,-74.41887664794922,-30104.489106526267,529361646.60730976
COHU,9,0.4440224603615278,23.185978869301504,284952.22866092407,132137.92704985113,volume,26468082.33036549,132137.92704985113,-8.305831909179688,-10975.154109035113,529350671.4532007
CHRS,8,0.4438392729962834,14.824043515362021,1240456.4250392464,367771.600473844,volume,26467533.572660036,367771.600473844,-86.89442443847656,-319573.01547992026,529031098.4377208
OBNNF,10,0.443766512192387,2.4977961399982616,153965.3823109843,7691.482752594665,volume,26451554.92188604,7691.482752594665,59.35711288452149,4565.442099951116,529035663.8798207
CNX,9,0.4435423498692221,15.540243412240372,4299465.152310102,1336294.7001868824,volume,26451783.193991035,1336294.7001868824,79.53909301757812,1062876.684570611,530098540.5643913
RZLT,8,0.4434179307267849,25.514988628942234,59690.375931007446,30459.985262738843,volume,26504927.028219566,30459.985262738843,-81.85894775390625,-24934.223422072933,530073606.3409692
FATE,11,0.44312257466125204,19.132124949566204,1056730.5393654525,404350.0143432465,volume,26503680.31704846,404350.0143432465,-47.32369613647461,-191353.37211558947,529882252.9688536
QRTEA,11,0.4427037734147334,13.919649238237817,4069311.6409251275,1132867.8136551147,volume,26494112.648442682,1132867.8136551147,-51.44762420654297,-582833.5755261629,529299419.3933274
MRUS,10,0.4426493582432106,21.94014468724343,213117.48220064724,93516.56789726453,volume,26464970.969666373,93516.56789726453,68.50617218017578,64064.621020691025,529363484.0143481
OKTA,10,0.4426063183465583,113.75718820709542,2117420.7020618557,4817436.506361013,volume,26468174.200717404,4817436.506361013,14.017566680908203,675287.3745895695,530038771.38893765
ARL,8,0.44252660571062885,12.1928443189518,9620.874021909232,2346.1163832277384,volume,26501938.569446884,2346.1163832277384,31.35224914550781,735.5602537131374,530039506.94919133
NBY,9,0.4425078619408114,3298.427979148939,89080.82281458251,5876533.567544562,volume,26501975.34745957,5876533.567544562,-99.4477767944336,-5844081.985501681,524195424.9636896
IDWM,9,0.44244829140513964,18.20799437396485,10008.851880877743,3644.822374737389,volume,26209771.248184483,3644.822374737389,-76.76348876953125,-2797.892814300898,524192627.0708753
DSWL,8,0.4424094802741301,2.6575572849160167,15521.309710258418,824.9753938386993,volume,26209631.353543766,824.9753938386993,-32.166751861572266,-265.36778785512297,524192361.70308745
CPHI,11,0.4422331781702636,13.874844518390221,72323.4228660924,20069.524946096404,volume,26209618.085154373,20069.524946096404,-42.7623405456543,-8582.198603344787,524183779.5044841
ALRN,11,0.4421953990911071,39.93828842605737,39355.2039298991,31435.589712372333,volume,26209188.975224208,31435.589712372333,-46.44174575805664,-14599.236651765768,524169180.26783234
GRVY,8,0.441913363171255,46.79833858219621,43475.28526645768,40691.422397145056,volume,26208459.013391618,40691.422397145056,6.818999290466309,2774.74780454197,524171955.01563686
TPIC,11,0.4418766505482923,20.179365564259,679800.4922133081,274358.852862711,volume,26208597.750781845,274358.852862711,-67.10772705078125,-184115.99011876265,523987839.0255181
WYNN,9,0.4418081562866767,106.87855520499282,2959077.7008244996,6325238.9880686905,volume,26199391.951275907,6325238.9880686905,46.24819946289063,2925309.143706533,526913148.1692246
DMAN,11,0.4415935773572332,0.02536602234170668,2716334.790524667,1378.0521796800767,volume,26345657.40846123,1378.0521796800767,-37.59397888183594,-518.0646454096079,526912630.1045792
OVID,10,0.4413177380406952,4.2047293573105975,504471.1561686621,42423.29360517586,volume,26345631.505228963,42423.29360517586,-68.4502944946289,-29038.869407063947,526883591.23517215
THO,9,0.44125200762325933,88.24666932331623,728812.8925068654,1286306.2064724595,volume,26344179.561758608,1286306.2064724595,40.00077819824219,514532.4926012717,527398123.7277734
BLOZF,9,0.4411498902829733,0.5547070420479784,186165.19835680752,2065.3429302555974,volume,26369906.18638867,2065.3429302555974,8.050029754638672,166.2607204209018,527398289.98849386
CTSO,8,0.4411080718391187,5.590542447011547,204081.6413469068,22818.541572113387,volume,26369914.499424696,22818.541572113387,-67.61724853515625,-15429.269966913858,527382860.71852696
ACAN,8,0.4410442854576905,1.0879874412438224,29654.42097026604,645.272751860138,volume,26369143.03592635,645.272751860138,-70.99762725830078,-458.12834316504086,527382402.5901838
CWGL,8,0.44101810988792334,7.815544244546674,18318.974158183242,2863.455060959766,volume,26369120.129509192,2863.455060959766,-28.995155334472656,-830.2632428581028,527381572.32694095
MKSI,9,0.44094163814216153,93.37371428103505,512359.0709525676,956817.3900084323,volume,26369078.61634705,956817.3900084323,37.93758010864258,362993.3638278721,527744565.69076884
KELTF,8,0.44091928984627765,4.139466481622833,7029.852214817719,581.9967522799997,volume,26387228.284538444,581.9967522799997,23.303022384643555,135.62283346170682,527744701.3136023
TBIIF,9,0.4408254230986897,4.116512893368063,2510.5606986899566,206.6951097148068,volume,26387235.065680116,206.6951097148068,-85.20803833007812,-176.12084831218962,527744525.19275403
DBMM,11,0.4406630651078961,0.010049702646495526,3663905.3107632096,736.4231779617209,volume,26387226.259637702,736.4231779617209,-87.61062622070312,-645.1849578466666,527743880.00779617
EFRTF,9,0.44059651990852516,6.371939985237869,1015.6741176470588,129.43629044412972,volume,26387194.00038981,129.43629044412972,5.924259185791016,7.668141326383494,527743887.6759375
CELJF,10,0.44039754407789655,5.462052839656166,21496.03444227006,2348.2495193349587,volume,26387194.383796874,2348.2495193349587,58.54787063598633,1374.8500907904024,527745262.5260283
SCPX,8,0.4403365936399028,59.12908754412853,772758.125445192,913849.6569977083,volume,26387263.126301415,913849.6569977083,-90.14959716796876,-823831.7845042982,526921430.741524
SGLY,9,0.4401733001340179,50.24564041926879,40902.91062328499,41103.85878558134,volume,26346071.5370762,41103.85878558134,-93.00045013427734,-38226.77369314835,526883203.96783084
WIX,8,0.4401687603097565,110.90992344787742,646097.6533176285,1433172.8253862285,volume,26344160.19839154,1433172.8253862285,-32.45419692993164,-465124.7310971119,526418079.23673373
NWVCF,8,0.4401100723803002,0.7537694621651558,30580.384947079576,461.011206287272,volume,26320903.96183669,461.011206287272,-64.83515930175781,-298.89734999530816,526417780.3393838
ACFN,8,0.44008126769097355,1.46583137550451,46819.103286384976,1372.5782114033884,volume,26320889.01696919,1372.5782114033884,1060.774169921875,14559.955128542812,526432340.2945123
TOBAF,10,0.4400724660930355,9.394136176302771,4381.2967032967035,823.1699571911126,volume,26321617.014725614,823.1699571911126,-87.4234390258789,-719.6434856043259,526431620.65102667
TBTC,9,0.4400362049444045,2.7287720671444604,1879.7775598273834,102.58968995403877,volume,26321581.032551333,102.58968995403877,-0.1270677149295807,-0.13035837477793866,526431620.52066827
MRNS,11,0.43998254813424276,14.65992131488714,421898.9388475108,123700.10492677779,volume,26321581.026033416,123700.10492677779,-80.03697967529297,-99005.82783856122,526332614.6928297
MLXEF,8,0.43994720364052253,0.30532856745793624,46447.20031360251,283.6331426836812,volume,26316630.73464149,283.6331426836812,-49.02729797363281,-139.0576660155075,526332475.63516366
CENX,9,0.4397259767775027,11.617581207551602,1839792.261448141,427478.7200479757,volume,26316623.781758185,427478.7200479757,152.76780700683594,653049.866038184,526985525.50120187
GFF,9,0.43968629177592244,26.821429680713337,273370.7873090482,146643.90697141757,volume,26349276.275060095,146643.90697141757,128.2847900390625,188121.82816336118,527173647.32936525
CILJF,10,0.43957907324100715,2.372893696990719,9343.875489428348,443.44046508661194,volume,26358682.366468266,443.44046508661194,14.475242614746094,64.18908317324554,527173711.5184484
EGFEF,11,0.43930714225778855,1.0408092367215465,36336.99769053118,756.397656620687,volume,26358685.575922422,756.397656620687,-9.719228744506836,-73.51601846505393,527173638.00242996
RCL,9,0.4392470363774917,95.21545670725045,3782631.564876519,7203299.840099585,volume,26358681.9001215,7203299.840099585,297.08563232421875,21399968.87816929,548573606.8805993
WEGZY,9,0.43919950296092497,4.7818543233261135,19026.28936003141,1819.6188806623966,volume,27428680.344029963,1819.6188806623966,55.36919784545898,1007.5083780672884,548574614.3889774
LDSCY,10,0.43917965668938813,9.838567856658372,1403.6226321036888,276.19273022187144,volume,27428730.719448872,276.19273022187144,-15.073126792907717,-41.63088041913623,548574572.758097
LEMIF,10,0.4391776132181036,0.24736460219442208,67908.32340258722,335.96230808342307,volume,27428728.637904853,335.96230808342307,-39.696414947509766,-133.36499188402678,548574439.3931051
QBAK,11,0.43917447179681174,4.726134055925322,13291.411603292827,1256.3398605928644,volume,27428721.96965526,1256.3398605928644,-42.1420783996582,-529.4477290172015,548573909.9453762
OLLI,9,0.4391451916864886,62.132007583624585,984943.9002525252,1223930.8375986936,volume,27428695.49726881,1223930.8375986936,82.4326400756836,1008918.5021330306,549582828.4475092
EDIT,11,0.43912425020179696,23.035198929057252,1322511.1233795262,609286.1362587673,volume,27479141.42237546,609286.1362587673,-69.53590393066406,-423672.6223717514,549159155.8251375
BITCF,11,0.4391202086380367,0.11040406880622156,145710.1975743349,321.73997357530016,volume,27457957.791256875,321.73997357530016,-18.33332633972168,-58.98563932089407,549159096.8394982
WSTL,11,0.43898032160519207,2.7494929092421874,39722.14057885411,2184.3148772296145,volume,27457954.84197491,2184.3148772296145,4.890149116516113,106.81625467077401,549159203.6557528
SUMCF,8,0.4389274860086237,15.188741204691869,967.8874509803921,294.0198401642013,volume,27457960.182787642,294.0198401642013,-30.713436126708984,-90.30359580868381,549159113.352157
RAFA,11,0.43888861686217584,0.3830986671571947,50734.125049000395,388.72351371316995,volume,27457955.66760785,388.72351371316995,-31.5913314819336,-122.80293376534713,549158990.5492232
BLFE,11,0.43886921402864915,0.2740654484567967,2353787.942488263,12901.838960604931,volume,27457949.52746116,12901.838960604931,0.0,0.0,549158990.5492232
LNNGY,8,0.43884867076420075,85.23229205304621,4295.324186593492,7322.006510684994,volume,27457949.52746116,7322.006510684994,-75.45415496826172,-5524.758139358469,549153465.7910838
GGB,8,0.4386379118651745,3.160525925081009,11564055.32980807,730969.9333785925,volume,27457673.289554194,730969.9333785925,0.0228834245353937,167.27095308110782,549153633.0620369
GGGOF,9,0.43857776719862257,0.35844547176041225,15329.908734821778,109.89872736994514,volume,27457681.653101847,109.89872736994514,-26.142791748046875,-28.730595430078548,549153604.3314414
LUNMF,9,0.43855800201134354,6.3664366955011324,75900.11838494708,9664.265977576146,volume,27457680.216572072,9664.265977576146,112.93843841552734,10914.671079397598,549164519.0025208
GHAV,11,0.43840443821921005,0.03883838670311116,385291.05168363353,299.28165717074694,volume,27458225.95012604,299.28165717074694,-50.00000762939453,-149.64085141875185,549164369.3616693
SUUIF,8,0.4383227420774634,8.831143928415635,5704.452941176471,1007.536899128066,volume,27458218.468083467,1007.536899128066,-29.886642456054688,-301.11895065522543,549164068.2427187
ASCCY,8,0.4382529861377227,5.8107470552314,15270.063286163522,1774.609505465436,volume,27458203.412135936,1774.609505465436,47.89645385742188,849.9750229346753,549164918.2177417
DKS,9,0.4381575065254125,77.89395844646982,2107968.86844166,3283960.7888969337,volume,27458245.91088709,3283960.7888969337,91.57574462890624,3007311.5457536704,552172229.7634954
HTLZF,9,0.43802548634238037,0.8425197395297183,6866.249408983452,115.6990132720564,volume,27608611.488174774,115.6990132720564,33.80385208129883,39.110723306008246,552172268.8742188
SMID,9,0.43799595961966237,13.014210099661785,13444.022736181889,3499.26672946602,volume,27608613.44371094,3499.26672946602,48.71385955810547,1704.6278801555875,552173973.5020989
DMEHF,8,0.4379776874243512,0.6752372748213372,25761.722787783867,347.9055097985184,volume,27608698.675104946,347.9055097985184,-83.76931762695312,-291.4380715447914,552173682.0640273
RYES,9,0.4379272789638621,1.1923245767891548,13780.922383379067,328.62664897053276,volume,27608684.103201367,328.62664897053276,-47.386756896972656,-155.72551124633404,552173526.338516
CTRYF,10,0.43785030251436624,0.8301409531746442,6409.796397807361,106.42068982662408,volume,27608676.3169258,106.42068982662408,-4.761890888214111,-5.067637132028614,552173521.2708789
JSCPY,10,0.4378015777025739,21.392052767049833,1173.0390282755875,501.87425581360463,volume,27608676.063543946,501.87425581360463,-11.236055374145508,-56.3908692917973,552173464.8800097
CLABF,10,0.43774398951598786,14.994966411237531,7735.387447698745,2319.837499123022,volume,27608673.244000483,2319.837499123022,-81.30818939208984,-1886.2178673756675,552171578.6621423
PROBF,8,0.4377056731928875,1.068540963506007,48099.11524892199,1027.9174990373915,volume,27608578.933107115,1027.9174990373915,-30.38599395751953,-312.34294914578766,552171266.3191931
SJT,8,0.4377012255799406,6.5988945513321156,283107.16346530773,37363.886368686195,volume,27608563.31595966,37363.886368686195,-0.5996123552322388,-224.0384790615767,552171042.2807142
UNPRF,11,0.4376785420538779,442.064417772857,23.396915167095116,206.8588736204566,volume,27608552.11403571,206.8588736204566,-18.989681243896484,-39.28184072523938,552171002.9988735
CLFD,8,0.4376164535489048,28.719252182341407,111779.68010963195,64204.57643859943,volume,27608550.149943676,64204.57643859943,-65.81194305419922,-42254.27928396087,552128748.7195896
GEBRF,10,0.4375210686240936,0.881001056654578,12031.806110458285,212.00067793553512,volume,27606437.43597948,212.00067793553512,-25.16490173339844,-53.34976227661593,552128695.3698273
PYRGF,10,0.4375187563430014,1.108458879834201,72596.44453155625,1609.403471707891,volume,27606434.768491365,1609.403471707891,-40.31594467163086,-648.8462131970596,552128046.523614
BESIY,8,0.4374497363249504,53.77825305346219,945.633020344288,1017.0898372756975,volume,27606402.326180704,1017.0898372756975,69.70918273925781,709.0050132889359,552128755.5286273
ADAP,11,0.4373661262801535,5.1716828141999,785708.7389690721,81268.7276458605,volume,27606437.776431367,81268.7276458605,-45.39892959594727,-36895.13244746635,552091860.3961798
IBP,9,0.43728926156814996,84.19486569199816,214328.95768025078,360907.95611589344,volume,27604593.019808993,360907.95611589344,189.779525756836,684929.4075354323,552776789.8037152
ARQ,9,0.4371827844726243,7.945942890756007,140936.8356807512,22397.52095046225,volume,27638839.490185764,22397.52095046225,100.0356903076172,22405.5146945881,552799195.3184098
MDGL,10,0.437166792080991,114.44506272948148,202675.98667189336,463905.3201684877,volume,27639959.76592049,463905.3201684877,57.61685180664063,267287.64084459934,553066482.9592544
MSB,9,0.43709369193156966,20.736225007235515,60734.354762838106,25188.024920629538,volume,27653324.14796272,25188.024920629538,14.047758102416992,3538.3528116265475,553070021.3120661
ATUSF,8,0.4369177707601224,11.380903744921438,32605.69248826291,7421.644954908564,volume,27653501.065603305,7421.644954908564,5.637640953063965,418.4056953689308,553070439.7177614
ACGX,10,0.4368961395692795,2.12995743934584,8453.56103286385,360.11450421824924,volume,27653521.98588807,360.11450421824924,-80.32035827636719,-289.24525999326124,553070150.4725014
TSE,11,0.43688249085584163,38.99729196308546,467067.6346153846,364287.45827207755,volume,27653507.523625072,364287.45827207755,67.5120620727539,245937.9749519025,553316088.4474533
LUNA,8,0.4368786120349942,4.645123793325532,167386.90670325363,15550.658060368889,volume,27665804.422372665,15550.658060368889,-25.47687530517578,-3961.8217631744487,553312126.6256901
JUVF,11,0.43686930748562924,17.28134411830528,975.7674509803921,337.2514619966747,volume,27665606.331284508,337.2514619966747,16.182132720947266,54.57447918363693,553312181.2001693
PSMMF,11,0.4364703016216756,27.08371387468231,910.8616228929832,493.3903114772467,volume,27665609.060008466,493.3903114772467,2.310009002685547,11.397360613502661,553312192.5975299
CDMO,11,0.4363320387571265,9.461945201832721,520013.043444227,98406.69842615069,volume,27665609.629876494,98406.69842615069,35.98808670043945,35414.6879486431,553347607.2854786
ARQ,10,0.4362329879025266,7.945942890756007,140936.8356807512,22397.52095046225,volume,27667380.36427393,22397.52095046225,185.85321044921875,41626.51174747047,553389233.7972261
ACU,8,0.43619554004256106,26.268630644152047,9983.371674491393,5244.9900620100825,volume,27669461.689861305,5244.9900620100825,15.963059425354004,837.2608804525813,553390071.0581065
MFBP,10,0.4361553164559939,7.535839217597363,1498.6470588235295,225.87126558438595,volume,27669503.55290533,225.87126558438595,2.797166109085083,6.317994491088003,553390077.3761011
MONRF,9,0.43614800178495655,41.7423248967672,998.232849862799,833.3711988319758,volume,27669503.86880506,833.3711988319758,33.01532745361328,275.1402301984794,553390352.5163314
AMKBF,10,0.43614595061069183,1796.68445650438,47.901408450704224,1721.2743201609567,volume,27669517.625816572,1721.2743201609567,-18.036027908325195,-310.44951676306493,553390042.0668147
GSVRF,9,0.436140155226712,0.17228100251100426,119772.25431034483,412.68968091178317,volume,27669502.103340734,412.68968091178317,-41.28468704223633,-170.3776432200334,553389871.6891714
FURY,8,0.43597602643683836,1.5820040994539384,127676.7990599295,4039.7043903593044,volume,27669493.584458575,4039.7043903593044,-25.71164321899414,-1038.6743799512267,553388833.0147915
SBCF,10,0.4359704398953504,24.948392795142546,300694.4198353587,150036.8499472006,volume,27669441.650739577,150036.8499472006,16.345924377441406,24524.910030664647,553413357.9248221
PUTKY,8,0.4359479702046284,34.25940019913348,4226.892983143865,2896.2163661686973,volume,27670667.896241106,2896.2163661686973,-6.7408552169799805,-195.22975201391066,553413162.69507
FORM,8,0.4358528871744971,24.136073248646934,499046.25577751664,240900.33967818267,volume,27670658.134753503,240900.33967818267,-15.282431602478027,-36815.42964145551,553376347.2654285
TGTX,10,0.43583296631885554,15.133956444782573,2055849.0984699882,622262.6142658064,volume,27668817.36327143,622262.6142658064,125.21656799316406,779175.8894881837,554155523.1549168
TGIFF,11,0.4356615578946783,0.14469685010246786,198307.5682352941,573.8896095025453,volume,27707776.15774584,573.8896095025453,-60.133182525634766,-345.09808637781816,554155178.0568304
PRTG,9,0.4356286635228726,251.27945965152307,62049.28341826735,311834.2081821286,volume,27707758.902841523,311834.2081821286,-94.59197235107422,-294970.1279848303,553860207.9288456
AUNXF,9,0.43556561675001326,0.053241883758854455,3249494.874021909,3460.184567153358,volume,27693010.396442283,3460.184567153358,-83.59172821044922,-2892.428078954744,553857315.5007668
UNPRF,10,0.43550646480288746,442.064417772857,23.396915167095116,206.8588736204566,volume,27692865.77503834,206.8588736204566,-67.2846450805664,-139.18425893318164,553857176.3165078
CKPT,9,0.4354912134525391,28.49850619868664,163036.14739454095,92925.73314266627,volume,27692858.81582539,92925.73314266627,-77.05461883544922,-71603.5694731282,553785572.7470348
BOREF,9,0.43548957953005074,5.538681924090967,922.2366979655712,102.159514575105,volume,27689278.63735174,102.159514575105,-63.96036148071289,-65.34159480917873,553785507.40544
ENLC,9,0.4354335250740734,13.183700084429564,1860104.1272513703,490461.0987898334,volume,27689275.370272,490461.0987898334,47.95814514160156,235216.04562072214,554020723.4510608
EBS,10,0.4351032222183976,40.158586564153644,874060.9831636648,702021.0730945455,volume,27701036.17255304,702021.0730945455,19.22864532470703,134989.14225005245,554155712.5933108
HGHAF,10,0.43510142180497285,1.988024255675395,6649.759012539185,264.39764422647926,volume,27707785.629665542,264.39764422647926,-18.245582580566406,-48.24089051841444,554155664.3524202
XXII,9,0.4350928247975571,358.70690656399256,318789.6650961916,2287041.0922245216,volume,27707783.217621014,2287041.0922245216,-99.90550231933594,-2284879.8914365354,551870784.4609838
ANPDF,9,0.4349674863149837,8.117017211302159,2684.010563380282,435.723198765491,volume,27593539.22304919,435.723198765491,-4.851147651672363,-21.137575724703822,551870763.323408
FSUGY,8,0.4349333276500271,17.03940070072343,49733.566392479435,16948.603320749786,volume,27593538.166170403,16948.603320749786,21.88528060913086,3709.2493960745614,551874472.5728041
VLTLF,8,0.4348596449796778,1.1715350933839368,23507.097014925374,550.7877819313172,volume,27593723.628640205,550.7877819313172,-16.568828582763672,-91.25908344300613,551874381.3137206
BOSSY,11,0.43479149012940993,13.378026602973401,4037.116588419405,1080.1730623836006,volume,27593719.065686032,1080.1730623836006,-19.2718563079834,-208.16940046011138,551874173.1443201
HCSG,8,0.4347043530575236,28.32266851951336,633931.4651253918,359092.61501671834,volume,27593708.65721601,359092.61501671834,-42.30035400390625,-151897.44735395606,551722275.6969662
PRDSY,9,0.4344158301702171,9.814476676755492,14291.109368874952,2805.195191715702,volume,27586113.78484831,2805.195191715702,48.2300033569336,1352.945735133023,551723628.6427013
TEO,10,0.43438869109569145,13.574711660816886,203351.3852491173,55208.7284116892,volume,27586181.432135064,55208.7284116892,119.02243041992188,65710.7703595264,551789339.4130608
GRST,11,0.4343669899769918,0.02733961969257682,11656959.049392395,6373.936543646598,volume,27589466.970653042,6373.936543646598,29.577468872070312,1885.2490971225868,551791224.6621579
MDXG,10,0.4343009203076685,7.443263423111055,1096010.588396707,163157.9104791127,volume,27589561.233107895,163157.9104791127,22.273317337036133,36340.6791614901,551827565.3413194
SURRY,11,0.43423282424033094,7.578897086826025,3621.6250980392156,548.9584781021085,volume,27591378.267065972,548.9584781021085,70.21052551269531,385.4266323219848,551827950.7679517
VYX,9,0.43415580429983147,18.474291992973804,2228696.1358460933,823471.6635446628,volume,27591397.538397588,823471.6635446628,14.93187141418457,122959.72993273563,551950910.4978845
MTR,9,0.43415543134270174,11.657247010140923,16278.01097608781,3795.135895640815,volume,27597545.524894226,3795.135895640815,-66.83216094970703,-2536.371330034775,551948374.1265545
UEC,9,0.43410460946151386,2.4903434071941315,3976192.9481946626,198041.7178853675,volume,27597418.706327725,198041.7178853675,61.46858978271485,121733.45116559799,552070107.57772
NERV,8,0.43408420973868883,37.43633462690176,230098.52802822422,172280.9098484427,volume,27603505.378886003,172280.9098484427,-11.392220497131348,-19626.62112439867,552050480.9565957
WW,10,0.4340458401104047,22.400064707129996,2541425.3702394976,1138561.854834131,volume,27602524.047829784,1138561.854834131,-85.60034942626953,-974612.9261722317,551075868.0304235
PZG,9,0.4340365455634812,0.9762129749594972,164081.9443307409,3203.5784602450235,volume,27553793.401521176,3203.5784602450235,41.68572998046875,1335.435066650199,551077203.4654902
GWLLY,10,0.4340310234757754,14.30639225132413,10593.755094043887,3031.1683157971,volume,27553860.173274513,3031.1683157971,34.145790100097656,1035.016370692743,551078238.481861
BABA,8,0.4335992886015994,136.21279340245542,18818728.043035995,27553911.924093053,capital,27553911.924093053,51267030.30046112,-38.81059646606445,-10693837.56747457,540384400.9143864
MPU,11,0.43357339969357644,2.205000393557016,906295.2583300667,39967.62802593309,volume,27019220.04571932,39967.62802593309,-0.6111131906509399,-244.24744685677896,540384156.6669396
IFSPF,8,0.43353891540779305,15.356451802679738,5974.7315830721,1835.0135517879023,volume,27019207.83334698,1835.0135517879023,-47.847957611083984,-878.0165064171222,540383278.6504332
LQMT,9,0.4334380467037262,0.1265687181134987,1041863.2410819286,2637.3458974662954,volume,27019163.93252166,2637.3458974662954,-35.526309967041016,-936.9516784369158,540382341.6987548
MRVSY,9,0.43333903813603364,10.01786869355437,5198.020384163074,1041.4617134992943,volume,27019117.08493774,1041.4617134992943,-49.78666687011719,-518.5090738797079,540381823.1896808
TMSNY,9,0.43324440786646706,114.46107372892624,10848.495044598612,24834.607822953854,volume,27019091.159484044,24834.607822953854,15.082504272460938,3745.680785945933,540385568.8704668
CREX,9,0.43304336226003337,11.359113967642713,95311.16014095537,21653.00660858715,volume,27019278.443523344,21653.00660858715,143.67259216308594,31109.435875801464,540416678.3063426
TOWTF,8,0.4328282394853089,0.136898243920203,44869.09262166405,122.84999972397493,volume,27020833.915317133,122.84999972397493,-99.98068237304688,-122.82626801931633,540416555.4800746
GPLDF,8,0.43277073779215436,6.386010433043824,155824.15869905957,19901.894063449417,volume,27020827.774003733,19901.894063449417,-99.99958038330078,-19901.810551778464,540396653.6695229
DDDX,11,0.43272922900525174,0.05214248223233155,104301.20242756461,108.77047188780207,volume,27019832.683476146,108.77047188780207,-44.35000228881836,-48.23970677179875,540396605.429816
ALKM,9,0.43254929607451903,0.003103149454614207,25935601.03521127,1609.64092415015,volume,27019830.2714908,1609.64092415015,-74.68354034423828,-1202.1368289850473,540395403.2929871
CJEWY,8,0.43252246224309,12.322005655771134,3588.826938136257,884.4309165859752,volume,27019770.164649356,884.4309165859752,-23.61542320251465,-208.86210388565738,540395194.4308833
MX,9,0.43234336516504684,10.464934850944719,405407.27165817324,84851.2137200406,volume,27019759.721544165,84851.2137200406,-55.00339126586914,-46671.04507627277,540348523.3858069
TELL,11,0.4323250735368499,4.642508966771421,8925104.704044854,828697.5723580407,volume,27017426.16929035,828697.5723580407,96.72711181640624,801575.227434606,541150098.6132416
STOHF,8,0.43232240629657903,22.419113735872156,76774.40980392158,34424.284507971526,volume,27057504.93066208,34424.284507971526,14.502090454101562,4992.240877523302,541155090.8541191
PLBC,9,0.4322816600853317,24.656503336983818,7980.773030184241,3935.5591370089637,volume,27057754.542705953,3935.5591370089637,42.33568572998047,1666.1459479616465,541156757.000067
TDOC,10,0.4319191797625497,62.95640132014702,2771598.435693339,3489797.268316031,volume,27057837.85000335,3489797.268316031,-62.39175033569336,-2177345.598869585,538979411.4011974
ABR,10,0.43187445053120205,11.589728089938514,1589637.960485133,368469.4344693424,volume,26948970.570059873,368469.4344693424,-14.501778602600098,-53434.62160499669,538925976.7795924
CLABF,9,0.4318575623815854,14.994966411237531,7735.387447698745,2319.837499123022,volume,26946298.83897962,2319.837499123022,-84.40086364746094,-1957.9628844774895,538924018.8167078
ACAD,11,0.43173468496580103,28.242413927131974,1816055.700312989,1025795.9360593396,volume,26946200.940835394,1025795.9360593396,15.851911544799805,162608.26441427766,539086627.0811222
ICL,9,0.4317296114913208,5.653509018469753,442792.28095611284,50066.60307388353,volume,26954331.35405611,50066.60307388353,-51.75221633911133,-25910.576736440365,539060716.5043857
DFS,9,0.4315236326900915,83.85405626498635,2500849.5152701642,4194127.519274564,volume,26953035.82521929,4194127.519274564,49.39086532592773,2071515.8746425735,541132232.3790282
ATKR,9,0.43132342883336466,65.15409451756398,447303.78258845437,582873.4585766409,volume,27056611.61895141,582873.4585766409,-2.596396207809448,-15133.704374811678,541117098.6746533
CLF,8,0.4312986356082259,11.393474949507763,12640637.781910729,2880415.7982800254,volume,27055854.933732666,2880415.7982800254,-13.84466552734375,-398783.93306863797,540718314.7415847
BHR,8,0.43100943857563384,8.171929694910379,365642.9190140845,59760.16455249815,volume,27035915.737079233,59760.16455249815,-53.46415710449219,-31950.268262250658,540686364.4733225
REEMF,10,0.43100565823229464,0.5267096429724453,156482.99607996864,1648.4220599307766,volume,27034318.223666128,1648.4220599307766,-45.931034088134766,-757.1372982631383,540685607.3360243
CWH,9,0.4304710560091933,26.262250233966558,1165847.192251816,612355.4139496902,volume,27034280.366801217,612355.4139496902,-9.631475448608398,-58978.861352788736,540626628.4746715
EVSV,11,0.4301918035072075,0.28522233211311976,28531.135241081927,162.7543386259241,volume,27031331.423733577,162.7543386259241,46.37377548217773,75.47533158188931,540626703.950003
AKO-B,8,0.43013789498912397,18.288094674291,22158.713223787166,8104.812905941672,volume,27031335.197500154,8104.812905941672,16.1336669921875,1307.6035245844641,540628011.5535276
CNK,8,0.43010912449973776,27.87877837026502,2380803.8108848864,1327478.035734842,volume,27031400.577676382,1327478.035734842,-12.042320251464844,-159859.15633104462,540468152.3971965
JROOF,9,0.4301019977771826,0.33797691113624745,18231.521364170912,123.23666551953978,volume,27023407.61985983,123.23666551953978,-65.59104919433594,-80.83222190638057,540468071.5649747
SYRS,11,0.43007054107827963,67.17246011675326,321372.45688847237,431747.5708592783,volume,27023403.578248736,431747.5708592783,-95.81554412841795,-413681.2842800444,540054390.2806946
WGO,9,0.43006366149484865,45.86635257330042,565726.2638398116,518956.00554505544,volume,27002719.514034733,518956.00554505544,3.094595193862915,16059.587605860248,540070449.8683006
SPWRQ,11,0.42986347533262015,11.481639898214675,4779234.778605016,1097469.0543393306,volume,27003522.493415028,1097469.0543393306,-99.99668884277344,-1097432.7154134286,538973017.1528872
CFRHF,9,0.42977203991469326,98.31268975206343,2507.409945184025,4930.204320442309,volume,26948650.857644364,4930.204320442309,41.36012649536133,2039.1387434147082,538975056.2916306
GGII,11,0.4296929807141036,0.0017236961656341265,19758300.676194206,681.1461423000425,volume,26948752.814581532,681.1461423000425,-36.60856246948242,-249.35781101238067,538974806.9338197
THMO,11,0.42955590054963577,1196.1348697990313,48674.42357563851,1164423.5061237854,volume,26948740.346690983,1164423.5061237854,-99.91519165039062,-1163435.977765778,537811370.9560539
VRNS,9,0.42954324487847967,27.02117852674169,973323.4593639576,526006.9391947861,volume,26890568.547802694,526006.9391947861,121.27325439453124,637905.7335025802,538449276.6895565
LVVV,9,0.4293660530902623,0.009350827149015424,2508004.815758526,469.03839042112503,volume,26922463.834477827,469.03839042112503,-80.05464935302734,-375.48703878271505,538448901.2025177
DIMC,10,0.4293141617792604,35.58137820638897,740.7924823805795,527.1683497606626,volume,26922445.060125887,527.1683497606626,22.129085540771484,116.65753506241045,538449017.8600528
GPLDF,10,0.4291173649711816,6.386010433043824,155824.15869905957,19901.894063449417,volume,26922450.893002644,19901.894063449417,-99.3390655517578,-19770.35558973141,538429247.5044631
LPSN,11,0.42911711317324636,20.123078627230747,961190.0501764014,386842.0591082318,volume,26921462.375223156,386842.0591082318,20.53067207336425,79421.27459736097,538508668.7790604
TWOUQ,8,0.4290675390403634,903.9515297162259,114201.66339741075,2064655.3664845396,volume,26925433.43895302,2064655.3664845396,-95.03451538085938,-1962135.2218234884,536546533.5572369
TTFNF,8,0.4290636109764052,52.999321088686095,25530.927394034537,27062.436372967364,volume,26827326.677861847,27062.436372967364,29.55191802978516,7997.469013802081,536554531.02625066
VIRX,9,0.42890905188233364,84.53099167877592,177523.55594817433,300124.8446128367,volume,26827726.551312536,300124.8446128367,-94.24110412597656,-282840.9673195088,536271690.0589312
THCBF,9,0.4289019728803903,0.21965820303993502,43322.73009023146,190.3238608480873,volume,26813584.50294656,190.3238608480873,-2.0391902923583984,-3.8810656944559025,536271686.1778655
TBPH,8,0.4288272445025632,18.561455476700253,402469.2907022362,149408.31640217375,volume,26813584.30889328,149408.31640217375,-1.60066020488739,-2391.519463441834,536269294.658402
DOMH,11,0.4288038260677004,130.59718377845027,76842.58144087705,200708.49460889507,volume,26813464.732920103,200708.49460889507,-26.59018325805664,-53368.75653099194,536215925.901871
MTUAF,8,0.42873237150704946,180.99392331137184,222.14974519796158,804.155078920013,volume,26810796.29509355,804.155078920013,0.9690362215042114,7.792553991800703,536215933.694425
AEXAY,8,0.4286401212321789,13.731899252705754,31614.048293089094,8682.418522617474,volume,26810796.68472125,8682.418522617474,-84.73361206054688,-7356.926828427755,536208576.7675966
KOREF,8,0.4281487190366936,0.3189010198685508,31906.308114464915,203.4990839588616,volume,26810428.83837983,203.4990839588616,-84.92462158203125,-172.82082697496327,536208403.94676965
AXIM,10,0.42814659241556124,2.006358839792738,205828.7327856025,8259.32595015462,volume,26810420.197338484,8259.32595015462,-93.09210968017578,-7688.7807723611595,536200715.1659973
AGFAF,11,0.42807947156266896,222.31719824732406,1528.192517864649,6794.86957908385,volume,26810035.75829987,6794.86957908385,0.1939161717891693,13.176350965826245,536200728.3423483
MTCH,9,0.4280532675010941,55.67067233331995,2945760.6519012153,3279849.5204875907,volume,26810036.417117417,3279849.5204875907,-19.445262908935547,-637775.3622762738,535562952.98007196
VTNRQ,11,0.427983007974674,2.8581725903686164,1509766.0341578329,86303.43793398893,volume,26778147.6490036,86303.43793398893,-95.24663543701172,-82201.1208985941,535480751.85917336
VTNR,11,0.42789860680911174,2.868121984914544,1513849.1154452325,86838.07859703815,volume,26774037.59295867,86838.07859703815,-94.11390686035156,-81726.70841013537,535399025.1507633
KPTI,11,0.42786216453441345,10.571790317047908,1280538.723245786,270751.7375002939,volume,26769951.257538166,270751.7375002939,-36.75257110595703,-99508.22484540964,535299516.92591786
SYZLF,9,0.42785371846535586,7.334305212796085,730.9195763044331,107.21574517248621,volume,26764975.846295893,107.21574517248621,96.87571716308594,103.86602204759271,535299620.7919399
ECOX,11,0.42784847904875895,0.2322229616077969,4531939.483555208,21048.408173969998,volume,26764981.039596997,21048.408173969998,-16.666662216186523,-3508.0670922397735,535296112.7248477
TKRFF,10,0.42778056647647866,0.19008367995465905,62155.72224401726,236.2957682876492,volume,26764805.636242386,236.2957682876492,-37.94340133666992,-89.65865170295035,535296023.066196
ADTTF,10,0.4277644874352283,13.622082395173015,635.4460093896714,173.12195795179977,volume,26764801.153309803,173.12195795179977,82.48175048828125,142.79402139823065,535296165.8602174
FFXXF,10,0.42773719944561633,5.931308129112128,3710.832487309645,440.2018179550615,volume,26764808.29301087,440.2018179550615,-5.788931846618652,-25.48298322899482,535296140.37723416
HSTXF,9,0.42773183408728965,0.5689648121776392,32445.210815047023,369.20366554894275,volume,26764807.01886171,369.20366554894275,88.30155181884766,326.0125660517847,535296466.3898002
WEBC,9,0.4276877078940501,116.01824088034837,166.23478602277189,385.72534894966236,volume,26764823.31949001,385.72534894966236,0.4848503470420837,1.870190693011726,535296468.2599909
DTGI,11,0.4276496595085224,0.18297173061022295,194497.19146436962,711.749754421272,volume,26764823.412999544,711.749754421272,-52.4311408996582,-373.1785165935883,535296095.08147424
AKBA,11,0.4276438323255399,6.231492170892038,2119833.4237089204,264194.50766874803,volume,26764804.754073713,264194.50766874803,61.91088104248047,163565.14736356554,535459660.22883785
SPR,8,0.4275609487710174,50.36757350220301,2006814.8706389652,2021567.9100444422,volume,26772983.011441894,2021567.9100444422,-34.8448486328125,-704412.2782644969,534755247.9505734
LNC,10,0.42751473447682287,51.53782833702001,1918339.336730694,1977340.8685715867,volume,26737762.39752867,1977340.8685715867,17.394287109375,343944.3478103512,535099192.2983838
BEPTF,8,0.4274995047266291,0.9646550439974418,6598.161580594679,127.29899699661583,volume,26754959.61491919,127.29899699661583,13.09388256072998,16.66838116772406,535099208.9667649
PURE,11,0.42746212801494404,0.5812493129346779,49449.45511564092,574.8492362192096,volume,26754960.448338248,574.8492362192096,-24.18605613708496,-139.03335897558216,535099069.933406
PTAIF,9,0.4274395813629382,0.4576689135684821,24317.01293610349,222.58281783394418,volume,26754953.496670302,222.58281783394418,-24.49663734436035,-54.52530567563954,535099015.4081003
BCUCF,9,0.4274091442429329,44.79440149604248,203.59428794992175,182.3976855345936,volume,26754950.770405017,182.3976855345936,85.18518829345703,155.37581186555119,535099170.7839122
NTES,8,0.42708325356272847,67.9096636800194,3712678.209721678,5042534.571486714,volume,26754958.539195612,5042534.571486714,7.374790191650391,371876.34498858225,535471047.12890077
GBMID,11,0.4270593883338397,2.216950978906706,2722.261425959781,120.70240266243003,volume,26773552.35644504,120.70240266243003,-66.97225952148438,-80.83712635974972,535470966.2917744
AKRBF,8,0.42698605335884027,22.75129696162467,453.5078247261346,206.3578238952944,volume,26773548.31458872,206.3578238952944,-13.13882064819336,-27.112984375117428,535470939.17879003
KDSKF,11,0.426982569574699,102.86026550195547,890.2266560255387,1831.379003914098,volume,26773546.958939504,1831.379003914098,-27.71428871154785,-507.55366454742233,535470431.62512547
RMTO,9,0.42671434659952096,1.8233790659144526,23038.66366130929,840.1643405335075,volume,26773521.581256274,840.1643405335075,-82.76643371582031,-695.3740620116242,535469736.2510634
AREN,9,0.4266735462540893,12.38478551396928,60142.84937402191,14897.12579392446,volume,26773486.81255317,14897.12579392446,-93.72896575927734,-13962.92193450393,535455773.3291289
UNVC,11,0.42663963770340607,0.014028374558648088,2440275.121319199,684.6618685603224,volume,26772788.666456446,684.6618685603224,-42.04765319824219,-287.8842480728491,535455485.44488084
SNOA,10,0.42637641837257073,410.469118079126,35086.19129753038,288035.95997305604,volume,26772774.272244044,288035.95997305604,-87.25517272949219,-251326.27439754104,535204159.1704833
NAK,9,0.4263258718454391,0.6456124255384758,4077081.205801646,52644.285727898685,volume,26760207.958524168,52644.285727898685,42.01681137084961,22119.450231822295,535226278.6207151
AMS,8,0.426314223491098,2.6646480420385728,71442.64358372457,3807.3900068686257,volume,26761313.931035757,3807.3900068686257,2.5305652618408203,96.34848889661627,535226374.969204
AHCHY,8,0.4260843317205647,21.754890438536524,29039.468309859156,12635.009029486788,volume,26761318.748460203,12635.009029486788,-56.21381378173828,-7102.620447141521,535219272.34875685
IPI,8,0.42596347194168194,36.97737774144243,147014.65425323404,108724.32807698783,volume,26760963.617437843,108724.32807698783,-54.01016616821289,-58722.190259654075,535160550.1584972
SAH,9,0.42595533168740274,33.8245393699966,301356.72402979224,203865.04752717816,volume,26758027.507924862,203865.04752717816,29.110462188720703,59346.05757641669,535219896.21607363
MTEM,11,0.4259516540233744,142.75238808956814,384080.94315954525,1096569.4371143754,volume,26760994.81080368,1096569.4371143754,-72.14887237548828,-791162.4836922609,534428733.7323814
GELYF,8,0.4258525859100536,1.687536230565425,123019.81981981982,4152.0080604715295,volume,26721436.686619073,4152.0080604715295,-63.10295486450195,-2620.039772369832,534426113.6926091
NEXT,10,0.42583362077069487,6.205996642423064,556563.0254484772,69080.56534460145,volume,26721305.684630454,69080.56534460145,21.76235008239746,15033.554469191506,534441147.2470783
ANAB,9,0.4257517441058995,37.239866831793854,329197.15075376886,245185.16110952638,volume,26722057.362353917,245185.16110952638,29.76666641235352,72983.44900006425,534514130.69607836
ZICX,10,0.42565482606693056,0.010602531362258041,690371.2001569859,146.39364602528332,volume,26725706.53480392,146.39364602528332,-24.99999046325684,-36.5983975451348,534514094.09768087
ALRM,8,0.4256099869090829,51.71175389351731,357749.58308915864,369997.1679242999,volume,26725704.704884045,369997.1679242999,-30.35512351989746,-112313.09734354366,534401781.00033736
FREVS,8,0.425530392989353,18.16493527736791,780.271086700667,283.47147577438284,volume,26720089.05001687,283.47147577438284,-31.052654266357425,-88.02541731596025,534401692.97492003
TNGL,9,0.4254414478931059,0.11872512577510956,111860.54474097332,265.61314487288655,volume,26720084.648746002,265.61314487288655,-58.47473907470703,-155.31659341254397,534401537.6583266
ELEZF,8,0.4251933110691349,21.811511316052993,328.1714956930305,143.15832583829143,volume,26720076.88291633,143.15832583829143,-7.961771488189697,-11.397938769562792,534401526.26038784
UMICF,8,0.4250680982018087,35.80868471899733,873.7828818217511,625.7803145602397,volume,26720076.313019395,625.7803145602397,-36.89488220214844,-230.8809099012344,534401295.3794779
KAYS,10,0.4250081981004641,0.9836476272083775,16292.45472363779,320.5206886061247,volume,26720064.7689739,320.5206886061247,-43.65308380126953,-139.91716479763778,534401155.4623131
GIFLF,11,0.4249503649003925,22.022626363385953,2979.6737171954564,1312.4048191719378,volume,26720057.773115657,1312.4048191719378,-12.828636169433594,-168.36363932168075,534400987.09867376
ADOOY,10,0.42486523235453,6.216756252615665,1848.3305946791863,229.81241562745322,volume,26720049.35493369,229.81241562745322,41.15695190429688,94.58378536989377,534401081.6824592
OBT,9,0.42480784639620106,32.08700898879652,4014.295570364563,2576.1347609994755,volume,26720054.08412296,2576.1347609994755,39.95834732055664,1029.3808752457621,534402111.06333447
KNOS,11,0.42476675155377175,0.015170203827252508,1365020.1458251665,414.15267680947437,volume,26720105.553166725,414.15267680947437,74.32329559326172,307.8119181925115,534402418.87525266
CMT,8,0.42470763391163874,13.808578691682316,39427.64565387627,10888.794952786335,volume,26720120.943762634,10888.794952786335,116.69591522216795,12706.778926819245,534415125.65417945
GNK,9,0.42446735012217224,20.086643165296262,431078.9314531923,173178.57344354963,volume,26720756.282708973,173178.57344354963,36.08922576904297,62498.80635365052,534477624.46053314
RQHTF,10,0.4244602946509332,0.3607249961251256,70897.44278996866,511.4895955138552,volume,26723881.22302666,511.4895955138552,-99.913818359375,-511.04878538881513,534477113.41174775
WVE,8,0.4243564357114459,16.642437835577738,456274.5878761448,151870.42929365183,volume,26723855.67058739,151870.42929365183,51.882362365722656,78793.96645251106,534555907.3782003
JXJT,9,0.42430277845408243,101.75781471992838,57000.60760486084,116005.1453515754,volume,26727795.368910015,116005.1453515754,-76.53453063964844,-88783.99351267017,534467123.3846876
ATEC,8,0.4242868827425534,8.247443276298624,608539.2644757434,100377.8613032836,volume,26723356.16923438,100377.8613032836,8.236488342285156,8267.610844480116,534475390.9955321
PSHIF,9,0.4242768741681079,0.644366913523652,13017.914543316347,167.76626829582835,volume,26723769.549776606,167.76626829582835,-14.832530975341797,-24.883983711153764,534475366.11154836
BDRAF,8,0.42426239077065114,42.57897885048147,982.4440532081377,836.6292912666117,volume,26723768.30557742,836.6292912666117,8.005975723266602,66.98033795254237,534475433.0918863
WYNMF,9,0.4240834611785669,1.6846405183702626,19728.55751864939,664.7105472983011,volume,26723771.654594317,664.7105472983011,29.272424697875977,194.57689441673446,534475627.6687807
XENE,9,0.4240417753951764,18.613129181163565,257828.98351001178,95980.08353439879,volume,26723781.383439034,95980.08353439879,11.082382202148438,10636.879695223413,534486264.54847586
GWLLF,10,0.42403050102029427,1.4327769067407028,17220.885579937305,493.4737434511629,volume,26724313.227423795,493.4737434511629,30.29169464111328,149.481559500297,534486414.0300354
CLCGY,8,0.42402314879900477,27.511628788714308,5587.181284259985,3074.2491493562557,volume,26724320.70150177,3074.2491493562557,-17.67788314819336,-543.4621723075272,534485870.56786305
PLUG,11,0.4238776200497107,8.901775799606979,16063873.98118385,2859940.093072772,volume,26724293.528393153,2859940.093072772,-23.747722625732425,-679170.6405650356,533806699.927298
GELYY,8,0.4235689332375008,33.71291030681325,17685.671367019193,11924.709050241867,volume,26690334.996364903,11924.709050241867,-63.07913589477539,-7522.003426858648,533799177.92387116
CWEGF,9,0.4235329366842678,2.7136506646388576,34959.622649059624,1897.364064742886,volume,26689958.89619356,1897.364064742886,25.132062911987305,476.8467304206217,533799654.7706016
RAFA,9,0.42334939703443636,0.3830986671571947,50734.125049000395,388.72351371316995,volume,26689982.73853008,388.72351371316995,-89.47648620605469,-347.8161411272556,533799306.95446044
CLMB,8,0.4233272921457006,27.8137744807973,12415.872357086922,6906.645474447618,volume,26689965.347723022,6906.645474447618,50.59366226196289,3494.324884973172,533802801.27934545
PLAB,9,0.4233239263474399,13.73631517282424,533602.0678165426,146594.52360797528,volume,26690140.063967273,146594.52360797528,60.03713607788086,88011.1536212413,533890812.4329667
BKFKF,8,0.42322937089547674,53.68757040355724,219.3684429641965,235.5471745191806,volume,26694540.621648338,235.5471745191806,-25.061887741088867,-59.032568455303725,533890753.40039825
FQVTF,8,0.4231841138611917,23.621155225313625,1153.9012289485663,545.1296008734848,volume,26694537.670019913,545.1296008734848,-63.90561294555664,-348.368412785867,533890405.03198546
GPRE,8,0.423014331680304,22.104518022469968,876447.6512539185,387469.0580578743,volume,26694520.251599275,387469.0580578743,-30.05641365051269,-116459.30285761988,533773945.7291279
DKS,8,0.42282559262287855,77.89395844646982,2107968.86844166,3283960.7888969337,volume,26688697.286456395,3283960.7888969337,28.8647689819336,947907.6951723841,534721853.4243003
NXE,9,0.42279421941496426,2.9682971383954255,1493189.959623677,88644.62968463483,volume,26736092.671215016,88644.62968463483,72.56147003173828,64321.84640336168,534786175.2707037
EWBC,10,0.4225676169815946,56.59979045283687,981204.7179788484,1110719.6285787544,volume,26739308.763535187,1110719.6285787544,65.5913314819336,728535.7934159924,535514711.06411964
CRSM,10,0.4225330614487011,0.012150868903954852,673649.8140900196,163.70861156362773,volume,26775735.55320598,163.70861156362773,-38.613868713378906,-63.21422834167465,535514647.8498913
APA,8,0.42235684461662515,37.22532669553921,6362928.293035993,4737241.68897109,volume,26775732.392494567,4737241.68897109,30.56553840637207,1447963.4278451276,536962611.2777364
LPSN,8,0.42234310139045417,20.123078627230747,961190.0501764014,386842.0591082318,volume,26848130.56388682,386842.0591082318,-91.0106201171875,-352067.3568684988,536610543.9208679
NNCSF,8,0.42219521264718285,2.777282626429804,2011.72089376715,111.74234974970686,volume,26830527.1960434,111.74234974970686,-35.72216796875,-39.91678986981838,536610504.00407803
SCBFF,9,0.42206537637401853,8.674451185740102,8145.081536652293,1413.082243871266,volume,26830525.200203903,1413.082243871266,62.350128173828125,881.0585902553408,536611385.0626683
ENG,9,0.4218304918796131,9.92197512820908,50877.771529689344,10096.159673925635,volume,26830569.253133416,10096.159673925635,-84.81111145019531,-8562.665233242746,536602822.39743507
RNG,8,0.42169422915606763,95.09088398213015,1056223.1709133673,2008743.9000912127,volume,26830141.119871754,2008743.9000912127,-83.25594329833984,-1672398.6824688003,534930423.71496624
FUNN,10,0.4215803365832881,0.03563621233905418,720232.6408147278,513.3272664318276,volume,26746521.185748313,513.3272664318276,-72.02413177490234,-369.7195068113636,534930053.9954594
ZVOI,9,0.42155949297034867,4.851236117337981,343562.50098154694,33334.056266492924,volume,26746502.69977297,33334.056266492924,-99.93812561035156,-33313.43102263296,534896740.56443673
TCTM,11,0.4215026598707331,29.919407346590962,66024.08748528834,39508.03136318601,volume,26744837.02822184,39508.03136318601,-47.623573303222656,-18815.136276907087,534877925.42815983
SMMT,10,0.4213375512443588,6.329122810203407,859490.8176661264,108796.45878502118,volume,26743896.27140799,108796.45878502118,830.2098388671875,903238.9051723303,535781164.3333322
SBGOF,9,0.4211039883719693,10.467310733301693,1009.5370442963543,211.34275878857792,volume,26789058.21666661,211.34275878857792,78.11982727050781,165.10059811436304,535781329.43393034
HMMR,10,0.42107488664593173,2.663805926066544,28762.660906118635,1532.3629314232267,volume,26789066.47169652,1532.3629314232267,-94.05066680908205,-1441.1975549387414,535779888.2363754
SECYF,9,0.4209930098573735,6.009893772649746,8137.6072128577025,978.1230982564633,volume,26788994.411818773,978.1230982564633,95.87628173828124,937.7880574315722,535780826.02443284
XBOTF,9,0.42091577077919784,0.24435268909844826,47299.85630153121,231.1569416249867,volume,26789041.301221643,231.1569416249867,-48.797325134277344,-112.79840437519644,535780713.22602844
ATTOF,11,0.42085480055399,26.07865578259939,43460.73630672927,22667.95164403025,volume,26789035.661301423,22667.95164403025,-95.4545440673828,-21637.589891223877,535759075.63613725
PSYTF,8,0.42049561309949984,11.838315399615544,5415.297922383379,1282.1600957611442,volume,26787953.781806864,1282.1600957611442,25.10609245300293,321.9002990373038,535759397.5364363
HSII,9,0.4204859403564761,29.270705316507705,121080.08738244514,70881.9911493711,volume,26787969.876821816,70881.9911493711,36.0941162109375,25584.228258080435,535784981.7646944
ONCY,10,0.4204469606575084,2.828092509907678,332781.5876127009,18822.742307253302,volume,26789249.088234723,18822.742307253302,-66.04925537109375,-12432.281134360637,535772549.48356
LNXSF,10,0.42042338840992005,54.20676262637579,617.1842414739318,669.1111934863444,volume,26788627.474178,669.1111934863444,-18.136661529541016,-121.35443241889057,535772428.1291276
NATR,9,0.42026242536382385,12.443077224042078,35906.067816542534,8935.639493058614,volume,26788621.40645638,8935.639493058614,64.18524932861328,5735.362487725707,535778163.49161536
KXSCF,8,0.42021941226270115,88.9471294496776,1504.1028309741882,2675.712584245753,volume,26788908.174580768,2675.712584245753,-17.072673797607422,-456.8156812698091,535777706.6759341
ORMP,11,0.4201674469627594,6.276368088415677,301855.81850254803,37891.16453103974,volume,26788885.333796706,37891.16453103974,3.707621335983277,1404.8609006053573,535779111.53683466
KNRLF,8,0.4199749338394055,0.6412435905903473,12751.847902783222,163.54081471685407,volume,26788955.576841734,163.54081471685407,-90.53146362304688,-148.05589318422324,535778963.4809415
AKO-A,8,0.41995473967996355,15.719027022613979,3019.4154929577467,949.2454745260426,volume,26788948.174047075,949.2454745260426,16.974323272705078,161.1279954975738,535779124.60893697
ZYME,10,0.41986893585888363,18.406504146530374,492017.07580477674,181126.28691928744,volume,26788956.23044685,181126.28691928744,79.51052856445312,144014.46809869335,535923139.07703567
WYNMY,10,0.4198343513538349,16.839336476889507,25032.998822143698,8430.781803833128,volume,26796156.953851786,8430.781803833128,-28.361236572265625,-2391.0739722766366,535920748.0030634
BABB,9,0.4197970955729312,0.7268692879982771,6928.112676056338,100.71664656033818,volume,26796037.40015317,100.71664656033818,-2.5094153881073,-2.5273990271707674,535920745.4756644
AA,10,0.41969811689724196,33.92431740544398,6514932.048122066,4420292.453507844,volume,26796037.27378322,4420292.453507844,14.54940128326416,643126.0869546991,536563871.5626191
TRUP,9,0.4196842633915134,39.59868327676782,391048.74529042386,309700.30821065896,volume,26828193.578130957,309700.30821065896,-20.93197631835937,-64826.39517254112,536499045.16744655
ELRRF,8,0.41967096022190653,1.1250600620955462,19515.38762725137,439.1196643146816,volume,26824952.25837233,439.1196643146816,-58.33333206176758,-256.1531319332023,536498789.01431465
BL,9,0.4195606079488131,62.44976095711313,531858.6707317074,664288.9370032613,volume,26824939.450715736,664288.9370032613,-12.692848205566406,-84317.1864201946,536414471.82789445
DBMG,10,0.4195602685008695,49.01456739048668,143.10176125244618,140.28141841210717,volume,26820723.591394722,140.28141841210717,-5.945945739746094,-8.341057021730078,536414463.48683745
SUPV,8,0.4195571859585458,7.783733236751124,748543.8881183541,116529.31882227496,volume,26820723.174341872,116529.31882227496,89.24897766113281,104001.2257243624,536518464.71256185
BLSFY,8,0.4194473144216967,50.81277389183104,265.7179186228482,270.0372903598149,volume,26825923.235628095,270.0372903598149,-7.054577827453613,-19.049990811580034,536518445.6625711
KVLQF,11,0.41935795900556505,0.3190019232841951,29208.38259506076,186.35060447689983,volume,26825922.283128556,186.35060447689983,15.864870071411133,29.564281277549416,536518475.22685236
LTRX,11,0.4191621732177541,3.5185140379500455,128442.08036064288,9038.505256248596,volume,26825923.76134262,9038.505256248596,-8.385499954223633,-757.9238541252266,536517717.30299824
DXYN,11,0.41888600628093847,3.0145110406489137,63227.89545810493,3812.0237787090527,volume,26825885.865149915,3812.0237787090527,-23.68647575378418,-902.9340880724073,536516814.36891013
NNBR,8,0.4187826321685244,11.32561740343452,249638.96040768325,56546.30709137118,volume,26825840.71844551,56546.30709137118,-28.95771789550781,-16374.520087846791,536500439.8488223
PRTH,11,0.4186339694712706,6.2010973246672405,44043.59881422925,5462.372855512685,volume,26825021.992441118,5462.372855512685,159.1993865966797,8696.064079599731,536509135.91290194
SGBLY,8,0.41861108823286336,10.846754215409456,32125.725597804783,6969.196991021531,volume,26825456.7956451,6969.196991021531,20.920072555541992,1457.9610670603536,536510593.873969
LLFLQ,11,0.41838116881975035,16.162149269805635,1060505.1128526647,342800.8387063368,volume,26825529.69369845,342800.8387063368,-99.98837280273438,-342760.9805765922,536167832.89339244
BCLI,9,0.4183200537052412,52.62682710427074,29375.614241001564,30918.90743485885,volume,26808391.644669622,30918.90743485885,-93.63148498535156,-28949.832172504615,536138883.06121993
GLBS,10,0.4182202458693868,1252.1175090481943,143446.13004308657,3592228.220643058,volume,26806944.153061,3592228.220643058,35.41665267944336,1272246.9923581001,537411130.053578
TSSI,11,0.41812874256861443,0.7870800620905494,53488.76295133438,841.9987772976589,volume,26870556.5026789,841.9987772976589,624.541259765625,5258.629770945958,537416388.683349
NDBKY,8,0.4180475372813367,14.585227950981018,16845.806350450803,4913.998512788172,volume,26870819.434167452,4913.998512788172,0.828323245048523,40.70379194276314,537416429.387141
GMHLF,10,0.4179711912728439,6.938699598087431,2199.412455934195,305.22124648038175,volume,26870821.46935705,305.22124648038175,-81.54657745361328,-248.8974801660084,537416180.4896609
MEOH,9,0.4179174837955604,43.62083106973694,562076.2434339474,490364.6572628912,volume,26870809.024483044,490364.6572628912,19.70384788513184,96620.70614952818,537512801.1958103
QDEL,8,0.4179058212959233,72.26320270761141,506102.85378283024,731452.2622761856,volume,26875640.059790518,731452.2622761856,-52.726829528808594,-385671.5874149783,537127129.6083953
GM,9,0.4177048189005203,38.426237595674344,14439017.605170388,11096742.42288804,volume,26856356.48041977,11096742.42288804,40.4422607421875,4487773.504553316,541614903.1129487
CETEF,10,0.41768171781411323,4.618058701865594,1157.3401174168298,106.89329200509877,volume,27080745.155647434,106.89329200509877,-0.5039491653442383,-0.5386878528686746,541614902.5742608
MALRF,9,0.4175829265611663,21.608016503460032,322.5421403371227,139.3899178293174,volume,27080745.12871304,139.3899178293174,-40.63816833496094,-56.64550944944173,541614845.9287513
BMNM,8,0.4175317672403036,1.5976682308833923,6016.0406885759,192.23274167679128,volume,27080742.29643757,192.23274167679128,-57.73945617675781,-110.99413963785095,541614734.9346117
IRIX,8,0.41750672013996887,5.939817124747707,51316.70168561349,6096.23646915553,volume,27080736.746730585,6096.23646915553,-54.56953811645508,-3326.688083705062,541611408.246528
CIIHY,9,0.41749858724636735,21.728534086444213,497.21912187115305,216.07685276018415,volume,27080570.412326403,216.07685276018415,-5.398627758026123,-11.665184951780535,541611396.581343
GUKYF,9,0.4172262227593176,1.7654771491328802,18919.3590748726,668.0339224585472,volume,27080569.829067156,668.0339224585472,-36.57746505737305,-244.34987455867366,541611152.2314686
MACE,9,0.41714552199127203,0.29458017256162194,57423.73485444532,338.31787445110655,volume,27080557.611573428,338.31787445110655,-78.41726684570312,-265.2996303950351,541610886.9318382
SU,8,0.416964144259336,29.864086272669773,4937616.883921568,2949148.332056492,volume,27080544.34659191,2949148.332056492,26.132545471191406,770687.5288875457,542381574.4607257
EPM,9,0.416926413311313,6.2840513909418725,182600.99569134353,22949.480819231165,volume,27119078.723036285,22949.480819231165,-30.32524299621582,-6959.485824801791,542374614.9749008
AZUL,11,0.4167580081861393,17.98970571735449,1522414.7936016512,547755.8823328136,volume,27118730.748745043,547755.8823328136,-66.6397476196289,-365023.1375582585,542009591.8373426
WDRP,10,0.41664783500291863,0.004600188470747928,2399823.3820180604,220.79279707581566,volume,27100479.591867134,220.79279707581566,-55.91054534912109,-123.4464569366668,542009468.3908857
CWH,8,0.41642388646321854,26.262250233966558,1165847.192251816,612355.4139496902,volume,27100473.419544287,612355.4139496902,-40.70780563354492,-249276.45169712932,541760191.9391886
WCRS,8,0.4163248777390472,4.957659104280101,1085.6700747149036,107.64764260309597,volume,27088009.59695943,107.64764260309597,-40.01855850219727,-43.079034831356196,541760148.8601538
MANU,8,0.416223076810338,17.29616950194726,386918.2700901607,133844.07965759264,volume,27088007.443007693,133844.07965759264,36.4267692565918,48755.07406048019,541808903.9342144
APT,8,0.41618873895253916,5.116341944451623,514778.8442879499,52675.691862935375,volume,27090445.19671072,52675.691862935375,-15.347102165222168,-8084.192246442312,541800819.7419679
AIPUY,8,0.41605135579429486,17.038698788913017,1752.306338028169,597.1403975913033,volume,27090040.987098396,597.1403975913033,-5.333704948425293,-31.849706935373813,541800787.892261
MYO,11,0.4159997825287974,32.99667195342324,254501.6608649789,167954.15630326164,volume,27090039.394613054,167954.15630326164,62.80213165283203,105478.79035797766,541906266.682619
RUN,11,0.41595697718616076,20.270133346950068,4850644.684165961,1966464.2913343706,volume,27095313.33413095,1966464.2913343706,-15.307733535766602,-301021.1137934665,541605245.5688255
KDKCF,8,0.41595286704393586,0.706582722489575,8869.130929047433,125.33549355925658,volume,27080262.278441276,125.33549355925658,-54.44019317626953,-68.23288481209015,541605177.3359407
IDWM,10,0.4159237306314709,18.20799437396485,10008.851880877743,3644.822374737389,volume,27080258.866797037,3644.822374737389,-35.80705642700195,-1305.1036043862096,541603872.2323364
BAK,10,0.41586094321417927,15.321472207798458,482936.372456964,147985.92417468756,volume,27080193.61161682,147985.92417468756,-55.32146835327149,-81867.98620959613,541522004.2461268
ENZC,11,0.4156758361042056,0.0436634050645337,12579639.2555773,10985.397687639617,volume,27076100.21230634,10985.397687639617,-67.690673828125,-7436.08971746252,541514568.1564093
BKUTK,9,0.4156697563843148,429.99863291756833,34.58528951486698,297.43254420902224,volume,27075728.407820463,297.43254420902224,4.778130531311035,14.211715204906485,541514582.3681245
COMM,9,0.41562570655318887,18.667324163620606,2798253.4154267814,1044718.071954605,volume,27075729.118406225,1044718.071954605,-45.68973159790039,-477328.88303081895,541037253.4850937
YRIV,11,0.41561835002977704,2.679260994066679,395897.78680800943,21214.26995664051,volume,27051862.674254686,21214.26995664051,-16.666662216186523,-3535.710715303213,541033717.7743784
MTHRF,8,0.4155749768214673,25.848368249001197,635.9274794198353,328.7537533540607,volume,27051685.88871892,328.7537533540607,-70.31443786621094,-231.16135363497733,541033486.6130248
BDRBF,8,0.41555278890498587,40.924526622411044,28643.48122065728,23444.41819546639,volume,27051674.330651242,23444.41819546639,13.569669723510742,3181.330117723446,541036667.9431425
ANFGF,9,0.4155033414055022,14.418271969928055,3902.554773082942,1125.3619219170146,volume,27051833.39715713,1125.3619219170146,115.63771057128906,1301.3427621458934,541037969.2859046
REVG,9,0.4154566338284667,16.269130225394946,394178.1342383107,128258.70795852575,volume,27051898.464295235,128258.70795852575,127.74374389648438,163842.47541947896,541201811.761324
CUKPF,10,0.41539978108214337,34.83820295651256,654.466327329679,456.0086147942948,volume,27060090.588066205,456.0086147942948,41.00185012817383,186.97196880951824,541201998.7332928
AGSS,11,0.415247462721939,0.6991712044161512,8704.837636932707,121.72343629722569,volume,27060099.93666464,121.72343629722569,-42.30219268798828,-51.49168256889308,541201947.2416102
IDN,9,0.4150998413313696,3.641923982848568,91824.23824451411,6688.337909389934,volume,27060097.36208051,6688.337909389934,-2.841686964035034,-190.06162648174708,541201757.1799837
SOS,11,0.4150055529991157,610.8429524921121,174666.261682243,2133873.0997348237,volume,27060087.85899919,2133873.0997348237,600.017822265625,12803618.902940877,554005376.0829246
TRAK,9,0.41496912949230624,9.069540824489653,53449.181318681316,9695.190640106599,volume,27700268.80414623,9695.190640106599,284.493896484375,27582.225623627684,554032958.3085482
VCYT,8,0.41480228931886004,20.872636449444656,479548.36749116605,200188.77469135588,volume,27701647.915427413,200188.77469135588,-36.52608871459961,-73121.12944043458,553959837.1791078
NOBH,8,0.4147530520749044,22.921560150275088,722.4617796942375,331.19902279072505,volume,27697991.85895539,331.19902279072505,-11.782470703125,-39.02342782935347,553959798.15568
BWEN,11,0.41471918336915703,3.2549487482027644,201597.8951486698,13123.816329089499,volume,27697989.907784,13123.816329089499,-41.50279235839844,-5446.750240559603,553954351.4054394
GAIA,9,0.41466951072507535,8.00413439510105,68599.00587544066,10981.513247947072,volume,27697717.57027197,10981.513247947072,108.218017578125,11883.975937007488,553966235.3813764
BVFL,10,0.4145911491626083,13.350700303422453,4727.25469483568,1262.2432137739588,volume,27698311.769068822,1262.2432137739588,36.56330490112305,461.5178348459069,553966696.8992113
SQNS,11,0.41455593974737937,13.621847898971328,68407.0784006272,18636.61634372701,volume,27698334.844960567,18636.61634372701,119.81582641601562,22329.615888218756,553989026.5150995
RDIB,10,0.41450626093664295,19.3492106671709,2419.15484123873,936.1747331926914,volume,27699451.325754978,936.1747331926914,-69.42684936523438,-649.9566218090747,553988376.5584778
SNOA,11,0.4144780603885357,410.469118079126,35086.19129753038,288035.95997305604,volume,27699418.82792389,288035.95997305604,-28.3862419128418,-81762.58439392787,553906613.9740838
DSX,9,0.41447660778609463,3.7973375132332206,624375.431871574,47419.284995742426,volume,27695330.69870419,47419.284995742426,-39.17701721191406,-18577.461444548593,553888036.5126392
PNRLF,8,0.4144747574673605,0.6469063117431337,28590.176401411212,369.90331135845014,volume,27694401.82563196,369.90331135845014,152.92442321777344,565.6725053583546,553888602.1851445
BFFAF,9,0.4143782016379126,72.79500570879296,2417.014475743349,3518.931651199446,volume,27694430.10925723,3518.931651199446,23.10172843933105,812.9340340257642,553889415.1191785
CDZI,11,0.414090596876717,8.17563991868566,195350.91780821918,31942.37523569516,volume,27694470.75595893,31942.37523569516,41.26736831665039,13181.777637600844,553902596.8968161
SB,10,0.4139506468559606,2.8122932192088577,609953.7906703254,34307.3781906579,volume,27695129.84484081,34307.3781906579,13.034263610839844,4471.714111338128,553907068.6109275
TGLS,9,0.41384518720352764,19.12382698826062,160870.49627304825,61529.190764828,volume,27695353.430546373,61529.190764828,224.939208984375,138403.27500089124,554045471.8859284
MBCF,10,0.4137697103328754,1.1123230373888624,7071.281862745098,157.310994396028,volume,27702273.59429642,157.310994396028,12.062758445739746,18.976045262584048,554045490.8619736
BA,8,0.4137034638695972,216.36394365516628,8519245.434663536,27702274.543098684,capital,27702274.543098684,36865150.78420148,20.15691947937012,5583925.173606449,559629416.03558
TCKRF,8,0.4135188435662699,26.437687283265632,213.66692820714005,112.97718861432675,volume,27981470.801779002,112.97718861432675,28.31324958801269,31.98751338989419,559629448.0230935
ADOOY,8,0.4134081445199321,6.216756252615665,1848.3305946791863,229.81241562745322,volume,27981472.401154675,229.81241562745322,4.561629295349121,10.483190475611389,559629458.506284
LOAN,8,0.41338755448836034,5.432743553646122,31323.892199137594,3403.4934683994165,volume,27981472.925314203,3403.4934683994165,-19.85255622863769,-675.6804545520054,559628782.8258294
DNIYY,9,0.413322506803719,16.358809690318633,471.3461237274863,154.21323072654658,volume,27981439.14129147,154.21323072654658,156.87832641601562,241.92713547587505,559629024.7529649
EDN,10,0.4133040094140865,17.1101800972536,64148.01448707909,21951.681615103123,volume,27981451.237648245,21951.681615103123,211.5384521484375,46436.247509142275,559675461.000474
SPCO,10,0.41328408920481063,1.7977274555652256,4277.115613825983,153.78176339203364,volume,27983773.0500237,153.78176339203364,-4.315186500549316,-6.635969894199726,559675454.3645041
INDV,8,0.4132087190568541,6.091236790207056,64875.51770791882,7903.44280492409,volume,27983772.718225207,7903.44280492409,356.9068908691406,28207.93198667537,559703662.2964908
CMCL,9,0.41315210074421294,9.232121764540018,35959.759201252935,6639.697511390108,volume,27985183.11482454,6639.697511390108,44.677467346191406,2966.448687537199,559706628.7451782
EXSR,11,0.4131472265480798,128.11563481357777,368.2131661442006,943.4772705456329,volume,27985331.437258914,943.4772705456329,11.595318794250488,109.3991972710593,559706738.1443754
WVVI,8,0.41305561635956484,7.244096579811926,19135.669807616803,2772.412804115345,volume,27985336.907218773,2772.412804115345,-46.012020111083984,-1275.64313699182,559705462.5012385
ATEC,9,0.4126525430206422,8.247443276298624,608539.2644757434,100377.8613032836,volume,27985273.125061926,100377.8613032836,-41.29410934448242,-41450.14380423084,559664012.3574342
HGBL,9,0.41258496429355473,1.310577976613723,58033.46394984326,1521.1475951854204,volume,27983200.61787171,1521.1475951854204,4.662885665893555,70.92937317298549,559664083.2868073
MOGO,11,0.41257300995630575,7.566942570725205,158724.59561128527,24021.197991043555,volume,27983204.164340366,24021.197991043555,-19.536733627319336,-4692.957465601163,559659390.3293418
BLGO,9,0.4125457376955513,0.30362711297071215,210969.04107981222,1281.1184173852591,volume,27982969.51646709,1281.1184173852591,-11.851849555969238,-151.83622746231495,559659238.4931144
DELL,9,0.41250236862444506,44.17211462644553,5933988.439314612,5242336.350668154,volume,27982961.92465572,5242336.350668154,240.7182159423828,12619258.537027396,572278497.0301417
CYAN,10,0.4124925728361081,3.3159710812589687,19964.19827586207,1324.0140828655756,volume,28613924.851507086,1324.0140828655756,-61.43763732910156,-813.4429704171824,572277683.5871712
ASAPQ,10,0.412415582845019,83.38476228798453,139338.57571428572,232374.280269641,volume,28613884.17935856,232374.280269641,-99.9511489868164,-232260.7630793512,572045422.8240919
TPCS,10,0.41237240619633636,1.753461539331572,45373.57103610675,1591.2162342788433,volume,28602271.141204596,1591.2162342788433,-50.4051628112793,-802.0551335677583,572044620.7689583
SEAC,11,0.4123715849859651,46.80264996052349,48530.736573892595,45427.3415238854,volume,28602231.038447917,45427.3415238854,26.98859596252441,12260.20166039751,572056880.9706187
PAOG,11,0.4123689323175244,0.0032081575922417284,8099915.115640925,519.7160834951395,volume,28602844.048530936,519.7160834951395,-46.78899383544922,-243.16992626837893,572056637.8006924
MGPHF,8,0.4122739047204981,0.5027948247830291,51781.04664837319,520.704845533013,volume,28602831.890034623,520.704845533013,-69.82975006103516,-363.60689219140215,572056274.1938002
TVTX,8,0.41227336441560863,19.65529238971848,702511.6165620094,276161.4246140018,volume,28602813.709690012,276161.4246140018,-73.75119018554688,-203672.33748618816,571852601.8563141
TLGRF,10,0.4122550231841337,0.6115646398330232,44113.83758700696,539.5692639110079,volume,28592630.092815705,539.5692639110079,-68.55606079101562,-369.9074325764661,571852231.9488815
PRIM,9,0.4122409379369025,26.370791849833942,315371.4660917287,166331.90575363883,volume,28592611.597444076,166331.90575363883,237.58349609375,395177.15680885647,572247409.1056904
TCBI,10,0.4121665015520662,61.47917024815209,551530.1008238525,678152.2593106022,volume,28612370.45528452,678152.2593106022,31.94110679626465,216609.33738768104,572464018.443078
KOPN,11,0.4121313830366675,2.5375289675863244,897607.1513132105,45554.082959398256,volume,28623200.922153905,45554.082959398256,44.66257858276367,20345.6280993986,572484364.0711775
FRHLF,8,0.412039873765447,9.044990990052632,16496.020759890325,2984.127182898583,volume,28624218.203558877,2984.127182898583,10.025687217712402,299.17925753614446,572484663.2504351
CYSNF,11,0.4120147539489221,1.1698084875643604,10240.282021151586,239.58337646791696,volume,28624233.162521757,239.58337646791696,-6.932182788848877,-16.608357588451952,572484646.6420774
BMNM,11,0.41199780929094204,1.5976682308833923,6016.0406885759,192.23274167679128,volume,28624232.332103875,192.23274167679128,32.83766174316406,63.12473747143509,572484709.7668148
SGMO,11,0.4119831716150128,8.088234017592512,2073697.4186593492,335451.0000758866,volume,28624235.488340743,335451.0000758866,267.5292358398437,897429.4971201329,573382139.263935
MMSI,8,0.4119671177054412,49.75241277172069,383111.03057624464,381213.9626125726,volume,28669106.96319675,381213.9626125726,11.478517532348633,43757.71153424511,573425896.9754691
W,10,0.41189516293721323,100.48072804607126,2484264.3282292895,4992413.767187264,volume,28671294.848773457,4992413.767187264,-33.2582893371582,-1660391.41559926,571765505.5598699
MTLS,9,0.4118867479959702,14.639464915943632,142662.61426891416,41770.08672813137,volume,28588275.277993497,41770.08672813137,-50.6657829284668,-21163.14147070736,571744342.4183992
ACNT,10,0.4118561566135767,12.036506261997193,24532.183489827858,5905.635603915543,volume,28587217.12091996,5905.635603915543,26.50654602050781,1565.3800191553676,571745907.7984184
VRNS,8,0.41183416964382036,27.02117852674169,973323.4593639576,526006.9391947861,volume,28587295.38992092,526006.9391947861,-9.778412818908691,-51435.12997057221,571694472.6684479
MDGL,9,0.41182948902731426,114.44506272948148,202675.98667189336,463905.3201684877,volume,28584723.633422393,463905.3201684877,213.837142944336,992001.8826150686,572686474.551063
LMRXF,10,0.4117522926636276,0.3188882791957449,58609.54958839671,373.79796825363013,volume,28634323.727553148,373.79796825363013,44.04320526123047,164.63260642025543,572686639.1836693
MRSN,11,0.4116429275597077,8.913572200038125,1149381.7967091296,204901.95260752738,volume,28634331.95918347,204901.95260752738,-16.038087844848633,-32862.35515500535,572653776.8285143
BURL,8,0.411636477166849,160.3334428506651,1051442.7546948357,3371628.736412207,volume,28632688.841425717,3371628.736412207,-37.8447265625,-1275983.6759978735,571377793.1525165
MSNVF,10,0.4116216219646189,0.1301006060598857,65429.356035697514,170.24797748704572,volume,28568889.657625824,170.24797748704572,-97.39130401611328,-165.8067253356928,571377627.3457911
HCHDF,8,0.41161908106183936,2.109999604289621,18257.724137931036,770.475814125271,volume,28568881.367289558,770.475814125271,-28.44974708557129,-219.19842047413593,571377408.1473707
GULTU,11,0.41136199154389286,0.11608730428662369,308250.33228840126,715.67900241633,volume,28568870.407368537,715.67900241633,128.41270446777344,919.022762310791,571378327.170133
PRXIQ,11,0.4112929282663316,1.2559351366386997,8156.529388714734,204.88143704626017,volume,28568916.35850665,204.88143704626017,0.0,0.0,571378327.170133
WTSHF,8,0.4112831133924048,18.131949752744713,1361.4314880251277,493.7081466535216,volume,28568916.35850665,493.7081466535216,-9.413267135620115,-46.474066714815116,571378280.6960663
AMRC,11,0.4111798726158814,26.68183097807641,238593.89671361502,127322.44049026592,volume,28568914.034803316,127322.44049026592,-13.569073677062988,-17276.47575755886,571361004.2203088
BLBX,11,0.4110843978776164,19.851293444577067,31583.787979176526,12539.58086531878,volume,28568050.21101544,12539.58086531878,-19.458982467651367,-2440.074842099347,571358564.1454667
ILLMF,11,0.4109603091761061,2.7740675375586554,67788.53175403226,3760.9993071524996,volume,28567928.207273334,3760.9993071524996,19.930465698242188,749.5846768231552,571359313.7301435
BUKS,9,0.4109052568197057,0.4979929579465602,39964.03325508607,398.0361426435002,volume,28567965.68650718,398.0361426435002,98.35823822021484,391.5013373838481,571359705.231481
KURA,11,0.4108598273888678,15.01477753661295,536810.5160737248,161201.80956322738,volume,28567985.26157405,161201.80956322738,-54.57073593139648,-87969.01381338145,571271736.2176676
BICX,10,0.4108276045320643,4.757004302280703,1984.1428012519561,188.77151683789683,volume,28563586.81088338,188.77151683789683,-79.32006072998047,-149.73368179672508,571271586.4839858
CYRBY,10,0.410727219371103,3.830743936794105,8792.599060297573,673.6439107779295,volume,28563579.32419929,673.6439107779295,-39.68449401855469,-267.3321774790253,571271319.1518083
RMTI,11,0.41072210010663135,41.869597580025406,140511.7365738926,117663.3973123884,volume,28563565.957590416,117663.3973123884,19.230995178222656,22627.84226367838,571293946.994072
SHCAY,11,0.41046187779473053,3.6645080355839,43683.55350842807,3201.5746570898787,volume,28564697.3497036,3201.5746570898787,16.361560821533203,523.8275847665535,571294470.8216567
GTN-A,10,0.41044914249092934,13.283837237515046,1669.6344043887148,443.5830334811013,volume,28564723.541082837,443.5830334811013,-30.200172424316406,-133.96284095630577,571294336.8588158
SSYS,11,0.4104441442043629,22.683313736448103,915095.7082352941,415148.06097556703,volume,28564716.842940792,415148.06097556703,5.91765022277832,24567.01015518052,571318903.868971
PERI,11,0.4104076433753488,11.958030179639463,331051.8639749118,79174.56360875788,volume,28565945.19344855,79174.56360875788,-27.36441230773925,-21665.654028753783,571297238.2149422
CLF,9,0.4103933744556148,11.393474949507763,12640637.781910729,2880415.7982800254,volume,28564861.91074711,2880415.7982800254,-17.298627853393555,-498272.4095748168,570798965.8053675
TBBK,8,0.410294070216741,17.655049016588855,331159.7555904276,116932.8343454117,volume,28539948.290268376,116932.8343454117,59.10514068603516,69113.31624802403,570868079.1216154
ROK,9,0.4102231250670878,204.33537849357484,887824.0627205018,3628277.317833941,volume,28543403.956080772,3628277.317833941,15.71527862548828,570193.8898029968,571438273.0114185
MHO,8,0.4100219934111776,48.80703057050238,260477.25480203843,254262.42676087253,volume,28571913.650570925,254262.42676087253,87.14734649658203,221582.95805991572,571659855.9694784
LGSXY,10,0.40963897744667116,3.4642101172511133,6263.4617796942375,433.95895332464886,volume,28582992.79847392,433.95895332464886,-52.27710723876953,-226.8611874017685,571659629.1082909
NTIP,9,0.40963000518462656,2.5638675074257695,39518.3927871423,2026.398464252861,volume,28582981.45541455,2026.398464252861,-33.7511100769043,-683.9319762666812,571658945.1763147
CDNS,9,0.40946274503061536,108.15919171909997,2078806.1968688846,4496839.959879895,volume,28582947.258815736,4496839.959879895,76.89134979248047,3457680.9431592883,575116626.119474
AUDAQ,9,0.4094160083400609,179.1632210789539,35937.28022417935,128772.77763561925,volume,28755831.305973705,128772.77763561925,-99.03823852539062,-127534.29067053545,574989091.8288035
IDN,11,0.4093276963835281,3.641923982848568,91824.23824451411,6688.337909389934,volume,28749454.59144018,6688.337909389934,-0.5821822881698608,-38.93831868141855,574989052.8904849
GBERF,8,0.40920335375931904,496.44262683358886,55.234234234234236,548.4125666876997,volume,28749452.644524246,548.4125666876997,-29.482845306396484,-161.68762867737297,574988891.2028563
ARCH,8,0.4091616726162855,97.29521524035302,424953.93420416064,826919.6899125725,volume,28749444.560142815,826919.6899125725,80.00153350830078,661548.4328121436,575650439.6356685
SICNF,9,0.40915147166554183,0.10554185402792432,50606.355154841236,106.82177097275098,volume,28782521.981783427,106.82177097275098,-84.4331283569336,-90.19296299857247,575650349.4427055
VLY,10,0.40912459464629486,10.521148416169448,2734907.268158618,575487.305455147,volume,28782517.472135276,575487.305455147,-0.5987647771835327,-3445.8152822280276,575646903.6274233
RCRRF,10,0.4091119307476585,35.09459263521618,5471.275894988067,3840.243974589681,volume,28782345.181371167,3840.243974589681,113.2877960205078,4350.527760622999,575651254.1551839
SPVNF,11,0.4088568458936042,7.113097088671065,12187.05692972124,1733.7543833253737,volume,28782562.707759198,1733.7543833253737,4.277005195617676,74.15276505407543,575651328.307949
TMICF,9,0.4088347053777575,48.18850077864139,195.21193092621664,188.1394057087616,volume,28782566.41539745,188.1394057087616,0.0949338674545288,0.17860801404529392,575651328.4865569
EML,11,0.4087704486748803,23.345837890308353,12720.601018010962,5939.461784675506,volume,28782566.424327847,5939.461784675506,2.207082509994507,131.0888222373807,575651459.5753791
DNOW,9,0.4087469518347941,13.457747965561008,1089303.102192639,293191.33214824565,volume,28782572.97876896,293191.33214824565,17.132143020629883,50229.95834772745,575701689.5337269
LADX,11,0.40874455057638864,4.1325529402436,189188.50039215686,15636.629871117706,volume,28785084.476686347,15636.629871117706,-57.06649017333984,-8923.275848842906,575692766.2578781
SPCO,8,0.40837068951202654,1.7977274555652256,4277.115613825983,153.78176339203364,volume,28784638.312893905,153.78176339203364,-51.7628173828125,-79.60177335268718,575692686.6561047
BIDU,9,0.4081837796865406,162.4391043100372,3780987.6572769955,12283604.96910762,volume,28784634.332805235,12283604.96910762,-8.373246192932129,-1028536.4854306257,574664150.1706741
SQM,9,0.40811395731310496,44.32181656813911,1083875.1971775775,960786.3534412042,volume,28733207.508533705,960786.3534412042,-55.05237579345703,-528935.713868704,574135214.4568053
INSW,9,0.4081055381033214,26.766182635892065,370633.4914089347,198408.8744405976,volume,28706760.72284027,198408.8744405976,40.02011489868164,79403.45952030816,574214617.9163257
LLBO,11,0.40807002106966556,0.0014261755569780572,4068889.8561912226,116.05902513871769,volume,28710730.895816285,116.05902513871769,-65.67163848876953,-76.21786342268884,574214541.6984622
TELL,10,0.40801902753317637,4.642508966771421,8925104.704044854,828697.5723580407,volume,28710727.084923115,828697.5723580407,-38.257110595703125,-317035.7467609226,573897505.9517014
SRAFF,11,0.40801203207042736,0.11679333628468161,45539.43982751862,106.3740621998281,volume,28694875.29758507,106.3740621998281,-22.34431838989257,-23.76855914219195,573897482.1831423
CVPUF,8,0.4078767053131738,1.8371526868248136,2722.905246671887,100.04785379785278,volume,28694874.109157115,100.04785379785278,-2.5272815227508545,-2.528490922941922,573897479.6546514
NUVSF,8,0.40770494061896073,5.322614654729246,20245.0968247746,2155.136980919156,volume,28694873.98273257,2155.136980919156,51.42806243896485,1108.3451921923256,573898587.9998436
TMQ,9,0.4076744346035907,1.1544115359089344,237630.00510204083,5486.456383357898,volume,28694929.399992183,5486.456383357898,-23.87596893310547,-1309.9446216189135,573897278.055222
TWIN,9,0.40730982005273825,14.06691521864671,33031.49568288854,9293.024986325758,volume,28694863.9027611,9293.024986325758,17.5028076171875,1626.5402851737622,573898904.5955073
TSYHF,8,0.40710852006161774,1.974836729104328,4315.516875981161,170.4488246351433,volume,28694945.229775365,170.4488246351433,1.2091885805130005,2.0610477231067827,573898906.6565549
EFXT,9,0.4069631030894352,8.771391932630129,30267.229835552076,5309.714712052469,volume,28694945.332827747,5309.714712052469,22.83708381652832,1212.5839992099577,573900119.2405542
SIRI,10,0.40660412023710885,51.88965302530526,2556028.248137985,2652628.3783751777,volume,28695005.962027714,2652628.3783751777,-50.595462799072266,-1342109.604378447,572558009.6361758
SGRP,9,0.4065442939621824,1.2189180706118379,141489.87455899647,3449.2912981712584,volume,28627900.48180879,3449.2912981712584,39.5496711730957,1364.1833662289366,572559373.819542
JBT,9,0.4063950525591967,94.48916509561752,189334.12818502547,357800.47392619366,volume,28627968.690977104,357800.47392619366,2.6704766750335693,9554.97819935857,572568928.7977414
TER,9,0.4063572402659037,68.7586857469094,2076667.4064338957,2855778.4319967525,volume,28628446.439887073,2855778.4319967525,77.15113830566406,2203265.567773139,574772194.3655146
CFG,10,0.40627231751343257,34.38088098427422,5163229.478856696,3550327.5641413652,volume,28738609.718275733,3550327.5641413652,43.103294372558594,1530308.1411619417,576302502.5066766
ALVLF,10,0.4062424172281409,0.15019252852074716,44586.30281690141,133.93059114924267,volume,28815125.12533383,133.93059114924267,-17.848093032836914,-23.904056507745274,576302478.6026201
NCPL,11,0.40619184499068667,468.89786364183107,20192.190905527244,189361.50355699472,volume,28815123.930131007,189361.50355699472,-80.82315063476562,-153047.9332641269,576149430.669356
KSBI,8,0.4061749338640336,31.606534704793813,297.0638965111721,187.78320709243278,volume,28807471.5334678,187.78320709243278,-5.1405863761901855,-9.653157960566602,576149421.016198
BCDRF,9,0.406162338391942,4.571246285221963,130457.7133907596,11927.086754321228,volume,28807471.050809905,11927.086754321228,112.96138763427734,13473.002702025351,576162894.0189
TSYHY,8,0.40616190773576033,19.881963144853312,3903.671507064364,1552.2530606613536,volume,28808144.700945005,1552.2530606613536,1.5788612365722656,24.50792186828869,576162918.5268219
KLNG,10,0.4061005168626482,0.7477185396949996,14430.007448059585,215.79168193702162,volume,28808145.926341094,215.79168193702162,239.3413848876953,516.4788000205182,576163435.0056219
NSAV,11,0.40603596124085106,0.0041962097256417075,30441065.186985496,2554.741875930435,volume,28808171.750281096,2554.741875930435,-94.998779296875,-2426.9735963199983,576161008.0320256
GEVI,11,0.4058967624842434,0.15407439872480763,38183.74618096357,117.66275467785265,volume,28808050.40160128,117.66275467785265,9.61044692993164,11.307916594610687,576161019.3399422
BBGI,11,0.4058783491681125,80.22651468457563,5766.423708920188,9252.401527223412,volume,28808050.966997113,9252.401527223412,-36.87666702270508,-3411.977302797857,576157607.3626394
WLFC,8,0.4058010607730821,40.03398901441774,14768.634864546526,11824.94731850405,volume,28807880.368131973,11824.94731850405,27.19535446166992,3215.8363381729087,576160823.1989776
STKAF,8,0.40577722385726284,3.056969565223245,2238.559607843137,136.86417182229107,volume,28808041.15994888,136.86417182229107,-14.51832389831543,-19.870383765907178,576160803.3285937
THTX,10,0.40573491246234455,11.484330466959046,37012.149470380544,8501.195116206667,volume,28808040.166429687,8501.195116206667,-27.117839813232425,-2305.340473823262,576158497.98812
RYI,8,0.4056949332447872,15.924092530082694,239483.4245393963,76271.12423572846,volume,28807924.899406,76271.12423572846,20.81398582458496,15875.060986676106,576174373.0491066
PNBK,10,0.4056625105204154,12.27407995269421,5266.54331634653,1292.8394747832926,volume,28808718.65245533,1292.8394747832926,-76.10509490966797,-983.9167093134778,576173389.1323973
HIVE,9,0.4055987805531976,3.924966733581547,874451.1943573668,68643.83695986633,volume,28808669.456619866,68643.83695986633,-6.612055778503418,-4538.768788291306,576168850.3636091
USB,10,0.40558054660916487,47.19294461541238,7743421.764036121,7308697.488878709,volume,28808442.518180456,7308697.488878709,28.28333282470703,2067143.2359305704,578235993.5995396
SEKEY,8,0.40545527572709655,8.42355938417591,52831.77185417483,8900.631351697502,volume,28911799.679976985,8900.631351697502,-19.67668914794922,-1751.3495632784284,578234242.2499764
CAMT,8,0.40543820475380976,22.908311808612986,209835.97456964006,96139.75868211,volume,28911712.11249882,96139.75868211,40.89157485961914,39313.0613913522,578273555.3113678
VOXX,10,0.40531071832005583,7.524350215605207,205773.04358068315,30966.16889664106,volume,28913677.76556839,30966.16889664106,-16.159849166870117,-5004.086186455443,578268551.2251812
MESO,10,0.40519823772532987,13.59928651278461,151642.53469227755,41244.60553610325,volume,28913427.56125906,41244.60553610325,82.84629821777344,34169.62890118439,578302720.8540825
PRGS,8,0.40513002604490506,40.881544489993246,349032.84790278325,285380.0380001336,volume,28915136.042704124,285380.0380001336,12.33945083618164,35214.329485302966,578337935.1835678
SNPTF,8,0.40501141368751603,12.347938807133731,3688.6969192339716,910.956076735276,volume,28916896.75917839,910.956076735276,-71.66271209716797,-652.8158306024574,578337282.3677372
RBAZ,8,0.4047150023792789,8.43685534541535,1005.1450411603292,169.6052662686251,volume,28916864.11838686,169.6052662686251,2.838089227676392,4.81354879154171,578337287.181286
MTLS,10,0.4046619109519684,14.639464915943632,142662.61426891416,41770.08672813137,volume,28916864.3590643,41770.08672813137,2.189220428466797,914.4392716405501,578338201.6205577
TGSGY,10,0.40465130648025494,18.981580996896856,4246.790898391526,1612.2161082940622,volume,28916910.081027884,1612.2161082940622,-26.31971549987793,-424.330692946201,578337777.2898647
NHHHF,9,0.40464726743265067,0.15558604458189973,241992.66954135633,753.0136454350878,volume,28916888.864493236,753.0136454350878,-65.90909576416016,-496.3044846870054,578337280.98538
BUDZ,9,0.40458456746532595,0.8318264480572375,93293.54890453834,1552.0808282383261,volume,28916864.049269006,1552.0808282383261,-65.54621124267578,-1017.3301783341651,578336263.6552018
CGJTF,8,0.40458129884790023,73.70108224529723,684.0446358653094,1008.2965993472712,volume,28916813.18276009,1008.2965993472712,-36.9167594909668,-372.2304305366292,578335891.4247712
GURE,9,0.4043205501141234,5.550862069063613,29354.532131661443,3258.859179294971,volume,28916794.571238562,3258.859179294971,-69.93865203857422,-2279.2021818342455,578333612.2225894
ARGNF,9,0.40424801812841965,193.74747994740804,993.4296296296296,3849.4897449165533,volume,28916680.61112947,3849.4897449165533,47.22722625732422,1818.0072315842335,578335430.229821
AOSL,9,0.404231592682054,21.194757433751008,201916.93857589984,85591.61069763597,volume,28916771.51149105,85591.61069763597,18.72860336303711,16030.113279595082,578351460.3431005
HRI,9,0.40408837901930966,80.28088563587225,711920.7484326019,1143072.563734446,volume,28917573.01715503,1143072.563734446,43.30165481567383,494969.335840963,578846429.6789415
IRS,10,0.40406534912743725,12.744463683109291,79554.3896511172,20277.560594811777,volume,28942321.483947076,20277.560594811777,100.45125579833984,20369.06426275774,578866798.7432042
CCFN,9,0.4039602436669669,43.90033670319368,549.628817541112,482.57780303666044,volume,28943339.937160213,482.57780303666044,-25.17313575744629,-121.4799654937203,578866677.2632388
BRNE,11,0.4038976670371163,0.011063622842258328,3330833.03286385,737.0216085228215,volume,28943333.86316194,737.0216085228215,10.569090843200684,77.8964833387959,578866755.1597222
BB,11,0.4038612387881689,7.290357984940584,8890574.581768388,1296309.4278580993,volume,28943337.757986113,1296309.4278580993,-5.236379623413086,-67879.68273674427,578798875.4769855
RSTN,11,0.40385505491678386,5.110554620085278,3491.2290591504566,356.84233596034693,volume,28939943.773849275,356.84233596034693,-63.52614212036133,-226.68816948778723,578798648.788816
LW,8,0.4038241504410465,72.04472318085779,1495874.964233219,2155397.954227156,volume,28939932.4394408,2155397.954227156,65.12067413330078,1403609.6780480978,580202258.466864
BVERS,10,0.4037320560416103,1675.0892308642713,3.882491186839013,130.0703835199895,volume,29010112.9233432,130.0703835199895,18.036222457885746,23.459783723490464,580202281.9266477
UPMKF,8,0.4037278317150823,29.3766470985128,794.8790734197095,467.0176405168731,volume,29010114.096332386,467.0176405168731,-5.480053424835205,-25.59281620372947,580202256.3338315
SRDX,8,0.4036384969244618,36.23755391314187,82976.07526460211,60137.00001803874,volume,29010112.816691577,60137.00001803874,-27.553194046020508,-16569.664308425603,580185686.6695231
SFRX,11,0.40348391547958923,0.004614233649393259,3293247.9012152096,303.91630563161897,volume,29009284.333476156,303.91630563161897,-58.62246322631836,-178.16322450768112,580185508.5062985
FIVN,8,0.40347702876954006,61.07976496672565,868757.2150411281,1061269.7301571849,volume,29009275.42531493,1061269.7301571849,-41.72822952270508,-442849.06885498296,579742659.4374436
STMZF,9,0.4033090829765656,11.641974525877883,5115.943016759777,1191.1935655392033,volume,28987132.97187218,1191.1935655392033,30.826440811157227,367.20257942725584,579743026.6400231
SZKMY,8,0.40320483264405804,40.86369213135676,19315.118085523736,15785.740778552858,volume,28987151.332001157,15785.740778552858,3.3526527881622314,529.2410783442148,579743555.8811015
AMEN,10,0.40316154089694717,538.2685292422608,11.68674227610481,125.81211153184576,volume,28987177.794055074,125.81211153184576,-2.4323184490203857,-3.060151199891189,579743552.8209503
GRVWF,11,0.4031497540477286,0.43881297706506656,15724.819749216302,138.00509935930316,volume,28987177.641047515,138.00509935930316,-4.025426864624023,-5.555294344160466,579743547.2656559
CFRUY,9,0.40303422516462434,9.801010184485929,414090.52740798745,81170.1095284967,volume,28987177.363282796,81170.1095284967,50.73468017578125,41181.395467614144,579784728.6611234
BIO-B,9,0.4029885535229474,339.54046714556097,119.06059405940594,808.5177945111739,volume,28989236.433056172,808.5177945111739,-19.637170791625977,-158.77002018884676,579784569.8911033
ASHTF,9,0.40293827430513374,39.86429268093736,6419.225352112676,5117.957564430258,volume,28989228.494555164,5117.957564430258,59.33549880981445,3036.7656497293247,579787606.656753
SCKT,10,0.4029008802698921,2.77935633223368,320883.3794590357,17836.985052160275,volume,28989380.33283765,17836.985052160275,-5.087368488311768,-907.4331568084822,579786699.2235962
BCDA,9,0.402889016516782,176.46582786503345,42116.54186228482,148642.6085308086,volume,28989334.96117981,148642.6085308086,-91.17627716064452,-135526.79673286187,579651172.4268634
MAN,9,0.40279343945460866,87.1025440959265,550084.4911799295,958275.1729897021,volume,28982558.621343173,958275.1729897021,4.573422431945801,43825.97172127846,579694998.3985847
LPL,8,0.40277385915693986,8.778088856565864,475651.34104272834,83506.19472835567,volume,28984749.919929236,83506.19472835567,-50.70954513549805,-42345.611506712405,579652652.787078
CZBS,9,0.40265561882889406,17.158411301759976,1408.6801096319498,483.4142542734666,volume,28982632.6393539,483.4142542734666,119.53456115722656,577.8471074172677,579653230.6341854
DYFSF,9,0.40260122892987776,0.25507490204890765,31575.524667188725,161.08247723252063,volume,28982661.531709272,161.08247723252063,-8.227836608886719,-13.253603032238946,579653217.3805825
NNUP,10,0.40251266522588947,1.243692080377481,9079.259114072913,225.8360531173509,volume,28982660.869029123,225.8360531173509,-43.46786880493164,-98.16611928328582,579653119.2144631
WAL,9,0.4024956442070621,55.50773849232692,1146970.6505692971,1273314.9386034925,volume,28982655.960723158,1273314.9386034925,33.070491790771484,421091.51224153495,580074210.7267046
MEOBF,11,0.4024305548595631,1.3612583302741237,12510.775774206193,340.60795481659756,volume,29003710.53633523,340.60795481659756,47.556148529052734,161.98002489434995,580074372.7067294
CFR,10,0.4024209766313868,96.81464375979095,473855.10180109635,917522.2574926524,volume,29003718.635336474,917522.2574926524,25.78988647460937,236627.9485866281,580311000.655316
AXTI,10,0.4024023295893385,5.248200310041461,385396.4882629108,40452.75938380597,volume,29015550.032765802,40452.75938380597,-24.62560272216797,-9961.735816010581,580301038.9195
BIREF,9,0.40204519313792075,4.331525826573092,75064.10485133021,6502.842176242547,volume,29015051.945975002,6502.842176242547,-46.80116653442383,-3043.405996374025,580297995.5135037
CUBI,9,0.40196683631302504,30.485180139354924,270465.19929522317,164903.60643882817,volume,29014899.775675185,164903.60643882817,43.41839218139648,71598.49456487698,580369594.0080684
SILC,9,0.40196029149847096,36.231729666703544,36496.764406115246,26446.818033434716,volume,29018479.700403422,26446.818033434716,-62.39777374267578,-16502.22567863977,580353091.7823898
FLYLF,11,0.4019492254819835,0.6209379152496609,15140.940070505289,188.03167524599215,volume,29017654.58911949,188.03167524599215,-28.824047088623047,-54.198338614431535,580353037.5840511
MCVT,11,0.4019453497044967,1.6109250492439322,5968.430811446491,192.29389397676883,volume,29017651.87920256,192.29389397676883,-26.602224349975582,-51.15445308700423,580352986.4295981
MALRY,8,0.4019229283764095,21.78369113736319,1464.5033320266562,638.0457650901586,volume,29017649.321479905,638.0457650901586,4.2997918128967285,27.434639569880932,580353013.8642377
WDC,9,0.40181431573527354,61.277679616346234,4699383.250883392,5759346.024841122,volume,29017650.693211883,5759346.024841122,94.35075378417967,5433986.387476787,585787000.2517145
SOIEF,9,0.4018115609057664,17.69890670989458,1366.6617012936103,483.7683591036285,volume,29289350.012585726,483.7683591036285,58.287899017333984,281.9784126321366,585787282.2301271
MEI,11,0.4017999454648528,34.60943158193459,280911.9533516268,194444.06060141456,volume,29289364.111506358,194444.06060141456,7.208870887756348,14017.221277666686,585801299.4514047
INTT,9,0.40175263859737576,8.023324191640377,64450.91532732262,10342.211762381463,volume,29290064.972570237,10342.211762381463,-6.283865928649902,-649.8907212051114,585800649.5606835
CPIX,9,0.40153734099510674,4.278706579676996,188996.69146436962,16173.22774611563,volume,29290032.478034176,16173.22774611563,-47.643096923828125,-7705.426570793333,585792944.1341127
OCC,9,0.401265024102623,3.36046534872485,15216.404547236378,1022.6840042633418,volume,29289647.206705637,1022.6840042633418,-24.286954879760746,-248.37880267796828,585792695.7553099
BFH,8,0.4012060555934997,115.4207880351465,929371.3493740219,2145375.470440741,volume,29289634.7877655,2145375.470440741,-54.24630737304688,-1163786.972001235,584628908.7833087
PENN,10,0.40106876850814593,30.616311248635743,3297076.5001960015,2018886.406811268,volume,29231445.43916544,2018886.406811268,-22.782012939453125,-459942.96243260335,584168965.8208761
GMAB,8,0.40098989911578986,24.871511862598304,332180.11084998044,165236.43135049017,volume,29208448.291043807,165236.43135049017,-19.69888496398925,-32549.734530334124,584136416.0863458
IIIN,8,0.40079737271725147,28.51314459773814,118068.677507837,67330.18548489339,volume,29206820.80431729,67330.18548489339,-10.03210735321045,-6754.636488960225,584129661.4498569
MHLD,9,0.40071600712236216,5.7694178759023655,359781.573500588,41514.604831491466,volume,29206483.072492845,41514.604831491466,-22.28360366821289,-9250.950005074317,584120410.4998518
VRDN,11,0.40067440028529533,94.84028269929141,261801.29407145662,496586.1748155454,volume,29206020.524992593,496586.1748155454,41.712440490722656,207138.21265509035,584327548.7125069
NTB,10,0.4005708786305674,33.98379811736254,223803.83365384614,152114.0860156819,volume,29216377.435625345,152114.0860156819,18.900310516357425,28750.034596082907,584356298.747103
IPXHF,9,0.40049697180644234,10.213790678220933,1718.030968247746,350.95217376767425,volume,29217814.93735515,350.95217376767425,33.695011138916016,118.25337404328573,584356417.0004771
INFN,10,0.40049311668681997,8.837175619457339,2540497.4139553118,449016.43615800596,volume,29217820.850023855,449016.43615800596,54.83453750610352,246216.08609363114,584602633.0865706
ITMSF,11,0.4004582996649015,0.7860721288119658,25844.524892199137,406.3132140028963,volume,29230131.654328533,406.3132140028963,269.5443725585937,1095.194403306763,584603728.280974
AMRN,11,0.40041554850294075,5.019582196778628,4325446.810641628,434238.7160761923,volume,29230186.4140487,434238.7160761923,-47.230594635009766,-205093.52773821735,584398634.7532358
EXXRF,9,0.4002631544960098,75.09126688422832,918.9744616925389,1380.1391312548897,volume,29219931.737661794,1380.1391312548897,75.17877960205078,1037.5717556877719,584399672.3249915
AGRPY,8,0.4002091543356612,21.096935064953072,937.8877151799687,395.73112450738,volume,29219983.616249576,395.73112450738,-6.753898620605469,-26.727278959410445,584399645.5977125
FLL,11,0.4001108145086577,4.087728164404269,133207.26008617313,10890.301375147492,volume,29219982.279885627,10890.301375147492,-15.209351539611816,-1656.3442198693617,584397989.2534926
NMLSF,10,0.4000966019702833,0.23697212474440377,30335.494707957663,143.77333272234688,volume,29219899.462674633,143.77333272234688,-10.43078899383545,-14.99669296567298,584397974.2567996
SQCF,10,0.3998408843240169,17.941144603787567,768.5288122304978,275.7657310480893,volume,29219898.71283998,275.7657310480893,-11.72270965576172,-32.327215980856266,584397941.9295835
PRPL,10,0.3998143759710378,9.833693833738488,655071.0929626412,128835.37135054114,volume,29219897.096479177,128835.37135054114,-69.90888977050781,-90067.3777428742,584307874.5518407
APWC,10,0.39964536137628115,2.110877815779759,65394.68857589985,2760.803947693861,volume,29215393.727592036,2760.803947693861,-15.842500686645508,-437.38038437033623,584307437.1714563
WILC,10,0.39958799679467777,10.939311627926058,6705.096584216725,1466.9828206017864,volume,29215371.85857282,1466.9828206017864,29.263347625732425,429.2882824024755,584307866.4597387
CEVA,8,0.39947614010503857,31.193688841668592,145883.65557729942,91012.98718326857,volume,29215393.322986938,91012.98718326857,-49.70701217651367,-45239.836621396134,584262626.6231174
RNGE,10,0.39945562801009943,0.8478399451197023,65656.8627989024,1113.3302190430645,volume,29213131.331155874,1113.3302190430645,28.5732536315918,318.1146672443314,584262944.7377847
ICHR,8,0.3993724073928051,29.874755059062462,415778.12023750617,248425.39002025835,volume,29213147.23688924,248425.39002025835,-39.55702209472656,-98269.68641922424,584164675.0513655
SBKFF,8,0.3993486496304277,51.50323208487767,508.2203057624461,523.4997671586151,volume,29208233.752568275,523.4997671586151,16.982065200805664,88.90107178494185,584164763.9524373
CRT,8,0.39931495387045357,14.56857740981745,31238.528582615505,9102.01843649258,volume,29208238.197621867,9102.01843649258,60.299564361572266,5488.477465315017,584170252.4299026
ALKS,9,0.3992938773197335,36.457646718420705,1341986.3458528952,978513.2819609839,volume,29208512.621495128,978513.2819609839,23.93842506408692,234240.6687443677,584404493.098647
RAMP,8,0.3992722848654683,33.99876555102986,616717.3822030576,419352.5937753327,volume,29220224.65493235,419352.5937753327,-29.08435440063477,-121965.99456187202,584282527.1040851
BASFY,9,0.3992505906237394,18.240269965409112,260418.4769170579,95002.06645895595,volume,29214126.355204254,95002.06645895595,23.465295791625977,22292.515902751104,584304819.6199878
CENX,10,0.3992041665070055,11.617581207551602,1839792.261448141,427478.7200479757,volume,29215240.980999395,427478.7200479757,128.63819885253906,549900.9259476038,584854720.5459355
BYRG,11,0.39915444687216056,0.00196352504581979,3922676.9737871676,154.04548969383367,volume,29242736.027296778,154.04548969383367,-46.05009841918945,-70.93809961433276,584854649.6078359
OVBC,9,0.3991493104850632,28.6634869001651,5203.034104272834,2982.741997778733,volume,29242732.480391797,2982.741997778733,-6.600820064544678,-196.8854322629794,584854452.7224035
DUFRY,8,0.39888795449783115,8.66781676954465,125574.16092404073,21769.076357577975,volume,29242722.636120178,21769.076357577975,-25.50565528869629,-5552.34557529692,584848900.3768282
RLTR,11,0.3986749661166921,0.05728022724730281,136041.861622893,155.8501749781087,volume,29242445.018841412,155.8501749781087,-68.49314880371094,-106.74669225859985,584848793.6301359
WYNMY,9,0.39862376600494576,16.839336476889507,25032.998822143698,8430.781803833128,volume,29242439.681506798,8430.781803833128,28.083232879638672,2367.636087544659,584851161.2662234
EADSF,9,0.3985901376254149,107.1309288505847,4548.185982772122,9745.027778391737,volume,29242558.063311175,9745.027778391737,58.72534942626953,5722.8016145475785,584856884.067838
APELY,8,0.398478947305159,35.04974349265181,1842.6165884194054,1291.6647755881065,volume,29242844.2033919,1291.6647755881065,-10.15880298614502,-131.21767979342795,584856752.8501581
IROQ,9,0.39839568169604817,19.295290823965995,2868.8349666797335,1107.1001001609652,volume,29242837.642507907,1107.1001001609652,-0.6171514987945557,-6.832484861299424,584856746.0176733
RCRT,11,0.39839435587261557,93.64083208983789,41129.36034962257,77027.75052922886,volume,29242837.300883666,77027.75052922886,64.32601928710938,49548.88566185824,584906294.9033352
NIXX,11,0.39839435587261557,71.89748192305473,45719.91924735398,65742.9413522031,volume,29245314.745166764,65742.9413522031,179.6930389404297,118135.48920459817,585024430.3925397
AHIX,11,0.3983074877101262,21.721137986674027,32936.18427230047,14308.228066663225,volume,29251221.51962699,14308.228066663225,-40.87078475952149,-5847.885096027369,585018582.5074437
PRPH,8,0.3980458275458155,4.043591414255892,59918.030968247745,4845.680711646505,volume,29250929.125372186,4845.680711646505,-35.846282958984375,-1736.996419185734,585016845.5110245
GMBXF,9,0.39788025920717396,3.5222444166821494,42173.737563650604,2970.9242332837316,volume,29250842.275551226,2970.9242332837316,66.51730346679688,1976.1786880219481,585018821.6897124
BSAC,8,0.39776605093890166,21.94924883029084,429803.6967918623,188677.36578126927,volume,29250941.08448562,188677.36578126927,20.25245857238769,38211.80534032395,585057033.4950527
DVLN,8,0.3977089520565455,3766.0364252268196,6.033672670321065,454.46062108649403,volume,29252851.674752638,454.46062108649403,72.39130401611328,328.9899698442405,585057362.4850225
ORGO,10,0.39763596007105995,7.569832822341405,537340.0858283433,81351.4923692628,volume,29252868.124251127,81351.4923692628,-14.390961647033691,-11707.262066150151,585045655.2229564
YPF,10,0.39757227953087027,14.843331367116747,1759031.6038476638,522197.7796228342,volume,29252282.761147823,522197.7796228342,192.1221923828125,1003257.8227857567,586048913.0457423
LSAK,8,0.39752823674745236,7.153504509965096,222300.147001176,31804.502082776326,volume,29302445.652287114,31804.502082776326,-36.46295928955078,-11596.862646687063,586037316.1830956
INBK,9,0.3974628734543812,27.718232752761125,38921.11402821317,21576.489952615375,volume,29301865.80915478,21576.489952615375,8.890586853027344,1918.2765790719882,586039234.4596747
LRN,9,0.39744041248335277,29.718557408256935,477305.9772638181,283696.9017323791,volume,29301961.722983737,283696.9017323791,87.65216064453125,248666.46405002289,586287900.9237248
CPAC,8,0.39708102922512684,7.919173531356788,14923.418950665622,2363.6228870291898,volume,29314395.04618624,2363.6228870291898,-20.86379623413086,-493.1414628930512,586287407.7822618
ELSE,9,0.3970176269839928,4.106001930427327,28712.208773991384,2357.8476930568213,volume,29314370.389113095,2357.8476930568213,-12.80647087097168,-301.9570779931995,586287105.8251839
OFLX,11,0.3969795868878354,80.61255390491732,12710.850254802039,20493.08202685123,volume,29314355.291259196,20493.08202685123,-32.08100891113281,-6574.3874711999,586280531.4377127
QMCO,8,0.3969605655031199,93.1657429034922,79475.89141513132,148088.60933215977,volume,29314026.571885634,148088.60933215977,-94.85875701904295,-140475.0140992732,586140056.4236133
ENTA,10,0.39677299181440634,47.107132866686925,233758.48277212217,220233.8381332301,volume,29307002.821180668,220233.8381332301,-63.08919143676758,-138943.74774841437,586001112.6758649
DRNG,11,0.3967144715116662,0.09864240018552771,14568334.800704777,28741.110228957412,volume,29300055.63379325,28741.110228957412,-9.374998092651367,-2694.478535771584,585998418.1973292
BDORY,8,0.3967030263534632,4.218207354836621,498082.9190140845,42020.34064607409,volume,29299920.90986646,42020.34064607409,110.79133605957033,46554.896818568166,586044973.0941478
ATEYY,8,0.39667894970884837,14.40641921096378,58482.4182316119,16850.44467031024,volume,29302248.65470739,16850.44467031024,29.010284423828125,4888.3619255367885,586049861.4560733
AFRAF,10,0.3966635472303836,7.721644546271117,1764.346635367762,272.4731514943855,volume,29302493.072803665,272.4731514943855,393.1951904296875,1071.35132688812,586050932.8074002
SCHW,9,0.39649196508668333,51.12959624364861,8937539.860838886,9139456.089924153,volume,29302546.64037001,9139456.089924153,-9.958608627319336,-910162.6626612492,585140770.144739
PTALF,10,0.39641910755764065,1.8369103485637321,81808.5343002744,3005.498865140102,volume,29257038.507236954,3005.498865140102,-26.75044631958008,-803.9843605548915,585139966.1603785
MPLX,8,0.3963179355658138,35.15324186521715,1914591.5080360642,1346081.967101652,volume,29256998.308018923,1346081.967101652,24.387908935546875,328281.2443345689,585468247.404713
BLDV,10,0.39629106914847856,0.0007953578468425446,16243234.877199844,258.38368635374786,volume,29273412.37023565,258.38368635374786,-57.142852783203125,-147.64780950893544,585468099.7569035
IFSPF,10,0.396216049283706,15.356451802679738,5974.7315830721,1835.0135517879023,volume,29273404.98784518,1835.0135517879023,-27.33374214172364,-501.57787251138956,585467598.179031
GUKYF,11,0.396215629083342,1.7654771491328802,18919.3590748726,668.0339224585472,volume,29273379.90895155,668.0339224585472,11.724983215332031,78.32686528098886,585467676.5058963
HFBL,10,0.39603733662559926,14.562541184449653,2281.6432771462173,664.5304838332894,volume,29273383.82529482,664.5304838332894,-16.95393180847168,-112.6640450756028,585467563.8418512
BDOUY,10,0.3959534766196547,24.16369281870604,3872.14874411303,1871.3082560217124,volume,29273378.192092564,1871.3082560217124,-2.935185670852661,-54.92637178823213,585467508.9154794
BCRX,11,0.39589911542429995,7.75256650441316,2672052.5125195617,414305.29613184364,volume,29273375.445773974,414305.29613184364,24.64731979370117,102115.15125985614,585569624.0667393
DBVT,8,0.3958875151782909,28.829954508012314,161704.82928739232,93238.85744162835,volume,29278481.20333697,93238.85744162835,-55.31070327758789,-51571.06777895224,585518052.9989604
PCRFF,8,0.3958563418465871,10.589070945943117,16490.245785966286,3492.3276508727304,volume,29275902.64994802,3492.3276508727304,-10.18857479095459,-355.8184146543556,585517697.1805457
PERI,9,0.3957511196310117,11.958030179639463,331051.8639749118,79174.56360875788,volume,29275884.859027285,79174.56360875788,-64.64306640625,-51180.865730468,585466516.3148152
KWR,9,0.3957116925960503,162.4071345790981,77780.08388867111,252640.81103361901,volume,29273325.81574076,252640.81103361901,19.33708572387696,48853.37020306891,585515369.6850183
RL,8,0.39557098677422164,115.57390828956954,1091559.7961583692,2523116.635475772,volume,29275768.484250918,2523116.635475772,15.664169311523438,395225.26170813857,585910594.9467264
OROVF,10,0.3955549006791917,10.699451908983033,826.8048589341693,176.92717652559287,volume,29295529.747336324,176.92717652559287,-23.25278663635254,-41.14049885921893,585910553.8062277
CMSQY,9,0.3955190149667923,12.399295240990707,15029.7795614722,3727.173483794033,volume,29295527.690311387,3727.173483794033,7.198312759399414,268.29360444889755,585910822.099832
KFFB,11,0.39551233723916784,7.326124499798381,2911.892983143865,426.6578104920253,volume,29295541.104991604,426.6578104920253,-20.527666091918945,-87.58289069289526,585910734.5169414
HADV,9,0.395416200236211,0.05825058781069466,289651.62343260186,337.44754650542075,volume,29295536.725847073,337.44754650542075,-89.87763977050781,-303.28989026255886,585910431.2270511
OOMA,10,0.3953855327757022,12.39404801932723,104004.73294018533,25780.793085959227,volume,29295521.56135256,25780.793085959227,0.6662495136260986,171.7644085441542,585910602.9914597
ORKA,11,0.39535418325134375,300.1764761679129,22868.530380243043,137291.89729360436,volume,29295530.149572987,137291.89729360436,-45.819950103759766,-62907.07883643462,585847695.9126233
BOMXF,8,0.3953400568411101,1.8294072726242978,7892.063771517996,288.75597719259537,volume,29292384.795631167,288.75597719259537,1.1615604162216189,3.3540751305431136,585847699.2666985
LINC,10,0.3952699872471183,4.745940806543486,82249.5190121521,7807.026971966939,volume,29292384.963334925,7807.026971966939,114.93663787841795,8973.134319840057,585856672.4010184
SPAZF,8,0.3952241296182576,0.11670913349768425,88997.15797726382,207.73562382565956,volume,29292833.620050922,207.73562382565956,-27.167633056640625,-56.43685200887851,585856615.9641664
WEX,8,0.395019551307853,155.3525009949066,369081.63093835884,1146755.0887510628,volume,29292830.798208322,1146755.0887510628,32.11147689819336,368239.9954031543,586224855.9595696
WDOFF,8,0.3948884529194698,4.988036902104352,84795.45975657637,8459.25764793415,volume,29311242.79797848,8459.25764793415,-30.8713493347168,-2611.4869796174994,586222244.4725899
HQY,10,0.3948732295958407,57.637684206603836,646929.6199059561,745750.502720755,volume,29311112.223629493,745750.502720755,42.92807769775391,320136.3552393561,586542380.8278292
OOMA,8,0.39486196939139095,12.39404801932723,104004.73294018533,25780.793085959227,volume,29327119.041391462,25780.793085959227,-47.655982971191406,-12286.090362882822,586530094.7374663
AREN,10,0.39478898316687644,12.38478551396928,60142.84937402191,14897.12579392446,volume,29326504.736873318,14897.12579392446,-55.1429328918457,-8214.712079357603,586521880.0253869
SRGHY,8,0.39468168711406204,12.81023348251636,25596.370050960406,6557.90953315384,volume,29326094.001269348,6557.90953315384,6.212360382080078,407.40097373030176,586522287.4263607
RDUS,9,0.3945740681023765,26.63103492322598,301858.426499412,160776.04595951765,volume,29326114.37131804,160776.04595951765,-36.45724105834961,-58614.51063954431,586463672.9157212
HOG,8,0.3945410697875076,42.1418260365818,2213454.668495298,1865580.4315917736,volume,29323183.645786062,1865580.4315917736,-11.651739120483398,-217372.56497186172,586246300.3507494
TOLWF,9,0.3945403406588927,2.2634277495159365,35450.21310832025,1604.779921512513,volume,29312315.01753747,1604.779921512513,56.47623443603516,906.3192706558281,586247206.67002
NCSM,10,0.39449105614442864,99.63164212671519,5812.52492211838,11582.228057862232,volume,29312360.333501,11582.228057862232,45.266021728515625,5242.813869318152,586252449.4838893
PARXF,8,0.39448367070656437,13.984951005641829,13544.299882399058,3788.3274052214247,volume,29312622.474194467,3788.3274052214247,11.56764030456543,438.22008779529125,586252887.7039771
MCRI,8,0.3944133386754876,47.775297932791176,74049.31203449628,70754.55888332558,volume,29312644.385198858,70754.55888332558,-10.3734712600708,-7339.70383095165,586245548.0001462
GSM,9,0.3943925304342785,7.235072492455427,1084576.079153605,156939.73112518815,volume,29312277.400007308,156939.73112518815,-19.136608123779297,-30032.94133594014,586215515.0588101
LGSXY,11,0.39434309823581326,3.4642101172511133,6263.4617796942375,433.95895332464886,volume,29310775.752940506,433.95895332464886,-24.924314498901367,-108.16129432277607,586215406.8975158
DGICB,8,0.39433761024991987,14.841615221181446,677.4131031777167,201.07809246300317,volume,29310770.34487579,201.07809246300317,1.1134930849075315,2.2389906548395127,586215409.1365064
HPP,8,0.39421054258975236,24.479602254109697,1575967.1512539184,771580.9805647652,volume,29310770.456825323,771580.9805647652,-69.36335754394531,-535194.4742902173,585680214.6622163
EXNRF,9,0.39399726053087225,2.7616965925336303,50011.214257736,2762.3160000811763,volume,29284010.733110815,2762.3160000811763,-77.00830841064453,-2127.2128246190923,585678087.4493917
RVSDF,10,0.393857027313152,0.16820450788068095,48703.001176009406,163.84128690245777,volume,29283904.37246959,163.84128690245777,-18.27350425720215,-29.939544537175404,585678057.5098472
VLPNF,9,0.3938321476927895,34.282713633317215,150.89089481946624,103.45898673941498,volume,29283902.87549236,103.45898673941498,34.22222137451172,35.40596347378932,585678092.9158106
ACGBF,10,0.3938122768634343,0.41382965478165795,46373.137323943665,383.81158819820047,volume,29283904.645790532,383.81158819820047,47.97684860229492,184.14070458791429,585678277.0565152
AMKR,8,0.3937570037100265,15.381336064778957,1201545.2754303599,369627.4335688352,volume,29283913.85282576,369627.4335688352,24.10466766357422,89097.4644551663,585767374.5209703
GRMN,8,0.3937307862185954,89.03741844021788,1044325.9925548589,1859681.8077420567,volume,29288368.726048518,1859681.8077420567,-7.108444690704346,-132194.45272643483,585635180.068244
GYRO,11,0.39370862181199656,18.368269641960094,1670.6234786022771,613.7292505031195,volume,29281759.003412202,613.7292505031195,17.74992561340332,108.93648543200143,585635289.0047294
DZSI,11,0.3936310379343965,8.832568590680228,83860.18285043069,14814.016341068298,volume,29281764.45023647,14814.016341068298,-47.0278549194336,-6966.714112618784,585628322.2906168
SLM,9,0.39360930075274553,12.75495100899894,3193614.5150921205,814687.9336325582,volume,29281416.11453084,814687.9336325582,42.551551818847656,346662.3582415572,585974984.6488583
TGLVY,11,0.39357654810161413,3.427301585265074,7663.360141231856,525.2929272100225,volume,29298749.232442915,525.2929272100225,48.56607818603516,255.1141737345323,585975239.763032
PTCT,9,0.39345850823940726,36.011705248461475,890729.9666797335,641534.1003208495,volume,29298761.9881516,641534.1003208495,-27.12328338623047,-174005.11204932808,585801234.6509826
AMKAF,8,0.3933793775622936,1720.0426736512281,40.15219092331768,1381.2696365739587,volume,29290061.73254913,1381.2696365739587,-51.87626647949219,-716.55111746942,585800518.0998651
OLB,9,0.39308707178942365,66.53432579958313,29769.504508036065,39613.8782365966,volume,29290025.904993255,39613.8782365966,-73.96330261230469,-29299.73263660385,585771218.3672284
IPGDF,8,0.3929951400995905,4.752703642106813,1334.6530772246178,126.86421082149015,volume,29288560.91836142,126.86421082149015,-34.12333297729492,-43.2902970876345,585771175.0769312
NTOIY,8,0.3929911094636506,15.358503857485129,26416.663269306155,8114.408494470486,volume,29288558.753846563,8114.408494470486,-23.482234954833984,-1905.4444678665666,585769269.6324633
BCBP,11,0.3929875037418609,13.067756259945076,38459.66236306729,10051.629872006932,volume,29288463.48162317,10051.629872006932,20.03059768676757,2013.4015406246585,585771283.034004
LUV,9,0.3929043825953792,44.128582914405506,7320410.801646413,6460787.100559268,volume,29288564.1517002,6460787.100559268,-9.004046440124512,-581732.2709319305,585189550.7630721
FCX,9,0.3928807195295216,23.80676460555615,21808913.809244025,10383993.547190709,volume,29259477.538153607,10383993.547190709,68.40189361572266,7102848.219212894,592292398.982285
RCON,9,0.3928421358045919,24.883694229991423,30146.63426107409,15003.192580319022,volume,29614619.949114252,15003.192580319022,-80.75396728515625,-12115.673228039814,592280283.309057
KOSS,8,0.3928121782202577,4.672587223984783,374799.1109368875,35025.63074649112,volume,29614014.165452853,35025.63074649112,-71.47821044921875,-25035.69405614319,592255247.6150008
PSMMF,10,0.392639865122575,27.08371387468231,910.8616228929832,493.3903114772467,volume,29612762.380750045,493.3903114772467,19.894540786743164,98.15773675467999,592255345.7727376
NBHC,10,0.3925224974306114,32.677506856944504,177114.09486475892,115752.94098809359,volume,29612767.28863688,115752.94098809359,32.479129791259766,37595.54794072324,592292941.3206784
NRSCF,11,0.39222117438221177,4.9113523989086385,21370.952959623675,2099.205621704228,volume,29614647.06603392,2099.205621704228,6.243387699127197,131.0615455648684,592293072.3822238
BANR,10,0.39213749862102026,51.99933099746704,176179.61658841942,183224.44395976112,volume,29614653.619111195,183224.44395976112,49.52061462402344,90733.8707903231,592383806.2530142
ALFVY,9,0.39211639305171214,26.45574334566955,20578.24374021909,10888.254697917346,volume,29619190.31265071,10888.254697917346,93.76429748535156,10209.295525917987,592394015.5485401
SLB,8,0.39210631814776714,52.96518028974066,10510649.431595452,11133968.842134265,volume,29619700.777427007,11133968.842134265,68.14947509765625,7587741.323451097,599981756.8719913
ORZCF,11,0.39210615880032496,0.6249198345682846,38100.48020384163,476.1949157191383,volume,29999087.843599565,476.1949157191383,-20.79999732971192,-99.0485297538047,599981657.8234614
WATT,8,0.3920471224580087,119.99853166611372,65571.24381625441,157369.05954942538,volume,29999082.891173072,157369.05954942538,-92.25135803222656,-145175.09455688822,599836482.7289045
PMOIF,11,0.3919546554129358,15.427550011361546,3374.3190905527244,1041.1495304758835,volume,29991824.136445224,1041.1495304758835,-4.555543422698975,-47.43001895605536,599836435.2988855
AGTX,9,0.3919163810134181,11.32887391598205,554.4125903870694,125.61740667856222,volume,29991821.764944274,125.61740667856222,-47.05882263183594,-59.11407260357663,599836376.1848128
SMMYY,8,0.3918222443284233,7.9964582605111465,37806.80478243826,6046.410728121215,volume,29991818.80924064,6046.410728121215,-25.735530853271484,-1556.075898451152,599834820.1089144
HAS,9,0.39175087862907865,81.57461798078961,1322770.9122257053,2158090.63681825,volume,29991741.00544572,2158090.63681825,6.825157165527344,147293.0777373755,599982113.1866517
OMVKY,9,0.3917096448404306,11.040060252874143,20344.87691101529,4492.173338698336,volume,29999105.65933259,4492.173338698336,8.96359634399414,402.66028515344357,599982515.846937
JELD,10,0.39167818184150305,21.47967318232303,712641.6495726496,306146.1945786418,volume,29999125.79234685,306146.1945786418,-43.47119522094727,-133085.40990678247,599849430.4370302
CRK,8,0.39164613887295685,10.035898596118368,1798626.830853563,361016.72973408207,volume,29992471.52185151,361016.72973408207,7.288981914520264,26314.44413870974,599875744.881169
HWC,10,0.3912020490065206,40.31294085800087,564080.4639498433,454794.8476472745,volume,29993787.24405845,454794.8476472745,30.224773406982425,137460.71216801964,600013205.5933369
KEWL,9,0.3911402689148491,67.8230228102567,706.5907487259898,958.4624093671833,volume,30000660.27966685,958.4624093671833,82.03917694091797,786.3146719329291,600013991.9080088
ENBP,10,0.3910763298232192,17.64565779141551,1039.1155050900547,366.71753217145977,volume,30000699.59540044,366.71753217145977,20.638952255249023,75.68665637649507,600014067.5946652
ELEZY,8,0.391005357726978,11.24066758267844,6151.175019577134,1382.8662727588421,volume,30000703.37973326,1382.8662727588421,-6.936472892761231,-95.92214415305466,600013971.672521
SSY,11,0.3907616763411702,1.2856372545864068,197772.091372549,5085.263371720318,volume,30000698.58362605,5085.263371720318,23.48286819458008,1194.1656949283413,600015165.838216
REPYF,8,0.3906797112727725,14.589497859503231,3057.7436299490396,892.2188828810231,volume,30000758.291910797,892.2188828810231,28.89023780822754,257.7641570342387,600015423.6023729
PBT,11,0.3906185944286454,9.772880912995348,139983.06624853,27360.756725656443,volume,30000771.180118646,27360.756725656443,-5.8739166259765625,-1607.1480383013345,600013816.4543346
DIT,9,0.39061483485192067,117.33190401326705,1018.8993735317149,2390.988069888022,volume,30000690.82271673,2390.988069888022,-23.927505493164062,-572.1038017633538,600013244.3505329
MRVL,10,0.39058918933711445,35.153696595711224,9128879.94747158,6418277.518641762,volume,30000662.217526644,6418277.518641762,75.82634735107422,4866745.40524121,604879989.7557741
BIO,9,0.39054530168857476,342.2093385120326,185307.8427230047,1268281.4855866244,volume,30243999.487788707,1268281.4855866244,-17.626867294311523,-223558.294382677,604656431.4613914
RVNC,10,0.3904427673162999,20.453751456452462,810768.8498627989,331665.29087455024,volume,30232821.573069572,331665.29087455024,-86.1219253540039,-285636.5342321201,604370794.9271593
ESKYF,8,0.3904243800767722,0.5253752833279707,30320.122992557775,318.5888641550792,volume,30218539.746357966,318.5888641550792,-85.42247009277344,-272.14647720177913,604370522.7806821
LWAY,9,0.39027859360355227,8.775323282966703,43733.341434731476,7675.484186682632,volume,30218526.139034107,7675.484186682632,342.02459716796875,26252.043870192414,604396774.8245523
ANNSF,8,0.39025520778241696,160.7861319417368,262.7663782447466,844.983791246243,volume,30219838.741227616,844.983791246243,13.343666076660156,112.7518155058018,604396887.5763679
JILL,9,0.39024784667256324,21.61835089275753,147167.8357980622,63630.518288204636,volume,30219844.378818393,63630.518288204636,39.65477752685547,25232.54046637263,604422120.1168342
FGF,11,0.3901916110581652,5.2847622414686795,30706.97453975715,3245.581191948974,volume,30221106.00584171,3245.581191948974,1996.6441650390625,64802.70749065444,604486922.8243248
ACGX,9,0.3901678118622688,2.12995743934584,8453.56103286385,360.11450421824924,volume,30224346.141216245,360.11450421824924,-35.296043395996094,-127.10617168414944,604486795.7181531
PMN,11,0.390124985338509,7.373366277342168,18245.550764406114,2690.622574356133,volume,30224339.785907656,2690.622574356133,-49.44217300415039,-1330.3022681018842,604485465.4158851
KIGRY,9,0.38977375645789436,15.782343447069724,20840.578408562124,6578.263321590264,volume,30224273.270794258,6578.263321590264,90.58045959472656,5958.621150047787,604491424.0370351
TPCS,8,0.3897006077845829,1.753461539331572,45373.57103610675,1591.2162342788433,volume,30224571.201851755,1591.2162342788433,187.44415283203125,2982.6417900697274,604494406.6788251
ICBU,10,0.3897001115146782,0.0020900000087626467,14596704.806818182,610.1422634831154,volume,30224720.33394126,610.1422634831154,722.7848510742188,4410.015850457303,604498816.6946756
BVN,8,0.3896572195105428,11.253976918255592,1496877.0054773083,336916.3853821836,volume,30224940.83473378,336916.3853821836,30.16529083251953,101631.807512948,604600448.5021886
SHMDF,8,0.38940227215046475,167.59414004718775,209.249705997648,701.3804906360537,volume,30230022.42510943,701.3804906360537,-44.43282318115234,-311.6431532314164,604600136.8590353
BAOB,10,0.3893978532063638,3.2393532031669543,1863.4630136986302,120.72829764815607,volume,30230006.842951763,120.72829764815607,3.947795629501343,4.766106458125278,604600141.6251417
SPHRY,9,0.3893437230372909,6.347931207745088,1661.5052920423364,210.94242590378326,volume,30230007.08125709,210.94242590378326,-81.62959289550781,-172.19144350916648,604599969.4336983
WEN,9,0.38926074961851787,17.39985669862068,3357555.948174323,1168419.847116694,volume,30229998.471684918,1168419.847116694,-10.265686988830566,-119946.32422037247,604480023.1094779
EDN,9,0.3891609604099438,17.1101800972536,64148.01448707909,21951.681615103123,volume,30224001.155473895,21951.681615103123,260.72808837890625,57234.19984208219,604537257.30932
VICR,9,0.3891504614853986,44.884884212360596,188716.63918335296,169410.48997381263,volume,30226862.865466,169410.48997381263,-24.14618492126465,-40906.170185097304,604496351.1391349
GTN,11,0.3891018587163789,14.137184555067163,912400.2507836991,257975.41466837437,volume,30224817.556956746,257975.41466837437,-41.89922332763672,-108089.69512229908,604388261.4440126
GEODF,8,0.3890386707335488,1.4317939679411593,3583.7873090481785,102.62490102958522,volume,30219413.072200634,102.62490102958522,-22.109663009643555,-22.69001978162151,604388238.7539928
AVNS,8,0.38898524596510753,35.30499024383712,374850.5172143975,264681.877063032,volume,30219411.937699642,264681.877063032,-37.058372497558594,-98086.7959355485,604290151.9580573
INCZY,10,0.38897033327355973,2.2766788513039073,26200.32098251457,1192.9943335652988,volume,30214507.597902864,1192.9943335652988,0.6247174739837646,7.4528440654185815,604290159.4109013
AE,8,0.38896071008488814,35.894031695543504,9299.572378716744,6675.9829143331945,volume,30214507.97054507,6675.9829143331945,-2.943200826644897,-196.48758432132666,604289962.923317
SQM,10,0.38891817825683256,44.32181656813911,1083875.1971775775,960786.3534412042,volume,30214498.146165848,960786.3534412042,-46.30594253540039,-444901.1767124529,603845061.7466044
LUMO,10,0.38889303368485145,11.863651377389079,389575.15880503145,92435.67738707761,volume,30192253.087330222,92435.67738707761,33.47159194946289,30939.69275072456,603876001.4393551
GNZUF,11,0.3888095735850006,0.8775622169620328,7314.264003133569,128.37443468070975,volume,30193800.07196776,128.37443468070975,5.075676918029785,6.515871549740009,603876007.9552267
REX,8,0.38878730351232904,28.62581208302712,180603.93727949823,103398.68740035465,volume,30193800.397761334,103398.68740035465,31.977832794189453,33064.65936827205,603909072.6145949
QNST,10,0.38876731763986744,11.457930225897938,369449.5770286162,84662.5495116278,volume,30195453.63072975,84662.5495116278,146.6057586669922,124120.17301833983,604033192.7876133
QBIO,10,0.3887237799929387,1.6905112060183922,212663.69574290485,7190.207215333329,volume,30201659.639380664,7190.207215333329,-96.76375579833984,-6957.514551239754,604026235.2730621
NSYC,10,0.38870878437192796,268.0345628141002,29.404155233241866,157.6265978571984,volume,30201311.763653107,157.6265978571984,10.671619415283203,16.82131062057916,604026252.0943727
FUNC,9,0.3886498353653819,16.86973560458765,14001.179005092048,4723.923759368128,volume,30201312.60471864,4723.923759368128,71.86349487304688,3394.776708620158,604029646.8710814
RICK,9,0.3886351293966627,36.071209296671746,67590.58173265387,48761.480403247115,volume,30201482.34355407,48761.480403247115,-38.53249740600586,-18789.01617151125,604010857.8549098
GT,10,0.3886163126832502,19.958898905489512,3931034.081896552,1569182.2366921413,volume,30200542.89274549,1569182.2366921413,-34.27252960205078,-537798.4465804367,603473059.4083292
CIIHY,8,0.3885567209802566,21.728534086444213,497.21912187115305,216.07685276018415,volume,30173652.970416464,216.07685276018415,-18.79813766479492,-40.618424243615635,603473018.789905
CYRX,8,0.3884936799688362,18.98121573309835,349424.5015661707,132650.03693315695,volume,30173650.93949525,132650.03693315695,-73.84745025634766,-97958.67003923988,603375060.1198657
ACRS,11,0.388455085283892,12.865034745602117,759616.4023285899,195449.82818573175,volume,30168753.005993284,195449.82818573175,184.9796295166016,361542.36806880095,603736602.4879345
LNC,9,0.38843347980375675,51.53782833702001,1918339.336730694,1977340.8685715867,volume,30186830.124396726,1977340.8685715867,-33.82463836669922,-668828.3980712885,603067774.0898632
CKNHF,11,0.38834593125291095,36.76661540832759,1237.873531714957,910.2484012942405,volume,30153388.70449316,910.2484012942405,1.3224685192108154,12.037748553736062,603067786.1276118
OOBHF,11,0.38830537824607236,4.266497899439277,1212.7180487804878,103.48118015468101,volume,30153389.30638059,103.48118015468101,31.080923080444336,32.16290600661243,603067818.2905177
NAOV,10,0.38828175382745794,52.703453358723415,114364.57593360996,120548.1618721439,volume,30153390.914525885,120548.1618721439,-78.2570571899414,-94337.44397770679,602973480.84654
PIFYF,9,0.38822312081683147,0.6218114455965443,31008.67346138769,385.63096142113363,volume,30148674.042327,385.63096142113363,-41.72592926025391,-160.90810216821927,602973319.9384378
LOB,9,0.3881315209711679,30.656461414432084,204215.54871362293,125210.52178732515,volume,30148665.996921893,125210.52178732515,42.16372299194336,52793.41756317466,603026113.356001
MUR,8,0.3880951707758644,30.28397095151996,2649302.207761662,1604627.8220330377,volume,30151305.667800054,1604627.8220330377,59.14316940307617,949027.7510738911,603975141.1070749
CEAD,10,0.3880836888067668,149.84740102976969,7389.4031311154595,22145.657087177882,volume,30198757.055353746,22145.657087177882,-16.45233917236328,-3643.478615931012,603971497.6284589
REMYF,8,0.388052356339217,129.2502465377084,158.7173657389259,410.28517303143605,volume,30198574.881422944,410.28517303143605,-52.74919891357422,-216.42214203525435,603971281.2063168
GVP,11,0.3880493874168664,17.5598132654841,16854.08859753675,5919.0929706534025,volume,30198564.060315844,5919.0929706534025,44.24890899658203,2619.134062007508,603973900.3403789
ADDDF,8,0.38800945586272206,212.87825711269707,1737.4972613458528,7397.50777466779,volume,30198695.017018944,7397.50777466779,-27.61223030090332,-2042.6168832684982,603971857.7234956
JOB,11,0.3880089715286921,2.3734124672560073,549394.4202273618,26078.791328170133,volume,30198592.886174783,26078.791328170133,-28.27133750915528,-7372.823114695298,603964484.9003808
JINFF,9,0.38788996790231883,2.3717365735584686,5982.423363386907,283.77464578910786,volume,30198224.245019045,283.77464578910786,84.00811767578125,238.39373836854514,603964723.2941192
MEDP,9,0.3878371442209665,143.71290488526262,320176.02280285035,920268.5262321541,volume,30198236.164705962,920268.5262321541,115.89081573486328,1066506.7020016478,605031229.9961209
EVA,10,0.3877387746772984,31.71934416051772,399714.97157190635,253573.93498801708,volume,30251561.499806046,253573.93498801708,-99.99689483642578,-253566.06110255411,604777663.9350184
OXBR,11,0.3877297152370398,3.1416321854552116,351963.9215993728,22114.823684312487,volume,30238883.196750924,22114.823684312487,105.42581176757812,23314.73239015507,604800978.6674086
GSVRF,11,0.38763511444036375,0.17228100251100426,119772.25431034483,412.68968091178317,volume,30240048.93337043,412.68968091178317,-25.769027709960938,-106.34611823030679,604800872.3212904
KEN,8,0.3874967377615459,23.4754022478533,9668.512594962016,4539.4444461033845,volume,30240043.61606452,4539.4444461033845,-53.01567840576172,-2406.617268954382,604798465.7040215
SBHGF,8,0.3874847635961834,19.723244413961293,1750.4900039200313,690.5068438302168,volume,30239923.285201073,690.5068438302168,-19.168437957763672,-132.3593759537072,604798333.3446455
OUKPY,9,0.3873964137105581,3.876714988298764,9047.43786750294,701.4867597330091,volume,30239916.667232275,701.4867597330091,43.40503692626953,304.4805870950042,604798637.8252325
MTTRY,10,0.38736411659839387,2.4069624061457833,16097.499411995295,774.9215183525306,volume,30239931.891261626,774.9215183525306,8.333335876464844,64.57681290331753,604798702.4020455
AMNI,11,0.3872547151734931,0.5095852778879024,12265.18427230047,125.0031467149313,volume,30239935.120102275,125.0031467149313,-99.6021499633789,-124.50582164994843,604798577.8962238
RMAX,9,0.38703339350442945,33.44044101719574,147215.92630341044,98459.31000682064,volume,30239928.89481119,98459.31000682064,-32.274349212646484,-31777.10154396348,604766800.7946798
COHR,10,0.38693201837203184,42.77703992594194,1246025.114330462,1066025.3212888108,volume,30238340.03973399,1066025.3212888108,115.6829833984375,1233209.895449675,606000010.6901294
NNOMF,8,0.3869233114370147,1.361961386499102,52680.18463347707,1434.9675460887822,volume,30300000.53450647,1434.9675460887822,-27.800182342529297,-398.92359436879957,605999611.766535
VYX,11,0.386809989098392,18.474291992973804,2228696.1358460933,823471.6635446628,volume,30299980.588326752,823471.6635446628,10.992579460144045,90520.77694691707,606090132.543482
AMSYF,9,0.38670163171962535,24.022703437364903,86204.92370892019,41417.50634200113,volume,30304506.627174098,41417.50634200113,12.108744621276855,5015.140071454062,606095147.6835533
LYSDY,9,0.3866896395044297,2.6705017643248694,66624.47001176009,3558.415294272293,volume,30304757.38417767,3558.415294272293,6.075648784637451,216.19681557880776,606095363.880369
SWGAF,9,0.38660859765764977,311.18964682601865,162.73205178501374,1012.8105944450361,volume,30304768.19401845,1012.8105944450361,-13.68451976776123,-138.598266006811,606095225.282103
LYSCF,9,0.38660446098797585,2.666291652334199,77020.8792630341,4107.202548689361,volume,30304761.26410515,4107.202548689361,5.513115882873535,226.4348360535798,606095451.716939
FLEX,8,0.3864675312845383,13.31021797204083,5844644.119467294,1555869.7439823265,volume,30304772.58584695,1555869.7439823265,44.448768615722656,691564.9424647407,606787016.6594037
HAS,10,0.3864568532148796,81.57461798078961,1322770.9122257053,2158090.63681825,volume,30339350.832970187,2158090.63681825,-2.956773519515991,-63809.85247659605,606723206.8069271
DCO,9,0.3863983204010046,39.196245099010184,64906.17501957713,50881.566890131944,volume,30336160.340346355,50881.566890131944,55.08707809448242,28029.168488463296,606751235.9754156
BFLBY,10,0.3863306171242961,7.5484303510245025,686.6627543035994,103.66451951006741,volume,30337561.79877078,103.66451951006741,31.74825096130371,32.911671811885846,606751268.8870873
ICTY,11,0.38629075887596087,0.0004304467092066514,22040176.108934168,189.7424255285154,volume,30337563.44435437,189.7424255285154,200.00003051757807,379.48490896182363,606751648.3719963
TGB,10,0.38620661027142905,1.1929208292779665,1173592.8258140448,28000.06654009525,volume,30337582.418599814,28000.06654009525,43.81330490112305,12267.754525729266,606763916.126522
MFBP,9,0.38617639152140576,7.535839217597363,1498.6470588235295,225.87126558438595,volume,30338195.8063261,225.87126558438595,4.483610153198242,10.127186996898894,606763926.253709
CPS,11,0.3859607497403707,50.778837144608225,181098.6628817541,183919.59019157797,volume,30338196.31268545,183919.59019157797,5.441275119781494,10007.570901498417,606773933.8246105
TRMLF,8,0.3859278003079027,28.157696223895254,24493.841836734693,13793.803155898242,volume,30338696.691230524,13793.803155898242,42.06672286987305,5802.600946807516,606779736.4255573
IPGDF,9,0.3858882832743575,4.752703642106813,1334.6530772246178,126.86421082149015,volume,30338986.821277864,126.86421082149015,-61.31209182739258,-77.78310143496896,606779658.6424558
AMADF,9,0.38587763983915757,61.75377139089999,1361.4749608763693,1681.5242697678766,volume,30338982.932122793,1681.5242697678766,53.59122085571289,901.1493851537163,606780559.7918409
MDMP,11,0.3857928146863273,0.053051156510632864,462157.2034496276,490.35948265445177,volume,30339027.989592046,490.35948265445177,-28.09160423278809,-137.74984518523576,606780422.0419958
FFXDF,8,0.38569080201021017,12.69972273848833,23155.914238134887,5881.473811610546,volume,30339021.10209979,5881.473811610546,11.573575019836426,680.6967838587794,606781102.7387797
NNDNF,8,0.3854121969111803,45.434110191372135,2761.3845550764404,2509.2210031219224,volume,30339055.136938985,2509.2210031219224,-68.29216766357422,-1713.6014145016422,606779389.1373651
COF,9,0.3854088586379471,100.8980735578664,2895184.0563821457,5842369.8776881555,volume,30338969.456868257,5842369.8776881555,55.8114128112793,3260709.1703983694,610040098.3077635
DLNG,10,0.3853563753505006,7.157507286700963,111701.30070477682,15990.057474568312,volume,30502004.915388174,15990.057474568312,56.97691345214844,9110.64120823358,610049208.9489716
SEKEF,8,0.3852470723889931,16.89270479134231,355.3845550764406,120.0681275261769,volume,30502460.44744858,120.0681275261769,-19.513835906982425,-23.429897382044555,610049185.5190742
DRTTF,11,0.3851485265191797,3.065112684817639,70204.72122161316,4303.7076310090515,volume,30502459.27595371,4303.7076310090515,20.209171295166016,869.7436471937506,610050055.2627214
EEX,10,0.38513544712417136,8.641028036333443,167690.1209761163,28980.300735415356,volume,30502502.763136074,28980.300735415356,4.226901531219482,1224.9687755372827,610051280.2314969
JPXGY,9,0.38503681158319464,9.260091161449981,43304.44837635304,8020.062793226675,volume,30502564.01157485,8020.062793226675,93.28141784667967,7481.228285715864,610058761.4597826
FISK,11,0.38500253565178577,13.403217801476197,1435.1555033294164,384.71403580222733,volume,30502938.072989132,384.71403580222733,16.538042068481445,63.624169084325125,610058825.0839517
GTN,10,0.38484625875922823,14.137184555067163,912400.2507836991,257975.41466837437,volume,30502941.254197586,257975.41466837437,-59.790771484375,-154245.49067023656,609904579.5932815
ANSLY,9,0.3847891407738056,77.30742960617948,1560.0164319248827,2412.0172099103233,volume,30495228.979664076,2412.0172099103233,29.29595184326172,706.6234002665133,609905286.2166818
C,9,0.3847324281467168,58.388345093048045,18764844.3157277,21912964.1104806,volume,30495264.310834095,21912964.1104806,45.6299934387207,9998884.08584152,619904170.3025234
CRECF,9,0.38443817386186163,0.6937539933939277,28088.374314800312,389.7284369767229,volume,30995208.51512617,389.7284369767229,-74.18566131591797,-289.1226183073725,619903881.179905
LNNGF,9,0.3843158100335388,3.448722766374243,16811.760094080753,1159.5819955855654,volume,30995194.058995254,1159.5819955855654,-75.28888702392578,-873.0363786062004,619903008.1435264
AGIO,8,0.38417812243005905,51.503712830968865,635032.4730046948,654130.6025594758,volume,30995150.407176323,654130.6025594758,-34.107322692871094,-223106.4354477825,619679901.7080786
RELL,9,0.384157940726772,9.039498234393315,67306.90787926303,12168.413498741435,volume,30983995.085403934,12168.413498741435,-37.933685302734375,-4615.927682948026,619675285.7803956
CMRX,10,0.38410399474367973,7.928158883597576,910887.8962411903,144433.279330922,volume,30983764.289019782,144433.279330922,115.41229248046876,166693.75878053613,619841979.5391761
MSB,10,0.3840732047711912,20.736225007235515,60734.354762838106,25188.024920629538,volume,30992098.976958808,25188.024920629538,47.45616149902344,11953.269784748223,619853932.8089609
WILC,8,0.38395804277421003,10.939311627926058,6705.096584216725,1466.9828206017864,volume,30992696.64044805,1466.9828206017864,-52.21451568603516,-765.9779749745609,619853166.8309859
FACO,11,0.3838588303257941,1.6366509982664539,18400.65256560909,602.308927805166,volume,30992658.341549296,602.308927805166,-10.544025421142578,-63.507606461588004,619853103.3233795
FKWL,9,0.38380943417417623,4.232839880716179,11870.972189580885,1004.9584901386127,volume,30992655.166168977,1004.9584901386127,49.36368560791016,496.0845495620256,619853599.4079291
COKE,9,0.38366121248415114,372.85249378500083,46374.715740015665,345818.5682447074,volume,30992679.970396455,345818.5682447074,192.09194946289065,664289.6293459154,620517889.037275
LYB,9,0.3836599949224321,90.574339516347,2613257.952175617,4733882.260082961,volume,31025894.45186375,4733882.260082961,21.164627075195312,1001908.5265253863,621519797.5638003
FUSEF,10,0.3836162113715254,0.15536545299152635,94493.62044653349,293.62088290970064,volume,31075989.87819002,293.62088290970064,-16.794118881225586,-49.31104013595931,621519748.2527603
UEC,10,0.3836101787738883,2.4903434071941315,3976192.9481946626,198041.7178853675,volume,31075987.412638016,198041.7178853675,123.98350524902344,245539.06368966083,621765287.31645
SANM,11,0.3835906075287166,37.638251675105195,482716.628381027,363372.19893526647,volume,31088264.3658225,363372.19893526647,19.439542770385746,70637.8940277123,621835925.2104777
SIM,9,0.3835820061190361,16.612406773083073,3804.451979615837,1264.0220766807888,volume,31091796.260523885,1264.0220766807888,-6.863945007324219,-86.76178022380691,621835838.4486974
EMX,8,0.38356461966535393,1.5433555209926078,135150.47337509788,4171.7045849644355,volume,31091791.922434874,4171.7045849644355,-23.20865058898925,-968.1963407292401,621834870.2523568
SHYF,9,0.38349282450828487,16.394535469756505,236153.45119560955,77432.52263863666,volume,31091743.51261784,77432.52263863666,-38.45403671264648,-29775.930682989634,621805094.3216738
OMEX,9,0.3832366860333682,4.93660544554704,264549.2755782046,26119.50788869779,volume,31090254.71608369,26119.50788869779,-71.22196960449219,-18602.82796933128,621786491.4937044
DE,9,0.38320293095935853,227.53010575511817,2177089.7016444793,9907069.00107094,volume,31089324.574685223,9907069.00107094,13.702045440673828,1357471.0963656509,623143962.59007
ENVA,10,0.38317982543594525,29.45344473853432,287400.8643334644,169298.90950905386,volume,31157198.129503503,169298.90950905386,82.79341888427734,140168.35531634462,623284130.9453863
GBX,9,0.3830730685135174,40.51407363972289,455986.9811985899,369477.80270069215,volume,31164206.547269315,369477.80270069215,98.2669677734375,363074.6333098941,623647205.5786963
QDEL,9,0.38306123785765606,72.26320270761141,506102.85378283024,731452.2622761856,volume,31182360.278934814,731452.2622761856,-38.96220016479492,-284989.89453796815,623362215.6841583
ASUR,10,0.3829898760636452,8.577155013972419,138186.62480438183,23704.962036096586,volume,31168110.784207918,23704.962036096586,-31.99060821533203,-7583.361532560854,623354632.3226258
TWI,10,0.3828213209425613,8.850303763497381,468390.14795918367,82907.90178536517,volume,31167731.61613129,82907.90178536517,-37.10274505615234,-30761.10743082921,623323871.215195
SILXY,10,0.38267727513027494,4.895045077109141,1172.3422187377498,114.7733601303886,volume,31166193.56075975,114.7733601303886,51.105106353759766,58.6550477604188,623323929.8702427
MCY,9,0.3826677494533773,50.294860850311366,249396.83731869856,250867.58458903368,volume,31166196.49351214,250867.58458903368,110.36675262451172,276874.4064984665,623600804.2767413
NOTV,11,0.3825373433043891,6.9365758547498775,168869.41709133674,23427.510424029053,volume,31180040.213837065,23427.510424029053,93.9605484008789,22012.61727109077,623622816.8940123
BCH,8,0.3824090123744013,23.12385548448339,135092.17097026604,62477.03677203109,volume,31181140.84470062,62477.03677203109,42.51220703125,26560.367219516047,623649377.2612319
FTI,9,0.38232505236905107,17.81733635636437,5963282.976498238,2124996.3716090154,volume,31182468.863061596,2124996.3716090154,181.31776428222656,3852995.912079902,627502373.1733118
HLNE,9,0.382295761612766,71.91050456754435,209796.55058464667,301731.5161814457,volume,31375118.658665594,301731.5161814457,176.72938537597656,533248.2540330841,628035621.4273449
NAK,11,0.38228871580459317,0.6456124255384758,4077081.205801646,52644.285727898685,volume,31401781.07136725,52644.285727898685,63.554107666015625,33457.60603151363,628069079.0333765
TLF,9,0.38225097666187,5.827348076473787,10629.932103610676,1238.8862879404526,volume,31403453.951668825,1238.8862879404526,11.579801559448242,143.46057369071897,628069222.4939501
NSUPF,10,0.38219876098027367,0.35935778466685986,33650.714229713834,241.85292236095083,volume,31403461.124697506,241.85292236095083,14.010061264038086,33.88374259163568,628069256.3776928
PLOW,8,0.3821952438132225,33.681567971540964,115369.71775774207,77716.65981029773,volume,31403462.81888464,77716.65981029773,-24.23257827758789,-18832.750423257086,628050423.6272695
GAP,9,0.3821910647523447,22.688213853055338,7186219.987465726,3260849.917414461,volume,31402521.18136348,3260849.917414461,112.13387298583984,3656517.3046523947,631706940.931922
AXGN,8,0.3821457542505474,13.70138106967362,300467.9303599374,82336.51226155317,volume,31585347.0465961,82336.51226155317,-22.79635429382324,-18769.723048320877,631688171.2088736
LEA,9,0.38214531535166385,136.60447265792482,657694.567620541,1796880.3915957175,volume,31584408.560443684,1796880.3915957175,-12.330771446228027,-221569.21424975508,631466601.9946239
NBPVF,10,0.3820535487791295,15.534045472513316,1349.1803214425715,419.1645692781808,volume,31573330.099731196,419.1645692781808,-1.472843050956726,-6.173636230686378,631466595.8209877
PI,8,0.382042659621042,59.60950472039996,463900.9514150943,553058.119063522,volume,31573329.791049387,553058.119063522,-5.03576135635376,-27850.68703797781,631438745.1339498
AMN,11,0.3820322033716609,60.80744916433833,598834.68114241,728272.1886281971,volume,31571937.25669749,728272.1886281971,-55.64489364624024,-405246.2848173064,631033498.8491324
VYST,9,0.38197315453755165,3.8097121688261697,37510.12367491166,2858.055492369711,volume,31551674.94245662,2858.055492369711,-96.71649169921876,-2764.2110030368176,631030734.6381294
ASIX,8,0.38188647271822845,30.14788082824883,222997.64440172995,134458.1281680713,volume,31551536.73190647,134458.1281680713,-40.55167007446289,-54525.01652301473,630976209.6216063
DUAVF,10,0.3818833957575501,142.41316830449117,101.34338292873923,288.65264499154074,volume,31548810.48108032,288.65264499154074,1.7831841707229614,5.147208273862299,630976214.7688147
DELL,11,0.3818362174677066,44.17211462644553,5933988.439314612,5242336.350668154,volume,31548810.738440737,5242336.350668154,-17.805458068847656,-933422.0007461766,630042792.7680684
KBLB,11,0.38174558658953445,0.08314355122752744,1212573.279498236,2016.3529716218509,volume,31502139.638403423,2016.3529716218509,-19.67186737060547,-396.6542823007126,630042396.1137861
SFES,11,0.3817409670439898,8.871791852205138,63413.80203841631,11251.881044835427,volume,31502119.805689305,11251.881044835427,-10.224149703979492,-1150.409162537666,630041245.7046236
LEE,8,0.38166521507820594,20.768507215940264,26512.605252842022,11012.544670140505,volume,31502062.28523118,11012.544670140505,-73.21443176269531,-8062.77200285636,630033182.9326208
VLO,9,0.3816428285979068,88.45216724439186,4447941.817824892,7868601.871271434,volume,31501659.14663104,7868601.871271434,16.697538375854492,1313862.8170987524,631347045.7497195
KEGS,11,0.38155815480323296,0.0013383692682104025,12551077.383379066,335.95952505690354,volume,31567352.287485976,335.95952505690354,11.111098289489746,37.32879304197549,631347083.0785125
MBUU,9,0.38139667291886664,40.8098804600236,179807.15601724814,146758.1708584142,volume,31567354.153925627,146758.1708584142,-19.08344459533692,-28006.51422489537,631319076.5642877
FELTY,9,0.38137953397402535,8.833336387668645,10688.946729338033,1888.381241802268,volume,31565953.828214385,1888.381241802268,62.24421691894531,1175.408116404077,631320251.9724041
GNRC,9,0.381225025076914,122.166438986169,814840.8272620447,1990924.044142961,volume,31566012.598620206,1990924.044142961,3.478340148925781,69251.11036204145,631389503.0827662
SHCAF,11,0.38117776114079294,14.87079772020218,369.81575852606824,109.98910677568591,volume,31569475.15413831,109.98910677568591,8.333311080932617,9.165734422757042,631389512.2485006
VOC,9,0.3808774733754729,5.020321947478949,85760.82881821752,8610.93942300165,volume,31569475.61242503,8610.93942300165,-37.68553924560547,-3245.0789556706,631386267.1695449
TWI,8,0.3806406930703266,8.850303763497381,468390.14795918367,82907.90178536517,volume,31569313.35847725,82907.90178536517,41.42261505126953,34342.621003636435,631420609.7905486
FOSYF,11,0.38063281148689515,0.2749667056970067,20544.888366627496,112.9832054616864,volume,31571030.48952743,112.9832054616864,-36.938209533691406,-41.733973171318794,631420568.0565754
SUPN,8,0.38054792582162367,29.039972584481333,565049.9631372549,328180.7087673614,volume,31571028.40282877,328180.7087673614,-9.602564811706545,-31513.765258903783,631389054.2913165
KFRC,9,0.38050874634916165,41.267718549524275,141443.12896903176,116740.70474116133,volume,31569452.71456583,116740.70474116133,0.1736020594835281,202.6642676862408,631389256.9555843
ACIC,11,0.38049356894158887,11.671189359003016,197287.7386541471,46051.651120840994,volume,31569462.847779214,46051.651120840994,7.469426155090332,3439.794073671047,631392696.749658
BTCY,11,0.3804807969577051,10.16789579317844,24541.79694519317,4990.768678321383,volume,31569634.8374829,4990.768678321383,-74.2283935546875,-3704.567415948472,631388992.182242
VCEL,9,0.3803797785523162,21.107127025074053,536962.0957989792,226674.54327358073,volume,31569449.609112103,226674.54327358073,81.0281753540039,183670.24640660445,631572662.4286487
KEWL,11,0.38027870732344893,67.8230228102567,706.5907487259898,958.4624093671833,volume,31578633.12143244,958.4624093671833,22.384552001953125,214.54751644397,631572876.9761652
ORGO,11,0.3800383650830731,7.569832822341405,537340.0858283433,81351.4923692628,volume,31578643.84880826,81351.4923692628,22.55229377746582,18346.62755146884,631591223.6037166
VLKPF,8,0.3799857862438039,165.55486655263374,1173.8009422850412,3886.5691671871145,volume,31579561.180185832,3886.5691671871145,-39.4148063659668,-1531.8837115261697,631589691.7200052
MKGAF,8,0.37989721653260433,138.0592201857976,713.0333202665621,1968.8164832498328,volume,31579484.58600026,1968.8164832498328,-38.49384307861328,-757.8731275680632,631588933.8468776
DUTV,9,0.3798760336716266,0.0040404972659385625,2462212.70321065,198.97127390963658,volume,31579446.69234388,198.97127390963658,-49.13764190673828,-97.7697920709926,631588836.0770855
ACNT,9,0.37983232064690464,12.036506261997193,24532.183489827858,5905.635603915543,volume,31579441.803854275,5905.635603915543,-32.39837646484375,-1913.330055598406,631586922.7470299
LITOF,10,0.37977315538987205,0.5793296739821199,57893.36534692277,670.7868894432105,volume,31579346.137351498,670.7868894432105,-74.92138671875,-502.5628394984218,631586420.1841904
DKL,9,0.3797127734649178,36.40864522156532,68514.6577916993,49890.51736029872,volume,31579321.00920952,49890.51736029872,-17.530426025390625,-8746.020239531834,631577674.1639508
TTGT,10,0.379633912280874,31.20428376781697,186450.3108320251,116360.9681560038,volume,31578883.70819754,116360.9681560038,-29.28639411926269,-34077.931735157035,631543596.2322156
XROLF,8,0.37960806089251503,49.727980740265984,1377.4762465645858,1369.9822451867522,volume,31577179.811610784,1369.9822451867522,-32.24614334106445,-441.76643853005316,631543154.465777
MSN,10,0.37957307860042344,0.970359233151413,71215.12387299098,1382.0850598035684,volume,31577157.723288853,1382.0850598035684,-25.040700912475582,-346.08378618142086,631542808.3819909
ZIVO,9,0.3793627097014393,5.963435417210115,27310.776599921475,3257.3210489496996,volume,31577140.419099547,3257.3210489496996,-13.301694869995115,-433.27890686741324,631542375.103084
IVFH,11,0.3793552284029298,0.6676535078213758,57349.28341826735,765.789004904969,volume,31577118.7551542,765.789004904969,67.1069107055664,513.897343714623,631542889.0004277
CHCI,9,0.37931599341165795,3.6904757224029177,84614.99647611589,6245.391804926283,volume,31577144.450021386,6245.391804926283,133.8693389892578,8360.664726544093,631551249.6651542
UEC,11,0.3792796482058599,2.4903434071941315,3976192.9481946626,198041.7178853675,volume,31577562.48325771,198041.7178853675,10.421926498413086,20639.762274207606,631571889.4274284
LSCC,10,0.3792245543137692,31.908765165817968,1584164.2646021168,1010974.5100653933,volume,31578594.47137142,1010974.5100653933,-32.99715042114258,-333592.779805687,631238296.6476226
VS,10,0.37920870138044094,610.8300168711763,105570.43737730663,1289711.8408855535,volume,31561914.83238113,1289711.8408855535,-71.20352172851562,-918320.250860184,630319976.3967625
ADTTF,11,0.37892224179414036,13.622082395173015,635.4460093896714,173.12195795179977,volume,31515998.819838125,173.12195795179977,78.07791900634766,135.17002211180946,630320111.5667846
WLDN,11,0.37881044554087245,26.235893223488805,73912.18138987044,38783.04197719554,volume,31516005.578339234,38783.04197719554,29.45912742614746,11425.145755798296,630331536.7125404
MNGPF,10,0.37877535925729255,2.34522147615112,2679.3061544492357,125.67132669196434,volume,31516576.83562702,125.67132669196434,-7.729808807373047,-9.714153278978014,630331526.9983872
INTU,9,0.3785916246392221,309.36302783506983,1509706.564484516,9340947.87862822,volume,31516576.349919364,9340947.87862822,59.45532989501953,5553691.376560236,635885218.3749474
SMTSF,11,0.3785233156919019,1.4581261466106497,156947.5895727166,4576.9876800699,volume,31794260.918747373,4576.9876800699,-17.578296661376953,-804.5564725573616,635884413.8184749
ACLS,8,0.3784869066683566,46.55617375515623,356412.5125195618,331864.0572274503,volume,31794220.690923747,331864.0572274503,79.65446472167969,264344.53838817426,636148758.356863
WHITF,10,0.3784286282876598,2.7141735419999584,15860.066352571654,860.9394493702754,volume,31807437.91784315,860.9394493702754,-12.895631790161133,-111.02358132703144,636148647.3332816
FPBC,11,0.3783845167936595,7.983076776750313,1483.3333333333333,236.8312777102593,volume,31807432.36666408,236.8312777102593,-6.140971660614014,-14.543741647657095,636148632.7895399
CTLP,11,0.37830447838227527,6.523388804358809,428525.9608457322,55908.82910716301,volume,31807431.639477,55908.82910716301,44.114540100097656,24663.922835974496,636173296.7123759
GARWF,8,0.3782997012762436,0.21920556161819693,70183.30943987466,307.69143523982854,volume,31808664.835618794,307.69143523982854,-71.6312026977539,-220.40307566026976,636173076.3093002
PLX,11,0.3781461277421438,5.288075227472933,427229.86750294,45184.47357557681,volume,31808653.81546501,45184.47357557681,50.63962936401367,22881.249948752793,636195957.5592489
SLAB,11,0.3781174312169203,102.02688953036282,322607.7565660525,658293.3188160564,volume,31809797.877962448,658293.3188160564,-2.558786392211914,-16844.31986270544,636179113.2393862
AX,9,0.3780248057608094,35.2338830365075,630440.0492957747,444257.019168347,volume,31808955.66196931,444257.019168347,73.38864135742188,326034.1905026311,636505147.4298888
YKLTY,8,0.37802039583681224,14.34284649711522,1108.9438555162938,318.1082298717864,volume,31825257.371494442,318.1082298717864,-14.318877220153809,-45.54952686254574,636505101.880362
POAHF,8,0.37799695223669477,66.79472362887668,2364.3441787534302,3158.514319667576,volume,31825255.0940181,3158.514319667576,-46.7884635925293,-1477.8203225224881,636503624.0600395
REDW,10,0.3778840494608673,88.11735404404469,111.16408422725466,195.90969933670007,volume,31825181.203001976,195.90969933670007,0.0,0.0,636503624.0600395
KOREF,9,0.37782853225644636,0.3189010198685508,31906.308114464915,203.4990839588616,volume,31825181.203001976,203.4990839588616,-38.04099655151367,-77.41307951115246,636503546.64696
CKNHF,10,0.3778070062820085,36.76661540832759,1237.873531714957,910.2484012942405,volume,31825177.332348004,910.2484012942405,40.32011032104492,367.0131595973854,636503913.6601197
FRCOF,8,0.37778323382623785,182.2727580625218,154.21073247160203,562.1683106088118,volume,31825195.683005985,562.1683106088118,29.78573226928711,167.44594790071503,636504081.1060675
MNTX,11,0.3777353786457405,6.852859664832503,63608.13406507252,8717.952325795875,volume,31825204.05530338,8717.952325795875,-13.65206527709961,-1190.1805423440765,636502890.9255252
CNVAF,8,0.3777169345292417,4.804206774337126,38732.79283182355,3721.6069142328633,volume,31825144.54627626,3721.6069142328633,-64.24314880371094,-2390.877467799813,636500500.0480573
KUBTF,8,0.37769778959315264,16.213217345745786,1738.8090944727558,563.8337954289242,volume,31825025.002402868,563.8337954289242,-37.37270736694336,-210.7199544015819,636500289.328103
IVPAF,8,0.37766852302809106,4.829976082514053,149665.0705605645,14457.574223906091,volume,31825014.46640515,14457.574223906091,17.178560256958008,2483.603099748137,636502772.9312028
DEI,11,0.3773022852746619,29.775360233632494,1273178.8007047768,758187.1486561784,volume,31825138.64656014,758187.1486561784,37.08803939819336,281196.7484056423,636783969.6796085
PRTG,10,0.3772965132200542,251.27945965152307,62049.28341826735,311834.2081821286,volume,31839198.483980425,311834.2081821286,-91.50933837890624,-285357.42074656696,636498612.2588619
WBA,9,0.3772946605839446,55.55237729230206,7381993.269336474,8201745.505348285,volume,31824930.612943098,8201745.505348285,-73.2844009399414,-6010600.06021306,630488012.1986488
CE,9,0.3772933866534944,106.95432885574968,989691.9107632093,2117036.681792871,volume,31524400.60993244,2117036.681792871,45.28462600708008,958692.1437825996,631446704.3424314
IAC,8,0.3771569000914687,52.819677909713555,2543601.679075235,2687044.42838721,volume,31572335.21712157,2687044.42838721,-62.58412170410156,-1681663.1553051313,629765041.1871264
X,9,0.3771232984598354,24.021619542889095,12547582.721633295,6028265.166440078,volume,31488252.05935632,6028265.166440078,89.37788391113281,5387935.842316071,635152977.0294424
ZSHGY,9,0.3769902394268279,32.61166463991162,439.3489010989011,286.5579804510212,volume,31757648.851472124,286.5579804510212,-67.4572525024414,-193.30414043874205,635152783.725302
MI,9,0.37698970765816,156.33910969950574,17652.30267192291,55194.90567749269,volume,31757639.1862651,55194.90567749269,-81.07080841064453,-44746.95623423606,635108036.7690678
FERN,10,0.37690339209827145,0.003694731694087497,12359373.469643557,913.2913775471242,volume,31755401.83845339,913.2913775471242,-77.52808380126953,-708.0573045345034,635107328.7117633
PUTKY,10,0.37682066424423727,34.25940019913348,4226.892983143865,2896.2163661686973,volume,31755366.435588166,2896.2163661686973,-3.622248649597168,-104.9081582129578,635107223.8036051
DGICB,9,0.37672160807113475,14.841615221181446,677.4131031777167,201.07809246300317,volume,31755361.190180257,201.07809246300317,-8.758256912231445,-17.61093593212411,635107206.1926692
CVNA,11,0.3767060839368373,99.63213921249346,5543077.360332295,11045373.10460496,volume,31755360.30963346,11045373.10460496,108.51722717285156,11986132.624013212,647093338.8166823
SKM,8,0.37652524731675674,34.688829170774355,321239.19835358683,222868.23349288144,volume,32354666.94083412,222868.23349288144,-39.60709762573242,-88271.63881627083,647005067.1778661
CPRX,10,0.3764054727986685,6.539735001610328,1365782.1867658575,178637.07142737147,volume,32350253.358893305,178637.07142737147,57.89247131347656,103417.41533132567,647108484.5931975
ALNT,8,0.37630944495291196,25.12851590543099,73403.88106416275,36890.61185682357,volume,32355424.229659874,36890.61185682357,-21.90941047668457,-8082.515579071944,647100402.0776184
GDDY,8,0.37627344361118875,69.75127960438631,1325235.6318367347,1848737.621958793,volume,32355020.10388092,1848737.621958793,30.122276306152344,556881.8546622178,647657283.9322805
NTDOF,8,0.37615068917854266,37.43159646961746,11308.836926695414,8466.156407615434,volume,32382864.196614027,8466.156407615434,-1.3163769245147705,-111.44652934317823,647657172.4857513
SM,9,0.37613515435979966,27.05977655999196,3124347.2747941986,1690882.7830350164,volume,32382858.624287564,1690882.7830350164,-6.290883541107178,-106371.46669736484,647550801.0190539
AKTS,11,0.37612321180836067,5.454027250492065,1523083.0649188515,166138.73081660783,volume,32377540.0509527,166138.73081660783,-83.0485610961914,-137975.82536666753,647412825.1936873
MNGGF,11,0.37593294432282637,0.5731226168704332,23350.07487259898,267.6491203020895,volume,32370641.25968437,267.6491203020895,-14.517662048339844,-38.8563947608119,647412786.3372926
CRUS,9,0.3758278058650201,63.91056576238168,881240.907595928,1126412.0995482095,volume,32370639.31686463,1126412.0995482095,84.03667449951172,946599.2696204447,648359385.606913
TRGP,9,0.3756814213322253,60.162101638560394,2056951.8245682889,2475010.894705993,volume,32417969.28034565,2475010.894705993,131.19883728027344,3247185.5164143555,651606571.1233273
SBLK,10,0.37564359324358015,14.518782835341304,939959.3806350451,272941.3224296427,volume,32580328.556166366,272941.3224296427,-13.891826629638672,-37916.53531256905,651568654.5880147
XPL,8,0.3755257079785501,0.5660602663269594,247374.53513937967,2800.5779048701,volume,32578432.72940074,2800.5779048701,4.069773197174072,113.97716893838252,651568768.5651838
RJDG,11,0.37543574827684645,0.007454045484583925,991962.2779302235,147.88263877366737,volume,32578438.42825919,147.88263877366737,0.2663136124610901,0.39383159752093827,651568768.9590154
ASBFF,11,0.3753322183517995,32.18189015294991,1706.1980392156863,1098.173557544355,volume,32578438.44795077,1098.173557544355,-14.298683166503906,-157.02435761159177,651568611.9346578
EQNR,8,0.37530984334394024,22.495761817173076,2818837.9964747354,1268238.16339786,volume,32578430.596732892,1268238.16339786,13.139931678771973,166645.62819459126,651735257.5628524
CSBR,11,0.3752836043317637,6.392785822962445,36584.98707909162,4677.599734649622,volume,32586762.87814262,4677.599734649622,24.40185546875,1141.4211266558343,651736398.983979
HLIT,8,0.37522842924187927,7.691937699867267,839972.0313479623,129220.2506951896,volume,32586819.94919895,129220.2506951896,-9.52668285369873,-12310.403466485142,651724088.5805124
SHWGY,11,0.3751848779446408,4.280523318162109,1818.2324578596629,155.65972867414982,volume,32586204.42902562,155.65972867414982,-6.488535404205322,-10.100036605112155,651724078.4804758
HLOC,10,0.37514463311995,3.271048318868564,3183.848538529672,208.2904481897924,volume,32586203.924023792,208.2904481897924,21.645566940307617,45.085648393188265,651724123.5661242
LUNMF,10,0.3751260948372625,6.3664366955011324,75900.11838494708,9664.265977576146,volume,32586206.17830621,9664.265977576146,3.269846677780152,316.00667999961115,651724439.5728042
BC,9,0.3751188931167422,66.19564166016795,871399.1623630673,1153656.5338951224,volume,32586221.978640214,1153656.5338951224,20.71427154541016,238971.54713240245,651963411.1199366
RCKY,11,0.3751000679987668,24.91659934882415,44506.62093296746,22179.072843134803,volume,32598170.55599683,22179.072843134803,-37.45854568481445,-8307.958133413926,651955103.1618031
DTLAP,8,0.3750531789059688,15.61065387867534,13842.55716523101,4321.827374043972,volume,32597755.15809016,4321.827374043972,-99.533935546875,-4301.684872928127,651950801.4769301
PANW,9,0.3750147019312163,120.34643275202232,4377124.785574284,10535427.073086515,volume,32597540.073846508,10535427.073086515,109.23589324951172,11508467.870936943,663459269.3478671
ITRN,8,0.3747240346966343,25.635705185609442,42934.053704429636,22012.89486379762,volume,33172963.467393357,22012.89486379762,1.1315326690673828,249.08309679132603,663459518.4309639
ARR,10,0.3746481812867782,75.90837713437088,445820.9945226917,676830.9637329755,volume,33172975.921548195,676830.9637329755,-25.153573989868164,-170247.1772489118,663289271.253715
DRS,8,0.374642098702672,8.259299143133633,382973.62999216915,63261.875480742,volume,33164463.562685754,63261.875480742,102.9576187133789,65132.920548394875,663354404.1742634
CX,8,0.37459959659968367,6.286038443924584,9390173.765857479,1180539.8657462439,volume,33167720.20871317,1180539.8657462439,7.758098602294922,91587.44682399368,663445991.6210873
LTGHY,10,0.3744921855667991,6.750139879086867,25138.07565660525,3393.710539463078,volume,33172299.581054367,3393.710539463078,-16.868576049804688,-572.4706432595663,663445419.150444
CHRW,9,0.37445891923834546,85.1352623347295,1416753.1186374314,2412312.9683748777,volume,33172270.957522202,2412312.9683748777,13.093262672424316,315850.4734302789,663761269.6238743
NTDOY,8,0.37445189742980417,9.338874560624934,1762996.0627205018,329287.9816124483,volume,33188063.481193718,329287.9816124483,-1.465172290802002,-4824.636263526783,663756444.9876108
MIND,11,0.37444559639561087,256.37286758292004,8761.859270874167,44926.05973264006,volume,33187822.249380544,44926.05973264006,30.818553924560547,13845.561944883959,663770290.5495557
DKILF,8,0.3743708750230929,133.88051295299127,636.7638997650744,1705.0055506099054,volume,33188514.527477786,1705.0055506099054,-34.989990234375,-596.5812756539576,663769693.96828
IMO,8,0.3742543967047362,37.182535254469485,417688.3902821317,310614.26594095945,volume,33188484.698413998,310614.26594095945,56.87247467041016,176654.01971995263,663946347.9879999
PR,10,0.3741837256523003,10.778488806470595,6270437.643804298,1351716.8391083295,volume,33197317.399399996,1351716.8391083295,23.49630355834961,317603.4917662213,664263951.4797661
AWRE,8,0.3741718532814736,3.3391744588648957,31367.082159624413,2094.8031919306914,volume,33213197.573988307,2094.8031919306914,-49.842567443847656,-1044.1036937539284,664262907.3760724
FORTY,10,0.37413065281992974,60.00364664886869,1155.7508813160987,1386.985349932195,volume,33213145.36880362,1386.985349932195,27.88749122619629,386.79541777096875,664263294.1714902
IESC,9,0.3741222961336915,39.65634595021185,50754.22100313479,40254.538930676434,volume,33213164.70857451,40254.538930676434,551.0423583984375,221819.56068601657,664485113.7321762
SEOAY,9,0.3741189445927636,13.533355551951075,34919.79263034104,9451.639389336124,volume,33224255.68660881,9451.639389336124,-5.806789398193359,-548.8367940154376,664484564.8953822
AZLCZ,11,0.3740312945215252,294.4805946648587,36.08528951486698,212.5283502998324,volume,33224228.24476911,212.5283502998324,39.468074798583984,83.88084826453444,664484648.7762303
RMAX,10,0.37378650349475323,33.44044101719574,147215.92630341044,98459.31000682064,volume,33224232.43881152,98459.31000682064,-39.53659057617188,-38927.454281520506,664445721.3219488
RF,10,0.37378463458582467,16.189737370415138,12079051.822814582,3911133.5339000463,volume,33222286.06609744,3911133.5339000463,21.902076721191406,856619.4672630329,665302340.7892119
CAIXY,9,0.37366526094380453,1.2287275571032124,251014.21830985916,6168.561745240914,volume,33265117.039460596,6168.561745240914,88.73469543457031,5473.65447733294,665307814.4436891
YY,9,0.3736034744086596,59.3307224201791,1048637.7396937574,1244328.6930618868,volume,33265390.722184457,1244328.6930618868,39.46846008300781,491117.3735225436,665798931.8172117
SNV,9,0.3735894467184803,37.42904152789802,1234132.3163465308,923847.7943891056,volume,33289946.59086059,923847.7943891056,8.15930461883545,75379.55575859972,665874311.3729703
BMRA,9,0.3735495888521236,2.8589054386077537,243288.02621283254,13910.749225760253,volume,33293715.568648517,13910.749225760253,-91.536865234375,-12733.463771876026,665861577.9091985
VWAGY,8,0.3735179790581037,18.48741106168869,371731.01766784454,137446.88256010605,volume,33293078.895459928,137446.88256010605,-55.26025772094727,-75953.50153212233,665785624.4076663
AVACF,10,0.3734889987535274,5.890434885352577,4092.453788509575,482.1266512506024,volume,33289281.220383316,482.1266512506024,-13.02599048614502,-62.801771723073045,665785561.6058946
EMKR,10,0.37345067268619636,44.81535040809479,73464.88371182459,65847.09012470709,volume,33289278.08029473,65847.09012470709,-55.59805679321289,-36609.70256421273,665748951.9033303
OBT,11,0.37339385102080463,32.08700898879652,4014.295570364563,2576.1347609994755,volume,33287447.59516652,2576.1347609994755,19.456880569458008,501.23546375596044,665749453.1387941
CHDRY,9,0.3733800198584529,119.34998805355755,267.13004308656485,637.6393490225565,volume,33287472.656939704,637.6393490225565,10.983732223510742,70.03659864837466,665749523.1753927
LGGNF,10,0.37332581805474263,3.313882985146828,11294.845942767543,748.5959557918409,volume,33287476.158769637,748.5959557918409,-1.5559298992156982,-11.647628300484783,665749511.5277644
NTPIF,9,0.37324843898865895,7.86458217966739,92391.78815221656,14532.45621299054,volume,33287475.576388225,14532.45621299054,-37.89099884033203,-5506.492815136005,665744005.0349493
CNH,9,0.37306948356848335,11.142621377528227,3543381.788175411,789651.2332333507,volume,33287200.251747467,789651.2332333507,-8.084085464477539,-63836.080565884935,665680168.9543835
SMTI,10,0.3730396925391816,18.64910037393245,8950.56409251274,3338.399363291714,volume,33284008.447719175,3338.399363291714,-18.72163963317871,-625.0030983118072,665679543.9512852
TOELY,8,0.37281657546983393,44.24760470547519,284973.8367346939,252188.19358478722,volume,33283977.197564263,252188.19358478722,-14.943533897399902,-37685.82819358316,665641858.1230917
PGC,10,0.3727275397010747,27.506477842327193,63108.27989023912,34717.7300493649,volume,33282092.906154588,34717.7300493649,19.303211212158203,6701.636759495823,665648559.7598512
XNGSF,11,0.37269073243505274,9.702053490161521,641.8217938631,124.53978750422435,volume,33282427.987992562,124.53978750422435,-25.463632583618164,-31.712353910494492,665648528.0474973
CIHHF,9,0.3726086588626377,4.439639656533459,3167.5432824128475,281.25501540772484,volume,33282426.402374864,281.25501540772484,-9.69095230102539,-27.256289387404227,665648500.7912079
FPH,10,0.37257897839949367,6.681366011422668,169496.83263816475,22649.40753264861,volume,33282425.039560396,22649.40753264861,10.404448509216309,2356.5459443769846,665650857.3371522
LSCC,8,0.37253209793378333,31.908765165817968,1584164.2646021168,1010974.5100653933,volume,33282542.866857614,1010974.5100653933,-17.54346466064453,-177359.95590144646,665473497.3812507
RPMT,9,0.37249393662868646,0.6213814583302175,49213.97295178362,611.6130056600637,volume,33273674.86906254,611.6130056600637,-18.957460403442383,-115.94629337031039,665473381.4349574
NYMT,9,0.3724922029295416,18.636813009546955,674774.1916895335,251512.80868372062,volume,33273669.07174787,251512.80868372062,-32.39699935913086,-81482.60301739699,665391898.8319399
NCLTF,8,0.37248518482407206,131.57739323010776,557.4915719325754,1467.0657556528677,volume,33269594.941597,1467.0657556528677,-21.80188751220703,-319.84802577754823,665391578.9839143
URI,9,0.37247580274811176,246.70399696311156,1298906.301923832,6408907.5273036705,volume,33269578.949195713,6408907.5273036705,181.56332397460932,11636225.537031487,677027804.5209457
RTNTF,9,0.37245019657878703,62.951174537512145,566.014896119169,712.6260503285922,volume,33851390.226047285,712.6260503285922,36.74905014038086,261.8833045486701,677028066.4042501
ACMB,9,0.3724393142783846,25.672525792850564,4103.895858464013,2107.1474455517996,volume,33851403.320212506,2107.1474455517996,-76.12840270996094,-1604.137693042329,677026462.2665571
KRO,9,0.37213443083435166,13.101546447915407,311584.4829478636,81644.77151582281,volume,33851323.11332785,81644.77151582281,34.56319046020508,28219.037879813102,677054681.3044369
CVGI,10,0.372129767375284,6.686750198493455,228155.74588880187,30512.409582187367,volume,33852734.065221846,30512.409582187367,-77.20433807373047,-23556.903848273265,677031124.4005888
SATS,9,0.37200642674825724,30.723061470740546,500781.3676989416,307710.7348643221,volume,33851556.220029436,307710.7348643221,44.21929168701172,136067.50740190185,677167191.9079906
BWLP,10,0.371980042526969,6.92601018127328,21731.26056338028,3010.218638277487,volume,33858359.59539953,3010.218638277487,2.2239561080932617,66.94594127293398,677167258.8539318
PRO,8,0.37190858523280573,31.98333595781315,301999.3034104273,193178.90360002485,volume,33858362.94269659,193178.90360002485,8.226644515991211,15892.14167906339,677183150.995611
IDT,9,0.3718509315235711,20.276567392775256,144865.91457680252,58747.6695966512,volume,33859157.54978055,58747.6695966512,41.59590530395508,24436.62501370344,677207587.6206247
ZION,9,0.37178400577494247,42.96808596709498,2440135.867294857,2096959.3543463454,volume,33860379.38103124,2096959.3543463454,-7.222198009490967,-151446.5567494364,677056141.0638752
KYCCF,8,0.3717698929377576,333.5923422077318,3121.484515876127,20826.0666163257,volume,33852807.05319376,20826.0666163257,-34.46095657348633,-7176.861772617333,677048964.2021027
GHM,8,0.371606906608279,18.804882488295558,38392.330591461025,14439.265304484386,volume,33852448.210105136,14439.265304484386,46.40928268432617,6701.159452697989,677055665.3615553
GNE,11,0.37159857747778935,9.1464120680521,99748.52800626714,18246.822806539094,volume,33852783.26807777,18246.822806539094,-4.948556900024414,-902.9544090282187,677054762.4071462
REVG,11,0.371528409522501,16.269130225394946,394178.1342383107,128258.70795852575,volume,33852738.12035731,128258.70795852575,24.01954460144043,30807.157563329318,677085569.5647095
OMEX,10,0.3715116502523564,4.93660544554704,264549.2755782046,26119.50788869779,volume,33854278.478235476,26119.50788869779,-89.90894317626953,-23483.773505570534,677062085.791204
KBH,8,0.37149923887356584,32.807355219034626,2139269.334770678,1403675.379500191,volume,33853104.2895602,1403675.379500191,29.44483184814453,413309.85518763587,677475395.6463916
YUEIY,11,0.3714322963911906,12.98917961214213,2943.667844522968,764.7166070199222,volume,33873769.78231958,764.7166070199222,18.46027946472168,141.1688227690151,677475536.8152144
KRC,8,0.37130397029509193,61.30219715691136,782873.6303410428,959837.472722271,volume,33873776.84076072,959837.472722271,-42.94309997558594,-412183.9655142622,677063352.8497001
VLKAF,8,0.3712298879475407,184.95277966730353,1739.190420102081,6433.3620513725045,volume,33853167.64248501,6433.3620513725045,-55.16172790527344,-3548.7536699392185,677059804.0960301
RCM,11,0.3711262013996205,13.886966960111351,1656330.2395456892,460028.06623208616,volume,33852990.20480151,460028.06623208616,94.243896484375,433548.3745388393,677493352.470569
EMSHF,9,0.3709334047075201,664.7412378226021,10.494126859827722,139.51757757338592,volume,33874667.62352845,139.51757757338592,27.734432220458984,38.694407987717,677493391.1649771
CVCO,10,0.3708344136690641,195.84597485571422,59166.4498825372,231750.22111994514,volume,33874669.558248855,231750.22111994514,66.84228515625,154907.14365123364,677648298.3086282
DLX,8,0.37065964143355246,43.993594318978374,295132.2916992952,259678.60622898367,volume,33882414.91543141,259678.60622898367,-40.287384033203125,-104617.71734353999,677543680.5912848
CCS,8,0.3705653226205017,42.10372250028786,289759.4031311155,243998.99002563057,volume,33877184.02956424,243998.99002563057,-2.110880374908448,-5150.526795425857,677538530.0644894
SRCO,11,0.37044769563079866,1.095538330638598,17022.717365738925,372.9807873158859,volume,33876926.50322447,372.9807873158859,93.65637969970705,349.3203023755229,677538879.3847917
NRP,8,0.3703789115428394,40.222328540438625,37251.1219129753,29966.537281672503,volume,33876943.969239585,29966.537281672503,148.49221801757812,44497.975872619965,677583377.3606644
NNCSF,9,0.3702190698468269,2.777282626429804,2011.72089376715,111.74234974970686,volume,33879168.86803322,111.74234974970686,7.284919261932373,8.140339960652236,677583385.5010043
AMD,11,0.3700956495990868,57.379145137720826,57158450.301251955,33879169.275050215,capital,33879169.275050215,65594060.31365478,-20.355262756347656,-6896193.9256042745,670687191.5754001
ORHB,9,0.3700371951260225,0.2267886216416493,54575.904388714735,247.54388262326108,volume,33534359.578770008,247.54388262326108,-86.25511932373047,-213.51927133528915,670686978.0561287
GMBXF,10,0.3699882823062753,3.5222444166821494,42173.737563650604,2970.9242332837316,volume,33534348.90280644,2970.9242332837316,0.0587523095309734,1.7454866014695563,670686979.8016154
UAMY,9,0.3699625176001061,0.4986293950648847,771086.6067503925,7689.728965331656,volume,33534348.99008077,7689.728965331656,109.77654266357422,8441.51859834053,670695421.3202138
BCLYF,9,0.3698638918312132,2.4121283247064165,45883.7151799687,2213.5481805672857,volume,33534771.06601069,2213.5481805672857,79.50121307373047,1759.7976555224818,670697181.1178693
ALK,9,0.3698103657899549,58.97309471109477,1823180.9479655712,2150372.4543967433,volume,33534859.055893466,2150372.4543967433,3.060998678207397,65822.87240562028,670763003.9902749
FOLGF,11,0.36964131567129926,0.1383841756688955,212420.87465726596,587.9137526862304,volume,33538150.19951375,587.9137526862304,-39.4886360168457,-232.15912189124393,670762771.831153
WMLLF,10,0.3696209592690779,0.4107049079564362,128796.36788378484,1057.946008336663,volume,33538138.59155765,1057.946008336663,-90.03311157226562,-952.5017100600784,670761819.329443
AINSF,11,0.3694936089899951,1.0378963556344707,16760.33959311424,347.9099076577879,volume,33538090.96647215,347.9099076577879,-16.722965240478516,-58.18085292579278,670761761.14859
JBLU,11,0.3693151184124855,15.11134849254499,8854959.498235986,2676207.577304306,volume,33538088.0574295,2676207.577304306,18.542272567749023,496229.70346251706,671257990.8520525
NGPHF,11,0.36926658746298197,0.27456319095111975,64823.13288906311,355.96092426939293,volume,33562899.54260262,355.96092426939293,7.4807515144348145,26.628552233078775,671258017.4806046
ASXFF,8,0.3692481212607446,45.26529337356161,293.18231611893583,265.41967102127825,volume,33562900.87403023,265.41967102127825,-41.14121627807617,-109.19688089942234,671257908.2837237
QEPC,8,0.3691954390030218,21.145386114909293,901.860446883575,381.4037474223568,volume,33562895.41418619,381.4037474223568,-20.449243545532227,-77.99418120218432,671257830.2895424
MBI,9,0.3691792991615581,8.92472168045014,1230026.1458251665,219552.8202233278,volume,33562891.51447713,219552.8202233278,-63.301265716552734,-138979.71411775408,671118850.5754247
TFIN,9,0.3691408033911851,46.09019140379074,141506.36395759718,130441.10799320259,volume,33555942.52877124,130441.10799320259,43.85384750366211,57203.444581426265,671176054.0200061
TNET,9,0.36912862551017067,61.29304755688462,388561.4175824176,476322.26893299253,volume,33558802.7010003,476322.26893299253,33.70349884033203,160537.27038607435,671336591.2903922
TDS,11,0.3689985475217718,23.412534325578346,957726.6480972931,448456.1604619794,volume,33566829.56451961,448456.1604619794,69.29666137695312,310765.1469394234,671647356.4373316
ENVA,9,0.36894444830949846,29.45344473853432,287400.8643334644,169298.90950905386,volume,33582367.82186658,169298.90950905386,164.3819122314453,278296.78483796696,671925653.2221695
CBWA,10,0.3687795956362488,11.995966633969836,2213.3236393851266,531.0191305648133,volume,33596282.66110848,531.0191305648133,37.09856033325195,197.0004525336972,671925850.222622
AAME,10,0.3687263335003915,3.0024877177997373,74005.45618153365,4444.009464704429,volume,33596292.5111311,4444.009464704429,-17.724058151245117,-787.6588217710498,671925062.5638002
PCFBY,9,0.36867320085116634,5.368153654608433,1392.781262250098,149.53327646036018,volume,33596253.12819001,149.53327646036018,-12.862205505371094,-19.233277317246227,671925043.3305229
IFNNF,8,0.36849231641604374,26.133975284974028,6637.479231974921,3469.27436405922,volume,33596252.166526146,3469.27436405922,-13.525976181030272,-469.2532241372395,671924574.0772988
USAS,11,0.3683831153167635,1.877039182546516,468150.1794267766,17574.72460200483,volume,33596228.70386494,17574.72460200483,26.71753120422364,4695.532529597009,671929269.6098284
CILJF,8,0.36837189086998434,2.372893696990719,9343.875489428348,443.44046508661194,volume,33596463.48049142,443.44046508661194,-23.429946899414062,-103.89786550030793,671929165.7119628
ENVB,9,0.368355329055898,8858.817414240651,287949.20560362586,33596458.285598144,capital,33596458.285598144,51017788.740363255,-87.50929260253906,-29400022.985234056,642529142.7267288
EADSY,9,0.3682605346132909,26.766229432359186,276105.25332811277,147805.93116119844,volume,32126457.136336442,147805.93116119844,57.2986946105957,84690.8691124024,642613833.5958413
SSDOY,8,0.36803646812574875,45.88598981570936,40532.56056448451,37197.53322533118,volume,32130691.679792065,37197.53322533118,-52.832149505615234,-19652.25636600787,642594181.3394753
CVLT,8,0.3679186322072626,62.085767445007896,403081.43304620206,500512.4022701404,volume,32129709.066973764,500512.4022701404,10.324868202209473,51677.24587010449,642645858.5853453
WES,8,0.3679179773001893,31.903392257342208,938535.2453867295,598849.1616182751,volume,32132292.929267265,598849.1616182751,34.526466369628906,206761.4543909384,642852620.0397363
AOSL,8,0.36772129782316104,21.194757433751008,201916.93857589984,85591.61069763597,volume,32142631.001986817,85591.61069763597,-60.29824066162109,-51610.235404618354,642801009.8043317
AAVXF,11,0.3677161408390856,16.027218030606612,380.1254220935842,121.84706037740483,volume,32140050.490216583,121.84706037740483,-27.06269264221192,-32.975095443507456,642800976.8292363
GLPEF,8,0.3676961751395565,13.967539982472594,657.819036427732,183.76227385071888,volume,32140048.841461815,183.76227385071888,51.68362808227539,94.97501017253795,642801071.8042464
HMDPF,11,0.36760732725765777,17.199917701718203,410.6473354231975,141.26200747417735,volume,32140053.590212323,141.26200747417735,6.965052127838135,9.838972457407055,642801081.6432189
PEN,8,0.36760700592954326,168.06410628048354,324519.6036036036,1090801.9430027285,volume,32140054.082160946,1090801.9430027285,-16.668725967407227,-181822.7867262784,642619258.8564926
MPAA,11,0.36758228650051666,20.04347903716335,142529.19874558997,57135.62014481843,volume,32130962.942824632,57135.62014481843,60.19794845581055,34394.47116468551,642653653.3276573
RSRV,9,0.36746779406211,207.20462953095713,57.09172873382987,236.59341003150234,volume,32132682.666382868,236.59341003150234,-27.46293830871582,-64.97550223943857,642653588.3521551
SXYAY,9,0.3673567378072111,20.397907990739693,60832.210641081554,24816.996710601554,volume,32132679.417607754,24816.996710601554,54.8052864074707,13601.026124977763,642667189.37828
NMM,10,0.3671528823908437,39.09738533995003,134457.64484515876,105138.84704826637,volume,32133359.468914002,105138.84704826637,89.99153900146484,94616.06654713111,642761805.4448272
BSBR,8,0.36710150812640785,7.140434276609914,1365268.0516431925,194972.13585426973,volume,32138090.27224136,194972.13585426973,16.635578155517578,32434.742041518948,642794240.1868688
GOGO,11,0.36698956043351477,10.866701919379722,1485461.8143360752,322841.41498022224,volume,32139712.00934344,322841.41498022224,-26.014339447021484,-83985.06156852227,642710255.1253003
CAAS,9,0.366834096675854,4.287034670232048,127216.49530516432,10907.63051997304,volume,32135512.756265014,10907.63051997304,-0.7170952558517456,-78.21810098456375,642710176.9071993
GLP,10,0.3668097311655528,24.78105758341256,120344.41010575792,59645.23513345207,volume,32135508.845359966,59645.23513345207,58.53197479248047,34911.53399322787,642745088.4411925
SFTBF,8,0.3666735710325765,60.816498978845466,8915.811838494708,10844.569231427837,volume,32137254.422059625,10844.569231427837,-16.165966033935547,-1753.1293784792492,642743335.3118141
WSR,8,0.36667253043985804,11.720011784696187,310464.7711032587,72773.01552126392,volume,32137166.765590705,72773.01552126392,16.641496658325195,12110.51894613361,642755445.8307601
PRTT,11,0.3665921925678711,1.2946981603169456,8395.48216385731,217.3923062503958,volume,32137772.291538008,217.3923062503958,-75.82945251464844,-164.84739563864298,642755280.9833646
LEFUF,9,0.36653952073163193,13.88004543696231,453.015288122305,125.75745565552332,volume,32137764.04916823,125.75745565552332,78.19020080566406,98.33000710514763,642755379.3133717
HROW,11,0.36649669494095916,8.83594044276913,239474.8710815047,42319.713968319826,volume,32137768.965668585,42319.713968319826,133.98826599121094,56703.45091859202,642812082.7642903
TOL,9,0.36647673569688854,52.30323986243603,2032067.8394819465,2125674.632503328,volume,32140604.138214517,2125674.632503328,253.9669342041016,5398510.695323005,648210593.4596134
GRPS,11,0.366473183711184,0.0032819906095894564,2403254.2535266457,157.74915785060742,volume,32410529.672980674,157.74915785060742,-91.04563903808594,-143.62372884228444,648210449.8358846
SAPMY,8,0.3664590652913171,140.6385482636681,4130.5456683653465,11618.2789267137,volume,32410522.49179423,11618.2789267137,-98.63751983642578,-11459.982180988502,648198989.8537036
LYV,8,0.36622677836057654,61.39376321281932,1817867.374362995,2232114.3826790256,volume,32409949.492685184,2232114.3826790256,-26.938501358032227,-601298.163290822,647597691.6904129
ERDCF,8,0.3662019378058769,0.2856763814343595,33861.88444966706,193.47081236258586,volume,32379884.584520645,193.47081236258586,-28.94736289978028,-56.0046981597507,647597635.6857147
LSANF,10,0.36619602054607403,3.5684594215174625,1504.8804390435123,107.40209561924314,volume,32379881.78428574,107.40209561924314,-56.887001037597656,-61.097831249320464,647597574.5878835
BEVFF,8,0.36604683438822516,2.095586779368502,3191.0226917057903,133.74129930807092,volume,32379878.729394175,133.74129930807092,-8.661408424377441,-11.583880165141103,647597563.0040033
OGCP,11,0.3659979208976375,13.394072902571777,2747.7310858486867,736.0662096104004,volume,32379878.150200166,736.0662096104004,14.60984230041504,107.53811245072191,647597670.5421158
FUN,9,0.3658828859695805,50.31319822407777,377975.9651390521,380343.5931595647,volume,32379883.527105793,380343.5931595647,2.49239444732666,9479.662596671695,647607150.2047125
CLMB,10,0.36574747475272607,27.8137744807973,12415.872357086922,6906.645474447618,volume,32380357.510235626,6906.645474447618,188.87432861328125,13044.88026956251,647620195.084982
PLSE,11,0.36569231858427376,12.919968108042331,138173.96811460258,35704.06522804647,volume,32381009.754249103,35704.06522804647,107.44998168945312,38364.011549926334,647658559.0965319
SWX,8,0.36564039908102414,71.10434284711548,342840.56453511183,487549.0608520642,volume,32382927.954826593,487549.0608520642,-12.654399871826172,-61696.40773155332,647596862.6888003
MZDAY,8,0.365558262695172,5.772763631055048,119178.32653861231,13759.766181042076,volume,32379843.13444002,13759.766181042076,37.47714614868164,5156.767681386009,647602019.4564818
MLCO,11,0.3654920848905774,16.366816934535475,3393203.3332026657,1110718.755523672,volume,32380100.972824093,1110718.755523672,-21.325794219970703,-236869.5961655978,647365149.8603162
TKGSY,11,0.36547007331367753,11.543102681940796,6883.297763828952,1589.0922575650213,volume,32368257.49301581,1589.0922575650213,38.3739013671875,609.7966955516144,647365759.6570116
DENN,9,0.3654616621448156,12.752270950595195,584800.2748629601,149150.63114070022,volume,32368287.98285058,149150.63114070022,-33.26549530029297,-49615.69619246693,647316143.9608191
RNECY,9,0.3654603832565374,4.796197563328027,96209.71618972952,9228.816127153235,volume,32365807.19804096,9228.816127153235,75.01802062988281,6923.275186161766,647323067.2360053
CTGO,8,0.3653546339975333,17.071505465727817,10329.084181675802,3526.6603412688237,volume,32366153.36180027,3526.6603412688237,-21.06057548522949,-742.7349632805725,647322324.501042
SIEB,9,0.3653367506224195,4.425385730213298,76076.0588004704,6733.318100529391,volume,32366116.225052103,6733.318100529391,47.42138671875,3193.0328154556346,647325517.5338575
BKNG,8,0.3650741581129865,2083.97866133569,437509.289514867,18235200.469702426,volume,32366275.876692876,18235200.469702426,37.56402587890625,6849875.423509453,654175392.9573668
IVR,8,0.36489821088779384,91.13915715746579,536398.4892199137,977738.1241608188,volume,32708769.647868343,977738.1241608188,-70.50035858154297,-689308.883521829,653486084.073845
RBBN,11,0.36484645501480584,5.79879459499238,490002.5495883967,56828.482721713604,volume,32674304.203692254,56828.482721713604,23.90901756286621,13587.131914644895,653499671.2057596
CAPL,8,0.3647884914800917,21.49143581864233,64058.84467918623,27534.330980782175,volume,32674983.560287982,27534.330980782175,19.35737991333008,5329.92505454375,653505001.1308142
HNRG,9,0.3647102826720287,6.091285265842015,216414.21355799373,26364.814207291893,volume,32675250.056540713,26364.814207291893,27.567869186401367,7268.217491903992,653512269.3483061
VRNA,10,0.36450793948638904,11.781170302462355,327840.2403946002,77246.83408177967,volume,32675613.467415303,77246.83408177967,99.64124298095705,76969.70564252282,653589239.0539486
WRN,11,0.3643932974664377,1.0522791509903033,180189.79034157834,3792.1991919551365,volume,32679461.952697434,3792.1991919551365,-27.5235538482666,-1043.7479866313029,653588195.3059621
PHGUF,9,0.3643164340029932,0.9265716567209121,12703.114072912584,235.40690904106694,volume,32679409.765298106,235.40690904106694,-26.298320770263672,-61.90806405498262,653588133.3978981
PPSI,10,0.3643014677776837,5.153482956612451,630584.2559780478,64994.10431782025,volume,32679406.669894904,64994.10431782025,-25.71920394897461,-16715.966244309504,653571417.4316539
MTNOF,11,0.36416499964212784,8.263782829688793,3361.074088592709,555.5037268524867,volume,32678570.871582694,555.5037268524867,5.569562911987305,30.93912954548336,653571448.3707834
KEQU,8,0.36415449362282815,20.652477452260566,5316.008232065857,2195.774802975433,volume,32678572.418539174,2195.774802975433,64.50250244140625,1416.329695897012,653572864.7004794
SCBFF,10,0.3641209630792686,8.674451185740102,8145.081536652293,1413.082243871266,volume,32678643.23502397,1413.082243871266,34.48589324951172,487.3140341492496,653573352.0145135
JCTC,11,0.3639784545626803,6.74245869342321,4796.008232065857,646.7377479604343,volume,32678667.600725677,646.7377479604343,-11.777383804321287,-76.1687867847244,653573275.8457267
ICUI,8,0.36379676689987084,171.78883813840096,178004.46238244514,611583.5955226191,volume,32678663.792286336,611583.5955226191,-62.03691482543945,-379407.5942407273,653193868.251486
GLBZ,10,0.36368208821682074,10.30294535330964,2639.449275362319,543.8820329378141,volume,32659693.4125743,543.8820329378141,-23.97538185119629,-130.3977942168901,653193737.8536917
GLUC,11,0.36361446908386097,0.658374226828282,21631.553858206033,284.83315092981474,volume,32659686.892684586,284.83315092981474,-62.400638580322266,-177.73770506865753,653193560.1159866
ACOPF,8,0.3635897853066212,4.913791204678807,6990.978090766823,687.044133090245,volume,32659678.00579933,687.044133090245,-33.340126037597656,-229.0613799062079,653193331.0546067
GPRK,9,0.363579720848029,10.633593258439186,202450.07170846395,43055.43435379304,volume,32659666.552730337,43055.43435379304,-42.55961608886719,-18324.22756636855,653175006.8270403
YGRAF,10,0.3633183929979127,1.5202302696497056,21645.74990184531,658.1304842010477,volume,32658750.341352016,658.1304842010477,-50.61966323852539,-333.1434347726469,653174673.6836056
USNZY,10,0.36323911479278603,1.8714605414333838,91186.56537102473,3413.0411800141715,volume,32658733.68418028,3413.0411800141715,-34.1918830871582,-1166.9830499870102,653173506.7005556
NGNE,11,0.3630349801065328,144.29981587737834,30405.788710309684,87750.99425008312,volume,32658675.33502778,87750.99425008312,-28.60343742370605,-25099.80072900242,653148406.8998265
SXC,9,0.3627639076114643,8.72019419645786,782460.1741859553,136464.0933979155,volume,32657420.344991326,136464.0933979155,32.29705810546875,44073.88753782592,653192480.7873642
MTR,11,0.36264066595448097,11.657247010140923,16278.01097608781,3795.135895640815,volume,32659624.039368212,3795.135895640815,-27.63747215270996,-1048.87962631523,653191431.907738
ZD,9,0.36263226328212805,72.37503076470222,455043.7184923439,658676.0625033577,volume,32659571.5953869,658676.0625033577,-31.87801551818848,-209972.8574194132,652981459.0503186
VLOWY,10,0.3625012783877679,35.4166725232267,1928.8881036513546,1366.2959660193558,volume,32649072.95251593,1366.2959660193558,37.418739318847656,511.25072584871407,652981970.3010445
VBFC,9,0.36246462076126884,36.33858441080958,1015.9015421115065,738.328478821812,volume,32649098.515052225,738.328478821812,43.01762390136719,317.6113681762526,652982287.9124126
MALJF,8,0.3624548057321896,9.96997855860128,810.5805566444532,161.62941539528578,volume,32649114.395620633,161.62941539528578,-21.879573822021484,-35.36382725951331,652982252.5485854
EHC,8,0.3623455331192053,51.81242854089221,880542.8014878621,912461.2195857379,volume,32649112.627429273,912461.2195857379,27.84534454345703,254077.97041907875,653236330.5190045
TGOPY,9,0.3622014744198536,7.735661418104433,68677.96704590035,10625.38999901638,volume,32661816.525950223,10625.38999901638,260.9850158691406,27730.675775090986,653264061.1947795
AAUKF,8,0.36209779279803334,25.00089888113765,3171.4440532081376,1585.7790416288397,volume,32663203.05973898,1585.7790416288397,-37.44868469238281,-593.8533932174741,653263467.3413863
CNTY,10,0.362082337713725,7.260704781781349,150442.38958496475,21846.355548843323,volume,32663173.36706932,21846.355548843323,-50.91511154174805,-11123.096295500442,653252344.2450908
ASGLY,8,0.36205198853525694,7.013485920447885,18282.968309859156,2564.5468165038415,volume,32662617.212254543,2564.5468165038415,-24.291553497314453,-622.9682618947054,653251721.276829
GNTY,10,0.3620130095131296,31.627931193301553,20819.889525794686,13169.800667479481,volume,32662586.06384145,13169.800667479481,13.85030746459961,1824.0578849207998,653253545.3347139
CAKE,9,0.3619734634258114,43.59713810859525,1041479.9338810642,908110.8902948683,volume,32662677.2667357,908110.8902948683,25.907901763916016,235272.47736501758,653488817.812079
PW,8,0.361916704280029,12.555572605679803,57210.410035280285,14366.189139973481,volume,32674440.89060395,14366.189139973481,-99.15282440185548,-14244.482291196338,653474573.3297877
CMT,11,0.36183280639463944,13.808578691682316,39427.64565387627,10888.794952786335,volume,32673728.66648939,10888.794952786335,-16.57516098022461,-1804.8352922309073,653472768.4944955
HQY,9,0.3618001386893175,57.637684206603836,646929.6199059561,745750.502720755,volume,32673638.424724776,745750.502720755,13.489044189453123,100594.61485507144,653573363.1093507
FRBK,8,0.3617378295295198,4.113348800938161,216020.4194059406,17771.346662831693,volume,32678668.155467536,17771.346662831693,-97.86863708496094,-17392.57477055707,653555970.5345801
TLOFF,11,0.36173662335228224,0.18556040048809774,180267.04552590268,669.008503251853,volume,32677798.526729006,669.008503251853,-49.780906677246094,-333.0384986666458,653555637.4960815
JCYGY,9,0.36172810260232025,46.64595043701267,765.8871030968248,714.5106370280341,volume,32677781.874804076,714.5106370280341,-10.111663818359377,-72.24891356269282,653555565.247168
EXPGF,8,0.3615779975420542,29.786412059023387,2821.1320015667843,1680.628005431313,volume,32677778.262358397,1680.628005431313,-20.61603546142578,-346.4788655743723,653555218.7683024
WBS,9,0.3614267380955913,46.32024539757299,845623.3427561837,783389.615007648,volume,32677760.938415125,783389.615007648,-2.377498149871826,-18625.073603094854,653536593.6946994
EKTAY,8,0.36131089996601573,9.618882928495774,11509.74980422866,2214.218718063053,volume,32676829.68473497,2214.218718063053,-36.76920700073242,-814.1506638935679,653535779.5440356
BHPLF,8,0.3612760066674751,25.244247267503695,297155.25195618154,150029.21314438415,volume,32676788.97720178,150029.21314438415,3.0105531215667725,4516.709159580323,653540296.253195
CPHC,8,0.3612561105098207,15.312159752397328,3789.823275862069,1160.6075886670753,volume,32677014.812659755,1160.6075886670753,9.431685447692873,109.4648570451317,653540405.7180521
MMTOF,9,0.3611904564651447,4.940607604490734,5768.985495883967,570.0458722232214,volume,32677020.28590261,570.0458722232214,-17.998828887939453,-102.60158112421959,653540303.116471
TPL,9,0.36102740616322837,318.44617348825165,80407.05141287284,512106.35687804944,volume,32677015.155823555,512106.35687804944,34.67223358154297,177558.71224268732,653717861.8287138
SPHRY,11,0.3609091919333193,6.347931207745088,1661.5052920423364,210.94242590378326,volume,32685893.09143569,210.94242590378326,-9.003957748413086,-18.993166901854224,653717842.835547
DSFGY,8,0.36088808433727504,13.220879635590544,892.5963194988253,236.01817006530183,volume,32685892.14177735,236.01817006530183,-32.78910827636719,-77.38825333461226,653717765.4472936
EQS,9,0.360820352869536,1.851665960700721,14201.152037617554,525.9157966158422,volume,32685888.272364683,525.9157966158422,-14.424239158630373,-75.85935227688518,653717689.5879413
RNECF,9,0.36080946291745775,9.649274793899279,5744.970599764798,1108.6960000000577,volume,32685884.479397066,1108.6960000000577,64.2596664428711,712.4443514654911,653718402.0322927
XHR,9,0.3607312346463138,17.17677255803749,693003.9385048231,238071.42067043096,volume,32685920.10161464,238071.42067043096,0.8106615543365479,1929.953479238017,653720331.985772
NGVT,8,0.36071018096325175,66.14265746017982,298894.788045977,395393.91164716217,volume,32686016.5992886,395393.91164716217,-42.77169036865234,-169116.659626227,653551215.3261458
GNAL,10,0.3606732817841745,0.3450062451562202,37388.830853563035,257.9876028713764,volume,32677560.76630729,257.9876028713764,-46.66666793823242,-120.39421795379099,653551094.9319278
SFTBY,8,0.3606694083041888,22.304676595737963,552637.1477851822,246527.8571227907,volume,32677554.746596392,246527.8571227907,-15.523809432983398,-38270.51473895962,653512824.4171889
FRCOY,8,0.36064871608084603,18.262823592715296,60995.07951429691,22278.84754386494,volume,32675641.220859446,22278.84754386494,27.827844619750977,6199.723077577942,653519024.1402665
OGFGY,11,0.3606116040860637,5.307293629562187,1429.390435123481,151.72389500975945,volume,32675951.207013328,151.72389500975945,4.230276584625244,6.4183404038792435,653519030.558607
ALVLF,11,0.3605198960896805,0.15019252852074716,44586.30281690141,133.93059114924267,volume,32675951.52793035,133.93059114924267,6.393446922302246,8.562781257852459,653519039.1213883
ASCCF,8,0.36049488770641647,5.716071968813644,1098.0046948356808,125.52547715552028,volume,32675951.956069417,125.52547715552028,43.31666564941406,54.37345124428835,653519093.4948395
CHBAY,8,0.3604669655006953,31.67599478193625,475.84181675802665,301.45525809308634,volume,32675954.67474198,301.45525809308634,23.224363327026367,70.01106440796343,653519163.505904
UPLD,8,0.36031783923245136,19.981930883248086,232010.61876717707,92720.40296770706,volume,32675958.1752952,92720.40296770706,-74.64613342285156,-69212.19570948023,653449951.3101945
UTI,11,0.3602955308529879,6.644273656276708,161870.32744405183,21510.215047387966,volume,32672497.565509725,21510.215047387966,73.16687774658203,15738.352746749244,653465689.6629412
ONEXF,9,0.36026160235374693,62.4761231241858,6993.3312426499415,8738.32447528026,volume,32673284.483147062,8738.32447528026,45.8271369934082,4004.5239282152033,653469694.1868694
AZIHF,10,0.3602563550576703,20.963369548600603,442.4330985915493,185.49777092614187,volume,32673484.70934347,185.49777092614187,13.808542251586914,25.614538074088205,653469719.8014075
AVNW,9,0.3601991392712076,16.285246470258084,82762.20579029735,26956.058394344258,volume,32673485.990070373,26956.058394344258,-21.895252227783203,-5902.0969761102015,653463817.7044314
RWWI,8,0.3601281779600343,9.785718296799459,9078.128969031752,1776.7202550591846,volume,32673190.88522157,1776.7202550591846,-1.5295518636703491,-27.17585777346634,653463790.5285736
PAR,10,0.3600372778385061,27.940674251969867,191153.6875735006,106819.25833108001,volume,32673189.526428685,106819.25833108001,119.12812042236328,127251.7746989243,653591042.3032726
BXMT,11,0.359983691086557,28.196942507754283,1280607.7100938966,722184.4395300894,volume,32679552.11516363,722184.4395300894,3.788034200668335,27356.59356130472,653618398.8968339
TOPPY,9,0.3599656129037952,9.222238307845087,1248.4568288854002,230.27132786075475,volume,32680919.944841698,230.27132786075475,91.38631439208984,210.4364796336693,653618609.3333136
DLTH,8,0.359946998813452,14.16632764639817,227401.6019247594,64428.91200363901,volume,32680930.46666568,64428.91200363901,-66.87157440185547,-43084.62782681945,653575524.7054868
BYDGF,8,0.3598804340292149,118.74327707272,529.9921783339852,1258.6601615657366,volume,32678776.23527434,1258.6601615657366,20.66555595397949,260.10911995881594,653575784.8146067
EVR,9,0.3598784020985795,101.57307083392863,425340.8578143361,864063.5415867904,volume,32678789.240730334,864063.5415867904,185.40565490722656,1602022.6680935645,655177807.4827002
GLATF,11,0.3597501347183284,0.9696808484194328,94095.30317273796,1824.8482682564859,volume,32758890.374135014,1824.8482682564859,-63.783790588378906,-1163.9573979803758,655176643.5253023
AMKBY,8,0.35974270777881645,8.989264468445278,139562.28442879498,25091.24569101641,volume,32758832.176265117,25091.24569101641,-56.51508712768555,-14180.33936369957,655162463.1859386
RTOXF,8,0.3597241301155551,3.8851038942333296,2550.1791454331633,198.15421857830015,volume,32758123.15929693,198.15421857830015,-17.471534729003906,-34.62058311589402,655162428.5653555
MT,9,0.35966606852844923,24.071524886793362,3595978.8083104664,1731213.8675325385,volume,32758121.428267777,1731213.8675325385,19.409576416015625,336021.2785433876,655498449.843899
ET,8,0.35924168982385896,14.808002344169571,13715947.292205248,4062115.5931096324,volume,32774922.49219495,4062115.5931096324,63.83647918701172,2593111.575147788,658091561.4190469
SAGE,11,0.3591991494238263,66.70295960872326,662256.1693453548,883488.93028942,volume,32904578.070952345,883488.93028942,-54.29418182373047,-479683.086203869,657611878.3328431
CMRX,11,0.35906564062785307,7.928158883597576,910887.8962411903,144433.279330922,volume,32880593.916642155,144433.279330922,149.81690979003906,216385.47580200253,657828263.808645
BH,8,0.3588458384177357,185.5092306450499,7848.989045383411,29121.19838301003,volume,32891413.19043225,29121.19838301003,10.16889762878418,2961.3048518434434,657831225.1134969
KFS,8,0.35880974814057004,5.27523324261549,33005.559780478245,3482.2405229022334,volume,32891561.255674846,3482.2405229022334,46.13982009887695,1606.6995126772827,657832831.8130096
CVGW,11,0.3587614142021569,57.774361741104066,156503.83046202036,180838.17829962375,volume,32891641.590650484,180838.17829962375,-5.0010857582092285,-9043.872380347495,657823787.9406292
NWL,11,0.35870540341395174,25.61167382782742,4642838.718541748,2378217.4178899894,volume,32891189.397031464,2378217.4178899894,32.31927490234375,768622.6250632869,658592410.5656925
WOLF,11,0.3586487091565708,50.513822139175346,2282182.7946603848,2305635.515571216,volume,32929620.528284628,2305635.515571216,-67.33686828613281,-1552542.750278489,657039867.8154141
UPLD,10,0.35861230497554747,19.981930883248086,232010.61876717707,92720.40296770706,volume,32851993.390770704,92720.40296770706,33.989315032958984,31515.029864523003,657071382.8452786
LFSWF,10,0.3585065725608133,5.688475890615199,19909.68247745982,2265.1149752566816,volume,32853569.142263934,2265.1149752566816,-92.31884002685548,-2091.127870431563,657069291.7174082
FITB,9,0.3583831700177241,28.89755578009325,6229838.727379553,3600542.2425087155,volume,32853464.58587041,3600542.2425087155,27.357555389404297,985020.3383132215,658054312.0557214
ANGO,9,0.3583486314556987,15.79701949359852,294619.4573552426,93082.1862206837,volume,32902715.60278607,93082.1862206837,-48.48752212524414,-45133.24563841496,658009178.810083
POAHY,8,0.35834171666210024,6.633959228223279,251572.44257154057,33378.42653928285,volume,32900458.940504152,33378.42653928285,-46.9647216796875,-15676.08512523314,657993502.7249578
KTWIF,8,0.3582660725912382,31.946519044930678,169.7765582124657,108.47540100634635,volume,32899675.136247892,108.47540100634635,-28.506580352783203,-30.922627350877917,657993471.8023305
KN,9,0.35825740331092704,17.147981178989507,909984.3829870638,312087.901452731,volume,32899673.590116527,312087.901452731,43.80389022827149,136706.6417680704,658130178.4440985
FIS,8,0.35821258689072466,94.36569723838271,3085109.124951038,5822569.47265003,volume,32906508.922204927,5822569.47265003,-45.76079177856445,-2664453.8925416386,655465724.5515568
HAIN,11,0.35808087914260245,31.315170422990494,1252361.578369906,784358.3251571794,volume,32773286.227577843,784358.3251571794,4.710439205169678,36946.72205721604,655502671.273614
NXPI,8,0.35803282110653323,140.61395531941844,3359557.0701685613,9448012.155154368,volume,32775133.563680705,9448012.155154368,-5.855890274047852,-553265.2248845435,654949406.0487295
VOXX,11,0.3579785608989083,7.524350215605207,205773.04358068315,30966.16889664106,volume,32747470.30243648,30966.16889664106,67.73554992675781,20975.10479338845,654970381.1535228
VRDN,10,0.35781019450408336,94.84028269929141,261801.29407145662,496586.1748155454,volume,32748519.057676144,496586.1748155454,4.838795185089111,24028.787916792808,654994409.9414396
ICLR,8,0.3577565980830762,165.3548787140921,459772.9028213166,1520513.8516408973,volume,32749720.49707198,1520513.8516408973,-10.102250099182127,-153606.11208547052,654840803.8293542
TWODF,11,0.35764389728614593,2.1031789596498105,8510.14678178964,357.96723309983037,volume,32742040.19146771,357.96723309983037,-14.931431770324709,-53.449633170420384,654840750.379721
SAGE,10,0.3575381605761206,66.70295960872326,662256.1693453548,883488.93028942,volume,32742037.518986054,883488.93028942,-83.24201965332031,-735434.0289864283,654105316.3507346
NGLOY,8,0.35749423041205053,12.633875104278253,275716.26470588235,69667.2970502448,volume,32705265.81753673,69667.2970502448,-38.17410659790039,-26594.868239836367,654078721.4824947
IGGGF,9,0.35748846877916246,0.8407007741198248,6008.8363265306125,101.03266702547221,volume,32703936.07412474,101.03266702547221,45.39687347412109,45.865672017083675,654078767.3481667
KDKCF,11,0.35742661633759676,0.706582722489575,8869.130929047433,125.33549355925658,volume,32703938.367408335,125.33549355925658,-31.66496658325196,-39.68744215249251,654078727.6607245
ESNT,9,0.3573697184292678,40.02662750734239,644221.4202898551,515720.21644386195,volume,32703936.383036226,515720.21644386195,76.49826049804688,394516.9946163167,654473244.6553408
CNK,10,0.35735496400704153,27.87877837026502,2380803.8108848864,1327478.035734842,volume,32723662.23276704,1327478.035734842,91.07351684570312,1208980.9324979803,655682225.5878388
VGR,9,0.3572817747336644,11.056237635272163,1262706.558139535,279215.6754081461,volume,32784111.27939194,279215.6754081461,60.82362365722656,169829.0916022341,655852054.679441
LFMD,11,0.35726531265088896,3.310088198753209,216786.44766758135,14351.645241481823,volume,32792602.73397205,14351.645241481823,-32.483375549316406,-4661.8988212961385,655847392.7806196
AL,9,0.35719151735089444,38.760929180422856,833949.4432707356,646493.106213401,volume,32792369.63903098,646493.106213401,39.75917434692383,257040.3212402295,656104433.1018598
CUPUF,8,0.3570788299169897,13.492498040105929,749.0211433046202,202.1233261607098,volume,32805221.655092992,202.1233261607098,-26.31791305541992,-53.19464124369843,656104379.9072186
VRNT,11,0.35707129514349395,29.3185917749843,825647.5838241068,484136.4892028224,volume,32805218.99536093,484136.4892028224,-7.255147457122803,-35124.81618540218,656069255.0910331
CYSM,10,0.3569877970185517,10.591444788636318,1775.7443226311668,376.153959037648,volume,32803462.754551657,376.153959037648,4.276118278503418,16.084788197723125,656069271.1758213
BSM,8,0.35674920711890623,14.563773059413089,359252.8382050226,104641.53613135996,volume,32803463.558791067,104641.53613135996,55.89581298828125,58490.23734404971,656127761.4131653
LFUS,9,0.356579727489974,196.73807117397857,128383.87769502155,505159.9293510902,volume,32806388.070658267,505159.9293510902,28.4143180847168,143537.74916234944,656271299.1623276
CAG,9,0.356578810671047,33.1588766369648,4231607.6107198745,2806307.094798034,volume,32813564.958116382,2806307.094798034,-5.111557483673096,-143446.00031899795,656127853.1620086
OSUR,10,0.35643245131255447,9.385987847704646,819644.9086632692,153863.5430429286,volume,32806392.658100434,153863.5430429286,-23.216381072998047,-35721.546485262676,656092131.6155235
HESAF,8,0.3564195465802506,1025.1547650304333,145.36951410658307,2980.525001530448,volume,32804606.580776174,2980.525001530448,21.67476272583008,646.0217220657681,656092777.6372455
HFBL,9,0.3563258978737227,14.562541184449653,2281.6432771462173,664.5304838332894,volume,32804638.88186228,664.5304838332894,-32.35526657104492,-215.01060949011537,656092562.626636
CVR,10,0.35629278873127473,26.823032106938733,2789.580657791699,1496.5002309768404,volume,32804628.1313318,1496.5002309768404,-34.670372009277344,-518.8421971993653,656092043.7844387
ESOA,11,0.3562719707041688,2.333231491618562,43512.423815119466,2030.4911504418046,volume,32804602.189221937,2030.4911504418046,156.88314819335938,3185.4984406006643,656095229.2828792
LPL,11,0.35625273704682947,8.778088856565864,475651.34104272834,83506.19472835567,volume,32804761.46414396,83506.19472835567,-18.256813049316406,-15245.569856154007,656079983.7130231
MZDAF,8,0.3562369874318163,11.60854752808634,1601.043904351235,371.71588516428466,volume,32803999.185651153,371.71588516428466,36.72127532958984,136.49881363499895,656080120.2118367
YASKY,8,0.35623305500806046,63.26411969754384,7703.512760109933,9747.119066943022,volume,32804006.010591835,9747.119066943022,-26.7368221282959,-2606.069887561771,656077514.1419492
JYNT,10,0.3562323870431727,17.309035771253768,100650.54184675835,34843.27658443229,volume,32803875.70709746,34843.27658443229,-16.443031311035156,-5729.290878568782,656071784.8510706
URGN,11,0.3562286909284314,23.218147780222896,209258.86524453695,97172.06515138816,volume,32803589.242553532,97172.06515138816,-12.434328079223633,-12082.69338228054,656059702.1576884
SLGDD,11,0.3562022990926959,30.613044695369236,712.1796596755046,436.0397550555815,volume,32802985.107884422,436.0397550555815,99.84424591064452,435.3606053058668,656060137.5182936
IPAR,8,0.35618143985550754,68.4901038790067,107991.83418267347,147927.43882511545,volume,32803006.87591468,147927.43882511545,29.933732986450195,44280.20455160452,656104417.7228452
CIX,10,0.35604862844147794,16.80018748729231,5947.65035238841,1998.4328205797094,volume,32805220.88614226,1998.4328205797094,30.97696304321289,619.0537962744136,656105036.7766415
AMP,9,0.3560474007930793,209.15847606987273,855480.5680751174,3578620.2385196113,volume,32805251.838832077,3578620.2385196113,74.21576690673828,2655900.454697076,658760937.2313385
MTB,10,0.3560399153941915,146.54155816736525,975152.9564876519,2858008.673904269,volume,32938046.861566927,2858008.673904269,42.85462951660156,1224789.0287540117,659985726.2600925
PULM,10,0.3560390841551295,290.1067372811911,35409.00196001568,205447.80058006902,volume,32999286.313004628,205447.80058006902,125.23473358154295,257292.0057055891,660243018.2657981
HKHC,11,0.3559419208247532,588.4437578359741,118.56622257053291,1395.3910712364177,volume,33012150.913289905,1395.3910712364177,-89.84638977050781,-1253.7085006859363,660241764.5572975
NOAH,11,0.3559296622920721,28.583986650584304,278055.57467659743,158958.73669352816,volume,33012088.227864876,158958.73669352816,-18.400774002075195,-29249.637895529893,660212514.919402
PLUS,9,0.3558771502822423,43.61895140046374,177550.32379459037,154891.17889465677,volume,33010625.7459701,154891.17889465677,127.28583526611328,197154.53080959362,660409669.4502116
VOC,10,0.35586563075492983,5.020321947478949,85760.82881821752,8610.93942300165,volume,33020483.472510584,8610.93942300165,-43.23754119873047,-3723.1584806180617,660405946.2917311
LPCN,11,0.3555327886903924,47.67025800323262,45747.4417875343,43615.847059992506,volume,33020297.314586557,43615.847059992506,-14.771202087402344,-6442.584911363827,660399503.7068198
GKOS,10,0.35551620032121517,55.91993722756039,509921.98953974893,570296.1129203093,volume,33019975.18534099,570296.1129203093,87.34751892089844,498139.5051382155,660897643.211958
BPOPM,8,0.35544315468544496,23.983888457385994,4436.565949119374,2128.1220571503177,volume,33044882.160597906,2128.1220571503177,-2.6693077087402344,-56.80612612291469,660897586.4058319
PRDSF,9,0.35539698838036526,4.87241113910204,1657.233633869071,161.49447235516425,volume,33044879.320291597,161.49447235516425,39.94889068603516,64.51525022515385,660897650.9210821
EGRX,8,0.3553286131661561,46.07660071285749,226289.15387627252,208532.69977614752,volume,33044882.54605411,208532.69977614752,-89.31158447265625,-186243.85831368464,660711407.0627685
TISCY,8,0.35532853319154234,6.9159708312401325,1095.3444488034522,151.50740516170953,volume,33035570.353138424,151.50740516170953,15.770071983337402,23.89282685408824,660711430.9555953
IRVRF,11,0.35531027500281487,1.0213570199200481,26904.15587967183,549.5749694545212,volume,33035571.547779765,549.5749694545212,-36.04363632202149,-198.08680330704834,660711232.8687919
TRVG,11,0.35529606017534077,20.37355802308709,167208.84970238095,68132.78402770213,volume,33035561.6434396,68132.78402770213,7.213262557983398,4914.596599981931,660716147.4653919
PUKPF,9,0.35527151953251895,17.850638976334498,3192.7714621716973,1139.8602141034116,volume,33035807.373269595,1139.8602141034116,-11.835631370544434,-134.90965308077833,660716012.5557388
BRTHY,8,0.35519825701392066,36.13618545278511,242.335289514867,175.1414592732721,volume,33035800.62778694,175.1414592732721,-7.807960987091064,-13.674976812279068,660715998.8807621
EJPRF,8,0.355053057477937,25.580397514749684,283.60673717195453,145.09546149439467,volume,33035799.944038108,145.09546149439467,-14.458216667175291,-20.978216197097478,660715977.9025459
FGBI,11,0.35504724594855497,16.395842599252415,10935.577359968664,3585.9601025198895,volume,33035798.895127296,3585.9601025198895,13.89938735961914,498.4264852106351,660716476.3290311
HXGCF,9,0.3549975392264237,3.3305252764292272,1910.5031347962383,127.25957962272294,volume,33035823.816451557,127.25957962272294,85.49107360839844,108.79558088900049,660716585.124612
CVR,9,0.3549934310403239,26.823032106938733,2789.580657791699,1496.5002309768404,volume,33035829.2562306,1496.5002309768404,-29.73596954345703,-444.99885290103737,660716140.125759
CNQ,9,0.3548914325271708,19.007105360576297,6391045.364134691,2429505.452006615,volume,33035807.00628795,2429505.452006615,25.71173667907715,624668.0444237639,661340808.1701828
EMSHF,8,0.3548297576732316,664.7412378226021,10.494126859827722,139.51757757338592,volume,33067040.408509143,139.51757757338592,-33.76964569091797,-47.11459162308405,661340761.0555912
TACT,11,0.3548104322509758,8.400575868566161,24362.320517850138,4093.150436890523,volume,33067038.052779563,4093.150436890523,10.949132919311523,448.1644819225237,661341209.2200731
CGAU,11,0.354754096553227,6.511055212517501,127622.64095536413,16619.161232553462,volume,33067060.461003657,16619.161232553462,-15.08520221710205,-2507.0340787169193,661338702.1859944
HLTOY,8,0.3547253270455245,6.700501570040156,9872.926724137931,1323.0712203195524,volume,33066935.10929972,1323.0712203195524,-22.79798698425293,-301.63360460084795,661338400.5523899
YZCAY,9,0.3546637969834269,7.803072394344085,39484.22291993721,6161.9649975738,volume,33066920.027619496,6161.9649975738,-26.8915958404541,-1657.0507229777938,661336743.5016669
CVE,9,0.3545405675515507,12.808161712803688,5970245.591620986,1529357.4200526986,volume,33066837.175083347,1529357.4200526986,-3.0634982585906982,-46851.83793094205,661289891.663736
KLIC,11,0.3544228928273475,31.47703645520003,577389.08624069,363489.94632865663,volume,33064494.5831868,363489.94632865663,2.9494950771331787,10721.11807283776,661300612.7818089
HWM,9,0.35440949931463867,35.41178707964718,3381294.8461914062,2394753.862936769,volume,33065030.639090445,2394753.862936769,201.294921875,4820517.917497114,666121130.699306
AOIFF,9,0.35429604352090427,1.4394953033780455,57532.656885758995,1656.359787558213,volume,33306056.534965303,1656.359787558213,-42.273921966552734,-700.2082440777176,666120430.4910619
WKCMF,10,0.3542092288735109,117.06627635109598,80.81703965449549,189.218997961413,volume,33306021.524553098,189.218997961413,-49.87480163574219,-94.3725998903938,666120336.1184621
ALBKY,11,0.3541083659815531,0.8573644746485544,59653.890062597806,1022.9025222852358,volume,33306016.805923104,1022.9025222852358,-5.548307418823242,-56.75377653128181,666120279.3646855
TRMB,9,0.35403692305959494,46.00572214396071,1316259.362244898,1211109.2497765142,volume,33306013.96823428,1211109.2497765142,11.26088047027588,136381.56498178822,666256660.9296674
FANUF,11,0.3539647689714155,36.53871369128409,3803.7540148844496,2779.6855780387054,volume,33312833.046483368,2779.6855780387054,-14.275641441345217,-396.81794631758976,666256264.111721
GLPEY,8,0.35389886171188384,6.982335336713571,64119.629063846456,8954.095035789232,volume,33312813.205586053,8954.095035789232,51.35441970825195,4598.323545754955,666260862.4352667
BIIB,8,0.353868250197484,279.5716744424405,1558946.8591549296,8716747.675614543,volume,33313043.121763337,8716747.675614543,0.9415127038955688,82069.28673243264,666342931.7219992
RVSB,9,0.3537869291384947,6.33022540749311,43767.895335162684,5541.212861662919,volume,33317146.58609996,5541.212861662919,-27.143966674804688,-1504.104972549774,666341427.6170266
XOM,8,0.35375415130814675,82.14788371738753,17419346.638398115,28619249.241679873,volume,33317071.38085133,28619249.241679873,63.60145950317383,18202260.216559406,684543687.833586
EA,8,0.35374120895297423,109.90372353376779,3053270.6887235707,6711316.352944641,volume,34227184.3916793,6711316.352944641,4.360010623931885,292614.1059940643,684836301.9395801
PAAS,8,0.353718610618149,18.235448845130982,2764904.775774206,1008385.5920057776,volume,34241815.09697901,1008385.5920057776,-38.05313491821289,-383722.32982177834,684452579.6097584
CFWFF,11,0.3536383956070679,90.00897026043327,1920.7241379310344,3457.648036190616,volume,34222628.98048792,3457.648036190616,-8.548011779785156,-295.56016143708393,684452284.0495969
QLYS,9,0.35362516831155927,89.8891355999775,385786.34574676596,693560.0229090169,volume,34222614.20247985,693560.0229090169,-5.505367755889893,-38183.029868975565,684414101.019728
NKRKY,11,0.3534922232474371,13.883484887777708,6878.500196001568,1909.9510704352756,volume,34220705.0509864,1909.9510704352756,-16.673789978027344,-318.46123016746293,684413782.5584978
SMG,10,0.35346492185391387,96.07770226694284,521450.1724813799,1001994.6883742401,volume,34220689.12792489,1001994.6883742401,15.748204231262209,157796.16991157466,684571578.7284093
SZKMF,8,0.3534429150413428,10.13205079126938,4827.147901137701,978.1781542259315,volume,34228578.93642046,978.1781542259315,6.224994659423828,60.89153786021482,684571639.6199472
GTIM,11,0.35341673026863196,3.4380110144778664,45674.190830721,3140.567423067656,volume,34228581.98099736,3140.567423067656,-3.874530553817749,-121.68224437000306,684571517.9377028
ASRV,10,0.3533513626187447,3.5497026644029153,22155.62441314554,1572.9175802170598,volume,34228575.89688514,1572.9175802170598,-14.021806716918944,-220.55146291447463,684571297.3862399
DTST,10,0.353296360597888,1.3162584992332753,166520.1687548943,4383.671748347778,volume,34228564.869311996,4383.671748347778,66.60596466064453,2919.786855543179,684574217.1730953
GGNDF,11,0.3532224191993157,37.57951014974843,377.64904034469254,283.83731889352254,volume,34228710.85865477,283.83731889352254,-37.23957443237305,-105.69980963620537,684574111.4732857
AXON,8,0.35319968832057563,111.19709315844732,928487.6384976526,2064902.5286898047,volume,34228705.573664285,2064902.5286898047,52.65378189086914,1087249.2737153715,685661360.7470009
LMB,9,0.3531900378181548,15.749054888004137,62245.83967071737,19606.262910480662,volume,34283068.03735005,19606.262910480662,876.7783203125,171903.462622565,685833264.2096235
DIT,10,0.35310463445131246,117.33190401326705,1018.8993735317149,2390.988069888022,volume,34291663.210481174,2390.988069888022,-40.924354553222656,-978.4964350462293,685832285.7131884
AIRT,11,0.35307584337934145,18.434141887372274,10001.904538341158,3687.5305480746715,volume,34291614.285659425,3687.5305480746715,-15.078648567199709,-556.0297721523131,685831729.6834162
GIC,10,0.35299657223689807,24.813642767238655,60636.81629455543,30092.405961515484,volume,34291586.48417082,30092.405961515484,-11.398992538452148,-3430.23111019388,685828299.452306
CIXPF,9,0.35287384590532905,3.7276733500109134,3598.4790113770105,268.279086225674,volume,34291414.9726153,268.279086225674,83.2302017211914,223.2892246413975,685828522.7415307
SPRS,9,0.35284707004294025,1.932755785776278,4366.553900431203,168.78964629924766,volume,34291426.137076534,168.78964629924766,-32.770870208740234,-55.313835914518165,685828467.4276948
NACB,8,0.3528332871635539,190.35930911412981,42.96389324960754,163.57154071697033,volume,34291423.37138474,163.57154071697033,-17.66766929626465,-28.899278876679194,685828438.5284159
SCS,10,0.35280610112318317,13.93959232369202,730230.4457075656,203582.29431022768,volume,34291421.9264208,203582.29431022768,52.606929779052734,107098.39461036594,685935536.9230263
FLGT,9,0.3526876765563633,29.510628645803433,337516.97295992274,199206.76101351916,volume,34296776.846151315,199206.76101351916,-42.29240417480469,-84249.32851137477,685851287.594515
EGHSF,11,0.3526522344562241,28.29420880475076,867.8337906703254,491.09340962089095,volume,34292564.37972575,491.09340962089095,-4.5098724365234375,-22.147686318075703,685851265.4468286
RMNI,11,0.35262223534921083,6.221121108557369,216200.92153518123,26900.24233304143,volume,34292563.27234143,26900.24233304143,-7.214175701141357,-1940.630745938416,685849324.8160826
OGFGY,9,0.3526209845201148,5.307293629562187,1429.390435123481,151.72389500975945,volume,34292466.24080413,151.72389500975945,81.46786499023438,123.60621794447577,685849448.4223006
BGC,10,0.3525010351303661,5.922637370830411,2580810.998826291,305704.153373975,volume,34292472.42111503,305704.153373975,82.8200912475586,253184.45877190257,686102632.8810725
EML,8,0.35246809007358043,23.345837890308353,12720.601018010962,5939.461784675506,volume,34305131.64405363,5939.461784675506,-20.53981590270996,-1219.9545161841604,686101412.9265563
NEWT,11,0.35218021694375984,18.33674833775501,162148.93923951391,59465.6858413779,volume,34305070.646327816,59465.6858413779,2.1246447563171387,1263.4345760368585,686102676.3611324
SBMFF,11,0.3520797740043828,0.7784423922520439,11814.896119168954,183.9443199843054,volume,34305133.81805662,183.9443199843054,34.19048309326172,62.891451625249175,686102739.252584
MCUJF,8,0.3519005633809274,2.72177008758195,2823.2222657781263,153.68323827180484,volume,34305136.9626292,153.68323827180484,40.05234909057617,61.55374708632524,686102800.806331
GOFPY,8,0.3518977246043173,5.990839403655265,19387.18958088523,2322.910785346041,volume,34305140.04031655,2322.910785346041,13.201313972473145,306.65474607397255,686103107.4610771
ASMVY,9,0.3518649888509256,32.113141399407425,8733.80007824726,5609.395137338199,volume,34305155.373053856,5609.395137338199,95.86199951171876,5377.27833916552,686108484.7394162
TKRFF,11,0.35177359602876096,0.19008367995465905,62155.72224401726,236.2957682876492,volume,34305424.23697081,236.2957682876492,-28.50000762939453,-67.34431198991645,686108417.3951043
EKTAF,8,0.35173810953015383,9.64712410544453,1907.7243539545811,368.08107203157664,volume,34305420.869755216,368.08107203157664,-31.59661674499512,-116.30116564068669,686108301.0939387
ASHTY,9,0.3516892787754102,161.10257941680334,12001.877151799687,38670.66733997053,volume,34305415.05469694,38670.66733997053,60.01656723022461,23208.807062469925,686131509.9010012
ISUZF,9,0.3516413500107118,12.293080368027038,547.9329674637397,134.71568010646592,volume,34306575.495050065,134.71568010646592,16.103891372680664,21.69446678631325,686131531.595468
YORW,8,0.35147779451944405,36.8722143656233,36497.65017667844,26914.983623120334,volume,34306576.5797734,26914.983623120334,-19.83013343811035,-5337.27716731031,686126194.3183007
VHI,10,0.3514611657626662,31.746729491690257,16708.750294464076,10608.96351485102,volume,34306309.71591504,10608.96351485102,60.21075439453125,6387.736965732378,686132582.0552665
KMT,9,0.35143227783447367,31.756707171653588,853836.4786358291,542300.7004902776,volume,34306629.102763325,542300.7004902776,12.94677734375,70210.4642260728,686202792.5194926
CAAS,11,0.3514106994475088,4.287034670232048,127216.49530516432,10907.63051997304,volume,34310139.62597463,10907.63051997304,19.57806205749512,2135.5026722025996,686204928.0221648
CYBR,8,0.3513238413317552,113.65705360167645,714009.2756460455,1623043.8102839354,volume,34310246.40110824,1623043.8102839354,17.356307983398438,281700.48241836485,686486628.5045832
PANL,9,0.351184650583152,4.021281456909942,118975.5256762054,9568.68150455675,volume,34324331.42522916,9568.68150455675,49.73387145996094,4758.87575988931,686491387.3803431
STMEF,11,0.3511826803259619,25.936673482383828,50438.28442526481,26164.02628299398,volume,34324569.369017154,26164.02628299398,-39.61822891235352,-10365.723825484894,686481021.6565175
MNTX,10,0.3511039246520051,6.852859664832503,63608.13406507252,8717.952325795875,volume,34324051.08282588,8717.952325795875,16.518112182617188,1440.041145202047,686482461.6976627
CHDRF,9,0.3510892501986273,480.3877209608874,23.413469068128425,224.95086090852894,volume,34324123.08488314,224.95086090852894,17.118484497070312,38.508178250652726,686482500.2058411
EHMEF,9,0.3508451096194315,59.69973259711508,523.7541111981205,625.3596077033495,volume,34324125.01029205,625.3596077033495,71.32850646972656,446.0596682397403,686482946.2655094
UNM,10,0.3508447723759891,37.17806243709269,1861250.9045936395,1383954.0468415518,volume,34324147.31327547,1383954.0468415518,47.8188591003418,661791.03567264,687144737.301182
PROBF,9,0.3508343439163162,1.068540963506007,48099.11524892199,1027.9174990373915,volume,34357236.8650591,1027.9174990373915,50.9610595703125,523.8376490181115,687145261.138831
NTZ,11,0.3507761672362822,7.918666476905229,46590.93600314095,7378.761661114183,volume,34357263.056941554,7378.761661114183,-14.590914726257324,-1076.6288218269387,687144184.5100092
SWGAY,9,0.3507702618890164,15.559081997951838,70448.59356610435,21922.308878707998,volume,34357209.22550046,21922.308878707998,-13.283188819885254,-2911.981682037253,687141272.5283272
MMRGF,11,0.35076806684781137,0.22144539376062905,79280.99607996864,351.1282278932709,volume,34357063.62641636,351.1282278932709,-29.850038528442383,-104.81191131037835,687141167.7164159
IRTC,10,0.3506331667438915,94.32910262285968,387118.64737354085,730331.0923064272,volume,34357058.3858208,730331.0923064272,-16.97193145751953,-123951.29239920052,687017216.4240167
CVLT,9,0.3506213561943101,62.085767445007896,403081.43304620206,500512.4022701404,volume,34350860.82120084,500512.4022701404,174.96209716796875,875706.9955976177,687892923.4196143
BCDA,11,0.35054295365478083,176.46582786503345,42116.54186228482,148642.6085308086,volume,34394646.170980714,148642.6085308086,-63.07172775268555,-93751.46137704173,687799171.9582373
JNPR,9,0.3504772688886544,27.87325951409125,4235516.51626813,2361153.0206832257,volume,34389958.597911865,2361153.0206832257,46.27651596069336,1092659.3544728663,688891831.3127102
ESBA,11,0.3504422274457202,13.38833064666305,11426.888976069047,3059.7393574864277,volume,34444591.56563551,3059.7393574864277,16.15228271484375,494.2177513585515,688892325.5304615
CELJF,11,0.3504045268977646,5.462052839656166,21496.03444227006,2348.2495193349587,volume,34444616.276523076,2348.2495193349587,34.009788513183594,798.6346952876697,688893124.1651568
GLNCY,9,0.3503785565268547,8.312287504795341,447793.85507246375,74443.82532485953,volume,34444656.20825785,74443.82532485953,0.5266577005386353,392.0641386489034,688893516.2292955
BZUN,11,0.3503178700692387,21.430869563519337,1136206.312215321,486997.7854866774,volume,34444675.81146478,486997.7854866774,-2.5738914012908936,-12534.794125118662,688880981.4351704
JSDA,11,0.35023562155818055,0.39595119553493635,124050.71618972952,982.3605876457697,volume,34444049.07175852,982.3605876457697,-50.75600814819336,-498.60701991012695,688880482.8281505
NGNE,10,0.35012182686032955,144.29981587737834,30405.788710309684,87750.99425008312,volume,34444024.14140753,87750.99425008312,73.55224609375,64542.827240533545,688945025.6553911
SHOP,10,0.3500570838796553,47.02514201163258,16755930.351966873,15759000.086765338,volume,34447251.28276955,15759000.086765338,83.63703155517578,13180359.875348104,702125385.5307393
NEOG,9,0.35000662572640084,26.88356706237195,924255.0517444139,496945.4533261401,volume,35106269.276536964,496945.4533261401,40.070350646972656,199127.7856719722,702324513.3164113
GLCNF,9,0.34988701253094656,4.178398749663042,69323.24951037994,5793.203581535013,volume,35116225.66582056,5793.203581535013,0.2573045194149017,14.906174634195535,702324528.2225858
SHTLF,9,0.34986189716227717,2.1453510954240604,21528.059311489007,923.7049125251417,volume,35116226.41112929,923.7049125251417,-11.989760398864746,-110.75000580430769,702324417.47258
AKTAF,11,0.3496003685131174,3.056603289088748,2882.695346108721,176.22512152713486,volume,35116220.873629,176.22512152713486,6.833305358886719,12.042000673018338,702324429.5145806
OMRNY,8,0.3495946755565581,52.61242651257128,21942.09878479028,23088.541196927163,volume,35116221.47572903,23088.541196927163,-58.545047760009766,-13517.197470830537,702310912.3171097
EFIN,9,0.3495801841504917,24.721773638236122,338.8069694596711,167.51818412077537,volume,35115545.615855485,167.51818412077537,26.789310455322266,44.876966413232886,702310957.1940762
PLNT,9,0.34954248739670046,55.74383946830365,1204008.8293096146,1342321.4979891074,volume,35115547.85970381,1342321.4979891074,35.86778259277344,481460.9565947927,702792418.150671
AOS,8,0.34945697347486465,56.19560446761584,1240981.753912363,1394754.3958877465,volume,35139620.90753355,1394754.3958877465,-6.4934797286987305,-90568.09396210527,702701850.0567089
GOGL,10,0.34940381672002535,9.032924011460576,906098.4665099883,163694.3718977136,volume,35135092.502835445,163694.3718977136,19.53874015808105,31983.817978497107,702733833.8746874
TUIFF,11,0.3493419198306912,10.71391291198214,1309.5054945054944,280.5985565178795,volume,35136691.69373437,280.5985565178795,31.01118850708008,87.01694730990526,702733920.8916347
PLCE,9,0.3492012561250733,67.910576850281,682698.1603292826,927248.5176517442,volume,35136696.04458173,927248.5176517442,-57.98117065429688,-537629.5454090959,702196291.3462255
SJMHY,9,0.3491884751228341,3.1569830692784446,2599.876497315159,164.15532168477807,volume,35109814.56731128,164.15532168477807,-0.937727391719818,-1.5393294164039464,702196289.8068961
AAUKF,10,0.34918492298805887,25.00089888113765,3171.4440532081376,1585.7790416288397,volume,35109814.49034481,1585.7790416288397,6.158563137054443,97.66120349288894,702196387.4680996
IMXI,10,0.3491665144951933,15.791470502693876,216173.84504874295,68274.05795082283,volume,35109819.37340498,68274.05795082283,-0.2571669816970825,-175.57833411424804,702196211.8897655
HBIO,11,0.34906217812506457,4.011629431131865,156298.88714733542,12540.264314668177,volume,35109810.59448828,12540.264314668177,-34.31964874267578,-4303.774664197236,702191908.1151013
GLCNF,10,0.3490307964119295,4.178398749663042,69323.24951037994,5793.203581535013,volume,35109595.405755065,5793.203581535013,-19.95621490478516,-1156.104156602838,702190752.0109447
VNDA,9,0.34885445530661374,12.489662355191575,706677.2606988614,176523.20760440946,volume,35109537.60054724,176523.20760440946,-52.62310028076172,-92891.98455648558,702097860.0263883
VITFF,8,0.3487331818378492,6.12216332749053,35543.989399293285,4352.12216826131,volume,35104893.001319416,4352.12216826131,-55.784969329833984,-2427.830016761478,702095432.1963714
SILXY,11,0.3485384371340203,4.895045077109141,1172.3422187377498,114.7733601303886,volume,35104771.60981857,114.7733601303886,-16.370615005493164,-18.789104915814104,702095413.4072665
RTOXF,10,0.34839138582970747,3.8851038942333296,2550.1791454331633,198.15421857830015,volume,35104770.67036333,198.15421857830015,3.542708158493042,7.020025667971575,702095420.4272922
ASTH,11,0.34838471111861447,24.843470273606467,133983.92018779344,66572.51076653415,volume,35104771.021364614,66572.51076653415,-4.361693382263184,-2903.688796510365,702092516.7384957
TCI,9,0.34837227926297765,27.465527652712044,3654.5311887014514,2007.4725484195667,volume,35104625.836924784,2007.4725484195667,-29.52548599243164,-592.7160260855296,702091924.0224696
PRKS,9,0.3483122844362382,33.34240884754715,1450890.2065856527,967523.4892176194,volume,35104596.20112348,967523.4892176194,3.5386886596679688,34237.64399256774,702126161.6664622
GLP,8,0.34824609566960535,24.78105758341256,120344.41010575792,59645.23513345207,volume,35106308.08332311,59645.23513345207,63.051944732666016,37607.4806920129,702163769.1471542
FUSB,10,0.3481618867448828,9.738066543843575,5809.166862514689,1131.4010694291808,volume,35108188.45735771,1131.4010694291808,56.601829528808594,640.3937046054223,702164409.5408589
INSW,10,0.3481161325166339,26.766182635892065,370633.4914089347,198408.8744405976,volume,35108220.47704294,198408.8744405976,-16.85904884338379,-33449.849051548365,702130959.6918074
KLYCY,10,0.3480795730016575,8.869319872031816,1523.844766758134,270.30933343399215,volume,35106547.984590374,270.30933343399215,31.84995079040528,86.09338968059903,702131045.785197
FTV,9,0.34803808000289527,64.01993266458136,2340684.9666979364,2997009.879139995,volume,35106552.28925985,2997009.879139995,28.93522071838379,867191.4234809249,702998237.2086779
GLMD,11,0.3480271884478013,55.501915776211284,77310.28907168038,85817.38305381905,volume,35149911.8604339,85817.38305381905,-37.226016998291016,-31946.393603103195,702966290.8150748
BVNKF,11,0.3480048576018319,33.91412790579042,396.48630672926447,268.92974638621456,volume,35148314.540753745,268.92974638621456,27.55620574951172,74.10683423582535,702966364.921909
HNFSA,8,0.3479906749766981,76.5532536628152,116.93453547628381,179.03438312518833,volume,35148318.24609545,179.03438312518833,11.111112594604492,19.89271189209526,702966384.8146209
SAN,9,0.3478879814304803,4.576337911810701,6586112.650333202,602805.5402635178,volume,35148319.240731046,602805.5402635178,104.67101287841795,630962.6646810436,703597347.4793019
PCRX,11,0.3477454790893167,48.117416732874815,674972.7279498236,649558.88068174,volume,35179867.3739651,649558.88068174,-35.915306091308594,-233291.0602401249,703364056.4190618
ELFIF,9,0.3477269978300828,634.2652582991562,85.14722004698513,1080.1184703311224,volume,35168202.82095309,1080.1184703311224,52.27894592285156,564.6745510071389,703364621.0936128
PZZA,8,0.34767540146625253,71.89757938302765,693407.31125049,997086.1441080773,volume,35168231.05468064,997086.1441080773,-46.78535842895508,-466490.32636641146,702898130.7672464
BDC,8,0.34766518364019816,66.40784821637173,329194.05399061035,437221.37542281067,volume,35144906.53836232,437221.37542281067,12.675311088562012,55419.16948053086,702953549.9367269
RRR,8,0.3476646257826601,33.51790040247262,762872.3207893529,511397.5693604135,volume,35147677.49683635,511397.5693604135,-11.927985191345217,-60999.4263422095,702892550.5103848
PRYMF,8,0.34756399176688035,30.99448449506053,817.5252842022736,506.7754949105465,volume,35144627.525519244,506.7754949105465,11.116068840026855,56.33351287864314,702892606.8438977
HE,11,0.3475361486101178,33.352854627426886,973693.0493730408,649508.8545495004,volume,35144630.342194885,649508.8545495004,-7.989705562591553,-51893.845081466105,702840712.9988163
NAK,10,0.3475202923493029,0.6456124255384758,4077081.205801646,52644.285727898685,volume,35142035.64994081,52644.285727898685,74.4195785522461,39177.65557054244,702879890.6543869
PRDSF,10,0.34750795389004924,4.87241113910204,1657.233633869071,161.49447235516425,volume,35143994.532719344,161.49447235516425,11.09798812866211,17.92263737042164,702879908.5770242
RCM,10,0.34750549825196203,13.886966960111351,1656330.2395456892,460028.06623208616,volume,35143995.42885121,460028.06623208616,37.937644958496094,174523.8144765641,703054432.3915008
AGCO,9,0.34749684925428964,83.96371673977991,761672.1388888889,1279056.4743649794,volume,35152721.619575046,1279056.4743649794,-11.155186653137209,-142681.13711444952,702911751.2543863
RTPPF,9,0.34742595950848115,55.182019338753584,1498.670717365739,1653.9935301619985,volume,35145587.562719315,1653.9935301619985,22.59534454345703,373.7255368665914,702912124.9799231
SYF,9,0.34740013726711927,34.527920743164806,5831604.17653982,4027063.336261515,volume,35145606.24899616,4027063.336261515,56.75642395019531,2285617.139871465,705197742.1197946
DSS,10,0.34738444309962685,296.8491223155752,24967.09749412686,148229.21955797912,volume,35259887.10598973,148229.21955797912,-81.8708724975586,-121356.55534843926,705076385.5644461
JD,10,0.3473448659279584,42.08055272208901,12525549.283418268,10541640.739880133,volume,35253819.27822231,10541640.739880133,-3.815697431564331,-402237.1149563454,704674148.4494898
ABCB,10,0.3472941157245887,41.32809862769639,325608.8450704225,269135.8892624147,volume,35233707.422474496,269135.8892624147,52.09113311767578,140195.9343431249,704814344.3838329
NRIM,10,0.3472779777454554,37.603061545927915,21094.293218345745,15864.200123146098,volume,35240717.21919165,15864.200123146098,73.83779907226562,11713.77621135073,704826058.1600442
ATRC,11,0.3472710006097141,34.50363258427484,306427.7676056338,211457.4221416869,volume,35241302.90800221,211457.4221416869,44.34099960327149,93762.33471293352,704919820.4947572
COP,8,0.3471908425046771,70.30904072901188,7718389.934612373,10853451.845501134,volume,35245991.02473786,10853451.845501134,56.64993667602539,6148473.597639302,711068294.0923964
ASMB,10,0.3471903716264595,152.70653145078202,30459.034037558686,93025.86878433792,volume,35553414.70461982,93025.86878433792,16.60984230041504,15451.45010366955,711083745.5425
ESI,9,0.3470559945316292,16.256361140487616,2054598.992166079,668006.0643106734,volume,35554187.277125,668006.0643106734,60.54375076293945,404435.9266575751,711488181.4691576
MBOT,9,0.34704473094195715,171.94716127357592,383667.2736181889,1319409.9714443982,volume,35574409.07345788,1319409.9714443982,-82.19093322753906,-1084435.3686273575,710403746.1005303
AAON,9,0.3469664740008434,38.35254566359781,305967.127543036,234692.36461308287,volume,35520187.30502652,234692.36461308287,191.20008850097656,448732.0088452491,710852478.1093756
PIPR,9,0.34696064957083905,101.71897886538683,103029.60878087024,209601.3319618083,volume,35542623.905468784,209601.3319618083,159.74127197265625,334819.8337474222,711187297.9431231
FRBK,9,0.34685067967038524,4.113348800938161,216020.4194059406,17771.346662831693,volume,35559364.89715616,17771.346662831693,-99.97618103027344,-17767.113711150072,711169530.8294119
JOB,9,0.34681481491972,2.3734124672560073,549394.4202273618,26078.791328170133,volume,35558476.541470595,26078.791328170133,-59.75232696533203,-15582.684663014876,711153948.1447488
SYK,8,0.346810900162828,200.81568644700587,1345899.19340918,5405553.40825872,volume,35557697.40723744,5405553.40825872,10.306445121765137,557120.39554989,711711068.5402987
NJDCY,8,0.3467658944972056,7.811289105869564,272318.7397099177,42543.20809640419,volume,35585553.42701494,42543.20809640419,-68.23957824707031,-29031.305777759688,711682037.2345209
XNGSY,11,0.34643256906512737,39.16862810477117,23393.119748723988,18325.528152962957,volume,35584101.861726046,18325.528152962957,-27.31189346313477,-5005.048725694011,711677032.1857952
GLPG,8,0.346234769611114,78.89893453391076,157932.9259694477,249214.7917362486,volume,35583851.60928976,249214.7917362486,-28.903549194335938,-72031.91992904847,711605000.2658662
CYRX,11,0.34621942084708934,18.98121573309835,349424.5015661707,132650.03693315695,volume,35580250.01329331,132650.03693315695,-37.76179504394531,-50091.03507241649,711554909.2307937
GLNCY,10,0.3461988311195396,8.312287504795341,447793.85507246375,74443.82532485953,volume,35577745.461539686,74443.82532485953,-20.32416534423828,-15130.086147600381,711539779.144646
MNSEF,8,0.3460364737348745,0.23874872612213088,69503.60682085456,331.8779517874495,volume,35576988.957232304,331.8779517874495,-91.78082275390624,-304.6003146893334,711539474.5443314
ANET,10,0.3458816604247175,93.3010665971162,2918695.2300469484,5446347.560705914,volume,35576973.72721657,5446347.560705914,-36.25905990600586,-1974794.4247256462,709564680.1196058
MCFT,9,0.3458291018920815,21.085258937835693,175208.19284210526,73886.2022821208,volume,35478234.00598029,73886.2022821208,-11.839073181152344,-8747.441558954533,709555932.6780468
AKAM,9,0.3457369856764598,83.29286518753601,1770932.3822378716,2950120.643399621,volume,35477796.63390234,2950120.643399621,23.515378952026367,693732.0488373793,710249664.7268842
SUOPY,11,0.3457333526029705,30.390429098091875,2293.107843137255,1393.7706264228225,volume,35512483.23634421,1393.7706264228225,-52.00482177734375,-724.8279302561564,710248939.898954
BYCBF,8,0.34557762430300837,1738.4019103430805,24.10172143974961,837.96957186835,volume,35512446.9949477,837.96957186835,-32.29763412475586,-270.6443463988228,710248669.2546077
MNDO,9,0.34556082038555896,2.4285442954836896,47912.561740493926,2327.1555699377323,volume,35512433.462730385,2327.1555699377323,-5.823859214782715,-135.5302641021478,710248533.7243437
ASAGF,8,0.3453836690775485,1.017642877378001,6771.039123630673,137.80999473221075,volume,35512426.68621718,137.80999473221075,-13.52381706237793,-18.637171581256844,710248515.0871722
HCKG,10,0.345359653381949,39.164660577863735,150.4235893416928,117.82577638942719,volume,35512425.75435861,117.82577638942719,0.5210575461387634,0.6139400991736957,710248515.7011123
SEM,9,0.34524405138699854,21.170601722914675,752348.2038416307,318553.2836096278,volume,35512425.785055615,318553.2836096278,51.78057098388672,164948.7091409853,710413464.4102533
GOOS,11,0.3451903583752058,28.880679948198285,1354425.595603272,782334.6428053188,volume,35520673.220512666,782334.6428053188,-21.78393745422364,-170423.28927143457,710243041.1209818
LMNR,11,0.3451089688767681,18.66131712772574,56096.78714229714,20936.798694178695,volume,35512152.05604909,20936.798694178695,27.100860595703125,5674.0526273123605,710248715.1736091
GOLF,8,0.3450771306546669,38.58706096974815,278898.47609756095,215237.45003092862,volume,35512435.758680455,215237.45003092862,11.809231758117676,25417.889304415086,710274133.0629135
ABUS,11,0.3450632277539888,4.559700632179287,1257791.4276212833,114703.04735348906,volume,35513706.65314568,114703.04735348906,16.412803649902344,18825.985942582665,710292959.0488561
NVEE,10,0.344960683852229,17.47807084565441,333963.8326146609,116740.87052650629,volume,35514647.95244281,116740.87052650629,-25.948610305786133,-30292.63356050546,710262666.4152956
CZMWF,8,0.34484215414444347,89.50576664977645,67.72161315583399,121.22949808545016,volume,35513133.32076478,121.22949808545016,-55.7112922668457,-67.53851999201525,710262598.8767756
TPC,11,0.3446685885878831,16.773021984418484,412674.9458398744,138436.1187798184,volume,35513129.94383878,138436.1187798184,31.80146598815918,44024.71522909159,710306623.5920048
CUAEF,11,0.3445577558057089,2.4815505058763545,5512.098668754894,273.5710247977818,volume,35515331.17960024,273.5710247977818,1.2686437368392944,3.4706416719041315,710306627.0626465
FFBB,10,0.3445354319916162,36.02249116669717,1598.9506462984723,1151.963710645429,volume,35515331.35313233,1151.963710645429,42.75139999389648,492.4806137225596,710307119.5432602
CMC,9,0.34446879849955253,28.240689121192567,1310633.237274863,740263.7161156323,volume,35515355.97716301,740263.7161156323,32.68143844604492,241928.83072073507,710549048.373981
DFIHY,8,0.34442879495929574,27.647740842405483,1947.1096319498824,1076.6636499180374,volume,35527452.41869905,1076.6636499180374,-15.47558879852295,-166.62003920448413,710548881.7539418
ASMB,9,0.3443429694717642,152.70653145078202,30459.034037558686,93025.86878433792,volume,35527444.08769709,93025.86878433792,-18.6423454284668,-17342.203796608545,710531539.5501451
USAC,9,0.3442414083114413,17.331863267495674,235271.9246171967,81554.01656291605,volume,35526576.977507256,81554.01656291605,26.453140258789062,21573.59838806425,710553113.1485332
CIBH,8,0.3442054852126627,20.779236488820242,610.863351605325,253.86548090720797,volume,35527655.65742666,253.86548090720797,-43.7606315612793,-111.09313776107311,710553002.0553955
MRMD,11,0.3441844034090646,0.7607836147681936,470029.12034496275,7151.809064447101,volume,35527650.10276978,7151.809064447101,-47.54098129272461,-3400.0402094201795,710549602.0151861
OGCP,8,0.34413772002954773,13.394072902571777,2747.7310858486867,736.0662096104004,volume,35527480.100759305,736.0662096104004,5.804198741912842,42.7227456778524,710549644.7379318
BPZZF,8,0.3441116216987123,12.946333226836716,420.768779342723,108.94825657640442,volume,35527482.2368966,108.94825657640442,2.5044946670532227,2.7286032758035104,710549647.4665351
NNBR,11,0.3440952738373803,11.32561740343452,249638.96040768325,56546.30709137118,volume,35527482.373326756,56546.30709137118,14.317061424255373,8095.769519419683,710557743.2360545
CEVA,11,0.34407894178025467,31.193688841668592,145883.65557729942,91012.98718326857,volume,35527887.16180273,91012.98718326857,59.4569091796875,54113.50913127662,710611856.7451859
PFBX,8,0.3440036776584105,13.163751471701532,2557.920423363387,673.4365747509038,volume,35530592.83725929,673.4365747509038,-12.754530906677246,-85.89367606347264,710611770.8515098
VSEC,9,0.34397392513613056,43.87528274777266,47675.070278759325,41835.14377000996,volume,35530588.54257549,41835.14377000996,108.72904205322266,45486.95106272028,710657257.8025726
ACNDF,9,0.3438832300723115,0.8416685026739498,17474.13302034429,294.148547495172,volume,35532862.890128635,294.148547495172,12.613784790039062,37.103264744066834,710657294.9058373
ADM,9,0.34387771723876376,54.11665099252931,3358090.186228482,3634571.8921912904,volume,35532864.74529187,3634571.8921912904,-30.45716667175293,-1106987.6190093854,709550307.2868279
VREX,9,0.3437637886353829,24.73275092757053,366249.9819367787,181167.39160939108,volume,35477515.3643414,181167.39160939108,-43.96443176269531,-79649.21426036573,709470658.0725675
KMX,8,0.34367963552795416,78.52557818817652,1894634.4143473147,2975545.256836802,volume,35473532.90362837,2975545.256836802,-47.33638381958008,-1408515.5235015785,708062142.549066
ADP,9,0.3436651722970348,162.59166083835848,1984946.1118935838,6454713.700148399,volume,35403107.1274533,6454713.700148399,20.58148765563965,1328476.103402924,709390618.6524689
ESPR,11,0.34366511823775864,28.73384004831314,1642047.704269487,943646.7217235847,volume,35469530.932623446,943646.7217235847,14.606764793395996,137836.25712275604,709528454.9095917
KOP,9,0.3436331411921311,31.65390822860317,144901.3614268914,91733.88793612961,volume,35476422.745479584,91733.88793612961,64.42530059814453,59099.83305321654,709587554.7426449
HIW,11,0.3436279823909926,40.462793877879655,817939.3326802508,661922.2124570285,volume,35479377.737132244,661922.2124570285,15.726466178894045,104096.97287264175,709691651.7155175
CDXC,11,0.34357714888330765,3.8315883766648353,376900.60313111544,28882.55940230296,volume,35484582.585775875,28882.55940230296,85.6144027709961,24727.630737259857,709716379.3462547
MARPS,11,0.3434761597395776,4.899544644664195,64146.37005096041,6285.760077156616,volume,35485818.96731274,6285.760077156616,-13.236395835876465,-832.0080851059437,709715547.3381697
SBR,8,0.3434631350766949,46.50464918509692,37130.21834574677,34534.555566700066,volume,35485777.36690848,34534.555566700066,65.73694610595703,22701.962180813407,709738249.3003505
RJF,10,0.34345113797133653,70.7818972925166,1225581.6032928263,1734979.823357413,volume,35486912.46501753,1734979.823357413,45.6596565246582,792185.8281171165,710530435.1284676
KMTUF,8,0.34333608431097173,24.35171306764131,4261.439043512348,2075.46681685713,volume,35526521.75642338,2075.46681685713,6.94810676574707,144.20565032288562,710530579.3341179
FRBK,10,0.34324060861248024,4.113348800938161,216020.4194059406,17771.346662831693,volume,35526528.966705896,17771.346662831693,-99.96884155273438,-17765.809387153364,710512813.5247307
AGRPY,10,0.3432395346473997,21.096935064953072,937.8877151799687,395.73112450738,volume,35525640.67623653,395.73112450738,7.790861129760742,30.830862357610556,710512844.3555931
AP,9,0.3431528130313974,7.603442886998769,66584.8196400626,10125.4774654866,volume,35525642.21777966,10125.4774654866,-40.1636962890625,-4066.766017055501,710508777.589576
GSM,10,0.34308701989302004,7.235072492455427,1084576.079153605,156939.73112518815,volume,35525438.879478805,156939.73112518815,-19.232276916503903,-30183.08368201285,710478594.505894
BRT,8,0.3429966275239336,13.752366971894983,34609.09115805947,9519.138443387996,volume,35523929.7252947,9519.138443387996,-15.619024276733398,-1486.7965444086328,710477107.7093496
BACHF,11,0.3429961078847486,0.4305829401820292,124764.5003912363,1074.4293081760093,volume,35523855.385467485,1074.4293081760093,1.035201907157898,11.122512689301457,710477118.8318623
CYDVF,11,0.3429488983214316,0.40007306186346653,82878.92560689115,663.152510630068,volume,35523855.94159312,663.152510630068,-30.63972282409668,-203.18809115809114,710476915.6437712
CACC,8,0.34293278512140424,377.9979560565501,130580.02738654146,987179.6690784201,volume,35523845.78218856,987179.6690784201,-29.94468879699707,-295607.87977275846,710181307.7639984
NOMD,9,0.34290876544034715,18.13593226979928,821541.1756972112,297988.30238591786,volume,35509065.38819992,297988.30238591786,37.89670944213867,112927.76112675287,710294235.5251251
CVI,10,0.3429080623084295,29.443911538986647,736435.6393891934,433670.9164066496,volume,35514711.776256256,433670.9164066496,-48.35552215576172,-209703.83606611233,710084531.689059
AKEMF,8,0.3427816425602936,0.17515136966706252,120433.27543035994,421.8810629023626,volume,35504226.58445295,421.8810629023626,510.8695373535156,2155.261834231394,710086686.9508933
CFPZF,10,0.3427710708533465,15.667298363257686,7760.338684416602,2431.6708313737104,volume,35504334.34754466,2431.6708313737104,-27.87699317932129,-677.8767118055946,710086009.0741816
MLP,9,0.3425901448441068,11.397227239627457,21164.00705605645,4824.219954379085,volume,35504300.45370908,4824.219954379085,159.6192169189453,7700.382113627396,710093709.4562951
INTC,9,0.34235210998287324,41.76124848276435,32974893.5499804,27541454.4646687,volume,35504685.47281476,27541454.4646687,-11.89933967590332,-3277251.2184351687,706816458.23786
PRMRF,8,0.34232017325870656,14.0171414364417,15846.549980399843,4442.466647098141,volume,35340822.911893,4442.466647098141,0.4469636380672455,19.85621054579383,706816478.0940704
FGBI,9,0.34222616449089627,16.395842599252415,10935.577359968664,3585.9601025198895,volume,35340823.90470352,3585.9601025198895,-50.8003158569336,-1821.6790585837236,706814656.4150118
CHH,9,0.34213345988739957,90.88511356153614,309690.21652310103,562924.6099519752,volume,35340732.82075059,562924.6099519752,9.945895195007324,55987.89173272722,706870644.3067445
WHG,9,0.34201095742011034,33.71963093259262,27774.146446800158,18730.6793530776,volume,35343532.215337224,18730.6793530776,39.8243293762207,7459.367439973389,706878103.6741844
CRNT,8,0.34200924138436856,2.4510356273236646,608836.1949882538,29845.58410240775,volume,35343905.18370923,29845.58410240775,-27.59937858581543,-8237.195747571459,706869866.4784368
WFCF,11,0.3419871799199894,26.511112325557505,2841.3380447585396,1506.5406411894717,volume,35343493.323921844,1506.5406411894717,3.3366665840148926,50.2682381491728,706869916.746675
FOR,9,0.34196093195388777,18.99160595179258,201940.46220133177,76703.47367701113,volume,35343495.83733375,76703.47367701113,195.34356689453125,149835.3014126814,707019752.0480877
RSKIA,8,0.3419185471844648,9.955229337334119,983.8075264602116,195.8805909941362,volume,35350987.602404386,195.8805909941362,-14.460384368896484,-28.325086361818126,707019723.7230014
DB,10,0.3418392276723485,14.73190680181224,4392200.320281911,1294109.7154656597,volume,35350986.18615007,1294109.7154656597,59.76294708251953,773398.1044434863,707793121.8274448
HBCP,10,0.34179812903629314,34.8537735094471,15273.806034482759,10646.995523061769,volume,35389656.091372244,10646.995523061769,37.30181503295898,3971.5225765799246,707797093.3500214
USM,11,0.34156415151732483,37.201195552108516,171435.17903415783,127551.8723952088,volume,35389854.66750107,127551.8723952088,38.85254669189453,49557.15077873423,707846650.5008001
COO,8,0.34119353850994216,71.89717112730142,1467771.997650744,2110573.089819132,volume,35392332.52504001,2110573.089819132,-16.65458869934082,-351507.2673083455,707495143.2334919
RHP,9,0.3410299137517811,73.97011763999996,388812.6213249706,575210.3067864967,volume,35374757.1616746,575210.3067864967,35.54766082763672,204473.80890207246,707699617.0423939
VALE,9,0.3408841161979181,11.72644091232833,27889297.829210836,6540844.061611353,volume,35384980.8521197,6540844.061611353,-18.221450805664062,-1191836.682961712,706507780.3594322
GS,9,0.34086345238113774,272.2604466800032,2922316.340909091,15912623.046323633,volume,35325389.01797161,15912623.046323633,63.46686553955078,10099243.072625788,716607023.432058
KAST,9,0.3408399353697194,0.10357358526498868,61032.03800940439,126.4261398532615,volume,35830351.1716029,126.4261398532615,-87.2697982788086,-110.33183722162576,716606913.1002208
CDEVY,10,0.3407793649443702,6.2266230160476175,14414.028571428571,1795.0144411365022,volume,35830345.65501104,1795.0144411365022,-30.83007049560547,-553.4042176086821,716606359.6960032
CWGL,9,0.3406543169824668,7.815544244546674,18318.974158183242,2863.455060959766,volume,35830317.98480016,2863.455060959766,1.6854664087295532,48.26257318154321,716606407.9585763
FCHS,11,0.3406303257027324,0.5316835874396121,19448.096357226794,206.80467280163185,volume,35830320.39792882,206.80467280163185,14.090911865234377,29.14066417766427,716606437.0992404
WOPEF,9,0.3405816425890831,21.572357720284074,9181.773458971338,3961.450031270795,volume,35830321.85496202,3961.450031270795,-22.248992919921875,-881.3827369836821,716605555.7165034
AHCHY,10,0.34055963382369403,21.754890438536524,29039.468309859156,12635.009029486788,volume,35830277.78582517,12635.009029486788,-7.065179347991943,-892.6860485682178,716604663.0304548
SANG,11,0.3404729825523516,2.7407495502407344,8385.63504508036,459.65850956573877,volume,35830233.15152274,459.65850956573877,38.25960922241211,175.86354951741544,716604838.8940042
PKKFF,11,0.3404671294731306,1.2602919255405582,56642.57193257546,1427.7235209695023,volume,35830241.94470021,1427.7235209695023,2.584815740585327,36.90402230205875,716604875.7980266
MIELY,8,0.34046310402130414,26.643872959012846,55414.56056448451,29529.17023519297,volume,35830243.78990133,29529.17023519297,7.268553256988525,2146.3434648918046,716607022.1414915
CERGF,9,0.34038366925520747,3.2758003958517325,1943.8747553816047,127.35491386330501,volume,35830351.10707458,127.35491386330501,15.576828002929688,19.837855885766277,716607041.9793475
RNG,10,0.340302852066785,95.09088398213015,1056223.1709133673,2008743.9000912127,volume,35830352.09896737,2008743.9000912127,2.398536443710327,48180.4545044959,716655222.433852
SRPT,8,0.34025648438706463,85.8766561879779,1609111.486475892,2763702.2778443242,volume,35832761.1216926,2763702.2778443242,-2.610525369644165,-72147.14910455975,716583075.2847474
LFCR,8,0.34025279407207476,10.761797334623543,147639.06468051745,31777.23385530211,volume,35829153.76423737,31777.23385530211,-40.14154052734375,-12755.871206494896,716570319.413541
CGECF,10,0.34019230072827494,52.332408843718994,141.9482555860447,148.5698829196322,volume,35828515.97067705,148.5698829196322,12.66002368927002,18.80898237274617,716570338.2225233
KUBTY,8,0.34019007987198896,81.4451509249159,25554.821246569973,41626.32546572277,volume,35828516.91112617,41626.32546572277,-36.47343063354492,-15182.54894403404,716555155.6735793
YUMC,11,0.3401854153018826,45.56084509762009,2604804.0660514813,2373541.4912604503,volume,35827757.78367897,2373541.4912604503,28.936811447143555,686827.2259457558,717241982.8995252
KPLUF,10,0.34007688670015723,19.99467653613238,255.62524500196002,102.22288176567564,volume,35862099.14497626,102.22288176567564,-42.61300277709961,-43.56023944563861,717241939.3392857
TAIT,8,0.3400307697626711,2.5263656377090853,33456.750098077675,1690.47967594407,volume,35862096.96696429,1690.47967594407,-16.236968994140625,-274.48266083528756,717241664.856625
APPN,11,0.3400269935360873,51.93655476322584,597750.3728369166,620901.8994716638,volume,35862083.24283125,620901.8994716638,15.064046859741213,93532.9530894347,717335197.8097144
TXN,8,0.3400257838253029,125.5135576751206,5340040.799843014,13404950.378371866,volume,35866759.89048573,13404950.378371866,-15.79347801208496,-2117107.8905390603,715218089.9191754
RUPRF,10,0.3399691244948337,1.7799419853033118,3161.276362210898,112.53777048492194,volume,35760904.49595877,112.53777048492194,1.298291563987732,1.461068380505617,715218091.3802438
FND,10,0.3397300682777957,74.33743645826893,1206170.0991177997,1793271.8620206672,volume,35760904.56901219,1793271.8620206672,-1.2575799226760864,-22551.826895771523,715195539.5533481
JBTC,11,0.3397061636759465,23.20334249755907,575.9662877303018,267.28686082507693,volume,35759776.977667406,267.28686082507693,28.09027099609375,75.08160354271605,715195614.6349516
VNDA,8,0.3396688727466844,12.489662355191575,706677.2606988614,176523.20760440946,volume,35759780.73174758,176523.20760440946,-76.89515686035156,-135737.79738233468,715059876.8375692
YATRY,8,0.33962776629140207,20.639672130334596,396.22379269729095,163.55858343019497,volume,35752993.84187847,163.55858343019497,-25.574460983276367,-41.829226104154735,715059835.0083432
TSGTY,11,0.33959180180345444,32.81509908364744,1520.287284144427,997.7675572961729,volume,35752991.750417165,997.7675572961729,-12.392900466918944,-123.65234026692315,715059711.3560029
HLPPY,11,0.339489649256327,10.553401256429739,56712.03409090909,11970.097036593725,volume,35752985.56780015,11970.097036593725,-21.381702423095703,-2559.4105281202674,715057151.9454747
SFTBY,10,0.33937650240930584,22.304676595737963,552637.1477851822,246527.8571227907,volume,35752857.59727374,246527.8571227907,23.298921585083008,57438.33211642448,715114590.2775912
OCC,10,0.3393136571282139,3.36046534872485,15216.404547236378,1022.6840042633418,volume,35755729.51387956,1022.6840042633418,-43.87782287597656,-448.7314759716137,715114141.5461152
ACSAY,8,0.339292318046431,6.064733167666238,119986.93867457962,14553.775333329158,volume,35755707.07730576,14553.775333329158,75.79733276367188,11031.373519080698,715125172.9196343
CLWT,11,0.33925570449581055,2.735274079869105,77174.89506656225,4221.889801843717,volume,35756258.64598172,4221.889801843717,-18.943225860595703,-799.7621207487116,715124373.1575136
ACB,9,0.3392554892068574,227.036108926988,721587.4984350548,3276528.3579010773,volume,35756218.65787568,3276528.3579010773,-48.945945739746094,-1603727.792205655,713520645.3653079
NINOY,9,0.339163302874292,12.603875805844703,16392.028224225793,4132.06175888086,volume,35676032.2682654,4132.06175888086,13.439214706420898,555.3166515779106,713521200.6819595
KMDA,10,0.33891874518405335,5.4056448485981194,59902.502548020384,6476.233086336842,volume,35676060.03409798,6476.233086336842,16.473121643066406,1066.8377542007818,713522267.5197138
NSTM,9,0.33883711732518845,0.3484637396383091,15677.930223441788,109.26380390897994,volume,35676113.37598569,109.26380390897994,-78.14208221435547,-85.38101148108724,713522182.1387023
TMSNY,10,0.3388008273719891,114.46107372892624,10848.495044598612,24834.607822953854,volume,35676109.10693511,24834.607822953854,-15.353449821472168,-3812.9690504566215,713518369.1696519
MCY,8,0.33874633214026983,50.294860850311366,249396.83731869856,250867.58458903368,volume,35675918.45848259,250867.58458903368,-24.69424819946289,-61949.86399041349,713456419.3056614
MNSB,11,0.33871288209844835,18.17230582265282,12134.018816150528,4410.062015698223,volume,35672820.96528307,4410.062015698223,12.37316608428955,545.6642976225087,713456964.9699591
EGRNF,11,0.3386806653595159,1.2598014261252761,41687.841816758024,1050.3680514567336,volume,35672848.248497956,1050.3680514567336,-99.15093994140624,-1041.449795863585,713455923.5201633
MPLX,9,0.3385922928545849,35.15324186521715,1914591.5080360642,1346081.967101652,volume,35672796.176008165,1346081.967101652,41.18707656860352,554411.8104663219,714010335.3306296
RNECF,11,0.3385896872242654,9.649274793899279,5744.970599764798,1108.6960000000577,volume,35700516.76653148,1108.6960000000577,-23.526660919189453,-260.8391485446303,714010074.4914811
NKRKF,10,0.3385835848052501,27.364763064420252,245.74228523769807,134.49358820877572,volume,35700503.72457405,134.49358820877572,-14.301027297973633,-19.233964763761264,714010055.2575163
SF,9,0.3384833083775314,47.65634261893553,675232.8004704037,643582.5137352179,volume,35700502.76287582,643582.5137352179,74.45933532714844,479207.262008997,714489262.5195253
FMC,9,0.3384241862777022,78.21095380248904,1237865.3517430474,1936292.5967775467,volume,35724463.125976264,1936292.5967775467,-43.119537353515625,-834920.409540852,713654342.1099844
PEBO,10,0.33840569696034645,28.806042708214104,74217.78204625637,42758.411986667736,volume,35682717.10549922,42758.411986667736,21.49088287353516,9189.160238638382,713663531.270223
CCBC,8,0.338221744821334,9.697773916240774,1212.9538160469667,235.2590375772997,volume,35683176.563511156,235.2590375772997,-3.1020398139953613,-7.297829011670144,713663523.972394
BANF,10,0.3381587391837938,60.8459252714178,77589.39866979656,94419.97506633369,volume,35683176.1986197,94419.97506633369,24.618343353271484,23244.63365590335,713686768.6060499
ICAD,11,0.3379930800428526,5.61509776526484,164299.97570532915,18451.20852832123,volume,35684338.43030249,18451.20852832123,12.95761013031006,2390.8356654303852,713689159.4417154
CLVLY,9,0.3379230423356652,11.276786999863017,7517.07400156617,1695.368847557393,volume,35684457.97208577,1695.368847557393,-14.935344696044922,-253.20918125206103,713688906.232534
FARM,8,0.33787414040261177,16.57890325716977,134253.60947904427,44515.55206957851,volume,35684445.3116267,44515.55206957851,-55.50933074951172,-24710.285033273445,713664195.9475008
CIM,10,0.3377634491378065,39.67233862686456,633885.7353171495,502954.5908448199,volume,35683209.797375046,502954.5908448199,-19.47323036193848,-97941.50609115692,713566254.4414096
CELJF,8,0.33773739081099874,5.462052839656166,21496.03444227006,2348.2495193349587,volume,35678312.72207048,2348.2495193349587,-30.262916564941406,-710.6487927729761,713565543.7926168
WLMIF,11,0.33768030403811167,2.680216064722715,5571.630938358853,298.6634949539099,volume,35678277.18963084,298.6634949539099,-9.678361892700195,-28.905733883025786,713565514.886883
RUSHB,9,0.3375409158502238,24.29450585729045,30954.91140729126,15040.68552992689,volume,35678275.74434415,15040.68552992689,42.122291564941406,6335.481412281757,713571850.3682953
CMA,9,0.33749725227951805,62.960922099317344,1986303.0771339077,2501189.466101246,volume,35678592.518414766,2501189.466101246,-16.723602294921875,-418288.97895325214,713153561.3893421
PRI,9,0.33746306685836996,123.911991464816,239087.88592708742,592517.1216067632,volume,35657678.069467105,592517.1216067632,99.6274642944336,590309.7837671838,713743871.1731093
LMNR,8,0.3373999294467813,18.66131712772574,56096.78714229714,20936.798694178695,volume,35687193.55865546,20936.798694178695,22.04694366455078,4615.92421326598,713748487.0973226
CRNCY,11,0.33722851560555506,20.386619516154614,2392.528582615505,975.5113979061398,volume,35687424.35486613,975.5113979061398,8.57974624633789,83.69640254445032,713748570.7937251
CPYYF,11,0.33718583822523024,1.8312568505387243,7235.4134690681285,264.99800963422337,volume,35687428.539686255,264.99800963422337,-10.20057773590088,-27.03132797132906,713748543.7623972
DAN,10,0.33712507967604066,17.749534059896448,1565404.3300704777,555703.9494819065,volume,35687427.18811986,555703.9494819065,-33.10341262817383,-183956.97138805414,713564586.7910091
ATLPF,8,0.3370611720231949,10.75029048337623,3842.413145539906,826.1411494339475,volume,35678229.33955046,826.1411494339475,-6.181461334228516,-51.06759571841049,713564535.7234133
SSBI,8,0.3370001423044087,11.954220678515641,6962.334770678165,1664.5857257277876,volume,35678226.78617067,1664.5857257277876,-15.423861503601074,-256.7433969449668,713564278.9800164
TKO,8,0.33694819764535255,54.876012171329634,873769.4746959592,958979.6865670352,volume,35678213.94900082,958979.6865670352,52.68368148803711,505225.80360595335,714069504.7836223
NUVR,8,0.33690293709420005,14.572693070539163,1909.8784790278323,556.6414575380154,volume,35703475.239181116,556.6414575380154,-51.35749435424805,-285.8771051284903,714069218.9065171
PPERF,9,0.3367218080501462,0.26045226397431626,172201.11289690319,897.0033942579054,volume,35703460.94532586,897.0033942579054,54.77701568603516,491.35168997692074,714069710.2582071
EFXT,11,0.3366188860639545,8.771391932630129,30267.229835552076,5309.714712052469,volume,35703485.51291036,5309.714712052469,85.24143981933594,4526.077270852632,714074236.335478
OEC,8,0.33650140785679633,19.40223049509997,368769.4939239514,143099.01441347747,volume,35703711.8167739,143099.01441347747,41.365272521972656,59193.29728839189,714133429.6327664
KOP,10,0.33646639243918985,31.65390822860317,144901.3614268914,91733.88793612961,volume,35706671.48163832,91733.88793612961,-11.920281410217283,-10934.937590520012,714122494.6951759
EGFEY,11,0.33639689858022775,0.5134606921817358,110136.72101616628,1131.0175401517495,volume,35706124.734758794,1131.0175401517495,1.8903155326843264,21.37980023887271,714122516.0749762
BOOT,8,0.3362736211957972,47.65760477150462,623962.7739913827,594731.4255002596,volume,35706125.80374881,594731.4255002596,-36.15569305419922,-215029.26870073736,713907486.8062755
MFC,9,0.33608074231509183,18.54732847980124,2704850.022344179,1003354.8370603044,volume,35695374.34031378,1003354.8370603044,84.94438934326172,852293.6392869542,714759780.4455624
IVT,9,0.3360709026719291,20.744200306760913,125434.97569580557,52040.96522614955,volume,35737989.02227812,52040.96522614955,29.36712455749512,15282.935078886061,714775063.3806412
HTHT,8,0.3359493528616289,30.55265282743777,1439290.375783699,879482.783383836,volume,35738753.16903206,879482.783383836,-4.372741222381592,-38457.506212774,714736605.8744284
APELY,11,0.3358923141539846,35.04974349265181,1842.6165884194054,1291.6647755881065,volume,35736830.29372142,1291.6647755881065,7.443539619445801,96.1455793213264,714736702.0200077
RMRDF,10,0.33585514181765513,0.1333175227936811,77359.65660525284,206.26795565564274,volume,35736835.10100039,206.26795565564274,85.74588012695312,176.86627399680424,714736878.8862817
RSGUF,9,0.33575735350282815,4.240825951309683,2077.8863190905527,176.23908451741136,volume,35736843.944314085,176.23908451741136,-3.819912672042847,-6.732179122572901,714736872.1541027
NODK,10,0.335707689391006,16.005329305652705,17769.764314928427,5688.218590885313,volume,35736843.60770514,5688.218590885313,21.33702278137207,1213.6964965914406,714738085.8505993
BKUTK,11,0.33566800315592915,429.99863291756833,34.58528951486698,297.43254420902224,volume,35736904.29252996,297.43254420902224,27.78549766540528,82.6431126273534,714738168.493712
BHE,10,0.3356575567342884,27.15202270874955,276429.88654147106,150112.61113502167,volume,35736908.4246856,150112.61113502167,80.26769256591797,120491.92920853113,714858660.4229205
TYOYY,11,0.33554686444804505,100.66817960634336,518.8261381475667,1044.5856571900952,volume,35742933.02114602,1044.5856571900952,-30.44858360290528,-318.0615371334837,714858342.3613833
OI,9,0.3354497798146399,16.964747151502298,1560291.7989023912,529399.1170188347,volume,35742917.118069164,529399.1170188347,-13.308895111083984,-70457.17320304147,714787885.1881803
NXGCF,8,0.33537430509883165,3.0955446871389647,6367.999607996864,394.248547084754,volume,35739394.25940902,394.248547084754,-78.72340393066406,-310.3658762123052,714787574.8223041
LCCTF,8,0.33534478648438654,2.4866480838246408,2099.3630573248406,104.4075424749811,volume,35739378.741115205,104.4075424749811,-24.45783805847168,-25.535827659360912,714787549.2864765
CARCY,8,0.3353170962468023,20.981649007315927,365.90414710485135,153.5454476975057,volume,35739377.464323826,153.5454476975057,-70.43207550048828,-108.14524564986995,714787441.1412308
LCII,8,0.33529920049545486,101.25214619713174,178422.57193257546,361313.3667637077,volume,35739372.057061546,361313.3667637077,-23.41658592224121,-84607.25497676614,714702833.8862541
PSRU,11,0.3351733400420555,0.5430415720840135,14835551.096432772,161126.41980279126,volume,35735141.69431271,161126.41980279126,9.99999713897705,16112.63737041528,714718946.5236245
UBFO,9,0.33511047385297177,7.830126133968168,20230.388932496076,3168.1299416135585,volume,35735947.326181225,3168.1299416135585,29.04483985900879,920.1782680669667,714719866.7018926
EQUEY,10,0.33501393502359855,4.23574030282588,7497.5291813552685,635.1517305015927,volume,35735993.33509463,635.1517305015927,-29.96436882019043,-190.3192070953192,714719676.3826855
YATRY,9,0.33493519574013664,20.639672130334596,396.22379269729095,163.55858343019497,volume,35735983.81913428,163.55858343019497,-23.745933532714844,-38.83851250838405,714719637.5441731
ATEYY,11,0.33490403854880874,14.40641921096378,58482.4182316119,16850.44467031024,volume,35735981.87720866,16850.44467031024,64.53192901611328,10873.916993544048,714730511.4611666
CXBMF,10,0.33490016627429364,1.0120802660638244,87683.87509788567,1774.8623927715055,volume,35736525.57305833,1774.8623927715055,33.322547912597656,591.4293712139621,714731102.8905379
SOHO,11,0.33488392971699804,4.422852605686427,72878.5539004312,6446.622040343617,volume,35736555.14452689,6446.622040343617,-26.921220779418945,-1735.5093522955876,714729367.3811855
NBN,9,0.33479289447664934,27.681497444876594,27472.588004704037,15209.647493127244,volume,35736468.36905928,15209.647493127244,89.05928039550781,13545.602608072517,714742912.9837936
WYGPY,9,0.33465781541244033,8.812462471305599,1564.6128778955633,275.76184537152204,volume,35737145.64918968,275.76184537152204,18.340665817260746,50.57655851110218,714742963.5603522
FARO,8,0.33461537027152544,43.35849201898691,132243.45828437133,114677.53861172285,volume,35737148.17801761,114677.53861172285,-72.53247833251953,-83178.4608458146,714659785.0995064
AGTX,11,0.3345601034435768,11.32887391598205,554.4125903870694,125.61740667856222,volume,35732989.25497532,125.61740667856222,477.6560363769531,600.0191257403383,714660385.1186321
KDSKF,9,0.3345429295078346,102.86026550195547,890.2266560255387,1831.379003914098,volume,35733019.25593161,1831.379003914098,-77.7980728149414,-1424.7775709826385,714658960.3410611
PCCYF,10,0.3345228588010244,0.640683300959648,50182.270090160724,643.0188490202556,volume,35732948.01705306,643.0188490202556,2.049985408782959,13.181792580639364,714658973.5228537
JOE,8,0.3345139806715009,30.30416309314819,256160.65699725598,155254.68655385677,volume,35732948.676142685,155254.68655385677,7.389339923858643,11472.296537185734,714670445.8193909
ON,8,0.3344681101027118,35.76994117275494,6498799.361818895,4649233.417315984,volume,35733522.29096954,4649233.417315984,14.80284595489502,688218.8608487867,715358664.6802397
WNDLF,8,0.3344148318826374,117.46455037926148,58.578720062819,137.61846027943318,volume,35767933.234011985,137.61846027943318,-27.47087860107422,-37.80500015603063,715358626.8752395
SUM,9,0.33431208397996337,26.235185613876137,1236272.7157937475,648676.8833643941,volume,35767931.34376197,648676.8833643941,59.6743049621582,387093.4215978918,715745720.2968373
CMCLF,11,0.334301095057504,0.5146266240320265,29030.687157400156,298.79929050285506,volume,35787286.01484187,298.79929050285506,-27.182537078857425,-81.22122793230149,715745639.0756093
CESDF,10,0.33425908279602606,3.0594951069634955,19765.10567514677,1209.4248820345592,volume,35787281.953780465,1209.4248820345592,211.891357421875,2562.666799540938,715748201.7424089
RUSHA,9,0.3342177418219132,24.74706826795087,399672.9517836143,197814.67645285078,volume,35787410.08712044,197814.67645285078,68.36473083496094,135235.47110904029,715883437.2135179
GGB,10,0.33421130133840393,3.160525925081009,11564055.32980807,730969.9333785925,volume,35794171.86067589,730969.9333785925,-32.2392692565918,-235659.3650066541,715647777.8485112
MGAFF,11,0.3341798127276129,0.14398714262876774,110774.01097608781,319.0006663594928,volume,35782388.89242556,319.0006663594928,-14.55554485321045,-46.4322850739962,715647731.4162261
FBIZ,11,0.3341500124257688,26.52509988843811,20423.27418723071,10834.587757305084,volume,35782386.57081131,10834.587757305084,41.46135330200195,4492.16670887171,715652223.582935
WNC,9,0.3340498218232054,17.17968982315363,696095.2442088731,239174.00765761637,volume,35782611.17914675,239174.00765761637,17.216552734375,41177.51915529163,715693401.1020902
IRWD,8,0.3340022289645067,11.14513674561812,1938277.5805566444,432047.37372539286,volume,35784670.05510452,432047.37372539286,-10.26934051513672,-44368.415994565934,715649032.6860956
CRBO,11,0.3339844429028178,20.465404636191565,356.3389432485323,145.85241322428232,volume,35782451.634304784,145.85241322428232,92.30770111083984,134.63300966201757,715649167.3191053
AFMJF,10,0.3339795470930743,0.3814417060715305,116189.49100156495,886.3903535043936,volume,35782458.36595526,886.3903535043936,1.9894602298736568,17.634383564406427,715649184.9534888
GNTX,9,0.3338591167471179,25.15666861222204,1726016.0638464552,868416.2827511431,volume,35782459.24767444,868416.2827511431,24.0576171875,208920.2648981876,715858105.218387
CFG,9,0.33380114218779416,34.38088098427422,5163229.478856696,3550327.5641413652,volume,35792905.260919355,3550327.5641413652,14.84990119934082,527220.1355279563,716385325.353915
TXT,9,0.3337692094401397,56.88696030732039,1513330.9862637362,1721775.9949484637,volume,35819266.26769575,1721775.9949484637,41.997859954833984,723109.0710944053,717108434.4250094
BHRB,8,0.33376511669841086,56.55046743742177,8113.43544600939,9176.371339903551,volume,35855421.72125047,9176.371339903551,-4.008031845092773,-367.7918855273008,717108066.6331239
GRMN,9,0.3337405685124002,89.03741844021788,1044325.9925548589,1859681.8077420567,volume,35855403.331656195,1859681.8077420567,115.9330825805664,2155986.445905369,719264053.0790293
GEBHY,11,0.3334533461952911,7.8153544818939436,11203.060321190756,1751.1177538429276,volume,35963202.653951466,1751.1177538429276,-21.92804718017578,-383.9859272431116,719263669.0931021
SBHGF,9,0.33331490981029216,19.723244413961293,1750.4900039200313,690.5068438302168,volume,35963183.4546551,690.5068438302168,27.2392635345459,188.08897891498805,719263857.182081
CCDBF,9,0.33323898666715984,42.86107007730913,1571.554032889585,1347.1697506791656,volume,35963192.85910405,1347.1697506791656,29.62820243835449,399.1421809194986,719264256.3242619
EEX,11,0.3331909887802097,8.641028036333443,167690.1209761163,28980.300735415356,volume,35963212.81621309,28980.300735415356,-19.570720672607425,-5671.653707009735,719258584.6705549
TTNDY,11,0.33317677544106716,44.86634615339701,36749.89128728415,32976.666871899986,volume,35962929.23352774,32976.666871899986,0.7643474340438843,252.05630706856718,719258836.726862
SPMYY,9,0.3331419962496781,8.620633152969582,694.8976871814974,119.80916080077405,volume,35962941.8363431,119.80916080077405,-25.04536819458008,-30.00664545339037,719258806.7202165
CHNR,9,0.3330913654033715,6.927784697469922,68006.57400156617,9422.69805390812,volume,35962940.33601083,9422.69805390812,-71.98380279541016,-6782.8163851321715,719252023.9038314
AVAL,9,0.3330823115476201,6.158155990085318,178493.20774647887,21983.78032947044,volume,35962601.19519157,21983.78032947044,-15.563365936279297,-3421.416179303271,719248602.4876521
FRCOY,9,0.33306119021196856,18.262823592715296,60995.07951429691,22278.84754386494,volume,35962430.12438261,22278.84754386494,80.76260375976562,17992.97736409392,719266595.4650162
RAMP,11,0.33299011719060795,33.99876555102986,616717.3822030576,419352.5937753327,volume,35963329.77325081,419352.5937753327,-3.871217727661133,-16234.051951637455,719250361.4130646
SWKS,10,0.33281639826416204,104.65242841263387,2391452.742644174,5005426.739035327,volume,35962518.07065323,5005426.739035327,-19.96217918395996,-999192.2545680759,718251169.1584965
BHP,8,0.33278572525919425,46.721912757891445,3173214.720657277,2965173.2268121233,volume,35912558.45792483,2965173.2268121233,17.26300048828125,511877.86862296175,718763047.0271195
WTFC,9,0.3327826499259373,72.64644675597425,397775.7416568512,577939.8847418522,volume,35938152.35135598,577939.8847418522,21.25966453552246,122868.08071310293,718885915.1078326
KYN,8,0.33277862214932524,14.428271261489611,628864.9361034888,181468.67769880936,volume,35944295.75539163,181468.67769880936,10.392151832580566,18858.50051503654,718904773.6083475
NXG,9,0.33259848660179187,54.24353059008279,13401.035672285378,14538.389768568051,volume,35945238.68041738,14538.389768568051,9.8557710647583,1432.8704120923112,718906206.4787596
MTUAF,10,0.33252474167750273,180.99392331137184,222.14974519796158,804.155078920013,volume,35945310.32393798,804.155078920013,45.39201354980469,365.02218238481487,718906571.5009421
LFGP,9,0.332401725087917,19.18871173163294,1244.9737357898864,477.78884259052563,volume,35945328.575047106,477.78884259052563,-29.90359878540039,-142.87605852967903,718906428.6248837
APEMY,10,0.33239199676412395,37.856034661235526,493.7094753328113,373.79766021558623,volume,35945321.43124419,373.79766021558623,-3.778019905090332,-14.122150007706773,718906414.5027336
AXR,9,0.3323897575212817,9.902347420862583,10031.659624413145,1986.7395761755763,volume,35945320.72513668,1986.7395761755763,163.67437744140625,3251.7836326874076,718909666.2863662
ATGE,10,0.33223996600131933,39.3777191000925,527254.4894366197,415241.583585958,volume,35945483.314318314,415241.583585958,103.55043029785156,429984.44657887245,719339650.7329451
FSNUF,8,0.33216025025746665,52.714273366842185,652.1707794751273,687.5741750223683,volume,35966982.53664725,687.5741750223683,-21.832576751708984,-150.11515948668844,719339500.6177856
FRST,10,0.3320974572850558,13.287442222278443,53966.70387779083,14341.589194059114,volume,35966975.03088928,14341.589194059114,26.51351928710937,3802.4600170448566,719343303.0778027
NUS,11,0.3320859386242406,45.17854955438444,699945.4410035281,632450.3958348673,volume,35967165.15389013,632450.3958348673,-45.2874755859375,-286420.81860688055,719056882.2591957
URG,11,0.3320847544436084,0.914723203165371,1382828.5861798194,25298.107875580914,volume,35952844.11295979,25298.107875580914,-31.49203109741211,-7966.887999234804,719048915.3711964
BXC,11,0.33206745494278445,40.674808276464496,116341.03012519561,94642.98190057423,volume,35952445.76855982,94642.98190057423,15.9039888381958,15052.009277602998,719063967.380474
AY,9,0.33203005821105624,25.25140052442225,641304.1820321694,323876.57516962616,volume,35953198.3690237,323876.57516962616,-14.807634353637695,-47958.45900820277,719016008.9214658
SJT,11,0.3319981931705959,6.5988945513321156,283107.16346530773,37363.886368686195,volume,35950800.446073286,37363.886368686195,-5.7937211990356445,-2164.7594053261614,719013844.1620605
HOV,11,0.3319621338537923,66.38931821861237,98907.22021943574,131327.6583453298,volume,35950692.20810302,131327.6583453298,-7.313881874084473,-9605.149799378662,719004239.0122612
ASIX,10,0.331951561626011,30.14788082824883,222997.64440172995,134458.1281680713,volume,35950211.95061306,134458.1281680713,-21.69200897216797,-29166.669226027134,718975072.3430351
BHB,10,0.3319378245086695,26.031554510522522,27630.04186228482,14385.058817321731,volume,35948753.61715176,14385.058817321731,26.66394805908203,3835.6246113190664,718978907.9676465
IPSEY,8,0.3319356652202897,25.443150525932356,1872.2442179537436,952.7158291740722,volume,35948945.39838233,952.7158291740722,23.622880935668945,225.0589259810622,718979133.0265725
ERJ,9,0.3319277013032513,19.46192684166113,1614850.69604387,628562.1221322269,volume,35948956.65132862,628562.1221322269,286.1080627441406,1798366.9107759737,720777499.9373485
SAMG,9,0.3319029001760461,14.765974121063843,24505.92434339475,7237.076893346306,volume,36038874.996867426,7237.076893346306,1.286293864250183,93.0900760301813,720777593.0274246
TWIN,11,0.3318198627744826,14.06691521864671,33031.49568288854,9293.024986325758,volume,36038879.65137123,9293.024986325758,-16.903921127319336,-1570.8856140305845,720776022.1418107
SNPTF,10,0.3316971605479537,12.347938807133731,3688.6969192339716,910.956076735276,volume,36038801.10709053,910.956076735276,-12.270018577575684,-111.77447984897297,720775910.3673308
RYDAF,10,0.33169598677515205,27.480542487978514,74590.52097216778,40995.75961552218,volume,36038795.51836654,40995.75961552218,2.9540929794311523,1211.0528566666123,720777121.4201875
UBAAF,11,0.33166626520380604,2.3534848112700684,3227.884222919937,151.9355298236072,volume,36038856.071009375,151.9355298236072,10.677690505981444,16.22320564318791,720777137.6433932
NTIOF,9,0.33164941582522306,55.812822462296495,16180.383771070168,18061.457735731256,volume,36038856.88216966,18061.457735731256,50.450958251953125,9112.178501947934,720786249.821895
OSBC,9,0.3312881731668617,11.789072908358872,117682.4417875343,27747.337725338817,volume,36039312.49109475,27747.337725338817,13.437369346618652,3728.5122540074312,720789978.3341491
GEF,8,0.33108416071327157,51.523897390668175,218748.9776733255,225415.99759907977,volume,36039498.916707456,225415.99759907977,14.348814964294434,32344.524395410343,720822322.8585445
PRG,10,0.3310518984216366,34.6183685749851,753313.5554684438,521569.7263147814,volume,36041116.14292722,521569.7263147814,13.477511405944824,70294.61935402987,720892617.4778985
GLXZ,8,0.33100239844074264,1.7064774783654302,29091.26126126126,992.8716431917409,volume,36044630.87389492,992.8716431917409,-57.52946090698242,-571.1937038265065,720892046.2841947
DK,10,0.3309910728991623,26.607216133022085,1271391.8206734534,676563.9392483006,volume,36044602.31420974,676563.9392483006,-36.0658073425293,-244008.24687831907,720648038.0373163
TMICY,9,0.3309743866541241,48.560399335445005,9066.636577708006,8805.589856857065,volume,36032401.90186582,8805.589856857065,16.870084762573242,1485.5104726963386,720649523.547789
KTHN,8,0.33091131278332764,17.809023142515702,854.1781090623774,304.2415542424436,volume,36032476.17738945,304.2415542424436,-13.589959144592283,-41.34630292242066,720649482.201486
RUSMF,9,0.33076666021451223,21.104622240862813,1672.4653077224618,705.9349706086188,volume,36032474.110074304,705.9349706086188,65.56564331054688,462.8508048336609,720649945.0522908
KPLUY,10,0.3307162319027891,9.9891826767213,5748.069776558213,1148.3703807316115,volume,36032497.25261454,1148.3703807316115,-38.88368606567383,-446.5287337148631,720649498.5235571
PNC,10,0.3306727208603126,135.87598966795153,2290568.2696981574,6224664.610944889,volume,36032474.92617785,6224664.610944889,50.00072860717773,3112377.658825589,723761876.1823827
LNNGY,10,0.3306101668909966,85.23229205304621,4295.324186593492,7322.006510684994,volume,36188093.809119135,7322.006510684994,-61.32315444946289,-4490.085361347087,723757386.0970213
OSCUF,8,0.3305437366168471,9.17343862253077,1318.043137254902,241.81975642911482,volume,36187869.30485107,241.81975642911482,-2.6281309127807617,-6.35533977192471,723757379.7416816
BHRB,10,0.3305318338334529,56.55046743742177,8113.43544600939,9176.371339903551,volume,36187868.98708408,9176.371339903551,30.88343811035156,2833.9789635351513,723760213.7206451
CARCY,9,0.33046914365904806,20.981649007315927,365.90414710485135,153.5454476975057,volume,36188010.68603226,153.5454476975057,-52.96762466430664,-81.32937642554408,723760132.3912686
ANDE,8,0.3303910984945588,35.84705204806977,195673.51604068858,140286.37427878758,volume,36188006.61956343,140286.37427878758,36.70310592651367,51489.456552008836,723811621.8478206
HUN,9,0.33034321401442224,24.07030170726178,2698902.123432602,1299267.767787844,volume,36190581.09239104,1299267.767787844,-8.74364948272705,-113603.41945742111,723698018.4283632
TRC,8,0.33031405376135853,19.025016457169922,63993.37872841444,24349.50166915985,volume,36184900.92141816,24349.50166915985,-11.532889366149902,-2808.2010887130295,723695210.2272745
RTPPF,10,0.3302907043998843,55.182019338753584,1498.670717365739,1653.9935301619985,volume,36184760.51136373,1653.9935301619985,-3.773698568344116,-62.41673016822765,723695147.8105444
TFC,9,0.3302573261807953,44.69122992313904,6030897.216555512,5390564.2829580335,volume,36184757.39052722,5390564.2829580335,-2.601832151412964,-140253.4346565858,723554894.3758878
UNM,9,0.33024299472270785,37.17806243709269,1861250.9045936395,1383954.0468415518,volume,36177744.71879439,1383954.0468415518,38.98081970214844,539476.6317598922,724094371.0076478
KNBWY,8,0.3301798617614506,18.132301040090145,36544.0870246962,13252.567743340873,volume,36204718.55038239,13252.567743340873,-11.56288719177246,-1532.3794581757302,724092838.6281896
SCCO,9,0.330177033612629,51.42374236608944,1161541.6558212466,1194616.3771286544,volume,36204641.93140948,1194616.3771286544,138.25881958007812,1651662.501528372,725744501.129718
ASUR,9,0.33010540196563354,8.577155013972419,138186.62480438183,23704.962036096586,volume,36287225.0564859,23704.962036096586,75.8460693359375,17979.28194195548,725762480.4116598
MSLOY,9,0.33002990454526376,6.99623546110607,5418.83339866719,758.2286876316264,volume,36288124.020583,758.2286876316264,83.07930755615234,629.9311433764566,725763110.3428032
PDEX,8,0.3300283206996249,14.315511555542717,15804.129753038023,4524.884042098246,volume,36288155.517140165,4524.884042098246,-30.939563751220703,-1399.979382873799,725761710.3634204
CLZNY,9,0.3299844152245543,19.117192590992808,1807.2689898198903,690.9981868423173,volume,36288085.51817102,690.9981868423173,-7.049006462097168,-48.70850684348921,725761661.6549135
EGYF,11,0.3299747121749542,0.04590905260223291,167199.29248238058,153.5192222725947,volume,36288083.08274568,153.5192222725947,-59.57894134521485,-91.46512739141922,725761570.1897862
PBHC,10,0.3299625090119273,14.156077623086928,3328.4402195217563,942.3531622270895,volume,36288078.50948931,942.3531622270895,14.934017181396484,140.73118315642662,725761710.9209694
BEN,9,0.3298192200018189,32.44013887839698,3227777.322769953,2094190.8923839533,volume,36288085.54604847,2094190.8923839533,-6.670300006866455,-139688.8152384835,725622022.1057309
THLLY,8,0.32980976655662053,21.04473762392483,19005.42918791683,7999.285413795849,volume,36281101.105286546,7999.285413795849,75.0482177734375,6003.32113766433,725628025.4268686
PWR,9,0.3297690317701564,86.2455233794855,1552519.3296746374,2677956.8428911422,volume,36281401.27134343,2677956.8428911422,128.5400848388672,3442247.9978005234,729070273.4246691
SOUHY,9,0.3296856007756424,10.804122100602711,111249.77938741722,24039.124003335404,volume,36453513.67123346,24039.124003335404,-0.2343478202819824,-56.33516311669934,729070217.089506
GLAD,8,0.3296569477326299,18.919371329986298,84718.83352918136,32056.541403637515,volume,36453510.854475304,32056.541403637515,-7.882351398468018,-2526.809239630101,729067690.2802664
MGM,11,0.32958510569024096,31.383784777694757,8051258.779302235,5053579.454382936,volume,36453384.51401332,5053579.454382936,-12.578383445739746,-635658.6015074082,728432031.678759
ARZTF,8,0.32953702496189513,17.126134558016776,1075.547730829421,368.39950323508543,volume,36421601.58393795,368.39950323508543,30.65694808959961,112.94004446912298,728432144.6188035
UBAB,10,0.3293597546740014,23.48806125309254,1676.322605965463,787.4713609772101,volume,36421607.23094018,787.4713609772101,40.84454727172852,321.63911228566053,728432466.2579159
YRAIF,9,0.32934409656281394,41.6628190255137,203.53356890459364,169.59564493778012,volume,36421623.3128958,169.59564493778012,-18.71099853515625,-31.733038639996835,728432434.5248772
ISUZY,9,0.3292280110273552,12.338604467422623,27877.781654253235,6879.458425220029,volume,36421621.72624386,6879.458425220029,23.07352828979492,1587.3337859278233,728434021.8586632
LOGI,8,0.32915620882706653,52.294557035319805,514315.08232065855,537917.5881308576,volume,36421701.09293316,537917.5881308576,6.307761192321777,33930.55687079153,728467952.415534
CHEOF,9,0.32912395996949384,134.0594925503294,84.26585747846515,225.93276185762835,volume,36423397.620776705,225.93276185762835,54.51308441162109,123.16291718495579,728468075.5784512
PNNT,8,0.3291129549963513,6.711460212687332,377143.16346530773,50623.626721688954,volume,36423403.77892256,50623.626721688954,-5.051841735839844,-2557.4255029220544,728465518.1529481
APEMY,8,0.32902909051135465,37.856034661235526,493.7094753328113,373.79766021558623,volume,36423275.90764741,373.79766021558623,-37.01848220825195,-138.37422034176888,728465379.7787278
EVOL,11,0.32901209130993725,2.978492950709063,54883.10027418723,3269.3785455945067,volume,36423268.98893639,3269.3785455945067,-41.59604263305664,-1359.9320936614981,728464019.846634
SCHYF,9,0.3289743685174913,3.8724532865720933,9589.12818502548,742.6690191092603,volume,36423200.992331706,742.6690191092603,-19.3485107421875,-143.69539494125377,728463876.151239
MPB,11,0.3287767270155255,24.23024301256025,18103.941199529596,8773.257894994073,volume,36423193.80756196,8773.257894994073,41.441402435302734,3635.761110951463,728467511.9123499
SRCE,10,0.32876209386204636,44.42420227786505,53216.29909839279,47281.83271252737,volume,36423375.595617495,47281.83271252737,31.16422843933105,14735.018356834385,728482246.9307067
HUBG,8,0.32875085548011257,28.569715881796093,521538.94553291536,298004.3899033384,volume,36424112.34653534,298004.3899033384,-0.3604495823383331,-1074.155578756481,728481172.775128
SPNT,8,0.32868345882632816,10.999067032865243,503246.25284202275,110704.78538095318,volume,36424058.6387564,110704.78538095318,32.04487609863281,35475.21131058382,728516647.9864386
ITOCF,9,0.32867533627705176,24.1295310072411,2840.779694237554,1370.9336343369189,volume,36425832.399321936,1370.9336343369189,104.45338439941406,1431.9865789347996,728518079.9730176
KSBI,10,0.328672607791942,31.606534704793813,297.0638965111721,187.78320709243278,volume,36425903.99865088,187.78320709243278,-8.734883308410645,-16.402644012315104,728518063.5703735
HEES,11,0.32861628710529295,31.713887129831463,297193.2131661442,188503.04036206077,volume,36425903.178518675,188503.04036206077,13.737174987792969,25894.992511846296,728543958.5628853
SHPMY,9,0.328477873333111,10.33217560156146,766.8200705605644,158.45839247667,volume,36427197.92814427,158.45839247667,4.91950273513794,7.795364951945393,728543966.3582503
NHYKF,10,0.3283907766956419,5.4146697424010455,8375.864366914935,907.0507870797877,volume,36427198.31791251,907.0507870797877,-8.615029335021973,-78.14269139047141,728543888.2155589
RJF,9,0.3283407196058156,70.7818972925166,1225581.6032928263,1734979.823357413,volume,36427194.41077795,1734979.823357413,18.75126075744629,325330.59076682955,728869218.8063257
ABEO,11,0.32832672829571224,104.19817488350219,108445.96361502347,225997.42964336262,volume,36443460.94031628,225997.42964336262,34.632137298583984,78267.74012536008,728947486.546451
NGLOY,10,0.32812629922191777,12.633875104278253,275716.26470588235,69667.2970502448,volume,36447374.32732255,69667.2970502448,5.356032848358154,3731.403314574363,728951217.9497656
KELYB,10,0.32809813567750723,20.41839564729793,2131.7597020776166,870.5422604397348,volume,36447560.89748828,870.5422604397348,-18.176660537719727,-158.23551151752258,728951059.714254
OMCL,11,0.32802383624047565,66.22489606946274,358501.78831830656,474834.87344192766,volume,36447552.9857127,474834.87344192766,47.814361572265625,227039.26325873318,729178098.9775127
PERI,10,0.3280228604574273,11.958030179639463,331051.8639749118,79174.56360875788,volume,36458904.948875636,79174.56360875788,-75.3521728515625,-59659.75402494154,729118439.2234877
KREF,10,0.3278758474412744,17.504586153760172,382615.751171265,133950.60760326145,volume,36455921.96117439,133950.60760326145,-9.807570457458496,-13137.300218883624,729105301.9232688
SBMSF,11,0.32786681651143695,0.3419221126667899,27550.51320457233,188.40259359923326,volume,36455265.096163444,188.40259359923326,-15.032333374023438,-28.321305955143284,729105273.6019628
HEI,9,0.3278650210382123,106.95729774516951,388310.5062695925,830652.8487330863,volume,36455263.68009814,830652.8487330863,80.11808776855469,665503.1783999739,729770776.7803628
CPF,9,0.3277686343458316,24.295489428467178,175475.94009397025,85265.47695006788,volume,36488538.83901814,85265.47695006788,30.4367904663086,25952.074559390818,729796728.8549223
IHICY,11,0.32771157428554726,6.622320016953074,2488.0287260616155,329.5304487070419,volume,36489836.44274612,329.5304487070419,113.05963134765624,372.565910486459,729797101.4208329
SFTBF,10,0.3276938288655064,60.816498978845466,8915.811838494708,10844.569231427837,volume,36489855.07104164,10844.569231427837,22.465147018432617,2436.248421355972,729799537.6692543
SHTLF,11,0.3276773394177034,2.1453510954240604,21528.059311489007,923.7049125251417,volume,36489976.88346272,923.7049125251417,-10.879115104675291,-100.49092066115037,729799437.1783336
WYNN,10,0.32761034539007566,106.87855520499282,2959077.7008244996,6325238.9880686905,volume,36489971.858916685,6325238.9880686905,-13.21277904510498,-835739.8515683502,728963697.3267653
SMSOF,11,0.32760375866769126,2.7847353927951755,9264.373970991768,515.9766017822233,volume,36448184.86633827,515.9766017822233,-26.309734344482425,-135.75207320859093,728963561.574692
NMIH,9,0.32755961637354625,19.48177773566491,528919.8686789494,206085.9864316073,volume,36448178.0787346,206085.9864316073,95.9984893798828,197839.43379797324,729161401.00849
PRU,10,0.3275097664906987,94.52202663473969,2162557.253626029,4088185.8865277804,volume,36458070.0504245,4088185.8865277804,24.339534759521484,995045.4248852807,730156446.4333752
MT,10,0.3274685081857083,24.071524886793362,3595978.8083104664,1731213.8675325385,volume,36507822.32166877,1731213.8675325385,-11.256098747253418,-194867.1424556075,729961579.2909197
AROC,8,0.32742670463740464,12.605537968342293,986785.8196400626,248779.3223218916,volume,36498078.96454599,248779.3223218916,95.31314086914062,237119.38593795794,730198698.6768576
TSGTF,11,0.32735256361984255,6.4992190012752165,3112.9113029827317,404.62984579259523,volume,36509934.93384288,404.62984579259523,-17.162464141845703,-69.44445219135973,730198629.2324054
WTI,11,0.327245089042207,3.931468395565274,2768837.542991755,217711.9458545338,volume,36509931.46162027,217711.9458545338,-28.84781074523925,-62805.13010989366,730135824.1022955
YUKA,11,0.32721517618695733,605.2908966771568,22252.650432050275,269386.53466918063,volume,36506791.205114774,269386.53466918063,-40.42909622192383,-108910.54131030923,730026913.5609852
QGEN,8,0.32719820548826045,38.41804355978732,1077055.3786750294,827567.2090848102,volume,36501345.67804926,827567.2090848102,-24.338409423828125,-201416.69560440886,729825496.8653808
BYDIF,10,0.32719773078966985,2.513733176068521,3514.572378716745,176.69394376148676,volume,36491274.84326904,176.69394376148676,39.37153244018555,69.56711338789697,729825566.4324942
KEY,9,0.32718964506940235,16.477971382395328,11877129.542924343,3914220.0142661883,volume,36491278.32162471,3914220.0142661883,1.901901364326477,74444.60385406866,729900011.0363483
AC,8,0.3271170203073483,36.150239680056586,13185.758500435919,9533.36660308204,volume,36495000.55181742,9533.36660308204,-22.994184494018555,-2192.119905203834,729897818.9164431
NKE,11,0.3271035549164208,89.42459042443336,8131702.7538220305,14543483.76427544,volume,36494890.94582216,14543483.76427544,-15.699143409729004,-2283202.372924255,727614616.5435189
AIRRF,10,0.32706303225312644,0.6621514086725252,19364.28012519562,256.44170725655323,volume,36380730.827175945,256.44170725655323,-3.7629690170288086,-9.649821990803815,727614606.8936969
BAOB,11,0.3270396054766835,3.2393532031669543,1863.4630136986302,120.72829764815607,volume,36380730.34468485,120.72829764815607,24.59017562866211,29.687300425175525,727614636.5809973
WEGRY,9,0.3269695683468664,11.147024296890809,19606.703689167975,4371.128048101881,volume,36380731.82904987,4371.128048101881,74.84437561035156,3271.543494730801,727617908.1244922
UEPEN,8,0.3269441175893767,83.74732357067066,116.88029827315542,195.76824317036892,volume,36380895.40622461,195.76824317036892,-33.88248443603516,-66.33114452289972,727617841.7933476
NSP,11,0.326641933566079,76.58497257000883,328859.44021952176,503713.82417201065,volume,36380892.08966738,503713.82417201065,-21.72684860229492,-109441.13996668278,727508400.6533809
AGRO,9,0.3265621060059996,8.959147105474427,582475.3607198749,104369.6488400728,volume,36375420.032669045,104369.6488400728,35.62797546386719,37184.79288046548,727545585.4462613
IRDM,10,0.3265105696375679,25.745292436838245,875986.4876519012,451050.5659063398,volume,36377279.272313066,451050.5659063398,-40.91156005859375,-184531.8231653992,727361053.623096
GLNG,10,0.32642497762619543,22.294361542590778,1400166.8104191148,624316.5018283981,volume,36368052.6811548,624316.5018283981,76.57689666748047,478082.2024831612,727839135.8255792
CCWOD,9,0.3264097544953721,1.740883706635124,8437.198581560284,293.7636308056655,volume,36391956.79127896,293.7636308056655,-82.8683090209961,-243.43695336733697,727838892.3886259
CRTO,11,0.326224405789571,31.906331227734952,556018.9498825372,354810.4956769919,volume,36391944.619431295,354810.4956769919,14.084501266479492,49973.28875722809,727888865.6773831
BACHF,10,0.3261898046491257,0.4305829401820292,124764.5003912363,1074.4293081760093,volume,36394443.283869155,1074.4293081760093,35.93314743041992,386.0762673425262,727889251.7536504
LAZ,9,0.32616153357017347,41.10735397682803,803333.9686397491,660458.6762096847,volume,36394462.58768252,660458.6762096847,54.39659881591797,359267.05644270487,728248518.8100932
VEMLY,8,0.32609116877897176,55.140412788555864,135.02277188849627,148.90422755573402,volume,36412425.94050466,148.90422755573402,-28.82676124572754,-42.92426616228628,728248475.885827
UI,8,0.32591464028740297,147.73063614436774,318882.98429524933,942175.7225110322,volume,36412423.79429135,942175.7225110322,-60.41042709350586,-569172.3779402392,727679303.5078866
WDFN,10,0.3258186463176561,26.438168458672752,536.2398900667451,283.5440109568953,volume,36383965.175394334,283.5440109568953,-10.173346519470217,-28.845914769849557,727679274.6619718
OPBK,10,0.3257928261295628,9.208177184834287,28982.252058016464,5337.474243314875,volume,36383963.73309859,5337.474243314875,71.84054565429688,3834.470620554959,727683109.1325924
SANM,9,0.32578015421179835,37.638251675105195,482716.628381027,363372.19893526647,volume,36384155.45662963,363372.19893526647,34.611080169677734,125767.04308780593,727808876.1756803
MHH,11,0.32574947359555567,9.584409135596418,26154.74950999608,5013.556402856847,volume,36390443.808784015,5013.556402856847,70.47872924804688,3533.490842867596,727812409.6665232
SITE,10,0.32573551065786455,110.89112897728641,355061.45710332104,787463.3166901525,volume,36390620.48332616,787463.3166901525,-13.701566696166992,-107894.81154414994,727704514.854979
SCCO,10,0.32561639733937076,51.42374236608944,1161541.6558212466,1194616.3771286544,volume,36385225.74274895,1194616.3771286544,18.131221771240234,216598.54465275194,727921113.3996319
AHCHF,10,0.32559111464223084,4.349667458746914,5542.071596244132,482.1233695245734,volume,36396055.66998159,482.1233695245734,-5.7031450271606445,-27.496194973820042,727921085.9034368
ORA,8,0.3255890424664947,63.472512737529875,317071.3116424931,402506.25733866903,volume,36396054.29517184,402506.25733866903,-6.950479030609131,-27976.113013213813,727893109.7904236
VONOY,9,0.32555762977497704,21.451543901978336,64552.894897514176,27695.185177876374,volume,36394655.48952118,27695.185177876374,81.70278930664062,22627.738793964298,727915737.5292176
TSLA,9,0.32539533601870924,113.43113107059963,111982996.80847724,36395786.87646088,capital,36395786.87646088,254047159.77321842,14.532737731933594,5289304.252229565,733205041.7814472
ON,10,0.3253738770383772,35.76994117275494,6498799.361818895,4649233.417315984,volume,36660252.08907236,4649233.417315984,-35.88874816894531,-1668551.6729269838,731536490.1085203
KELTF,10,0.32533584128041193,4.139466481622833,7029.852214817719,581.9967522799997,volume,36576824.50542601,581.9967522799997,-8.645682334899902,-50.31759040156308,731536439.7909299
GBNXF,8,0.325288030337917,16.212673592772816,4505.830070477682,1461.031043943104,volume,36576821.9895465,1461.031043943104,-14.264053344726562,-208.40224749105974,731536231.3886825
MHVYF,8,0.3252762592710123,4.5788072150905945,8491.393571148568,777.6090829949791,volume,36576811.56943413,777.6090829949791,137.64578247070312,1070.346106851698,731537301.7347894
LIFZF,9,0.32525566831374086,19.916879658229863,5868.6221089768715,2337.69280608239,volume,36576865.08673947,2337.69280608239,18.816425323486328,439.8702211490049,731537741.6050105
ARCO,9,0.3252437274536448,6.971167842173987,791380.8196400626,110336.97041576194,volume,36576887.080250524,110336.97041576194,19.381956100463867,21385.463168564784,731559127.0681791
MKKGY,8,0.3251708262470084,27.650306579787234,43998.242257938065,24331.29774807475,volume,36577956.353408955,24331.29774807475,-38.871089935302734,-9457.840630080425,731549669.2275491
PFHO,9,0.3251410602075393,1.0582271280568145,5203.469227753822,110.12904593635876,volume,36577483.46137746,110.12904593635876,0.7228822708129883,0.7961033480894293,731549670.0236524
TFSL,8,0.3251322764349408,16.0317144068422,242386.58336602588,77717.44961148751,volume,36577483.50118262,77717.44961148751,-22.869529724121094,-17773.61523972797,731531896.4084127
EMKR,11,0.3250994554463706,44.81535040809479,73464.88371182459,65847.09012470709,volume,36576594.82042064,65847.09012470709,190.08694458007807,125166.72171294602,731657063.1301256
WARFY,8,0.32503197234759307,8.24830193747995,16816.372202591283,2774.130308400353,volume,36582853.156506285,2774.130308400353,-4.98142671585083,-138.1912683151702,731656924.9388573
AHCHF,11,0.3249498067795444,4.349667458746914,5542.071596244132,482.1233695245734,volume,36582846.24694287,482.1233695245734,1.063035488128662,5.125142514607902,731656930.0639998
CIHKY,10,0.3249217097010788,22.288566950437325,31596.892325763507,14084.989000570786,volume,36582846.50319999,14084.989000570786,2.9245262145996094,411.91919564516417,731657341.9831954
UEPEP,8,0.32481737679421596,94.30828306476587,227.6585557299843,429.40175031798276,volume,36582867.09915977,429.40175031798276,-28.34883689880371,-121.73040183825327,731657220.2527936
DAL,9,0.32471391719111187,44.881714920934144,11678242.353954582,10482790.882155368,volume,36582861.01263968,10482790.882155368,60.87413024902344,6381307.775336012,738038528.0281295
EGY,11,0.3246044188180695,2.864912683084409,719305.3347689898,41214.939531799115,volume,36901926.401406474,41214.939531799115,-23.30357360839844,-9604.553771449715,738028923.474358
NHYDY,10,0.32442205067126045,5.418083102690945,146421.59074872598,15866.48693409602,volume,36901446.1737179,15866.48693409602,-8.93643569946289,-1417.8984026291719,738027505.5759554
SNT,11,0.32441396323006666,3.8121914971533686,51397.89886319091,3918.7726603561036,volume,36901375.27879777,3918.7726603561036,113.4277801513672,4444.976837820605,738031950.5527931
LPX,10,0.3244134603690133,40.797967491314395,1593306.5582124656,1300073.383313004,volume,36901597.52763966,1300073.383313004,59.91962432861328,778999.0872774445,738810949.6400706
RTNTF,10,0.3243208275704837,62.951174537512145,566.014896119169,712.6260503285922,volume,36940547.48200353,712.6260503285922,-0.9241564273834229,-6.585779447320311,738810943.0542911
GNGBY,11,0.32419352176492,21.14905247910556,15379.437916177047,6505.210791767484,volume,36940547.15271456,6505.210791767484,-13.345821380615234,-868.1738127017943,738810074.8804784
TDCB,10,0.3241872459106835,11.145707539230022,575.3227201257862,128.247575583926,volume,36940503.74402392,128.247575583926,19.710670471191406,25.27845701063978,738810100.1589353
CIBEY,9,0.3241007066114206,2.550945321749969,94092.57517619421,4800.500289142397,volume,36940505.00794677,4800.500289142397,38.907859802246094,1867.7719223059423,738811967.9308575
KELYA,10,0.3240779791031241,20.27365738006257,171235.15719325753,69431.25816714519,volume,36940598.39654288,69431.25816714519,-23.530391693115234,-16337.447004187325,738795630.4838533
W,11,0.32404734374460276,100.48072804607126,2484264.3282292895,4992413.767187264,volume,36939781.52419267,4992413.767187264,-23.97060203552246,-1196711.6360990938,737598918.8477542
RDI,9,0.3240263962957647,9.099833401826166,48301.665229321836,8790.742132352167,volume,36879945.942387715,8790.742132352167,-50.76923370361328,-4462.992417455869,737594455.8553368
FJTSY,8,0.3239945642704253,10.210624929974232,108542.60007833921,22165.75556648227,volume,36879722.79276684,22165.75556648227,-14.166519165039062,-3140.1160104014234,737591315.7393264
ORKLF,9,0.3239726815992025,8.654514861359218,6385.165425323403,1105.2101813139689,volume,36879565.78696632,1105.2101813139689,15.16851806640625,167.64400602437064,737591483.3833324
BIOQ,8,0.32392714522440885,51.3620579731483,230.28169014084506,236.55483038337317,volume,36879574.16916662,236.55483038337317,-36.60227584838867,-86.58445154961018,737591396.7988808
SVNLF,11,0.32388941549330547,11.423397231260997,4728.062769713613,1080.2107830554937,volume,36879569.83994404,1080.2107830554937,12.508596420288086,135.1192073408454,737591531.9180882
KMTUY,8,0.32385222279900266,24.403320238105177,123346.3351626813,60201.202343431294,volume,36879576.59590441,60201.202343431294,7.793272495269775,4691.643744052334,737596223.5618322
SMSEY,11,0.32384993198225936,13.942652090163103,25329.16464131713,7063.114606566913,volume,36879811.17809161,7063.114606566913,-20.49945640563965,-1447.9000996535506,737594775.6617324
EHMEF,10,0.32384427266395444,59.69973259711508,523.7541111981205,625.3596077033495,volume,36879738.78308662,625.3596077033495,20.06473922729492,125.47677451851158,737594901.138507
CNA,9,0.3238207215208238,42.20580462841849,203299.35356303837,171608.25595130745,volume,36879745.05692535,171608.25595130745,26.560640335083008,45580.25164853545,737640481.3901556
TOELF,8,0.3237907210228722,88.32317421761937,4449.881868131868,7860.553829736731,volume,36882024.06950778,7860.553829736731,-15.964210510253906,-1254.8753606509972,737639226.5147948
VEEV,10,0.3236885942588921,142.16528466040825,1142253.5088339222,3247775.904754494,volume,36881961.32573974,3247775.904754494,17.848236083984375,579670.7109593416,738218897.2257541
ZD,10,0.32359699899362415,72.37503076470222,455043.7184923439,658676.0625033577,volume,36910944.861287706,658676.0625033577,-18.51410484313965,-121947.97678853567,738096949.2489656
CICHF,11,0.3233859437905393,0.7564856679344326,61643.32223962412,932.6457959627903,volume,36904847.462448284,932.6457959627903,8.104485511779785,75.5861434100276,738097024.835109
SILC,11,0.32337813621303646,36.231729666703544,36496.764406115246,26446.818033434716,volume,36904851.24175545,26446.818033434716,-12.910394668579102,-3414.3885853973716,738093610.4465235
UBAAF,9,0.3233352695979392,2.3534848112700684,3227.884222919937,151.9355298236072,volume,36904680.52232618,151.9355298236072,30.4083194732666,46.201041302162736,738093656.6475649
INTC,8,0.3232045181234878,41.76124848276435,32974893.5499804,27541454.4646687,volume,36904682.832378246,27541454.4646687,-15.966808319091797,-4397491.2426636005,733696165.4049013
CHMI,10,0.3231783215909814,11.96683632692697,179549.317541112,42972.74591251849,volume,36684808.27024507,42972.74591251849,-38.760772705078125,-16656.56836828204,733679508.836533
WST,11,0.3231470265994252,201.38639174941758,428364.3404004711,1725334.9773474028,volume,36683975.44182665,1725334.9773474028,-6.190594673156738,-106808.49520177834,733572700.3413312
NNCHY,8,0.32311826869456123,40.325303380392185,202.15595611285266,163.04000520808063,volume,36678635.01706656,163.04000520808063,-42.37516784667969,-69.08847586415948,733572631.2528554
JFBC,11,0.3230693345410371,17.283230100786486,1064.0403763230106,367.80109321036076,volume,36678631.562642775,367.80109321036076,19.60509490966797,72.10775340268758,733572703.3606088
LSBK,10,0.3229128813403692,13.984914619718493,2101.758051846033,587.858138127453,volume,36678635.16803044,587.858138127453,27.26334953308105,160.26981895634992,733572863.6304278
WHITF,9,0.32278694246834705,2.7141735419999584,15860.066352571654,860.9394493702754,volume,36678643.18152139,860.9394493702754,-31.43888092041016,-270.6697282843558,733572592.9606994
AMNF,8,0.32277231456728894,3.1543779425404628,20814.249608763694,1313.120197128313,volume,36678629.648034975,1313.120197128313,41.3947868347168,543.5633064848781,733573136.5240059
KGEI,11,0.3227655834899987,2.3638741659772298,6576.744021952176,310.9319057947586,volume,36678656.8262003,310.9319057947586,60.58772659301758,188.38657297338733,733573324.910579
ENOV,9,0.32273516445270617,59.51486125996828,633028.441660141,753491.9975803442,volume,36678666.24552895,753491.9975803442,-6.712900161743164,-50581.16552429272,733522743.7450547
ALK,11,0.32272685156528996,58.97309471109477,1823180.9479655712,2150372.4543967433,volume,36676137.18725274,2150372.4543967433,40.81830596923828,877745.6079138817,734400489.3529686
NDCVF,11,0.32262088258176763,10.253398650396296,1193.9161113288906,244.83395689172082,volume,36720024.46764843,244.83395689172082,-26.74220466613769,-65.47399784418731,734400423.8789707
NXPI,10,0.3226179602818229,140.61395531941844,3359557.0701685613,9448012.155154368,volume,36720021.19394854,9448012.155154368,-1.0863579511642456,-102639.23127448387,734297784.6476963
CLPXY,11,0.32257474168296,9.978139851367745,9615.566953797965,1918.9094363037243,volume,36714889.232384816,1918.9094363037243,1.5018218755722046,28.81860168682861,734297813.4662979
KYOCY,8,0.3225266352936976,13.814444341177287,84258.86201489612,23279.787191114392,volume,36714890.67331489,23279.787191114392,-11.464188575744627,-2668.838703621397,734295144.6275942
CARA,10,0.32245763379039644,11.837727426269991,812725.6987480439,192416.5058820832,volume,36714757.23137971,192416.5058820832,-90.94397735595705,-174991.22353852552,734120153.4040557
ANSLF,9,0.3223374865326188,19.271834898815843,308.15727699530515,118.77512330244365,volume,36706007.670202784,118.77512330244365,29.81227302551269,35.40956404531385,734120188.8136197
MARUF,9,0.3222908036559283,8.643607759419632,5563.855742845943,961.8357334230935,volume,36706009.44068099,961.8357334230935,79.45718383789062,764.247586924511,734120953.0612067
ACXIF,9,0.32228441334184915,116.50500586185844,143.77386541471049,335.0075006584578,volume,36706047.65306034,335.0075006584578,-17.224512100219727,-57.703407487559744,734120895.3577992
FTAI,10,0.322263454333085,25.256507978206727,540584.7924762298,273065.68248146254,volume,36706044.76788996,273065.68248146254,320.4878234863281,875142.2624729269,734996037.6202722
STBI,9,0.3222583686180652,17.38435586231109,868.3786331500393,301.92406363815155,volume,36749801.88101361,301.92406363815155,-14.157299995422363,-42.74429544762304,734995994.8759767
MOFG,10,0.32219198364346396,28.97432380954409,31454.323794590357,18227.355256694173,volume,36749799.74379884,18227.355256694173,32.364768981933594,5899.241420345398,735001894.1173971
OSBC,10,0.32212545539350534,11.789072908358872,117682.4417875343,27747.337725338817,volume,36750094.70586985,27747.337725338817,13.24192237854004,3674.280923700724,735005568.3983208
XRX,11,0.32211674234766463,23.79784814956659,2636022.1476246566,1254633.0957613196,volume,36750278.41991604,1254633.0957613196,-37.38297653198242,-469019.1957509386,734536549.2025698
NTGR,9,0.3220376842601204,26.759303512034908,417064.8149745198,223207.27936187712,volume,36726827.46012849,223207.27936187712,-1.4718854427337646,-3285.355452049556,734533263.8471178
ASMVY,10,0.3219510191451163,32.113141399407425,8733.80007824726,5609.395137338199,volume,36726663.19235589,5609.395137338199,2.4445929527282715,137.12687821805196,734533400.973996
TPL,10,0.3214779698667082,318.44617348825165,80407.05141287284,512106.35687804944,volume,36726670.0486998,512106.35687804944,132.88772583007812,680526.4914865037,735213927.4654826
VBFC,10,0.32142271061888295,36.33858441080958,1015.9015421115065,738.328478821812,volume,36760696.37327413,738.328478821812,68.01213073730469,502.1529302870438,735214429.6184129
VALE,10,0.32140887849727195,11.72644091232833,27889297.829210836,6540844.061611353,volume,36760721.48092064,6540844.061611353,-34.29185104370117,-2242976.502608539,732971453.1158043
WU,8,0.3213973430566828,18.50212209422213,5074559.213977228,1877802.2830273313,volume,36648572.65579022,1877802.2830273313,-33.88287353515625,-636253.3727984275,732335199.7430059
WDS,9,0.3213665700704977,21.620927321662798,212133.19199057715,91730.32653081218,volume,36616759.9871503,91730.32653081218,-18.75383949279785,-17202.95820380788,732317996.7848021
KBAGF,11,0.32135968695613126,3.4206341555986812,2104.424931399451,143.9693559647675,volume,36615899.839240104,143.9693559647675,7.1428632736206055,10.283534252475494,732318007.0683364
CBWBF,9,0.32133668230526186,23.382180039616713,2380.1279843444227,1113.0516209454265,volume,36615900.35341682,1113.0516209454265,144.6512451171875,1610.0430284945976,732319617.1113648
ALBY,10,0.32133187602926755,11.720231062369727,628.543427230047,147.33348399739845,volume,36615980.855568245,147.33348399739845,7.574027061462402,11.159077948558336,732319628.2704427
TKR,10,0.3213113810578404,55.84964499430546,654231.6186739898,730772.0729398429,volume,36615981.41352214,730772.0729398429,-13.90701961517334,-101628.61552595279,732217999.6549168
BHPLF,10,0.3211208816110828,25.244247267503695,297155.25195618154,150029.21314438415,volume,36610899.98274584,150029.21314438415,-17.828399658203125,-26747.80772343822,732191251.8471932
CODA,10,0.32111549421029567,5.548562917400359,36348.96906812843,4033.6908371430013,volume,36609562.59235966,4033.6908371430013,2.0235579013824463,81.62406965234695,732191333.4712629
IFNNY,8,0.3210508039745165,26.183079931055865,209680.7472570533,109801.755308699,volume,36609566.673563145,109801.755308699,-12.589210510253906,-13823.17411976601,732177510.2971431
BWA,9,0.3209808690283868,37.34008080672024,2431643.5211267606,1815955.3114402194,volume,36608875.51485716,1815955.3114402194,19.13922500610352,347559.7730668315,732525070.07021
FELE,8,0.32092633002333604,61.18899923429926,173664.67175871524,212527.34934537718,volume,36626253.5035105,212527.34934537718,-0.1288053840398788,-273.7466685140879,732524796.3235415
CNO,10,0.3208784805011181,21.103512129936725,1099073.6186374314,463886.2688521697,volume,36626239.81617708,463886.2688521697,50.24300384521485,233070.3958968193,732757866.7194384
MTNOY,11,0.3208048980305199,8.285419450606238,51355.31321050569,8510.006219325986,volume,36637893.33597192,8510.006219325986,-1.5813413858413696,-134.5722502838763,732757732.1471882
ALGN,8,0.3207060260604578,259.9479969379861,899451.3849765258,4676211.717354906,volume,36637886.60735941,4676211.717354906,-65.41212463378906,-3058809.4366960386,729698922.7104921
BOUYF,9,0.32063203759891246,37.646099403244044,432.0993740219092,325.3371197301665,volume,36484946.13552461,325.3371197301665,40.1439323425293,130.60311322961158,729699053.3136054
RH,11,0.3206309242205119,219.94241480003006,1114987.599764798,4904661.303287183,volume,36484952.665680274,4904661.303287183,42.85577392578125,2101930.5599620314,731800983.8735675
BGNE,10,0.32045266135120554,167.05436381432537,274133.9119356281,915905.3251667729,volume,36590049.19367837,915905.3251667729,-9.076078414916992,-83128.28551853677,731717855.5880489
CUKPF,11,0.3204494404507294,34.83820295651256,654.466327329679,456.0086147942948,volume,36585892.77940245,456.0086147942948,64.14684295654297,292.51513000040325,731718148.103179
CIAFF,9,0.3204024281026712,2.269191855259864,26863.93422083007,1219.1884146828868,volume,36585907.40515895,1219.1884146828868,34.834625244140625,424.6997152747628,731718572.8028942
KNRLF,11,0.3203466159041285,0.6412435905903473,12751.847902783222,163.54081471685407,volume,36585928.64014471,163.54081471685407,-37.51352310180664,-61.34992130968985,731718511.4529729
AKAM,8,0.3202961145142589,83.29286518753601,1770932.3822378716,2950120.643399621,volume,36585925.572648644,2950120.643399621,-0.9661757349967957,-28503.349809658488,731690008.1031632
FISK,8,0.32027721066902437,13.403217801476197,1435.1555033294164,384.71403580222733,volume,36584500.40515816,384.71403580222733,12.754365921020508,49.06783587574192,731690057.1709992
FRCB,9,0.32025699351043085,89.81329950204199,2352798.481002742,4226251.892844974,volume,36584502.85854996,4226251.892844974,-99.99103546142578,-4225873.028863796,727464184.1421354
ENR,10,0.3202145671505619,41.76049184620306,690118.504793664,576393.763846993,volume,36373209.20710677,576393.763846993,3.327910661697388,19181.869520422948,727483366.0116558
GEN,8,0.32017684905286514,23.349849205599828,6084419.771641206,2841405.683427846,volume,36374168.30058279,2841405.683427846,-13.956530570983888,-396561.652853281,727086804.3588026
AGO,9,0.32010046542977055,44.607020749732364,760253.891627543,678253.2223778919,volume,36354340.21794013,678253.2223778919,51.04140090942383,346189.94641498575,727432994.3052175
ASRMF,11,0.3200970670813366,18.72006340168638,281.1439749608764,105.2606607253947,volume,36371649.71526088,105.2606607253947,-19.45845413208008,-20.48209738637536,727432973.8231201
MYTAY,11,0.3200937603482066,7.659212077378946,3993.6624852998825,611.7661588076816,volume,36371648.69115601,611.7661588076816,20.79701042175293,127.2290718039911,727433101.0521919
CRAI,9,0.32006621856978695,65.937521553637,44090.93500391542,58144.93954281363,volume,36371655.05260959,58144.93954281363,81.33032989501953,47289.471147429984,727480390.5233393
ICHR,10,0.3200576985740112,29.874755059062462,415778.12023750617,248425.39002025835,volume,36374019.52616697,248425.39002025835,-12.380999565124512,-30757.54645806706,727449632.9768813
CLNXF,11,0.3199566071889038,39.740124040373956,1457.1565445026179,1158.1516364955346,volume,36372481.64884406,1158.1516364955346,-7.056931972503662,-81.72997312592777,727449551.2469082
RMBL,11,0.3199034636869339,50.355720415523734,131284.72947103274,132218.74264141987,volume,36372477.56234541,132218.74264141987,-3.855490684509277,-5097.681305715238,727444453.5656024
CIHHF,8,0.3198651526177434,4.439639656533459,3167.5432824128475,281.25501540772484,volume,36372222.67828012,281.25501540772484,-58.8773193359375,-165.59541356994634,727444287.9701889
SPXSF,9,0.31984317149222097,103.69878941636513,113.82007056056449,236.06007056831595,volume,36372214.39850944,236.06007056831595,-16.516292572021484,-38.98837190078344,727444248.981817
ARL,10,0.3197940099104895,12.1928443189518,9620.874021909232,2346.1163832277384,volume,36372212.44909085,2346.1163832277384,-13.360918998718262,-313.46270957871667,727443935.5191075
SCHL,9,0.31976736293763647,37.434033693308365,170446.4656997256,127609.97479817715,volume,36372196.77595537,127609.97479817715,-4.156515598297119,-5304.128507469256,727438631.3906
VCEL,10,0.31960071932247164,21.107127025074053,536962.0957989792,226674.54327358073,volume,36371931.56953,226674.54327358073,63.39114761352539,143691.59432884003,727582322.9849288
NHI,8,0.3194580608262563,67.22423561990425,242667.56213249706,326262.8274820547,volume,36379116.14924645,326262.8274820547,-2.0351576805114746,-6639.962992154939,727575683.0219367
BAC,9,0.3193868136938704,28.67168817721622,64434775.234741785,36378784.151096836,capital,36378784.151096836,36949075.66599061,24.645795822143555,8965840.864457645,736541523.8863943
HUSA,11,0.3193784148881806,2.690380563883572,779136.8463949843,41923.492562932115,volume,36827076.19431972,41923.492562932115,-7.583273887634277,-3179.1732643091295,736538344.71313
AAVVF,9,0.31936266648816697,4.793112165911097,78972.15571205008,7570.448006233056,volume,36826917.2356565,7570.448006233056,-9.124720573425291,-690.7822267252124,736537653.9309032
CICOY,10,0.3193063397024574,4.204685201379781,4233.664839467502,356.02455796221824,volume,36826882.69654516,356.02455796221824,49.394752502441406,175.85744925334876,736537829.7883525
AORT,8,0.31929191880551344,19.817985128722093,186466.62480438183,73907.85594752482,volume,36826891.48941763,73907.85594752482,-10.365581512451172,-7660.979052345677,736530168.8093002
BCS,9,0.31923990662061497,9.77221048689784,5894678.395931142,1152080.7607521692,volume,36826508.44046501,1152080.7607521692,87.84917449951172,1012093.4378884753,737542262.2471886
RYLPF,10,0.31916367162114356,34.52880004287445,23531.874177992107,16250.547562519401,volume,36877113.11235943,16250.547562519401,22.499744415283203,3656.3316676509,737545918.5788562
SURRY,9,0.3191632644417704,7.578897086826025,3621.6250980392156,548.9584781021085,volume,36877295.928942814,548.9584781021085,-12.57142162322998,-69.01188481868269,737545849.5669714
DIISY,11,0.3190614974448322,15.875238189308925,3999.2247454972594,1269.7729081469472,volume,36877292.478348576,1269.7729081469472,22.51551628112793,285.8959258671775,737546135.4628973
FBPI,9,0.3189852418017509,18.01482959004696,622.6443399921661,224.3366336033227,volume,36877306.77314486,224.3366336033227,-38.13625717163086,-85.5535955211424,737546049.9093019
SGAMY,8,0.3189674663631161,3.5828635859891325,9408.997255978047,674.2230729823083,volume,36877302.49546509,674.2230729823083,-10.390584945678713,-70.05572112159213,737545979.8535807
ARR,8,0.3187698409193797,75.90837713437088,445820.9945226917,676830.9637329755,volume,36877298.99267904,676830.9637329755,-61.11553955078125,-413648.8953321606,737132330.9582486
FRMO,9,0.3187430671790549,7.544410497031864,7934.349392871132,1197.1997769339073,volume,36856616.547912434,1197.1997769339073,-17.768936157226562,-212.7296640378448,737132118.2285846
GNW,9,0.3187054369743882,4.601339603609727,5073913.357226792,466935.96951784054,volume,36856605.911429234,466935.96951784054,63.280517578125,295479.4982693255,737427597.726854
MCBI,10,0.3187030670922281,20.748670577517352,2830.273421588595,1174.4882173768929,volume,36871379.8863427,1174.4882173768929,28.29388999938965,332.30840428041046,737427930.0352583
CMG,10,0.31848016333980134,22.78570425314369,30513554.48120595,13905456.562418923,volume,36871396.50176292,13905456.562418923,66.65796661376953,9269094.592869429,746697024.6281277
MTG,9,0.31842061900248136,13.006034883598588,3620618.987847903,941797.9371233848,volume,37334851.23140638,941797.9371233848,99.41216278076172,936261.6983189551,747633286.3264467
SPSC,9,0.3183644851596433,83.50134258053434,227028.14817718542,379143.1035273495,volume,37381664.316322334,379143.1035273495,55.37300109863281,209942.91488158976,747843229.2413282
UE,8,0.3182481565837582,19.661930991744995,814265.7444,320200.7375066934,volume,37392161.46206641,320200.7375066934,-5.17658281326294,-16575.45634571267,747826653.7849824
HNLGF,9,0.3182126304632707,2.6586481216932913,2166.222570532915,115.18447136633897,volume,37391332.68924912,115.18447136633897,-31.24999046325684,-35.99513631713373,747826617.7898462
SISXF,9,0.3181607206977584,10.510159558595396,1159.3854901960785,243.70652983762247,volume,37391330.88949231,243.70652983762247,52.321537017822266,127.5110022238417,747826745.3008484
IDKOY,9,0.31812221542777824,10.639635184902383,610.0873824451411,129.8221436025664,volume,37391337.26504242,129.8221436025664,49.794193267822266,64.64388908989167,747826809.9447376
NUE,9,0.31810029064149037,85.15820846497802,2409513.93375147,4103797.7973935385,volume,37391340.49723688,4103797.7973935385,24.72983932495117,1014862.6015163072,748841672.5462538
ASUR,11,0.3180951097363524,8.577155013972419,138186.62480438183,23704.962036096586,volume,37442083.62731269,23704.962036096586,23.429489135742188,5553.95150487906,748847226.4977586
FIZZ,8,0.3180618581763078,38.001309255875654,430437.1570701136,327143.5104208262,volume,37442361.32488793,327143.5104208262,6.897745132446289,22565.52556616646,748869792.0233248
AKRBF,10,0.3179176843924236,22.75129696162467,453.5078247261346,206.3578238952944,volume,37443489.60116624,206.3578238952944,-27.84062385559082,-57.45130554727142,748869734.5720193
CBFV,9,0.3178850200517396,23.98641432656182,7205.169405320814,3456.523572981842,volume,37443486.72860097,3456.523572981842,30.26627349853516,1046.160878140024,748870780.7328974
TGSNF,9,0.31775982625693466,19.001751706664727,1256.4927422518635,477.5112621899238,volume,37443539.03664487,477.5112621899238,-17.304048538208008,-82.62878058475413,748870698.1041168
SVC,11,0.31771949468032196,18.468093365302224,1149140.3158101216,424448.61284428416,volume,37443534.90520584,424448.61284428416,-54.27967834472656,-230389.3417905312,748640308.7623264
DECK,11,0.31768103573442524,45.34851013260515,3319027.625293657,3010259.157920516,volume,37432015.43811632,3010259.157920516,38.48553466796875,1158514.3318172044,749798823.0941436
PKIUF,9,0.31764288768010684,25.39781460487249,5799.677381419051,2945.982618027068,volume,37489941.154707186,2945.982618027068,23.00463104248047,677.7124318527337,749799500.8065755
CADE,9,0.3176194427212358,27.317410017589633,847332.1291079812,462938.3838383984,volume,37489975.04032878,462938.3838383984,15.705196380615234,72705.38230306681,749872206.1888785
TCPC,8,0.317614044710312,13.526870969231338,274894.87132208707,74369.34908954648,volume,37493610.30944393,74369.34908954648,-10.100336074829102,-7511.554194707051,749864694.6346838
NMFC,8,0.3175962979245226,13.028865155683972,400702.1113288906,104413.87552203964,volume,37493234.731734194,104413.87552203964,-5.168848991394043,-5396.995551796377,749859297.639132
IAC,10,0.3175822344167833,52.819677909713555,2543601.679075235,2687044.42838721,volume,37492964.8819566,2687044.42838721,-32.68624496459961,-878293.9241702687,748981003.7149618
PARXF,9,0.31755219864998,13.984951005641829,13544.299882399058,3788.3274052214247,volume,37449050.18574809,3788.3274052214247,-43.34374237060547,-1642.0028706742175,748979361.7120911
MRTI,10,0.31752750567513355,111.67467469684148,90.21876231769807,201.50301866761183,volume,37448968.085604556,201.50301866761183,-42.35783386230469,-85.35231387475582,748979276.3597772
CNAF,11,0.31749686383287934,18.41138705184148,1473.7717306186373,542.6836351696397,volume,37448963.817988865,542.6836351696397,-21.088031768798828,-114.44129738864596,748979161.9184799
FBRX,10,0.31739599647637023,1405.9373624984883,23726.897210743802,667170.6256949176,volume,37448958.095924,667170.6256949176,-6.928371429443359,-46224.05901628517,748932937.8594637
PFBX,9,0.31734293308962763,13.163751471701532,2557.920423363387,673.4365747509038,volume,37446646.892973185,673.4365747509038,9.462427139282228,63.72344521508217,748933001.582909
MTLHF,9,0.3173272225825363,6.713132081340133,1095.8181105448843,147.12743426424782,volume,37446650.079145454,147.12743426424782,41.695274353027344,61.34518736504809,748933062.9280964
BAESF,9,0.31730445808874425,8.846639395506356,21832.82629107981,3862.942823638272,volume,37446653.146404825,3862.942823638272,84.78378295898438,3275.149059423135,748936338.0771558
CETEF,11,0.31728129900666546,4.618058701865594,1157.3401174168298,106.89329200509877,volume,37446816.90385779,106.89329200509877,-3.7515907287597656,-4.010198832529389,748936334.066957
SASR,11,0.317223201528996,33.250882029486654,162096.37906703254,107796.95155529698,volume,37446816.703347854,107796.95155529698,54.15019989013672,58372.26474266716,748994706.3316997
TTE,8,0.31721590965921714,53.122959172145535,1978599.4038461538,2102181.1069710143,volume,37449735.31658499,2102181.1069710143,31.37894630432129,659642.2807760214,749654348.6124758
TTC,9,0.31708230397834436,72.85936222420757,562475.3214285715,819631.8637228374,volume,37482717.43062379,819631.8637228374,-8.972899436950684,-73544.74288505487,749580803.8695908
PTNDY,9,0.31703320738169455,13.656830524472992,911.6424931399451,249.00294055440528,volume,37479040.19347954,249.00294055440528,-45.200462341308594,-112.550480374045,749580691.3191104
RNECY,11,0.3170288908528315,4.796197563328027,96209.71618972952,9228.816127153235,volume,37479034.56595552,9228.816127153235,-23.8851318359375,-2204.3148988668117,749578487.0042115
TDCB,9,0.3169317300366159,11.145707539230022,575.3227201257862,128.247575583926,volume,37478924.35021058,128.247575583926,-21.036901473999023,-26.97931611838294,749578460.0248953
CRNT,10,0.3169154078403075,2.4510356273236646,608836.1949882538,29845.58410240775,volume,37478923.00124477,29845.58410240775,118.67211151123048,35418.38484718741,749613878.4097425
IHICY,9,0.3168573130092035,6.622320016953074,2488.0287260616155,329.5304487070419,volume,37480693.92048713,329.5304487070419,133.6031494140625,440.2630577508998,749614318.6728003
SHCAY,9,0.3167417179244369,3.6645080355839,43683.55350842807,3201.5746570898787,volume,37480715.93364002,3201.5746570898787,12.764403343200684,408.6619025646463,749614727.3347028
SITE,8,0.316727443511797,110.89112897728641,355061.45710332104,787463.3166901525,volume,37480736.366735145,787463.3166901525,-36.05361175537109,-283908.96691543586,749330818.3677874
LNXSF,8,0.3167139389168825,54.20676262637579,617.1842414739318,669.1111934863444,volume,37466540.91838937,669.1111934863444,-55.3046989440918,-370.04993115884236,749330448.3178562
IDCBF,10,0.3166851395282676,0.6332903216625082,54433.07210031348,689.4387547897205,volume,37466522.41589281,689.4387547897205,27.083345413208008,186.72307937222018,749330635.0409355
EVTC,8,0.31666978232754184,28.650238953055094,403823.4050137094,231392.74096958243,volume,37466531.75204678,231392.74096958243,-21.07857894897461,-48774.30158746975,749281860.739348
MLP,10,0.31659840851676546,11.397227239627457,21164.00705605645,4824.219954379085,volume,37464093.036967404,4824.219954379085,47.63810348510742,2298.1668942163105,749284158.9062423
OTSKY,8,0.3164676845198513,20.123977264111204,54841.04586436691,22072.39920229199,volume,37464207.94531211,22072.39920229199,4.893803119659424,1080.179760745447,749285239.086003
IBTX,9,0.3164356572099232,54.18848553346616,201817.59521943572,218723.79677894642,volume,37464261.95430015,218723.79677894642,-12.373753547668455,-27064.343563530023,749258174.7424394
ACSAF,8,0.31639790363371784,33.98616601902181,433.264475743349,294.49996805515815,volume,37462908.73712197,294.49996805515815,53.3806266784668,157.20592851572792,749258331.948368
CNAF,10,0.3163861467545037,18.41138705184148,1473.7717306186373,542.6836351696397,volume,37462916.5974184,542.6836351696397,-34.80961608886719,-188.90608997966024,749258143.042278
HRI,11,0.316384571722205,80.28088563587225,711920.7484326019,1143072.563734446,volume,37462907.15211391,1143072.563734446,32.882205963134766,375867.4747152454,749634010.5169933
AATC,9,0.3162709713654397,4.679911978927576,91965.19600938968,8607.780448975305,volume,37481700.52584966,8607.780448975305,77.7575912475586,6693.202737001481,749640703.7197303
TDY,9,0.31626818345495233,279.8275972278785,220934.9952922715,1236474.1775237797,volume,37482035.18598651,1236474.1775237797,28.28498268127441,349736.5069710313,749990440.2267014
TITN,9,0.31623866360490854,19.499433108711766,181985.35621812477,70972.22560680815,volume,37499522.01133507,70972.22560680815,-55.27169799804688,-39227.5541998875,749951212.6725014
SKHCF,11,0.3161894665901399,19.56156801831624,1819.326930615445,711.7777500157707,volume,37497560.633625075,711.7777500157707,-2.7732129096984863,-19.73911245179877,749951192.933389
HCI,11,0.31614148963593347,55.44061915702581,100392.39184952978,111316.32725585366,volume,37497559.64666945,111316.32725585366,11.76285457611084,13093.9776945737,749964286.9110836
CUZ,10,0.3159921188637645,31.543121110860874,1063296.8245888802,670794.0102960168,volume,37498214.34555418,670794.0102960168,27.35638999938965,183505.0255491243,750147791.9366328
WMK,9,0.31589989278151076,54.47269233610754,81789.822928936,89106.23721265291,volume,37507389.59683164,89106.23721265291,-14.16286277770996,-12619.994102808758,750135171.9425299
SBNC,9,0.31585256853616445,4083.3329455177063,34.45215759849906,2813.592603322388,volume,37506758.5971265,2813.592603322388,32.85955047607422,924.5338816798107,750136096.4764116
ESBA,8,0.3157928388643261,13.38833064666305,11426.888976069047,3059.7393574864277,volume,37506804.82382058,3059.7393574864277,5.43736457824707,166.36918401065154,750136262.8455956
VIRC,8,0.3157703527858606,4.7739870496764105,40105.547703180215,3829.2673071032373,volume,37506813.14227978,3829.2673071032373,165.99935913085938,6356.559189198891,750142619.4047847
LQDT,9,0.3157211955048526,11.73972363128049,188181.9012152097,44184.070253509766,volume,37507130.97023924,44184.070253509766,33.04936981201172,14602.556776081507,750157221.9615607
HTGC,8,0.31570961155214355,14.223017239084811,719542.6731974921,204681.356902902,volume,37507861.098078035,204681.356902902,-6.341323852539063,-12979.507706984334,750144242.4538537
GRP-UN,9,0.31568743086132056,48.327887019393586,7013.686128526646,6779.132616178475,volume,37507212.12269269,6779.132616178475,26.57815742492676,1801.7685387724712,750146044.2223926
SWZNF,9,0.31567820664463553,4231.466319512554,1.6987053746567282,143.760291592698,volume,37507302.21111963,143.760291592698,-10.808310508728027,-15.538058703591632,750146028.6843339
VLEEY,11,0.3156392579481274,18.374567726896846,51835.68040832352,19049.16440665041,volume,37507301.4342167,19049.16440665041,-31.03989028930664,-5912.839732853938,750140115.844601
FSNUF,9,0.3155303824391387,52.714273366842185,652.1707794751273,687.5741750223683,volume,37507005.792230055,687.5741750223683,85.20455932617188,585.8445458683707,750140701.6891469
LZAGY,9,0.31552795871753175,40.264237551911584,67507.56487651901,54362.81257478489,volume,37507035.084457345,54362.81257478489,28.00162506103516,15222.470949824541,750155924.1600968
NXRT,11,0.31552520961657216,37.197978004970814,130134.03376729049,96814.45851547601,volume,37507796.20800484,96814.45851547601,24.182674407958984,23412.325282626087,750179336.4853793
RYAAY,9,0.31536083415346505,36.76129218803953,1192315.37749902,876621.0794506826,volume,37508966.82426897,876621.0794506826,89.21387481689453,782067.6324396415,750961404.117819
TYG,8,0.3153594396291102,74.31000971625701,66776.34340659341,99243.01454720144,volume,37548070.205890946,99243.01454720144,2.828245162963867,2806.835758510752,750964210.9535774
FUNC,10,0.3153585308714878,16.86973560458765,14001.179005092048,4723.923759368128,volume,37548210.54767887,4723.923759368128,108.0516128540039,5104.275811990758,750969315.2293894
SHECF,8,0.31523046546312933,23.541871451434318,4441.984711877695,2091.4526615252244,volume,37548465.761469476,2091.4526615252244,-0.3176546096801758,-6.643595788613599,750969308.5857936
PRPL,11,0.3152125758612354,9.833693833738488,655071.0929626412,128835.37135054114,volume,37548465.42928968,128835.37135054114,-34.15283966064453,-44000.93780354627,750925307.6479901
ASGTF,8,0.3151256280806774,29.555178741147635,1122.7417840375588,663.6566821477005,volume,37546265.38239951,663.6566821477005,-45.69898223876953,-303.28434930108483,750925004.3636408
FANG,10,0.31502067277368845,106.33397180614777,2049000.250293772,4357566.696910554,volume,37546250.21818204,4357566.696910554,9.71503448486328,423339.107305778,751348343.4709467
ZG,11,0.3149511971416261,50.61159699375975,1094801.2512760109,1108192.7943569073,volume,37567417.173547335,1108192.7943569073,81.7928695678711,906422.6868488911,752254766.1577955
CBT,10,0.31492904061129035,57.44609195313575,367569.16516634054,422308.2412256588,volume,37612738.30788978,422308.2412256588,45.66672134399414,192854.3277332442,752447620.4855288
CDRBQ,11,0.31487244759827143,0.9891452377306369,8199.110881257757,162.20222963643113,volume,37622381.02427644,162.20222963643113,0.0,0.0,752447620.4855288
CSPI,9,0.3148604668342091,6.005548151937797,25598.316758026624,3074.638477977702,volume,37622381.02427644,3074.638477977702,250.5108642578125,7702.303423985193,752455322.7889528
CQP,10,0.31479261837094574,39.2064487177969,240296.25411119813,188423.25527778763,volume,37622766.139447644,188423.25527778763,9.438986778259276,17785.2461528361,752473108.0351057
VLGEA,9,0.3147680314471308,25.793867299918993,31887.565763643503,16450.072796497214,volume,37623655.40175529,16450.072796497214,57.31211853027344,9427.88521944475,752482535.9203252
CFPUF,11,0.31471026676683367,7.254496503816793,716.9620203602193,104.0239694014527,volume,37624126.79601626,104.0239694014527,-50.2372932434082,-52.25882655164101,752482483.6614985
RKLIF,9,0.31470543584462646,4.8980591882214455,3191.7632301058406,312.66890431694543,volume,37624124.18307493,312.66890431694543,-19.842866897583008,-62.042474513742654,752482421.619024
STM,11,0.3145213816754632,25.973378467559815,2962717.407843137,1539035.6105267513,volume,37624121.08095121,1539035.6105267513,-37.785274505615234,-581528.8301767043,751900892.7888473
PFLC,8,0.3144524769073309,9.822983150527039,5248.687181497452,1031.1553149247345,volume,37595044.63944237,1031.1553149247345,-3.7223246097564697,-38.382948052255216,751900854.4058993
RVCB,10,0.31426944647195754,16.190249039677255,628.3190905527244,203.45285104864266,volume,37595042.72029497,203.45285104864266,1.7297046184539795,3.519133360964668,751900857.9250326
HE,10,0.3142357638911102,33.352854627426886,973693.0493730408,649508.8545495004,volume,37595042.896251634,649508.8545495004,-73.18070220947266,-475315.1406720268,751425542.7843605
CODI,8,0.31418938782550027,19.413752941947106,212484.0665622553,82502.26344679737,volume,37571277.139218025,82502.26344679737,-30.499849319458008,-25163.06603641548,751400379.7183241
IDA,8,0.3141121023695981,91.6655328879162,267409.74960815045,490245.143945107,volume,37570018.985916205,490245.143945107,-10.508307456970217,-51516.46701861805,751348863.2513055
AMCR,8,0.31392202926708224,10.773485446386681,4368963.5183881065,941379.2976229723,volume,37567443.162565276,941379.2976229723,-19.06335830688477,-179458.5085327024,751169404.7427728
PRDSY,10,0.3138828022878678,9.814476676755492,14291.109368874952,2805.195191715702,volume,37558470.237138644,2805.195191715702,11.225603103637695,314.90007850433324,751169719.6428514
INVH,9,0.31380109072992796,30.04769133272968,3366235.227089627,2022951.9411390063,volume,37558485.98214257,2022951.9411390063,8.570984840393066,173386.90420346148,751343106.5470549
SBRA,8,0.3137259272079464,18.85957796327837,1634308.0709525675,616447.2096029004,volume,37567155.32735275,616447.2096029004,7.245744228363037,44666.188110707146,751387772.7351656
MRCY,9,0.31361678722891295,46.081029024651265,412820.0458643669,380463.4503086752,volume,37569388.63675828,380463.4503086752,-16.625417709350586,-63253.63784522475,751324519.0973203
ALNT,11,0.3135993146812694,25.12851590543099,73403.88106416275,36890.61185682357,volume,37566225.954866014,36890.61185682357,-10.089954376220703,-3722.245905462163,751320796.8514149
RIO,9,0.31350431301786374,55.69519793421836,3103120.0932967463,3456577.756196249,volume,37566039.842570744,3456577.756196249,22.651660919189453,782972.2727417015,752103769.1241566
BAC,10,0.31350057881700216,28.67168817721622,64434775.234741785,36949075.66599061,volume,37605188.456207834,36949075.66599061,43.01108551025391,15892198.529947644,767995967.6541042
ASTE,9,0.31349356656120875,46.83734743061573,140116.45735524257,131253.663877891,volume,38399798.38270521,131253.663877891,-7.125214576721191,-9352.105191108125,767986615.5489131
ERJ,10,0.3134716711855551,19.46192684166113,1614850.69604387,628562.1221322269,volume,38399330.77744566,628562.1221322269,142.3206024169922,894573.3987836156,768881188.9476968
FMS,11,0.31343780673386007,35.9734390731704,335951.1840971406,241706.38905355879,volume,38444059.44738484,241706.38905355879,8.881709098815918,21467.658348989335,768902656.6060457
INSE,11,0.31339945834319066,9.157599361252094,85211.33756445855,15606.625809034445,volume,38445132.83030229,15606.625809034445,3.302208662033081,515.363349317026,768903171.969395
TDHOY,11,0.3133882840722163,6.626527260312289,14346.806198509219,1901.3900474567731,volume,38445158.59846976,1901.3900474567731,10.920767784118652,207.64639175309765,768903379.6157868
RGA,10,0.31337188039100305,131.0792943729414,388599.7581340651,1018747.641794179,volume,38445168.98078934,1018747.641794179,49.27335357666016,501971.12759513315,769405350.7433819
INTG,10,0.3133657729252579,30.878114520428227,2507.848235294118,1548.7525001853119,volume,38470267.53716909,1548.7525001853119,-60.44396209716797,-936.1273741909512,769404414.6160077
RF,9,0.3132841055348388,16.189737370415138,12079051.822814582,3911133.5339000463,volume,38470220.73080038,3911133.5339000463,11.057279586791992,432464.96985610604,769836879.5858638
TILE,9,0.31323851178755197,15.862155744822738,424412.641428011,134641.98836805436,volume,38491843.97929319,134641.98836805436,80.62322235107422,108552.70965988396,769945432.2955238
AXIM,11,0.31303112690051527,2.006358839792738,205828.7327856025,8259.32595015462,volume,38497271.61477619,8259.32595015462,-79.80768585205078,-6591.576907796308,769938840.718616
FIVE,11,0.31293840617838264,110.49191148356742,1067784.1750881316,2359630.291147838,volume,38496942.035930805,2359630.291147838,-21.311059951782227,-502862.22598692926,769435978.492629
SDMHF,11,0.3128820792193929,200.48843762268044,292.94276754214036,1174.6327555477558,volume,38471798.924631454,1174.6327555477558,-9.848336219787598,-115.68178311409874,769435862.810846
ENTG,8,0.3128284970552406,61.87754302222746,1082539.9119028975,1339698.1994409973,volume,38471793.1405423,1339698.1994409973,-20.2111759185791,-270768.7598670567,769165094.0509789
GEO,11,0.31281905124042686,16.74228407343929,1849661.2256169212,619351.0735780875,volume,38458254.70254894,619351.0735780875,105.89959716796876,655890.2919746846,769820984.3429536
BOIVF,9,0.31279777125438196,4.864468822923252,61424.43270735524,5975.944757413537,volume,38491049.21714768,5975.944757413537,44.96310424804688,2686.9702710815413,769823671.3132246
PAHC,11,0.31278404311108826,25.76673066816999,145591.60917287337,75028.39562205791,volume,38491183.56566123,75028.39562205791,24.96565818786621,18731.332794842954,769842402.6460195
UVE,8,0.312783029529816,21.87663133124721,278564.21358460933,121880.93205338609,volume,38492120.13230097,121880.93205338609,-1.2401745319366455,-1511.536278613102,769840891.1097409
PFBC,10,0.3126710369924795,54.22871323932811,73695.0936887495,79927.80205585231,volume,38492044.555487044,79927.80205585231,37.91475296020508,30304.428695998122,769871195.5384369
KWHIY,9,0.31262397637329836,11.015209714649519,6235.725205801647,1373.7564172966233,volume,38493559.776921846,1373.7564172966233,149.58432006835938,2054.9241962086076,769873250.4626331
BC,11,0.3124999856506904,66.19564166016795,871399.1623630673,1153656.5338951224,volume,38493662.52313166,1153656.5338951224,-10.398531913757324,-119963.34285223087,769753287.1197809
WF,8,0.31243039183408766,31.782481378136684,27251.20416175893,17322.217776058085,volume,38487664.35598905,17322.217776058085,-10.373802185058594,-1796.9726061533217,769751490.1471747
DXPE,10,0.3124239506134536,33.06427379240725,115594.90015661708,76441.22855568734,volume,38487574.50735874,76441.22855568734,108.9753646850586,83302.10758829943,769834792.254763
WEIGF,8,0.3124145572258541,22.059073404372793,2550.4907734589715,1125.22926377814,volume,38491739.612738155,1125.22926377814,6.676112651824951,75.12157324112916,769834867.3763362
TSLX,8,0.3123281196189609,19.547202352077658,290856.2343014129,113708.51334506058,volume,38491743.368816815,113708.51334506058,-8.608437538146973,-9788.526346865054,769825078.8499894
BDORY,10,0.31228907760300734,4.218207354836621,498082.9190140845,42020.34064607409,volume,38491253.94249947,42020.34064607409,-18.713239669799805,-7863.367055166148,769817215.4829342
EGTYF,8,0.3120718023496363,0.159380360581958,82289.08457321848,262.30527942477596,volume,38490860.77414671,262.30527942477596,-94.6935043334961,-248.38606113908926,769816967.0968732
GBLI,9,0.31206030250825584,30.731729407334768,14191.678417547982,8722.69641927995,volume,38490848.35484366,8722.69641927995,55.75069046020508,4862.963480496157,769821830.0603538
BGR,9,0.3120554750980126,12.578658054692085,131958.06651017215,33197.10792379541,volume,38491091.50301769,33197.10792379541,8.581563949584961,2848.8310458932397,769824678.8913997
WM,9,0.31202982275045965,115.292897486902,1871879.3109540637,4316287.7901135925,volume,38491233.94456999,4316287.7901135925,31.236053466796875,1348237.961900707,771172916.8533005
CAPL,9,0.31202515014493354,21.49143581864233,64058.84467918623,27534.330980782175,volume,38558645.842665024,27534.330980782175,9.26079559326172,2549.8981101023724,771175466.7514106
OPY,9,0.31201418712960477,30.361438620001696,65183.678949431596,39581.40534898128,volume,38558773.33757053,39581.40534898128,70.86327362060547,28048.679575329574,771203515.4309859
ARR,11,0.3120085144327727,75.90837713437088,445820.9945226917,676830.9637329755,volume,38560175.7715493,676830.9637329755,0.0271638818085193,183.8535630318876,771203699.284549
MCQEF,8,0.3119307465607181,93.01303413268492,307.094080752646,571.2750442998272,volume,38560184.96422745,571.2750442998272,-23.90577888488769,-136.56774891486089,771203562.7168001
ITOCY,9,0.31191444251527395,48.383767133598376,24089.43904351235,23310.756181206285,volume,38560178.135840006,23310.756181206285,108.96174621582033,25399.806991154644,771228962.5237912
ARW,9,0.3118742494489156,89.26015064973787,530522.579029734,947090.5065456304,volume,38561448.12618956,947090.5065456304,39.73237991333008,376301.59818379214,771605264.121975
NWFL,9,0.3118631473467874,26.812613351538527,9827.966287730302,5270.269202097361,volume,38580263.20609875,5270.269202097361,1.865922808647156,98.33915511904112,771605362.46113
CJEWY,11,0.31179016119077047,12.322005655771134,3588.826938136257,884.4309165859752,volume,38580268.1230565,884.4309165859752,-32.900169372558594,-290.9792695400583,771605071.4818605
DAR,11,0.3117900053734995,35.11397023749893,1504036.8238057948,1056254.085344382,volume,38580253.57409303,1056254.085344382,-19.199716567993164,-202797.79062396998,771402273.6912365
PCH,9,0.31178060110464,43.71905718631064,397767.83810270485,347800.6972177462,volume,38570113.68456183,347800.6972177462,4.763235092163086,16566.564860663566,771418840.2560972
CAMT,11,0.3116547601263125,22.908311808612986,209835.97456964006,96139.75868211,volume,38570942.01280486,96139.75868211,-21.76291847229004,-20922.81730144398,771397917.4387957
RBC,9,0.3116387882194166,157.85146216493828,125401.50568404548,395896.220598228,volume,38569895.871939786,395896.220598228,37.19576644897461,147256.63359403418,771545174.0723897
PPSI,11,0.3116027614916153,5.153482956612451,630584.2559780478,64994.10431782025,volume,38577258.70361949,64994.10431782025,37.84164810180664,24594.840242870654,771569768.9126326
STC,9,0.31147345935091203,46.693807853997924,167027.64666666667,155983.13679517581,volume,38578488.44563163,155983.13679517581,70.65324401855469,110207.14626769153,771679976.0589002
TSM,8,0.3114510444506181,69.25595761094026,9820185.96899529,13602127.664005762,volume,38583998.80294501,13602127.664005762,-17.53632164001465,-2385312.8570454614,769294663.2018548
PYPL,10,0.3113265600514062,99.92682892284137,10628822.881711408,21242091.315039154,volume,38464733.16009274,21242091.315039154,27.872806549072266,5920767.019218144,775215430.2210729
FFMH,9,0.31132200867980203,31.811339667371783,269.0853563038371,171.19931337794245,volume,38760771.511053644,171.19931337794245,27.863370895385746,47.701899656849854,775215477.9229726
CAE,8,0.3112531257758467,19.550880288107667,268830.01447574334,105117.2686173102,volume,38760773.89614863,105117.2686173102,-18.242403030395508,-19175.91579571318,775196302.0071769
OTEX,8,0.3112233586294652,36.013055695220096,576448.0521364171,415193.11613979854,volume,38759815.100358844,415193.11613979854,-14.565994262695312,-60477.005476028935,775135825.0017009
VSH,10,0.3111962124145659,18.599807610453745,1239315.8708284255,461020.7353198132,volume,38756791.25008505,461020.7353198132,-35.83244323730469,-165194.99329567674,774970630.0084052
AEXAF,10,0.3111833850257689,68.64150506003345,31817.525430359936,43680.056656515895,volume,38748531.500420265,43680.056656515895,-99.97093200683594,-43667.35974063292,774926962.6486646
ASR,10,0.31115599493995666,189.20840364256188,55823.31181533646,211244.7942924155,volume,38746348.13243323,211244.7942924155,-3.281775951385498,-6932.580857642257,774920030.067807
BDRBF,11,0.31114186957524603,40.924526622411044,28643.48122065728,23444.41819546639,volume,38746001.50339035,23444.41819546639,24.27239799499512,5690.522492014656,774925720.590299
JPM,9,0.31112854811449053,117.32438643966549,13955405.984711878,32746188.89345514,volume,38746286.02951495,32746188.89345514,91.55091094970705,29979434.233269975,804905154.8235689
NONOF,11,0.3109924312706961,45.582217035177685,58806.028224225796,53610.1828298689,volume,40245257.741178446,53610.1828298689,-18.371700286865234,-9849.102112744,804895305.7214562
TGB,11,0.3109777260747229,1.1929208292779665,1173592.8258140448,28000.06654009525,volume,40244765.28607281,28000.06654009525,-27.3742904663086,-7664.819545445358,804887640.9019107
MMSMY,10,0.31094906199061617,5.626014281209259,1438.3689436060365,161.84568436750874,volume,40244382.04509553,161.84568436750874,31.20429229736328,50.50280042070541,804887691.404711
FBIZ,10,0.3109457986999194,26.52509988843811,20423.27418723071,10834.587757305084,volume,40244384.57023555,10834.587757305084,42.40692138671875,4594.615112815421,804892286.0198238
ECAOF,10,0.31091398307908397,0.3477111584889814,15164.87509788567,105.45992577253062,volume,40244614.30099119,105.45992577253062,-11.123451232910156,-11.730783413570693,804892274.2890403
UCB,9,0.310833741335858,26.781620874135424,492044.44740973314,263554.9568750188,volume,40244613.71445202,263554.9568750188,-19.286914825439453,-50831.62005070855,804841442.6689897
ELRRF,10,0.31072562489848404,1.1250600620955462,19515.38762725137,439.1196643146816,volume,40242072.13344949,439.1196643146816,-73.03370666503906,-320.7053675440888,804841121.9636221
NSYC,11,0.3104991674458349,268.0345628141002,29.404155233241866,157.6265978571984,volume,40242056.098181106,157.6265978571984,25.41727066040039,40.064379010145004,804841162.0280011
ASB,9,0.3104955042304373,20.76273668950339,1243822.7879499218,516503.30069216475,volume,40242058.101400055,516503.30069216475,-0.6462496519088745,-3337.900782820962,804837824.1272182
ABR,8,0.3104355790863418,11.589728089938514,1589637.960485133,368469.4344693424,volume,40241891.206360914,368469.4344693424,-22.32988548278809,-82278.80275608106,804755545.3244622
CIB,9,0.3104191662844424,36.863602208082995,347535.3476898982,256228.09620976448,volume,40237777.26622311,256228.09620976448,26.72396850585937,68474.3157342605,804824019.6401964
SNEX,8,0.31039617560203464,39.006914301041945,130271.13994511956,101629.50383476641,volume,40241200.98200982,101629.50383476641,59.19225311279297,60156.79314715057,804884176.4333436
SLRK,10,0.3103707779902647,9.154386521881115,2403.0548804390437,439.96986417663635,volume,40244208.82166719,439.96986417663635,-19.691625595092773,-86.63721838490143,804884089.7961253
TPRP,10,0.3103303454407974,19590.50861659267,3.022370486656201,1184.1955012274736,volume,40244204.489806265,1184.1955012274736,12.99435043334961,153.8785132454588,804884243.6746385
FCF,9,0.31017470356958937,12.699717976838713,464560.5785350568,117995.76661104507,volume,40244212.18373193,117995.76661104507,23.91752052307129,28221.661695552004,804912465.336334
UPMKF,10,0.310133573307613,29.3766470985128,794.8790734197095,467.0176405168731,volume,40245623.2668167,467.0176405168731,-16.2584285736084,-75.92972950958705,804912389.4066045
SXI,8,0.31005853611201645,98.72604944042806,57014.33307179286,112575.99731317708,volume,40245619.47033023,112575.99731317708,30.174545288085938,33969.295292779025,804946358.7018974
AWRRF,8,0.310056133043171,25.873721427719985,407.7861409796894,211.01890027586865,volume,40247317.93509487,211.01890027586865,-24.35179710388184,-51.38689444602229,804946307.3150029
Z,11,0.3100161383058252,52.129238544180104,2974192.0287648053,3100847.3148735906,volume,40247315.36575015,3100847.3148735906,86.1019515991211,2669890.0542151053,807616197.369218
WCC,9,0.30998933452104344,88.27948574220427,593052.5653710248,1047087.509780981,volume,40380809.8684609,1047087.509780981,35.94366836547852,376361.66201202327,807992559.03123
FRCOF,9,0.30985960823371256,182.2727580625218,154.21073247160203,562.1683106088118,volume,40399627.9515615,562.1683106088118,71.9278564453125,404.3556154357446,807992963.3868454
SRDX,11,0.30979354849888036,36.23755391314187,82976.07526460211,60137.00001803874,volume,40399648.16934227,60137.00001803874,17.8126277923584,10711.979978703745,808003675.3668242
ACTG,9,0.30972753226213967,5.053270742646965,365564.6776212833,36945.94579937601,volume,40400183.76834121,36945.94579937601,21.79049491882324,8050.704442124217,808011726.0712663
CBZ,9,0.3097187368184999,29.8727279573504,227990.0082191781,136213.66985051177,volume,40400586.30356332,136213.66985051177,50.40962219238281,68664.79634602263,808080390.8676124
MTLHY,8,0.30955877140043325,34.065631731123794,886.9259114072912,604.2738294158422,volume,40404019.54338062,604.2738294158422,-11.55380630493164,-69.81662780209945,808080321.0509845
UNCHF,9,0.3094900567356825,31.532223517631706,3007.21005104044,1896.4803898775162,volume,40404016.05254923,1896.4803898775162,11.362472534179688,215.48706341593663,808080536.5380479
KISB,9,0.3094862865255611,28.76543117270475,439.1219129753038,252.63062328235094,volume,40404026.8269024,252.63062328235094,0.6179255843162537,1.5610692550792606,808080538.0991172
VEEV,8,0.3093048667111678,142.16528466040825,1142253.5088339222,3247775.904754494,volume,40404026.904955864,3247775.904754494,-31.61784172058105,-1026876.6450044451,807053661.4541126
MVBF,11,0.309295245262499,20.76088594296828,19733.9466875735,8193.884327706603,volume,40352683.072705634,8193.884327706603,14.12060546875,1157.0260784811876,807054818.4801912
NL,10,0.3092549945322763,6.091897293475505,33384.01881615053,4067.4402774288546,volume,40352740.92400956,4067.4402774288546,41.14976119995117,1673.7419611126052,807056492.2221524
BKHYY,8,0.30923155026894256,36.47227305948081,1738.8321596244132,1268.3832266085665,volume,40352824.61110762,1268.3832266085665,-17.43414878845215,-221.13181893470764,807056271.0903333
CATY,9,0.309184364102248,36.23208139162855,391535.0817683881,283722.61900620355,volume,40352813.55451667,283722.61900620355,1.3824902772903442,3922.4376222342903,807060193.5279557
FULT,9,0.30916182177479773,15.455366225789867,1099183.7986682334,339765.7631574485,volume,40353009.676397786,339765.7631574485,6.1740593910217285,20977.340007699095,807081170.8679633
TOLWF,10,0.30906890339657145,2.2634277495159365,35450.21310832025,1604.779921512513,volume,40354058.54339817,1604.779921512513,6.515072345733643,104.5525728763478,807081275.4205362
MLAB,11,0.30900637549503795,172.047359776095,32827.85260682085,112958.90736244651,volume,40354063.77102681,112958.90736244651,9.752946853637695,11016.822201509245,807092292.2427377
DPZ,8,0.30898563194056045,292.5991148982276,691718.4440093971,4047924.089518576,volume,40354614.612136886,4047924.089518576,-27.5439682006836,-1114958.9240048076,805977333.3187329
AEE,8,0.30893373584249967,68.69386147631913,1524311.2018779342,2094216.4509720865,volume,40298866.66593665,2094216.4509720865,-10.879326820373535,-227836.65202728097,805749496.6667056
WJXFF,9,0.308888541366218,16.207310421587582,748.339222614841,242.57132163136524,volume,40287474.83333528,242.57132163136524,41.61043930053711,100.93499254792988,805749597.6016982
HOLX,8,0.30886886502610805,55.21989225220157,2160886.9196708463,2386478.8574683177,volume,40287479.88008491,2386478.8574683177,-8.10429859161377,-193407.37243496525,805556190.2292632
CUAEF,9,0.30886239671310983,2.4815505058763545,5512.098668754894,273.5710247977818,volume,40277809.511463165,273.5710247977818,38.21549606323242,104.54652421174089,805556294.7757875
TATT,10,0.30884202010363987,7.662484230551827,45028.494703805416,6900.602611867909,volume,40277814.73878938,6900.602611867909,251.2622528076172,17338.60957988058,805573633.3853673
SPTN,9,0.308789154521929,23.70700728327842,274094.53155625245,129959.22111821726,volume,40278681.66926837,129959.22111821726,-30.234107971191406,-39292.011231401186,805534341.3741359
HXL,9,0.30871434762215316,57.8314204619596,688066.3706896552,795837.1117817601,volume,40276717.068706796,795837.1117817601,13.436697006225586,106934.22137321194,805641275.595509
PH,9,0.3085134966484733,243.5671543314241,992686.1230889848,4835714.682901556,volume,40282063.779775456,4835714.682901556,142.78179931640625,6904520.43405449,812545796.0295635
SMNNY,8,0.30851019557292886,17.110205014684208,56539.97491349481,19348.211245899965,volume,40627289.80147818,19348.211245899965,-44.58444595336914,-8626.29278587196,812537169.7367777
SNPMF,9,0.30840502917200674,0.6365455478394747,63231.796550372404,804.9983715206201,volume,40626858.486838885,804.9983715206201,38.761478424072266,312.0292700910983,812537481.7660478
OPOF,10,0.30832411039832336,21.742536266660373,4824.357114856919,2097.8751906619514,volume,40626874.088302396,2097.8751906619514,18.85041236877441,395.45812442199025,812537877.2241724
PLYA,10,0.3082685416339451,8.207960341219914,727013.6425457716,119345.98291083047,volume,40626893.86120862,119345.98291083047,28.16557502746582,33614.482359016496,812571491.7065313
UMICF,11,0.30826354165041847,35.80868471899733,873.7828818217511,625.7803145602397,volume,40628574.58532657,625.7803145602397,-50.07317733764648,-313.3480866538308,812571178.3584446
FN,9,0.30806755450909434,79.27175670822508,354442.6709753231,561945.8636113858,volume,40628558.91792223,561945.8636113858,129.9873046875,730458.2819113352,813301636.640356
SUVPF,8,0.30805011978712066,244.19599460227818,21.856470588235293,106.74525147579116,volume,40665081.8320178,106.74525147579116,-51.40699005126953,-54.874520806362604,813301581.7658352
AGX,10,0.3079456055424799,47.3197190414572,132089.96948356807,125009.20488314192,volume,40665079.088291764,125009.20488314192,272.6724853515625,340865.70587308996,813642447.4717083
MNDO,10,0.3078307263529244,2.4285442954836896,47912.561740493926,2327.1555699377323,volume,40682122.37358542,2327.1555699377323,3.4342641830444336,79.9206702220951,813642527.3923786
EWBC,9,0.30771585046895494,56.59979045283687,981204.7179788484,1110719.6285787544,volume,40682126.36961893,1110719.6285787544,14.752854347229004,163862.8490103066,813806390.2413888
YELP,9,0.3076598480759178,35.47829602379681,1615814.8394189242,1146527.143850966,volume,40690319.51206944,1146527.143850966,-3.2410244941711426,-37159.22556453062,813769231.0158243
CUPUF,10,0.3075698612255965,13.492498040105929,749.0211433046202,202.1233261607098,volume,40688461.55079122,202.1233261607098,18.60170555114746,37.59838598260064,813769268.6142102
CIVB,11,0.3075259115563598,18.381245090705676,33264.08653093187,12228.706544870003,volume,40688463.43071052,12228.706544870003,50.388328552246094,6161.840831519119,813775430.4550418
IDEXF,11,0.30746197848577556,33.663031467449706,6476.386755485893,4360.296222905923,volume,40688771.52275209,4360.296222905923,15.273551940917969,665.9721083834204,813776096.4271501
MIDD,9,0.30735741896963187,127.97332802701118,524936.8823990593,1343558.3968946282,volume,40688804.82135751,1343558.3968946282,5.8114848136901855,78080.69219859062,813854177.1193488
PMMAF,8,0.3073344687801873,56.299475960337105,443.5860446883575,499.4732371854641,volume,40692708.85596744,499.4732371854641,-48.737754821777344,-243.4320417398459,813853933.687307
BHE,9,0.3072892328293059,27.15202270874955,276429.88654147106,150112.61113502167,volume,40692696.684365354,150112.61113502167,70.01384735107422,105099.61441478571,813959033.3017218
FIBK,9,0.30721874976712243,35.18587543503985,345785.26556991774,243335.14563230597,volume,40697951.66508609,243335.14563230597,-28.93839836120605,-70417.2937958976,813888616.007926
GD,9,0.30719352113960874,193.04360357658842,1342388.5667841756,5182790.526640582,volume,40694430.8003963,5182790.526640582,33.27719497680664,1724687.3087896502,815613303.3167157
GPTGF,11,0.30710364540099544,3.4335031316011304,2256.003918495298,154.91993038116055,volume,40780665.16583579,154.91993038116055,13.180062294006348,20.41854333006823,815613323.735259
SGMA,11,0.3069101584529587,5.413498627536674,88102.03645629165,9538.805068786416,volume,40780666.18676296,9538.805068786416,-55.88909530639648,-5331.151855985418,815607992.5834031
NTRS,9,0.3068747531331585,89.29484905032072,1172497.100744806,2093959.0324589228,volume,40780399.62917016,2093959.0324589228,6.119531631469727,128140.48534134122,815736133.0687444
FORTY,8,0.30687089345675184,60.00364664886869,1155.7508813160987,1386.985349932195,volume,40786806.65343723,1386.985349932195,-50.5115852355957,-700.588287236226,815735432.4804572
BURBY,10,0.30685404372617664,22.40851133474162,63304.3548513302,28371.127064490767,volume,40786771.624022864,28371.127064490767,-56.91927719116211,-16148.640456094314,815719283.8400011
AIN,8,0.3068283281358457,67.53735916827206,145971.0935054773,197170.04340529692,volume,40785964.19200006,197170.04340529692,2.0676424503326416,4076.7715167872148,815723360.6115179
PRU,9,0.3068244392247965,94.52202663473969,2162557.253626029,4088185.8865277804,volume,40786168.0305759,4088185.8865277804,28.692970275878903,1173021.9612440926,816896382.572762
SCM,8,0.30680253631857585,12.545060758168255,95151.62367698942,23873.65800532387,volume,40844819.1286381,23873.65800532387,-0.6590245962142944,-157.3332782711672,816896225.2394837
HGV,9,0.3067822558152009,37.144513740444424,903320.2309226933,671067.8145905882,volume,40844811.261974186,671067.8145905882,2.2274177074432373,14947.483331143114,816911172.7228149
YARIY,9,0.30676326842602586,20.851544955687565,25597.899489595602,10675.11503956949,volume,40845558.63614075,10675.11503956949,-19.25445556640625,-2055.4352819566584,816909117.2875329
KGSPY,10,0.3067541652337636,58.779209815933086,2379.524935511608,2797.331908933629,volume,40845455.86437665,2797.331908933629,-9.166077613830566,-256.4056138893046,816908860.881919
BDRAF,11,0.3067331241319439,42.57897885048147,982.4440532081377,836.6292912666117,volume,40845443.044095956,836.6292912666117,28.268674850463867,236.50401405189876,816909097.385933
MRVL,8,0.3067317648509979,35.153696595711224,9128879.94747158,6418277.518641762,volume,40845454.869296655,6418277.518641762,-38.93342208862305,-2498855.0771519993,814410242.3087811
TGS,11,0.30662499653946784,10.270690459277219,223190.4080031385,45846.39188160049,volume,40720512.11543906,45846.39188160049,53.63994216918945,24591.978091950474,814434834.2868731
SVCTF,11,0.30655921815105536,182.47722915463842,171.7214593958415,626.705121938878,volume,40721741.71434366,626.705121938878,15.167084693908691,95.05289662553338,814434929.3397697
VOYA,9,0.30654617251368155,53.54044365555247,1510881.045543777,1617864.829783576,volume,40721746.46698849,1617864.829783576,22.22812461853028,359621.0105236661,814794550.3502934
BHLB,9,0.3065066120573797,27.744546186569526,254226.06103286386,141067.7338431187,volume,40739727.517514676,141067.7338431187,-5.472888946533203,-7720.480412624923,814786829.8698808
VABK,9,0.3064592088727268,32.07394062157561,4533.141735374951,2907.914376992048,volume,40739341.49349404,2907.914376992048,28.88071823120117,839.8265576236622,814787669.6964384
WILC,11,0.3063764470123322,10.939311627926058,6705.096584216725,1466.9828206017864,volume,40739383.48482192,1466.9828206017864,75.0206298828125,1100.5397522881094,814788770.2361907
ANZFF,11,0.30633069915510686,1.3436495690768313,5163.2578247261345,138.75218302451697,volume,40739438.511809535,138.75218302451697,-1.523784875869751,-2.1142847798667055,814788768.1219058
XRX,10,0.30630417314973224,23.79784814956659,2636022.1476246566,1254633.0957613196,volume,40739438.406095296,1254633.0957613196,-45.17654800415039,-566799.9227825707,814221968.1991233
ADDYY,8,0.30627071492322994,106.49599372762283,76469.21009389672,162873.29037031796,volume,40711098.409956165,162873.29037031796,-26.20476722717285,-42680.566616779164,814179287.6325065
BSDGY,8,0.3062584997997726,15.426995821375842,492.945248337896,152.09328572551595,volume,40708964.381625324,152.09328572551595,-40.5566635131836,-61.68396211784241,814179225.9485444
BDN,8,0.3061937241578176,12.228976915046829,1813034.491001565,443431.13873283635,volume,40708961.29742722,443431.13873283635,-63.411563873291016,-281186.61977163417,813898039.3287728
ACDVF,10,0.30603105360152816,16.132547354932385,81950.45422396857,26441.39167052783,volume,40694901.96643864,26441.39167052783,-4.01878833770752,-1062.6235647827402,813896976.705208
JACK,8,0.3059721788120078,83.52195999417665,558208.916503332,932454.0558516798,volume,40694848.8352604,932454.0558516798,-6.983722686767578,-65120.005442198184,813831856.6997657
CARE,9,0.3059613665494292,14.75899061686556,50188.9417057903,14814.762394123432,volume,40691592.83498829,14814.762394123432,5.155568599700928,763.7852381117291,813832620.4850038
NISTF,9,0.30591005123125187,19.25168559374598,399.54410035280284,153.83794801656504,volume,40691631.024250194,153.83794801656504,40.12739181518555,61.73115616104852,813832682.21616
BEP,11,0.3058779245657661,23.818305321142706,317491.7218309859,151242.29535011464,volume,40691634.11080801,151242.29535011464,-15.282468795776367,-23113.5565928972,813809568.6595672
IBM,8,0.30581423451994155,142.62147747386587,4797396.869122257,13684236.590054292,volume,40690478.43297836,13684236.590054292,22.967914581298828,3142983.7711065095,816952552.4306737
CCBG,9,0.3057034092839018,23.921988262542307,27257.45362035225,13041.049711457159,volume,40847627.62153369,13041.049711457159,3.2470781803131104,423.4530796645112,816952975.8837534
TEN,11,0.30565026962472125,20.515229505948245,156947.44723420948,64396.25800765019,volume,40847648.79418767,64396.25800765019,-41.40442657470703,-26662.90136363642,816926312.9823898
LPG,11,0.30556091001221936,14.777205011882954,433491.2610740886,128115.78471502967,volume,40846315.6491195,128115.78471502967,-47.003395080566406,-60218.76845017331,816866094.2139397
RIO,10,0.30555533396196793,55.69519793421836,3103120.0932967463,3456577.756196249,volume,40843304.71069699,3456577.756196249,-4.5713605880737305,-158012.6332428786,816708081.5806968
LNN,11,0.30548301880296486,107.38525678334821,88927.47628381028,190989.9975166415,volume,40835404.07903484,190989.9975166415,9.352201461791992,17861.769339627837,816725943.3500365
EXSR,9,0.3054577016601489,128.11563481357777,368.2131661442006,943.4772705456329,volume,40836297.16750183,943.4772705456329,-8.1419677734375,-76.81761531753317,816725866.5324211
HLIO,9,0.30543961512027534,49.39729035984386,120616.50391849529,119162.56932502313,volume,40836293.326621056,119162.56932502313,-12.48498821258545,-14877.432734043101,816710989.0996871
APT,9,0.3054268702222582,5.116341944451623,514778.8442879499,52675.691862935375,volume,40835549.45498436,52675.691862935375,41.4109001159668,21813.47814275462,816732802.5778298
BGSF,11,0.30542032841681965,14.272296506847388,41252.56338028169,11775.376324617895,volume,40836640.1288915,11775.376324617895,-16.37131690979004,-1927.7841754235824,816730874.7936543
AEG,9,0.30529353916554586,5.264710484209568,2124824.4135367763,223731.70734103027,volume,40836543.73968272,223731.70734103027,56.45921325683594,126317.16177083235,816857191.9554251
BANF,9,0.30526457010854374,60.8459252714178,77589.39866979656,94419.97506633369,volume,40842859.59777126,94419.97506633369,15.107388496398926,14264.39245147403,816871456.3478767
ESRT,11,0.3052523746717316,13.480003915391526,1298426.0575793185,350055.766800312,volume,40843572.81739384,350055.766800312,15.187594413757324,53165.05008359955,816924621.3979603
MPC,10,0.30515512566853487,76.07710321442093,5531936.094080753,8417073.46409924,volume,40846231.06989802,8417073.46409924,6.503686904907227,547420.1046610434,817472041.5026213
FDUS,8,0.305072701308628,16.155440972638605,118597.49236192714,38319.89574712143,volume,40873602.075131066,38319.89574712143,10.526029586791992,4033.563563969848,817476075.0661854
AGCO,10,0.30502445053094057,83.96371673977991,761672.1388888889,1279056.4743649794,volume,40873803.75330927,1279056.4743649794,-26.76128196716309,-342291.90962406725,817133783.1565613
SBNC,10,0.30501971095279423,4083.3329455177063,34.45215759849906,2813.592603322388,volume,40856689.15782806,2813.592603322388,42.04633712768555,1183.0126313925557,817134966.1691927
ANPDY,9,0.304989616645866,204.6835953081158,1598.044600938967,6541.870287658218,volume,40856748.30845964,6541.870287658218,3.51639175415039,230.037787362428,817135196.20698
BLDV,11,0.3049098277386568,0.0007953578468425446,16243234.877199844,258.38368635374786,volume,40856759.810349,258.38368635374786,-35.71428680419922,-92.27989079964007,817135103.9270892
BBRYF,11,0.3048143912032444,22.21986160647701,2506.8767605633802,1114.0490936842343,volume,40856755.19635446,1114.0490936842343,-11.90448760986328,-132.62183632543383,817134971.3052528
CG,10,0.3047419851435163,28.94547376767116,1541485.8997650745,892380.7934976987,volume,40856748.565262645,892380.7934976987,53.984649658203125,481748.6449868257,817616719.9502397
ADNT,11,0.3046462257417929,38.3394415055507,1198112.1083050023,918698.9818690333,volume,40880835.99751198,918698.9818690333,-35.669715881347656,-327697.3166375178,817289022.6336021
PLXS,9,0.3045762882833813,71.70074487863359,156501.94276754215,224426.1174277211,volume,40864451.13168011,224426.1174277211,48.49628448486328,108838.32836608095,817397860.9619682
SKM,10,0.30455396782636995,34.688829170774355,321239.19835358683,222868.23349288144,volume,40869893.048098415,222868.23349288144,10.74767017364502,23953.14265764396,817421814.1046258
HMSND,11,0.3045312064526454,20.001410429006835,1335.9075235109717,534.4006934588209,volume,40871090.705231294,534.4006934588209,-6.077822685241699,-32.47992657712917,817421781.6246992
VCYT,11,0.3044165367253578,20.872636449444656,479548.36749116605,200188.77469135588,volume,40871089.08123496,200188.77469135588,90.31175231933594,180793.9903703708,817602575.6150696
PBKOF,10,0.3042388670959562,16.17919147813708,751.6660133281066,243.22696714486753,volume,40880128.780753486,243.22696714486753,-12.389283180236816,-30.134077730279202,817602545.480992
WSC,10,0.30408097815322344,23.94632387534919,1180498.3722246408,565371.9271122755,volume,40880127.2740496,565371.9271122755,-21.553253173828125,-121856.04282425974,817480689.4381678
CIXPF,10,0.3040739091795189,3.7276733500109134,3598.4790113770105,268.279086225674,volume,40874034.47190839,268.279086225674,26.98837280273437,72.4041599423541,817480761.8423277
HMSNF,11,0.3040674221001177,187.83296887107522,1254.78008624069,4713.781377577852,volume,40874038.092116386,4713.781377577852,-6.093071937561035,-287.2140903151741,817480474.6282374
PFLC,9,0.304055367069764,9.822983150527039,5248.687181497452,1031.1553149247345,volume,40874023.731411874,1031.1553149247345,10.298352241516112,106.19200648806392,817480580.8202438
SFBS,10,0.30402805231738683,46.351428867835054,182494.10388083104,169177.2494966328,volume,40874029.0410122,169177.2494966328,56.66570663452149,95865.48389211444,817576446.304136
AGO,10,0.3039839234935251,44.607020749732364,760253.891627543,678253.2223778919,volume,40878822.3152068,678253.2223778919,45.39545440673828,307896.13232678914,817884342.4364629
AHKSY,8,0.30397764970005925,18.230000009372574,53788.73630672927,19611.373267516272,volume,40894217.12182315,19611.373267516272,-26.318021774291992,-5161.325486782612,817879181.1109761
CODGF,8,0.30392373389074534,51.89494913933141,1178.8390759592796,1223.515877807265,volume,40893959.05554881,1223.515877807265,-3.810524940490722,-46.622377674709824,817879134.4885983
SKBSY,10,0.30388992768200374,20.386611909316784,5414.827126617013,2207.79958372764,volume,40893956.72442992,2207.79958372764,35.504241943359375,783.8625058311425,817879918.3511043
HCMLF,10,0.30383839046431255,57.9787186627104,1128.6728056426332,1308.7800612121248,volume,40893995.91755521,1308.7800612121248,47.22903823852539,618.1242355680704,817880536.4753398
TCBI,9,0.30380359219772324,61.47917024815209,551530.1008238525,678152.2593106022,volume,40894026.82376699,678152.2593106022,13.099448204040527,88834.20395292295,817969370.6792927
BIP,8,0.3037400962671041,27.51458706393115,514201.4522691706,282960.81253719865,volume,40898468.533964634,282960.81253719865,-28.56973457336425,-80841.15308851245,817888529.5262042
TRBK,9,0.3036548789114394,17.69491599867445,871.8210361067504,308.5359999957255,volume,40894426.476310216,308.5359999957255,55.35249710083008,170.78238045265104,817888700.3085847
SHECY,8,0.3035040021943771,11.785753833130732,184265.28420227361,43434.1055919974,volume,40894435.015429236,43434.1055919974,0.1594575941562652,69.2589798202909,817888769.5675645
BZLYF,10,0.30338746512673703,6.266037877388284,1279.9577630035199,160.40527648874462,volume,40894438.47837823,160.40527648874462,50.43197250366211,80.89554493322687,817888850.4631094
ACNDF,8,0.3032525321584948,0.8416685026739498,17474.13302034429,294.148547495172,volume,40894442.52315547,294.148547495172,-24.90347671508789,-73.25321503322941,817888777.2098943
BOX,10,0.30320330975071974,21.268301295928467,1942917.219150641,826450.9761988663,volume,40894438.86049472,826450.9761988663,4.933173656463623,40770.26184142892,817929547.4717357
ACRL,11,0.3029540804693705,0.029778073184901332,4634330.955637708,2760.0289272006685,volume,40896477.37358679,2760.0289272006685,-58.91921615600586,-1626.1874095856515,817927921.2843261
HCC,11,0.30275356227124794,31.28602792802921,810427.5774793389,507101.196453273,volume,40896396.06421631,507101.196453273,-5.234497547149658,-26544.199689913145,817901377.0846362
VAC,9,0.30270667205750634,107.68173531845686,372214.2654102866,801613.5601932867,volume,40895068.85423181,801613.5601932867,-43.83258056640625,-351367.9096029599,817550009.1750332
CZBS,11,0.3027021298168935,17.158411301759976,1408.6801096319498,483.4142542734666,volume,40877500.45875166,483.4142542734666,9.299798011779783,44.95654920758391,817550054.1315824
PUK,9,0.30269710005746786,35.11015597963651,486461.7412779302,341594.95228787424,volume,40877502.70657912,341594.95228787424,-12.42104721069336,-42429.67029302231,817507624.4612893
SPGI,8,0.3026522520492282,266.62931412502815,1352941.2646021168,7214676.028646213,volume,40875381.22306447,7214676.028646213,-9.868796348571776,-712001.6844763207,816795622.7768129
GOVB,8,0.3026136281771799,21.689355217177294,388.74098746081506,168.63082729027764,volume,40839781.138840646,168.63082729027764,-38.32275390625,-64.62397695252656,816795558.152836
AMVMF,10,0.3025521104891658,27.434779673301744,649.2018779342723,356.21420969240984,volume,40839777.9076418,356.21420969240984,-63.921268463134766,-227.6966412813191,816795330.4561948
PFSI,8,0.3025001595376695,41.5157859623549,349212.09839278716,289956.2946467954,volume,40839766.522809744,289956.2946467954,18.704498291015625,54234.87017690207,816849565.3263717
TYOYY,10,0.30244399209732753,100.66817960634336,518.8261381475667,1044.5856571900952,volume,40842478.26631859,1044.5856571900952,-51.445926666259766,-537.396771164284,816849027.9296005
ALSN,10,0.3024259124069007,43.58569247733819,1109149.6827073554,966861.1396364005,volume,40842451.396480024,966861.1396364005,93.15746307373048,900703.3091310295,817749731.2387315
BESIY,10,0.30241604532723426,53.77825305346219,945.633020344288,1017.0898372756975,volume,40887486.56193658,1017.0898372756975,14.448176383972168,146.95093367304827,817749878.1896652
CE,10,0.302400040635146,106.95432885574968,989691.9107632093,2117036.681792871,volume,40887493.90948326,2117036.681792871,-44.82770919799805,-949019.0473290555,816800859.1423361
INTC,11,0.30234897866529015,41.76124848276435,32974893.5499804,27541454.4646687,volume,40840042.95711681,27541454.4646687,-35.04713439941406,-9652490.561785864,807148368.5805502
CNTHP,11,0.3023032756496157,55.585140919816055,184.7721221613156,205.4116889678039,volume,40357418.42902751,205.4116889678039,3.371595859527588,6.925652000224164,807148375.5062022
NVEC,11,0.3022592065721765,71.4889427971625,22960.411603292825,32828.311034142134,volume,40357418.775310114,32828.311034142134,0.8764111399650574,287.7109749655998,807148663.2171773
YOKEY,8,0.30223927677365486,34.03836796000091,628.268158617982,427.70445521182177,volume,40357433.16085887,427.70445521182177,-0.9285642504692078,-3.9715106687610615,807148659.2456665
CZMWF,10,0.30218010083101166,89.50576664977645,67.72161315583399,121.22949808545016,volume,40357432.96228333,121.22949808545016,-52.23927307128906,-63.329408547811454,807148595.916258
DRETF,10,0.3021363569583881,16.014774920190497,2722.0074422248335,871.846730366283,volume,40357429.795812905,871.846730366283,30.379613876342773,264.8636702787961,807148860.7799283
MRTN,9,0.30211348261768206,14.303023918148865,362585.5190121521,103721.38701610464,volume,40357443.03899642,103721.38701610464,-11.638548851013184,-12071.664296817784,807136789.1156316
OXLC,8,0.30206608877776703,8.463484904851132,970939.507252058,164350.63726302778,volume,40356839.45578158,164350.63726302778,-34.20427322387695,-56214.941014628945,807080574.1746169
LITE,10,0.3020489848060729,59.39252512307169,1346388.463939266,1599308.2133985353,volume,40354028.70873085,1599308.2133985353,71.03382110595703,1136049.735238393,808216623.9098552
MPX,10,0.30204601214698984,12.479637395910355,33361.06507252058,8326.679904928533,volume,40410831.19549277,8326.679904928533,-41.46720886230469,-3452.8417474722683,808213171.0681077
SGGKY,8,0.30195354178309736,26.714539370505026,421.32575460603687,225.11046918461423,volume,40410658.55340539,225.11046918461423,-0.1358420401811599,-0.3057946540017612,808213170.762313
AXP,9,0.3018028854428181,126.2613353788946,4072638.7108763694,10284336.043020604,volume,40410658.53811565,10284336.043020604,91.56497955322266,9416850.194976524,817630020.9572896
SBCF,9,0.30178534196646006,24.948392795142546,300694.4198353587,150036.8499472006,volume,40881501.04786448,150036.8499472006,-15.079977989196776,-22625.523947722042,817607395.4333419
LNXSF,11,0.30168044871043664,54.20676262637579,617.1842414739318,669.1111934863444,volume,40880369.77166709,669.1111934863444,-7.053558349609375,-47.19614845632699,817607348.2371933
SHWDF,9,0.30162559946374407,21.67935746419855,352.55194041552335,152.86199081929917,volume,40880367.41185967,152.86199081929917,26.410099029541016,40.37100315390481,817607388.6081965
RUSHB,10,0.3016250587771236,24.29450585729045,30954.91140729126,15040.68552992689,volume,40880369.43040983,15040.68552992689,20.85555076599121,3136.8178062469965,817610525.4260027
ASMB,11,0.30162325623619046,152.70653145078202,30459.034037558686,93025.86878433792,volume,40880526.27130014,93025.86878433792,6.485638618469238,6033.321671043541,817616558.7476739
CAJFF,9,0.30157514857761314,27.704985155186183,7718.75117370892,4276.957733683631,volume,40880827.9373837,4276.957733683631,50.7225341796875,2169.381348318467,817618728.1290222
EDU,10,0.30156521403555536,68.16685198131911,1940633.447533281,2645737.4593599634,volume,40880936.40645111,2645737.4593599634,12.46994400024414,329921.9795756695,817948650.1085979
AVGO,10,0.3015603742248586,45.99649650837894,28170726.263302036,25915094.24416942,volume,40897432.505429894,25915094.24416942,128.8944549560547,33403119.477370076,851351769.5859679
BAESY,9,0.3015577423303047,35.61434662509972,220494.23043818466,157055.15903320245,volume,42567588.4792984,157055.15903320245,85.20740509033203,133822.62557268603,851485592.2115406
BRC,8,0.3015403692994269,44.37589982305894,255406.68270735524,226678.0273192279,volume,42574279.61057703,226678.0273192279,5.952740669250488,13493.555120486411,851499085.766661
CHGCF,11,0.30147956567347983,24.94510243997596,1848.2658574784653,922.1036230222066,volume,42574954.28833306,922.1036230222066,40.47481536865234,373.2197389258921,851499458.9864
STMZF,10,0.30143572936374163,11.641974525877883,5115.943016759777,1191.1935655392033,volume,42574972.94932,1191.1935655392033,33.40665435791016,397.9379171733477,851499856.9243172
SPB,10,0.30132948409412197,78.46909680173987,375672.5472363779,589573.7094969506,volume,42574992.84621587,589573.7094969506,18.4770622253418,108935.90116800746,851608792.8254852
ALB,11,0.3013082037331426,123.02429189667082,1631816.1588419406,4015060.548941501,volume,42580439.641274266,4015060.548941501,-22.555381774902344,-905612.2353072453,850703180.590178
FANDY,8,0.3012741127803941,39.2518477337154,373.7285546415981,293.39072641067094,volume,42535159.0295089,293.39072641067094,-4.126902580261231,-12.107949458489148,850703168.4822285
SWPFF,8,0.30125771139586166,2.8308113924199967,3768.0890894819468,213.33499044317975,volume,42535158.424111426,213.33499044317975,-16.05555534362793,-34.25211745792808,850703134.230111
ARYC,9,0.30125104319600815,0.015457023844009331,3016672.487289793,932.5755713121054,volume,42535156.711505555,932.5755713121054,0.0,0.0,850703134.230111
KSRYY,10,0.3012428360683325,24.801173838560167,19210.27707808564,9528.748426010194,volume,42535156.711505555,9528.748426010194,-53.0741081237793,-5057.298242463568,850698076.9318686
ALCO,11,0.30113664301942894,31.91611107750118,23836.560641627544,15215.40634287555,volume,42534903.84659343,15215.40634287555,-2.4518473148345947,-373.0585318589668,850697703.8733367
SSREF,9,0.30112892274236347,95.41433445051605,1131.3270588235293,2158.8963672701375,volume,42534885.19366684,2158.8963672701375,84.43675994873047,1822.9021431737485,850699526.7754798
ILKAY,11,0.3011145252373354,30.21700631040017,182.15438871473353,110.08320626520377,volume,42534976.338773996,110.08320626520377,-39.90569305419922,-43.929466396413225,850699482.8460133
TATT,9,0.30104646905112503,7.662484230551827,45028.494703805416,6900.602611867909,volume,42534974.142300665,6900.602611867909,191.71701049804688,13229.629033823298,850712712.4750471
SOUHY,11,0.30099979713341257,10.804122100602711,111249.77938741722,24039.124003335404,volume,42535635.623752356,24039.124003335404,-12.567858695983888,-3021.2031364915388,850709691.2719107
SKSBF,10,0.3009753904938215,20.356451207261514,867.1838494707957,353.05571438954934,volume,42535484.56359553,353.05571438954934,33.45351028442383,118.1095297230539,850709809.3814404
XROLF,11,0.3009226919166888,49.727980740265984,1377.4762465645858,1369.9822451867522,volume,42535490.46907202,1369.9822451867522,36.79693222045898,504.1114381936913,850710313.4928786
WNC,11,0.3008375619800928,17.17968982315363,696095.2442088731,239174.00765761637,volume,42535515.674643934,239174.00765761637,-16.956823348999023,-40556.313975223406,850669757.1789033
LULU,11,0.30080235963599716,215.38763236326594,2042071.691493532,8796739.73493683,volume,42533487.85894517,8796739.73493683,17.73435401916504,1560044.9667382576,852229802.1456416
CHJTF,10,0.3007759423666447,1.1756060621238071,12359.157791699296,290.59001645332756,volume,42611490.10728208,290.59001645332756,-21.927715301513672,-63.71975150250741,852229738.4258901
STLD,9,0.300664358350097,55.19780196545171,2395013.314509804,2643989.4127786453,volume,42611486.92129451,2643989.4127786453,57.294525146484375,1514861.1789748454,853744599.604865
WASH,9,0.30060218380957004,43.94027482681664,59678.37966234786,52445.6880716534,volume,42687229.98024325,52445.6880716534,-33.10818099975586,-17363.813333330378,853727235.7915317
FMCXF,11,0.30057782469089156,1.0086251469252392,11768.018801410106,237.3903938518249,volume,42686361.78957659,237.3903938518249,-9.338274955749512,-22.168167696420095,853727213.623364
CPXWF,9,0.3005702284288376,24.567106077422736,4684.848081440877,2301.8631954673683,volume,42686360.6811682,2301.8631954673683,16.720853805541992,384.8911797176759,853727598.5145438
MSFT,8,0.3004517237840863,184.88159155462452,28895580.770678166,42686379.92572719,capital,42686379.92572719,106845219.23556367,10.891847610473633,4649335.451938014,858376933.9664818
KKR,10,0.30042438836417157,41.60318698793334,3338739.420227362,2778044.008074062,volume,42918846.69832409,2778044.008074062,153.49957275390625,4264285.683309178,862641219.649791
MBFJF,9,0.3003466601474452,6.235698747709656,69959.13014504116,8724.8812047258,volume,43132060.982489556,8724.8812047258,128.3829345703125,11201.258528400616,862652420.9083194
TCMD,11,0.3002987187945638,31.888289817512458,232010.98770685578,147968.67233687075,volume,43132621.04541597,147968.67233687075,33.30238342285156,49277.094607327585,862701698.0029267
MIELY,9,0.30020575918612047,26.643872959012846,55414.56056448451,29529.17023519297,volume,43135084.900146335,29529.17023519297,76.52764892578125,22597.979728284772,862724295.982655
FSUMF,10,0.30020437815833523,8.515507257643094,9640.64786525656,1641.9001372994728,volume,43136214.79913276,1641.9001372994728,-15.311105728149414,-251.39306597255265,862724044.5895891
HBAN,9,0.30017976460447127,12.865568181564068,12304036.314655172,3165968.362292728,volume,43136202.22947946,3165968.362292728,7.716746807098389,244309.76251096925,862968354.3521
NHOLF,9,0.3001338212198886,13.775973242621756,488.1963935711486,134.50760909961167,volume,43148417.717605,134.50760909961167,77.53784942626953,104.29430741053211,862968458.6464074
ORA,11,0.300125835457332,63.472512737529875,317071.3116424931,402506.25733866903,volume,43148422.93232037,402506.25733866903,2.82768988609314,11381.628729657572,862979840.2751371
IOR,10,0.2999811547335075,11.120704098919706,1803.0842851516345,401.0313360116698,volume,43148992.01375686,401.0313360116698,46.22898864746094,185.39273079759576,862980025.6678678
LYBC,9,0.2999774627463595,38.61696196181874,202.0329282634261,156.0379581156716,volume,43149001.28339339,156.0379581156716,-20.954490661621094,-32.696959361932635,862979992.9709084
MERC,11,0.29989847914256546,11.440678161903719,299351.9764798118,68495.79240070598,volume,43148999.64854542,68495.79240070598,-36.3332405090332,-24886.74099151659,862955106.2299169
CENT,9,0.29987890419402574,27.573403128905774,123942.05048923679,68350.08245525838,volume,43147755.31149585,68350.08245525838,26.85602569580078,18356.115707285215,862973462.3456242
NPSCY,9,0.29987086325685314,6.442042333759172,24707.446099568795,3183.328274649902,volume,43148673.11728121,3183.328274649902,56.02426528930664,1783.436277619369,862975245.7819018
RYSMF,9,0.29982609559934,0.37370685121566555,14346.25049000392,107.22584194741128,volume,43148762.2890951,107.22584194741128,-98.0,-105.08132510846306,862975140.7005767
RDN,9,0.2997915334738171,20.62409448268506,1734305.3747549981,715369.5582155121,volume,43148757.03502884,715369.5582155121,79.11258697509766,565947.3639366188,863541088.0645133
SVNLY,11,0.29979131628410993,5.693910032031395,192409.2094939192,21911.214563853136,volume,43177054.40322567,21911.214563853136,14.124643325805664,3094.8809054962408,863544182.9454188
HLNFF,8,0.29973767609708957,10.524711431941268,591.8021159874609,124.57092991160523,volume,43177209.14727095,124.57092991160523,-29.245201110839844,-36.43101897829229,863544146.5143999
ASND,11,0.2997218057734842,86.66201401789696,252884.09025270757,438308.89148766524,volume,43177207.32572,438308.89148766524,5.628143787384033,24668.654645814855,863568815.1690457
MRVSY,11,0.2997050639540929,10.01786869355437,5198.020384163074,1041.4617134992943,volume,43178440.75845229,1041.4617134992943,-25.6160945892334,-266.78181764063015,863568548.387228
MKTAY,8,0.2995504366005403,34.56015679416634,28894.07604860839,19971.675973249443,volume,43178427.419361405,19971.675973249443,-38.864444732666016,-7761.880970810667,863560786.5062572
MTUS,11,0.29951907515785897,14.828573120196442,512062.590748726,151863.1513806942,volume,43178039.32531286,151863.1513806942,-31.0001277923584,-47077.770997517895,863513708.7352597
RRX,9,0.29943515021379563,103.02590352009437,342025.09525676206,704748.8893074851,volume,43175685.43676299,704748.8893074851,10.282893180847168,72468.57548069554,863586177.3107404
HTBK,9,0.2994300960540964,11.264548469486655,199079.5301724138,44850.82033819572,volume,43179308.86553702,44850.82033819572,-21.45694732666016,-9623.616895541638,863576553.6938448
STKL,11,0.2994210482073422,7.086490202604556,676462.7690196078,95874.93570168398,volume,43178827.68469224,95874.93570168398,39.40510559082031,37779.61964837965,863614333.3134931
NWN,8,0.2993635868256747,53.366330851484214,178114.33241865935,190106.16786490832,volume,43180716.66567466,190106.16786490832,-20.54395294189453,-39055.321665805786,863575277.9918274
OLYMY,11,0.2992178933431764,13.930946679827468,79232.23559388475,22075.60098763873,volume,43178763.89959137,22075.60098763873,-4.129081726074219,-911.5196063016505,863574366.472221
XRAY,11,0.29919156633348226,48.523879075546475,1927962.6548881037,1871044.5345591977,volume,43178718.32361105,1871044.5345591977,-31.064064025878903,-581222.472168177,862993144.0000528
TTGT,9,0.2990622867875435,31.20428376781697,186450.3108320251,116360.9681560038,volume,43149657.20000264,116360.9681560038,-61.97051239013672,-72109.48818839938,862921034.5118644
PFBC,9,0.2990037086908877,54.22871323932811,73695.0936887495,79927.80205585231,volume,43146051.725593224,79927.80205585231,17.711912155151367,14156.74208767583,862935191.2539521
BLX,8,0.2989704329926071,22.49689750305737,128265.5465571205,57711.53708138346,volume,43146759.56269761,57711.53708138346,46.35781478881836,26753.80747196797,862961945.0614241
KUBTF,11,0.29894894969463254,16.213217345745786,1738.8090944727558,563.8337954289242,volume,43148097.25307121,563.8337954289242,-19.716508865356445,-111.16834026161956,862961833.8930839
AYASF,11,0.298867416490844,3.5124726115211446,14518.51799687011,1019.9179364776619,volume,43148091.6946542,1019.9179364776619,-17.862764358520508,-182.18553764328962,862961651.7075464
LUCMF,9,0.2988471602476408,1.5865415482603737,15970.653996865203,506.76212237834494,volume,43148082.58537732,506.76212237834494,-46.458404541015625,-235.43359687516815,862961416.2739495
HLT,9,0.29876642461402914,104.03562962074639,2678615.157523511,5573428.288492666,volume,43148070.81369748,5573428.288492666,85.65823364257812,4774100.225258591,867735516.4992081
RCRRF,11,0.2987294368652037,35.09459263521618,5471.275894988067,3840.243974589681,volume,43386775.82496041,3840.243974589681,53.81367111206055,2066.576262386413,867737583.0754704
MANU,11,0.29867126353946194,17.29616950194726,386918.2700901607,133844.07965759264,volume,43386879.153773524,133844.07965759264,5.371827125549316,7189.872576988396,867744772.9480475
KFY,9,0.29865532341305,46.23916894620374,372248.58447667584,344249.3037520442,volume,43387238.647402376,344249.3037520442,44.06119155883789,151680.34516615391,867896453.2932136
WDOFF,11,0.2986528791505884,4.988036902104352,84795.45975657637,8459.25764793415,volume,43394822.664660685,8459.25764793415,13.816256523132324,1168.752736591272,867897622.0459502
GLPEF,11,0.29861095501513607,13.967539982472594,657.819036427732,183.76227385071888,volume,43394881.102297515,183.76227385071888,-18.43363571166992,-33.87406813712279,867897588.171882
TTDKY,9,0.2985972683211056,6.610223442175699,95225.52904238619,12589.24048739128,volume,43394879.4085941,12589.24048739128,106.29084014892578,13381.20948241691,867910969.3813645
AUDC,11,0.29849159195199493,14.736637333749046,168769.3270735524,49741.847322876325,volume,43395548.46906823,49741.847322876325,-7.169262886047363,-3566.123798953316,867907403.2575656
STWD,8,0.29837694776557466,21.327613720239377,2325587.6478431374,991984.7005151705,volume,43395370.16287828,991984.7005151705,-15.955185890197754,-158273.00296951694,867749130.2545961
VMI,9,0.2983219665612503,182.9643522097075,146601.7667844523,536457.9458503186,volume,43387456.51272981,536457.9458503186,-0.1841639578342437,-987.9621851942306,867748142.2924109
TKR,9,0.29821089153557123,55.84964499430546,654231.6186739898,730772.0729398429,volume,43387407.114620544,730772.0729398429,30.127826690673828,220165.74363916038,867968308.03605
CHEOF,8,0.2982038479533003,134.0594925503294,84.26585747846515,225.93276185762835,volume,43398415.4018025,225.93276185762835,18.238842010498047,41.20751948516762,867968349.2435694
HOCPY,10,0.2981484665273037,83.50943959544071,23231.8565830721,38801.58648028003,volume,43398417.46217847,38801.58648028003,15.460726737976074,5999.007255715564,867974348.2508252
QRHC,11,0.29814651503838296,4.628690709931297,42320.31007448059,3917.7525216632034,volume,43398717.41254126,3917.7525216632034,-29.825284957885746,-1168.4808535308048,867973179.7699716
CENTA,9,0.29807916942997426,26.026663781705434,283119.67866927595,147373.2137341945,volume,43398658.98849858,147373.2137341945,13.035422325134276,19210.72080437504,867992390.4907761
USB,9,0.2980015749789805,47.19294461541238,7743421.764036121,7308697.488878709,volume,43399619.52453881,7308697.488878709,10.762735366821287,786615.7694895281,868779006.2602656
HESAY,8,0.29788854182331853,102.58322886239772,18071.330329153607,37076.30830007107,volume,43438950.313013285,37076.30830007107,22.37401962280273,8295.46049446874,868787301.7207601
BLMN,11,0.29783873182969767,20.55848004299337,1733968.4569640062,712955.1183534906,volume,43439365.08603801,712955.1183534906,-45.61471557617188,-325212.44942270435,868462089.2713374
HWC,9,0.29777250781928666,40.31294085800087,564080.4639498433,454794.8476472745,volume,43423104.46356687,454794.8476472745,3.805337190628052,17306.477478581928,868479395.7488159
LFSWF,8,0.2977650588593501,5.688475890615199,19909.68247745982,2265.1149752566816,volume,43423969.7874408,2265.1149752566816,-83.11036682128906,-1882.545364859779,868477513.203451
HLBZF,9,0.2977323940903478,79.31411841969505,335.9733542319749,532.9486080683401,volume,43423875.66017255,532.9486080683401,171.77224731445312,915.4578011100848,868478428.6612521
FSUGY,10,0.2977226736340091,17.03940070072343,49733.566392479435,16948.603320749786,volume,43423921.43306261,16948.603320749786,-15.286114692687988,-2590.7829424185375,868475837.8783097
SLMNP,8,0.2974806687910524,936.6448344446878,267.70644391408115,5014.917156793613,volume,43423791.89391549,5014.917156793613,-15.492958068847656,-776.9590122894815,868475060.9192975
SPLP,11,0.29746680345236426,23.496308571588568,18078.311250490005,8495.471591894688,volume,43423753.045964874,8495.471591894688,7.883697509765625,669.7572823330476,868475730.6765797
WLMIY,11,0.29742873478772275,26.85397330554832,6508.528072241853,3495.596782207892,volume,43423786.53382899,3495.596782207892,-2.9787485599517822,-104.12503881173842,868475626.5515409
YUMC,10,0.2974158508990599,45.56084509762009,2604804.0660514813,2373541.4912604503,volume,43423781.32757705,2373541.4912604503,-14.728222846984863,-349580.4801984868,868126046.0713423
IR,10,0.29736425713988296,47.66229645643453,2190488.149269311,2088073.9110956106,volume,43406302.30356712,2088073.9110956106,50.34540939331055,1051249.3589759965,869177295.4303184
GL,9,0.2973269950741826,86.57317663985422,632568.7520564042,1095269.7261726246,volume,43458864.77151592,1095269.7261726246,-2.085796356201172,-22845.096039083157,869154450.3342793
OZK,9,0.2973091094839112,39.54535473360355,1072830.2406899256,848509.0487404078,volume,43457722.51671397,848509.0487404078,-0.5124487280845642,-4348.173827952655,869150102.1604514
OUKPY,11,0.2973020854265689,3.876714988298764,9047.43786750294,701.4867597330091,volume,43457505.10802257,701.4867597330091,-25.39664459228516,-178.15409923132967,869149924.0063522
AMZN,8,0.2971028226735395,99.40280943558622,76304369.41744915,43457496.200317614,capital,43457496.200317614,151697373.84610543,-13.434375762939451,-5838243.336715803,863311680.6696364
VMC,9,0.2970637870655231,148.6486847004705,1031838.5064782096,3067628.736225676,volume,43165584.03348182,3067628.736225676,60.09938049316406,1843625.866301909,865155306.5359383
RTLLF,11,0.29691994435826896,648.9776280073033,21.481771854174834,278.8237868663287,volume,43257765.32679692,278.8237868663287,12.223992347717283,34.083398370155564,865155340.6193366
SISXF,8,0.2968795676782385,10.510159558595396,1159.3854901960785,243.70652983762247,volume,43257767.03096683,243.70652983762247,-26.48247718811035,-64.53952617018372,865155276.0798104
CNLPM,8,0.29672106783204366,44.738500380758765,149.10532498042286,133.41497276819615,volume,43257763.80399052,133.41497276819615,-33.377708435058594,-44.530860619281334,865155231.5489497
WMB,9,0.2967084417535929,30.753498227913614,8547911.30270907,5257563.502004522,volume,43257761.57744749,5257563.502004522,52.79837417602539,2775908.0503304913,867931139.5992802
CFR,9,0.296687282621555,96.81464375979095,473855.10180109635,917522.2574926524,volume,43396556.97996402,917522.2574926524,-21.46659278869629,-196960.76676160112,867734178.8325186
MNSB,10,0.2966478286305841,18.17230582265282,12134.018816150528,4410.062015698223,volume,43386708.94162593,4410.062015698223,-19.024471282958984,-838.9909817371906,867733339.8415369
LITOF,11,0.29657375620750626,0.5793296739821199,57893.36534692277,670.7868894432105,volume,43386666.992076844,670.7868894432105,-48.13008117675781,-322.85027441206586,867733016.9912624
ESRT,8,0.29654576105325586,13.480003915391526,1298426.0575793185,350055.766800312,volume,43386650.84956312,350055.766800312,5.628420829772949,19702.611694410178,867752719.6029569
ATS,10,0.29650492850555693,20.586733174995636,16104.591940532082,6630.8187434383835,volume,43387635.980147846,6630.8187434383835,-29.728561401367188,-1971.247021556444,867750748.3559353
OMCL,8,0.2963935163185666,66.22489606946274,358501.78831830656,474834.87344192766,volume,43387537.41779677,474834.87344192766,-80.1705322265625,-380677.6452357179,867370070.7106996
DITTF,9,0.29637612885781595,116.27627416504671,106.8061863743148,248.38050818765808,volume,43368503.53553498,248.38050818765808,25.77346611022949,64.01626610216184,867370134.7269657
MSADY,9,0.29636469565948537,11.20356876137022,62858.527636221086,14084.796732217865,volume,43368506.736348286,14084.796732217865,167.03009033203125,23525.848704906486,867393660.5756706
NDEKY,9,0.296287743505245,13.90320977095481,30516.463739709918,8485.535936818462,volume,43369683.02878353,8485.535936818462,61.51838302612305,5220.1644994313,867398880.74017
BOTJ,9,0.2962505353871096,12.270152369761878,4104.87323943662,1007.3484021289071,volume,43369944.0370085,1007.3484021289071,25.898950576782227,260.89266480337113,867399141.6328348
OFIX,11,0.29610099080258084,36.038006684584786,183035.00940807528,131924.3378512251,volume,43369957.08164174,131924.3378512251,20.994314193725582,27696.609986478245,867426838.2428213
PTC,8,0.2959967471815155,93.37421405049035,912222.1160329282,1703560.4624809977,volume,43371341.91214107,1703560.4624809977,35.64683151245117,607265.3277733352,868034103.5705947
ORKLY,9,0.29585132487563975,8.683524106166635,63363.114072912584,11004.302569878455,volume,43401705.17852974,11004.302569878455,31.26313018798828,3440.2894387012416,868037543.8600334
ALNPY,10,0.29580100215323063,5.440869716038353,2626.298904538341,285.78700349934724,volume,43401877.19300167,285.78700349934724,-18.33649063110352,-52.40330712156929,868037491.4567263
ALGN,10,0.29578333426029446,259.9479969379861,899451.3849765258,4676211.717354906,volume,43401874.57283632,4676211.717354906,-37.37324905395508,-1747652.2514172788,866289839.205309
TPNTF,9,0.29575601750354624,18.340188396968873,2374.4505494505493,870.9574083241865,volume,43314491.96026546,870.9574083241865,6.959843635559082,60.617273751681225,866289899.8225828
SAPIF,8,0.2957156935876553,27.584918849471034,5104.971775774206,2816.4046432714304,volume,43314494.991129145,2816.4046432714304,-13.668015480041504,-384.9466226229468,866289514.8759602
DNPLY,8,0.29571028940908717,5.7845611605872005,51542.75646045419,5963.044542614966,volume,43314475.74379802,5963.044542614966,16.583024978637695,988.8531659891318,866290503.7291262
IDCBF,11,0.2956727611997473,0.6332903216625082,54433.07210031348,689.4387547897205,volume,43314525.186456315,689.4387547897205,3.9182286262512207,27.01378665064079,866290530.7429129
JHX,8,0.29562538752713036,21.36799686481232,39381.681301450415,16830.152851608607,volume,43314526.537145644,16830.152851608607,-17.668107986450195,-2973.569580106836,866287557.1733328
MSADF,9,0.2955794149906902,11.190385492303147,4825.71697373579,1080.0326642570806,volume,43314377.85866664,1080.0326642570806,143.0976104736328,1545.5009348865956,866289102.6742676
DY,8,0.2955457272261976,84.3159553909451,479028.48590446357,807794.8889702546,volume,43314455.13371339,807794.8889702546,18.51218032836914,149540.4465295228,866438643.1207972
COFS,9,0.2955257444413561,24.62432803226432,8374.814800313234,4124.483737047505,volume,43321932.156039864,4124.483737047505,40.70919036865234,1679.043936238775,866440322.1647334
AMSYF,10,0.2954068808089023,24.022703437364903,86204.92370892019,41417.50634200113,volume,43322016.10823667,41417.50634200113,-4.1919426918029785,-1736.1981302305514,866438585.9666032
SSD,8,0.2953753599200632,85.42537820577527,223895.78322226577,382527.63920880656,volume,43321929.29833016,382527.63920880656,33.32326126098633,127470.68460903378,866566056.6512122
IMTV,9,0.2953474052657611,0.000417864418500262,12314102.993730407,102.91250973654984,volume,43328302.832560614,102.91250973654984,899.9998168945312,926.2123991905152,866566982.8636115
CPXGF,11,0.295197548383817,20.035166398565938,4564.971417384495,1829.1992390399153,volume,43328349.14318058,1829.1992390399153,45.169471740722656,826.2396333596483,866567809.1032449
BLFS,11,0.29505599371108376,15.591805575179382,257818.98043818466,80397.26833166303,volume,43328390.45516225,80397.26833166303,22.03628921508789,17716.57457059553,866585525.6778156
WANSF,11,0.295048019588624,5.635422589468402,4093.3380447585396,461.35379367525394,volume,43329276.283890784,461.35379367525394,-86.80816650390625,-400.49276938570256,866585125.1850462
MTN,8,0.29501101437937477,211.07330447577905,376195.92983143864,1588098.360797201,volume,43329256.25925231,1588098.360797201,-31.893085479736328,-506493.56771134277,866078631.6173348
BWXT,8,0.2949712367616328,55.642639660126356,643699.4788732395,716342.7630470957,volume,43303931.58086675,716342.7630470957,66.80345916748047,478541.745211368,866557173.3625462
RICK,10,0.2948527019560327,36.071209296671746,67590.58173265387,48761.480403247115,volume,43327858.66812731,48761.480403247115,-22.62427520751953,-11031.931521691331,866546141.4310244
BGNE,11,0.29482755987515546,167.05436381432537,274133.9119356281,915905.3251667729,volume,43327307.071551226,915905.3251667729,11.557122230529783,105852.29794545521,866651993.7289698
SWDAF,11,0.2947813108159904,37.62483600168988,192.6637897214594,144.97886983467947,volume,43332599.68644849,144.97886983467947,6.303595542907715,9.138881577056834,866652002.8678514
ACNT,11,0.29477966889720053,12.036506261997193,24532.183489827858,5905.635603915543,volume,43332600.14339257,5905.635603915543,13.674701690673828,807.5780517736744,866652810.4459032
ELRRF,11,0.294703547741671,1.1250600620955462,19515.38762725137,439.1196643146816,volume,43332640.52229516,439.1196643146816,-48.53057098388672,-213.10728039444163,866652597.3386228
NWFL,10,0.2945532939247435,26.812613351538527,9827.966287730302,5270.269202097361,volume,43332629.86693114,5270.269202097361,-5.651941299438477,-297.8725216249274,866652299.4661012
SENEB,8,0.2944245982301621,41.39404681664479,399.7302215189873,330.9290300716951,volume,43332614.97330506,330.9290300716951,5.591088771820068,18.502535843031602,866652317.968637
TLF,10,0.2943868050879319,5.827348076473787,10629.932103610676,1238.8862879404526,volume,43332615.89843185,1238.8862879404526,10.811511039733888,133.9423277904314,866652451.9109648
BESVF,10,0.2942431134119847,51.18392700770426,130.3351583887368,133.42130467013357,volume,43332622.59554824,133.42130467013357,10.32580852508545,13.776828451908882,866652465.6877933
GELYF,10,0.2941340780883098,1.687536230565425,123019.81981981982,4152.0080604715295,volume,43332623.28438967,4152.0080604715295,42.981178283691406,1784.5819868245057,866654250.26978
SMECF,9,0.29408424134430067,420.4424538546943,1149.8647589180714,9669.039216811008,volume,43332712.51348901,9669.039216811008,7.5352678298950195,728.5880015642932,866654978.8577816
WMPN,9,0.2940095741464644,21.932141744346303,14197.332155477032,6227.558024509758,volume,43332748.94288909,6227.558024509758,6.669007778167725,415.3163290444641,866655394.1741107
WTW,10,0.2938920483853495,186.6824320181707,733212.9014526894,2737559.3526057475,volume,43332769.70870554,2737559.3526057475,45.96921920776367,1258434.659741972,867913828.8338526
WEBC,11,0.29386930306150694,116.01824088034837,166.23478602277189,385.72534894966236,volume,43395691.441692635,385.72534894966236,-0.3999982476234436,-1.5428946364380625,867913827.290958
ONB,9,0.2938496159921032,16.313869067333766,1259820.020776166,411050.7773469616,volume,43395691.36454791,411050.7773469616,3.9926297664642334,16411.73569163741,867930239.0266497
CCEL,8,0.29383943925775624,6.3944365205596805,4943.006653620352,632.1548453455895,volume,43396511.95133249,632.1548453455895,-50.38314437866211,-318.4994884271766,867929920.5271612
TOWN,9,0.2938177494882943,26.473110309388236,168301.83908948195,89109.46302977529,volume,43396496.02635807,89109.46302977529,16.568523406982422,14764.122239924665,867944684.6494012
FBAK,8,0.29374516571024173,6473.31080182767,200.7042694868782,25984.422312846804,volume,43397234.232470065,25984.422312846804,-14.999832153320312,-3897.619732936933,867940787.0296682
DLMAF,8,0.2936513998110315,42.78608845506876,7094.564604541895,6070.973374402588,volume,43397039.35148341,6070.973374402588,46.570255279541016,2827.2677984122506,867943614.2974666
NVCR,11,0.29352404286167516,55.131421190412986,869090.0012919897,958283.338272105,volume,43397180.714873336,958283.338272105,43.86249542236328,420326.98538287205,868363941.2828496
LGGNF,11,0.2934735472732594,3.313882985146828,11294.845942767543,748.5959557918409,volume,43418197.06414248,748.5959557918409,-6.814152717590332,-51.01047166536105,868363890.2723778
CHKP,9,0.2933551703930241,114.46712605917743,1098831.1805011746,2515600.9451236543,volume,43418194.513618894,2515600.9451236543,72.75094604492188,1830123.4862924544,870194013.7586703
LOGN,10,0.2932829838056776,33.32992861878638,257.6658823529412,171.7597093264028,volume,43509700.68793352,171.7597093264028,-11.59012508392334,-19.907165154713226,870193993.8515052
BRDCF,8,0.2932706086607092,38.70935046131809,1127.1075899843506,872.5920541663169,volume,43509699.69257526,872.5920541663169,-13.379950523376465,-116.75238511836757,870193877.09912
FETM,10,0.29322375772779863,20.803689268315473,2093.0156739811914,870.8489543043718,volume,43509693.854956,870.8489543043718,120.99861907958984,1053.7152089773383,870194930.814329
CHTR,8,0.29311462967487323,383.3073647961359,1438529.7345340643,11027980.834502742,volume,43509746.540716454,11027980.834502742,-42.025691986083984,-4634585.257792496,865560345.5565366
CNLHO,11,0.2929082911056571,47.0260925860321,113.86575342465754,107.09322925852494,volume,43278017.27782683,107.09322925852494,1.4169026613235474,1.5174068154613678,865560347.0739434
WBRBY,11,0.2929016753312976,5.065188812750856,12984.910090302317,1315.4204264795,volume,43278017.35369717,1315.4204264795,-26.216053009033203,-344.85131629751635,865560002.222627
TBVPY,10,0.2928470516951069,53.224403097115314,240.04313725490195,255.5230539590216,volume,43278000.111131355,255.5230539590216,-25.177791595458984,-64.33506200415468,865559937.887565
SBHGF,11,0.2927787545301909,19.723244413961293,1750.4900039200313,690.5068438302168,volume,43277996.89437825,690.5068438302168,5.155955791473389,35.602227604984165,865559973.4897927
TEL,9,0.2927593211089175,101.51020195812467,1709071.9415457041,3469764.7589453734,volume,43277998.67448964,3469764.7589453734,32.97459030151367,1144140.7136885403,866704114.2034813
JUVF,9,0.2927016524472916,17.28134411830528,975.7674509803921,337.2514619966747,volume,43335205.71017407,337.2514619966747,-23.15950393676757,-78.10576561792607,866704036.0977157
LINSA,9,0.29262268039527317,20.701535467165023,353.390827126617,146.31465483064892,volume,43335201.80488579,146.31465483064892,-49.374996185302734,-72.24285524117177,866703963.8548605
ABCB,9,0.29259895531785507,41.32809862769639,325608.8450704225,269135.8892624147,volume,43335198.19274303,269135.8892624147,26.65634536743164,71741.79214949763,866775705.64701
BNS,9,0.29259181709987836,54.031713648394614,1161522.3818466354,1255180.8946427736,volume,43338785.2823505,1255180.8946427736,14.27755641937256,179209.16039780725,866954914.8074077
EW,11,0.2925779933722251,63.248550706408416,4250772.701919311,5377104.255575205,volume,43347745.74037039,5377104.255575205,-17.303524017333984,-930428.5263005435,866024486.2811072
EVA,8,0.292525368803759,31.71934416051772,399714.97157190635,253573.93498801708,volume,43301224.31405536,253573.93498801708,-98.33099365234376,-249341.7699170654,865775144.5111902
OCFC,9,0.2924919574029242,20.93598590986909,200856.87220697766,84102.73292851321,volume,43288757.22555951,84102.73292851321,-8.814236640930176,-7413.01390180866,865767731.4972883
URI,11,0.2923963343102249,246.70399696311156,1298906.301923832,6408907.5273036705,volume,43288386.57486442,6408907.5273036705,13.030719757080078,835126.7793733517,866602858.2766616
PBR-A,9,0.2923486926949344,10.357687189082734,9930533.911015289,2057147.2774174944,volume,43330142.91383308,2057147.2774174944,4.322375774383545,88917.63556248443,866691775.912224
AIQUF,9,0.29234528956916966,142.80919224555504,760.1541471048513,2171.139994603053,volume,43334588.7956112,2171.139994603053,64.80259704589844,1406.9551020049573,866693182.867326
ORC,8,0.29233886066649495,31.764174160047027,511427.0297922383,324901.1448895244,volume,43334659.14336631,324901.1448895244,-65.53395080566406,-212920.55645894023,866480262.3108672
NASB,10,0.29232289729982036,41.57902003026205,597.922383379067,497.22053510120503,volume,43324013.115543365,497.22053510120503,31.174802780151367,155.00752120021397,866480417.3183883
WNEB,11,0.29231642953965,8.458060466779838,49760.1566548881,8417.488276469614,volume,43324020.86591942,8417.488276469614,42.70631790161133,3594.7993026799777,866484012.117691
NTIC,10,0.29227042080033505,11.50749314452844,13604.471187769503,3131.0671785638447,volume,43324200.60588455,3131.0671785638447,9.77708339691162,306.12704926151474,866484318.2447402
NTCT,8,0.29226879754981655,28.644025857941116,638681.9960799686,365888.4722143214,volume,43324215.91223702,365888.4722143214,-36.16266632080078,-132315.02731314092,866352003.2174271
ENS,9,0.2922487077482524,75.46337712287156,261774.01566170712,395087.0252969578,volume,43317600.16087136,395087.0252969578,66.60657501220703,263153.93586791557,866615157.153295
MNAT,11,0.29206493221356616,28.588963820758384,433.12009419152275,247.64909405769814,volume,43330757.85766476,247.64909405769814,9.636836051940918,23.865537178457327,866615181.0188322
LEA,10,0.2919873157922982,136.60447265792482,657694.567620541,1796880.3915957175,volume,43330759.05094162,1796880.3915957175,-36.21472930908203,-650735.3698243623,865964445.6490078
MODG,9,0.29197684134100976,16.76751274578434,1521886.1223049785,510364.89906762075,volume,43298222.28245039,510364.89906762075,-41.41190719604492,-211351.83836307144,865753093.8106447
ESLT,8,0.2918749866693858,142.9508422809725,27216.82177830004,77813.35194838213,volume,43287654.69053224,77813.35194838213,21.661104202270508,16855.23124881854,865769949.0418936
TSGTF,10,0.2918250127634214,6.4992190012752165,3112.9113029827317,404.62984579259523,volume,43288497.45209468,404.62984579259523,-24.82695770263672,-100.4572806671718,865769848.584613
IBP,10,0.2918091522307893,84.19486569199816,214328.95768025078,360907.95611589344,volume,43288492.42923065,360907.95611589344,32.61322784423828,117703.73403605983,865887552.318649
SUPN,10,0.2917081696919511,29.039972584481333,565049.9631372549,328180.7087673614,volume,43294377.61593246,328180.7087673614,15.883893013000488,52127.8726699144,865939680.1913189
HTHIY,9,0.291693253394165,18.332893392322205,194671.35815047022,71377.7851102229,volume,43296984.00956595,71377.7851102229,205.3101501464844,146545.83778103365,866086226.0291
MDNDF,8,0.291682155490313,38.80297149858583,143.3578988631909,111.25424927371094,volume,43304311.301455,111.25424927371094,-10.27901554107666,-11.435841572952913,866086214.5932584
LZAGF,9,0.291669247941036,402.7960444577111,258.6609172873383,2083.751886782861,volume,43304310.729662925,2083.751886782861,27.93258476257324,582.0457620173419,866086796.6390204
LYSCF,11,0.2916539670621439,2.666291652334199,77020.8792630341,4107.202548689361,volume,43304339.83195102,4107.202548689361,-6.131769180297852,-251.8441800529421,866086544.7948403
JCI,8,0.29164814747602474,49.04482943251852,4565362.21128969,4478148.219007368,volume,43304327.23974202,4478148.219007368,-30.988927841186523,-1387730.1202095728,864698814.6746308
TROX,11,0.29158784287991185,14.259689943288896,1269173.8363422293,361960.5078074935,volume,43234940.73373154,361960.5078074935,-43.1629524230957,-156232.84177534402,864542581.8328555
CGEAF,10,0.2915439355602278,61.749094710058095,928.3563579277865,1146.5032934073495,volume,43227129.091642775,1146.5032934073495,-6.258540630340576,-71.75437444609179,864542510.0784811
HLI,9,0.29154025796204663,67.58662567154863,301734.71392190154,407864.6232390275,volume,43227125.50392406,407864.6232390275,100.22610473632812,408786.82446997776,864951296.902951
INDV,11,0.29152011730719285,6.091236790207056,64875.51770791882,7903.44280492409,volume,43247564.84514755,7903.44280492409,-32.76741027832031,-2589.7535300018635,864948707.149421
DOC,11,0.29150396824185026,28.94086897587907,4002868.3422083007,2316929.7643908937,volume,43247435.35747105,2316929.7643908937,5.891448020935059,136500.7127506626,865085207.8621715
MUFG,10,0.2914586247794826,6.253984711582358,2034546.3245785967,254480.43217841245,volume,43254260.39310858,254480.43217841245,50.734840393066406,129110.24109730315,865214318.1032689
HSNGF,8,0.29132413447786853,18.366113735694512,1092.7403921568628,401.3878865188073,volume,43260715.905163445,401.3878865188073,-39.29365158081055,-157.71995761627937,865214160.3833113
STBI,10,0.29121658173054144,17.38435586231109,868.3786331500393,301.92406363815155,volume,43260708.01916557,301.92406363815155,-7.908132553100586,-23.876555162212792,865214136.5067561
BCUCY,11,0.291198293498209,23.003953521800153,963.6960093896714,443.37636418288565,volume,43260706.825337805,443.37636418288565,2.818345069885254,12.495875900984847,865214149.0026319
BMO,9,0.29091237776064,78.79372848218222,656339.8016431925,1034309.2024544609,volume,43260707.450131595,1034309.2024544609,4.1561279296875,42987.213642537885,865257136.2162745
ISTR,9,0.2908703906534509,19.12483652953025,21069.78204625637,8059.122746949689,volume,43262856.810813725,8059.122746949689,-8.325743675231934,-670.9819023833418,865256465.2343721
WLK,10,0.29069355190167473,86.75720846582779,720130.5009815469,1249530.2399251414,volume,43262823.26171861,1249530.2399251414,-10.938165664672852,-136675.6876731961,865119789.5466989
EBCOY,11,0.2906639548800109,3.73196906770872,18888.3852779953,1409.8173919288645,volume,43255989.47733495,1409.8173919288645,-1.5205632448196411,-21.437165080745178,865119768.1095339
SCHYY,9,0.29064239951835374,38.75284983680931,40005.65738925911,31006.66466857598,volume,43255988.4054767,31006.66466857598,-1.7495222091674805,-542.4684846988231,865119225.6410493
EMYB,9,0.2906040805890859,14.992321855310546,3102.216523101018,930.1885715838578,volume,43255961.282052465,930.1885715838578,-20.8410873413086,-193.86141264266269,865119031.7796366
SBKFF,11,0.2905486301559865,51.50323208487767,508.2203057624461,523.4997671586151,volume,43255951.58898184,523.4997671586151,6.676200866699219,34.94989599221185,865119066.7295326
UFPT,11,0.2904771246886218,73.29990967929153,35186.75186493914,51583.71467215364,volume,43255953.33647663,51583.71467215364,3.219015121459961,1660.4875755073863,865120727.217108
CPYYY,11,0.2903165546129858,7.462625295133822,49255.62020360219,7351.524745178126,volume,43256036.3608554,7351.524745178126,-8.53860092163086,-627.7173596457002,865120099.4997483
NR,10,0.2903119702797259,6.052413730177225,756373.031372549,91557.65040429968,volume,43256004.97498742,91557.65040429968,42.505558013916016,38917.09020877801,865159016.5899571
IRT,8,0.2903005708573849,13.36970403754258,1144518.276362211,306037.4124104225,volume,43257950.82949786,306037.4124104225,-39.84950637817383,-121954.39817808945,865037062.191779
WEGRY,10,0.29007521725203034,11.147024296890809,19606.703689167975,4371.128048101881,volume,43251853.10958895,4371.128048101881,22.908313751220703,1001.3517277267883,865038063.5435067
GOVB,9,0.29004550462225276,21.689355217177294,388.74098746081506,168.63082729027764,volume,43251903.17717534,168.63082729027764,-41.73322677612305,-70.37508556750396,865037993.1684211
CHMG,10,0.29001999223372615,39.40310492623851,8635.819498825373,6805.562036725452,volume,43251899.65842106,6805.562036725452,25.84088516235352,1758.6174705629517,865039751.7858917
FJTSF,8,0.2899000368093368,10.087620452951088,4030.8182530356444,813.2272930290188,volume,43251987.58929458,813.2272930290188,-16.192569732666016,-131.68239650879607,865039620.1034951
SUMCF,11,0.28989033172296147,15.188741204691869,967.8874509803921,294.0198401642013,volume,43251981.005174756,294.0198401642013,-52.5376091003418,-154.47099430291783,865039465.6325009
SNFCA,10,0.28986150952185097,5.701912416938892,27814.309290474324,3171.895110238687,volume,43251973.28162505,3171.895110238687,60.36957550048828,1914.85961337184,865041380.4921143
ULBI,10,0.2898510177501745,6.699866513434606,61723.32037691402,8270.760145825641,volume,43252069.02460572,8270.760145825641,-3.192035436630249,-264.0055947334462,865041116.4865196
NSTM,10,0.28981784263878396,0.3484637396383091,15677.930223441788,109.26380390897994,volume,43252055.82432598,109.26380390897994,-95.60869598388672,-104.46569809976675,865041012.0208215
KBCSF,10,0.2897285264810733,68.09145268839981,737.6467817896389,1004.5488188595916,volume,43252050.60104108,1004.5488188595916,0.6211395859718323,6.239650374349399,865041018.2604718
PHG,10,0.2896547751946359,33.8698588232581,1239792.374362995,839831.8537965319,volume,43252050.91302359,839831.8537965319,24.27800750732422,203894.44051362216,865244912.7009856
RAMPF,9,0.28957797162645316,11.059747353863512,1358.142689141513,300.4143002480385,volume,43262245.63504928,300.4143002480385,-18.807960510253903,-56.50180295780667,865244856.1991826
LBRDK,8,0.2894413768275147,94.24512077472218,781430.5143193409,1472920.2639815912,volume,43262242.809959136,1472920.2639815912,-51.31114196777344,-755772.2077236975,864489083.9914589
ACGBF,9,0.2894203794592479,0.41382965478165795,46373.137323943665,383.81158819820047,volume,43224454.19957295,383.81158819820047,54.91524887084961,210.77108885420225,864489294.7625477
CFBK,11,0.2893305710507336,14.501576682974234,5040.707909162099,1461.964245623778,volume,43224464.73812739,1461.964245623778,42.85600662231445,626.5394939203958,864489921.3020416
CIM,11,0.28927934283015705,39.67233862686456,633885.7353171495,502954.5908448199,volume,43224496.065102085,502954.5908448199,11.977693557739258,60242.35962597384,864550163.6616676
RGP,9,0.28925281731891206,15.111340630806833,202649.43041944335,61246.091434143935,volume,43227508.183083385,61246.091434143935,-44.59183120727539,-27310.753713367016,864522852.9079542
TRCY,8,0.28922367195556076,17.827872838479944,2332.2358712715854,831.5760908474261,volume,43226142.645397715,831.5760908474261,-41.90642166137695,-348.4837830657175,864522504.4241712
NSKFF,10,0.28920431004133274,28.421418268478778,350.60932601880876,199.29628607220005,volume,43226125.221208565,199.29628607220005,155.322998046875,309.5529665234177,864522813.9771377
GBX,11,0.28918014077130055,40.51407363972289,455986.9811985899,369477.80270069215,volume,43226140.69885689,369477.80270069215,27.24884414672852,100678.4306146687,864623492.4077524
NVDA,10,0.28915106223785497,20.217697158707026,464369550.3943552,43231174.62038762,capital,43231174.62038762,187769658.79196027,196.603744506836,84994108.097971,949617600.5057234
AON,8,0.28912498148646004,203.03349363300163,1161520.9964788733,4716553.316863821,volume,47480880.02528617,4716553.316863821,9.994869232177734,471413.3362864804,950089013.8420099
MELI,10,0.28906298088201215,775.6895081577279,546870.1948255586,8484029.449007168,volume,47504450.692100495,8484029.449007168,46.06282806396485,3907983.8979923166,953996997.7400023
TGONF,10,0.2889290958558469,10.647402899926576,13062.220478619067,2781.5744840705793,volume,47699849.887000114,2781.5744840705793,41.785194396972656,1162.2863054654808,953998160.0263077
ELME,11,0.2889142385149053,24.666139404383504,484915.80227094755,239220.01556407317,volume,47699908.001315385,239220.01556407317,0.9360350370407104,2239.1831612939654,954000399.209469
MSBHF,10,0.2889005161671365,9.994769356756386,11318.234809878479,2262.4629290069374,volume,47700019.96047345,2262.4629290069374,-0.3356316685676574,-7.593542079350679,954000391.6159269
ECC,10,0.28888753466426526,14.625929896310614,253651.72083007047,74197.84573878323,volume,47700019.580796346,74197.84573878323,-12.39842128753662,-9199.361500970883,953991192.2544259
CEFC,9,0.2888511181583397,10.335792315230474,743.9251567398119,153.78111836275949,volume,47699559.612721294,153.78111836275949,-15.544191360473633,-23.904031314583793,953991168.3503945
NRSCF,9,0.2888396271988111,4.9113523989086385,21370.952959623675,2099.205621704228,volume,47699558.417519726,2099.205621704228,38.87323760986328,816.0291892446924,953991984.3795837
LTOUF,8,0.28880069822782034,23.902434450371597,620.0098000784006,296.3948720992394,volume,47699599.21897919,296.3948720992394,63.44405364990234,188.04492167020086,953992172.4245055
POR,8,0.2887475830212935,45.297902771558356,725958.7299098392,657688.1592723979,volume,47699608.621225275,657688.1592723979,-17.966127395629883,-118161.09256085216,953874011.3319446
DEXSF,8,0.2887373126245759,6.612410001019154,1408.445967110415,186.26444397632008,volume,47693700.56659723,186.26444397632008,-40.864967346191406,-76.11690420848818,953873935.2150403
PPIH,10,0.2886994467721444,8.208661306142714,13980.475107800863,2295.2197011779267,volume,47693696.76075202,2295.2197011779267,89.12478637695312,2045.6096555565691,953875980.824696
EXEL,8,0.2885690445799935,18.16211318619523,3311690.1237759497,1202945.817312474,volume,47693799.0412348,1202945.817312474,18.498920440673828,222531.98968904806,954098512.8143849
SASR,9,0.2885661608877865,33.250882029486654,162096.37906703254,107796.95155529698,volume,47704925.64071925,107796.95155529698,-14.82139778137207,-15977.014986203512,954082535.7993988
HBCP,9,0.28852769749981255,34.8537735094471,15273.806034482759,10646.995523061769,volume,47704126.78996994,10646.995523061769,6.833158493041992,727.526078837896,954083263.3254776
BHP,10,0.28834367872168837,46.721912757891445,3173214.720657277,2965173.2268121233,volume,47704163.166273884,2965173.2268121233,-15.179194450378418,-450089.4098883725,953633173.9155892
RSKIA,11,0.2882095261040898,9.955229337334119,983.8075264602116,195.8805909941362,volume,47681658.695779465,195.8805909941362,29.03954696655273,56.88283622010324,953633230.7984254
PKG,8,0.2881100291028126,117.21447668969047,798177.7044296354,1871159.638601963,volume,47681661.539921276,1871159.638601963,24.62893295288086,460846.6528326452,954094077.4512581
HWKN,10,0.28810238014372536,34.15889303549704,72505.49804075235,49534.151041189994,volume,47704703.87256291,49534.151041189994,169.43955993652344,83930.44754248517,954178007.8988006
CVPUF,10,0.2880646946692626,1.8371526868248136,2722.905246671887,100.04785379785278,volume,47708900.39494003,100.04785379785278,8.10810661315918,8.111986650107529,954178016.0107872
UNP,9,0.2879638494443709,167.68748928829413,3609067.6466431096,12103909.846743908,volume,47708900.80053937,12103909.846743908,25.039857864379883,3030801.8216573554,957208817.8324445
LBRDA,8,0.2879162154643518,93.18904735191195,159155.9443137255,296631.8166198005,volume,47860440.89162223,296631.8166198005,-51.02168273925781,-151346.54437945166,957057471.2880652
SWZNF,8,0.28788931810058543,4231.466319512554,1.6987053746567282,143.760291592698,volume,47852873.564403266,143.760291592698,-9.157414436340332,-13.164725696034683,957057458.1233395
AMADY,9,0.28788012575477323,61.87588028765993,58260.872456964,72098.85539203457,volume,47852872.90616698,72098.85539203457,50.55039978027344,36446.25963767471,957093904.3829772
OCPNF,11,0.2878784853511354,26.504994005093337,3473.738533908271,1841.4283803300088,volume,47854695.21914887,1841.4283803300088,-2.694275617599488,-49.6131558667886,957093854.7698213
IRWD,10,0.28770424945269274,11.14513674561812,1938277.5805566444,432047.37372539286,volume,47854692.738491066,432047.37372539286,-67.26520538330078,-290617.5532895426,956803237.2165318
LNN,9,0.2876208046026588,107.38525678334821,88927.47628381028,190989.9975166415,volume,47840161.86082659,190989.9975166415,-19.07422065734864,-36429.85355978889,956766807.362972
SHWDF,11,0.287616362116076,21.67935746419855,352.55194041552335,152.86199081929917,volume,47838340.3681486,152.86199081929917,22.28678703308105,34.068026348425114,956766841.4309983
RUSHA,10,0.2876088124340608,24.74706826795087,399672.9517836143,197814.67645285078,volume,47838342.07154992,197814.67645285078,38.52902221679688,76216.06063860374,956843057.4916369
NTAP,8,0.2875655248437574,62.00740101962686,2557285.3735789885,3171412.393622773,volume,47842152.87458184,3171412.393622773,-1.8680039644241333,-59242.10924111169,956783815.3823957
MTA,10,0.2875127884516387,3.616483340957664,141203.9976479812,10213.238103410982,volume,47839190.76911979,10213.238103410982,-38.74105453491211,-3956.716143422872,956779858.6662524
UFPT,9,0.287477675868439,73.29990967929153,35186.75186493914,51583.71467215364,volume,47838992.933312625,51583.71467215364,275.8031921386719,142269.5316895042,956922128.1979418
SXI,10,0.28744923913730175,98.72604944042806,57014.33307179286,112575.99731317708,volume,47846106.40989709,112575.99731317708,34.5989990234375,38950.168211011165,956961078.3661529
MRAM,11,0.28744592298160226,7.631788372358456,210130.601937046,32073.445690796623,volume,47848053.91830765,32073.445690796623,4.35918664932251,1398.1413625309124,956962476.5075154
CYTK,8,0.2873699403267119,23.002869993238217,887276.7361002349,408198.22817076877,volume,47848123.82537577,408198.22817076877,-21.83079719543457,-89112.92734731779,956873363.5801681
CIADY,9,0.28732102852671926,33.57756469244124,7432.861393891934,4991.547686067109,volume,47843668.17900841,4991.547686067109,-46.04272079467773,-2298.2443644290756,956871065.3358036
HSII,11,0.2872769344276272,29.270705316507705,121080.08738244514,70881.9911493711,volume,47843553.26679018,70881.9911493711,29.24915313720703,20732.382137981083,956891797.7179415
AJX,8,0.28725153403537595,11.042273096076094,94527.80348460292,20876.036424983977,volume,47844589.88589708,20876.036424983977,-62.49613952636719,-13046.716851733223,956878751.0010898
D,8,0.28707608182248556,70.74018399231865,3657327.5031323414,5174400.409834984,volume,47843937.55005449,5174400.409834984,-38.99810791015625,-2017918.2555310142,954860832.7455589
ELEZY,11,0.2870299179979113,11.24066758267844,6151.175019577134,1382.8662727588421,volume,47743041.637277946,1382.8662727588421,11.03158950805664,152.55213065611835,954860985.2976894
JBT,10,0.28699781138366115,94.48916509561752,189334.12818502547,357800.47392619366,volume,47743049.26488447,357800.47392619366,6.300601959228516,22543.583670322674,954883528.8813598
HARL,9,0.2869611116941723,22.44058017887727,1337.7107016856135,600.3800851463636,volume,47744176.44406799,600.3800851463636,-10.94255542755127,-65.69692359312035,954883463.1844362
CB,9,0.28692796226972916,162.26046954410177,1752606.7089201878,5687575.750310651,volume,47744173.15922181,5687575.750310651,53.28664016723633,3030718.0243070284,957914181.2087432
SWZNF,11,0.2869236689685212,4231.466319512554,1.6987053746567282,143.760291592698,volume,47895709.060437165,143.760291592698,-13.750123977661133,-19.767218324643128,957914161.4415249
FCREY,9,0.286862736796823,8.486614960294306,1017.3587935761849,172.67864715101234,volume,47895708.072076246,172.67864715101234,-34.90435028076172,-60.27235986166992,957914101.169165
FCPT,8,0.28680398223765835,25.229380990488174,490953.4712292938,247729.04348493056,volume,47895705.058458254,247729.04348493056,-15.352803230285645,-38033.35259051015,957876067.8165745
EVO,10,0.28676719698306014,9.611583426658939,29660.267528397962,5701.642716124403,volume,47893803.39082873,5701.642716124403,-63.50997161865234,-3621.1116708075665,957872446.7049036
TOYOF,9,0.2866931623122016,49.191115889481885,33946.4136577708,33397.23936543388,volume,47893622.335245185,33397.23936543388,35.6873779296875,11918.599030424757,957884365.303934
PBR,9,0.2866660708149042,11.21160524604555,25632459.73500588,5747620.400680866,volume,47894218.2651967,5747620.400680866,2.8196706771850586,162063.96707390476,958046429.2710079
BRBS,8,0.2866636452062904,10.400944956404876,39349.06103286385,8185.348357780658,volume,47902321.463550396,8185.348357780658,-84.89454650878906,-6948.914368502503,958039480.3566394
RGEN,11,0.28665971389238076,107.76626034298863,448869.50333202665,967459.7551221438,volume,47901974.017831974,967459.7551221438,-8.89670467376709,-86072.03725076742,957953408.3193886
SBFG,9,0.2866307327768717,15.240023909059985,9781.532340258722,2981.415734655728,volume,47897670.41596943,2981.415734655728,17.29791259765625,515.7226879535189,957953924.0420766
DHIL,9,0.28649585593196764,169.61820271132788,12216.29874706343,41442.13274523091,volume,47897696.20210383,41442.13274523091,-3.412493228912353,-1414.2099738478737,957952509.8321027
CCK,9,0.2864627433187737,71.28295109817893,1151273.8700587084,1641323.9796001222,volume,47897625.49160513,1641323.9796001222,15.083419799804688,247567.78611794708,958200077.6182207
LADR,9,0.286404484825771,13.061517055807558,707611.5962367699,184849.6186626756,volume,47910003.88091104,184849.6186626756,23.98741149902344,44340.63868299163,958244418.2569036
CZWI,9,0.28639311362453745,11.535655835688628,11606.802662490212,2677.8416173448304,volume,47912220.91284519,2677.8416173448304,13.769062995910645,368.7136992229222,958244786.9706029
CMI,9,0.28638723300743074,187.93931093865666,1348420.212999217,5068423.31373659,volume,47912239.34853014,5068423.31373659,44.79836654663086,2270570.8542226115,960515357.8248255
BKQNY,10,0.2863403536695711,13.356036046751795,1068.5767423649177,285.43898979492894,volume,48025767.89124128,285.43898979492894,14.043089866638184,40.08445385132607,960515397.9092795
BHRB,11,0.28628547297446816,56.55046743742177,8113.43544600939,9176.371339903551,volume,48025769.89546397,9176.371339903551,38.423282623291016,3525.863094493818,960518923.7723739
ZFSVF,10,0.2862848504086473,374.0651674184511,402.3478602277189,3010.086393930745,volume,48025946.1886187,3010.086393930745,28.67523765563965,863.1494270997146,960519786.921801
POCI,11,0.2862657003349611,3.873362994764142,3488.534300274402,270.2471932929658,volume,48025989.34609005,270.2471932929658,-20.47855567932129,-55.34272195030303,960519731.579079
AY,10,0.2862112256586053,25.25140052442225,641304.1820321694,323876.57516962616,volume,48025986.57895395,323876.57516962616,-6.571516990661621,-21283.60416604494,960498447.9749129
SWDBF,11,0.2861273207967958,19.72264814133642,1456.8214986269124,574.6475564430604,volume,48024922.39874565,574.6475564430604,-1.6990300416946411,-9.763434617831765,960498438.2114782
OPBK,9,0.28610813523953166,9.208177184834287,28982.252058016464,5337.474243314875,volume,48024921.910573915,5337.474243314875,8.170183181762695,436.0814229582276,960498874.2929013
CMCSA,8,0.2860869334874364,39.566129567946135,21492552.16797181,17007542.076476283,volume,48024943.714645065,17007542.076476283,-14.623154640197754,-2487039.1783398273,958011835.1145614
IQV,8,0.2860345903775833,150.59298123307715,1158109.7134457075,3488063.886855476,volume,47900591.75572807,3488063.886855476,-21.213279724121094,-739932.7492747027,957271902.3652867
KEYS,9,0.28596112200119517,96.12831044019507,1173867.8918071345,2256838.742388271,volume,47863595.11826434,2256838.742388271,-2.4812254905700684,-55997.25815719873,957215905.1071296
OMC,8,0.2858540419096222,77.25528419910343,1834854.4276754213,2835044.005480959,volume,47860795.25535648,2835044.005480959,14.099515914916992,399727.48074768804,957615632.5878773
MX,11,0.28580560615202866,10.464934850944719,405407.27165817324,84851.2137200406,volume,47880781.62939387,84851.2137200406,-19.73422813415528,-16744.732090112477,957598887.8557872
KAEPY,9,0.28578885618636385,5.721324985048809,1473.1148569188554,168.56337673472896,volume,47879944.392789364,168.56337673472896,114.99998474121094,193.84785752420822,957599081.7036446
TGONF,9,0.28571373610009254,10.647402899926576,13062.220478619067,2781.5744840705793,volume,47879954.085182235,2781.5744840705793,10.770998001098633,299.6033320783117,957599381.3069767
TCLAF,9,0.2856910164907814,14.25103074609181,1141.5166732051784,325.3557841404687,volume,47879969.065348834,325.3557841404687,4.084323883056641,13.288583996555372,957599394.5955607
ATKR,11,0.28568397220838293,65.15409451756398,447303.78258845437,582873.4585766409,volume,47879969.72977804,582873.4585766409,-44.26213836669922,-257992.25673795806,957341402.3388227
MCCK,9,0.28565085664089596,26.41841631971215,254.8816150529204,134.67137237417327,volume,47867070.11694114,134.67137237417327,14.48076629638672,19.50144670164074,957341421.8402693
CIZN,9,0.2856414671768164,18.849446954443387,4201.523884103367,1583.9280316246675,volume,47867071.09201347,1583.9280316246675,-39.71818923950195,-629.1075330182038,957340792.7327362
DINO,9,0.2856327899564833,42.58949096518377,2540925.2803445575,2164334.2854088317,volume,47867039.636636816,2164334.2854088317,-19.9501895904541,-431788.7933102619,956909003.939426
AMAT,8,0.28562819396040456,80.06831178866642,9970291.976917058,15966088.932636686,volume,47845450.1969713,15966088.932636686,-2.875518321990967,-459107.8125633399,956449896.1268625
QNTO,11,0.28561100776304904,14.180905546220504,723.5754606036849,205.219105247677,volume,47822494.80634313,205.219105247677,8.265752792358398,16.962903922462782,956449913.0897665
SEVN,11,0.28557947294236385,15.306919074722105,41567.99215993728,12725.557841816859,volume,47822495.654488325,12725.557841816859,3.85544753074646,490.6272055860406,956450403.7169721
IPAR,11,0.2855237848389076,68.4901038790067,107991.83418267347,147927.43882511545,volume,47822520.18584861,147927.43882511545,11.368525505065918,16817.168611824032,956467220.8855839
CAPL,11,0.28546159542281735,21.49143581864233,64058.84467918623,27534.330980782175,volume,47823361.044279195,27534.330980782175,9.533246994018556,2624.915780548537,956469845.8013644
PCYO,11,0.28535692487049036,9.161929846370702,54208.80243041944,9933.14489846545,volume,47823492.290068224,9933.14489846545,40.02740097045898,3975.979737485456,956473821.781102
IGT,9,0.28527775643619924,20.259698270443465,1883524.8452194356,763192.90098059,volume,47823691.0890551,763192.90098059,20.636619567871094,157497.2155443635,956631318.9966463
TT,9,0.28526912738628807,128.2322341972842,1834576.429356358,4705036.686840839,volume,47831565.94983232,4705036.686840839,162.58030700683594,7649463.090250098,964280782.0868963
KAYS,11,0.28518795979870004,0.9836476272083775,16292.45472363779,320.5206886061247,volume,48214039.104344815,320.5206886061247,-24.680644989013672,-79.10657327121963,964280702.980323
PHGUF,11,0.28508981096005964,0.9265716567209121,12703.114072912584,235.40690904106694,volume,48214035.14901615,235.40690904106694,-17.473804473876953,-41.1345430038334,964280661.84578
AOIFF,11,0.2850672221967091,1.4394953033780455,57532.656885758995,1656.359787558213,volume,48214033.092289,1656.359787558213,-24.929174423217773,-412.91682051642624,964280248.9289595
QCOM,9,0.2850306477027255,98.25839475798448,10653568.012936104,20936049.82792224,volume,48214012.446447976,20936049.82792224,48.60095977783203,10175121.15593536,974455370.0848949
OLN,10,0.2850029287433322,33.849500174243886,2007686.259506076,1359183.5278195597,volume,48722768.504244745,1359183.5278195597,-35.29752731323242,-479758.1769690651,973975611.9079258
PFSF,10,0.28495675013396365,3.24792086941983,1748.49901999216,113.57972914385313,volume,48698780.595396295,113.57972914385313,-72.09803771972656,-81.88875596009849,973975530.0191698
ISUZY,10,0.2848747281259134,12.338604467422623,27877.781654253235,6879.458425220029,volume,48698776.500958495,6879.458425220029,8.009041786193848,550.9786999397054,973976080.9978698
UEPEN,10,0.2848509722077175,83.74732357067066,116.88029827315542,195.76824317036892,volume,48698804.0498935,195.76824317036892,-14.977826118469238,-29.32182705723989,973976051.6760428
LVS,9,0.28480162628620503,53.38179142322787,5378270.004704038,5742033.752178274,volume,48698802.58380214,5742033.752178274,24.76917266845703,1422254.254758119,975398305.9308009
BCTF,10,0.2846400024679279,12.183790768069654,2702.6431924882627,658.5687835604958,volume,48769915.29654005,658.5687835604958,20.072021484375,132.1880677256498,975398438.1188687
MSM,9,0.2845586508919341,80.86944333939681,498452.0196001568,806190.7471292559,volume,48769921.90594344,806190.7471292559,12.84910774230957,103588.3177071686,975502026.4365759
FLO,10,0.2845305346129141,22.23913827037699,1414869.8045436742,629309.7043565608,volume,48775101.3218288,629309.7043565608,-14.291461944580078,-89937.55691166729,975412088.8796642
STRL,8,0.28447795114203334,28.455423526015934,224092.7717647059,127533.09459367063,volume,48770604.44398321,127533.09459367063,166.20289611816406,211963.6967237983,975624052.576388
EXXRF,10,0.28440991613229316,75.09126688422832,918.9744616925389,1380.1391312548897,volume,48781202.628819406,1380.1391312548897,5.624878406524658,77.6311479739533,975624130.207536
DIOD,10,0.28434156514978054,50.81974156050357,279130.4271730619,283706.72341215936,volume,48781206.5103768,283706.72341215936,-30.02971649169922,-85196.32470856071,975538933.8828274
CIBY,8,0.28432296983254296,1617.918632823971,17.46515270164448,565.1439196221304,volume,48776946.69414137,565.1439196221304,-2.8396737575531006,-16.048243577916626,975538917.8345839
MSCI,8,0.2842767280070498,298.36477653207334,562576.8259506077,3357062.1791375233,volume,48776945.8917292,3357062.1791375233,-13.547327995300291,-454792.2244139357,975084125.61017
FAIR,8,0.28424098586220753,0.7514553660042234,391503.24294670846,5883.944254407184,volume,48754206.2805085,5883.944254407184,-15.178230285644531,-893.0786088128725,975083232.5315613
CAC,9,0.28401427201180524,38.15261213320522,41506.07824726134,31671.306090764567,volume,48754161.62657806,31671.306090764567,-6.387510776519775,-2023.0080896121506,975081209.5234717
BRK-B,9,0.28396296445469715,239.24867371811368,4123009.9385758997,19728493.190617707,volume,48754060.47617359,19728493.190617707,67.19651794433594,13256860.466980522,988338069.9904523
JPM,10,0.28391248271058245,117.32438643966549,13955405.984711878,32746188.89345514,volume,49416903.49952262,32746188.89345514,53.24151992797852,17434568.685362406,1005772638.6758146
TCBK,10,0.283903559554284,36.21392897841228,81223.68536681052,58828.57546477162,volume,50288631.933790736,58828.57546477162,25.50839233398437,15006.223834048013,1005787644.8996487
RHI,9,0.28389321300829573,65.0947746118346,1102383.4053312426,1435187.9861172787,volume,50289382.24498244,1435187.9861172787,-16.553874969482422,-237579.22479888704,1005550065.6748499
YASKY,10,0.28387217807631465,63.26411969754384,7703.512760109933,9747.119066943022,volume,50277503.283742495,9747.119066943022,-39.04515075683594,-3805.7773341362035,1005546259.8975158
JBHT,9,0.28368604158060357,130.47101142910216,857907.9443355547,2238642.3442104342,volume,50277312.99487579,2238642.3442104342,4.041683197021484,90478.83146736099,1005636738.7289832
VRTX,10,0.2836149991708036,219.12546149599444,1610374.0793089909,7057479.266195395,volume,50281836.93644916,7057479.266195395,31.03154563903809,2190044.899455074,1007826783.6284382
WKCMF,11,0.283444034909785,117.06627635109598,80.81703965449549,189.218997961413,volume,50391339.18142191,189.218997961413,-31.8012809753418,-60.17406520043522,1007826723.454373
INCY,11,0.2834084192799602,83.17468662321754,1655359.603448276,2753680.32531088,volume,50391336.17271865,2753680.32531088,24.189735412597656,666107.9848014603,1008492831.4391745
MQBKY,8,0.2832936705953924,93.81000781236841,9792.482555860446,18372.657301354997,volume,50424641.57195873,18372.657301354997,-23.95888328552246,-4401.883519280665,1008488429.5556552
SCL,11,0.2831916609701536,86.31749118070704,90168.35397883183,155662.12198693375,volume,50424421.47778276,155662.12198693375,-16.931148529052734,-26355.385077083007,1008462074.1705781
FQVTF,11,0.2831673803223881,23.621155225313625,1153.9012289485663,545.1296008734848,volume,50423103.708528906,545.1296008734848,-39.65672302246094,-216.18053593184467,1008461857.9900422
KPCPF,9,0.28316386792365456,4.822610733416537,2734.5746765974127,263.75578373375475,volume,50423092.89950211,263.75578373375475,12.740389823913574,33.60351503079879,1008461891.5935572
GLP,11,0.2831616430998452,24.78105758341256,120344.41010575792,59645.23513345207,volume,50423094.579677865,59645.23513345207,19.610929489135746,11696.985005650506,1008473588.578563
KISB,10,0.2830608219409694,28.76543117270475,439.1219129753038,252.63062328235094,volume,50423679.42892815,252.63062328235094,1.2575854063034058,3.1770458502521794,1008473591.7556088
EXP,9,0.28302773990528735,119.05244811880229,490322.88797493145,1167482.8036419367,volume,50423679.587780446,1167482.8036419367,151.81564331054688,1772421.5288890149,1010246013.2844979
DXC,11,0.282934230276052,39.82359732252224,2584864.3848864525,2058771.9679409445,volume,50512300.66422489,2058771.9679409445,20.37470245361328,419468.662666366,1010665481.9471643
TOELY,10,0.2828854265079956,44.24760470547519,284973.8367346939,252188.19358478722,volume,50533274.09735822,252188.19358478722,6.5625176429748535,16549.89469750124,1010682031.8418618
MTD,10,0.2827878204465623,865.8131471616714,152760.15052920423,2645234.9338116194,volume,50534101.592093095,2645234.9338116194,-2.229376077651977,-58972.23481208935,1010623059.6070497
NBPVF,8,0.28272166157864054,15.534045472513316,1349.1803214425715,419.1645692781808,volume,50531152.98035249,419.1645692781808,-16.422048568725586,-68.83540914975227,1010622990.7716405
COGZF,9,0.2826491458000692,0.6980529749297778,12107.08692247455,169.02776087933532,volume,50531149.53858203,169.02776087933532,-52.84256362915039,-89.31860209359093,1010622901.4530385
TM,9,0.2826439477781667,142.96905802033572,262480.7417582418,750532.4879530965,volume,50531145.07265192,750532.4879530965,35.46881866455078,266205.00717062526,1010889106.4602091
ARCC,8,0.2826347242413342,17.59043819393164,2465688.9401408453,867450.978140167,volume,50544455.32301046,867450.978140167,-3.4192144870758057,-29660.00951284937,1010859446.4506963
CHEF,10,0.2826001170236759,26.541520170803263,327067.5661707126,173617.40809471,volume,50542972.32253482,173617.40809471,44.90774154663086,77967.65690713174,1010937414.1076034
MSA,9,0.2825557350660657,111.06555080825046,152138.97099176794,337947.97225202294,volume,50546870.70538017,337947.97225202294,54.01605987548828,182546.1790396512,1011119960.2866431
ALNY,11,0.2825374873846899,130.33821383552373,851103.1971830986,2218625.4102109727,volume,50555998.01433216,2218625.4102109727,65.48907470703125,1452957.2523622424,1012572917.5390054
KYN,9,0.2824347637592717,14.428271261489611,628864.9361034888,181468.67769880936,volume,50628645.87695027,181468.67769880936,33.77799224853516,61296.47588662309,1012634214.014892
MSLOY,10,0.2824087857825905,6.99623546110607,5418.83339866719,758.2286876316264,volume,50631710.7007446,758.2286876316264,25.5948429107666,194.06744150368198,1012634408.0823334
BRK-A,9,0.28238287739327006,360188.52144464006,1953.0907668231612,14069617.510984255,volume,50631720.404116675,14069617.510984255,66.15404510498047,9307621.114314754,1021942029.1966481
ROL,9,0.2823490036986676,27.652536716707917,1515208.7683261465,837987.3219923311,volume,51097101.45983241,837987.3219923311,38.733585357666016,324582.53465031914,1022266611.7312984
BURBY,11,0.2822674924601293,22.40851133474162,63304.3548513302,28371.127064490767,volume,51113330.58656493,28371.127064490767,-14.723258972167969,-4177.154511027812,1022262434.5767875
IVZ,10,0.2822308750835632,23.701115242409642,4358736.817718542,2066138.4725616209,volume,51113121.728839375,2066138.4725616209,7.818419456481934,161539.37233661642,1022423973.9491241
HTLF,11,0.282196437711095,42.865513333706275,130853.09090909091,112181.69826240631,volume,51121198.69745621,112181.69826240631,47.48481369018555,53269.27041438975,1022477243.2195385
STC,8,0.28209498889426543,46.693807853997924,167027.64666666667,155983.13679517581,volume,51123862.160976924,155983.13679517581,-32.02790069580078,-49958.124154954,1022427285.0953835
BUKS,10,0.28204639743671317,0.4979929579465602,39964.03325508607,398.0361426435002,volume,51121364.254769176,398.0361426435002,120.97989654541016,481.54371358344775,1022427766.6390972
CCOJY,8,0.2819045495849577,10.194335782038022,3055.20626223092,622.9159704113462,volume,51121388.33195487,622.9159704113462,20.385536193847656,126.98476060546233,1022427893.6238577
HGV,10,0.2818902267995402,37.144513740444424,903320.2309226933,671067.8145905882,volume,51121394.68119289,671067.8145905882,-11.632145881652832,-78059.58715799676,1022349834.0366998
BESVF,8,0.28185695325262994,51.18392700770426,130.3351583887368,133.42130467013357,volume,51117491.70183499,133.42130467013357,-3.442100524902344,-4.5924954283822235,1022349829.4442043
BKKPF,9,0.2818487638859906,4.761322365960045,1731.6510172143976,164.8989743660075,volume,51117491.47221022,164.8989743660075,17.616580963134766,29.049561326566554,1022349858.4937656
TX,10,0.28181696879869705,29.137276272197347,382392.613422292,222837.58443465762,volume,51117492.92468828,222837.58443465762,-27.875688552856445,-62117.51101571367,1022287740.9827499
VRRM,10,0.28179637270060365,14.92670975220509,930561.2728205128,277804.3605206866,volume,51114387.0491375,277804.3605206866,15.842780113220217,44011.93398222994,1022331752.9167322
FRME,10,0.2816319282750941,35.35052879100401,182696.53936545242,129168.38549710448,volume,51116587.645836614,129168.38549710448,32.479331970214844,41953.028726171404,1022373705.9454584
COHU,10,0.28161827377191806,23.185978869301504,284952.22866092407,132137.92704985113,volume,51118685.29727292,132137.92704985113,-35.03618621826172,-46296.090186136666,1022327409.8552723
EPAC,9,0.28160889272071765,25.33293264922259,425353.99530148786,215509.2823010067,volume,51116370.492763616,215509.2823010067,95.95699310302734,206796.22715396073,1022534206.0824263
KPELF,9,0.2815779828929932,4.711568019194773,3738.298706389651,352.2649726244534,volume,51126710.304121315,352.2649726244534,-4.801331996917725,-16.913410844551343,1022534189.1690155
MIDD,11,0.281562150497154,127.97332802701118,524936.8823990593,1343558.3968946282,volume,51126709.45845078,1343558.3968946282,4.296896457672119,57731.313162921586,1022591920.4821784
IDCC,8,0.28153939600441114,72.52398319453656,312846.51684952975,453777.5106092919,volume,51129596.024108924,453777.5106092919,45.142948150634766,204848.5463335938,1022796769.0285121
NECB,9,0.2814855806081258,9.977844680724823,25840.66640533124,5156.683116776379,volume,51139838.45142561,5156.683116776379,95.86905670166016,4943.663461147284,1022801712.6919732
SLGN,9,0.28142708220365775,35.21779106869879,507869.7408859271,357721.0084926954,volume,51140085.634598665,357721.0084926954,19.443727493286133,69554.29807755465,1022871266.9900508
OFED,8,0.2813938229587719,21.98049430428135,1562.3989799921537,686.8460376146505,volume,51143563.34950254,686.8460376146505,-51.22202682495117,-351.8164616330905,1022870915.1735891
JCDXF,11,0.2813786537159744,27.845535026723756,529.361034888279,294.8068247752862,volume,51143545.75867946,294.8068247752862,-21.794872283935547,-64.25277094409928,1022870850.9208181
DCI,9,0.2813337777810645,50.92789738012088,525152.0963194988,534897.8414062959,volume,51143542.54604091,534897.8414062959,42.423099517822266,226920.24357847602,1023097771.1643965
SUZ,11,0.28128143626375524,8.22879215520971,598666.1709803921,98525.98982705773,volume,51154888.55821983,98525.98982705773,5.536996364593506,5455.380474903954,1023103226.5448714
A,8,0.281252867883867,91.00960090350657,2010047.1099374022,3658671.7054529954,volume,51155161.327243574,3658671.7054529954,-17.44890594482422,-638398.1847143894,1022464828.360157
FWRD,9,0.28124197683871777,63.88853312752735,255713.8625146886,326743.6715287532,volume,51123241.41800785,326743.6715287532,-63.28433227539063,-206777.5507790671,1022258050.809378
CICHF,10,0.28121900392322224,0.7564856679344326,61643.32223962412,932.6457959627903,volume,51112902.5404689,932.6457959627903,43.039493560791016,401.40602729839327,1022258452.2154053
TPRP,9,0.2812168181678721,19590.50861659267,3.022370486656201,1184.1955012274736,volume,51112922.61077027,1184.1955012274736,0.0,0.0,1022258452.2154053
NSIT,9,0.2811918558543094,76.72899645779563,229713.6213249706,352513.91273902147,volume,51112922.61077027,352513.91273902147,147.14874267578125,518719.7903526707,1022777172.005758
ENB,8,0.2811725100663031,38.30970827041423,3593731.1687548943,2753495.8535458953,volume,51138858.60028791,2753495.8535458953,-8.183682441711426,-225337.3566998876,1022551834.6490581
JXHLY,10,0.28116986853997344,8.82925441301556,2180.1356330850645,384.97944318777553,volume,51127591.73245291,384.97944318777553,45.40406036376953,174.79629877308145,1022552009.4453568
GPAEF,8,0.28107991777705876,11.195620163627293,507.34116725421075,113.59998003898897,volume,51127600.472267844,113.59998003898897,11.104193687438965,12.614361812421338,1022552022.0597187
HTHIF,9,0.2810618268763732,9.13225255332023,12747.455721003134,2328.2597011293487,volume,51127601.10298594,2328.2597011293487,194.1813201904297,4521.045425114722,1022556543.1051438
NCTKF,9,0.28100975960570945,27.148808282667495,250.3359466875735,135.9264524576201,volume,51127827.155257195,135.9264524576201,-24.901945114135746,-33.848330586588375,1022556509.2568133
RBAZ,10,0.28088018770164896,8.43685534541535,1005.1450411603292,169.6052662686251,volume,51127825.46284067,169.6052662686251,116.96355438232422,198.3763478473891,1022556707.6331612
MCQEF,10,0.280806413766341,93.01303413268492,307.094080752646,571.2750442998272,volume,51127835.38165806,571.2750442998272,25.563594818115234,146.03843762181612,1022556853.6715988
NBHC,9,0.28079159026609785,32.677506856944504,177114.09486475892,115752.94098809359,volume,51127842.683579944,115752.94098809359,7.022105693817139,8128.293859885713,1022564981.9654588
DNTUF,11,0.2807425541763254,38.897909696430865,277.71949286846274,216.05415509072077,volume,51128249.09827294,216.05415509072077,-1.837685465812683,-3.970395806386569,1022564977.995063
TSGTY,10,0.2807310348586989,32.81509908364744,1520.287284144427,997.7675572961729,volume,51128248.89975315,997.7675572961729,-21.84674644470215,-217.97974834999312,1022564760.0153146
CWT,9,0.28071936981678747,45.073856683102264,253665.11589663272,228673.30158854698,volume,51128238.00076573,228673.30158854698,-2.0261828899383545,-4633.339310644271,1022560126.6760039
CBKM,11,0.28067435517803874,18.596663719712172,1189.8033685859773,442.5274627634835,volume,51128006.3338002,442.5274627634835,12.269079208374023,54.294044925259655,1022560180.9700489
RXEEY,10,0.2806735539674084,17.511281828280293,2134.0976087808704,747.4156935284176,volume,51128009.048502445,747.4156935284176,8.584450721740723,64.16153189750368,1022560245.1315808
MLI,9,0.2806323072529612,24.401648390204333,522890.0121520972,255187.56446570292,volume,51128012.25657904,255187.56446570292,134.5465850830078,343346.1535451024,1022903591.2851259
IDCC,10,0.2805796988269443,72.52398319453656,312846.51684952975,453777.5106092919,volume,51145179.564256296,453777.5106092919,116.74768829345705,529774.7536319451,1023433366.0387578
MGDDF,10,0.28056202904580485,30.74423724106834,1782.1956095648766,1095.8448926090596,volume,51171668.30193789,1095.8448926090596,3.390678882598877,37.15658135973373,1023433403.1953392
KB,8,0.2805214373141591,41.59649812002268,176697.12465699724,146999.632272164,volume,51171670.159766965,146999.632272164,-16.874073028564453,-24804.825301326153,1023408598.3700379
SKHCF,8,0.28048540465294963,19.56156801831624,1819.326930615445,711.7777500157707,volume,51170429.9185019,711.7777500157707,-40.31244659423828,-286.93502534477847,1023408311.4350126
BK,9,0.28040812111496527,47.57749416384152,5094527.870892019,4847697.40089786,volume,51170415.57175063,4847697.40089786,82.8079605102539,4014279.349392105,1027422590.7844046
SPLP,9,0.2804047710014056,23.496308571588568,18078.311250490005,8495.471591894688,volume,51371129.539220236,8495.471591894688,3.2099685668945312,272.7019677092739,1027422863.4863722
ITW,8,0.2803815912508428,173.4550275006326,1305970.665229322,4530543.55304743,volume,51371143.17431861,4530543.55304743,3.0069897174835205,136232.97878624874,1027559096.4651585
PGNN,9,0.28034444526377916,8.933653478760759,2193.487259898079,391.9171018001176,volume,51377954.82325792,391.9171018001176,-13.983990669250488,-54.80565094692538,1027559041.6595076
PSEC,10,0.280304292677195,6.966317137845682,2207550.1313210507,307569.8862495064,volume,51377952.08297539,307569.8862495064,-31.2158203125,-96010.46302700655,1027463031.1964806
RCBC,11,0.28029132233299064,195.16143123218473,106.03684829478635,413.886061531211,volume,51373151.559824035,413.886061531211,23.660663604736328,97.92818872579186,1027463129.1246693
EIG,9,0.28029037274012003,37.670442467661886,139612.21808927174,105185.0805862915,volume,51373156.45623347,105185.0805862915,36.8510627746582,38761.8200764291,1027501890.9447458
NOW,10,0.280279201193925,343.9996158520599,1639567.9321834575,11280214.776689313,volume,51375094.54723729,11280214.776689313,97.21224212646484,10965749.701100482,1038467640.6458462
GNMSF,9,0.28012775980143223,247.41004224538895,966.7818253035645,4783.830644808583,volume,51923382.032292314,4783.830644808583,-32.70802688598633,-1564.6966134840445,1038466075.9492327
PNMXO,9,0.27998526705150917,96.98455009340866,64.64655172413794,125.3943346811158,volume,51923303.79746164,125.3943346811158,-9.408601760864258,-11.79785358083148,1038466064.1513791
VLPNY,11,0.27993897515396365,6.869346278763117,1513.1425206124852,207.88599886415236,volume,51923303.20756896,207.88599886415236,-30.71942901611328,-63.86139185551134,1038466000.2899873
BRT,10,0.2798933168631651,13.752366971894983,34609.09115805947,9519.138443387996,volume,51923300.01449937,9519.138443387996,-3.069210767745972,-292.1624221011107,1038465708.1275653
DWHHF,11,0.2798909323257868,35.61811000253413,383.7901331245106,273.3975835903207,volume,51923285.40637827,273.3975835903207,56.02875900268555,153.18127322898656,1038465861.3088385
ATLCY,8,0.27973684945332855,9.530621090778537,27621.487480438183,5264.998622794789,volume,51923293.06544193,5264.998622794789,-6.284221172332764,-330.8641581766986,1038465530.4446803
RVSB,11,0.27970973671179045,6.33022540749311,43767.895335162684,5541.212861662919,volume,51923276.52223402,5541.212861662919,41.46432113647461,2297.626295815547,1038467828.0709761
YZCAY,11,0.27970412053314964,7.803072394344085,39484.22291993721,6161.9649975738,volume,51923391.40354881,6161.9649975738,-36.41738128662109,-2244.0262879145826,1038465584.0446882
AVAV,11,0.27956183463704015,74.44090834320617,247447.81259780907,368404.79874640726,volume,51923279.20223442,368404.79874640726,-17.706499099731445,-65231.592373400046,1038400352.4523147
CRSB,8,0.2794684229962697,19.32963979776333,708.2826938136257,273.81698692813757,volume,51920017.62261574,273.81698692813757,-5.313443660736084,-14.549111333951679,1038400337.9032034
IKTSF,8,0.2794534205535979,58.77354602903408,448.6367554858934,527.3594599773332,volume,51920016.89516017,527.3594599773332,-31.40083885192871,-165.59529419788387,1038400172.3079091
AIOT,11,0.2794021000017529,5.242496090688989,166567.56729264476,17464.596407345307,volume,51920008.61539546,17464.596407345307,25.037059783935547,4372.6214435301035,1038404544.9293528
TECK,8,0.2793978209559456,24.485596324659507,4740659.887406826,2321557.6863109865,volume,51920227.24646764,2321557.6863109865,35.077640533447266,814347.6599807831,1039218892.5893335
SIGI,9,0.27936658813378595,65.41312623855788,249745.7016856135,326732.94223796506,volume,51960944.62946668,326732.94223796506,4.496438980102539,14691.347375623774,1039233583.9367092
RGA,9,0.27936011283842827,131.0792943729414,388599.7581340651,1018747.641794179,volume,51961679.19683546,1018747.641794179,62.478816986083984,636501.4746666315,1039870085.4113758
ARCO,11,0.27934385881359713,6.971167842173987,791380.8196400626,110336.97041576194,volume,51993504.27056879,110336.97041576194,-26.231904983520508,-28943.489241157808,1039841141.9221346
BBRYF,10,0.27933662750858723,22.21986160647701,2506.8767605633802,1114.0490936842343,volume,51992057.09610674,1114.0490936842343,-55.66405487060547,-620.1248987938751,1039840521.7972358
CXW,11,0.2793295492338692,18.85392521430294,1144151.148394675,431434.80371384055,volume,51992026.089861795,431434.80371384055,41.8916244506836,180735.04772134603,1040021256.8449572
XNCR,8,0.2792957995834518,27.384175533119443,329273.57793482527,180337.70913171078,volume,52001062.842247866,180337.70913171078,-51.15021896362305,-92243.13309485171,1039929013.7118623
L,9,0.27928287972968857,51.556154461946264,1011695.3179145433,1043182.4015766005,volume,51996450.68559312,1043182.4015766005,49.17194366455078,512953.0628217539,1040441966.7746841
AL,10,0.2791743671600041,38.760929180422856,833949.4432707356,646493.106213401,volume,52022098.33873421,646493.106213401,18.10825157165528,117068.59806653122,1040559035.3727505
NTAP,11,0.2791709650933255,62.00740101962686,2557285.3735789885,3171412.393622773,volume,52027951.76863753,3171412.393622773,10.995473861694336,348711.82078732667,1040907747.1935378
NGVT,11,0.27915092994736695,66.14265746017982,298894.788045977,395393.91164716217,volume,52045387.3596769,395393.91164716217,-14.790047645568848,-58478.947920293685,1040849268.2456175
ELEZY,10,0.27912477991797346,11.24066758267844,6151.175019577134,1382.8662727588421,volume,52042463.41228088,1382.8662727588421,3.876561403274536,53.607660188670444,1040849321.8532777
DE,10,0.2790989955343995,227.53010575511817,2177089.7016444793,9907069.00107094,volume,52042466.092663884,9907069.00107094,2.508613109588623,248530.03173685627,1041097851.8850145
FMBL,10,0.27903153803807196,6881.965784547285,86.49862906384645,11905.612112552773,volume,52054892.59425073,11905.612112552773,11.41185474395752,1358.6511606635347,1041099210.5361753
RTX,8,0.27901779923123277,80.86835566767054,6632926.010192081,10727876.394191124,volume,52054960.52680877,10727876.394191124,-3.293095588684082,-353279.22429658886,1040745931.3118787
BCV,8,0.2790001500525555,21.292127129057764,17253.4186228482,7347.239654570732,volume,52037296.565593936,7347.239654570732,-41.238372802734375,-3029.8820794622115,1040742901.4297992
HELE,11,0.27895843599007586,127.72101497052232,257694.65282131662,658260.4522162987,volume,52037145.07148996,658260.4522162987,-35.62460708618164,-234502.69970577885,1040508398.7300935
PGNT,11,0.27894077401583894,3.8398157487379154,1523.4425715405723,116.99477556998556,volume,52025419.93650468,116.99477556998556,18.730770111083984,21.91402245399264,1040508420.6441159
PNW,8,0.27883272423679223,78.16963549606102,919834.1160329282,1438061.95134271,volume,52025421.0322058,1438061.95134271,8.965747833251953,128933.00824332978,1040637353.6523592
AEXAY,10,0.27880532314430206,13.731899252705754,31614.048293089094,8682.418522617474,volume,52031867.68261796,8682.418522617474,-95.5981216430664,-8300.229020811981,1040629053.4233384
TYIDF,11,0.27875639754980297,61.705325756941335,189.52158555729983,233.8898234957043,volume,52031452.67116693,233.8898234957043,-26.463115692138672,-61.894534583807165,1040628991.528804
CIADY,11,0.2787507872929024,33.57756469244124,7432.861393891934,4991.547686067109,volume,52031449.5764402,4991.547686067109,5.53424596786499,276.2445265502272,1040629267.7733305
MNODF,10,0.27874269328356355,22.49496560001411,601.8247745981968,270.76055203645365,volume,52031463.388666525,270.76055203645365,-20.958375930786133,-56.74701436807176,1040629211.026316
QBIEY,11,0.2787262667480867,8.794829473080517,51761.95766366131,9104.75181689429,volume,52031460.55131581,9104.75181689429,4.189631938934326,381.4555900813065,1040629592.4819062
TRCY,9,0.27868671609962586,17.827872838479944,2332.2358712715854,831.5760908474261,volume,52031479.62409531,831.5760908474261,-16.161869049072266,-134.39823884615524,1040629458.0836674
POOL,8,0.2786605866688687,240.14055871159738,305856.34221873776,1468970.2581178644,volume,52031472.90418337,1468970.2581178644,-34.823246002197266,-511543.12668349606,1040117914.9569838
BTAFF,11,0.27864588728485246,45.21887359260953,5019.854460093897,4539.843285685662,volume,52005895.747849196,4539.843285685662,19.59622573852539,889.6379384382504,1040118804.5949223
SMCAY,9,0.27859358417832214,21.052731489677235,80894.41121128968,34060.96636493635,volume,52005940.22974612,34060.96636493635,7.50750207901001,2557.127757978497,1040121361.7226802
RNMBY,10,0.2784004148734229,31.90924502166754,6679.657389259114,4262.856485893224,volume,52006068.08613402,4262.856485893224,127.52702331542967,5436.293984668358,1040126798.016665
DEA,11,0.27836616284800747,18.495412312489982,591939.7727272727,218963.40321505044,volume,52006339.90083325,218963.40321505044,-4.024427890777588,-8812.024269582278,1040117985.9923954
CORT,10,0.2783206314456187,17.098786214038366,921881.7110415035,315261.1658346112,volume,52005899.29961977,315261.1658346112,105.68224334716795,333175.0724564526,1040451161.0648518
CTLPP,10,0.2782072910864132,26.580262296164324,398.8723570869225,212.04263748119436,volume,52022558.053242594,212.04263748119436,14.263879776000977,30.245506884179147,1040451191.3103586
ERFSF,9,0.27816962185063654,59.95731695857274,1395.4253819036428,1673.3192382966827,volume,52022559.56551793,1673.3192382966827,4.791341304779053,80.17443582532319,1040451271.4847945
PNMXO,8,0.27814499847455976,96.98455009340866,64.64655172413794,125.3943346811158,volume,52022563.57423973,125.3943346811158,-19.128551483154297,-23.986119866436038,1040451247.4986746
TOPCF,11,0.27804877254421284,14.318494497700426,2241.0694662480378,641.7748164287392,volume,52022562.374933735,641.7748164287392,38.94690704345703,249.95144118281806,1040451497.4501158
EXPGY,8,0.2780483408910439,29.821273017760777,100536.3454759107,59962.436132901035,volume,52022574.87250579,59962.436132901035,-20.31224822998047,-12179.718872058358,1040439317.7312437
FRAF,9,0.278011815126217,29.987089690534546,5419.48883666275,3250.2939564371327,volume,52021965.88656219,3250.2939564371327,-3.2830841541290283,-106.70988584640097,1040439211.0213579
THLLY,10,0.2779522224338523,21.04473762392483,19005.42918791683,7999.285413795849,volume,52021960.551067896,7999.285413795849,-2.0762057304382324,-166.08162215533912,1040439044.9397358
DITTF,10,0.27784846923184625,116.27627416504671,106.8061863743148,248.38050818765808,volume,52021952.24698679,248.38050818765808,13.53587245941162,33.62046880231983,1040439078.5602046
DIS,11,0.27784121887373775,115.82042864364111,10297431.001174629,23853057.449687276,volume,52021953.92801023,23853057.449687276,9.7007417678833,2313923.5069390126,1042753002.0671437
CHCO,9,0.2776584468781182,74.24353366544122,61504.88136256852,91326.79460061649,volume,52137650.10335719,91326.79460061649,26.26589775085449,23987.802488930825,1042776989.8696326
MJDLF,11,0.2776236954455415,5.4822128579365135,5103.307330458643,559.5483413008408,volume,52138849.493481636,559.5483413008408,-16.544029235839844,-92.57184117346802,1042776897.2977915
FERG,8,0.27762261592968135,104.06593002397034,350507.8625146886,729518.5338661,volume,52138844.86488958,729518.5338661,1.1156623363494873,8138.963519033056,1042785036.2613106
AIN,9,0.27745192170728056,67.53735916827206,145971.0935054773,197170.04340529692,volume,52139251.81306553,197170.04340529692,3.010629415512085,5936.059325337815,1042790972.3206359
BVERS,9,0.2774169980321938,1675.0892308642713,3.882491186839013,130.0703835199895,volume,52139548.616031796,130.0703835199895,2.838576555252075,3.6921474119248807,1042790976.0127833
FFNW,11,0.27741509061048697,15.029627875071435,24474.511946729337,7356.856139666642,volume,52139548.80063917,7356.856139666642,3.9460561275482178,290.3056724942228,1042791266.3184558
TSCDF,10,0.27737042238107956,3.5341659845138085,23244.063579277867,1642.9675768752024,volume,52139563.3159228,1642.9675768752024,42.789337158203125,703.0149358690904,1042791969.3333917
WHGRF,9,0.27723672009644007,0.780452983006494,17646.92824363788,275.4519557729747,volume,52139598.46666959,275.4519557729747,16.981367111206055,46.77550782480578,1042792016.1088995
SSREY,9,0.277227377528115,23.92177256902059,55677.12117647059,26637.90860162659,volume,52139600.80544498,26637.90860162659,92.23902893066406,24570.5482215782,1042816586.6571211
LITE,8,0.27720272190632167,59.39252512307169,1346388.463939266,1599308.2133985353,volume,52140829.33285606,1599308.2133985353,-57.81248092651367,-924599.7558271949,1041891986.9012939
LKREF,11,0.2771141829222531,7.660388081179372,4558.7671501372015,698.4385108356614,volume,52094599.3450647,698.4385108356614,-5.599649429321289,-39.11010808616923,1041891947.7911857
BEVFF,10,0.2770721584760614,2.095586779368502,3191.0226917057903,133.74129930807092,volume,52094597.38955929,133.74129930807092,-5.08715295791626,-6.803624463706168,1041891940.9875613
UMBF,9,0.2770695627716558,72.24637220343001,257407.1696113074,371934.68367139914,volume,52094597.04937807,371934.68367139914,17.886484146118164,66526.03822879955,1041958467.0257902
EVRI,10,0.2770615252634324,10.348133333327954,993465.1508029769,205610.19685047935,volume,52097923.35128951,205610.19685047935,-9.17189884185791,-18858.359263670885,1041939608.6665264
NPK,10,0.2770429086076163,88.19066255151502,34884.798902391216,61530.2705635649,volume,52096980.43332633,61530.2705635649,16.471628189086914,10135.037390969605,1041949743.7039174
SCZC,8,0.2770176132267139,21.012676148917432,3078.96942375539,1293.9477474758187,volume,52097487.18519587,1293.9477474758187,15.66932487487793,202.7528762631511,1041949946.4567937
WTTR,11,0.27695706581162294,9.006757689432526,602864.7264050902,108597.13020473364,volume,52097497.322839685,108597.13020473364,35.6380500793457,38701.89964709523,1041988648.3564408
SEI,11,0.27688428687703576,11.624154484844407,362974.0944676409,84385.33896176731,volume,52099432.41782204,84385.33896176731,207.2064208984375,174851.8406256927,1042163500.1970665
SMSEY,9,0.276831628902166,13.942652090163103,25329.16464131713,7063.114606566913,volume,52108175.00985333,7063.114606566913,8.15674877166748,576.1205139126131,1042164076.3175805
HXL,10,0.27682954099532947,57.8314204619596,688066.3706896552,795837.1117817601,volume,52108203.815879025,795837.1117817601,-8.415642738342285,-66974.80810669468,1042097101.5094738
MCRI,10,0.2768270605746974,47.775297932791176,74049.31203449628,70754.55888332558,volume,52104855.075473696,70754.55888332558,22.127912521362305,15656.506894578066,1042112758.0163684
MS,9,0.27681491410648057,61.52138776640853,10202781.694237554,12553785.778144063,volume,52105637.90081842,12553785.778144063,32.184513092041016,4040374.8273135596,1046153132.8436819
ARKAY,8,0.2767995075210519,99.81174458994738,5155.284820031299,10291.159434907939,volume,52307656.6421841,10291.159434907939,-27.25847625732422,-2805.213251167762,1046150327.6304307
SGBLY,10,0.27674979584788656,10.846754215409456,32125.725597804783,6969.196991021531,volume,52307516.38152154,6969.196991021531,21.038124084472656,1466.1883106624443,1046151793.8187414
GPRK,11,0.2767472838146512,10.633593258439186,202450.07170846395,43055.43435379304,volume,52307589.69093707,43055.43435379304,6.020564079284668,2592.1800148844545,1046154385.9987563
SLRK,9,0.27671959806030344,9.154386521881115,2403.0548804390437,439.96986417663635,volume,52307719.299937814,439.96986417663635,-2.2988531589508057,-10.114261121056174,1046154375.8844953
PVBC,9,0.2766846081791748,11.020893836462939,42374.49410774411,9340.096018705444,volume,52307718.79422477,9340.096018705444,-24.726150512695312,-2309.446199615371,1046152066.4382957
BDVSY,10,0.2766540283344357,30.29561112744148,8353.927621283256,5061.746852023794,volume,52307603.32191479,5061.746852023794,2.3371269702911377,118.29945084651075,1046152184.7377466
HOCFF,8,0.2766031751017768,108.03962129485271,53.79937304075235,116.24927778446785,volume,52307609.236887336,116.24927778446785,40.50879669189453,47.0911835935058,1046152231.8289301
YARIY,10,0.27655683386629687,20.851544955687565,25597.899489595602,10675.11503956949,volume,52307611.59144651,10675.11503956949,-29.5648250579834,-3156.0790861871947,1046149075.749844
UTHR,9,0.2764756517782732,166.63314486542168,487231.25049077347,1623777.5109197923,volume,52307453.7874922,1623777.5109197923,66.97290802001953,1087491.018838075,1047236566.768682
ENOV,10,0.27645299396333767,59.51486125996828,633028.441660141,753491.9975803442,volume,52361828.3384341,753491.9975803442,-25.705957412719727,-193692.33200625444,1047042874.4366758
BLK,8,0.2764267312537309,566.3827347374857,661431.1517996871,7492463.691937437,volume,52352143.721833795,7492463.691937437,-16.82809829711914,-1260839.1549551936,1045782035.2817206
TMNSF,9,0.27629401424559114,99.40758250309871,205.02354788069073,407.61790502055544,volume,52289101.76408604,407.61790502055544,15.183751106262209,61.89168816288142,1045782097.1734087
MAR,9,0.2762805272039337,133.61620437879276,2431798.879263034,6498554.721194575,volume,52289104.85867044,6498554.721194575,71.4169921875,4641072.3175359415,1050423169.4909446
NXST,9,0.27618540368626854,108.02116772821023,473904.80047040374,1023834.9987763497,volume,52521158.47454724,1023834.9987763497,-5.683370113372803,-58188.33233070586,1050364981.1586139
PCAR,9,0.2759302835213652,56.76543711307515,2923441.3790670326,3319008.5551438266,volume,52518249.0579307,3319008.5551438266,65.71526336669922,2181095.213176044,1052546076.3717899
RMT,8,0.27586797260527335,9.01597804623181,132815.09643277148,23949.15987292057,volume,52627303.8185895,23949.15987292057,-24.35841941833496,-5833.636809013568,1052540242.734981
PBNK,10,0.27584670231273095,10.981888393475373,2427.1207369658955,533.0873810169832,volume,52627012.13674905,533.0873810169832,37.62339782714844,200.56558612634615,1052540443.300567
NTES,10,0.2758440670293134,67.9096636800194,3712678.209721678,5042534.571486714,volume,52627022.165028356,5042534.571486714,-12.538576126098633,-632262.0359307032,1051908181.2646363
LOPE,9,0.2757130058317121,90.05051354528268,310804.42375539005,559761.9594263707,volume,52595409.06323182,559761.9594263707,72.90141296386719,408074.37765605317,1052316255.6422923
BWA,10,0.2756899448809143,37.34008080672024,2431643.5211267606,1815955.3114402194,volume,52615812.78211462,1815955.3114402194,-24.12608337402344,-438118.8924730744,1051878136.7498192
FBNC,10,0.27563741267066894,32.28054444163256,120288.48726987858,77659.55718264135,volume,52593906.83749096,77659.55718264135,40.038063049316406,31093.382468605872,1051909230.1322877
BANR,9,0.27562799022309786,51.99933099746704,176179.61658841942,183224.44395976112,volume,52595461.50661439,183224.44395976112,-7.117786407470703,-13041.524567331651,1051896188.6077205
BWEL,11,0.2756192831575942,695.5790218060752,255.69248826291079,3557.0866173815366,volume,52594809.43038603,3557.0866173815366,-2.934436321258545,-104.38044167907077,1051896084.2272788
MOFG,9,0.27559066441760394,28.97432380954409,31454.323794590357,18227.355256694173,volume,52594804.21136394,18227.355256694173,-1.197272777557373,-218.23116255707217,1051895865.9961163
KPELY,11,0.2755811034520287,9.518062448557663,20900.549980399843,3978.654798452927,volume,52594793.29980582,3978.654798452927,0.9402124881744384,37.40780927640595,1051895903.4039255
NTB,9,0.275572543736136,33.98379811736254,223803.83365384614,152114.0860156819,volume,52594795.17019628,152114.0860156819,7.736354827880859,11768.085437361051,1051907671.4893628
GELYY,10,0.27554569112643373,33.71291030681325,17685.671367019193,11924.709050241867,volume,52595383.57446814,11924.709050241867,44.0263557434082,5250.014827825878,1051912921.5041906
ATLKY,8,0.27546636744032227,10.767934270681163,260210.45970266042,56038.58253243954,volume,52595646.07520953,56038.58253243954,-7.468534469604492,-4185.260852713009,1051908736.2433379
TBPH,11,0.2754108300650258,18.561455476700253,402469.2907022362,149408.31640217375,volume,52595436.8121669,149408.31640217375,6.548909664154053,9784.61567191182,1051918520.8590097
AHCHY,11,0.275301030909597,21.754890438536524,29039.468309859156,12635.009029486788,volume,52595926.04295049,12635.009029486788,1.94719672203064,246.02848165044213,1051918766.8874913
SOHU,11,0.27506090663214267,26.410678195654295,326895.1673853391,172670.46139057472,volume,52595938.34437457,172670.46139057472,13.388525009155272,23118.027906700896,1051941884.915398
PAGP,9,0.2750147952533301,23.144796160518865,2022432.8686789495,936175.9298781541,volume,52597094.2457699,936175.9298781541,58.46467590332031,547332.2232881581,1052489217.1386862
GXYEF,10,0.27488596473686117,5.920158696679112,10330.682210031347,1223.1855625669054,volume,52624460.85693431,1223.1855625669054,-35.3409538269043,-432.2854448841296,1052488784.8532412
FMC,10,0.2748199795234798,78.21095380248904,1237865.3517430474,1936292.5967775467,volume,52624439.242662065,1936292.5967775467,-42.361087799072266,-820234.6069678729,1051668550.2462733
STOHF,11,0.2747416084538223,22.419113735872156,76774.40980392158,34424.284507971526,volume,52583427.512313664,34424.284507971526,-19.10846900939941,-6577.953736913221,1051661972.2925364
QEPC,10,0.27468537996968384,21.145386114909293,901.860446883575,381.4037474223568,volume,52583098.614626825,381.4037474223568,171.04762268066406,652.3820427809059,1051662624.6745791
ODC,8,0.27467900388190647,39.312252027480945,14817.170913367307,11649.927145611111,volume,52583131.23372896,11649.927145611111,89.18511199951172,10390.000572674788,1051673014.6751518
CTDD,11,0.27453886222731083,21.553154216005794,77166.1287642783,33263.46947017301,volume,52583650.73375759,33263.46947017301,81.64984893798828,27159.572573930112,1051700174.2477257
BSBR,10,0.27450292662650794,7.140434276609914,1365268.0516431925,194972.13585426973,volume,52585008.71238629,194972.13585426973,-31.00815200805664,-60457.256259046655,1051639716.9914668
ORXGF,9,0.27433578449151064,3.5841797386043823,1407.6464131713053,100.90515506415451,volume,52581985.849573344,100.90515506415451,-32.202903747558594,-32.494389961634425,1051639684.4970767
PCYO,10,0.27429757491011086,9.161929846370702,54208.80243041944,9933.14489846545,volume,52581984.22485384,9933.14489846545,7.168223857879639,712.0300624495546,1051640396.5271393
NVO,11,0.2742776277055532,45.69607014844858,3368551.501764014,3078591.3144654036,volume,52582019.82635697,3078591.3144654036,-18.632463455200195,-573617.4016027336,1051066779.1255366
ACGYF,11,0.27424872427093844,10.863826013246035,1789.7894318633294,388.8792197621936,volume,52553338.956276834,388.8792197621936,-11.42038345336914,-44.41149806731257,1051066734.7140385
PRLB,11,0.27422334254846503,75.2412701729745,252967.20109760878,380671.470453727,volume,52553336.735701926,380671.470453727,35.27831268310547,134294.47164204126,1051201029.1856805
PLAB,11,0.27421225958827494,13.73631517282424,533602.0678165426,146594.52360797528,volume,52560051.45928403,146594.52360797528,-8.227264404296875,-12060.719059447529,1051188968.466621
ASBRF,9,0.2741064687471877,12.794338817327795,1547.9702660406886,396.10512125747226,volume,52559448.42333105,396.10512125747226,27.067800521850582,107.21694407880696,1051189075.6835651
HTLF,9,0.2740784217730051,42.865513333706275,130853.09090909091,112181.69826240631,volume,52559453.78417826,112181.69826240631,26.513702392578125,29743.521616234397,1051218819.2051814
BPRN,11,0.2739595887186371,29.815526256040364,12161.13550420168,7251.813098575798,volume,52560940.96025907,7251.813098575798,20.39264488220215,1478.8364927135826,1051220298.0416741
TD,9,0.27392209495824454,55.58814376884931,1783721.4994115338,1983075.343057516,volume,52561014.90208371,1983075.343057516,4.864499568939209,96466.69151477261,1051316764.7331889
JARLF,10,0.27389490499237756,54.85098708783445,1767.3586828694629,1938.8273658729001,volume,52565838.236659445,1938.8273658729001,-11.441325187683104,-221.82754375730894,1051316542.9056451
GAU,8,0.2738420702167451,1.3109949072972495,729516.1997649823,19127.840453654695,volume,52565827.14528226,19127.840453654695,-7.60402250289917,-1454.4852924145537,1051315088.4203527
FICO,8,0.27380549832825535,447.98316519408894,210650.44888366628,1887357.0968092093,volume,52565754.42101764,1887357.0968092093,161.7251739501953,3052331.54787605,1054367419.9682287
NOA,10,0.2737586448522709,10.059968638728526,75866.56762054097,15264.305819812385,volume,52718370.99841144,15264.305819812385,-14.3316011428833,-2187.619427325434,1054365232.3488014
TPB,11,0.2736222351988361,29.074281257437693,140988.6297833103,81982.8615284144,volume,52718261.617440075,81982.8615284144,83.2372817993164,68240.30547754966,1054433472.654279
SXT,8,0.2736116983059938,71.02491567199395,235596.43781875246,334664.3425739812,volume,52721673.63271395,334664.3425739812,-37.591835021972656,-125806.46753778042,1054307666.1867412
NEFB,11,0.2736068057731702,367.8134588034468,15.015680125441003,110.45938486449259,volume,52715383.309337065,110.45938486449259,-8.955446243286133,-9.892130832204174,1054307656.2946104
ITVPY,11,0.27344551113125554,18.674531550091512,29466.39435515484,11005.42222105555,volume,52715382.814730525,11005.42222105555,-6.959401607513428,-765.91153096578,1054306890.3830794
DSDVF,8,0.27336574268954644,116.14815432220674,360.987079091621,838.5596594131249,volume,52715344.519153975,838.5596594131249,-32.51823806762695,-272.6848263870417,1054306617.698253
EVBN,9,0.2730347380252542,33.441327835782296,12350.863298080689,8260.585372120953,volume,52715330.884912655,8260.585372120953,5.001768589019775,413.17536441190816,1054307030.8736175
PUTKY,11,0.27288535391034496,34.25940019913348,4226.892983143865,2896.2163661686973,volume,52715351.54368088,2896.2163661686973,24.593236923217773,712.2733527408761,1054307743.1469703
DVSPF,8,0.2728684021702568,6.542346512235135,1091.0559906029757,142.7613270954926,volume,52715387.15734851,142.7613270954926,-47.255027770996094,-67.4619047652176,1054307675.6850655
ALSN,9,0.27278201786586703,43.58569247733819,1109149.6827073554,966861.1396364005,volume,52715383.78425328,966861.1396364005,161.5271759033203,1561743.493761336,1055869419.1788268
RNSDF,11,0.27258712774985216,61.364961996493456,449.14033712269696,551.2295943725311,volume,52793470.95894134,551.2295943725311,-11.6068115234375,-63.980180080228735,1055869355.1986468
MTB,9,0.27254645374955394,146.54155816736525,975152.9564876519,2858008.673904269,volume,52793467.75993234,2858008.673904269,-3.257118225097656,-93088.72139260777,1055776266.4772542
TBVPF,8,0.2725348908166137,0.5328643382554337,58188.41231855629,620.1305964852364,volume,52788813.32386271,620.1305964852364,-26.54539680480957,-164.61612754503847,1055776101.8611265
IPXHF,10,0.27240499403213453,10.213790678220933,1718.030968247746,350.95217376767425,volume,52788805.09305633,350.95217376767425,1.4227579832077026,4.9932000695205545,1055776106.8543267
FLEX,10,0.272199014431014,13.31021797204083,5844644.119467294,1555869.7439823265,volume,52788805.342716336,1555869.7439823265,84.98844146728516,1322309.446671619,1057098416.3009983
SVYSF,8,0.27217357522596014,106.57220454419908,362.1600627697136,771.9239257446778,volume,52854920.81504992,771.9239257446778,-29.1898193359375,-225.3231993357478,1057098190.9777989
GIL,11,0.27215897045901105,31.088623208248798,603109.8840579711,374997.1187729776,volume,52854909.54888995,374997.1187729776,37.076786041259766,139036.87938834567,1057237227.8571873
GILT,9,0.2721446241230265,6.681632080687012,213132.49157853506,28481.457863357886,volume,52861861.39285937,28481.457863357886,-3.930975914001465,-1119.5992485650747,1057236108.2579387
AXP,10,0.27214208567450066,126.2613353788946,4072638.7108763694,10284336.043020604,volume,52861805.41289694,10284336.043020604,79.48436737060547,8174439.442062086,1065410547.7000009
SNDR,11,0.27210306829094955,24.02391293588095,680835.030911901,327126.43012650654,volume,53270527.38500005,327126.43012650654,39.14543533325195,128055.06516314726,1065538602.765164
NISTF,11,0.2721002395719136,19.25168559374598,399.54410035280284,153.83794801656504,volume,53276930.138258204,153.83794801656504,-2.1840083599090576,-3.3598336453943305,1065538599.4053304
LECO,9,0.27201840306084984,112.81876119526169,358497.5778126225,808905.0524064399,volume,53276929.97026652,808905.0524064399,51.54085159301758,416916.55258922424,1065955515.9579196
IVSXF,8,0.27198531602350623,37.39240682774644,547.1971775774206,409.2203895793905,volume,53297775.79789598,409.2203895793905,-18.36541557312012,-75.1550251561962,1065955440.8028945
SB,11,0.2719356548966319,2.8122932192088577,609953.7906703254,34307.3781906579,volume,53297772.04014473,34307.3781906579,-32.01457977294922,-10983.362958855558,1065944457.4399357
LYSDY,11,0.27191357219467394,2.6705017643248694,66624.47001176009,3558.415294272293,volume,53297222.87199679,3558.415294272293,-6.411642074584961,-228.1528521960286,1065944229.2870835
DRI,9,0.2718438182447611,108.8515472561471,1592187.0509005482,3466240.4802345308,volume,53297211.46435418,3466240.4802345308,29.030054092407227,1006251.4863850003,1066950480.7734685
FXNC,11,0.2718323600871413,16.285283993236515,3683.358401880141,1199.690752469838,volume,53347524.03867343,1199.690752469838,62.77760696411133,753.1371453703046,1066951233.9106138
NMR,9,0.27182325824685066,4.964529596932119,844200.2199137593,83821.13954996922,volume,53347561.69553069,83821.13954996922,66.0758056640625,55385.4932744403,1067006619.4038882
ASXFF,11,0.2718208663348264,45.26529337356161,293.18231611893583,265.41967102127825,volume,53350330.970194414,265.41967102127825,0.3109504580497741,0.8253236827948682,1067006620.2292119
MARUY,10,0.27180628460653933,87.55699332075369,4752.166993335946,8321.70907389243,volume,53350331.0114606,8321.70907389243,-14.833986282348633,-1234.4411824781646,1067005385.7880294
SKHHY,8,0.2717606577042032,19.66383771885147,45877.57506860055,18042.583821667748,volume,53350269.28940147,18042.583821667748,-40.04191970825195,-7224.596927166257,1066998161.1911023
BALL,8,0.2716504765068614,56.55311226658232,2296120.1158059468,2597054.773734634,volume,53349908.05955511,2597054.773734634,-38.01716613769531,-987326.6280176429,1066010834.5630846
CSUAY,9,0.2716123047358085,10.007263900156403,41331.60963194988,8272.326500103374,volume,53300541.728154235,8272.326500103374,46.48191452026367,3845.13573261517,1066014679.6988173
AGM,9,0.27158617910066746,89.6011032140311,47409.339201877934,84958.58190272952,volume,53300733.984940864,84958.58190272952,76.24634552001953,64777.81390646393,1066079457.5127237
PETS,10,0.2715814716348328,22.76511760124362,479678.48843590746,218398.74400060423,volume,53303972.87563619,218398.74400060423,-57.89033126831055,-126431.7563877793,1065953025.756336
QLYS,8,0.2714676356130543,89.8891355999775,385786.34574676596,693560.0229090169,volume,53297651.2878168,693560.0229090169,36.55247497558594,253513.3538144865,1066206539.1101505
AUB,9,0.27136090518980366,32.308685432577356,305104.4749608764,197150.49011165262,volume,53310326.955507524,197150.49011165262,16.137434005737305,31815.030233755595,1066238354.1403842
FSLR,11,0.27134648737317596,88.30274184899754,2240777.8280454366,3957336.5218170723,volume,53311917.70701921,3957336.5218170723,-6.365097999572754,-251888.34778654046,1065986465.7925977
DGII,8,0.271319084966199,17.791967498201267,164535.7670321065,58548.300386537085,volume,53299323.289629884,58548.300386537085,-2.698780059814453,-1580.089856192131,1065984885.7027415
CDNS,10,0.271233117805134,108.15919171909997,2078806.1968688846,4496839.959879895,volume,53299244.28513708,4496839.959879895,32.41835403442383,1457801.4985553068,1067442687.2012968
RS,9,0.271134323079827,136.8320736438328,472139.14621716976,1292075.5685064825,volume,53372134.36006484,1292075.5685064825,57.38561630249024,741465.5280813494,1068184152.7293781
CIAFF,10,0.27112234838823507,2.269191855259864,26863.93422083007,1219.1884146828868,volume,53409207.63646891,1219.1884146828868,-0.958974838256836,-11.691710127751298,1068184141.037668
SMTOY,10,0.27101040345355126,13.698964720471427,5134.673069384555,1406.794104573075,volume,53409207.0518834,1406.794104573075,50.47947311401367,710.1422517874947,1068184851.1799197
NSC,9,0.2710045638271944,180.50404937516845,1598804.5307722462,5771813.839275131,volume,53409242.55899599,5771813.839275131,14.477229118347168,835598.7137963308,1069020449.8937161
TECH,11,0.270967837583101,57.38999509530799,862011.9748921145,989417.260223104,volume,53451022.49468581,989417.260223104,-8.854976654052734,-87612.66740392406,1068932837.2263122
UNICY,9,0.2709279061971511,6.353498232706323,172605.20062819004,21932.936742942515,volume,53446641.86131561,21932.936742942515,13.18507480621338,2891.8741167564312,1068935729.1004289
SWDBY,11,0.2708849770050957,19.792495097867082,49990.33307179286,19788.668445284056,volume,53446786.45502145,19788.668445284056,-1.4163779020309448,-280.2823269651739,1068935448.818102
CWBK,10,0.2708620532069843,23.66250100055427,3169.045472363779,1499.7508332121981,volume,53446772.4409051,1499.7508332121981,21.089475631713867,316.2895865067122,1068935765.1076885
BCH,10,0.2708554490248341,23.12385548448339,135092.17097026604,62477.03677203109,volume,53446788.25538443,62477.03677203109,5.879389762878418,3673.268504124581,1068939438.3761927
YRAIF,11,0.27085239616437834,41.6628190255137,203.53356890459364,169.59564493778012,volume,53446971.91880964,169.59564493778012,-5.715437412261963,-9.693132940340847,1068939428.6830597
HCMLY,10,0.27082139521304377,11.564247643686013,76794.82053291536,17761.486447901134,volume,53446971.43415299,17761.486447901134,43.83602523803711,7785.929681952482,1068947214.6127416
MONOY,11,0.2707208251575647,12.906712125143692,51227.47391653291,13223.565174779951,volume,53447360.73063708,13223.565174779951,66.38873291015625,8778.957365085098,1068955993.5701066
SLLDY,11,0.2706671288633226,9.14673618203002,39850.888279106235,7290.111234170741,volume,53447799.67850533,7290.111234170741,24.353656768798828,1775.4086680335865,1068957768.9787747
CBOBA,10,0.2706080476660695,6.72929421329574,4522.291435368755,608.636591737277,volume,53447888.448938735,608.636591737277,72.58443450927734,441.77542832904146,1068958210.754203
CRD-A,9,0.27059653014084434,8.452496084927953,44192.47259201253,7470.734031345434,volume,53447910.53771015,7470.734031345434,79.87173461914062,5967.004859618051,1068964177.7590626
HI,10,0.2704929250244815,38.41828541733255,352047.05211598746,270500.88257045107,volume,53448208.88795313,270500.88257045107,-36.10805892944336,-97672.61808320285,1068866505.1409794
QNBC,8,0.2704769575374863,33.35413953286907,1299.5507644061151,866.9079505209645,volume,53443325.25704897,866.9079505209645,-30.945491790771484,-268.2689286620104,1068866236.8720508
MEOH,11,0.2704060971139614,43.62083106973694,562076.2434339474,490364.6572628912,volume,53443311.84360254,490364.6572628912,-12.048656463623049,-59082.35297262835,1068807154.5190781
PYTCF,11,0.27039324189395453,8.021219199986984,1438.1811054488435,230.71931792169536,volume,53440357.72595391,230.71931792169536,63.431549072265625,146.34883736669673,1068807300.8679155
GJP,8,0.2703433157576886,23.106854123635046,536.0294348508634,247.7190791414687,volume,53440365.04339578,247.7190791414687,1.5748679637908936,3.9012484175968005,1068807304.769164
ENVB,11,0.270329228272074,8858.817414240651,287949.20560362586,51017788.740363255,volume,53440365.2384582,51017788.740363255,-58.15663909912109,-29670231.274085093,1039137073.4950789
OHI,11,0.27020193693874256,33.40701097266341,1979082.4182673462,1322304.5612572492,volume,51956853.67475395,1322304.5612572492,25.35462760925293,335265.3973669413,1039472338.8924459
ELSE,10,0.27016826105861075,4.106001930427327,28712.208773991384,2357.8476930568213,volume,51973616.9446223,2357.8476930568213,7.300043106079102,172.12389796883963,1039472511.0163438
PEBO,9,0.2701328581189524,28.806042708214104,74217.78204625637,42758.411986667736,volume,51973625.55081719,42758.411986667736,0.216602623462677,92.61584211410207,1039472603.6321859
TYIDY,11,0.27007693459192866,62.04533713503947,3015.7009419152278,3742.2036327917276,volume,51973630.1816093,3742.2036327917276,-23.462779998779297,-878.0250054682497,1039471725.6071805
FRST,9,0.2700162565017581,13.287442222278443,53966.70387779083,14341.589194059114,volume,51973586.28035903,14341.589194059114,-1.526095628738403,-218.8663657821553,1039471506.7408147
NTPIF,11,0.26990474443889856,7.86458217966739,92391.78815221656,14532.45621299054,volume,51973575.33704074,14532.45621299054,-46.10749816894531,-6700.551982307393,1039464806.1888324
SBGSF,10,0.26990123285793677,119.80376713063754,1514.346530772246,3628.4883825545403,volume,51973240.309441626,3628.4883825545403,44.86784362792969,1628.0244935421663,1039466434.213326
ITI,8,0.2698046209642548,6.494700308853895,305366.94045741326,39665.33525005062,volume,51973321.7106663,39665.33525005062,9.810663223266602,3891.4324577621196,1039470325.6457838
YAMHF,11,0.2697229476263852,7.651885221085925,5293.368669022379,810.0849897650323,volume,51973516.28228919,810.0849897650323,-6.125013828277588,-49.61781764390931,1039470276.0279661
FIVN,10,0.2697104458574946,61.07976496672565,868757.2150411281,1061269.7301571849,volume,51973513.80139831,1061269.7301571849,-48.477535247802734,-514477.40751121024,1038955798.620455
PWBK,9,0.26966750399209993,11.768443787625985,977.1187769502156,229.9833480074493,volume,51947789.931022756,229.9833480074493,-4.649896621704102,-10.693987929480372,1038955787.9264671
MITFY,11,0.2695204008973109,8.215026664855387,4040.1195609564875,663.7937984492277,volume,51947789.39632335,663.7937984492277,-7.607260227203369,-50.49652162007059,1038955737.4299455
PB,9,0.26945213002303486,64.4840709023829,501930.17130537046,647330.0150900141,volume,51947786.87149727,647330.0150900141,-0.0125691965222358,-81.36418174408253,1038955656.0657637
EXETF,9,0.26944685188935497,5.987735295295716,7263.69568627451,869.8617406998625,volume,51947782.80328819,869.8617406998625,39.95960235595703,347.5932926302711,1038956003.6590563
HPE,8,0.2692836743113997,14.472372496592534,13125472.048051948,3799134.413460422,volume,51947800.18295282,3799134.413460422,4.487094402313232,170470.74760273824,1039126474.4066591
SSDOY,11,0.26922067145506146,45.88598981570936,40532.56056448451,37197.53322533118,volume,51956323.72033296,37197.53322533118,-40.55311584472656,-15084.758740249206,1039111389.6479189
OVLY,10,0.2691254175250458,17.479212064081338,10172.178361426892,3556.033254660801,volume,51955569.48239595,3556.033254660801,10.584415435791016,376.3853327081795,1039111766.0332516
HWBK,11,0.2690701929488545,19.01678747929002,8430.134012539185,3206.2813387678425,volume,51955588.30166259,3206.2813387678425,59.47259140014648,1906.8585997445452,1039113672.8918513
GGNPF,11,0.2690488633585014,3.499533868284259,2367.1758715236974,165.68024269164977,volume,51955683.64459257,165.68024269164977,0.1757446378469467,0.2911741425023822,1039113673.1830255
NRC,10,0.2689930748529078,35.3908663439031,35636.17522540181,25223.902288202127,volume,51955683.65915128,25223.902288202127,-57.7800407409668,-14574.381018584845,1039099098.8020068
SOME,8,0.26896564905415243,41.75118776453752,477.58408467267736,398.79405585047476,volume,51954954.94010034,398.79405585047476,-13.114399909973145,-52.29944730143292,1039099046.5025595
EMLAF,11,0.2689411829785875,23.75877633053713,3793.1581832419733,1802.4159372398526,volume,51954952.32512798,1802.4159372398526,26.59119033813477,479.2838525563249,1039099525.7864121
OMVJF,9,0.268908226229148,44.08412935517901,296.30341042728344,261.2455574731412,volume,51954976.28932061,261.2455574731412,4.6480712890625,12.142879750860349,1039099537.929292
HOMB,9,0.26889178396508395,21.72006661129596,787743.6622257053,342196.89632337086,volume,51954976.8964646,342196.89632337086,11.42632293701172,39100.522454339545,1039138638.4517463
CVCO,11,0.26885914285006124,195.84597485571422,59166.4498825372,231750.22111994514,volume,51956931.92258732,231750.22111994514,30.36990547180176,70382.3230848189,1039209020.774831
FMBM,10,0.2688550732230802,25.473172741780502,1474.0626713670192,750.98106119885,volume,51960451.03874156,750.98106119885,-10.658289909362791,-80.04173866698264,1039208940.7330924
UBS,9,0.2688107247193381,17.759738636540842,2633552.9591836734,935424.2448118151,volume,51960447.03665462,935424.2448118151,110.8056182861328,1036502.6180621203,1040245443.3511546
TGOPF,10,0.26878834143830105,15.603366007380226,3139.6590819929384,979.7849958946244,volume,52012272.16755773,979.7849958946244,85.23436737060547,835.1135428428959,1040246278.4646974
TPH,11,0.2687133765971384,19.251220556780158,1530963.0321821037,589458.139936292,volume,52012313.92323487,589458.139936292,0.2764254808425903,1629.4124976846838,1040247907.877195
MBFJF,10,0.26859736573399257,6.235698747709656,69959.13014504116,8724.8812047258,volume,52012395.39385975,8724.8812047258,51.30398178100586,4476.211463686929,1040252384.0886587
VEON,11,0.26858445987095075,60.46327287129528,170403.57597173145,206063.15824446589,volume,52012619.204432935,206063.15824446589,39.92977142333984,82280.5480747303,1040334664.6367334
TMUS,9,0.2684802131579415,96.66241753756346,4459687.563579278,8621683.627155585,volume,52016733.23183668,8621683.627155585,50.184852600097656,4326779.219934783,1044661443.8566682
FABP,10,0.2684354700161943,37.82709948520683,356.48805327066196,269.69818112714086,volume,52233072.192833416,269.69818112714086,-13.280189514160156,-35.81642956992723,1044661408.0402386
ASRV,9,0.2683956090829801,3.5497026644029153,22155.62441314554,1572.9175802170598,volume,52233070.40201193,1572.9175802170598,-28.494775772094727,-448.1993375627094,1044660959.840901
GCBC,9,0.2683710944316275,16.760308464601653,12430.030943987465,4166.623056915471,volume,52233047.99204505,4166.623056915471,5.584855079650879,232.69985944404843,1044661192.5407605
AGESY,10,0.2683519156117486,45.60527603540435,8351.653755868545,7617.589497770131,volume,52233059.62703803,7617.589497770131,17.938817977905273,1366.5055143090124,1044662559.0462748
CZBC,11,0.2683439068029723,14.650221567714915,757.9176470588235,222.07322918985832,volume,52233127.95231374,222.07322918985832,-1.3271079063415527,-2.9471513824466067,1044662556.0991234
FRSB,9,0.26826034007339494,9.369927605039878,1468.8229533881708,275.2552947573605,volume,52233127.80495617,275.2552947573605,21.7568473815918,59.88687439010958,1044662615.9859977
ETN,8,0.26825399550843965,124.74975325946382,2358214.3164904034,5883733.082302259,volume,52233130.79929989,5883733.082302259,36.93103790283203,2172923.6947265146,1046835539.6807243
CZFS,11,0.2681972129760743,56.12399802659766,3775.84103367267,4238.305894451828,volume,52341776.984036215,4238.305894451828,62.83956146240234,2663.3328375086776,1046838203.0135617
MSBHF,9,0.2681622623959093,9.994769356756386,11318.234809878479,2262.4629290069374,volume,52341910.15067809,2262.4629290069374,122.2538833618164,2765.948790332476,1046840968.962352
FND,11,0.2681584854439008,74.33743645826893,1206170.0991177997,1793271.8620206672,volume,52342048.44811761,1793271.8620206672,-8.739404678344727,-156721.2850048738,1046684247.6773472
RVT,8,0.26814154151928327,14.492242267859865,264963.1317130537,76798.19793672874,volume,52334212.38386736,76798.19793672874,-28.652862548828125,-22004.88209478784,1046662242.7952523
AFLYY,10,0.2680386318607571,6.509052462910822,48763.04420970266,6348.024260243888,volume,52333112.13976262,6348.024260243888,-52.02764892578125,-3302.7277758431123,1046658940.0674764
RNMBF,9,0.2680308126294583,157.6720453933004,64.37279498235986,202.99580505104532,volume,52332947.003373824,202.99580505104532,266.43878173828125,540.8595499578216,1046659480.9270264
ACDVF,11,0.26784344056505266,16.132547354932385,81950.45422396857,26441.39167052783,volume,52332974.04635132,26441.39167052783,24.48025894165039,6472.921148721191,1046665953.848175
REXR,10,0.26781728447071695,39.84345354560963,904487.2955703646,720757.9508730381,volume,52333297.692408755,720757.9508730381,-26.312503814697266,-189649.463318202,1046476304.3848568
UHAL,11,0.2678110552785495,45.576458938832275,468570.83195916767,427115.98565442965,volume,52323815.21924284,427115.98565442965,6.062423706054688,25893.580766663286,1046502197.9656235
TIMB,10,0.2677795674647989,14.573428791520548,876807.2020400157,255561.74645645078,volume,52325109.89828118,255561.74645645078,-15.8980131149292,-40629.239968388654,1046461568.7256551
SON,8,0.2677483541549122,54.23124655047289,498079.8094864759,540229.7790014729,volume,52323078.436282754,540229.7790014729,-2.8440070152282715,-15364.172813154077,1046446204.5528419
GNGBF,11,0.2676987028191289,21.094312571470663,393.2628280454367,165.91218035061925,volume,52322310.2276421,165.91218035061925,-21.568265914916992,-35.78438024325822,1046446168.7684617
PAYC,8,0.26769453794946013,195.22629565437464,633282.9419835359,2472669.6572909993,volume,52322308.43842309,2472669.6572909993,-54.578102111816406,-1349536.1704441824,1045096632.5980175
DYFSF,10,0.2676522137418909,0.25507490204890765,31575.524667188725,161.08247723252063,volume,52254831.62990087,161.08247723252063,-19.35403823852539,-31.175964239145998,1045096601.4220532
MITSF,11,0.2676285046971537,10.630997013643833,3327.391219129753,707.4697222758624,volume,52254830.071102664,707.4697222758624,-19.55728530883789,-138.36187205913347,1045096463.0601811
GRC,9,0.26756099258203464,31.613571684188603,56403.165752351095,35662.11047454246,volume,52254823.15300906,35662.11047454246,58.48136520385742,20855.68906602027,1045117318.7492471
LADR,8,0.26751595817401075,13.061517055807558,707611.5962367699,184849.6186626756,volume,52255865.93746236,184849.6186626756,-5.534252643585205,-10230.044907496296,1045107088.7043395
APELY,10,0.2674357598680419,35.04974349265181,1842.6165884194054,1291.6647755881065,volume,52255354.43521698,1291.6647755881065,18.83683586120605,243.3087736545471,1045107332.0131131
IDXX,8,0.2674025630544296,306.59161426430586,556462.4502351097,3412134.4179010647,volume,52255366.60065566,3412134.4179010647,-17.7217960357666,-604691.5020066187,1044502640.5111065
WTS,8,0.2673971213765925,110.02294462823288,148955.39654495486,327770.22692284075,volume,52225132.02555533,327770.22692284075,4.154535293579102,13617.32975935373,1044516257.8408659
FDRVF,8,0.267343676836775,29.46263772723164,491.5268311790051,289.6335392048235,volume,52225812.89204329,289.6335392048235,-39.33095169067383,-113.91562738463796,1044516143.9252385
WLMIF,10,0.2672422581877329,2.680216064722715,5571.630938358853,298.6634949539099,volume,52225807.19626193,298.6634949539099,-25.720882415771484,-76.81888635592877,1044516067.1063521
PIM,9,0.26703377540301854,4.142710704328686,117416.1666013328,9728.424204811636,volume,52225803.35531761,9728.424204811636,5.722229957580566,556.6828042482504,1044516623.7891563
FR,8,0.26702049562660285,38.76671760071972,917453.9667058362,711333.5767789053,volume,52225831.18945782,711333.5767789053,-22.832569122314453,-162415.7306082753,1044354208.0585481
VLY,9,0.2669751945264214,10.521148416169448,2734907.268158618,575487.305455147,volume,52217710.402927406,575487.305455147,-21.941593170166016,-126271.08330891898,1044227936.9752393
OAKV,10,0.266933916496171,8.043785487189568,832.280282242258,133.89368111148625,volume,52211396.84876197,133.89368111148625,64.23206329345703,86.00267399746937,1044228022.9779133
DAIO,11,0.2669221217000278,4.517128038985149,43189.1327329679,3901.8168489508116,volume,52211401.148895666,3901.8168489508116,-6.447810173034668,-251.58174371983117,1044227771.3961695
GWRS,10,0.266867266107062,11.879915062717826,26420.06473829201,6277.362500848307,volume,52211388.56980848,6277.362500848307,-2.9629037380218506,-185.9922081868164,1044227585.4039613
MS,10,0.26684893883337873,61.52138776640853,10202781.694237554,12553785.778144063,volume,52211379.27019807,12553785.778144063,39.88574981689453,5007171.588019428,1049234756.9919807
WINA,11,0.26678457046758064,193.5277599968253,12269.407930899097,47489.4206670837,volume,52461737.84959903,47489.4206670837,10.533246040344238,5002.177521998012,1049239759.1695027
TRVR,11,0.26676764991234914,31.397623710152864,564.3240377062058,354.3686757298713,volume,52461987.95847514,354.3686757298713,11.024469375610352,39.06726613259561,1049239798.2367688
PCCYF,9,0.2666647769502436,0.640683300959648,50182.270090160724,643.0188490202556,volume,52461989.91183844,643.0188490202556,92.17604064941406,592.7093156563052,1049240390.9460845
BSRR,11,0.2666106008410852,22.688507428564748,33063.1744913928,15003.08160119796,volume,52462019.54730423,15003.08160119796,40.01003646850586,6002.738420038997,1049246393.6845046
HCEI,9,0.26654937405487167,88.05299392632391,730351.1328369906,1286192.0772755865,volume,52462319.68422523,1286192.0772755865,0.0,0.0,1049246393.6845046
ATS,11,0.2664164880518344,20.586733174995636,16104.591940532082,6630.8187434383835,volume,52462319.68422523,6630.8187434383835,-7.565560340881348,-501.6585931293012,1049245892.0259115
MTD,8,0.26640949415092197,865.8131471616714,152760.15052920423,2645234.9338116194,volume,52462294.601295575,2645234.9338116194,-32.07281875610352,-848401.4059945357,1048397490.6199169
SHCAF,9,0.2662027181569199,14.87079772020218,369.81575852606824,109.98910677568591,volume,52419874.530995846,109.98910677568591,-7.728718280792236,-8.50074820225253,1048397482.1191688
WELPP,11,0.2661594415666095,84.03538440279824,232.62367282736926,390.972395344775,volume,52419874.10595844,390.972395344775,7.538632392883301,29.47397164269297,1048397511.5931405
CLS,10,0.26609774558259636,15.084921690385231,664540.5285826155,200490.8366751193,volume,52419875.579657026,200490.8366751193,357.0191955566406,715790.7722622892,1049113302.3654027
TSBA,9,0.2660672122080561,11.127082051618032,1445.990361445783,321.7930679531209,volume,52455665.11827014,321.7930679531209,45.728363037109375,147.1507023418552,1049113449.516105
TKOMF,10,0.2660639537586005,17.739909806967997,1849.6453511180855,656.2508340742497,volume,52455672.47580525,656.2508340742497,67.7547607421875,444.6411824956178,1049113894.1572875
SMTOF,10,0.26605675757242736,13.689296856569273,593.4537617554859,162.47929430637166,volume,52455694.707864374,162.47929430637166,34.33320999145508,55.784357306840896,1049113949.9416448
SLF,9,0.2660335473262472,42.62199137323933,565311.2865542924,481893.85557423765,volume,52455697.49708224,481893.85557423765,43.08951187133789,207645.71010490903,1049321595.6517497
MONRF,11,0.26596317095224997,41.7423248967672,998.232849862799,833.3711988319758,volume,52466079.78258749,833.3711988319758,-20.017099380493164,-166.81674107860388,1049321428.8350087
RYKKY,11,0.2659281950950187,19.500303800258905,34671.34263114072,13522.034289402238,volume,52466071.44175044,13522.034289402238,45.69416809082031,6178.781077497819,1049327607.6160862
PG,10,0.2658905716887592,116.81210513771025,8106498.286162289,18938742.602037143,volume,52466380.380804315,18938742.602037143,9.869754791259766,1869207.4553689153,1051196815.0714551
MUFG,9,0.2658567087977761,6.253984711582358,2034546.3245785967,254480.43217841245,volume,52559840.75357276,254480.43217841245,129.5998077392578,329806.1508372549,1051526621.2222924
NDBKY,10,0.2657391986505144,14.585227950981018,16845.806350450803,4913.998512788172,volume,52576331.061114624,4913.998512788172,28.52032852172852,1401.4885194000403,1051528022.7108119
CNSWF,8,0.2656904804553112,1189.7360884891232,876.1679718089272,20848.17311278803,volume,52576401.1355406,20848.17311278803,33.278419494628906,6937.942505440034,1051534960.6533173
ISUZF,10,0.26568613383928796,12.293080368027038,547.9329674637397,134.71568010646592,volume,52576748.03266587,134.71568010646592,-1.9392125606536863,-2.6124233897946265,1051534958.0408939
CTS,9,0.2656643867890216,30.49777017315571,129941.31440877056,79258.40685672902,volume,52576747.9020447,79258.40685672902,13.047164916992188,10340.97505317808,1051545299.0159471
JOUT,8,0.265560565627902,60.898351633422564,36925.5680125441,44974.12450183542,volume,52577264.95079736,44974.12450183542,-46.09259796142578,-20729.742393302084,1051524569.2735538
CDP,11,0.2655300942842988,27.145727981746546,808115.7487279844,438737.8058547061,volume,52576228.4636777,438737.8058547061,31.04206275939941,136193.2650426298,1051660762.5385965
EVOTF,11,0.2654810097203528,19.027495492690228,306.615896632733,116.68265182333,volume,52583038.12692983,116.68265182333,-7.953100681304932,-9.279888777125919,1051660753.2587076
ZTS,8,0.2651962198477447,119.63379660951983,2533145.7974087163,6060996.982189085,volume,52583037.66293538,6060996.982189085,-22.72371864318848,-1377283.9012047923,1050283469.3575028
WSO,8,0.2651782865443761,227.01598741870606,243727.44758539458,1106600.5434927857,volume,52514173.467875145,1106600.5434927857,32.523773193359375,359908.25092207576,1050643377.6084249
ARLP,10,0.26511675592017486,18.15723004102334,466094.72535211267,169259.78298251808,volume,52532168.88042125,169259.78298251808,32.68193054199219,55317.364709873276,1050698694.9731349
LRCDF,11,0.2651135955769874,32.01491083438982,1318.5554684437475,844.2687150484737,volume,52534934.74865675,844.2687150484737,6.855887413024902,57.88211256711539,1050698752.8552475
HBCYF,11,0.2650810550922108,7.503468265167224,18781.42437304075,2818.51643515499,volume,52534937.64276238,2818.51643515499,9.137792587280272,257.55018588286885,1050699010.4054334
SBGOF,10,0.2650555482375834,10.467310733301693,1009.5370442963543,211.34275878857792,volume,52534950.520271674,211.34275878857792,46.9411735534668,99.20677119563106,1050699109.6122047
MSVB,10,0.2648855253600009,11.039892363295934,2723.3061544492357,601.3001363484187,volume,52534955.48061024,601.3001363484187,23.719676971435547,142.62644997064643,1050699252.2386546
MHGVY,8,0.2648056786116337,19.223406503827654,56225.96158369267,21617.09031183843,volume,52534962.61193273,21617.09031183843,-26.2851676940918,-5682.088439050003,1050693570.1502155
DOV,8,0.264797523609237,106.72812811956801,1267766.4291307752,2706126.7574791326,volume,52534678.50751078,2706126.7574791326,-17.80912208557129,-481937.4180297704,1050211632.7321857
FMBM,8,0.2647758261400727,25.473172741780502,1474.0626713670192,750.98106119885,volume,52510581.636609286,750.98106119885,-40.34098815917969,-302.9531809759101,1050211329.7790047
APD,8,0.2647610765081683,212.1883194704011,1228455.5696400625,5213278.457319583,volume,52510566.48895024,5213278.457319583,-11.307795524597168,-589506.8680815721,1049621822.9109231
OCLDY,10,0.26474976469918543,12.248584876851165,1025.2912583300667,251.16734002298713,volume,52481091.14554616,251.16734002298713,12.96548843383789,32.56507242025869,1049621855.4759955
EQC,8,0.2646903440261754,27.333497856161056,870611.5189972582,475937.16176121356,volume,52481092.77379978,475937.16176121356,-26.06220817565918,-124039.73388353125,1049497815.742112
NFLX,10,0.26468510771799486,330.0474204239496,8980431.467659742,52474890.787105605,capital,52474890.787105605,59279364.80390323,112.80279541015624,59193143.69628166,1108690959.4383938
SLGN,10,0.2646697811053332,35.21779106869879,507869.7408859271,357721.0084926954,volume,55434547.97191969,357721.0084926954,23.75615501403809,84980.75729530507,1108775940.1956892
NDEKY,11,0.2646505668505902,13.90320977095481,30516.463739709918,8485.535936818462,volume,55438797.00978446,8485.535936818462,3.45451283454895,293.13392801765724,1108776233.3296173
TAL,10,0.26463630334351573,22.675122909566475,6152848.067085131,2790331.7233008775,volume,55438811.66648087,2790331.7233008775,36.701908111572266,1024104.985093939,1109800338.314711
MET,9,0.2645782051509756,53.043214365063065,5670431.418659349,6015558.1856467305,volume,55490016.91573556,6015558.1856467305,25.633832931518555,1542018.1352069716,1111342356.449918
LOW,11,0.2645537599582158,140.5046316391344,4474703.37122697,12574330.977372766,volume,55567117.82249591,12574330.977372766,14.552424430847168,1829870.013166778,1113172226.4630847
BG,11,0.26453493847095444,76.89099764861224,1324647.9436619717,2037070.0384270344,volume,55658611.32315424,2037070.0384270344,-20.565353393554688,-418930.6522767399,1112753295.810808
MTSI,9,0.2644576113565071,48.65540963609936,589301.6440611525,573454.2578204438,volume,55637664.7905404,573454.2578204438,103.21672821044922,591900.7227057763,1113345196.5335138
WARFY,10,0.2644100995406017,8.24830193747995,16816.372202591283,2774.130308400353,volume,55667259.82667569,2774.130308400353,22.733285903930664,630.6509743562457,1113345827.184488
CBAN,11,0.26432505761095915,13.279741788134329,21595.6279342723,5735.687254395139,volume,55667291.35922441,5735.687254395139,45.42683410644531,2605.5411339186076,1113348432.725622
BDL,11,0.2642902710588359,25.428452445458134,3449.1550509005483,1754.1335037767265,volume,55667421.6362811,1754.1335037767265,-11.24509048461914,-197.253899720713,1113348235.4717224
MGPHF,11,0.2641918970865155,0.5027948247830291,51781.04664837319,520.704845533013,volume,55667411.773586124,520.704845533013,-56.918060302734375,-296.3750979797402,1113347939.0966244
PKE,9,0.26419092265926697,15.937161896846566,91747.9792238338,29244.047971975087,volume,55667396.95483122,29244.047971975087,21.967153549194336,6424.084922003819,1113354363.1815464
OLED,10,0.26411850544081855,131.9031928498714,613081.207369659,1617347.3745662428,volume,55667718.159077324,1617347.3745662428,5.721030235290527,92528.93230861229,1113446892.113855
ENZ,9,0.2640389743724805,3.793673614948731,270437.8950665623,20519.06213992582,volume,55672344.605692744,20519.06213992582,-47.334259033203125,-9712.5460244964,1113437179.5678303
STLA,10,0.2640365477192618,14.580363576178458,5741983.838823529,1674404.2403717586,volume,55671858.97839152,1674404.2403717586,-31.79795455932617,-532426.2994928423,1112904753.2683375
HTCMY,10,0.26399873445162997,50.56638256957912,377.99333855799375,382.2751153255191,volume,55645237.66341688,382.2751153255191,-25.96179580688477,-99.24548486134454,1112904654.0228527
PLDGP,11,0.26392550482388205,65.60585646141467,353.2744021952176,463.5373944382305,volume,55645232.70114264,463.5373944382305,4.27574348449707,19.819669940900123,1112904673.8425226
MGA,11,0.263808148317559,54.32501956426784,1336489.4217953742,1452096.2797294143,volume,55645233.69212613,1452096.2797294143,-5.980362892150879,-86840.62707124132,1112817833.2154515
LSBK,11,0.26377119803959775,13.984914619718493,2101.758051846033,587.858138127453,volume,55640891.66077258,587.858138127453,10.81279468536377,63.56389351692364,1112817896.779345
UOVEF,9,0.263683772721534,18.37740872184295,4427.836670592855,1627.4432849809837,volume,55640894.838967256,1627.4432849809837,37.23137664794922,605.9195391630276,1112818502.6988842
FONR,8,0.2636673757937772,18.91877399441592,29653.943595769684,11220.32513863048,volume,55640925.134944215,11220.32513863048,33.60905075073242,3771.044770239506,1112822273.7436545
SWK,8,0.26360948303449777,127.39253043903936,1334044.1749705768,3398945.263339247,volume,55641113.687182724,3398945.263339247,-48.76324081420898,-1657435.8639052664,1111164837.8797493
NINOY,11,0.2635564472570283,12.603875805844703,16392.028224225793,4132.06175888086,volume,55558241.89398747,4132.06175888086,1.7794530391693115,73.52809854875836,1111164911.4078476
ASMVY,11,0.26352806519413385,32.113141399407425,8733.80007824726,5609.395137338199,volume,55558245.570392385,5609.395137338199,-18.018428802490234,-1010.7248690716327,1111163900.6829786
FUL,8,0.263438000193005,55.860607163653015,343300.45397571486,383539.435972823,volume,55558195.03414893,383539.435972823,-1.45558762550354,-5582.752568946485,1111158317.9304097
PHMMF,9,0.26342745495356246,52.22190015307433,497.5265287769784,519.6356141859405,volume,55557915.89652049,519.6356141859405,-11.69967269897461,-60.79566608706152,1111158257.1347437
CHDRF,10,0.2633950260496432,480.3877209608874,23.413469068128425,224.95086090852894,volume,55557912.85673719,224.95086090852894,-31.490358352661133,-70.83783221749208,1111158186.2969115
IGGGF,11,0.26337575867201407,0.8407007741198248,6008.8363265306125,101.03266702547221,volume,55557909.31484558,101.03266702547221,12.373819351196287,12.50159970342759,1111158198.7985113
NOA,11,0.26332652411344204,10.059968638728526,75866.56762054097,15264.305819812385,volume,55557909.93992557,15264.305819812385,2.8936188220977783,441.69082626465774,1111158640.4893377
UEPEO,8,0.2632687419023558,94.72992159844942,176.4124803767661,334.230808701581,volume,55557932.02446689,334.230808701581,-30.31151580810547,-101.31042441513848,1111158539.178913
MCUJF,9,0.26324631187179537,2.72177008758195,2823.2222657781263,153.68323827180484,volume,55557926.95894566,153.68323827180484,-6.991260528564453,-10.74439557631635,1111158528.4345176
KMDA,8,0.26310573361287687,5.4056448485981194,59902.502548020384,6476.233086336842,volume,55557926.421725884,6476.233086336842,-17.817909240722656,-1153.9293335411503,1111157374.5051842
SRCE,9,0.26307755011248996,44.42420227786505,53216.29909839279,47281.83271252737,volume,55557868.725259215,47281.83271252737,19.420869827270508,9182.543183047745,1111166557.0483673
FDP,8,0.26304084444344483,35.015918514283086,219522.72189580885,153735.7948387454,volume,55558327.85241836,153735.7948387454,-11.6221284866333,-17867.37160610596,1111148689.6767612
JXHGF,10,0.26299064956208995,4.373269282991117,6957.310858486868,608.5238773928236,volume,55557434.48383806,608.5238773928236,40.67087936401367,247.49201207565375,1111148937.1687732
CBT,11,0.26297482976643705,57.44609195313575,367569.16516634054,422308.2412256588,volume,55557446.85843866,422308.2412256588,0.1752711832523346,740.1846513683357,1111149677.3534245
FANUF,10,0.26291092673952726,36.53871369128409,3803.7540148844496,2779.6855780387054,volume,55557483.86767123,2779.6855780387054,-16.000001907348633,-444.74974550448775,1111149232.603679
DLMAF,10,0.2628862268045901,42.78608845506876,7094.564604541895,6070.973374402588,volume,55557461.63018395,6070.973374402588,50.17256164550781,3045.962858754504,1111152278.5665376
MYGN,11,0.2627927834079125,26.824029761732724,865646.7361818894,464402.67628979596,volume,55557613.92832688,464402.67628979596,-41.9403190612793,-194771.9641650605,1110957506.6023726
SBFFF,11,0.2627706693313483,15.599121943495872,553.7154057232458,172.74948271738407,volume,55547875.330118634,172.74948271738407,18.86543273925781,32.589937469463884,1110957539.19231
MDVT,8,0.2627556175833727,34.051084022492006,148.8711704634721,101.38449467956838,volume,55547876.959615506,101.38449467956838,-43.193992614746094,-43.792011144390415,1110957495.4002988
ACCO,9,0.26273321760765284,8.381971834970752,607266.2030516432,101801.76420617008,volume,55547874.77001494,101801.76420617008,11.571285247802734,11779.772523591482,1110969275.1728225
FOJCF,8,0.2626932025225092,19.097224210506788,349.0795142969056,133.32899503645632,volume,55548463.758641124,133.32899503645632,-58.01008224487305,-77.34425967691102,1110969197.8285627
PEGRF,11,0.26252866250684775,11.227581239129833,1025.4802038416308,230.27324595502662,volume,55548459.89142814,230.27324595502662,-13.730557441711426,-31.61780030874836,1110969166.2107623
HNGKY,11,0.2625218697714427,28.22333858827812,1672.3287617554859,943.9740174788194,volume,55548458.31053811,943.9740174788194,32.49491500854492,306.74355468248933,1110969472.954317
NTAP,10,0.2623559526333476,62.00740101962686,2557285.3735789885,3171412.393622773,volume,55548473.64771586,3171412.393622773,57.439701080322266,1821649.7989212142,1112791122.7532382
NMR,11,0.2623466666869233,4.964529596932119,844200.2199137593,83821.13954996922,volume,55639556.13766191,83821.13954996922,1.895358085632324,1588.7107459294953,1112792711.463984
THVB,8,0.2622643509191098,47.91675817348894,422.1899529042386,404.59947753178176,volume,55639635.573199205,404.59947753178176,-4.797454833984375,-19.410477193123988,1112792692.0535069
CFBK,9,0.2622613024957628,14.501576682974234,5040.707909162099,1461.964245623778,volume,55639634.60267535,1461.964245623778,3.20773720741272,46.89597106594462,1112792738.949478
SLRC,8,0.2622562044893617,18.226074632220715,159123.73696589572,58004.022113965475,volume,55639636.9474739,58004.022113965475,-15.876689910888672,-9209.11872687759,1112783529.830751
IDCBY,10,0.262208573131371,12.637445144145092,86881.40556426332,21959.179937292,volume,55639176.49153755,21959.179937292,31.73232650756836,6968.158676085942,1112790497.9894269
AZPN,11,0.26213686327342395,118.82329169498736,466817.17018779344,1109375.0556290548,volume,55639524.89947134,1109375.0556290548,15.6368408203125,173471.21154896854,1112963969.200976
CWST,10,0.2620913130634067,47.11647613289399,248022.8010963195,233719.20776536505,volume,55648198.460048795,233719.20776536505,32.73751449584961,76513.85952177124,1113040483.0604978
CMSQF,9,0.26206961717045996,12.305387638655134,462.8425998433829,113.90915213511536,volume,55652024.15302489,113.90915213511536,8.027099609375,9.14360110608022,1113040492.204099
PDER,9,0.2619736532295685,204.77651100652164,170.94786358290867,700.1221413705372,volume,55652024.61020495,700.1221413705372,13.2128267288208,92.50592542939889,1113040584.7100244
BPOPO,8,0.26187118562999595,23.168631382362516,565.5878431372549,262.0779250398507,volume,55652029.23550122,262.0779250398507,-7.344282627105713,-19.247743518180886,1113040565.462281
QBEIF,11,0.2618544951648751,8.709000374372685,2290.1693453547628,398.9017137214296,volume,55652028.273114055,398.9017137214296,2.188298463821411,8.729160073523326,1113040574.191441
TWODF,10,0.2618061799195947,2.1031789596498105,8510.14678178964,357.96723309983037,volume,55652028.709572054,357.96723309983037,-1.03382670879364,-3.7007608645156336,1113040570.4906802
GAIN,11,0.2617261492668871,11.312412885045052,156578.94085389737,35425.71256084671,volume,55652028.52453402,35425.71256084671,-4.758133888244629,-1685.6028345097816,1113038884.8878458
CBOBA,8,0.26165293672665985,6.72929421329574,4522.291435368755,608.636591737277,volume,55651944.24439229,608.636591737277,4.732493877410889,28.803689439648938,1113038913.6915352
CEVIF,11,0.2614627343967682,1.5368258348183157,4807.40156555773,147.76277848590271,volume,55651945.684576765,147.76277848590271,35.9999885559082,53.19458334481696,1113038966.8861187
NHC,9,0.2614232020817797,72.61768328802393,39452.72402979224,57299.30836890528,volume,55651948.34430593,57299.30836890528,104.5251693725586,59892.199121902886,1113098859.0852406
OOBHF,9,0.2614016449457814,4.266497899439277,1212.7180487804878,103.48118015468101,volume,55654942.95426203,103.48118015468101,-67.88990783691406,-70.25327783556395,1113098788.8319628
AMIGY,11,0.2613411087559942,29.348891996255315,5038.4045383411585,2957.4318125843456,volume,55654939.44159815,2957.4318125843456,-2.141735076904297,-63.34035450564548,1113098725.4916084
SFM,11,0.26130473861876424,31.834202274440646,1982329.424147393,1262117.517257671,volume,55654936.27458042,1262117.517257671,84.90921020507812,1071654.0157634292,1114170379.507372
CX,11,0.26121833995620847,6.286038443924584,9390173.765857479,1180539.8657462439,volume,55708518.9753686,1180539.8657462439,-27.78915405273437,-328062.04194616724,1113842317.4654257
NIDB,8,0.26104500617616905,18.0500372392991,560.6968627450981,202.41198505014395,volume,55692115.87327129,202.41198505014395,-26.65957260131836,-53.962170108212796,1113842263.5032556
TUSK,11,0.2610300287883999,9.444420378127145,237656.78300970874,44890.61128914069,volume,55692113.175162785,44890.61128914069,-17.25761604309082,-7747.049335676283,1113834516.4539201
EHGRF,8,0.26093495136839134,2.584976528968863,3065.902114330462,158.50570011320514,volume,55691725.82269601,158.50570011320514,-85.781982421875,-135.96933180877954,1113834380.4845884
FBAK,11,0.26092674658788506,6473.31080182767,200.7042694868782,25984.422312846804,volume,55691719.02422942,25984.422312846804,15.3743896484375,3994.946334272603,1113838375.4309227
ORBT,9,0.2606449950618296,5.05539004282127,1923.5542924343395,194.48634433597348,volume,55691918.77154614,194.48634433597348,-30.39716529846192,-59.11833557074169,1113838316.3125873
FUND,8,0.2606322200286824,7.341427184066443,45033.3098315707,6612.175299719595,volume,55691915.81562936,6612.175299719595,-9.765854835510254,-645.7354412400807,1113837670.577146
FMCB,8,0.26053634369160494,762.3809678660062,114.29847238542891,1742.7796000561855,volume,55691883.528857306,1742.7796000561855,0.0880134329199791,1.5338801542385307,1113837672.111026
MARUF,11,0.26050651846505585,8.643607759419632,5563.855742845943,961.8357334230935,volume,55691883.6055513,961.8357334230935,-24.43986320495605,-235.0713375049898,1113837437.0396886
KIGRY,11,0.2604900323741386,15.782343447069724,20840.578408562124,6578.263321590264,volume,55691871.851984434,6578.263321590264,-28.655746459960938,-1885.050458903511,1113835551.9892297
PHD,9,0.26047901345019286,10.580208628470174,74982.5766366131,15866.6260863124,volume,55691777.59946149,15866.6260863124,14.14060115814209,2243.6363121191666,1113837795.625542
LITE,11,0.2604380806937547,59.39252512307169,1346388.463939266,1599308.2133985353,volume,55691889.7812771,1599308.2133985353,95.36856842041016,1525237.3477482214,1115363032.9732902
GENGF,11,0.26041855219319243,0.6730391686505726,120879.0411280846,1627.1265869624888,volume,55768151.64866451,1627.1265869624888,-37.64705276489258,-612.5652047453639,1115362420.4080856
CWCO,11,0.260377517765901,15.188696170469328,82826.92012529366,25160.658490376332,volume,55768121.02040428,25160.658490376332,-10.774687767028809,-2710.982392466474,1115359709.425693
FMCQF,11,0.26020217384529765,71.71802388440382,3208.270661966314,4601.816639250644,volume,55767985.47128466,4601.816639250644,5.555696964263916,255.66298732783977,1115359965.0886805
WHF,8,0.2601200112917118,12.945220179496019,67529.73733804475,17483.746370090455,volume,55767998.25443403,17483.746370090455,-18.59585762023925,-3251.2525816657694,1115356713.836099
ORRF,8,0.26009348437705637,21.961846326949875,24253.962367698943,10653.235886780589,volume,55767835.691804945,10653.235886780589,1.902644157409668,202.69317017490087,1115356916.529269
MEI,9,0.26005962097632784,34.60943158193459,280911.9533516268,194444.06060141456,volume,55767845.82646345,194444.06060141456,-68.34524536132812,-132893.27030856634,1115224023.2589602
IEX,8,0.26004418787291245,157.33883025130507,406727.6935736677,1279881.1907538427,volume,55761201.16294801,1279881.1907538427,-11.01703643798828,-141004.97714830915,1115083018.281812
BXSY,8,0.2599374650085791,12.272359153287885,38160.0641627543,9366.280254356616,volume,55754150.9140906,9366.280254356616,-19.987428665161133,-1872.0785844186014,1115081146.2032275
PKX,11,0.25992177730746574,60.39688749773182,245404.3633869071,296433.1945386305,volume,55754057.31016138,296433.1945386305,-36.74319839477539,-108919.03677729948,1114972227.1664503
PNC,9,0.25983992841581144,135.87598966795153,2290568.2696981574,6224664.610944889,volume,55748611.358322516,6224664.610944889,20.913923263549805,1301821.580146355,1116274048.7465966
TTDKF,9,0.2597730952679,6.547972470942995,3711.9638932496077,486.1167477226563,volume,55813702.43732983,486.1167477226563,102.48258209228516,498.184995049218,1116274546.9315917
VTKLY,11,0.2596929884020372,9.49210835944731,9235.157832744406,1753.2223773001695,volume,55813727.34657959,1753.2223773001695,3.46702527999878,60.78466303559247,1116274607.7162547
CUZ,11,0.259606143362169,31.543121110860874,1063296.8245888802,670794.0102960168,volume,55813730.38581274,670794.0102960168,28.398481369018555,190495.31203840673,1116465103.0282931
MKSI,11,0.2595753140070838,93.37371428103505,512359.0709525676,956817.3900084323,volume,55823255.15141466,956817.3900084323,-13.94554042816162,-133433.35594730676,1116331669.6723459
AIT,9,0.2594475392690014,87.90018391049524,208405.2738654147,366377.2380137416,volume,55816583.4836173,366377.2380137416,102.78470611572266,376579.767367326,1116708249.4397132
VPOR,9,0.2593772249123414,0.0006423164521185962,23633858.364742834,303.60832109430055,volume,55835412.47198567,303.60832109430055,0.0,0.0,1116708249.4397132
DITTF,11,0.25937471091320374,116.27627416504671,106.8061863743148,248.38050818765808,volume,55835412.47198567,248.38050818765808,-1.742419958114624,-4.327831546728282,1116708245.1118817
AIPUY,11,0.2593468906403567,17.038698788913017,1752.306338028169,597.1403975913033,volume,55835412.25559409,597.1403975913033,4.311153888702393,25.7436414717704,1116708270.8555233
SNMCY,11,0.25933595185655306,9.393709168907055,1736.8972951783614,326.31816094333675,volume,55835413.54277617,326.31816094333675,13.933762550354004,45.46839770452656,1116708316.323921
IPXHF,11,0.2593275906963619,10.213790678220933,1718.030968247746,350.95217376767425,volume,55835415.816196054,350.95217376767425,-16.888734817504883,-59.27138196389144,1116708257.052539
EVOTF,9,0.2592908896980967,19.027495492690228,306.615896632733,116.68265182333,volume,55835412.85262696,116.68265182333,-59.163272857666016,-69.03327567579714,1116708188.0192635
RSG,9,0.2592879831949358,96.90898872533998,1290104.0431203449,2500453.563385301,volume,55835409.40096318,2500453.563385301,54.15069961547852,1354013.0981333032,1118062201.1173968
TKECF,10,0.2592130556222731,4.227967058644196,3134.341310317772,265.03783621142446,volume,55903110.05586985,265.03783621142446,-17.37323570251465,-46.04564798585549,1118062155.0717487
TRCY,10,0.25909150687459076,17.827872838479944,2332.2358712715854,831.5760908474261,volume,55903107.75358744,831.5760908474261,0.43960702419281,3.6556669068732686,1118062158.7274156
MSM,10,0.2590422067237629,80.86944333939681,498452.0196001568,806190.7471292559,volume,55903107.93637078,806190.7471292559,-18.06498146057129,-145638.20900574123,1117916520.51841
SVCTF,10,0.2590108840364728,182.47722915463842,171.7214593958415,626.705121938878,volume,55895826.0259205,626.705121938878,2.902599334716797,18.190738700033965,1117916538.7091486
VVVNF,11,0.25897160037564726,20.6636670611164,6080.576756968983,2512.940272911399,volume,55895826.93545744,2512.940272911399,-34.66753387451172,-871.1744203578065,1117915667.5347283
CBSH,9,0.2589666284466847,54.04613435151759,508800.1315068493,549973.6053097799,volume,55895783.37673642,549973.6053097799,-14.19852066040039,-78088.115976658,1117837579.4187517
ISNPY,10,0.25888990344276513,16.620215603623937,222047.52802822422,73809.55580161631,volume,55891878.97093759,73809.55580161631,44.536014556884766,32871.83451617983,1117870451.2532678
CESDF,11,0.25877991638991027,3.0594951069634955,19765.10567514677,1209.4248820345592,volume,55893522.56266339,1209.4248820345592,34.450042724609375,416.6473885829622,1117870867.9006565
LLY,10,0.2587279247782753,236.24460217495704,4133610.5401803213,19530863.552222185,volume,55893543.39503282,19530863.552222185,70.9649658203125,13860070.644246345,1131730938.5449028
IPI,11,0.258631447260518,36.97737774144243,147014.65425323404,108724.32807698783,volume,56586546.92724514,108724.32807698783,-4.771281719207764,-5187.543989868795,1131725751.000913
HOKCY,9,0.25859820794010874,1.4362345349545762,167430.2934952978,4809.383394310545,volume,56586287.55004565,4809.383394310545,-4.05903959274292,-195.21477614186833,1131725555.7861369
CCRD,9,0.2585524278377102,19.17223091960653,36467.141291585125,13983.12907640377,volume,56586277.78930685,13983.12907640377,-32.076255798339844,-4485.2642511593085,1131721070.5218856
SECYF,11,0.2585161418488849,6.009893772649746,8137.6072128577025,978.1230982564633,volume,56586053.52609429,978.1230982564633,39.14655685424805,382.90151476349894,1131721453.4234002
NKRKF,11,0.2583261132355841,27.364763064420252,245.74228523769807,134.49358820877572,volume,56586072.67117001,134.49358820877572,-10.213251113891602,-13.73616789584557,1131721439.6872323
LGRVF,10,0.2582649278551727,77.85028842999299,361.55546844374754,562.9439500357395,volume,56586071.98436162,562.9439500357395,-1.3438018560409546,-7.564851249050531,1131721432.1223812
FBPA,9,0.2582606053836169,25.443125684822583,219.7066196631414,111.8004627575364,volume,56586071.60611907,111.8004627575364,-17.056304931640625,-19.06902784291072,1131721413.0533533
STLA,11,0.25825561356671184,14.580363576178458,5741983.838823529,1674404.2403717586,volume,56586070.65266767,1674404.2403717586,-40.02223205566406,-670133.9506314644,1131051279.102722
ADVT,9,0.2582312583228123,0.007154520192610096,741492.7191539366,106.10049263720414,volume,56552563.9551361,106.10049263720414,-90.0,-95.49044337348373,1131051183.6122785
UOVEF,10,0.2582005819509434,18.37740872184295,4427.836670592855,1627.4432849809837,volume,56552559.18061393,1627.4432849809837,27.509492874145508,447.70139451260326,1131051631.313673
FRPT,11,0.25816736690741493,60.2624871933933,433713.7801334904,522733.42241785326,volume,56552581.565683655,522733.42241785326,16.539234161376953,86456.10477346848,1131138087.4184465
CIAFF,11,0.2580889269874777,2.269191855259864,26863.93422083007,1219.1884146828868,volume,56556904.37092233,1219.1884146828868,-20.520938873291016,-250.188909327321,1131137837.2295372
WSBC,9,0.2580754465198645,34.04538478783921,183276.2163329407,124794.18615028456,volume,56556891.86147687,124794.18615028456,-19.373125076293945,-24176.533770837723,1131113660.6957664
BIP,11,0.25806987163099804,27.51458706393115,514201.4522691706,282960.81253719865,volume,56555683.034788325,282960.81253719865,8.717458724975586,24666.992040785834,1131138327.6878073
MODG,11,0.25805136692180974,16.76751274578434,1521886.1223049785,510364.89906762075,volume,56556916.38439037,510364.89906762075,-47.40478897094727,-241937.40338479364,1130896390.2844224
ALE,8,0.25804834225831713,64.67606808657938,287955.5121283255,372476.6061663483,volume,56544819.514221124,372476.6061663483,-7.818867206573486,-29123.451211698484,1130867266.8332107
NNOMF,10,0.2580446309390004,1.361961386499102,52680.18463347707,1434.9675460887822,volume,56543363.34166054,1434.9675460887822,-74.5416259765625,-1069.6481410905571,1130866197.1850698
JMHLY,10,0.258030179051379,54.91844379420563,15697.21403371227,17241.331332720863,volume,56543309.859253496,17241.331332720863,-11.120265007019045,-1917.2817349367685,1130864279.9033349
MRTI,8,0.2580230099953492,111.67467469684148,90.21876231769807,201.50301866761183,volume,56543213.99516675,201.50301866761183,-32.61756896972656,-65.72538608998927,1130864214.1779487
UHT,10,0.2580089164289875,61.76251669720102,51362.55162936788,63445.60905239367,volume,56543210.70889744,63445.60905239367,-16.961271286010742,-10761.18187043828,1130853452.9960783
CRH,8,0.25799453474761913,41.776100242333946,1175080.9197337509,981805.9659130229,volume,56542672.649803914,981805.9659130229,24.59464836120605,241471.7249056505,1131094924.720984
RCBC,9,0.2579410868084104,195.16143123218473,106.03684829478635,413.886061531211,volume,56554746.236049205,413.886061531211,23.67248916625977,97.97713307663517,1131095022.6981173
WLMIY,10,0.2578338890378138,26.85397330554832,6508.528072241853,3495.596782207892,volume,56554751.13490587,3495.596782207892,-21.270828247070312,-743.5423877535571,1131094279.1557295
HIG,9,0.2577892819328942,59.507233522528765,2311278.798589342,2750756.144066514,volume,56554713.95778648,2750756.144066514,79.08097839355469,2175324.871948618,1133269604.027678
ORPB,8,0.2577366409816887,5.465299884836518,4500.323794590357,491.91238232603433,volume,56663480.2013839,491.91238232603433,-0.5585712790489197,-2.747681285758542,1133269601.2799966
FUL,9,0.25771305091783386,55.860607163653015,343300.45397571486,383539.435972823,volume,56663480.06399983,383539.435972823,23.53256797790528,90256.67849237907,1133359857.958489
CYSM,9,0.25763304360549777,10.591444788636318,1775.7443226311668,376.153959037648,volume,56667992.89792445,376.153959037648,0.78680419921875,2.959595145235791,1133359860.9180841
CBAN,9,0.2575806380925136,13.279741788134329,21595.6279342723,5735.687254395139,volume,56667993.04590421,5735.687254395139,12.984822273254396,744.7687961329135,1133360605.6868804
DAN,11,0.25749274872746647,17.749534059896448,1565404.3300704777,555703.9494819065,volume,56668030.28434402,555703.9494819065,-10.355279922485352,-57544.699509158,1133303060.9873712
WOLWF,11,0.2574545820791921,22.991626983630596,810.8763250883392,372.86731992576546,volume,56665153.04936856,372.86731992576546,-8.685578346252441,-32.3856831997241,1133303028.6016881
SNPS,10,0.2574047981547931,211.8013476450646,958839.196001568,4061668.677760847,volume,56665151.43008441,4061668.677760847,14.048194885253906,570591.1314451592,1133873619.7331333
VIRT,11,0.2574006388579381,22.59577694697769,970950.0541205412,438787.41699127335,volume,56693680.986656666,438787.41699127335,55.79474639892578,244820.32654067792,1134118440.059674
AVA,8,0.2572707944170025,41.294299653998,476584.0086071988,393604.05723458464,volume,56705922.002983704,393604.05723458464,-15.11955451965332,-59511.18002515048,1134058928.879649
CSCO,11,0.2569060587895555,42.78111784179974,22181064.023884103,18978614.277245812,volume,56702946.44398245,18978614.277245812,22.01908493041992,4178917.196323556,1138237846.0759726
HBIA,10,0.2568155255717748,59.423967060132476,271.29557036456293,322.4291807380728,volume,56911892.30379863,322.4291807380728,8.342610359191895,26.899010233312016,1138237872.974983
HSNGF,10,0.2567702545959845,18.366113735694512,1092.7403921568628,401.3878865188073,volume,56911893.64874915,401.3878865188073,-15.387225151062012,-61.76245782773816,1138237811.2125251
CRBO,9,0.25675928421106686,20.465404636191565,356.3389432485323,145.85241322428232,volume,56911890.56062626,145.85241322428232,2400.0,3500.4579173827756,1138241311.6704426
ANIOY,10,0.256681155141348,5.705947934834983,3674.2973395931144,419.3069863364201,volume,56912065.58352213,419.3069863364201,-1.8787552118301392,-7.877751859363382,1138241303.7926908
KHTRF,10,0.2566676687550396,5.281315184256368,4232.436691493532,447.0566433037715,volume,56912065.18963454,447.0566433037715,1.690571904182434,7.557814007474643,1138241311.3505049
MALJF,11,0.25648804518598384,9.96997855860128,810.5805566444532,161.62941539528578,volume,56912065.567525245,161.62941539528578,27.234804153442383,44.019454737259935,1138241355.3699596
NEN,8,0.2563714658418663,63.14649843113332,1152.6384493670887,1455.701640692456,volume,56912067.76849798,1455.701640692456,2.1396231651306152,31.146529519442225,1138241386.5164893
QUBSF,10,0.25628651781132583,3.5702763650053764,2201.814190513524,157.2217032904776,volume,56912069.32582447,157.2217032904776,33.037811279296875,51.94260962320407,1138241438.4590988
DKILF,10,0.25606170772123643,133.88051295299127,636.7638997650744,1705.0055506099054,volume,56912071.92295495,1705.0055506099054,-41.2426643371582,-703.1897161679593,1138240735.2693827
MCHP,8,0.25606046948332817,53.36878478522396,5126228.871422972,5471612.107975482,volume,56912036.76346914,5471612.107975482,0.0195695273578166,1070.7686283838675,1138241806.038011
HTCMY,11,0.2560236723411253,50.56638256957912,377.99333855799375,382.2751153255191,volume,56912090.30190056,382.2751153255191,-19.913818359375,-76.12557209901517,1138241729.912439
ARREF,11,0.25596682756734845,0.6734859143006316,76064.87989045383,1024.5725035838007,volume,56912086.49562196,1024.5725035838007,-18.396562576293945,-188.4861217612954,1138241541.4263175
AMPH,8,0.2559030520816307,24.456897499415795,293327.04890453833,143477.39137728835,volume,56912077.07131588,143477.39137728835,156.23489379882812,224161.75004363546,1138465703.176361
QUCT,9,0.2559022605522214,1198.2151615925516,22.72067477442134,544.4851399265015,volume,56923285.15881806,544.4851399265015,10.618048667907717,57.81369714692135,1138465760.9900584
ASMIY,11,0.2554694844035902,241.4225384769121,3190.5145584725537,15405.242475079765,volume,56923288.049502924,15405.242475079765,-19.51579093933105,-3006.4549151335955,1138462754.5351434
MRK,8,0.2553735536388735,77.3474732207953,10598196.81497452,16394874.886699196,volume,56923137.72675717,16394874.886699196,37.25188446044922,6107399.85022839,1144570154.3853717
AAPL,10,0.25537096418986827,94.76315256202352,118451915.9859155,57228507.71926859,capital,57228507.71926859,224497539.71674606,30.839893341064453,17649210.74130527,1162219365.126677
FSRL,11,0.25535427849894266,7.143125734560825,3898.589894242068,556.9623560411857,volume,58110968.25633386,556.9623560411857,18.386245727539062,102.40446739162341,1162219467.5311444
TSEM,10,0.2553422430078956,26.46294347008506,629702.726844584,333275.7532689328,volume,58110973.37655722,333275.7532689328,35.938011169433594,119772.67743480302,1162339240.208579
ANZGY,8,0.25525876993351804,19.387445243498156,75134.65532081378,29133.38031842769,volume,58116962.01042896,29133.38031842769,-17.82953453063965,-5194.346103816641,1162334045.8624752
RY,9,0.25516025841099016,82.08610734599378,1061759.521756174,1743114.1215701664,volume,58116702.29312376,1743114.1215701664,39.73966979980469,692707.7961457502,1163026753.658621
KNYJF,11,0.2551307528532786,54.38307718854939,3154.416699333595,3430.937736894162,volume,58151337.68293106,3430.937736894162,-2.920839548110962,-100.2121862902679,1163026653.4464347
SEM,11,0.25508287394895707,21.170601722914675,752348.2038416307,318553.2836096278,volume,58151332.67232174,318553.2836096278,-42.86872100830078,-136559.7184133925,1162890093.7280214
SEMUF,9,0.2550709312822578,41.06193259630611,185.37867502940023,152.24013317699533,volume,58144504.68640107,152.24013317699533,69.45713806152344,105.74163948579279,1162890199.4696608
GLPEY,11,0.2549884985381675,6.982335336713571,64119.629063846456,8954.095035789232,volume,58144509.97348304,8954.095035789232,-17.33795928955078,-1552.4573520528245,1162888647.0123086
KAI,9,0.2549708636281954,135.84174438291137,57144.16189729518,155251.2526685615,volume,58144432.350615434,155251.2526685615,103.9737548828125,161420.55690210604,1163050067.5692105
EAI,9,0.2549424091161241,63.93510396971957,4021.2290076335876,5141.9538937821135,volume,58152503.37846053,5141.9538937821135,0.0,0.0,1163050067.5692105
DSHKP,8,0.25485978610041454,20.146374301137453,3918.559514487079,1578.8953340028029,volume,58152503.37846053,1578.8953340028029,-76.99691009521484,-1215.7006208196804,1163048851.8685896
VBTX,9,0.2547431748193077,24.322062026953574,247610.57322340008,120447.99440938134,volume,58152442.59342948,120447.99440938134,-6.971549987792969,-8397.0921395441,1163040454.7764502
NUVR,9,0.2547238748817114,14.572693070539163,1909.8784790278323,556.6414575380154,volume,58152022.73882251,556.6414575380154,-56.151275634765625,-312.5612791195479,1163040142.215171
ITOCF,11,0.2546992331743841,24.1295310072411,2840.779694237554,1370.9336343369189,volume,58152007.11075856,1370.9336343369189,7.423604488372803,101.77269081124788,1163040243.9878619
MITSF,10,0.25463540981947,10.630997013643833,3327.391219129753,707.4697222758624,volume,58152012.19939309,707.4697222758624,6.728825092315674,47.60440019303424,1163040291.592262
MDLZ,8,0.25452163225453,53.63092319603669,7573196.698941591,8123150.610188302,volume,58152014.579613104,8123150.610188302,9.123382568359377,741106.1067714979,1163781397.6990335
MLM,9,0.25448001411779536,285.30137792487835,598384.8459427676,3414400.4215367525,volume,58189069.88495168,3414400.4215367525,70.62287139892578,2411347.61874628,1166192745.3177798
ESLT,10,0.2544402486878264,142.9508422809725,27216.82177830004,77813.35194838213,volume,58309637.26588899,77813.35194838213,21.5061149597168,16734.628924028093,1166209479.9467037
CVBF,9,0.254412024027238,20.107282699041285,645159.5281910729,259448.10038635996,volume,58310473.99733519,259448.10038635996,-33.546226501464844,-87035.0474093562,1166122444.8992944
SHWGY,9,0.25431710654893314,4.280523318162109,1818.2324578596629,155.65972867414982,volume,58306122.24496472,155.65972867414982,-53.4407844543457,-83.18578008297176,1166122361.713514
CPAC,10,0.25428040827643333,7.919173531356788,14923.418950665622,2363.6228870291898,volume,58306118.08567571,2363.6228870291898,10.529719352722168,248.88285656088303,1166122610.5963705
SBFFY,11,0.254262353449882,15.386115282388445,500.6146609172873,154.0502976985437,volume,58306130.52981853,154.0502976985437,13.023902893066406,20.06336117873804,1166122630.6597316
AVEW,10,0.25409286863534003,0.004530648660265954,1149210.127543036,104.13334649433844,volume,58306131.53298658,104.13334649433844,0.0,0.0,1166122630.6597316
JNJ,8,0.25404971293330647,140.49864175543044,7713551.21128969,21674869.36594313,volume,58306131.53298658,21674869.36594313,-7.810310363769531,-1692874.5684217634,1164429756.0913098
AFL,8,0.2539749293665674,51.71119133332899,3369381.2687793425,3484694.3892956674,volume,58221487.80456549,3484694.3892956674,43.13653564453125,1503176.4373415061,1165932932.5286515
BNTGY,11,0.25386579909091833,12.919900233197101,37526.833333333336,9696.858854689643,volume,58296646.626432575,9696.858854689643,-17.49403190612793,-1696.3715819315973,1165931236.1570694
BRBS,9,0.2538080439955489,10.400944956404876,39349.06103286385,8185.348357780658,volume,58296561.807853475,8185.348357780658,-78.20052337646484,-6400.985255971345,1165924835.1718135
OLN,11,0.25371020490829643,33.849500174243886,2007686.259506076,1359183.5278195597,volume,58296241.758590676,1359183.5278195597,-32.87976837158203,-446896.39569176844,1165477938.7761216
KPCPY,11,0.2537000031048005,19.35473149021856,38211.194041552335,14791.348011897695,volume,58273896.93880609,14791.348011897695,25.96979141235352,3841.282225765131,1165481780.0583472
PLXS,11,0.25364517876534515,71.70074487863359,156501.94276754215,224426.1174277211,volume,58274089.002917364,224426.1174277211,50.53593444824219,113415.83558800818,1165595195.8939352
WDFN,9,0.2536007923825335,26.438168458672752,536.2398900667451,283.5440109568953,volume,58279759.79469676,283.5440109568953,-28.63766288757324,-81.2003779957394,1165595114.6935573
SYNNF,10,0.25344578035763404,0.5550937237559276,30539.270302079247,339.04314545539967,volume,58279755.734677866,339.04314545539967,-12.328771591186523,-41.79985499877051,1165595072.8937023
MGIC,11,0.25342987293274255,10.894422841417887,36942.1654253234,8049.271416421629,volume,58279753.64468512,8049.271416421629,5.778114318847656,465.09610427516964,1165595537.9898067
PROV,9,0.2534220968194666,16.614010188029074,13029.501764014112,4329.445501045465,volume,58279776.899490334,4329.445501045465,0.9058467149734496,39.21813984778615,1165595577.2079465
SVKEF,10,0.2533647052583136,11.28224792645089,689.5182424480188,155.58631522218442,volume,58279778.86039733,155.58631522218442,23.083477020263672,35.91473132098794,1165595613.122678
BX,11,0.2533225203722518,66.10947972582726,4453438.853286385,5888290.511630952,volume,58279780.656133905,5888290.511630952,46.44055938720703,2734555.051945249,1168330168.1746233
STRA,9,0.2532652365573392,91.1703401184082,139984.66039215686,255248.98198625614,volume,58416508.40873116,255248.98198625614,46.06011962890625,117567.98645443494,1168447736.1610777
COHU,11,0.2532281845719753,23.185978869301504,284952.22866092407,132137.92704985113,volume,58422386.80805389,132137.92704985113,-9.559786796569824,-12632.104103372736,1168435104.0569744
MSVB,11,0.25316954693205995,11.039892363295934,2723.3061544492357,601.3001363484187,volume,58421755.202848725,601.3001363484187,4.51462459564209,27.14644384921513,1168435131.2034183
PLAB,10,0.25310535986720645,13.73631517282424,533602.0678165426,146594.52360797528,volume,58421756.56017092,146594.52360797528,-0.1615366488695144,-236.80388086255243,1168434894.3995373
KNYJY,11,0.2530692046108214,27.25941591326371,31474.217561740494,17159.37574120066,volume,58421744.71997687,17159.37574120066,-5.324672698974609,-913.6805954061836,1168433980.718942
ITT,9,0.25306365875482595,68.57543325031659,554976.6385731086,761155.2686791057,volume,58421699.0359471,761155.2686791057,113.93169403076172,867197.091810501,1169301177.8107524
JZCLF,10,0.2530583090344417,4.116432759538439,1743.0595844766758,143.50375150734496,volume,58465058.89053762,143.50375150734496,38.19477081298828,54.810928996270626,1169301232.6216815
BMRA,11,0.25301108710913733,2.8589054386077537,243288.02621283254,13910.749225760253,volume,58465061.63108408,13910.749225760253,-52.55024337768555,-7310.132573796521,1169293922.4891076
CMUV,9,0.25295037090300726,10.46178615471451,1703.1037994516255,356.35015498289386,volume,58464696.124455385,356.35015498289386,29.157819747924805,103.90393586136288,1169294026.3930435
PBCO,8,0.2529428951207716,11.731328823107544,1220.5535084280675,286.37429107134454,volume,58464701.31965218,286.37429107134454,-22.010648727416992,-63.032839253344335,1169293963.3602042
DOOO,10,0.2528676611439294,47.58995692545115,55290.31793265466,52625.27697619068,volume,58464698.16801021,52625.27697619068,-42.661888122558594,-22450.936787769057,1169271512.4234166
SNYNF,10,0.2527884875629082,93.46106781281009,13040.687573500589,24375.931712652167,volume,58463575.62117083,24375.931712652167,-7.715021133422852,-1880.6082830998375,1169269631.8151336
PVBK,9,0.2527266846589325,7.928446914765565,2097.105056840455,332.5357223569194,volume,58463481.590756685,332.5357223569194,-5.136299133300781,-17.080029425333944,1169269614.7351043
ANSS,8,0.25272050846964295,219.7556572169392,488038.5582942097,2144984.682503031,volume,58463480.73675522,2144984.682503031,-27.907123565673828,-598603.5258108974,1168671011.2092934
FGFH,8,0.25267434664218585,29.451692144869824,1894.0462201331766,1115.6573236703332,volume,58433550.56046467,1115.6573236703332,-30.6005859375,-341.3976780977529,1168670669.8116152
INVH,11,0.25259918912473606,30.04769133272968,3366235.227089627,2022951.9411390063,volume,58433533.49058077,2022951.9411390063,-6.301833152770996,-127483.0560913223,1168543186.755524
CIHKY,11,0.2524904478749967,22.288566950437325,31596.892325763507,14084.989000570786,volume,58427159.3377762,14084.989000570786,-0.0123100224882364,-1.733865313435887,1168543185.0216587
CZFS,8,0.25247910119693673,56.12399802659766,3775.84103367267,4238.305894451828,volume,58427159.251082934,4238.305894451828,4.778009414672852,202.50665465954273,1168543387.5283134
AMXOF,10,0.25245949997859857,0.8190893232366049,33701.896713615024,552.0972754188978,volume,58427169.37641567,552.0972754188978,-58.48179626464844,-322.87640379315474,1168543064.6519096
AKRBF,11,0.2524452452802048,22.75129696162467,453.5078247261346,206.3578238952944,volume,58427153.23259548,206.3578238952944,-20.77777671813965,-42.87656788937609,1168543021.7753417
FNWB,9,0.25241105824139637,14.829043881474897,23645.740264953834,7012.874399979166,volume,58427151.08876709,7012.874399979166,-32.59718322753906,-2285.999517678389,1168540735.775824
SOMMY,11,0.2523561018230454,22.12331830357066,16740.32771462172,7407.031970733238,volume,58427036.78879121,7407.031970733238,8.502320289611816,629.769582105686,1168541365.545406
JGHG,8,0.2522747401906803,2326.9113033321596,3.6832614660917287,171.4124547715325,volume,58427068.27727031,171.4124547715325,-92.73684692382812,-158.9625057898522,1168541206.5829003
SHEL,10,0.25221857129547326,55.19268127181211,4480555.945119561,4945877.923990136,volume,58427060.329145014,4945877.923990136,2.8375813961029053,140343.31184510468,1168681549.8947453
AUBN,10,0.2522017184525377,32.00051115227044,3756.2738654147106,2404.053674423709,volume,58434077.49473727,2404.053674423709,5.995998382568359,144.1470194345208,1168681694.0417647
DSHKN,8,0.2521635210726356,19.4012999050115,1509.4357870007832,585.7003278191851,volume,58434084.70208824,585.7003278191851,-77.66566467285156,-454.8880525918406,1168681239.153712
OVBC,11,0.2520727385975618,28.6634869001651,5203.034104272834,2982.741997778733,volume,58434061.957685605,2982.741997778733,11.341418266296388,338.28524577257105,1168681577.438958
SMBK,9,0.2520422656290317,21.184253230930448,26482.84907879263,11220.387623233124,volume,58434078.8719479,11220.387623233124,12.091012001037598,1356.6584140880543,1168682934.097372
CICHY,10,0.25201979627391874,15.114412695332813,110233.48003132342,33322.286200723014,volume,58434146.70486861,33322.286200723014,42.93366622924805,14306.479137373199,1168697240.5765095
KIROY,11,0.2519759422448952,7.833692679261283,3779.74558996472,592.1873071515349,volume,58434862.02882548,592.1873071515349,-33.560447692871094,-198.74071146041274,1168697041.835798
SNLC,8,0.2519524721295094,118.53010245195524,122.5716535433071,290.5686130438751,volume,58434852.0917899,290.5686130438751,7.22301435470581,20.98781263042867,1168697062.8236105
SLM,11,0.25193634735303394,12.75495100899894,3193614.5150921205,814687.9336325582,volume,58434853.14118053,814687.9336325582,27.768293380737305,226224.93554855516,1168923287.759159
HNLGY,11,0.2519323781085907,13.448318891951283,700.5094043887148,188.41347714060586,volume,58446164.38795796,188.41347714060586,9.775228500366213,18.417847915979483,1168923306.177007
EQC,11,0.2518781254297823,27.333497856161056,870611.5189972582,475937.16176121356,volume,58446165.30885035,475937.16176121356,-81.84557342529297,-389533.49918752944,1168533772.6778193
HPQ,8,0.2517814930062696,23.23625071818552,12299439.822884012,5715857.348355364,volume,58426688.633890964,5715857.348355364,-21.06509590148925,-1204050.832023378,1167329721.8457959
AGESF,10,0.2517253212062311,45.63543112251867,150.86150234741785,137.6925939883055,volume,58366486.0922898,137.6925939883055,16.26451301574707,22.395029870947717,1167329744.2408257
KMI,9,0.2517181692085064,20.23092905356341,15526628.123088984,6282362.2399855135,volume,58366487.21204129,6282362.2399855135,26.988489151000977,1695514.6515650724,1169025258.8923907
PTAIF,11,0.25161391030956765,0.4576689135684821,24317.01293610349,222.58281783394418,volume,58451262.94461954,222.58281783394418,7.916921615600586,17.6217072177084,1169025276.514098
WSO-B,8,0.2516097872697786,226.63105574129702,98.8237141735375,447.9304535084996,volume,58451263.8257049,447.9304535084996,23.40013694763184,104.81633955113728,1169025381.3304374
SMTOY,11,0.25149672676987733,13.698964720471427,5134.673069384555,1406.794104573075,volume,58451269.066521876,1406.794104573075,23.900341033935547,336.22858863826474,1169025717.559026
CRUS,11,0.2513172117150036,63.91056576238168,881240.907595928,1126412.0995482095,volume,58451285.8779513,1126412.0995482095,-6.307130813598633,-71044.28461870842,1168954673.2744074
QTWO,11,0.2512605638075519,53.98212666625558,402417.96589572716,434467.5521552012,volume,58447733.66372037,434467.5521552012,69.55582427978516,302197.4871297557,1169256870.761537
ASBFY,11,0.25126024105680167,32.5951892016266,30956.92018779343,20180.93341241562,volume,58462843.538076855,20180.93341241562,-20.06600952148437,-4049.508020059739,1169252821.2535172
SMSOF,9,0.25123827902455065,2.7847353927951755,9264.373970991768,515.9766017822233,volume,58462641.06267586,515.9766017822233,-4.799995422363281,-24.766853266012333,1169252796.4866638
NSC,10,0.2511870933011624,180.50404937516845,1598804.5307722462,5771813.839275131,volume,58462639.82433319,5771813.839275131,7.547928333282471,435652.37211896636,1169688448.8587828
SHECF,10,0.25108807717355924,23.541871451434318,4441.984711877695,2091.4526615252244,volume,58484422.44293914,2091.4526615252244,6.484463214874268,135.61947849311198,1169688584.4782612
TRNS,10,0.2510620122107047,43.91281594212052,27481.10989010989,24135.458409791667,volume,58484429.223913066,24135.458409791667,21.94713592529297,5297.04186338953,1169693881.5201247
BRDCF,10,0.2509943293726412,38.70935046131809,1127.1075899843506,872.5920541663169,volume,58484694.07600623,872.5920541663169,-17.222118377685547,-150.27883652280107,1169693731.2412882
CROMF,11,0.2506486318820355,11.000141152961582,1346.8768627450982,296.3167121170829,volume,58484686.56206441,296.3167121170829,4.537267208099365,13.4446810110066,1169693744.685969
FANUY,11,0.25055717900704055,18.24308264605727,325509.6846846847,118766.00159589491,volume,58484687.23429846,118766.00159589491,-10.253628730773926,-12177.8248620281,1169681566.861107
ENV,8,0.25050835005405303,56.214863891902525,408462.04575936886,459232.7661474197,volume,58484078.34305536,459232.7661474197,-47.54290771484375,-218332.61020579195,1169463234.2509015
ZURVY,10,0.2504322490514502,18.733001573440557,182878.5300353357,68517.27581800878,volume,58473161.712545075,68517.27581800878,28.467247009277344,19504.98215114041,1169482739.2330525
STEW,8,0.2503737252847516,11.185674512339574,127740.57725490196,28577.290383834024,volume,58474136.96165263,28577.290383834024,-3.896566152572632,-1113.5330244188701,1169481625.7000282
GOOD,11,0.25031717050283003,18.19167646015106,182563.25969447708,66422.63507744927,volume,58474081.28500141,66422.63507744927,13.89001750946045,9226.115642502724,1169490851.8156707
LFGP,10,0.2502362206269754,19.18871173163294,1244.9737357898864,477.78884259052563,volume,58474542.59078354,477.78884259052563,1.8616938591003416,8.894965541974413,1169490860.7106361
CLVLY,10,0.25023270151342697,11.276786999863017,7517.07400156617,1695.368847557393,volume,58474543.03553181,1695.368847557393,-33.283016204833984,-564.2698882642343,1169490296.4407477
ADI,10,0.25008984879480345,122.29352113786437,2978824.636541471,7285819.07309751,volume,58474514.82203739,7285819.07309751,11.043173789978027,804585.6622655244,1170294882.1030133
BMRC,9,0.2500776294787428,31.043689369222555,44001.42331768388,27319.330345556897,volume,58514744.10515067,27319.330345556897,-37.17397689819336,-10155.68155139845,1170284726.4214618
ESI,11,0.25007508073814555,16.256361140487616,2054598.992166079,668006.0643106734,volume,58514236.32107309,668006.0643106734,13.30703067779541,88891.77190735504,1170373618.1933692
TY,8,0.25004528503805745,26.470470965189314,58268.95094191523,30848.131481600154,volume,58518680.90966846,30848.131481600154,-15.52265453338623,-4788.448879893551,1170368829.7444892
EXETF,11,0.25002401448533434,5.987735295295716,7263.69568627451,869.8617406998625,volume,58518441.48722446,869.8617406998625,27.936229705810547,243.0065740048757,1170369072.7510633
TMAK,11,0.24993585714704225,8.697251374530643,592.0992935635793,102.99272789608926,volume,58518453.63755317,102.99272789608926,-13.580658912658691,-13.987091080410561,1170369058.7639723
BTBIF,11,0.24989827699889652,3.1739622154736202,1858.8782302270947,118.00018531814544,volume,58518452.93819862,118.00018531814544,2.464303493499756,2.9078826891312444,1170369061.671855
BIESF,9,0.2497604958729557,30.622226947818735,173.80132968322252,106.44367522784609,volume,58518453.08359275,106.44367522784609,-26.46562385559082,-28.17098270386845,1170369033.5008721
GLRE,9,0.24949311255902257,14.3953074764561,162011.0705052879,46643.983490268554,volume,58518451.67504361,46643.983490268554,84.65953063964844,39488.577494496465,1170408522.0783668
AVAL,11,0.24944561339446067,6.158155990085318,178493.20774647887,21983.78032947044,volume,58520426.103918344,21983.78032947044,-14.704468727111816,-3232.5981035839395,1170405289.4802632
LCNB,9,0.24923716730421913,17.024535487558925,22312.176793414346,7597.088912483425,volume,58520264.474013165,7597.088912483425,-8.666183471679688,-658.3776636624488,1170404631.1025996
FCCO,11,0.2492254765645616,18.29525655715829,14599.326674500588,5341.968541435056,volume,58520231.55512998,5341.968541435056,49.74484252929688,2657.353838901446,1170407288.4564385
MITEY,9,0.2490336177966185,17.054143489178188,79923.6538612309,27260.589222576837,volume,58520364.42282193,27260.589222576837,23.41969871520996,6384.347863918492,1170413672.8043025
EQNR,11,0.24899861401913437,22.495761817173076,2818837.9964747354,1268238.16339786,volume,58520683.64021513,1268238.16339786,-19.23256492614746,-243914.72819367354,1170169758.076109
DMLP,10,0.2488746651671342,20.161389983064417,71332.23610023492,28763.140607617246,volume,58508487.90380545,28763.140607617246,7.478743553161621,2151.121523878987,1170171909.1976328
FCN,8,0.24884844270004708,106.93220531599596,287905.1758715237,615726.7075566339,volume,58508595.45988164,615726.7075566339,45.84092330932617,282254.80780607555,1170454164.0054388
ACPS,9,0.24881389318449584,59.977484392336585,249.82166601486117,299.6735014854772,volume,58522708.20027194,299.6735014854772,-99.71841430664062,-298.829663778505,1170453865.175775
KAJMY,11,0.2487598453626555,13.728196776646906,3014.825558604469,827.7623703157316,volume,58522693.25878876,827.7623703157316,3.1955533027648926,26.45158776366932,1170453891.6273627
DNZOF,10,0.24875600172313467,13.025379796651722,1860.2337509788567,484.605022340993,volume,58522694.58136814,484.605022340993,-20.24360084533692,-98.10150639916642,1170453793.5258563
CPRT,8,0.24875529818683198,22.807068436427702,5207315.463586531,2375272.002961725,volume,58522689.676292814,2375272.002961725,32.297237396240234,767147.2376029787,1171220940.7634592
GMS,11,0.24860608200972545,42.75067654442633,361987.0417052827,309503.8186643261,volume,58561047.03817296,309503.8186643261,-2.6025068759918213,-8054.858162196345,1171212885.905297
TXN,11,0.2485833503785012,125.5135576751206,5340040.799843014,13404950.378371866,volume,58560644.295264855,13404950.378371866,-2.639833927154541,-353868.42800649157,1170859017.4772904
WERN,9,0.24842874936264095,36.11547506786956,733309.1005104044,529676.1307305073,volume,58542950.873864524,529676.1307305073,-3.784271240234375,-20044.381481620818,1170838973.095809
LNG,11,0.2484234467798812,88.05375536204973,2140770.6150529203,3770057.840482692,volume,58541948.65479045,3770057.840482692,34.5228271484375,1301530.5516659552,1172140503.647475
TGSNF,10,0.24838958211744105,19.001751706664727,1256.4927422518635,477.5112621899238,volume,58607025.182373755,477.5112621899238,-19.77924919128418,-94.44814246499138,1172140409.1993325
CRD-B,9,0.24834030791991626,8.629146450277222,25002.13586530932,4314.941839029654,volume,58607020.45996663,4314.941839029654,100.6851806640625,4344.506986176228,1172144753.7063186
CSUAY,11,0.24829162810228597,10.007263900156403,41331.60963194988,8272.326500103374,volume,58607237.68531594,8272.326500103374,-5.04791259765625,-417.5798115179746,1172144336.126507
FDS,8,0.24811753722552754,289.2592284833502,288831.62475519,1670944.2587655757,volume,58607216.80632535,1670944.2587655757,-6.460273265838623,-107947.56523609783,1172036388.561271
WJRYY,10,0.24810572992310803,28.733119384232435,17572.930899096977,10098.502429092408,volume,58601819.42806355,10098.502429092408,-10.563552856445312,-1066.7606418065905,1172035321.8006291
DY,10,0.24805194574384448,84.3159553909451,479028.48590446357,807794.8889702546,volume,58601766.09003146,807794.8889702546,82.5503921508789,666837.848619702,1172702159.649249
NKSH,8,0.24803380741369052,35.4092218577745,11525.30184241474,8162.0393983176145,volume,58635107.98246246,8162.0393983176145,-19.23486518859864,-1569.9572749067008,1172700589.6919742
DSHKO,8,0.2479969203304661,19.170258410199136,1326.0653876272513,508.42032299270585,volume,58635029.48459871,508.42032299270585,-78.03713989257812,-396.7566786961154,1172700192.9352956
KN,11,0.24788415209692355,17.147981178989507,909984.3829870638,312087.901452731,volume,58635009.646764785,312087.901452731,12.653199195861816,39489.10383699898,1172739682.0391326
NHC,10,0.24783762982282842,72.61768328802393,39452.72402979224,57299.30836890528,volume,58636984.101956636,57299.30836890528,96.66911315917967,55390.733246564356,1172795072.7723792
TLPFF,8,0.2478140089641053,189.19322967529297,157.21193092621664,594.8686591083999,volume,58639753.63861896,594.8686591083999,-70.25055694580078,-417.898546119668,1172794654.8738332
ESNT,11,0.24776169452432106,40.02662750734239,644221.4202898551,515720.21644386195,volume,58639732.74369166,515720.21644386195,-2.718247175216675,-14018.550215506599,1172780636.3236177
BSRR,9,0.247752542507966,22.688507428564748,33063.1744913928,15003.08160119796,volume,58639031.816180885,15003.08160119796,40.66608428955078,6101.165809973248,1172786737.4894278
FGFH,9,0.2476854322709574,29.451692144869824,1894.0462201331766,1115.6573236703332,volume,58639336.874471396,1115.6573236703332,8.146869659423828,90.89114800523826,1172786828.380576
RWWI,10,0.2476559464004355,9.785718296799459,9078.128969031752,1776.7202550591846,volume,58639341.419028796,1776.7202550591846,-11.77724552154541,-209.248706669348,1172786619.131869
FBMS,10,0.24761579347882182,27.986036060839787,64422.85663924794,36058.8077809661,volume,58639330.956593454,36058.8077809661,15.59746551513672,5624.2601088056235,1172792243.3919778
MTA,11,0.24759462135958435,3.616483340957664,141203.9976479812,10213.238103410982,volume,58639612.16959889,10213.238103410982,-11.6005220413208,-1184.7889373187654,1172791058.6030405
RY,10,0.24756219837836047,82.08610734599378,1061759.521756174,1743114.1215701664,volume,58639552.93015203,1743114.1215701664,27.83024024963379,485112.84785827086,1173276171.450899
MNHVF,8,0.24756103780114103,19.253020406050283,1478.3633150039277,569.2591814265352,volume,58663808.57254495,569.2591814265352,-23.926637649536133,-136.20458162664258,1173276035.2463171
BLSFY,10,0.24750785276602683,50.81277389183104,265.7179186228482,270.0372903598149,volume,58663801.76231586,270.0372903598149,-6.318017959594727,-17.061004502536065,1173276018.1853127
WES,10,0.24743308068946243,31.903392257342208,938535.2453867295,598849.1616182751,volume,58663800.90926564,598849.1616182751,39.46132278442383,236313.80065800349,1173512331.9859707
TATYF,8,0.24727167748169288,8.97473911492672,1026.637897214594,184.27614585995866,volume,58675616.59929854,184.27614585995866,-11.993136405944824,-22.100489536602687,1173512309.885481
TEL,10,0.2472543478437643,101.51020195812467,1709071.9415457041,3469764.7589453734,volume,58675615.49427406,3469764.7589453734,5.498291015625,190777.76400441592,1173703087.6494853
EJPRF,9,0.24725386114869868,25.580397514749684,283.60673717195453,145.09546149439467,volume,58685154.38247427,145.09546149439467,10.53867530822754,15.29113957386857,1173703102.9406247
CSWC,10,0.24706933681723553,19.181552519906568,151863.8210649961,58259.67719263832,volume,58685155.14703124,58259.67719263832,2.838174343109131,1653.5112104596628,1173704756.4518352
FSTR,11,0.24700410511434684,19.361817477966262,50407.576968272624,19519.64609532461,volume,58685237.82259176,19519.64609532461,-2.153799295425415,-420.41400007063595,1173704336.0378351
ANPDY,10,0.246982708571612,204.6835953081158,1598.044600938967,6541.870287658218,volume,58685216.80189176,6541.870287658218,-6.8108439445495605,-445.5565763472567,1173703890.4812589
SDVKF,11,0.24697181458376904,17.336249289817317,1518.0666405331242,526.3516343767548,volume,58685194.52406295,526.3516343767548,-4.65389347076416,-24.495844345520236,1173703865.9854147
SOBS,9,0.24690435783356524,32.531622214861265,495.7012936103489,322.51934430299787,volume,58685193.29927074,322.51934430299787,-6.702076435089111,-21.615492973135137,1173703844.3699217
FFWC,11,0.24672629649152336,37.498224224776955,261.84280674245394,196.37280557746956,volume,58685192.218496084,196.37280557746956,14.272466659545898,28.027243204459232,1173703872.3971648
SEMUF,11,0.24666061524970806,41.06193259630611,185.37867502940023,152.24013317699533,volume,58685193.61985824,152.24013317699533,-18.991596221923828,-28.91283138069405,1173703843.4843333
NNWWF,11,0.2466492900827893,24.36167274373452,262.79741379310343,128.0436918545474,volume,58685192.174216665,128.0436918545474,26.130029678344727,33.4578546828415,1173703876.942188
PRMRF,11,0.24663444546966815,14.0171414364417,15846.549980399843,4442.466647098141,volume,58685193.84710941,4442.466647098141,-9.969398498535156,-442.88720321372716,1173703434.0549848
BKSC,10,0.24663166705106243,16.637883902715405,4580.37676056338,1524.155535458984,volume,58685171.702749245,1524.155535458984,-6.591670989990234,-100.46731827318017,1173703333.5876665
GRP-UN,11,0.24662730500117228,48.327887019393586,7013.686128526646,6779.132616178475,volume,58685166.67938333,6779.132616178475,-1.2752083539962769,-86.44806544999426,1173703247.139601
PAM,9,0.24662291005946715,31.027173652035824,301308.36181889457,186974.93729930566,volume,58685162.356980056,186974.93729930566,160.043212890625,299240.6969540404,1174002487.836555
WVFC,9,0.246223713762133,14.108453107713295,1426.32822928936,402.46569878273345,volume,58700124.391827755,402.46569878273345,-9.732162475585938,-39.16861571403791,1174002448.6679394
HNLGY,8,0.2461896521909629,13.448318891951283,700.5094043887148,188.41347714060586,volume,58700122.43339697,188.41347714060586,-39.04674911499024,-73.56933771792187,1174002375.0986016
MDVT,10,0.2460205702185506,34.051084022492006,148.8711704634721,101.38449467956838,volume,58700118.75493008,101.38449467956838,8.626670837402344,8.746106636170056,1174002383.8447082
BFIN,9,0.24597504446751806,11.947267215203418,34950.8951486698,8351.353675034297,volume,58700119.19223541,8351.353675034297,25.531455993652344,2132.2221884156493,1174004516.0668964
KPLUY,11,0.24593037511675142,9.9891826767213,5748.069776558213,1148.3703807316115,volume,58700225.80334482,1148.3703807316115,-21.031049728393555,-241.5143458378076,1174004274.5525508
SNPS,11,0.24565186305587314,211.8013476450646,958839.196001568,4061668.677760847,volume,58700213.727627546,4061668.677760847,-10.748440742492676,-436566.05098551046,1173567708.5015652
ARSUF,11,0.24559321722282815,17.846323443498335,515.4080081094779,183.96276036181914,volume,58678385.425078265,183.96276036181914,7.751896381378174,14.260602563571258,1173567722.7621677
INCY,10,0.24557804300481426,83.17468662321754,1655359.603448276,2753680.32531088,volume,58678386.13810839,2753680.32531088,10.454737663269045,287890.05409630615,1173855612.816264
FIX,9,0.24552724719624347,88.34609870111247,257664.77007442224,455273.54417588713,volume,58692780.6408132,455273.54417588713,277.7638854980469,1264585.485947611,1175120198.3022115
TKOMY,11,0.24550931556563207,17.864454046423738,97882.90623774029,34972.4936082903,volume,58756009.91511058,34972.4936082903,13.248449325561523,4633.313093579583,1175124831.6153052
NMIH,11,0.2454400721713112,19.48177773566491,528919.8686789494,206085.9864316073,volume,58756241.58076526,206085.9864316073,12.686059951782228,26144.19179093549,1175150975.8070962
ST,11,0.2453377422429056,45.662492171642825,1268497.3,1158454.9606200012,volume,58757548.79035482,1158454.9606200012,-29.62474250793457,-343189.2991540702,1174807786.5079422
VLT,8,0.24530039861442612,13.032962193243822,21777.431880643893,5676.488927327491,volume,58740389.32539711,5676.488927327491,-27.677446365356445,-1571.1071782964639,1174806215.4007638
FRFC,9,0.24529624936334313,45.39257343768887,150.85193889541716,136.95115429055954,volume,58740310.77003819,136.95115429055954,-11.588605880737305,-15.870729519853402,1174806199.5300343
PGC,9,0.2452806152720363,27.506477842327193,63108.27989023912,34717.7300493649,volume,58740309.97650172,34717.7300493649,-23.67338180541992,-8218.860788761154,1174797980.6692455
CCK,11,0.2452374800685876,71.28295109817893,1151273.8700587084,1641323.9796001222,volume,58739899.03346228,1641323.9796001222,2.259382724761963,37083.79045246073,1174835064.459698
CARE,11,0.2451992936074479,14.75899061686556,50188.9417057903,14814.762394123432,volume,58741753.2229849,14814.762394123432,39.96220397949219,5920.305567016707,1174840984.765265
AKZOY,10,0.24518111499546677,29.024119406985193,90090.47222222222,52295.9324641892,volume,58742049.23826325,52295.9324641892,-28.27449989318848,-14786.413368729096,1174826198.3518963
MRRCF,10,0.24514600480612161,0.28168751171405226,81774.95219435736,460.6996560832821,volume,58741309.91759482,460.6996560832821,899.9998168945312,4146.296061183274,1174830344.6479576
LEN,11,0.24507175480244045,76.75518616093508,2877253.7428459427,4416882.933287752,volume,58741517.232397884,4416882.933287752,-4.806342601776123,-212290.52609318806,1174618054.1218643
DRS,11,0.2449330432956617,8.259299143133633,382973.62999216915,63261.875480742,volume,58730902.70609322,63261.875480742,45.85148239135742,29006.507696494875,1174647060.629561
CAOX,10,0.24488700510587466,988.7567820083576,5.9976479811838495,118.60430234988532,volume,58732353.03147805,118.60430234988532,0.1666666716337204,0.1976738431409483,1174647060.8272347
UOLGY,10,0.24485777372894296,20.19832547655469,5091.018453082057,2056.600954449947,volume,58732353.04136174,2056.600954449947,-26.4003963470459,-542.9508032519149,1174646517.8764315
FWONA,10,0.2448557799973984,40.972805552140805,373647.7880924403,306187.9633299814,volume,58732325.893821575,306187.9633299814,31.14946746826172,95375.92002920568,1174741893.7964606
TIMB,11,0.2446066434430464,14.573428791520548,876807.2020400157,255561.74645645078,volume,58737094.68982303,255561.74645645078,-23.39818000793457,-59796.7974673017,1174682096.9989934
LEN-B,11,0.24459524775368757,64.81828250458828,62531.86436691494,81064.16100146579,volume,58734104.84994967,81064.16100146579,-1.8566066026687624,-1505.0425655512497,1174680591.9564278
ENTG,11,0.24453878668328455,61.87754302222746,1082539.9119028975,1339698.1994409973,volume,58734029.59782139,1339698.1994409973,-18.63316535949707,-249628.18082004588,1174430963.7756078
CF,11,0.24441062530071067,54.164189468204626,3105974.1444227006,3364651.4408371183,volume,58721548.1887804,3364651.4408371183,14.30819034576416,481420.73262647126,1174912384.5082343
TOLWF,11,0.24425752280753382,2.2634277495159365,35450.21310832025,1604.779921512513,volume,58745619.22541171,1604.779921512513,7.256166458129883,116.44550239159403,1174912500.9537365
AWK,8,0.24425232149046996,112.00031099035893,996258.9330985915,2231626.206679309,volume,58745625.04768683,2231626.206679309,-28.24441719055176,-630309.8159481889,1174282191.1377883
PWOD,9,0.24417557387575156,26.482792378406533,13870.718149745198,7346.706977981946,volume,58714109.556889415,7346.706977981946,0.7320286631584167,53.78000087708735,1174282244.917789
DCOM,10,0.24417083978063323,28.891131568720496,101637.15505090055,58728.24837692025,volume,58714112.245889455,58728.24837692025,51.722293853759766,30375.597200676595,1174312620.5149896
AMG,10,0.2440174614603765,145.3680183368856,406634.6161971831,1182233.366875291,volume,58715631.02574948,1182233.366875291,32.94489288330078,389485.516347705,1174702106.0313373
ACM,9,0.24371309233631347,51.92056139198267,1053347.6075899843,1093807.982539477,volume,58735105.30156687,1093807.982539477,43.22051239013672,472749.41461777914,1175174855.445955
ERC,8,0.243578798511563,11.615315312364267,109444.00665883275,25424.532927816734,volume,58758742.772297755,25424.532927816734,-29.142162322998047,-7409.25865568844,1175167446.1872995
MCR,8,0.24352193937948569,7.770294189079282,106965.15719325755,16623.01478745442,volume,58758372.309364974,16623.01478745442,-26.828407287597656,-4459.690110655857,1175162986.4971888
UNH,9,0.24349295147504732,314.63502752261394,3588823.0176678444,22583388.578754254,volume,58758149.32485944,22583388.578754254,13.382818222045898,3022293.841872956,1178185280.3390617
CVEO,11,0.24334657471503673,25.84261511710816,69880.50978856695,36117.9023730649,volume,58909264.01695309,36117.9023730649,-8.335679054260254,-3010.6724229497377,1178182269.6666389
CGJTF,11,0.24322505668923164,73.70108224529723,684.0446358653094,1008.2965993472712,volume,58909113.48333195,1008.2965993472712,-9.988204956054688,-100.71073090773503,1178182168.9559078
ELSE,11,0.24321948364123422,4.106001930427327,28712.208773991384,2357.8476930568213,volume,58909108.44779539,2357.8476930568213,15.53765106201172,366.354147120862,1178182535.310055
LSTR,9,0.2432034549813346,123.4347373800902,326401.8871030968,805786.6242987321,volume,58909126.76550275,805786.6242987321,26.18551254272461,210999.35757334172,1178393534.6676283
RCIT,11,0.24314204232311257,1675.0013350214224,5.090552724421795,170.5336521880689,volume,58919676.73338142,170.5336521880689,12.545018196105955,21.393477697477287,1178393556.061106
JHI,8,0.24310260862992636,15.791656178990705,20109.527244217952,6351.2548032547265,volume,58919677.8030553,6351.2548032547265,-32.682464599609375,-2075.7466027047158,1178391480.3145034
IFJPY,11,0.2430966557993485,17.426365603473865,30583.21943573668,10659.087264368301,volume,58919574.01572517,10659.087264368301,-1.2831772565841677,-136.7749835358336,1178391343.53952
STAG,8,0.24308926909496956,29.915897999183805,959644.0082352941,574172.2453178993,volume,58919567.176976,574172.2453178993,-20.77577209472656,-119288.71711842103,1178272054.8224015
GMAB,9,0.24301208679072314,24.871511862598304,332180.11084998044,165236.43135049017,volume,58913602.74112008,165236.43135049017,-32.544803619384766,-53775.87209069655,1178218278.950311
FELTY,11,0.24295956209787944,8.833336387668645,10688.946729338033,1888.381241802268,volume,58910913.94751555,1888.381241802268,-7.81098747253418,-147.50122223086052,1178218131.4490888
ACN,8,0.24273668168729043,211.6618858749318,2291656.848982786,9701128.208678005,volume,58910906.572454445,9701128.208678005,-16.652896881103516,-1615518.8768947928,1176602612.572194
IP,10,0.2427009325757777,44.153257922535545,3329092.3296746374,2939805.44560118,volume,58830130.62860971,2939805.44560118,53.755889892578125,1580318.578393386,1178182931.1505876
QABSY,10,0.24265986813820725,18.020845242174687,4907.866718933751,1768.8781322224957,volume,58909146.55752938,1768.8781322224957,33.208492279052734,587.4177579649597,1178183518.5683455
NASB,9,0.24253371160254572,41.57902003026205,597.922383379067,497.22053510120503,volume,58909175.92841728,497.22053510120503,-30.86038017272949,-153.44414742911175,1178183365.1241982
KKPNF,11,0.2424148089909776,3.246252458640427,25466.636221089768,1653.4226089202803,volume,58909168.25620991,1653.4226089202803,0.3728345930576324,6.164531455490816,1178183371.2887297
HMNF,9,0.24238884063509297,18.595542927162022,3906.015993602559,1452.6897616643562,volume,58909168.56443649,1452.6897616643562,19.101253509521484,277.4819540823721,1178183648.7706838
EZPW,9,0.24238550128408892,8.365189976100122,496131.21934978454,83004.63805870297,volume,58909182.43853419,83004.63805870297,35.38175964355469,29368.501530932805,1178213017.2722147
PI,9,0.2422816445274521,59.60950472039996,463900.9514150943,553058.119063522,volume,58910650.86361074,553058.119063522,161.8778076171875,895278.357988884,1179108295.6302035
ANNSF,9,0.242237717047638,160.7861319417368,262.7663782447466,844.983791246243,volume,58955414.781510174,844.983791246243,118.29104614257812,999.5401664003992,1179109295.1703699
BIT,8,0.2420683516805645,16.37311034956262,126581.15962441315,41450.54589412234,volume,58955464.758518495,41450.54589412234,-17.909311294555664,-7423.507297471031,1179101871.6630723
BLW,8,0.24206672825961548,14.839409226729463,106664.61228482003,31656.796634097584,volume,58955093.58315362,31656.796634097584,-20.429916381835938,-6467.4570815139905,1179095404.2059908
MGRC,9,0.24206543790876026,64.49080849366766,113601.71305370443,146525.32642198075,volume,58954770.210299544,146525.32642198075,24.87369728088379,36446.266134030324,1179131850.4721248
CRPJF,9,0.24203252117671334,1.843657000511068,4266.249021143305,157.3099974750869,volume,58956592.52360624,157.3099974750869,26.480430603027344,41.656364713014455,1179131892.1284895
MRCC,8,0.24192023555285164,11.206406111999476,91596.9063112505,20529.442614532818,volume,58956594.60642448,20529.442614532818,-35.1188850402832,-7209.711351208691,1179124682.4171383
AY,11,0.24191357746389014,25.25140052442225,641304.1820321694,323876.57516962616,volume,58956234.12085692,323876.57516962616,-3.2167255878448486,-10418.22066651692,1179114264.196472
HFWA,9,0.24182627036823018,23.90501960280547,156408.86912225705,74779.1416484038,volume,58955713.2098236,74779.1416484038,-26.628890991210938,-19912.856113716665,1179094351.3403583
SBKFF,10,0.24181543832276778,51.50323208487767,508.2203057624461,523.4997671586151,volume,58954717.56701791,523.4997671586151,37.8344841003418,198.06343617095257,1179094549.4037945
MUSA,11,0.24181271077680258,162.32559395957955,332029.2755782046,1077936.9874040198,volume,58954727.47018973,1077936.9874040198,22.84165954589844,246218.69678214035,1179340768.1005766
TX,11,0.24177461119429827,29.137276272197347,382392.613422292,222837.58443465762,volume,58967038.405028835,222837.58443465762,-28.40708541870117,-63301.662955323525,1179277466.437621
BR,8,0.24150529607553167,121.97113472008742,639034.9158841941,1558876.2763230153,volume,58963873.321881056,1558876.2763230153,7.020811557769775,109445.76577941736,1179386912.2034004
UTHR,10,0.2414832720005901,166.63314486542168,487231.25049077347,1623777.5109197923,volume,58969345.61017002,1623777.5109197923,52.53659439086914,853077.4047220822,1180239989.6081223
EVBN,10,0.24141934422670383,33.441327835782296,12350.863298080689,8260.585372120953,volume,59011999.48040612,8260.585372120953,50.80076599121094,4196.440644395367,1180244186.0487666
PRYMY,8,0.24141907714214625,15.527510771233631,19807.446491571933,6151.20677497034,volume,59012209.30243833,6151.20677497034,9.800240516662598,602.8330586243379,1180244788.8818252
NPSKY,10,0.24141615155098503,18.086277554241736,6874.076048608389,2486.528946881933,volume,59012239.44409126,2486.528946881933,-29.213699340820312,-726.4070905645535,1180244062.4747345
SAFRF,10,0.24140703758904491,121.38967316349736,2537.983927871423,6161.700789970426,volume,59012203.12373673,6161.700789970426,34.542564392089844,2128.4094630234426,1180246190.8841977
ACSAF,10,0.24134800516756572,33.98616601902181,433.264475743349,294.49996805515815,volume,59012309.54420989,294.49996805515815,41.966827392578125,123.59229326490595,1180246314.476491
CGHLY,11,0.2413315718947916,58.52601622416224,2605.7138989169675,3050.04107847079,volume,59012315.72382455,3050.04107847079,-12.84999656677246,-391.9301738686462,1180245922.546317
ACMB,11,0.2413081091960296,25.672525792850564,4103.895858464013,2107.1474455517996,volume,59012296.12731586,2107.1474455517996,66.69178009033203,1405.294140566455,1180247327.8404577
CHKP,10,0.2413000880070409,114.46712605917743,1098831.1805011746,2515600.9451236543,volume,59012366.392022885,2515600.9451236543,43.77773284912109,1101273.0613061986,1181348600.901764
TOTZF,11,0.24127649042624513,7.3430965537646875,1419.1911302982733,208.42514996053325,volume,59067430.0450882,208.42514996053325,21.574848175048828,44.96740966260289,1181348645.8691735
BKKPF,10,0.2412708794719319,4.761322365960045,1731.6510172143976,164.8989743660075,volume,59067432.29345868,164.8989743660075,-13.53190803527832,-22.313977562325306,1181348623.5551958
GLPG,11,0.24105260349335147,78.89893453391076,157932.9259694477,249214.7917362486,volume,59067431.1777598,249214.7917362486,-6.557145118713379,-16341.375551445137,1181332282.1796443
SLRC,10,0.24104149412567186,18.226074632220715,159123.73696589572,58004.022113965475,volume,59066614.10898222,58004.022113965475,8.480485916137695,4919.022926168236,1181337201.2025704
CMXHF,11,0.2410227320090255,150.21754854063363,393.1628817541112,1181.199285485472,volume,59066860.060128525,1181.199285485472,-5.636998653411865,-66.58418781692663,1181337134.6183827
FVCB,8,0.24101603021158943,11.717711577661259,24764.082474226805,5803.567518368114,volume,59066856.73091914,5803.567518368114,-21.73300743103028,-1261.2897600318017,1181335873.3286226
AZTA,11,0.24099942021695125,41.98028756046146,594384.397887324,499048.5588952321,volume,59066793.66643113,499048.5588952321,-9.09898853302002,-45408.371148078826,1181290464.9574745
NVEE,9,0.24079294797422235,17.47807084565441,333963.8326146609,116740.87052650629,volume,59064523.24787372,116740.87052650629,-27.796772003173828,-32450.19361477331,1181258014.7638597
FPRUY,11,0.24075710594827474,32.91998827732922,218.4198981590286,143.80760973861328,volume,59062900.73819299,143.80760973861328,2.511948108673096,3.6123725329570835,1181258018.3762321
HLAN,9,0.24064476372748714,79.63763829557135,591.2145939584151,941.6586797744669,volume,59062900.91881161,941.6586797744669,61.1607551574707,575.9255595559329,1181258594.3017917
BACHY,10,0.24062505357746974,10.71848982227427,71170.87989045383,15256.887034962678,volume,59062929.71508959,15256.887034962678,36.16095352172852,5517.035829575479,1181264111.3376212
HMNF,11,0.24049738582297375,18.595542927162022,3906.015993602559,1452.6897616643562,volume,59063205.56688106,1452.6897616643562,28.787538528442383,418.1936248378643,1181264529.5312462
HINOY,11,0.24046904588289372,85.61603440162156,294.3236677115988,503.9765052001535,volume,59063226.476562314,503.9765052001535,-14.482752799987791,-72.98967141815585,1181264456.5415747
DNBBY,10,0.2404517816772826,17.847864146146723,87371.17306186374,31187.776541952364,volume,59063222.82707874,31187.776541952364,-0.4743143320083618,-147.92809397322193,1181264308.6134808
CIBH,9,0.24041567451265575,20.779236488820242,610.863351605325,253.86548090720797,volume,59063215.43067405,253.86548090720797,-39.64409637451172,-100.64267591247116,1181264207.970805
ARKR,11,0.24040613611311898,19.512482314788866,6772.524256651017,2642.9751956876316,volume,59063210.39854025,2642.9751956876316,-13.36977195739746,-353.3597565540156,1181263854.6110485
ETX,11,0.24035935060796776,19.69931257915086,26795.571092831964,10557.086613891119,volume,59063192.73055243,10557.086613891119,-1.8961131572723389,-200.17430831062634,1181263654.4367402
TRS,9,0.24029978570657132,26.12904065445042,185806.67974882261,97099.00578050873,volume,59063182.721837014,97099.00578050873,-5.194807052612305,-5044.106000302297,1181258610.33074
MMT,8,0.2402937014527518,5.5824339454289,152427.69345354763,17018.350603170296,volume,59062930.516537,17018.350603170296,-30.88577079772949,-5256.248760849192,1181253354.0819793
TCPC,11,0.24025732345605955,13.526870969231338,274894.87132208707,74369.34908954648,volume,59062667.70409897,74369.34908954648,-14.75180721282959,-10970.823003126134,1181242383.258976
HWM,10,0.24023397866293675,35.41178707964718,3381294.8461914062,2394753.862936769,volume,59062119.1629488,2394753.862936769,127.46003723144533,3052354.1653006813,1184294737.4242766
GIGNY,9,0.24015466971092556,33.72610147747394,178.40188014101057,120.33599826815731,volume,59214736.87121383,120.33599826815731,23.089656829833984,27.78516904287249,1184294765.2094457
FRPH,9,0.24009628367298977,24.235041132731574,27070.330591461025,13121.011507213996,volume,59214738.26047229,13121.011507213996,7.32016134262085,960.4792121119123,1184295725.6886578
FWONK,10,0.24000288731292768,44.078108390452485,1094137.5683509596,964550.2866367942,volume,59214786.28443289,964550.2866367942,28.631290435791016,276163.1939662353,1184571888.882624
VST,11,0.2399817392711358,29.69880504405147,4308936.998548621,2559405.597339916,volume,59228594.444131196,2559405.597339916,54.02098846435547,1382616.2024950641,1185954505.085119
TER,11,0.23996421447706287,68.7586857469094,2076667.4064338957,2855778.4319967525,volume,59297725.25425595,2855778.4319967525,-8.129798889160156,-232169.0432413473,1185722336.0418775
ICFI,9,0.23993273641043442,79.51492363831093,97271.42907523511,154690.60510213397,volume,59286116.80209388,154690.60510213397,47.10469055175781,72866.53084600189,1185795202.5727236
SBGSY,10,0.2398230551268061,23.8848686678089,216736.80243041946,103534.60123062826,volume,59289760.12863618,103534.60123062826,45.25463485717773,46854.20573775586,1185842056.7784615
GBDC,8,0.23976915586627034,16.111148165946748,499306.4582843713,160888.0065926723,volume,59292102.838923074,160888.0065926723,-2.586150646209717,-4160.806222170327,1185837895.9722393
WVFC,10,0.2397383655666871,14.108453107713295,1426.32822928936,402.46569878273345,volume,59291894.79861197,402.46569878273345,2.3909571170806885,9.62278226885429,1185837905.5950215
CPK,9,0.23948167692377975,91.82494717346287,73937.84494909945,135786.77413141492,volume,59291895.27975108,135786.77413141492,5.300405502319336,7197.249647483445,1185845102.844669
CMUV,10,0.23938809664510113,10.46178615471451,1703.1037994516255,356.35015498289386,volume,59292255.14223346,356.35015498289386,48.5673828125,173.0699439234791,1185845275.9146132
PRBZF,10,0.23938481241060017,65.21897389177526,869.1254410035281,1133.669388909735,volume,59292263.795730665,1133.669388909735,-30.60557556152344,-346.96604144063,1185844928.9485717
FERG,11,0.23924940453022772,104.06593002397034,350507.8625146886,729518.5338661,volume,59292246.447428584,729518.5338661,-10.286537170410156,-75042.19515116759,1185769886.7534204
EGP,8,0.23917520526889163,121.58616099286658,231940.3277212216,564014.6805410137,volume,59288494.33767102,564014.6805410137,-20.42071914672852,-115175.85385959849,1185654710.8995607
GNRV,11,0.23910800565964066,5.477602024336119,2042.1378770074423,223.72037138138862,volume,59282735.54497804,223.72037138138862,1.6286221742630005,3.643559576660831,1185654714.5431201
NUBC,8,0.23906426419789856,30.953876807894346,363.108584868679,224.79236807827877,volume,59282735.72715601,224.79236807827877,-42.11167144775391,-94.6638234847504,1185654619.8792965
JAZZ,11,0.23882966475862144,141.74235197311754,607041.210505684,1720868.97843368,volume,59282730.99396483,1720868.97843368,12.10206127166748,208260.6181751622,1185862880.4974718
BGI,9,0.23871587847147846,2.3292261726326413,203232.59428794993,9467.49355495048,volume,59293144.02487359,9467.49355495048,-57.54825973510742,-5448.377781407457,1185857432.1196902
USFD,11,0.23864645542090357,35.26687671035611,2063580.892029657,1455521.0580211317,volume,59292871.60598451,1455521.0580211317,26.399581909179688,384251.47391764744,1186241683.593608
KO,11,0.2385109183287563,51.32378281877818,14104581.411603292,14478009.462378064,volume,59312084.1796804,14478009.462378064,-0.0523893386125564,-7584.933401603201,1186234098.6602063
CPTP,11,0.23850814775397433,12.743380442852594,695.2139772281115,177.18752402012967,volume,59311704.93301032,177.18752402012967,-1.6169915199279783,-2.8651072377758466,1186234095.795099
GLPGF,8,0.2384983682570657,78.11886810163773,1520.5244810027418,2375.633027535287,volume,59311704.78975496,2375.633027535287,-37.73932266235352,-896.5478135349797,1186233199.2472854
PFX,8,0.23847864021489937,77.93724186373692,11369.312156862745,17721.856627874724,volume,59311659.96236427,17721.856627874724,-8.02823257446289,-1422.7518665986493,1186231776.4954188
HNW,8,0.2384411521692496,13.972803791862296,30737.759012539183,8589.85351367514,volume,59311588.82477094,8589.85351367514,-31.16950416564941,-2677.414748768155,1186229099.0806699
CTBI,9,0.2383960549721579,40.910853523338034,43364.66288175411,35481.70742488753,volume,59311454.954033494,35481.70742488753,15.187602996826172,5388.820860187313,1186234487.90153
NICE,11,0.2383436662779432,149.11976074284547,257278.8028224226,767307.0704217075,volume,59311724.395076506,767307.0704217075,-11.01789665222168,-84541.10002425355,1186149946.8015058
ORI,10,0.23822188078321477,21.997279509241935,1674741.9529596237,736795.336902131,volume,59307497.34007529,736795.336902131,32.02443313598633,235954.53001528815,1186385901.331521
WRLC,10,0.23816888750268794,422.4270002996402,43.543776992540245,367.8813419335053,volume,59319295.066576056,367.8813419335053,-11.448888778686523,-42.11832567550649,1186385859.2131953
BMBN,11,0.23815573879309765,18.33541113264223,861.6190289741581,315.9627827189833,volume,59319292.96065977,315.9627827189833,11.121138572692873,35.138658904314624,1186385894.3518543
SAR,11,0.23809664984359566,21.999843551055537,48867.50803606429,21501.550630467274,volume,59319294.717592716,21501.550630467274,2.743814706802368,589.9627083893183,1186386484.3145626
FMBH,9,0.2380410784735407,32.18272620521243,30552.266745005876,19665.10471206282,volume,59319324.215728134,19665.10471206282,14.101651191711426,2773.1044729799064,1186389257.4190357
TTEK,11,0.23800172002441236,19.147527470693483,1618076.8689167975,619643.4259455615,volume,59319462.87095179,619643.4259455615,-3.607941865921021,-22356.37458411723,1186366901.0444517
SLFPF,11,0.23786952507211148,3.889492425858764,1816.3535868286947,141.29387037303215,volume,59318345.05222259,141.29387037303215,-6.798430442810059,-9.6057654972648,1186366891.4386861
KAST,10,0.23785480309283538,0.10357358526498868,61032.03800940439,126.4261398532615,volume,59318344.57193431,126.4261398532615,-41.26984024047852,-52.17586593964497,1186366839.2628202
PWR,11,0.23776287005737748,86.2455233794855,1552519.3296746374,2677956.8428911422,volume,59318341.96314102,2677956.8428911422,22.793153762817383,610390.820902068,1186977230.0837224
ASXFF,10,0.23774895824353898,45.26529337356161,293.18231611893583,265.41967102127825,volume,59348861.50418612,265.41967102127825,-0.325752317905426,-0.8646107305287702,1186977229.2191117
PPRQF,11,0.23771157587848418,10.132822807421174,4957.039984319875,1004.5761562083026,volume,59348861.46095559,1004.5761562083026,0.0384962148964405,0.38672379589234995,1186977229.6058354
SPHDF,11,0.23770522769905536,29.08262022048153,439.16111328890634,255.43911746770257,volume,59348861.48029178,255.43911746770257,-19.487171173095703,-49.777858063976204,1186977179.8279774
CP,9,0.23767774015347717,53.31355048532867,3117697.3332028193,3324310.2834336613,volume,59348858.99139887,3324310.2834336613,23.946840286254883,796067.2741934059,1187773247.1021707
LIN,9,0.23764368018944396,232.0821442882578,1766071.7067816542,8197474.173534192,volume,59388662.35510854,8197474.173534192,71.74383544921875,5881182.382052575,1193654429.4842234
PEN,11,0.23754513297181548,168.06410628048354,324519.6036036036,1090801.9430027285,volume,59682721.47421117,1090801.9430027285,21.038856506347656,229492.25555679618,1193883921.7397802
GATX,9,0.23748381600647014,82.26975517407428,254569.45319232275,418867.3317786071,volume,59694196.086989015,418867.3317786071,46.10594940185547,193122.76005074664,1194077044.499831
DTE,8,0.23746937641205557,98.95992870823704,1255782.8731401723,2485443.6719795307,volume,59703852.22499155,2485443.6719795307,-7.532625675201416,-187219.16817819898,1193889825.3316529
WOLWF,10,0.2372915692869816,22.991626983630596,810.8763250883392,372.86731992576546,volume,59694491.266582645,372.86731992576546,-28.436294555664062,-106.02964939590093,1193889719.3020036
MMYT,10,0.23724882021065852,31.582036449786777,406716.5605644845,256898.74480958923,volume,59694485.965100184,256898.74480958923,270.234375,694228.7174190384,1194583948.0194225
OWCP,10,0.23719054226765668,0.11854502145387875,1684027.2704821639,3992.6609781645,volume,59729197.40097113,3992.6609781645,7.275958523678128e-06,0.0002905043567623304,1194583948.0197132
SUTNY,9,0.23713933440402732,3.6506666722952152,139536.48352941175,10188.023799801875,volume,59729197.40098566,10188.023799801875,70.6069107055664,7193.448866987963,1194591141.46858
LIMAF,11,0.23712260622656203,46.90896802713057,6244.283810270482,5858.258192166141,volume,59729557.073429,5858.258192166141,-18.79607582092285,-1101.1226515849723,1194590040.3459284
EMN,10,0.2370749421113165,86.20067737881057,1145283.8171495693,1974484.8165856542,volume,59729502.017296426,1974484.8165856542,13.55579948425293,267657.2025833705,1194857697.548512
PAA,9,0.23695622322522722,20.452604894589463,3614588.4943159544,1478555.006615465,volume,59742884.8774256,1478555.006615465,56.827247619628906,840222.1148017909,1195697919.6633139
MSADY,11,0.23689208912489174,11.20356876137022,62858.527636221086,14084.796732217865,volume,59784895.983165696,14084.796732217865,17.6573429107666,2487.000857292157,1195700406.6641712
CODA,9,0.23683033875447537,5.548562917400359,36348.96906812843,4033.6908371430013,volume,59785020.33320856,4033.6908371430013,25.54282760620117,1030.3186966985695,1195701436.982868
PLD,8,0.23672104826548754,87.39421015746544,3036615.9439435517,5307653.039450261,volume,59785071.8491434,5307653.039450261,-25.58083152770996,-1357741.7820971485,1194343695.2007709
AKZOF,10,0.23657828034374354,86.90556390520553,1129.0242566510171,1962.3697937382426,volume,59717184.76003855,1962.3697937382426,-28.65450668334961,-562.3073836987587,1194343132.8933873
MFIC,11,0.2364974036670005,15.330595853888536,387236.57820462564,118731.34960595636,volume,59717156.64466937,118731.34960595636,-12.376227378845217,-14694.461797204804,1194328438.43159
BMWYY,10,0.23647752430597455,30.891278172213017,81933.63736263737,50620.695668609136,volume,59716421.92157951,50620.695668609136,-28.559505462646484,-14457.020344706078,1194313981.4112453
WPP,11,0.236476989023795,73.74749114759585,149686.68669022378,220780.35203200462,volume,59715699.07056227,220780.35203200462,3.773789167404175,8331.785008740593,1194322313.1962543
PPT,10,0.2364673184650612,4.604623679318459,274057.0219521756,25238.589055289733,volume,59716115.65981272,25238.589055289733,-0.2083248645067215,-52.578256452840584,1194322260.617998
SBFG,11,0.23638494717081246,15.240023909059985,9781.532340258722,2981.415734655728,volume,59716113.0308999,2981.415734655728,60.71688461303711,1810.2227514458511,1194324070.8407493
FUND,11,0.2363589192696318,7.341427184066443,45033.3098315707,6612.175299719595,volume,59716203.542037465,6612.175299719595,-1.1527752876281738,-76.22352282982163,1194323994.6172266
MCCK,11,0.2363569637914751,26.41841631971215,254.8816150529204,134.67137237417327,volume,59716199.730861336,134.67137237417327,40.608036041259766,54.68739943096343,1194324049.304626
BMWKY,10,0.2363131334088077,30.880316896617693,81977.88458528952,50630.06109016182,volume,59716202.4652313,50630.06109016182,-29.63580703735352,-15004.627207574562,1194309044.6774182
ETP,8,0.2362961777315455,18.27019144635682,908.3366573593937,331.90969255399875,volume,59715452.233870916,331.90969255399875,-14.674072265625,-48.70466814198753,1194308995.9727502
WPPGF,11,0.23593075654229034,14.702611656248873,3318.744405182568,975.8842035149592,volume,59715449.79863751,975.8842035149592,3.7577528953552246,36.671316912897645,1194309032.6440673
MCR,11,0.23589723130181475,7.770294189079282,106965.15719325755,16623.01478745442,volume,59715451.63220337,16623.01478745442,1.1510871648788452,191.3453896343003,1194309223.989457
PIM,11,0.23581398754230234,4.142710704328686,117416.1666013328,9728.424204811636,volume,59715461.199472845,9728.424204811636,3.5120725631713867,341.6693173261136,1194309565.6587741
MRCC,11,0.2355899720021212,11.206406111999476,91596.9063112505,20529.442614532818,volume,59715478.28293871,20529.442614532818,14.089214324951172,2892.4371696793883,1194312458.0959437
TYG,10,0.2353758434147018,74.31000971625701,66776.34340659341,99243.01454720144,volume,59715622.90479719,99243.01454720144,43.16838836669922,42841.60994655572,1194355299.7058904
GL,10,0.2352679762871927,86.57317663985422,632568.7520564042,1095269.7261726246,volume,59717764.98529452,1095269.7261726246,-7.415133476257324,-81215.71212073822,1194274083.9937696
MASI,10,0.23517944086063683,129.94627011836346,515377.11916895333,1339426.6868070562,volume,59713704.19968849,1339426.6868070562,43.71207809448242,585491.2393554389,1194859575.233125
MSADY,10,0.23516934146990728,11.20356876137022,62858.527636221086,14084.796732217865,volume,59742978.761656255,14084.796732217865,84.97166442871094,11968.086214766208,1194871543.3193398
AMS,11,0.23508975178213942,2.6646480420385728,71442.64358372457,3807.3900068686257,volume,59743577.16596699,3807.3900068686257,-1.0544888973236084,-40.14850490023823,1194871503.170835
AEIS,11,0.23490846225372736,69.89686616933402,295044.9573552426,412454.3579639251,volume,59743575.158541754,412454.3579639251,11.085644721984863,45723.22476422442,1194917226.3955991
BKGFY,10,0.23488167151877148,11.226107819166169,13664.357981220657,3067.9511195373375,volume,59745861.31977996,3067.9511195373375,-10.44578456878662,-320.47156462254753,1194916905.9240346
GLAD,11,0.23471818628633556,18.919371329986298,84718.83352918136,32056.541403637515,volume,59745845.296201736,32056.541403637515,23.794095993041992,7627.564233630761,1194924533.4882684
ARZGY,10,0.23450602011073135,9.297824718209686,16033.726525821596,2981.575576335967,volume,59746226.67441342,2981.575576335967,40.08272171020508,1195.096640842189,1194925728.5849092
FDUS,11,0.2344511812869114,16.155440972638605,118597.49236192714,38319.89574712143,volume,59746286.429245465,38319.89574712143,5.818388938903809,2229.6005755499846,1194927958.1854846
JSGRY,10,0.23418119273931795,38.27654529169278,9371.807134457076,7174.408004941116,volume,59746397.909274235,7174.408004941116,-12.62778091430664,-905.9685247624421,1194927052.2169597
MKTX,8,0.23414776786190322,264.15297313467374,295357.5343002744,1560391.416462877,volume,59746352.61084799,1560391.416462877,-36.57647705078125,-570736.2083449047,1194356316.0086148
MSADF,11,0.23410977166964342,11.190385492303147,4825.71697373579,1080.0326642570806,volume,59717815.800430745,1080.0326642570806,19.859678268432617,214.49101231543725,1194356530.499627
FCAP,8,0.2341093738582415,37.72542533844628,3423.01214257736,2582.6917803479446,volume,59717826.52498136,2582.6917803479446,-33.96296691894531,-877.1587549778922,1194355653.340872
GM,11,0.23407337000408093,38.426237595674344,14439017.605170388,11096742.42288804,volume,59717782.667043604,11096742.42288804,15.222230911254885,1689171.7552391978,1196044825.0961113
SLFPF,10,0.23399611290898564,3.889492425858764,1816.3535868286947,141.29387037303215,volume,59802241.254805565,141.29387037303215,-38.18923568725586,-53.95904916840303,1196044771.137062
TSCDY,10,0.23393439819098505,10.659307739611137,314983.8971742543,67150.20586004814,volume,59802238.55685311,67150.20586004814,45.10226821899414,30286.26595660563,1196075057.4030185
KGSPY,11,0.23390383802702977,58.779209815933086,2379.524935511608,2797.331908933629,volume,59803752.870150924,2797.331908933629,-24.73043441772461,-691.792333184915,1196074365.6106853
SKHHY,11,0.23387739004771457,19.66383771885147,45877.57506860055,18042.583821667748,volume,59803718.28053427,18042.583821667748,1.946751594543457,351.24428824515667,1196074716.8549736
SEKEY,11,0.23383550116790364,8.42355938417591,52831.77185417483,8900.631351697502,volume,59803735.84274868,8900.631351697502,16.97774887084961,1511.1268388113092,1196076227.9818122
EXPD,11,0.2337686458860029,82.6383587291462,1264961.9721895808,2090687.6247306168,volume,59803811.39909062,2090687.6247306168,0.3577386736869812,7479.198179649159,1196083707.179992
DPSTF,11,0.23373012188512757,39.7806936486587,2674.1170712607673,2127.56463984946,volume,59804185.3589996,2127.56463984946,-15.261327743530272,-324.6946126428856,1196083382.4853795
XYL,9,0.23371372153510017,80.25655676741015,1161245.2088731842,1863950.8405362752,volume,59804169.12426898,1863950.8405362752,49.81337738037109,928496.8663809337,1197011879.3517604
PPBN,9,0.2335929883624652,24.524098014083563,632.0945098039216,310.0309542519095,volume,59850593.96758802,310.0309542519095,49.157135009765625,152.40233475367586,1197012031.754095
ARKAF,11,0.2335116976141221,99.77351398796357,71.55907668231612,142.79401076657652,volume,59850601.587704755,142.79401076657652,-18.678905487060547,-26.67235831227189,1197012005.0817366
WKRCF,11,0.2334243680882599,21.729717276730067,353.94581861012955,153.82285139357796,volume,59850600.25408683,153.82285139357796,-9.89249324798584,-15.216915187968992,1197011989.8648214
SU,11,0.2333925582016419,29.864086272669773,4937616.883921568,2949148.332056492,volume,59850599.49324107,2949148.332056492,-7.97346305847168,-235149.25279605814,1196776840.6120253
LFUS,11,0.23326173091359612,196.73807117397857,128383.87769502155,505159.9293510902,volume,59838842.03060126,505159.9293510902,-4.392260551452637,-22187.94029863395,1196754652.6717267
JLL,11,0.2332032912900128,159.78998448436562,345155.1317130537,1103046.6628225604,volume,59837732.63358634,1103046.6628225604,33.74003982543945,372168.3833295127,1197126821.0550563
BDX,8,0.2331842657920794,216.7375442701886,1314007.2351330204,5695894.025919823,volume,59856341.05275282,5695894.025919823,-3.842282295227051,-218852.32771281264,1196907968.7273433
CACI,9,0.23318156875523657,217.51512105401505,164115.69561815338,713952.9079849304,volume,59845398.43636717,713952.9079849304,92.66326904296876,661572.1039661753,1197569540.8313096
LRN,11,0.23296814050706183,29.718557408256935,477305.9772638181,283696.9017323791,volume,59878477.04156548,283696.9017323791,51.78378677368164,146908.9986766363,1197716449.829986
IDEXY,11,0.23290882614954336,16.859686532738067,236846.4725705329,79863.1456784786,volume,59885822.491499305,79863.1456784786,14.759815216064451,11787.652727879804,1197728237.482714
SSUMY,10,0.23284284079767675,15.080266663420433,32177.36549019608,9704.86504236998,volume,59886411.8741357,9704.86504236998,2.7127139568328857,263.26522849616623,1197728500.7479424
ACGBY,10,0.23268482842299093,10.347488254448617,25404.336463223786,5257.421463305377,volume,59886425.037397124,5257.421463305377,52.55659103393555,2763.121497399757,1197731263.8694398
EXR,11,0.2326820725097035,116.78445357320078,996998.0058754407,2328677.3465946834,volume,59886563.193472,2328677.3465946834,5.451868534088135,126956.42751943404,1197858220.2969594
HLOC,11,0.23261429085829755,3.271048318868564,3183.848538529672,208.2904481897924,volume,59892911.01484797,208.2904481897924,-52.73770523071289,-109.84760259006347,1197858110.4493568
CME,10,0.23256152817280112,166.77496869916922,1628481.576742365,5431799.279767633,volume,59892905.522467844,5431799.279767633,17.633209228515625,957800.5318744316,1198815910.9812312
NTDOF,9,0.2324261205219356,37.43159646961746,11308.836926695414,8466.156407615434,volume,59940795.54906157,8466.156407615434,30.43994331359864,2577.093211318737,1198818488.0744426
HNFSA,11,0.23232413690181516,76.5532536628152,116.93453547628381,179.03438312518833,volume,59940924.40372214,179.03438312518833,-3.076923131942749,-5.508750348509925,1198818482.5656924
TKHVY,11,0.23224438191848248,36.70407620800762,258.92153785798354,190.06951714867915,volume,59940924.128284626,190.06951714867915,-7.451737880706787,-14.163482209044606,1198818468.4022102
CULL,11,0.23222054816108426,20.29305074991595,1948.312818502548,790.7442180516798,volume,59940923.420110516,790.7442180516798,-5.819897651672363,-46.02050417712471,1198818422.381706
OGE,11,0.2320958540264116,35.237894954703826,1274403.2465699725,898145.7546513241,volume,59940921.119085304,898145.7546513241,14.178329467773438,127342.06419528481,1198945764.4459014
BRK-A,10,0.23208434359202232,360188.52144464006,1953.0907668231612,14069617.510984255,volume,59947288.222295076,14069617.510984255,27.754444122314453,3904944.1303094947,1202850708.576211
HALFF,10,0.23207232073500497,146.83947675878352,222.15830721003135,652.4321917667618,volume,60142535.42881055,652.4321917667618,-1.0782908201217651,-7.035116431340223,1202850701.5410945
FANDY,10,0.2319930078300349,39.2518477337154,373.7285546415981,293.39072641067094,volume,60142535.07705473,293.39072641067094,14.077425003051758,41.301859476370964,1202850742.8429542
AJG,8,0.2319746488428114,118.54035991644822,977537.2276995305,2317552.296064587,volume,60142537.14214771,2317552.296064587,45.08990097045898,1044982.0352341206,1203895724.8781881
IITSF,10,0.23190286197829013,2.763991368050669,36005.70156862745,1990.388966725894,volume,60194786.24390941,1990.388966725894,46.32406234741211,922.0290259021149,1203896646.907214
FCOB,11,0.2318776050181907,10.151542034582828,3100.3034104272833,629.4572078182613,volume,60194832.3453607,629.4572078182613,-2.6993050575256348,-16.99097024559797,1203896629.9162436
OLCLY,11,0.231842569125128,23.52465210088044,8237.044688357508,3875.4722126603106,volume,60194831.49581218,3875.4722126603106,-25.41472244262696,-984.9405061887514,1203895644.9757376
ATLO,9,0.231779091553196,24.466864235151167,15010.651017214397,7345.271210388369,volume,60194782.24878688,7345.271210388369,-18.048479080200195,-1325.7097377909124,1203894319.2659998
AJG,10,0.23174919383977147,118.54035991644822,977537.2276995305,2317552.296064587,volume,60194715.96329999,2317552.296064587,29.72577476501465,688910.3755895846,1204583229.6415894
DHI,11,0.23155112524529176,67.46269188584438,3947060.72513704,5325586.8310927525,volume,60229161.482079476,5325586.8310927525,0.9417017698287964,50151.14544216976,1204633380.7870314
PRYMY,10,0.23153529166117173,15.527510771233631,19807.446491571933,6151.20677497034,volume,60231669.039351575,6151.20677497034,63.392311096191406,3899.3921349592006,1204637280.1791663
JBZY,10,0.23144169795809877,1.4703933091368397,40757.07056056448,1198.5784770454418,volume,60231864.00895832,1198.5784770454418,0.0,0.0,1204637280.1791663
ICUI,10,0.2313060304344112,171.78883813840096,178004.46238244514,611583.5955226191,volume,60231864.00895832,611583.5955226191,-6.7725934982299805,-41420.07082660604,1204595860.1083398
HCA,10,0.23126009270904918,162.695440766206,2109735.731583072,6864887.695002439,volume,60229793.00541699,6864887.695002439,14.054688453674316,964838.5782272167,1205560698.6865668
HCEI,11,0.23117031722669634,88.05299392632391,730351.1328369906,1286192.0772755865,volume,60278034.93432835,1286192.0772755865,0.0,0.0,1205560698.6865668
CNSWF,10,0.23105360859486254,1189.7360884891232,876.1679718089272,20848.17311278803,volume,60278034.93432835,20848.17311278803,57.88157653808594,12067.251277071056,1205572765.9378438
ENLC,11,0.23097023044730425,13.183700084429564,1860104.1272513703,490461.0987898334,volume,60278638.296892196,490461.0987898334,8.326495170593262,40838.21970437413,1205613604.1575482
UVV,10,0.23091410843462992,53.9678562899688,182419.1864939144,196895.44882473178,volume,60280680.20787741,196895.44882473178,13.534143447875977,26648.11248627843,1205640252.2700346
SEKEF,11,0.23085561743798239,16.89270479134231,355.3845550764406,120.0681275261769,volume,60282012.61350173,120.0681275261769,8.170408248901367,9.81005619570017,1205640262.0800905
ESBS,9,0.2308293869452389,4.350971411033747,2074.1069330199766,180.4875993799361,volume,60282013.10400453,180.4875993799361,22.80021095275879,41.1515534021956,1205640303.231644
AUBN,9,0.23068337443146802,32.00051115227044,3756.2738654147106,2404.053674423709,volume,60282015.1615822,2404.053674423709,-2.5017354488372803,-60.1430629821331,1205640243.0885808
BLW,11,0.23064551139972234,14.839409226729463,106664.61228482003,31656.796634097584,volume,60282012.15442905,31656.796634097584,4.17881441116333,1322.8787798583378,1205641565.9673605
UNIB,10,0.23064503653513513,11.232575562967241,1321.744797801335,296.93196632524706,volume,60282078.29836803,296.93196632524706,21.247846603393555,63.0916487212287,1205641629.0590093
LCNTU,11,0.2306424367973672,778.8964702467132,7.800862406899255,121.52128387228218,volume,60282081.45295047,121.52128387228218,0.0003829657216556,0.0004653848617466357,1205641629.0594747
SNPS,8,0.230542487401074,211.8013476450646,958839.196001568,4061668.677760847,volume,60282081.45297374,4061668.677760847,49.08237075805664,1993563.2793824358,1207635192.3388572
BRK-B,10,0.23036621532956356,239.24867371811368,4123009.9385758997,19728493.190617707,volume,60381759.61694286,19728493.190617707,29.629579544067383,5845469.58275999,1213480661.921617
GBDC,11,0.23028643778532254,16.111148165946748,499306.4582843713,160888.0065926723,volume,60674033.096080855,160888.0065926723,-8.56576156616211,-13781.283033279484,1213466880.6385837
HUBB,9,0.2302717570769665,176.8059070939928,352724.8009404389,1247276.5676964468,volume,60673344.03192919,1247276.5676964468,88.35062408447266,1101976.6316192008,1214568857.2702029
MTG,10,0.23010362506857138,13.006034883598588,3620618.987847903,941797.9371233848,volume,60728442.86351015,941797.9371233848,41.62857055664063,392057.0187563942,1214960914.2889593
PGPHF,8,0.23005604889927644,882.579572013255,101.3093900481541,1788.271962192475,volume,60748045.71444797,1788.271962192475,-17.47494125366211,-312.4994748488457,1214960601.7894845
KEYS,11,0.22988252738639917,96.12831044019507,1173867.8918071345,2256838.742388271,volume,60748030.08947423,2256838.742388271,10.200629234313965,230211.75252738158,1215190813.542012
ACKDF,11,0.22978721870105845,4.719797528965373,1192.9456181533646,112.60923561500638,volume,60759540.6771006,112.60923561500638,1.6181402206420898,1.8221753336440352,1215190815.3641875
IDKOY,10,0.22951298532829506,10.639635184902383,610.0873824451411,129.8221436025664,volume,60759540.768209375,129.8221436025664,64.8468246459961,84.18553781362947,1215190899.5497253
CRH,10,0.22947464253368485,41.776100242333946,1175080.9197337509,981805.9659130229,volume,60759544.97748627,981805.9659130229,64.34744262695312,631767.0306238853,1215822666.5803492
CNXN,11,0.22943925754247455,39.77509006972227,62058.486687548946,49367.63795175839,volume,60791133.32901746,49367.63795175839,8.143038749694824,4020.025888220734,1215826686.6062374
QGEN,11,0.22943864369764957,38.41804355978732,1077055.3786750294,827567.2090848102,volume,60791334.33031187,827567.2090848102,0.4710419476032257,3898.1886993987496,1215830584.794937
FRFC,11,0.22940710246729848,45.39257343768887,150.85193889541716,136.95115429055954,volume,60791529.239746846,136.95115429055954,15.023131370544434,20.57435182254776,1215830605.3692887
BOWFF,11,0.2293952324338827,38.64893935515223,2077.812915851272,1606.1053075217567,volume,60791530.26846444,1606.1053075217567,-11.131070137023926,-178.77670825471054,1215830426.5925803
PCOA,9,0.22938485854406093,166045.92757742063,0.5621324970599765,1866.7962379147095,volume,60791521.32962902,1866.7962379147095,0.0,0.0,1215830426.5925803
BWFG,9,0.2293775608255548,26.545195651166317,16896.606025039124,8970.474255506782,volume,60791521.32962902,8970.474255506782,1.895924687385559,170.07343598571902,1215830596.6660163
IDXX,10,0.2292903731554657,306.59161426430586,556462.4502351097,3412134.4179010647,volume,60791529.83330082,3412134.4179010647,-18.29585266113281,-624279.0856989804,1215206317.5803175
AMG,11,0.22919192108412914,145.3680183368856,406634.6161971831,1182233.366875291,volume,60760315.87901588,1182233.366875291,16.850902557373047,199216.9926529059,1215405534.5729704
BAMXF,10,0.22910204708926912,92.38701974692665,3071.2926447574337,5674.951484395913,volume,60770276.72864852,5674.951484395913,-28.47573471069336,-1615.9841296571349,1215403918.5888407
APOG,11,0.22895544166974008,44.466267618588255,219271.92801251955,195004.08464497025,volume,60770195.92944204,195004.08464497025,17.080354690551758,33307.3893184247,1215437225.9781592
CPA,11,0.22888587025667853,87.84855915628192,446927.8476898982,785239.3493275157,volume,60771861.298907965,785239.3493275157,-16.782995223999023,-131786.68249459798,1215305439.2956645
SSUMF,11,0.22887691000416777,15.00399606068929,2503.4313725490197,751.2294890386296,volume,60765271.96478323,751.2294890386296,-18.77229881286621,-141.02304445269957,1215305298.27262
VIVHY,11,0.22885056084743235,20.884994108441955,94075.54142127994,39295.34256663837,volume,60765264.913631,39295.34256663837,-22.951885223388672,-9019.021924032231,1215296279.250696
KURRY,8,0.2288463271831998,36.63821653458054,542.2724421795374,397.357903146194,volume,60764813.9625348,397.357903146194,14.044652938842772,55.80753842194596,1215296335.0582342
JGHG,11,0.22876864271795613,2326.9113033321596,3.6832614660917287,171.4124547715325,volume,60764816.75291172,171.4124547715325,0.0,0.0,1215296335.0582342
ARES,11,0.22869507507991305,50.59091355095447,613030.304773083,620275.2630578062,volume,60764816.75291172,620275.2630578062,22.83791923522949,141657.96361324904,1215437993.0218475
HLNE,11,0.22868378040919501,71.91050456754435,209796.55058464667,301731.5161814457,volume,60771899.65109238,301731.5161814457,42.818016052246094,129195.44903325693,1215567188.4708807
MGDDY,10,0.2286558377289491,15.345655619981288,165950.05056840455,50932.24652282433,volume,60778359.42354404,50932.24652282433,5.0623459815979,2578.366535185734,1215569766.837416
LWCL,10,0.22863687558543047,28.21339473627166,731.2842022736182,412.64019726290246,volume,60778488.3418708,412.64019726290246,11.477203369140623,47.35955462268635,1215569814.1969705
MTLHF,11,0.2285959561793621,6.713132081340133,1095.8181105448843,147.12743426424782,volume,60778490.70984852,147.12743426424782,-8.375548362731934,-12.32272941164871,1215569801.874241
SHLAF,11,0.22855168499479753,219.57860090554064,64.13602508820071,281.65797313019533,volume,60778490.09371206,281.65797313019533,9.48073673248291,26.703250918521274,1215569828.577492
SBR,11,0.22848154124259173,46.50464918509692,37130.21834574677,34534.555566700066,volume,60778491.428874604,34534.555566700066,0.6949706673622131,240.00503129246977,1215570068.582523
SMBK,10,0.22843367944948703,21.184253230930448,26482.84907879263,11220.387623233124,volume,60778503.42912616,11220.387623233124,36.151180267333984,4056.3025563686374,1215574124.8850794
HSNGY,10,0.22842874027465995,18.52109520338172,24207.73432601881,8967.07504220732,volume,60778706.24425397,8967.07504220732,-15.673287391662598,-1405.4354419912033,1215572719.4496374
CHEF,11,0.2284128361025954,26.541520170803263,327067.5661707126,173617.40809471,volume,60778635.97248188,173617.40809471,24.619977951049805,42744.56759210176,1215615464.0172296
DFRYF,11,0.22822557682092565,87.03677915798656,1162.6096319498824,2023.7959556593992,volume,60780773.200861484,2023.7959556593992,2.763561487197876,55.928845610071356,1215615519.9460752
SSUMF,10,0.22810887185714673,15.00399606068929,2503.4313725490197,751.2294890386296,volume,60780775.99730376,751.2294890386296,3.1072797775268555,23.34280199571566,1215615543.2888772
SSBI,11,0.22774573279816507,11.954220678515641,6962.334770678165,1664.5857257277876,volume,60780777.164443865,1664.5857257277876,-19.48643112182617,-324.36835090769557,1215615218.9205263
TRNO,10,0.22767550067290268,46.64636379733003,386764.84811616957,360823.47618491884,volume,60780760.94602632,360823.47618491884,3.4236655235290527,12353.38895494213,1215627572.3094814
NUBC,10,0.22765246981895318,30.953876807894346,363.108584868679,224.79236807827877,volume,60781378.615474075,224.79236807827877,3.913549423217773,8.797360424365051,1215627581.1068418
CNP,11,0.22759190699398785,25.82948121225451,4660765.924040721,2407703.3173945164,volume,60781379.05534209,2407703.3173945164,6.032549381256104,145245.8915759656,1215772826.9984179
FISI,9,0.2274145940512802,26.211396398891715,47616.58401880141,24961.943177558725,volume,60788641.3499209,24961.943177558725,2.1563236713409424,538.2602895643743,1215773365.2587075
CPXWF,11,0.22736151768181473,24.567106077422736,4684.848081440877,2301.8631954673683,volume,60788668.26293538,2301.8631954673683,58.60724639892578,1349.058634733747,1215774714.3173423
SNA,9,0.22703330906921196,191.82598976844062,447196.6534692278,1715678.8134573794,volume,60788735.71586712,1715678.8134573794,35.689056396484375,612309.5793173381,1216387023.8966596
DKILF,11,0.22683894915000494,133.88051295299127,636.7638997650744,1705.0055506099054,volume,60819351.19483298,1705.0055506099054,-25.70103645324707,-438.20409809213777,1216386585.6925616
SPXCY,11,0.22679991400970903,93.93110454862887,2458.8392787142297,4619.22978714363,volume,60819329.284628086,4619.22978714363,-82.17562103271484,-3795.88076451343,1216382789.8117971
CFNB,9,0.2267012094824648,16.237388392771795,1935.3950665622554,628.5152277845152,volume,60819139.49058986,628.5152277845152,30.527942657470703,191.87276833152816,1216382981.6845655
HTHIF,11,0.22668630212635577,9.13225255332023,12747.455721003134,2328.2597011293487,volume,60819149.08422828,2328.2597011293487,37.47677993774414,872.5567645714254,1216383854.2413301
JRVR,11,0.22661765411900908,31.36707293264364,248313.6551724138,155777.45063928855,volume,60819192.71206651,155777.45063928855,-42.198360443115234,-65735.5301098629,1216318118.7112203
BAP,11,0.2265827322696537,162.73766436748474,338825.5872456964,1102793.693926121,volume,60815905.935561016,1102793.693926121,11.625617027282717,128206.57145687519,1216446325.2826772
DNBBY,11,0.22644521531516237,17.847864146146723,87371.17306186374,31187.776541952364,volume,60822316.26413386,31187.776541952364,7.807187557220459,2434.888209557026,1216448760.1708868
TRRSF,11,0.22629240964048195,18.56389582384441,9068.946504237289,3367.099562733579,volume,60822438.00854434,3367.099562733579,-8.991233825683594,-302.74379482894597,1216448457.427092
VQSSF,10,0.22629188381265258,2.0570108799236775,82750.46643109541,3404.3721953504464,volume,60822422.87135461,3404.3721953504464,-62.08094787597656,-2113.4665280997497,1216446343.9605641
AFPW,9,0.2262591920859044,0.00046184272351823725,23402740.769561816,216.16771069611434,volume,60822317.19802821,216.16771069611434,-70.0,-151.31739748728003,1216446192.6431665
IMTV,11,0.22625226989300154,0.000417864418500262,12314102.993730407,102.91250973654984,volume,60822309.63215833,102.91250973654984,0.0,0.0,1216446192.6431665
MMT,11,0.22617521507484675,5.5824339454289,152427.69345354763,17018.350603170296,volume,60822309.63215833,17018.350603170296,1.8606655597686768,316.65458851387456,1216446509.2977552
CCWOD,11,0.2261462882152818,1.740883706635124,8437.198581560284,293.7636308056655,volume,60822325.46488777,293.7636308056655,-61.0926513671875,-179.46799081169706,1216446329.8297644
TCI,10,0.2260154786636308,27.465527652712044,3654.5311887014514,2007.4725484195667,volume,60822316.49148822,2007.4725484195667,-17.223909378051758,-345.76525252905236,1216445984.0645118
STX,11,0.22583840325637042,60.003247053856946,3501961.196862745,4202580.857367517,volume,60822299.20322559,4202580.857367517,0.1121360659599304,4712.6088422370485,1216450696.673354
RFBC,11,0.22579576388899686,0.35356891725026557,39103.814974519795,276.5178704179137,volume,60822534.833667696,276.5178704179137,0.0,0.0,1216450696.673354
HESAF,11,0.22572912768811107,1025.1547650304333,145.36951410658307,2980.525001530448,volume,60822534.833667696,2980.525001530448,-3.957839727401733,-117.9644025957132,1216450578.7089512
WHGLY,11,0.2257114032708693,15.62753254307641,55773.975793650796,17432.192435440676,volume,60822528.935447566,17432.192435440676,12.299637794494627,2144.096529198495,1216452722.8054805
BTI,11,0.2256731807794728,45.37269759812452,2663134.6713615023,2416672.0821353234,volume,60822636.140274025,2416672.0821353234,20.346094131469727,491698.3766802023,1216944421.1821606
UNTY,9,0.2256636450328573,20.224657518141964,18947.453082057324,7664.1149885134555,volume,60847221.059108034,7664.1149885134555,31.61913681030273,2423.3270035169867,1216946844.509164
ITOCY,11,0.2256330774317147,48.383767133598376,24089.43904351235,23310.756181206285,volume,60847342.225458205,23310.756181206285,8.337656021118164,1943.5706663105204,1216948788.0798304
XFCI,11,0.22553377311357345,189.04066327066465,465.332548095799,1759.335470669166,volume,60847439.40399152,1759.335470669166,-93.33334350585938,-1642.0466182600805,1216947146.0332122
GIPL,11,0.22546788718194244,129.54298091755106,121.87387387387388,315.75809835182537,volume,60847357.30166061,315.75809835182537,-90.90908813476562,-287.05280792332087,1216946858.9804041
RGCO,10,0.22541905154890723,21.826083896581633,12708.287730301843,5547.44308366934,volume,60847342.94902021,5547.44308366934,2.598583221435547,144.15492519091816,1216947003.1353292
TSBA,11,0.22534308184798998,11.127082051618032,1445.990361445783,321.7930679531209,volume,60847350.15676647,321.7930679531209,17.846500396728516,57.42880114889858,1216947060.5641303
CMBT,11,0.2252389161936428,11.367254514254645,1117185.1106212426,253986.5498393479,volume,60847353.02820652,253986.5498393479,-50.97567367553711,-129471.35482586142,1216817589.2093046
ANSS,10,0.2250851025104717,219.7556572169392,488038.5582942097,2144984.682503031,volume,60840879.46046523,2144984.682503031,5.315594673156738,114018.6915231591,1216931607.900828
MITFF,11,0.2250460810091944,2.032276759284097,6671.501372010976,271.16674375739746,volume,60846580.3950414,271.16674375739746,18.75000190734864,50.84376962660722,1216931658.7445974
BHKLY,8,0.22479354351490935,71.22559468921548,10623.645148669797,15133.508869624107,volume,60846582.93722987,15133.508869624107,-19.4858512878418,-2948.8930329673026,1216928709.8515644
ALG,9,0.2247255775680118,115.86777400522725,57189.052034428794,132527.36313396753,volume,60846435.49257822,132527.36313396753,31.820688247680664,42171.11906573148,1216970880.9706302
RFBC,9,0.22468366738485354,0.35356891725026557,39103.814974519795,276.5178704179137,volume,60848544.04853151,276.5178704179137,0.0,0.0,1216970880.9706302
SKHSY,10,0.22463708650406067,18.419094473742728,31396.0435123481,11565.733831113543,volume,60848544.04853151,11565.733831113543,16.487714767456055,1906.9252048371684,1216972787.895835
GNTX,11,0.22460026184023268,25.15666861222204,1726016.0638464552,868416.2827511431,volume,60848639.39479175,868416.2827511431,-12.538311004638672,-108884.73434626067,1216863903.1614888
BREUF,11,0.2245881766559291,11.379433432125728,1586.7744714173846,361.1318893858123,volume,60843195.15807444,361.1318893858123,6.562535285949707,23.6994076697608,1216863926.8608966
KEX,11,0.22457516347418877,72.03899254195132,496837.55625245004,715833.5401886313,volume,60843196.34304483,715833.5401886313,-2.702014446258545,-19341.925667060783,1216844584.9352295
PBA,11,0.2245705624663007,32.27404330151542,750715.5452763622,484572.5203074015,volume,60842229.24676148,484572.5203074015,2.909348249435425,14097.902136808503,1216858682.8373663
CSX,10,0.22456574788995667,23.576362554039353,17395759.767032105,8202574.783410401,volume,60842934.14186832,8202574.783410401,1.8813719749450684,154320.94319899444,1217013003.7805655
FRCHL,11,0.2245586206302761,18.943863951159486,32471.379400945876,12302.667873560025,volume,60850650.18902828,12302.667873560025,-95.69000244140624,-11772.423188567689,1217001231.3573768
FANUY,10,0.22446521216219492,18.24308264605727,325509.6846846847,118766.00159589491,volume,60850061.56786884,118766.00159589491,-12.797306060791016,-15198.848720390615,1216986032.5086563
DNZOY,10,0.22443341581246176,13.034119017906457,91565.33398590446,23869.469221732677,volume,60849301.62543282,23869.469221732677,-18.96707344055176,-4527.339757155936,1216981505.168899
FBMS,11,0.22434191407100149,27.986036060839787,64422.85663924794,36058.8077809661,volume,60849075.25844496,36058.8077809661,41.08196258544922,14813.665921335543,1216996318.8348203
ZYXI,11,0.22422858355476086,6.649499281740652,238119.56301531213,31667.517264774317,volume,60849815.94174102,31667.517264774317,-22.5722713470459,-7148.077925877466,1216989170.7568944
ARZGF,10,0.22421452059497593,18.42203483297978,637.0109546165884,234.70075989872984,volume,60849458.53784472,234.70075989872984,40.16120910644531,94.25866295734504,1216989265.0155573
KOVR,9,0.22418761485789163,1.4332568187415176,18270.567228537828,523.728301251543,volume,60849463.25077787,523.728301251543,0.0,0.0,1216989265.0155573
CMTV,11,0.2238762325296202,16.71278387658187,832.4953014878622,278.2662810407301,volume,60849463.25077787,278.2662810407301,5.560428619384766,15.472797929086402,1216989280.4883552
NVMI,10,0.22383782997636276,63.3432203578463,125165.94747157977,158568.28383981786,volume,60849464.02441776,158568.28383981786,59.433372497558594,94242.47879750495,1217083522.9671528
NMFC,11,0.22376688143224308,13.028865155683972,400702.1113288906,104413.87552203964,volume,60854176.148357645,104413.87552203964,-7.584930419921875,-7919.719807090545,1217075603.2473457
ITVPF,11,0.2236264812698868,1.8421912995893224,10326.656213249706,380.4735245979725,volume,60853780.162367284,380.4735245979725,12.499995231628418,47.55917243235514,1217075650.806518
JSGRY,11,0.22352729400533142,38.27654529169278,9371.807134457076,7174.408004941116,volume,60853782.54032591,7174.408004941116,-2.636536359786988,-189.15587564974078,1217075461.6506424
DBMG,11,0.2235226875560226,49.01456739048668,143.10176125244618,140.28141841210717,volume,60853773.08253212,140.28141841210717,0.0,0.0,1217075461.6506424
NPPNY,11,0.22343333248006894,15.110646257456667,2219.3552502453385,670.7178421217307,volume,60853773.08253212,670.7178421217307,9.75775909423828,65.44703123631191,1217075527.0976737
JRVR,10,0.22342109021930195,31.36707293264364,248313.6551724138,155777.45063928855,volume,60853776.354883686,155777.45063928855,-74.60731506347656,-116221.3733963057,1216959305.7242775
AGTK,10,0.22322785627423955,1.4386645340618514,87141.82120500783,2507.356952024075,volume,60847965.286213875,2507.356952024075,0.0,0.0,1216959305.7242775
CFNB,8,0.22321983678978202,16.237388392771795,1935.3950665622554,628.5152277845152,volume,60847965.286213875,628.5152277845152,-8.00439453125,-50.30883852085722,1216959255.415439
MKTX,10,0.22318270162281162,264.15297313467374,295357.5343002744,1560391.416462877,volume,60847962.77077195,1560391.416462877,-8.657960891723633,-135098.07859516834,1216824157.3368437
OMVJF,10,0.22314504893705459,44.08412935517901,296.30341042728344,261.2455574731412,volume,60841207.86684219,261.2455574731412,-10.834595680236816,-28.30489988479555,1216824129.0319438
BCH,11,0.22299378196400355,23.12385548448339,135092.17097026604,62477.03677203109,volume,60841206.45159719,62477.03677203109,-4.269952774047852,-2667.7399647902375,1216821461.291979
WFCL,9,0.22288015878649972,5956.37901053936,5.064782096584216,603.3552354609952,volume,60841073.064598955,603.3552354609952,-5.37084436416626,-32.40527065965893,1216821428.8867083
PFLT,10,0.22264183203113022,12.11539200603705,268511.1309290474,65062.352183794974,volume,60841071.444335416,65062.352183794974,-2.883684635162353,-1876.1930531993135,1216819552.693655
HUBB,11,0.22254692251537783,176.8059070939928,352724.8009404389,1247276.5676964468,volume,60840977.63468275,1247276.5676964468,11.675386428833008,145624.3591148451,1216965177.05277
ATEN,9,0.22254137607845553,9.581694051506746,580106.2668231612,111168.01532122538,volume,60848258.8526385,111168.01532122538,-6.316699028015137,-7022.148943259562,1216958154.9038267
PRTHU,11,0.22248605106616023,9.014343149151285,677.8107588856868,122.2003754156445,volume,60847907.745191336,122.2003754156445,151.18357849121094,184.74690048306533,1216958339.6507273
LOGN,8,0.22248159441676765,33.32992861878638,257.6658823529412,171.7597093264028,volume,60847916.98253637,171.7597093264028,-37.42277526855469,-64.27725002314249,1216958275.3734772
EGP,10,0.22242295660123063,121.58616099286658,231940.3277212216,564014.6805410137,volume,60847913.76867387,564014.6805410137,-4.755002975463867,-26818.914841778227,1216931456.4586353
SHMUY,11,0.22215281056496589,31.181993775832467,267.6031941031941,166.8880226583737,volume,60846572.82293177,166.8880226583737,9.047261238098145,15.098795384999493,1216931471.5574307
FMBL,11,0.22214411401155967,6881.965784547285,86.49862906384645,11905.612112552773,volume,60846573.57787154,11905.612112552773,21.221723556518555,2526.576090237338,1216933998.133521
FBNC,9,0.22206170820698393,32.28054444163256,120288.48726987858,77659.55718264135,volume,60846699.906676054,77659.55718264135,5.244697093963623,4073.008538743009,1216938071.1420598
OXBC,8,0.22200840748921685,21.240819264280706,662.8643669149353,281.5956442874398,volume,60846903.55710299,281.5956442874398,-2.713583946228028,-7.64133419666135,1216938063.5007257
CTRE,10,0.2219401328900927,18.911738439752614,747817.2110415035,282850.4699192439,volume,60846903.17503629,282850.4699192439,37.53984832763672,106181.63740169189,1217044245.1381276
CICHY,11,0.22189782138551303,15.114412695332813,110233.48003132342,33322.286200723014,volume,60852212.25690638,33322.286200723014,8.800551414489746,2932.544929578051,1217047177.683057
AMX,10,0.22186850577996414,16.695569244348945,2777918.370109546,927578.5700662577,volume,60852358.88415286,927578.5700662577,-27.83815574645996,-258220.76700583103,1216788956.9160514
EXC,11,0.2217567701726394,31.883223013274584,8000088.7062279675,5101372.246932913,volume,60839447.845802575,5101372.246932913,-3.1135454177856445,-158833.5418385683,1216630123.3742127
MTSI,11,0.22167918998625472,48.65540963609936,589301.6440611525,573454.2578204438,volume,60831506.16871064,573454.2578204438,34.490203857421875,197785.5425513367,1216827908.9167643
RMR,8,0.22165345021477353,39.71155877871327,76634.3394980185,60865.38154886859,volume,60841395.44583821,60865.38154886859,-24.58352851867676,-14962.858431067532,1216812946.0583332
NXE,10,0.2215635629169779,2.9682971383954255,1493189.959623677,88644.62968463483,volume,60840647.30291666,88644.62968463483,59.0616455078125,52354.97694605215,1216865301.0352793
ULTA,11,0.2215577070198198,302.09250484207445,946264.0172752257,5717185.344411939,volume,60843265.05176397,5717185.344411939,7.224137306213379,413017.3193310268,1217278318.3546104
TCHC,10,0.22153400273270224,0.2951385091368308,2791373.1519308942,16476.83421010921,volume,60863915.917730525,16476.83421010921,100.0,16476.83421010921,1217294795.1888206
STBFY,11,0.22152835814948466,19.8544391492298,39729.37391646966,15776.08873723089,volume,60864739.75944103,15776.08873723089,-8.440595626831055,-1331.595856039697,1217293463.5929646
ELKMF,8,0.22148798901521466,0.7669185577317804,14533.420125293656,222.91899202800482,volume,60864673.179648235,222.91899202800482,4.651167392730713,10.368335469410537,1217293473.9613001
AON,10,0.22139500091727474,203.03349363300163,1161520.9964788733,4716553.316863821,volume,60864673.69806501,4716553.316863821,12.222155570983888,576464.4839754968,1217869938.4452758
EBSH,8,0.2211900391368752,19.39954580248756,285.3954581049334,110.73084522657152,volume,60893496.92226379,110.73084522657152,-15.095215797424316,-16.715060041262895,1217869921.7302158
CKHUY,9,0.22109911831019244,8.979067021067394,273521.5870108243,49119.37322957817,volume,60893496.08651079,49119.37322957817,5.30760383605957,2607.0617377815083,1217872528.7919536
ICLR,10,0.22106407706560713,165.3548787140921,459772.9028213166,1520513.8516408973,volume,60893626.43959768,1520513.8516408973,-16.226329803466797,-246723.59227464785,1217625805.199679
LANC,8,0.22102787667867282,150.25404161418106,122610.20619364954,368453.5804748788,volume,60881290.25998395,368453.5804748788,3.318556785583496,12227.341296574436,1217638032.5409756
JSCPY,11,0.22093961172820034,21.392052767049833,1173.0390282755875,501.87425581360463,volume,60881901.62704878,501.87425581360463,-8.468317985534668,-42.50030786983175,1217637990.0406675
DFIHY,11,0.2208620548994093,27.647740842405483,1947.1096319498824,1076.6636499180374,volume,60881899.50203338,1076.6636499180374,34.007774353027344,366.1493446051944,1217638356.190012
HACBY,11,0.2208474211393489,49.14687692259546,238.11363636363637,234.05083159910578,volume,60881917.809500605,234.05083159910578,-9.97894287109375,-23.355798774594604,1217638332.8342133
YOKEY,11,0.22079804889277396,34.03836796000091,628.268158617982,427.70445521182177,volume,60881916.64171067,427.70445521182177,-13.573657035827637,-58.0551358774077,1217638274.7790775
PWBK,11,0.220526872269731,11.768443787625985,977.1187769502156,229.9833480074493,volume,60881913.73895388,229.9833480074493,53.391510009765625,122.79158227219142,1217638397.5706599
VRNT,8,0.22043913087026648,29.3185917749843,825647.5838241068,484136.4892028224,volume,60881919.878533,484136.4892028224,-48.93670654296875,-236920.45298861677,1217401477.1176713
CHBH,9,0.22041292552244504,49.05182850090152,610.6018010963195,599.0226965943649,volume,60870073.85588357,599.0226965943649,-20.64503288269043,-123.66843268668555,1217401353.4492388
CTRA,11,0.22034563847147798,23.699880569729846,7113573.25293657,3371816.730372427,volume,60870067.67246194,3371816.730372427,-11.358186721801758,-382977.2401526512,1217018376.2090862
WMT,11,0.22027449935973492,39.54669123178938,24022053.562622692,18999854.699890915,volume,60850918.81045431,18999854.699890915,50.33921432495117,9564377.578807397,1226582753.7878935
AGR,11,0.2202293809310992,44.61029539495129,596650.9246031746,532335.4798843685,volume,61329137.68939468,532335.4798843685,-2.8207218647003174,-15015.703274655742,1226567738.0846188
VEMLY,10,0.22020947889130502,55.140412788555864,135.02277188849627,148.90422755573402,volume,61328386.904230945,148.90422755573402,-10.323004722595217,-15.371390442722351,1226567722.7132285
UNLYF,11,0.22014491036375483,51.81487585491188,3282.7516699410608,3401.9074048100147,volume,61328386.13566142,3401.9074048100147,8.358847618103027,284.36025607703243,1226568007.0734844
FNB,9,0.22012716578228325,12.446288677182704,2195307.8323540934,546468.7003351852,volume,61328400.353674226,546468.7003351852,10.3467378616333,56541.68391955603,1226624548.7574039
FSS,9,0.2200436691872723,34.787019204775866,297849.4394829612,207225.88342851,volume,61331227.4378702,207225.88342851,118.25146484375,245047.64268961485,1226869596.4000933
HMNU,11,0.22000838231333786,0.04837356843424102,757920.4273403839,733.266313193185,volume,61343479.82000467,733.266313193185,-28.3276596069336,-207.71718521367714,1226869388.6829083
WMB,8,0.219990659944937,30.753498227913614,8547911.30270907,5257563.502004522,volume,61343469.43414542,5257563.502004522,36.99221420288086,1944889.152513997,1228814277.8354223
HII,11,0.21994443471611502,199.70731577678907,351322.2974137931,1403232.6597808676,volume,61440713.891771115,1403232.6597808676,-24.413026809692383,-342571.56543466274,1228471706.2699876
NDEKF,10,0.2199381305805743,13.90458328309876,1027.513132105057,285.74283839664844,volume,61423585.31349938,285.74283839664844,12.48579216003418,35.67725691438787,1228471741.9472444
GMGSF,11,0.2196916993155655,10.729338161813667,503.06815511163336,107.9517670926489,volume,61423587.09736222,107.9517670926489,4.001957416534424,4.32018374944423,1228471746.2674282
FOTB,8,0.21955611015206905,68.68199534175069,184.0454723637789,252.8122055111874,volume,61423587.31337141,252.8122055111874,17.848461151123047,45.123088285961636,1228471791.3905165
NWYF,9,0.2194808219650064,26.078326144904448,1309.1654253234026,682.8168587843248,volume,61423589.56952583,682.8168587843248,19.36907958984375,132.2553408308069,1228471923.6458573
MGYR,8,0.21942218536609084,9.922853168904759,3098.6185809486474,614.942744103869,volume,61423596.18229287,614.942744103869,-18.11623191833496,-111.40445368683,1228471812.2414038
LCDX,11,0.21928572123900578,0.4562674636657816,22609.880047040377,206.32305245701352,volume,61423590.612070195,206.32305245701352,0.0,0.0,1228471812.2414038
DLB,11,0.21928299663959736,66.15329482766363,417453.19577133906,552318.0867322355,volume,61423590.612070195,552318.0867322355,-4.453573226928711,-24597.89043819174,1228447214.3509657
GNRV,8,0.21915232078108832,5.477602024336119,2042.1378770074423,223.72037138138862,volume,61422360.71754829,223.72037138138862,-53.39726257324219,-119.46055413635266,1228447094.8904116
SZKMF,10,0.21912051837621987,10.13205079126938,4827.147901137701,978.1781542259315,volume,61422354.74452058,978.1781542259315,13.857345581054688,135.54952722946942,1228447230.4399388
FFDF,8,0.21893848388957607,20.66934613411703,804.701802507837,332.6532018156473,volume,61422361.521996945,332.6532018156473,-7.399881839752197,-24.61594387051031,1228447205.8239949
CKX,11,0.21877194299345112,11.272457821055266,2534.8185736677115,571.472709113935,volume,61422360.291199744,571.472709113935,-10.081907272338867,-57.61534861958976,1228447148.2086463
PI,11,0.21872973407395666,59.60950472039996,463900.9514150943,553058.119063522,volume,61422357.41043232,553058.119063522,-9.159737586975098,-50658.67240967891,1228396489.5362365
TPCS,11,0.21861023754421244,1.753461539331572,45373.57103610675,1591.2162342788433,volume,61419824.476811826,1591.2162342788433,-5.619438171386719,-89.41741245836764,1228396400.1188242
EXPE,9,0.21857417426993775,123.06949860975875,2402600.1676459066,5913735.95983808,volume,61419820.00594121,5913735.95983808,55.9892463684082,3311056.1961308927,1231707456.314955
IEP,9,0.21856043156595628,54.58161731274524,365432.8499216301,398918.3193585656,volume,61585372.81574775,398918.3193585656,-74.75347900390625,-298205.32210444106,1231409250.9928505
UTHR,11,0.2184718040679297,166.63314486542168,487231.25049077347,1623777.5109197923,volume,61570462.54964253,1623777.5109197923,34.42192459106445,558935.4703354742,1231968186.463186
CDNAF,11,0.2184284205747742,115.14073959320726,2615.1808219178083,6022.277080111762,volume,61598409.32315931,6022.277080111762,3.5664186477661133,214.77961280525048,1231968401.2427988
AXS,11,0.21840367554421328,56.46673707111341,578842.6834898279,653707.1522831566,volume,61598420.06213994,653707.1522831566,27.43732643127441,179359.7652765178,1232147761.0080752
SFBC,9,0.2184007526176414,33.71626029468807,2170.925911407291,1463.910062189823,volume,61607388.05040377,1463.910062189823,32.42790985107422,474.7154352677204,1232148235.7235105
TMXXF,11,0.2182280716640867,65.1771398930572,3781.7158555729984,4929.6284670894765,volume,61607411.78617553,4929.6284670894765,15.780205726623535,777.9055136649176,1232149013.6290243
PBNK,11,0.21821755067239662,10.981888393475373,2427.1207369658955,533.0873810169832,volume,61607450.68145122,533.0873810169832,17.4708194732666,93.13473397224202,1232149106.7637582
FNWD,9,0.21820533500259612,35.69805717020001,2269.125734430082,1620.0676038811432,volume,61607455.33818791,1620.0676038811432,-4.904946327209473,-79.46344643487863,1232149027.3003118
ACSAY,10,0.21801234869285502,6.064733167666238,119986.93867457962,14553.775333329158,volume,61607451.365015596,14553.775333329158,51.86163330078125,7547.825594790723,1232156575.1259065
TOELF,10,0.21800902336017797,88.32317421761937,4449.881868131868,7860.553829736731,volume,61607828.75629532,7860.553829736731,6.393047332763672,502.5289269524368,1232157077.6548336
HESAY,11,0.2179988917886675,102.58322886239772,18071.330329153607,37076.30830007107,volume,61607853.88274168,37076.30830007107,-3.1540865898132324,-1169.4188680903521,1232155908.2359655
FRHLF,11,0.21798530416831624,9.044990990052632,16496.020759890325,2984.127182898583,volume,61607795.411798276,2984.127182898583,-8.8358736038208,-263.6737060581772,1232155644.5622594
FRAF,10,0.21782993863019742,29.987089690534546,5419.48883666275,3250.2939564371327,volume,61607782.22811297,3250.2939564371327,11.25123405456543,365.69818050013674,1232156010.2604399
HLI,10,0.21778540434848406,67.58662567154863,301734.71392190154,407864.6232390275,volume,61607800.513022,407864.6232390275,75.60526275634766,308367.1200900542,1232464377.3805299
SPDC,11,0.21778345737587024,1.6313645469861382,13771.648373186985,449.33157819153143,volume,61623218.8690265,449.33157819153143,7.275958523678128e-06,3.269317926300418e-05,1232464377.3805625
DBVT,9,0.2175797404074888,28.829954508012314,161704.82928739232,93238.85744162835,volume,61623218.86902813,93238.85744162835,-78.4004898071289,-73099.72092480729,1232391277.6596377
ITIC,11,0.21753753975371526,151.43626422052148,4702.033712269698,14241.168392501471,volume,61619563.88298189,14241.168392501471,62.025875091552734,8833.209318710651,1232400110.8689566
MIELY,10,0.2175002067728354,26.643872959012846,55414.56056448451,29529.17023519297,volume,61620005.54344783,29529.17023519297,25.522380828857425,7536.547283027565,1232407647.4162397
CSWI,9,0.2173719433293989,104.34072763654008,66076.98923805424,137890.42274260815,volume,61620382.37081199,137890.42274260815,205.8077087402344,283789.1196187849,1232691436.5358586
QRVO,10,0.21725830675560287,94.04705967542185,1525860.3494023904,2870053.5867321333,volume,61634571.82679293,2870053.5867321333,-35.53262710571289,-1019805.4387076669,1231671631.097151
MITEF,9,0.21724262207173697,17.03912192501306,1509.4884359074872,514.4071500764987,volume,61583581.55485755,514.4071500764987,17.18465232849121,88.39908029354632,1231671719.4962313
CHBAY,10,0.21712329564270894,31.67599478193625,475.84181675802665,301.45525809308634,volume,61583585.97481157,301.45525809308634,0.8025661110877991,2.419377741547371,1231671721.9156091
PMMAF,10,0.2170776290130495,56.299475960337105,443.5860446883575,499.4732371854641,volume,61583586.09578046,499.4732371854641,-28.85507583618164,-144.12338137129706,1231671577.7922277
CFFI,10,0.21707168204575888,48.293441691058824,7578.388801879405,7319.729554314724,volume,61583578.88961139,7319.729554314724,34.41474914550781,2519.066564247009,1231674096.8587918
MRRCF,11,0.21703856213913028,0.28168751171405226,81774.95219435736,460.6996560832821,volume,61583704.84293959,460.6996560832821,0.0,0.0,1231674096.8587918
CGRIF,9,0.21702994248926347,21.208049590383098,562.8719153936545,238.74830989405086,volume,61583704.84293959,238.74830989405086,33.857330322265625,80.8338039196552,1231674177.6925957
RITM,11,0.2169800705312818,12.751074090839507,4149504.3735789885,1058212.7541553653,volume,61583708.884629786,1058212.7541553653,-2.3923099040985107,-25315.72852409243,1231648861.9640715
PTBS,11,0.2169466480582292,13.15271959585302,1134.8686274509803,298.53217669986657,volume,61582443.09820358,298.53217669986657,12.59047508239746,37.58661932033545,1231648899.550691
WTBFB,11,0.21691772976193252,301.53045523644244,540.4312647289867,3259.129705554754,volume,61582444.97753455,3259.129705554754,16.904123306274414,550.9273041383938,1231649450.477995
HNGKY,9,0.21683877621412256,28.22333858827812,1672.3287617554859,943.9740174788194,volume,61582472.52389975,943.9740174788194,-15.861032485961914,-149.72402557135536,1231649300.7539694
SVT,9,0.2168383572582298,9.980784758346696,4106.71832091016,819.7654324832654,volume,61582465.03769848,819.7654324832654,5.15648889541626,42.27111349446066,1231649343.0250828
BCML,11,0.21673335531308563,18.0076604531218,27876.76212832551,10039.905338786617,volume,61582467.15125415,10039.905338786617,40.79835891723633,4096.116615068936,1231653439.141698
RDN,11,0.21662161039098704,20.62409448268506,1734305.3747549981,715369.5582155121,volume,61582671.957084894,715369.5582155121,6.243633270263672,44665.05174208196,1231698104.19344
SWPFF,10,0.2166167643811856,2.8308113924199967,3768.0890894819468,213.33499044317975,volume,61584905.209672004,213.33499044317975,-17.45706558227539,-37.242029191606825,1231698066.9514108
MLGF,9,0.2165243534279477,23.114608513425726,2091.7894943159545,967.0179050722011,volume,61584903.34757054,967.0179050722011,4.580179691314697,44.291157699493795,1231698111.2425685
JBK,9,0.21639925900726484,26.29782984145526,1087.389259114073,571.9195541521599,volume,61584905.562128425,571.9195541521599,4.487914562225342,25.667260955009034,1231698136.9098294
SLRC,11,0.21617711885308932,18.226074632220715,159123.73696589572,58004.022113965475,volume,61584906.84549147,58004.022113965475,1.754991888999939,1017.9658833938252,1231699154.8757126
TRUX,9,0.2161609078878659,45.65488622925906,667.719387755102,609.693053620594,volume,61584957.743785635,609.693053620594,11.902576446533203,72.56918179639388,1231699227.4448943
CLH,11,0.21615163604369123,90.65967103514525,382302.2940485513,693188.0042884606,volume,61584961.372244716,693188.0042884606,13.821455955505373,95808.67470157628,1231795036.119596
SAFRY,10,0.21613918471789495,30.35370051930905,134204.90591924737,81472.31044989762,volume,61589751.8059798,81472.31044989762,35.95855712890625,29296.267297366292,1231824332.3868935
WTBFB,10,0.21593745653667254,301.53045523644244,540.4312647289867,3259.129705554754,volume,61591216.61934468,3259.129705554754,12.863855361938477,419.24973138053485,1231824751.6366248
SOMMY,10,0.21590974480659253,22.12331830357066,16740.32771462172,7407.031970733238,volume,61591237.58183125,7407.031970733238,-23.07278251647949,-1709.0083775333849,1231823042.6282473
AMH,11,0.21585743850973502,27.25305162498462,2088808.496087637,1138528.1155716572,volume,61591152.131412365,1138528.1155716572,2.2234890460968018,25315.047936468134,1231848357.6761837
GEN,11,0.21584803941837388,23.349849205599828,6084419.771641206,2841405.683427846,volume,61592417.88380919,2841405.683427846,19.752315521240234,561243.4158291207,1232409601.092013
AONNY,11,0.2157087741212527,19.525068053990275,6665.73317683881,2602.9778781503715,volume,61620480.05460065,2602.9778781503715,15.81606388092041,411.6886440144894,1232410012.780657
NRDBY,11,0.21570773638935775,10.4054527525713,192233.4558996472,40005.522856545555,volume,61620500.639032856,40005.522856545555,-8.686790466308594,-3475.195945499305,1232406537.5847116
HOCPY,11,0.21548618931310834,83.50943959544071,23231.8565830721,38801.58648028003,volume,61620326.87923558,38801.58648028003,10.806386947631836,4193.04957687906,1232410730.6342883
ATTBF,10,0.21544821057518487,0.05532802373645534,424335.0122047244,469.5523525494412,volume,61620536.53171442,469.5523525494412,899.9998168945312,4225.970313168935,1232414956.6046014
FNRN,10,0.2154470261073971,8.675929333992766,5622.274187230709,975.5690708949049,volume,61620747.83023007,975.5690708949049,15.34476089477539,149.698741292205,1232415106.3033428
PLYA,11,0.21519789196673147,8.207960341219914,727013.6425457716,119345.98291083047,volume,61620755.315167144,119345.98291083047,17.57075309753418,20969.98798908736,1232436076.2913318
FELE,11,0.21518390206780824,61.18899923429926,173664.67175871524,212527.34934537718,volume,61621803.81456659,212527.34934537718,4.45780086517334,9474.04601784819,1232445550.3373497
TBVPY,9,0.21504512278028748,53.224403097115314,240.04313725490195,255.5230539590216,volume,61622277.51686749,255.5230539590216,-35.2500114440918,-90.07190576284796,1232445460.265444
CAOX,11,0.2150024240868036,988.7567820083576,5.9976479811838495,118.60430234988532,volume,61622273.0132722,118.60430234988532,0.0,0.0,1232445460.265444
CAE,10,0.21498307223004456,19.550880288107667,268830.01447574334,105117.2686173102,volume,61622273.0132722,105117.2686173102,4.115086555480957,4325.666588359735,1232449785.9320323
SLMNP,10,0.21490534532799146,936.6448344446878,267.70644391408115,5014.917156793613,volume,61622489.29660162,5014.917156793613,8.046795845031738,403.54014540465226,1232450189.4721777
TGRR,11,0.21469482165103937,0.0269544444467237,14927766.790929705,8047.393213595234,volume,61622509.47360889,8047.393213595234,0.0,0.0,1232450189.4721777
SNY,10,0.2146062546527099,47.03064681426631,1857163.3069384554,1746871.831300747,volume,61622509.47360889,1746871.831300747,-9.305375099182127,-162552.97640448654,1232287636.4957733
GJR,9,0.21445956991725196,22.429904473430735,480.45080360642885,215.5293125815046,volume,61614381.82478867,215.5293125815046,5.717309474945068,12.322477809506335,1232287648.8182511
CIGI,11,0.21444893446561747,79.18848488567953,67795.4624119029,107372.39901045256,volume,61614382.44091256,107372.39901045256,27.167097091674805,29169.96388883012,1232316818.78214
ABWN,10,0.21442544978336303,9823.725309249932,9122800.53896104,61615840.939107,capital,61615840.939107,1792397730.9166098,0.0,0.0,1232316818.78214
FCFS,11,0.21431800431707487,74.57965529053715,240959.89306698003,359414.1152756012,volume,61615840.939107,359414.1152756012,-10.32600212097168,-37113.10916643018,1232279705.6729736
NTDOY,9,0.21427639160763184,9.338874560624934,1762996.0627205018,329287.9816124483,volume,61613985.283648685,329287.9816124483,31.368133544921875,103291.49381957056,1232382997.166793
PPC,11,0.21423878612300953,25.551105425620445,1142876.5225401802,584035.1703178126,volume,61619149.85833966,584035.1703178126,32.030418395996094,187068.90863256378,1232570066.0754256
LICT,10,0.21415562624108142,14564.181306618422,48.99451195609565,14271.29910315722,volume,61628503.30377129,14271.29910315722,-17.61682891845703,-2514.1503474445,1232567551.9250782
ACPS,11,0.21394451884427393,59.977484392336585,249.82166601486117,299.6735014854772,volume,61628377.59625391,299.6735014854772,-99.52015686035156,-298.23553874725485,1232567253.6895394
IRM,11,0.21360351076299863,44.15141705446082,1951466.0137201098,1723199.7967872547,volume,61628362.68447697,1723199.7967872547,36.99151992797852,637437.7962274427,1233204691.485767
TGOPY,10,0.21347811136821013,7.735661418104433,68677.96704590035,10625.38999901638,volume,61660234.574288346,10625.38999901638,85.0722427368164,9039.25757169663,1233213730.7433386
BIOYF,11,0.2132318726420799,6.125136144564185,2667.8360719874804,326.8171830460531,volume,61660686.53716693,326.8171830460531,26.58838653564453,86.89541589318954,1233213817.6387546
HIFS,9,0.21300014076042528,204.07646159468027,6236.258228840125,25453.470258648013,volume,61660690.881937735,25453.470258648013,-2.6865129470825195,-683.8107739803773,1233213133.8279805
TU,11,0.21299476314910173,18.40870487895828,1126762.163265306,414844.6426465525,volume,61660656.69139903,414844.6426465525,-9.988435745239258,-41436.49057331831,1233171697.337407
CM,11,0.21296872295173824,44.145256471895294,1031068.0223179327,910335.2457039,volume,61658584.86687036,910335.2457039,34.503814697265625,314100.3863015714,1233485797.7237086
LARK,11,0.21293298195213148,21.93277685261857,5811.469619756958,2549.233327118029,volume,61674289.88618544,2549.233327118029,25.11604690551757,640.2666381700503,1233486437.9903467
CSWC,11,0.21292887370605063,19.181552519906568,151863.8210649961,58259.67719263832,volume,61674321.899517335,58259.67719263832,-16.452045440673828,-9584.908565322743,1233476853.0817814
DHLGY,11,0.2128636078968251,39.86412690371018,101445.84964761158,80881.00448414181,volume,61673842.65408907,80881.00448414181,-14.644784927368164,-11844.84915379757,1233465008.2326276
BYLOF,10,0.21264185538132013,13.18542095976816,385.13380281690144,101.56302631954381,volume,61673250.41163138,101.56302631954381,-6.1586737632751465,-6.254935455129976,1233465001.9776921
ARLP,9,0.2125703737200589,18.15723004102334,466094.72535211267,169259.78298251808,volume,61673250.09888461,169259.78298251808,5.7209153175354,9683.208851074054,1233474685.1865432
UWHR,8,0.2125206402653229,5.774226553822949,1117.230467216333,129.0228366108114,volume,61673734.259327166,129.0228366108114,-5.314277172088623,-6.856631152789553,1233474678.329912
EFGSY,11,0.2123638866372935,18.303843093459832,1050.7302270947532,384.6480242059556,volume,61673733.9164956,384.6480242059556,-20.64322662353516,-79.4037633397858,1233474598.9261484
SKM,11,0.2123529738092158,34.688829170774355,321239.19835358683,222868.23349288144,volume,61673729.94630742,222868.23349288144,2.8123931884765625,6267.931018031839,1233480866.8571665
SFST,10,0.2121807478705375,35.24484517124764,17843.433947471578,12577.781336040396,volume,61674043.34285833,12577.781336040396,41.15496826171875,5176.381916875809,1233486043.2390833
SFBS,9,0.21212220204816035,46.351428867835054,182494.10388083104,169177.2494966328,volume,61674302.161954165,169177.2494966328,-1.8727742433547967,-3168.3079541890215,1233482874.931129
SFST,9,0.21208672206808188,35.24484517124764,17843.433947471578,12577.781336040396,volume,61674143.74655645,12577.781336040396,-21.4260482788086,-2694.9215014629926,1233480180.0096276
MCEM,9,0.21201365950355539,81.895803635469,884.7989023912191,1449.2263433421956,volume,61674009.00048138,1449.2263433421956,83.28022766113281,1206.9189980604908,1233481386.9286256
IIPZF,11,0.2118781169864827,8.786662178974526,880.6301960784314,154.75600075090549,volume,61674069.346431285,154.75600075090549,-17.854036331176758,-27.630192598742845,1233481359.298433
GJR,11,0.2117758970716707,22.429904473430735,480.45080360642885,215.5293125815046,volume,61674067.96492165,215.5293125815046,0.5078883767127991,1.0946483270104583,1233481360.3930814
FRME,9,0.2111357139701008,35.35052879100401,182696.53936545242,129168.38549710448,volume,61674068.01965407,129168.38549710448,-10.910590171813965,-14093.033173137856,1233467267.3599083
OAOFY,10,0.21111514547521273,35.93678563737439,1921.952175617405,1381.3756668089604,volume,61673363.36799542,1381.3756668089604,0.0,0.0,1233467267.3599083
GTY,8,0.21093071240702133,27.155914990879527,195577.6739811912,106221.8137749436,volume,61673363.36799542,106221.8137749436,-5.952268600463867,-6322.60766816917,1233460944.75224
BUSE,9,0.2107150409632627,24.21448355512067,140385.6744913928,67987.33212692708,volume,61673047.237612,67987.33212692708,11.258818626403809,7654.570413101487,1233468599.322653
ATSG,9,0.2106517996296328,20.184182311447575,442245.28677621286,178527.1898933899,volume,61673429.966132656,178527.1898933899,-43.24323654174805,-77200.93501693431,1233391398.387636
ASGTF,11,0.21040639287941418,29.555178741147635,1122.7417840375588,663.6566821477005,volume,61669569.9193818,663.6566821477005,13.164960861206056,87.37014245752346,1233391485.7577784
INGR,8,0.21037217039654946,101.27031752026721,456993.12661701295,925596.7807416916,volume,61669574.28788892,925596.7807416916,11.020648956298828,102006.77195634479,1233493492.5297348
BGS,8,0.21030913558715664,26.158777395324528,987187.5966353677,516472.41175620013,volume,61674674.62648675,516472.41175620013,-67.3420181274414,-347802.9451480941,1233145689.5845866
AMIGF,11,0.21019009275230174,28.96743316978729,691.3172926447575,400.5137494761059,volume,61657284.47922933,400.5137494761059,-2.48785662651062,-9.964207856427445,1233145679.620379
EJPRY,11,0.21003209009208632,12.698429903016953,72362.09083790133,18377.698762816704,volume,61657283.98101895,18377.698762816704,0.3966864645481109,72.9018434875195,1233145752.5222223
TRUP,11,0.2099701744195803,39.59868327676782,391048.74529042386,309700.30821065896,volume,61657287.62611112,309700.30821065896,79.2270736694336,245366.49134052166,1233391119.013563
ORI,11,0.20972877873042356,21.997279509241935,1674741.9529596237,736795.336902131,volume,61669555.95067815,736795.336902131,15.45199203491211,113849.55677172112,1233504968.5703347
THVB,10,0.2097118824368433,47.91675817348894,422.1899529042386,404.59947753178176,volume,61675248.42851674,404.59947753178176,13.676982879638672,55.3370012731293,1233505023.907336
NUVR,11,0.20908820584845927,14.572693070539163,1909.8784790278323,556.6414575380154,volume,61675251.1953668,556.6414575380154,1.2289775609970093,6.8409986083489045,1233505030.7483346
DCOM,8,0.2090812174037144,28.891131568720496,101637.15505090055,58728.24837692025,volume,61675251.537416734,58728.24837692025,-32.634498596191406,-19165.669392133845,1233485865.0789425
SMTOF,11,0.20907830131737462,13.689296856569273,593.4537617554859,162.47929430637166,volume,61674293.25394713,162.47929430637166,8.596651077270508,13.967778004330217,1233485879.0467205
PBNK,8,0.20904801007371507,10.981888393475373,2427.1207369658955,533.0873810169832,volume,61674293.95233603,533.0873810169832,8.756744384765625,46.681099303098804,1233485925.7278197
BACHY,11,0.20897285431103435,10.71848982227427,71170.87989045383,15256.887034962678,volume,61674296.28639099,15256.887034962678,0.229759857058525,35.05420184311088,1233485960.7820215
HKUOY,10,0.208906258594807,25.262794102994626,275.4079153605016,139.15146920174647,volume,61674298.03910108,139.15146920174647,-29.629802703857425,-41.23030578399641,1233485919.5517156
HUM,9,0.20883254929425604,324.558007404722,1217272.8260188089,7901512.857611588,volume,61674295.977585785,7901512.857611588,-39.22581100463867,-3099432.500033946,1230386487.0516815
CTAS,8,0.20878881638655597,74.30064020926073,2117327.5176194203,3146375.8018361544,volume,61519324.35258408,3146375.8018361544,27.841747283935547,876005.9993501229,1231262493.0510316
LNMG,9,0.20838243198413525,3.3384771897398764,4623.669149353195,308.72027976039243,volume,61563124.652551584,308.72027976039243,-82.65983581542969,-255.18767637887558,1231262237.8633552
PHM,11,0.2083680133931532,44.591430784813895,3892387.519404155,3471342.5731836767,volume,61563111.893167764,3471342.5731836767,1.818453550338745,63124.75226647891,1231325362.6156216
TRI,10,0.20827830670182731,79.64348113929833,700865.54277865,1116387.43274951,volume,61566268.130781084,1116387.43274951,26.24700164794922,293018.2278712619,1231618380.8434927
TISCY,10,0.20822821973504585,6.9159708312401325,1095.3444488034522,151.50740516170953,volume,61580919.04217464,151.50740516170953,13.701939582824709,20.759453118762885,1231618401.602946
FSBW,9,0.2081755408235545,25.366515873088307,20949.82216999608,10628.479932271659,volume,61580920.0801473,10628.479932271659,61.29757690429688,6515.000660241981,1231624916.6036062
ARCC,11,0.20816554963700237,17.59043819393164,2465688.9401408453,867450.978140167,volume,61581245.83018032,867450.978140167,2.2264132499694824,19313.043514302553,1231644229.6471205
CPT,11,0.2081063713176084,101.81523491688417,720491.0285826155,1467139.26661293,volume,61582211.48235603,1467139.26661293,12.376437187194824,181579.56978102008,1231825809.2169013
RANJY,11,0.20791579119583717,28.303120337201772,7893.279498235986,4468.088789874815,volume,61591290.46084507,4468.088789874815,-19.75472450256348,-882.6586309696922,1231824926.5582702
WHGRF,11,0.20787712334663574,0.780452983006494,17646.92824363788,275.4519557729747,volume,61591246.327913515,275.4519557729747,4.217785358428955,11.617972260098728,1231824938.1762424
JJSF,11,0.20786410914715833,143.25192297827445,80391.33555468444,230324.26818000546,volume,61591246.90881212,230324.26818000546,2.1275534629821777,4900.271943752064,1231829838.4481862
CZBC,8,0.20774964065632653,14.650221567714915,757.9176470588235,222.07322918985832,volume,61591491.92240931,222.07322918985832,-28.99584197998047,-64.39200261573119,1231829774.0561836
AGCO,11,0.2077317583762341,83.96371673977991,761672.1388888889,1279056.4743649794,volume,61591488.702809185,1279056.4743649794,-14.182626724243164,-181403.80535145,1231648370.250832
RNR,11,0.20767607957564216,157.3237494480278,350665.85495883966,1103361.342110459,volume,61582418.51254161,1103361.342110459,16.15243911743164,178219.76902966853,1231826590.0198617
IPSEY,10,0.20754452716493713,25.443150525932356,1872.2442179537436,952.7158291740722,volume,61591329.50099309,952.7158291740722,-8.720368385314941,-83.08032996918689,1231826506.9395318
NXG,11,0.2072637813258724,54.24353059008279,13401.035672285378,14538.389768568051,volume,61591325.34697659,14538.389768568051,9.748722076416016,1417.3072129238008,1231827924.2467446
PLNT,11,0.2071831755317057,55.74383946830365,1204008.8293096146,1342321.4979891074,volume,61591396.21233723,1342321.4979891074,53.46290588378906,717644.0791277839,1232545568.3258724
BOMBF,8,0.20716339393964472,9.490968753381141,3169.7574334898277,601.6813751409911,volume,61627278.41629362,601.6813751409911,27.00381660461425,162.4769350871943,1232545730.8028076
IDCBY,11,0.20707703707606612,12.637445144145092,86881.40556426332,21959.179937292,volume,61627286.54014038,21959.179937292,4.593218326568604,1008.6330772438723,1232546739.4358847
HUGPF,11,0.20690871132415498,66.32535447969705,259.6394984326019,344.41363540946134,volume,61627336.97179424,344.41363540946134,-17.718664169311523,-61.02549541151945,1232546678.4103892
BKNG,11,0.2067159051434641,2083.97866133569,437509.289514867,18235200.469702426,volume,61627333.92051946,18235200.469702426,36.8011360168457,6710760.927799677,1239257439.338189
TRP,11,0.20599710771464372,44.598155420653676,1676226.6114599686,1495132.2987625469,volume,61962871.966909446,1495132.2987625469,20.037092208862305,299581.03734753415,1239557020.3755364
HPQ,10,0.2057723733761024,23.23625071818552,12299439.822884012,5715857.348355364,volume,61977851.01877683,5715857.348355364,5.134513378143311,293481.4602268937,1239850501.8357635
OTCM,10,0.2057673403774412,35.74014309404972,3375.501372010976,2412.818040996669,volume,61992525.09178817,2412.818040996669,-8.266669273376465,-199.45968761755557,1239850302.3760757
LPLA,11,0.205671323287336,115.23215595650608,778490.4911799295,1794142.7538060532,volume,61992515.11880379,1794142.7538060532,21.401460647583008,383972.75541726453,1240234275.1314929
PEG,11,0.205641896084381,55.41090551575975,2761665.023128185,3060527.1932546864,volume,62011713.756574646,3060527.1932546864,16.032835006713867,490689.2752301347,1240724964.406723
DYFSF,11,0.20538885226080617,0.25507490204890765,31575.524667188725,161.08247723252063,volume,62036248.220336154,161.08247723252063,27.29410743713379,43.96602439824076,1240725008.3727474
OTSKY,11,0.20538785030393905,20.123977264111204,54841.04586436691,22072.39920229199,volume,62036250.41863737,22072.39920229199,37.4780502319336,8272.304860427903,1240733280.6776078
GIB,11,0.20538299424667236,70.96035056258013,182451.9874657266,258937.1398281487,volume,62036664.03388039,258937.1398281487,7.420715808868408,19214.989270259128,1240752495.666878
HTHIY,11,0.20537269513130654,18.332893392322205,194671.35815047022,71377.7851102229,volume,62037624.7833439,71377.7851102229,40.251426696777344,28730.576851424623,1240781226.2437294
LAMR,11,0.2052865691592466,82.75073687659203,539222.1195609565,892420.5546765391,volume,62039061.31218647,892420.5546765391,6.919827461242676,61753.96261228136,1240842980.2063417
ADC,8,0.2049918636125922,57.53270148932467,484905.4726134585,557958.4361282003,volume,62042149.01031709,557958.4361282003,-13.030986785888672,-72707.49008261686,1240770272.7162592
SOMLY,11,0.2049357919649543,9.25326342715417,96297.52646021168,17821.327594393755,volume,62038513.63581297,17821.327594393755,7.810162544250488,1391.8746526655177,1240771664.590912
FDP,9,0.20473472529656955,35.015918514283086,219522.72189580885,153735.7948387454,volume,62038583.22954561,153735.7948387454,18.54619598388672,28512.141808179724,1240800176.7327204
PBCO,11,0.20473143693491402,11.731328823107544,1220.5535084280675,286.37429107134454,volume,62040008.83663602,286.37429107134454,23.596683502197266,67.57483509576633,1240800244.3075554
EGBN,9,0.2044452010775759,45.08131400327152,189218.82341425214,170604.66387334972,volume,62040012.21537778,170604.66387334972,-50.84168243408203,-86738.28142422155,1240713506.0261312
HNLGY,10,0.20432233381639872,13.448318891951283,700.5094043887148,188.41347714060586,volume,62035675.30130656,188.41347714060586,-13.816685676574709,-26.032497908822453,1240713479.9936333
CCU,11,0.2043196832516586,19.30787476914736,200185.0285714286,77302.94924630658,volume,62035673.99968167,77302.94924630658,-12.244424819946287,-9465.301504065244,1240704014.6921291
FETM,11,0.2042660433520525,20.803689268315473,2093.0156739811914,870.8489543043718,volume,62035200.73460646,870.8489543043718,96.07640838623048,836.680397764686,1240704851.3725271
IGI,11,0.2041006700497789,19.83128528086743,27220.28957680251,10796.266560507855,volume,62035242.56862636,10796.266560507855,-0.7264732718467712,-78.43199091942029,1240704772.9405363
OXSQ,11,0.20383799171429187,5.010221206174557,282960.15170521365,28353.859051516625,volume,62035238.647026815,28353.859051516625,-17.50142478942871,-4962.329316801807,1240699810.6112194
ACAZF,11,0.20373218230031453,13.392699528188214,2332.8865414710485,624.8729696655189,volume,62034990.53056097,624.8729696655189,-2.9032206535339355,-18.141441113680187,1240699792.4697783
GJT,10,0.20372156669776498,20.128900608735925,1097.6596078431373,441.89362296997126,volume,62034989.62348892,441.89362296997126,3.7606797218322754,16.618203871101677,1240699809.0879822
BYLOF,11,0.20350691140381036,13.18542095976816,385.13380281690144,101.56302631954381,volume,62034990.45439911,101.56302631954381,-16.016084671020508,-16.266420289788982,1240699792.8215618
SITE,11,0.20344478850473507,110.89112897728641,355061.45710332104,787463.3166901525,volume,62034989.64107809,787463.3166901525,-7.684250831604004,-60510.65646133952,1240639282.1651003
VRRM,11,0.20334175040690142,14.92670975220509,930561.2728205128,277804.3605206866,volume,62031964.10825502,277804.3605206866,-13.050152778625488,-36253.89347363315,1240603028.2716267
LYBC,11,0.20334158375394645,38.61696196181874,202.0329282634261,156.0379581156716,volume,62030151.41358134,156.0379581156716,2.706037759780884,4.222446066201153,1240603032.4940727
FFNW,9,0.2033381005938522,15.029627875071435,24474.511946729337,7356.856139666642,volume,62030151.62470364,7356.856139666642,48.7845458984375,3589.00886013769,1240606621.5029328
ACGBY,11,0.2031555752677736,10.347488254448617,25404.336463223786,5257.421463305377,volume,62030331.075146645,5257.421463305377,10.65089511871338,559.962446005382,1240607181.4653788
LAUR,11,0.20280368917089223,14.025687313512012,923274.530715005,258991.19744676404,volume,62030359.07326894,258991.19744676404,15.260934829711914,39524.477857041165,1240646705.9432356
DWAHY,11,0.20269715774778269,28.43634300187125,40715.2509788567,23155.856844840866,volume,62032335.29716179,23155.856844840866,17.277151107788086,4000.672377386247,1240650706.615613
GJT,9,0.202682093333435,20.128900608735925,1097.6596078431373,441.89362296997126,volume,62032535.330780655,441.89362296997126,9.425222396850586,41.64945672242021,1240650748.2650697
NODK,11,0.20263491426619426,16.005329305652705,17769.764314928427,5688.218590885313,volume,62032537.413253486,5688.218590885313,5.948086261749268,338.3401485427171,1240651086.6052182
AIQUY,10,0.202511463549202,26.226960508289846,135429.07746478874,71037.86132686281,volume,62032554.33026091,71037.86132686281,-5.26914119720459,-3743.085216786795,1240647343.5200014
OXBC,10,0.20247857729502328,21.240819264280706,662.8643669149353,281.5956442874398,volume,62032367.17600007,281.5956442874398,12.095452308654783,34.06026685803645,1240647377.5802684
AER,11,0.20228826450167195,52.4798748164856,1497479.6068075118,1571750.8461099658,volume,62032368.87901342,1571750.8461099658,4.265644550323486,67045.30431175305,1240714422.8845801
PCAR,11,0.20226790393334396,56.76543711307515,2923441.3790670326,3319008.5551438266,volume,62035721.14422901,3319008.5551438266,5.147425651550293,170843.4977446221,1240885266.3823247
GOVB,11,0.20215505219055244,21.689355217177294,388.74098746081506,168.63082729027764,volume,62044263.319116235,168.63082729027764,29.87631225585937,50.38067252088227,1240885316.7629974
WSTL,10,0.2021411740377861,2.7494929092421874,39722.14057885411,2184.3148772296145,volume,62044265.838149875,2184.3148772296145,105.55553436279295,2305.665240825704,1240887622.4282382
STE,11,0.20212993938144322,145.4184784863042,536639.8627450981,1560747.0467098258,volume,62044381.12141191,1560747.0467098258,-8.54634952545166,-133386.89781998598,1240754235.5304182
CGBD,11,0.20192100038071142,14.52999947491518,246117.22650475186,71521.6634376325,volume,62037711.77652091,71521.6634376325,-0.2364081591367721,-169.08304791690477,1240754066.4473703
ACGBF,11,0.20159867273379783,0.41382965478165795,46373.137323943665,383.81158819820047,volume,62037703.32236852,383.81158819820047,21.90475845336914,84.07300131085567,1240754150.5203714
VRUS,11,0.20145300093802668,8.877203876830805,4675468.808009423,830101.7965692552,volume,62037707.526018575,830101.7965692552,7.275958523678128e-06,0.06039786242268599,1240754150.5807693
WCN,8,0.20132789311986854,95.57141072243674,990005.7970160973,1892325.0128843754,volume,62037707.52903847,1892325.0128843754,6.475473403930664,122537.00292525523,1240876687.5836945
DVSPF,11,0.2013079368494503,6.542346512235135,1091.0559906029757,142.7613270954926,volume,62043834.37918472,142.7613270954926,12.597606658935549,17.98451044856653,1240876705.5682049
ZTS,11,0.2010342592445176,119.63379660951983,2533145.7974087163,6060996.982189085,volume,62043835.27841025,6060996.982189085,1.5031994581222534,91108.87379307246,1240967814.4419978
BOIVF,11,0.20096641634443962,4.864468822923252,61424.43270735524,5975.944757413537,volume,62048390.72209989,5975.944757413537,-7.949251174926758,-475.0428588416696,1240967339.399139
HSBC,11,0.2007837796009984,37.969261369735094,2334659.40830721,1772905.865666551,volume,62048366.96995695,1772905.865666551,8.911270141601562,157988.43104584608,1241125327.8301847
APO,11,0.20078334253471028,48.67629110197506,1889412.262519562,1839391.6260408703,volume,62056266.391509235,1839391.6260408703,54.7043571472168,1006227.3644453961,1242131555.1946301
EVR,11,0.20074076998391072,101.57307083392863,425340.8578143361,864063.5415867904,volume,62106577.75973151,864063.5415867904,45.23970031738281,390899.75676562835,1242522454.9513958
GJS,10,0.20072511939496462,20.286881239517875,1335.2718370544458,541.770023615928,volume,62126122.74756979,541.770023615928,3.680009365081787,19.937187606271962,1242522474.8885834
URAL,10,0.20066298970167887,115941.21014348915,70.96899529042386,164564.6239327865,volume,62126123.74442917,164564.6239327865,50.0000228881836,82282.34963224652,1242604757.2382157
NNGPF,11,0.20066124022924725,39.773594293701514,1006.1260032102729,800.3449492005764,volume,62130237.86191079,800.3449492005764,-8.026812553405762,-64.24218885298083,1242604692.9960268
CAJFF,10,0.20065393438479615,27.704985155186183,7718.75117370892,4276.957733683631,volume,62130234.64980134,4276.957733683631,20.096290588378903,859.5098545032072,1242605552.5058813
EPD,11,0.2006290426323426,26.251170696835082,5466590.668754894,2870088.0955042117,volume,62130277.62529407,2870088.0955042117,11.055851936340332,317312.6902814757,1242922865.1961627
ACGL,11,0.2003669694665883,42.97832292309016,1669492.0833333333,1435039.397500851,volume,62146143.25980814,1435039.397500851,-7.19307279586792,-103223.42851162062,1242819641.767651
SGGKF,10,0.19998918423977924,2.6480137196675044,4211.597804782438,223.0473753757088,volume,62140982.08838256,223.0473753757088,15.14130687713623,33.77228758703406,1242819675.5399387
VBTX,11,0.1998571557356477,24.322062026953574,247610.57322340008,120447.99440938134,volume,62140983.77699694,120447.99440938134,39.20232772827149,47218.4175104958,1242866893.9574492
GDEN,11,0.19939680583511832,24.785440672158355,173537.08773991384,86023.86385193547,volume,62143344.69787246,86023.86385193547,7.480360507965088,6434.8951390058355,1242873328.8525882
WEGZY,11,0.199305001586786,4.7818543233261135,19026.28936003141,1819.6188806623966,volume,62143666.44262941,1819.6188806623966,22.77953720092773,414.5007598355954,1242873743.353348
WLKP,11,0.19920402259132713,22.93669610721811,63664.60266980762,29205.112884483282,volume,62143687.167667404,29205.112884483282,6.53090238571167,1907.3574141225051,1242875650.710762
ELSSF,10,0.19910121812181858,18.058275462732254,744.3891444342227,268.8476844332156,volume,62143782.53553811,268.8476844332156,27.74193000793457,74.58353644341547,1242875725.2942984
DBVT,11,0.19908260866097224,28.829954508012314,161704.82928739232,93238.85744162835,volume,62143786.26471493,93238.85744162835,186.90557861328125,174268.62599368792,1243049993.9202921
PSHZF,11,0.1988758959951236,26.632385725979006,41214.274354704416,21952.68904061625,volume,62152499.69601461,21952.68904061625,-5.686317920684815,-1248.2996909887734,1243048745.6206012
EIX,11,0.19884903195077896,66.75312841022584,2145164.6953797964,2863929.0874354113,volume,62152437.28103006,2863929.0874354113,7.737154483795166,221586.61780122292,1243270332.2384024
NSIT,11,0.19873946952758742,76.72899645779563,229713.6213249706,352513.91273902147,volume,62163516.61192012,352513.91273902147,-23.066694259643555,-81313.30647421676,1243189018.9319282
HVRRY,11,0.1984081108339196,26.534757079749273,8476.829153605016,4498.612047948915,volume,62159450.946596414,4498.612047948915,7.128641128540039,320.6899086635437,1243189339.621837
HRB,11,0.19818675027740706,30.241046249679638,2571886.0846394985,1555530.520689811,volume,62159466.98109185,1555530.520689811,4.543576240539551,70676.71515240341,1243260016.3369894
HUNTF,10,0.19818506797257734,4.187772811980527,6748.712765957447,565.24151674285,volume,62163000.81684947,565.24151674285,0.0,0.0,1243260016.3369894
SHLRF,8,0.19818217680948486,214.51823928934692,35.9858878871031,154.39258617610386,volume,62163000.81684947,154.39258617610386,-15.467574119567873,-23.880787701906566,1243259992.4562016
MNST,11,0.1979807864702641,36.269259144399086,5846328.030576245,4240839.727682684,volume,62162999.62281008,4240839.727682684,-2.978884220123291,-126329.70544865902,1243133662.750753
GELYF,11,0.19784003771523562,1.687536230565425,123019.81981981982,4152.0080604715295,volume,62156683.13753765,4152.0080604715295,51.30167007446289,2130.0494766482097,1243135792.8002295
AGMJF,11,0.19769834277176548,10.980857239082946,577.0931142410016,126.73954202276447,volume,62156789.64001148,126.73954202276447,1.033831238746643,1.3102729772757682,1243135794.1105025
STRL,11,0.1975887277989578,28.455423526015934,224092.7717647059,127533.09459367063,volume,62156789.70552513,127533.09459367063,40.13848876953125,51189.85685091615,1243186983.9673533
CORBF,10,0.1975373992305258,5.261050641536713,143523.48607594936,15101.686569909176,volume,62159349.19836767,15101.686569909176,-60.66889953613281,-9162.02705335986,1243177821.9403
ORPB,11,0.19741088373398447,5.465299884836518,4500.323794590357,491.91238232603433,volume,62158891.097015,491.91238232603433,14.58332347869873,71.73717394637883,1243177893.6774738
ESTRF,10,0.19726918430593912,4.068680936242414,45376.2526439483,3692.4298818110374,volume,62158894.68387369,3692.4298818110374,0.0,0.0,1243177893.6774738
PBAM,11,0.1970064893980457,24.059274809914726,3768.6373970991767,1813.4136559146166,volume,62158894.68387369,1813.4136559146166,59.54252624511719,1079.7523020054996,1243178973.4297757
SRPT,9,0.19675243416125485,85.8766561879779,1609111.486475892,2763702.2778443242,volume,62158948.67148879,2763702.2778443242,10.973594665527344,303277.48573258246,1243482250.9155083
WBBW,8,0.1965100366439394,23.61973104038845,3290.655673341186,1554.4880390169435,volume,62174112.54577541,1554.4880390169435,-10.320444107055664,-160.4300692176093,1243482090.485439
TPDKY,9,0.19626798527426204,4.288509649188579,4602.18487394958,394.7302847856499,volume,62174104.52427196,394.7302847856499,10.571420669555664,41.72859891482614,1243482132.2140381
PFGC,11,0.1961972409339661,43.218467525608624,970699.9754627637,839043.3073329309,volume,62174106.61070191,839043.3073329309,22.752893447875977,190906.62969899632,1243673038.8437371
MSBC,9,0.19613738201023379,60.85190409559775,364.99803998431986,444.2165144841397,volume,62183651.94218686,444.2165144841397,6.990757465362549,31.054099148673302,1243673069.8978362
MLHC,9,0.195983919841805,0.00025589964669082965,28307462.74127793,144.87739428413693,volume,62183653.494891815,144.87739428413693,0.0,0.0,1243673069.8978362
LMT,9,0.19595301504277138,349.0037064980358,1385948.2559780478,9674021.567016544,volume,62183653.494891815,9674021.567016544,42.60446548461914,4121565.179494175,1247794635.0773304
NOBH,11,0.1956901669124866,22.921560150275088,722.4617796942375,331.19902279072505,volume,62389731.75386652,331.19902279072505,0.2337319552898407,0.7741179518696067,1247794635.8514483
MPLX,10,0.19555405368757142,35.15324186521715,1914591.5080360642,1346081.967101652,volume,62389731.79257242,1346081.967101652,36.0248908996582,484924.5600683431,1248279560.4115167
AIQUF,10,0.19548158532963594,142.80919224555504,760.1541471048513,2171.139994603053,volume,62413978.02057584,2171.139994603053,-5.173982620239258,-112.33440598182551,1248279448.0771108
CLZNF,10,0.19534810738371294,19.01869232764726,671.7697729052467,255.52365251796712,volume,62413972.40385554,255.52365251796712,-8.333332061767578,-21.293634460679332,1248279426.7834764
BEOB,11,0.19520649848275207,36.19542110755403,158.92871132001568,115.04983264617715,volume,62413971.33917382,115.04983264617715,15.974090576171877,18.3781644746345,1248279445.161641
ABCZF,8,0.195086833293475,15.56676761813007,1758.3724569640062,547.443508473582,volume,62413972.25808205,547.443508473582,-1.3631783723831177,-7.462631508527211,1248279437.6990094
FLO,11,0.19506120209325953,22.23913827037699,1414869.8045436742,629309.7043565608,volume,62413971.884950474,629309.7043565608,-14.038702964782717,-88346.92012316987,1248191090.778886
PTC,10,0.1950605893589578,93.37421405049035,912222.1160329282,1703560.4624809977,volume,62409554.538944304,1703560.4624809977,36.75115203857422,626078.0956354296,1248817168.8745215
AMP,11,0.19489402226104124,209.15847606987273,855480.5680751174,3578620.2385196113,volume,62440858.44372608,3578620.2385196113,25.288476943969727,904978.5539302664,1249722147.4284518
BPMC,8,0.19486072599230075,65.01498563341664,502356.40839851793,653213.8934976886,volume,62486107.37142259,653213.8934976886,-28.816307067871094,-188232.1213602904,1249533915.3070915
TAIT,9,0.19459991601886165,2.5263656377090853,33456.750098077675,1690.47967594407,volume,62476695.765354574,1690.47967594407,-26.021448135375977,-439.88729211485804,1249533475.4197993
INVA,11,0.19456695348047667,13.869153268381176,803939.3876911015,222999.17172752807,volume,62476673.77098997,222999.17172752807,16.340328216552734,36438.79658047216,1249569914.21638
CAJPY,10,0.19450784201761617,27.788947557246367,277841.0935054773,154418.23153343386,volume,62478495.710819,154418.23153343386,27.859357833862305,43019.92768362133,1249612934.1440635
SPXCF,11,0.1944961912200899,6.310024142780161,3686.8237141735376,465.2789329321889,volume,62480646.70720318,465.2789329321889,33.45481491088867,155.65820583182162,1249613089.8022692
LARK,10,0.19436245968814925,21.93277685261857,5811.469619756958,2549.233327118029,volume,62480654.49011347,2549.233327118029,19.07610893249512,486.2945264245049,1249613576.0967956
PDEX,11,0.19425557913507868,14.315511555542717,15804.129753038023,4524.884042098246,volume,62480678.80483978,4524.884042098246,151.7647705078125,6867.179882235033,1249620443.2766778
PCOA,11,0.1941689103243661,166045.92757742063,0.5621324970599765,1866.7962379147095,volume,62481022.163833894,1866.7962379147095,0.0,0.0,1249620443.2766778
WSFS,9,0.1941095548341435,41.395234255871216,220382.37023949745,182455.59683856275,volume,62481022.163833894,182455.59683856275,6.503000736236572,11865.088805716567,1249632308.3654838
SCM,11,0.1940449606268635,12.545060758168255,95151.62367698942,23873.65800532387,volume,62481615.418274194,23873.65800532387,-3.5339980125427246,-843.6945994293926,1249631464.6708844
ICE,8,0.1937478181787327,89.4016046030768,2875182.348354232,5140918.309386218,volume,62481573.23354422,5140918.309386218,-14.47762680053711,-744282.9669534185,1248887181.7039309
CWBC,9,0.1936042139752372,17.662740793653832,31445.307752545028,11108.206400197523,volume,62444359.08519655,11108.206400197523,8.477218627929688,941.6669421864223,1248888123.370873
KMTUF,11,0.19311133784109696,24.35171306764131,4261.439043512348,2075.46681685713,volume,62444406.16854365,2075.46681685713,-7.243995189666748,-150.34671637626008,1248887973.0241566
SDVKY,11,0.19309475900536147,17.367977278412955,63027.66013328107,21893.259382127195,volume,62444398.651207834,21893.259382127195,-13.183135986328123,-2886.2181561853686,1248885086.8060005
NTOIF,9,0.1930671889736455,43.92944805596866,688.1360250882007,604.5887153910572,volume,62444254.34030002,604.5887153910572,-56.72725296020508,-342.96656994873933,1248884743.8394306
DSECF,11,0.19295458669320845,5.7320438456329965,2336.5974941268596,267.869585718627,volume,62444237.19197153,267.869585718627,-0.8751450181007385,-2.344247334423651,1248884741.4951832
ACB,10,0.19288537063676284,227.036108926988,721587.4984350548,3276528.3579010773,volume,62444237.07475916,3276528.3579010773,-20.00741004943848,-655548.4639514016,1248229193.0312319
HPQ,11,0.19285644282801062,23.23625071818552,12299439.822884012,5715857.348355364,volume,62411459.651561595,5715857.348355364,9.675043106079102,553011.6623353714,1248782204.6935673
FINN,11,0.1922476051935011,10044.435672296262,44.33176470588235,8905.751176552181,volume,62439110.234678365,8905.751176552181,-1.5485337972640991,-137.90856686915566,1248782066.7850003
UVV,11,0.19206293590547102,53.9678562899688,182419.1864939144,196895.44882473178,volume,62439103.33925002,196895.44882473178,6.143474578857422,12096.221845474622,1248794163.006846
GTY,10,0.19156072189144122,27.155914990879527,195577.6739811912,106221.8137749436,volume,62439708.1503423,106221.8137749436,-0.7173182964324951,-761.9485050101229,1248793401.0583408
AMBZ,11,0.19147643633541814,34.8023213750693,5078.899843505477,3535.150091709336,volume,62439670.05291704,3535.150091709336,34.06138229370117,1204.1209873932444,1248794605.1793282
MNODF,11,0.19121877014346503,22.49496560001411,601.8247745981968,270.76055203645365,volume,62439730.258966416,270.76055203645365,-28.07333374023437,-76.0115134100946,1248794529.167815
IONKF,11,0.1912093173063037,6.917797587926145,63124.115404168784,8733.597065658609,volume,62439726.45839075,8733.597065658609,0.0,0.0,1248794529.167815
UBIA,11,0.1912093173063037,6.17074384194017,907.8701451549628,112.04468214992629,volume,62439726.45839075,112.04468214992629,-50.0,-56.022341074963144,1248794473.1454737
CZBT,9,0.19100480022179747,24.895880982198097,317.2623335943618,157.9705059459932,volume,62439723.65727369,157.9705059459932,0.8147014379501343,1.2869879834791091,1248794474.4324617
BIESF,10,0.19089022008862394,30.622226947818735,173.80132968322252,106.44367522784609,volume,62439723.72162309,106.44367522784609,-11.907506942749023,-12.674788017872995,1248794461.7576737
CBCYB,8,0.19069879076868376,543.8309198368319,46.2853228962818,503.4277945125941,volume,62439723.08788369,503.4277945125941,9.349584579467772,47.0684074445042,1248794508.8260813
EVF,11,0.1905713234163834,6.1883885226341215,100048.22013317666,12382.745143642449,volume,62439725.441304065,12382.745143642449,-2.976276636123657,-368.54475062096697,1248794140.2813306
TPNTF,11,0.19050464474614082,18.340188396968873,2374.4505494505493,870.9574083241865,volume,62439707.01406653,870.9574083241865,6.216588497161865,54.14383806106048,1248794194.4251685
RPGRY,10,0.19049024225118352,16.18545671606157,346.67787524366474,112.22279488345058,volume,62439709.72125843,112.22279488345058,215.27980041503903,241.59300884527104,1248794436.0181775
BPMC,11,0.19046845741957838,65.01498563341664,502356.40839851793,653213.8934976886,volume,62439721.80090888,653213.8934976886,-10.79698085784912,-70527.37904175637,1248723908.6391358
PRI,11,0.19032896870154747,123.911991464816,239087.88592708742,592517.1216067632,volume,62436195.4319568,592517.1216067632,23.660287857055664,140191.25657450073,1248864099.8957102
NYXO,10,0.19003943784493038,0.0018981928827133394,4626754.2465699725,175.64943961805682,volume,62443204.99478552,175.64943961805682,0.0,0.0,1248864099.8957102
PFFVF,11,0.18989350063729202,143.97223864308248,43.70834966679733,125.8557789784688,volume,62443204.99478552,125.8557789784688,4.153337478637695,5.227215237344167,1248864105.1229255
WNDLF,10,0.18956783690406576,117.46455037926148,58.578720062819,137.61846027943318,volume,62443205.25614628,137.61846027943318,-0.4454521834850311,-0.6130244361932153,1248864104.5099013
TMNSF,11,0.1895019086446442,99.40758250309871,205.02354788069073,407.61790502055544,volume,62443205.22549507,407.61790502055544,17.480613708496094,71.2541113833078,1248864175.7640128
NDAQ,8,0.18948764697939996,39.523870381407995,2681089.6232849862,2119340.775033076,volume,62443208.78820065,2119340.775033076,-19.536840438842773,-414052.2255735458,1248450123.5384393
PCLB,9,0.18924398877272328,25.26894159440385,490.98392787142296,248.13288394347958,volume,62422506.17692196,248.13288394347958,-8.890205383300781,-22.059523006082703,1248450101.4789162
KEYUF,11,0.18893489234999214,25.858270862344572,8791.442963543708,4546.63026844333,volume,62422505.07394581,4546.63026844333,16.28304100036621,740.3296707456877,1248450841.808587
HTBI,9,0.18855039440112903,23.801694735464256,47684.18221003135,22699.286973468432,volume,62422542.09042936,22699.286973468432,54.322601318359375,12330.843164707541,1248463172.6517518
SATLF,10,0.18848708551592175,22.15923929610898,769.1199524940617,340.8622614945577,volume,62423158.63258759,340.8622614945577,62.21255111694336,212.05910867067084,1248463384.7108605
KRYAY,11,0.18830786739927072,102.1858486383394,6620.986671893375,13531.42283781118,volume,62423169.23554303,13531.42283781118,10.83005142211914,1465.460051479324,1248464850.170912
MCK,11,0.1880563340093062,242.01289898234225,1438380.181497452,6962131.151258919,volume,62423242.50854561,6962131.151258919,4.036726951599121,281042.22458854696,1248745892.3955007
MASI,8,0.18794381727165468,129.94627011836346,515377.11916895333,1339426.6868070562,volume,62437294.619775034,1339426.6868070562,-63.88822937011719,-855735.9939118533,1247890156.4015887
WTKWY,11,0.18759803768703723,79.74646647228275,22377.04986258343,35689.81313230217,volume,62394507.82007944,35689.81313230217,6.970786094665527,2487.8605310386315,1247892644.2621198
LWSCF,11,0.18754846948792064,11.661856988084082,1348.2996078431372,314.47354407513035,volume,62394632.21310599,314.47354407513035,5.534501552581787,17.40454317929706,1247892661.666663
KURRY,11,0.18717800480601224,36.63821653458054,542.2724421795374,397.357903146194,volume,62394633.08333315,397.357903146194,25.08768081665039,99.68788244105197,1247892761.3545454
CICOY,11,0.1870791660476816,4.204685201379781,4233.664839467502,356.02455796221824,volume,62394638.06772727,356.02455796221824,-3.0041890144348145,-10.69565065899107,1247892750.6588945
EMR,11,0.1869215905149439,74.93140956098995,3406501.888410337,5105079.763415213,volume,62394637.53294473,5105079.763415213,12.794238090515137,653156.0596420491,1248545906.7185366
UNTY,10,0.18691806460808225,20.224657518141964,18947.453082057324,7664.1149885134555,volume,62427295.33592683,7664.1149885134555,71.5988540649414,5487.41850599505,1248551394.1370425
BLSFY,11,0.18690412163868134,50.81277389183104,265.7179186228482,270.0372903598149,volume,62427569.70685213,270.0372903598149,-4.9717559814453125,-13.425595135596943,1248551380.7114475
SPNT,11,0.18673391002595238,10.999067032865243,503246.25284202275,110704.78538095318,volume,62427569.03557238,110704.78538095318,19.3814754486084,21456.22079904406,1248572836.9322467
YUM,11,0.1864044152219436,96.8062328672615,2564425.4373773066,4965047.32122953,volume,62428641.846612334,4965047.32122953,-2.014760971069336,-100033.83562325612,1248472803.0966234
SRE,11,0.18636401049520382,63.99624263684173,2964672.1834574677,3794557.6078247894,volume,62423640.15483117,3794557.6078247894,13.439990997314451,509988.2008795623,1248982791.297503
LFAP,11,0.18626756330945005,0.017938147361409147,1893615.1740493923,679.3589607579686,volume,62449139.564875156,679.3589607579686,7.275958523678128e-06,4.942987621164056e-05,1248982791.2975523
IOBCF,10,0.1861221047674774,22.60200464337632,315.06311250490006,142.42115863584692,volume,62449139.56487762,142.42115863584692,-5.948022842407227,-8.471243048081208,1248982782.8263094
ESTRF,11,0.18569125600985256,4.068680936242414,45376.2526439483,3692.4298818110374,volume,62449139.141315475,3692.4298818110374,0.0,0.0,1248982782.8263094
CLX,11,0.1854574515046975,147.98726907967588,1193721.953797964,3533113.0396603146,volume,62449139.141315475,3533113.0396603146,20.746309280395508,732990.5584339116,1249715773.3847435
BRDCY,10,0.18529940709283108,19.38181925155747,69160.82746478873,26809.25314421374,volume,62485788.669237174,26809.25314421374,-15.114913940429688,-4052.1955408198464,1249711721.1892025
PPBI,9,0.18529560307050863,29.488057573184644,371817.75578204624,219283.66778466574,volume,62485586.05946013,219283.66778466574,-25.22897148132324,-55323.01400859291,1249656398.175194
LIN,11,0.18516577249975802,232.0821442882578,1766071.7067816542,8197474.173534192,volume,62482819.908759706,8197474.173534192,0.5943563580513,48722.20895001373,1249705120.384144
MHGU,9,0.18512173891702183,16.397232469134778,1730.9290474323795,567.6489195665349,volume,62485256.01920721,567.6489195665349,-19.6030387878418,-111.27643788139274,1249705009.107706
TTNDF,11,0.18506139498924834,8.873614322259625,3518.131868131868,624.370906653059,volume,62485250.455385305,624.370906653059,2.245635271072388,14.021093302115549,1249705023.1287994
WEIGF,11,0.18441987108168295,22.059073404372793,2550.4907734589715,1125.22926377814,volume,62485251.156439975,1125.22926377814,3.781465768814087,42.550159430449135,1249705065.678959
CBCYB,10,0.1839465822505168,543.8309198368319,46.2853228962818,503.4277945125941,volume,62485253.283947945,503.4277945125941,-2.9657323360443115,-14.930320890494714,1249705050.7486382
PPBI,10,0.1834930312205718,29.488057573184644,371817.75578204624,219283.66778466574,volume,62485252.53743191,219283.66778466574,6.186120986938477,13565.152993755655,1249718615.9016318
IBIDF,11,0.183371526102998,28.603495264258797,1831.3599686643165,1047.6659238168584,volume,62485930.79508159,1047.6659238168584,21.46396255493164,224.87062158882912,1249718840.7722535
MDVT,11,0.18316025161103128,34.051084022492006,148.8711704634721,101.38449467956838,volume,62485942.03861268,101.38449467956838,31.19162940979004,31.623475859439267,1249718872.3957293
AMVMF,11,0.18300872125745138,27.434779673301744,649.2018779342723,356.21420969240984,volume,62485943.61978647,356.21420969240984,-39.08186721801758,-139.2151644436983,1249718733.1805646
BLKCF,11,0.18282562146396755,0.6525344059352614,94257.37666405638,1230.123625729924,volume,62485936.65902823,1230.123625729924,7.275958523678128e-06,8.950328479807483e-05,1249718733.180654
NXOPF,10,0.18252879374181857,0.35964362963746394,57076.68914151313,410.5453530108602,volume,62485936.6590327,410.5453530108602,-29.21312141418457,-119.93311243535526,1249718613.2475417
ARMK,11,0.18228089376479917,26.483277869336483,2955014.3845852893,1565169.3410971714,volume,62485930.66237709,1565169.3410971714,19.767318725585938,309392.01224983117,1250028005.2597916
SSUMY,11,0.18227916560557747,15.080266663420433,32177.36549019608,9704.86504236998,volume,62501400.26298958,9704.86504236998,-18.672889709472656,-1812.178745814913,1250026193.0810456
KNBWF,9,0.18224135048663376,17.97452626738629,1458.5264602116818,524.3264434150564,volume,62501309.65405229,524.3264434150564,-15.350807189941406,-80.48834137452253,1250026112.5927043
EFT,11,0.18202402621693745,13.43643895816131,118863.3997650744,31942.01630605895,volume,62501305.629635215,31942.01630605895,-0.6174131631851196,-197.21421326034528,1250025915.378491
ASRMF,9,0.18197247089002294,18.72006340168638,281.1439749608764,105.2606607253947,volume,62501295.76892455,105.2606607253947,41.87192153930664,44.07466127069303,1250025959.4531522
FIEB,11,0.1817348815179664,5.8798591777880675,2123.6840250587315,249.73926010926974,volume,62501297.97265761,249.73926010926974,20.000015258789062,49.94789012904085,1250026009.4010422
STLRF,9,0.18162057020615102,1.6720548669730915,8686.030588235295,290.4703943947194,volume,62501300.470052116,290.4703943947194,-58.10935974121094,-168.79048642054173,1250025840.610556
NXOPF,8,0.18159030695572403,0.35964362963746394,57076.68914151313,410.5453530108602,volume,62501292.0305278,410.5453530108602,-92.49522399902344,-379.7348438849766,1250025460.8757122
RBAZ,11,0.18138653530976762,8.43685534541535,1005.1450411603292,169.6052662686251,volume,62501273.04378561,169.6052662686251,33.13729476928711,56.202597027668574,1250025517.078309
CPAC,11,0.18138230519368878,7.919173531356788,14923.418950665622,2363.6228870291898,volume,62501275.85391545,2363.6228870291898,7.338477611541748,173.4539363859138,1250025690.5322454
EHC,11,0.18115455365713481,51.81242854089221,880542.8014878621,912461.2195857379,volume,62501284.526612274,912461.2195857379,14.787940979003906,134934.22660863816,1250160624.7588542
EFR,11,0.18103934384790896,13.243449136439766,118767.13899765075,31457.731287917188,volume,62508031.23794271,31457.731287917188,-1.5446088314056396,-485.8988956330239,1250160138.8599584
NWN,11,0.18078645124712978,53.366330851484214,178114.33241865935,190106.16786490832,volume,62508006.942997925,190106.16786490832,7.778586387634277,14787.572495592927,1250174926.432454
DBIN,9,0.1806638380744525,31.3864604775198,341.62607674236494,214.4486671152877,volume,62508746.32162271,214.4486671152877,-8.147503852844238,-17.47221341559118,1250174908.9602408
ESBS,10,0.180580877852238,4.350971411033747,2074.1069330199766,180.4875993799361,volume,62508745.44801205,180.4875993799361,44.64836120605469,80.58475530329079,1250174989.5449963
KMTUY,11,0.1803246162230399,24.403320238105177,123346.3351626813,60201.202343431294,volume,62508749.477249816,60201.202343431294,-7.863578796386719,-4733.968982647928,1250170255.5760136
UILCF,9,0.18019697336589321,1.9645516593447412,2670.8856789104416,104.94185784847227,volume,62508512.77880068,104.94185784847227,-27.18446350097656,-28.527881044064646,1250170227.0481327
DSDVF,9,0.17962771725616675,116.14815432220674,360.987079091621,838.5596594131249,volume,62508511.352406636,838.5596594131249,70.34752655029297,589.9059790456944,1250170816.9541116
GELYY,11,0.1793357323357492,33.71291030681325,17685.671367019193,11924.709050241867,volume,62508540.84770558,11924.709050241867,51.554725646972656,6147.751035051913,1250176964.7051468
ECC,11,0.17853173987040077,14.625929896310614,253651.72083007047,74197.84573878323,volume,62508848.23525734,74197.84573878323,-11.27388858795166,-8364.982463250659,1250168599.7226834
PCG,11,0.17850202174515623,30.633920038788517,11463545.724029792,7023466.861418494,volume,62508429.98613417,7023466.861418494,7.7006635665893555,540853.5537087308,1250709453.2763922
MKTAY,9,0.1776645286226087,34.56015679416634,28894.07604860839,19971.675973249443,volume,62535472.66381961,19971.675973249443,80.80917358398438,16138.946304854042,1250725592.2226973
NBPVF,11,0.17733073395045815,15.534045472513316,1349.1803214425715,419.1645692781808,volume,62536279.611134864,419.1645692781808,-1.9188255071640008,-8.043036672303852,1250725584.1796606
ERFSF,11,0.17721750224908928,59.95731695857274,1395.4253819036428,1673.3192382966827,volume,62536279.208983034,1673.3192382966827,-20.46878242492676,-342.50807416138974,1250725241.6715865
CWBK,11,0.17717212527144982,23.66250100055427,3169.045472363779,1499.7508332121981,volume,62536262.08357933,1499.7508332121981,20.105283737182617,301.52916036807284,1250725543.2007468
PSBQ,10,0.17695762790053707,21.39111330031601,1653.7436299490396,707.5083471583156,volume,62536277.16003734,707.5083471583156,22.351816177368164,158.1409651963625,1250725701.3417118
DY,11,0.17680586709462745,84.3159553909451,479028.48590446357,807794.8889702546,volume,62536285.067085594,807794.8889702546,15.765539169311523,127353.21962830202,1250853054.56134
ARGNF,10,0.17633576667158848,193.74747994740804,993.4296296296296,3849.4897449165533,volume,62542652.72806701,3849.4897449165533,39.223480224609375,1509.9038488457102,1250854564.465189
MTRAF,11,0.17633354816053762,41.70271831902743,5108.496667973343,4260.763951563651,volume,62542728.22325945,4260.763951563651,20.400405883789062,869.2131398691545,1250855433.678329
FIZZ,10,0.17619385136250093,38.001309255875654,430437.1570701136,327143.5104208262,volume,62542771.68391645,327143.5104208262,-12.00137996673584,-39261.73572212141,1250816171.942607
SMAL,8,0.17600606306034242,32.00259607277665,494.3925490196078,316.4369009532988,volume,62540808.59713035,316.4369009532988,2.052056074142456,6.493462646840316,1250816178.4360697
CSLLY,11,0.17561782426578496,75.68761941690228,50761.7920908379,76840.78401382519,volume,62540808.92180349,76840.78401382519,-4.935562610626221,-3792.5250054984062,1250812385.9110644
KISB,11,0.17534377626281358,28.76543117270475,439.1219129753038,252.63062328235094,volume,62540619.29555322,252.63062328235094,3.757448196411133,9.492464798104898,1250812395.4035292
NEXNY,10,0.17533359369733523,32.27722189203051,476.62406899255194,307.68201667910114,volume,62540619.77017646,307.68201667910114,29.573484420776367,90.99229326812453,1250812486.3958225
AVBH,10,0.17527767196141986,19.476631475726204,3151.5371674491394,1227.6265598492184,volume,62540624.31979113,1227.6265598492184,6.999013423919678,85.92174771945014,1250812572.3175704
CFNB,11,0.1745181534725192,16.237388392771795,1935.3950665622554,628.5152277845152,volume,62540628.61587852,628.5152277845152,21.047691345214844,132.2879452017588,1250812704.6055157
GLAPF,11,0.17435099572753657,16.06549587541125,671.3364669016843,215.70706480044342,volume,62540635.23027579,215.70706480044342,-22.19028091430664,-47.866003631223855,1250812656.739512
SOMC,11,0.173954541427167,16.962324549945276,2043.8267346138769,693.361047927509,volume,62540632.836975604,693.361047927509,16.46103286743164,114.13438998931572,1250812770.8739018
MCRI,11,0.1733396214414413,47.775297932791176,74049.31203449628,70754.55888332558,volume,62540638.54369509,70754.55888332558,25.98485374450684,18385.468643403125,1250831156.342545
PPBN,11,0.17333336558276916,24.524098014083563,632.0945098039216,310.0309542519095,volume,62541557.81712726,310.0309542519095,11.944618225097656,37.03201386501776,1250831193.3745587
MORN,11,0.1732149556334556,168.42831645802582,101602.2512740102,342253.92260853696,volume,62541559.668727934,342253.92260853696,18.137266159057617,62075.50488332542,1250893268.879442
NXE,11,0.1729091667666805,2.9682971383954255,1493189.959623677,88644.62968463483,volume,62544663.4439721,88644.62968463483,0.0275987759232521,24.46483271465898,1250893293.3442745
PVBK,11,0.17290808292961712,7.928446914765565,2097.105056840455,332.5357223569194,volume,62544664.66721373,332.5357223569194,13.21212387084961,43.93503155262073,1250893337.2793062
YUANF,10,0.17281648201461816,7.609784675805727,717.2076138147567,109.15591017957455,volume,62544666.86396531,109.15591017957455,-99.0,-108.0643510777788,1250893229.214955
FDVA,11,0.17263640911674374,10.751355276544842,3795.2647865256563,816.084801769949,volume,62544661.460747756,816.084801769949,9.744993209838867,79.5274085190085,1250893308.7423637
CEFC,10,0.17242413123799213,10.335792315230474,743.9251567398119,153.78111836275949,volume,62544665.43711819,153.78111836275949,8.493219375610352,13.060967740816176,1250893321.8033314
HERXF,8,0.1722247082287375,11.67562696851533,616.8781347962382,144.04877973828786,volume,62544666.09016657,144.04877973828786,-16.708709716796875,-24.06869245705863,1250893297.734639
GOOGL,8,0.1714057265826944,81.51735198427731,35295778.01880141,57544367.206351064,volume,62544664.88673195,57544367.206351064,-9.02131175994873,-5191256.765974629,1245702040.9686644
QCRH,9,0.17102502453160467,42.074502164361434,50325.4460995688,42348.36181677524,volume,62285102.04843322,42348.36181677524,36.8945426940918,15624.23443073861,1245717665.203095
CHD,11,0.17100060442911882,70.89896832543047,1598697.170321065,2266919.6008109706,volume,62285883.260154754,2266919.6008109706,-0.5987794399261475,-13573.848489311988,1245704091.3546057
SMBC,9,0.17086448335030593,36.11605451621994,18796.585652685222,13577.170243023542,volume,62285204.567730285,13577.170243023542,4.957634925842285,673.106533909201,1245704764.4611397
RWWI,11,0.1707254470207883,9.785718296799459,9078.128969031752,1776.7202550591846,volume,62285238.22305699,1776.7202550591846,9.507009506225586,168.91296354751216,1245704933.374103
EXEL,11,0.17072479465328871,18.16211318619523,3311690.1237759497,1202945.817312474,volume,62285246.66870516,1202945.817312474,66.31570434570312,797741.9916479423,1246502675.365751
BWFG,11,0.17052052061924544,26.545195651166317,16896.606025039124,8970.474255506782,volume,62325133.768287554,8970.474255506782,34.70730972290039,3113.410283471782,1246505788.7760344
RDCM,9,0.1697354202747722,12.050635433720402,40650.82281458252,9797.364916385955,volume,62325289.43880172,9797.364916385955,-4.944604873657227,-484.44098314560324,1246505304.3350513
OGS,8,0.16968485011880816,70.85309676495967,292687.2720501764,414755.9921688645,volume,62325265.21675257,414755.9921688645,-19.016902923583984,-78873.74440050055,1246426430.5906508
GVYB,11,0.16942625933499805,14.14873430646699,484.8013322884012,137.18650483939612,volume,62321321.529532544,137.18650483939612,5.113460540771484,7.014977792226083,1246426437.6056285
MLGF,10,0.16933064894649122,23.114608513425726,2091.7894943159545,967.0179050722011,volume,62321321.880281426,967.0179050722011,3.876743078231812,37.48879970014883,1246426475.0944283
PM,11,0.16925895505971086,93.09788707283047,5009196.4257154055,9326912.063337578,volume,62321323.75472142,9326912.063337578,26.88951110839844,2507961.055341712,1248934436.14977
TBVPY,11,0.1689455138952459,53.224403097115314,240.04313725490195,255.5230539590216,volume,62446721.8074885,255.5230539590216,-10.117471694946287,-25.852472658366338,1248934410.2972975
CRZY,9,0.16892954632818236,18.687902751879243,332.25519404155233,124.18305510110595,volume,62446720.51486488,124.18305510110595,17.25151252746582,21.423455307757074,1248934431.7207527
UL,11,0.16890243378480313,51.939497424613556,1763329.8877110325,1831729.3632302259,volume,62446721.586037636,1831729.3632302259,8.367013931274414,153261.05100471713,1249087692.7717574
DPZ,10,0.168861793709492,292.5991148982276,691718.4440093971,4047924.089518576,volume,62454384.63858787,4047924.089518576,12.810148239135742,518545.07647501543,1249606237.8482325
FGFH,11,0.16875846342913092,29.451692144869824,1894.0462201331766,1115.6573236703332,volume,62480311.89241163,1115.6573236703332,21.917282104492188,244.5217629482544,1249606482.3699956
MASI,11,0.16775172674187827,129.94627011836346,515377.11916895333,1339426.6868070562,volume,62480324.118499786,1339426.6868070562,42.46222305297852,568750.3473831322,1250175232.7173786
ET,11,0.16752217878049971,14.808002344169571,13715947.292205248,4062115.5931096324,volume,62508761.63586894,4062115.5931096324,18.59819602966309,755480.2209580409,1250930712.9383366
AXGN,10,0.16663025479410554,13.70138106967362,300467.9303599374,82336.51226155317,volume,62546535.64691684,82336.51226155317,76.32879638671875,62846.46879604663,1250993559.4071326
IBCP,9,0.16642863414739464,20.38255486069802,92249.38009404388,37605.56101264466,volume,62549677.970356636,37605.56101264466,65.37537384033203,24584.776096770598,1251018144.1832292
GOOG,8,0.16605669497844844,81.5835840723536,30898022.68781825,50415428.632422194,volume,62550907.20916146,50415428.632422194,-8.172745704650879,-4120324.778037614,1246897819.4051917
KAEPY,11,0.16520511074513441,5.721324985048809,1473.1148569188554,168.56337673472896,volume,62344890.970259584,168.56337673472896,-11.56985092163086,-19.502531396675135,1246897799.9026604
KAEPY,10,0.16501387459432562,5.721324985048809,1473.1148569188554,168.56337673472896,volume,62344889.99513302,168.56337673472896,-8.406506538391113,-14.170291286537834,1246897785.7323692
BORT,9,0.16497393964714652,23.726280935324876,462.58666666666664,219.50922420537634,volume,62344889.28661846,219.50922420537634,15.415888786315918,33.83929787920568,1246897819.5716672
NNCHY,11,0.16459978445028406,40.325303380392185,202.15595611285266,163.04000520808063,volume,62344890.978583366,163.04000520808063,-2.711586236953736,-4.4209703419509685,1246897815.1506968
KNBWY,10,0.16433880765510822,18.132301040090145,36544.0870246962,13252.567743340873,volume,62344890.75753484,13252.567743340873,-5.225717544555664,-692.5417576678886,1246897122.6089392
NACB,11,0.16409353348704261,190.35930911412981,42.96389324960754,163.57154071697033,volume,62344856.13044696,163.57154071697033,-55.599308013916016,-90.94464474633638,1246897031.6642942
ITRN,11,0.1637846239215325,25.635705185609442,42934.053704429636,22012.89486379762,volume,62344851.583214715,22012.89486379762,11.694884300231934,2574.3825854528295,1246899606.0468798
FISB,8,0.16371031056208402,11.932362702030401,3261.885016025641,778.439902070724,volume,62344980.302343994,778.439902070724,-30.349817276000977,-236.25508788194568,1246899369.791792
SHBI,9,0.16366611417982066,14.562010970689512,44478.53782830263,12953.939116319427,volume,62344968.4895896,12953.939116319427,-20.791955947875977,-2693.3773145798095,1246896676.4144773
CEFC,11,0.16353387055569438,10.335792315230474,743.9251567398119,153.78111836275949,volume,62344833.82072387,153.78111836275949,14.643953323364258,22.51963519319004,1246896698.9341125
EBMT,9,0.16296531672448267,16.95149372775945,10627.944400939703,3603.1906570301107,volume,62344834.94670563,3603.1906570301107,-16.70456314086914,-601.8972583894925,1246896097.036854
CCBC,11,0.16295850042219803,9.697773916240774,1212.9538160469667,235.2590375772997,volume,62344804.8518427,235.2590375772997,33.9954948425293,79.97747398617497,1246896177.014328
TCHC,11,0.16255087164474513,0.2951385091368308,2791373.1519308942,16476.83421010921,volume,62344808.850716405,16476.83421010921,0.0,0.0,1246896177.014328
BOTJ,11,0.16219426109805568,12.270152369761878,4104.87323943662,1007.3484021289071,volume,62344808.850716405,1007.3484021289071,45.32804489135742,456.61133592936267,1246896633.625664
MVLY,9,0.16196085069115765,12.278902402068063,1574.0019600156802,386.5403289539275,volume,62344831.681283206,386.5403289539275,10.289261817932127,39.772146477965705,1246896673.3978105
DLR,8,0.1619430587956722,118.05676972277946,1642135.6476115896,3877304.6000729753,volume,62344833.66989052,3877304.6000729753,-21.63998413085937,-839048.1001608722,1246057625.2976496
AIRRF,11,0.1616777978437189,0.6621514086725252,19364.28012519562,256.44170725655323,volume,62302881.26488248,256.44170725655323,-7.368859767913818,-18.89682979417948,1246057606.4008198
DYSL,11,0.16143584399810249,1.6009475312946173,17233.281127642913,551.7915775481208,volume,62302880.32004099,551.7915775481208,-16.326553344726562,-90.08854626010219,1246057516.3122735
ITI,10,0.1608289862543968,6.494700308853895,305366.94045741326,39665.33525005062,volume,62302875.81561368,39665.33525005062,6868.626953125,2724463.908032369,1248781980.2203057
ADRZY,11,0.16017105727819383,10.187068392786435,760.4295774647887,154.93096227062986,volume,62439099.01101529,154.93096227062986,-11.007081985473633,-17.05337803801145,1248781963.1669276
KHC,10,0.16004595130774435,50.3005033531445,6285585.074244967,6323361.86207068,volume,62439098.158346385,6323361.86207068,-12.859179496765137,-813132.4520736589,1247968830.7148538
LFGP,11,0.1600182271915763,19.18871173163294,1244.9737357898864,477.78884259052563,volume,62398441.53574269,477.78884259052563,5.560526371002197,26.567574589952358,1247968857.2824283
MGYR,10,0.15930239912758498,9.922853168904759,3098.6185809486474,614.942744103869,volume,62398442.864121415,614.942744103869,28.77608299255371,176.95643440001652,1247969034.2388628
RXEEY,11,0.15894961665721305,17.511281828280293,2134.0976087808704,747.4156935284176,volume,62398451.71194314,747.4156935284176,-13.609862327575684,-101.72224690391263,1247968932.5166159
RMR,11,0.15848509175336611,39.71155877871327,76634.3394980185,60865.38154886859,volume,62398446.6258308,60865.38154886859,-9.423827171325684,-5735.8483643333275,1247963196.6682515
POST,8,0.15823587299948136,66.1713023737149,902290.4131713053,1194114.6351772519,volume,62398159.83341258,1194114.6351772519,22.71868324279785,271287.121521811,1248234483.7897735
IROQ,11,0.15788630955809377,19.295290823965995,2868.8349666797335,1107.1001001609652,volume,62411724.18948868,1107.1001001609652,39.53349304199219,437.6753410650237,1248234921.4651144
CABO,8,0.15785992750988762,973.0362710825602,50581.76416666667,984357.823790216,volume,62411746.07325572,984357.823790216,-69.3555679321289,-682706.959174049,1247552214.5059402
ORBN,8,0.15784534852533053,22.34714622527466,1154.5049000392003,515.9977963794422,volume,62377610.72529701,515.9977963794422,-53.41511535644531,-275.6208181727948,1247551938.885122
TRNS,11,0.15778150502332286,43.91281594212052,27481.10989010989,24135.458409791667,volume,62377596.944256105,24135.458409791667,-15.099135398864746,-3644.2455444311317,1247548294.6395776
BYD,10,0.15752497687860523,38.52549102347408,1258013.8896713615,969312.056278795,volume,62377414.731978886,969312.056278795,8.44830322265625,81890.421688197,1247630185.061266
CRSB,11,0.15750821676755877,19.32963979776333,708.2826938136257,273.81698692813757,volume,62381509.2530633,273.81698692813757,-7.864589214324951,-21.53458122093987,1247630163.5266845
VIRC,11,0.1574493790873449,4.7739870496764105,40105.547703180215,3829.2673071032373,volume,62381508.17633423,3829.2673071032373,-2.128427743911743,-81.50318775292739,1247630082.0234969
KHC,8,0.15656593718153988,50.3005033531445,6285585.074244967,6323361.86207068,volume,62381504.10117485,6323361.86207068,2.639056205749512,166877.07363297418,1247796959.0971298
IROQ,10,0.15647612221619708,19.295290823965995,2868.8349666797335,1107.1001001609652,volume,62389847.95485649,1107.1001001609652,48.86132049560547,540.9437281468183,1247797500.0408578
DKILY,10,0.15640800199335614,13.459377838469337,166759.65387627252,44889.623794662395,volume,62389875.00204289,44889.623794662395,-40.48844909667969,-18175.112479792897,1247779324.928378
JRONY,9,0.15609631020970274,36.149333630109105,4025.373186985496,2910.291166440685,volume,62388966.24641891,2910.291166440685,4.990522384643555,145.2387321195264,1247779470.1671102
ATCD,10,0.1557786093386114,2497.9252221698925,2.8368794326241136,141.72625374013575,volume,62388973.50835551,141.72625374013575,2.4046432971954346,3.408010860928368,1247779473.5751212
NTDOF,11,0.1557432129640556,37.43159646961746,11308.836926695414,8466.156407615434,volume,62388973.67875606,8466.156407615434,13.321971893310549,1127.8589770662381,1247780601.4340982
GIGM,11,0.1555387309678089,2.1751722666711095,64951.37641989816,2825.6086534135666,volume,62389030.07170492,2825.6086534135666,8.858100891113281,250.2952653074011,1247780851.7293637
CPB,11,0.1553577428048089,47.8209279507702,2430696.6797180893,2324763.415819502,volume,62389042.58646819,2324763.415819502,-7.372885227203369,-171402.13845238448,1247609449.5909114
IBCP,10,0.15523941455788387,20.38255486069802,92249.38009404388,37605.56101264466,volume,62380472.47954557,37605.56101264466,79.417724609375,29865.480882832628,1247639315.071794
TSBK,9,0.15484581184447102,24.1417386165032,15547.419544740973,7506.834776204996,volume,62381965.753589705,7506.834776204996,5.881317138671875,441.50076026472493,1247639756.5725543
BPOPO,11,0.15428722962633654,23.168631382362516,565.5878431372549,262.0779250398507,volume,62381987.82862772,262.0779250398507,0.5048612952232361,1.323130006850372,1247639757.8956845
ARBV,11,0.1540235848360572,14.814252386257309,3288.489827856025,974.33036558998,volume,62381987.89478423,974.33036558998,22.281625747680664,217.09664560676813,1247639974.99233
SFDL,9,0.15358441519121202,26.967342204741055,335.7114856918855,181.06493033430215,volume,62381998.7496165,181.06493033430215,-0.0258184969425201,-0.046748243502337944,1247639974.9455817
CSNVY,8,0.15350144320629958,31.185822234456204,349.1433046202036,217.76642064472523,volume,62381998.747279085,217.76642064472523,-59.024600982666016,-128.5357608597831,1247639846.4098208
KOVR,11,0.15307836263855323,1.4332568187415176,18270.567228537828,523.728301251543,volume,62381992.320491046,523.728301251543,0.0,0.0,1247639846.4098208
QCRH,10,0.15287895380554675,42.074502164361434,50325.4460995688,42348.36181677524,volume,62381992.320491046,42348.36181677524,67.30924224853516,28504.361443539416,1247668350.7712643
CLPHF,11,0.1527351762223416,9.383110297884688,3111.776645768025,583.9628697924605,volume,62383417.53856322,583.9628697924605,3.78606915473938,22.109238088343236,1247668372.8805022
MTRJF,9,0.15266719125339648,4.979702572522079,2530.2548020384165,251.99832693694094,volume,62383418.64402512,251.99832693694094,-29.62517166137696,-74.65493693886668,1247668298.2255652
SFBC,11,0.15171664496159146,33.71626029468807,2170.925911407291,1463.910062189823,volume,62383414.91127826,1463.910062189823,36.38975143432617,532.7132328529663,1247668830.9387982
ICUI,11,0.15105254293948178,171.78883813840096,178004.46238244514,611583.5955226191,volume,62383441.54693991,611583.5955226191,51.28693389892578,313662.4743723592,1247982493.4131706
CCOJY,11,0.15083792785304526,10.194335782038022,3055.20626223092,622.9159704113462,volume,62399124.67065853,622.9159704113462,34.66449737548828,215.93069021473843,1247982709.3438609
EA,10,0.15044642667282346,109.90372353376779,3053270.6887235707,6711316.352944641,volume,62399135.467193045,6711316.352944641,21.90268325805664,1469958.3632316235,1249452667.7070925
PFFVF,10,0.1498332096141373,143.97223864308248,43.70834966679733,125.8557789784688,volume,62472633.38535463,125.8557789784688,-1.9578313827514648,-2.464043937846783,1249452665.2430487
CHBH,11,0.1497597424941892,49.05182850090152,610.6018010963195,599.0226965943649,volume,62472633.26215243,599.0226965943649,8.193370819091797,49.08015082249948,1249452714.3231995
ICLR,11,0.14969198917113566,165.3548787140921,459772.9028213166,1520513.8516408973,volume,62472635.71615998,1520513.8516408973,-33.58555603027344,-510673.0315909223,1248942041.2916086
FFMH,11,0.14916626740081962,31.811339667371783,269.0853563038371,171.19931337794245,volume,62447102.06458043,171.19931337794245,18.632606506347656,31.89889440328102,1248942073.190503
FRBA,9,0.14910747938997113,11.151840972750971,33329.07089698394,7433.60996825415,volume,62447103.65952515,7433.60996825415,6.444582939147949,479.0651597769083,1248942552.2556627
CLEV,11,0.14900236307714118,2.3030462017896918,2180.2662490211433,100.42507807396805,volume,62447127.612783134,100.42507807396805,-37.82986831665039,-37.990674792275456,1248942514.2649877
IDXX,11,0.14899143234187132,306.59161426430586,556462.4502351097,3412134.4179010647,volume,62447125.713249385,3412134.4179010647,-17.64776039123535,-602165.306298053,1248340348.9586897
FSFG,9,0.1488809749826279,18.15498171737976,9517.848021934979,3455.9271365405725,volume,62417017.447934486,3455.9271365405725,3.956040859222412,136.71788958650018,1248340485.6765792
NWYF,11,0.14887861980369752,26.078326144904448,1309.1654253234026,682.8168587843248,volume,62417024.28382897,682.8168587843248,95.90733337402344,654.8714410883173,1248341140.5480204
SGGKF,11,0.14867250560074766,2.6480137196675044,4211.597804782438,223.0473753757088,volume,62417057.02740102,223.0473753757088,12.86290168762207,28.69036461139878,1248341169.238385
NNCHY,10,0.14838169430558695,40.325303380392185,202.15595611285266,163.04000520808063,volume,62417058.46191925,163.04000520808063,-26.642822265625,-43.438458809454666,1248341125.799926
EQFN,9,0.14730725709280743,10.814743520136773,1986.903642773208,429.75706591635407,volume,62417056.2899963,429.75706591635407,0.580394983291626,2.494288450919805,1248341128.2942145
SEBC,9,0.14700575652266396,17.77169867934971,467.461749705767,166.1517871978497,volume,62417056.41471073,166.1517871978497,-4.090898990631104,-6.797101785392375,1248341121.4971125
FNRN,11,0.14621838156743314,8.675929333992766,5622.274187230709,975.5690708949049,volume,62417056.074855626,975.5690708949049,11.114834785461426,108.43289044802974,1248341229.930003
AGM-A,10,0.14596370767784025,79.14415592709022,471.2395915161037,745.9171941993762,volume,62417061.49650015,745.9171941993762,18.935287475585938,141.24156505147653,1248341371.1715682
UWHR,9,0.1458951771430835,5.774226553822949,1117.230467216333,129.0228366108114,volume,62417068.55857841,129.0228366108114,13.239802360534668,17.082368567226997,1248341388.2539365
FVCB,11,0.1445848863806891,11.717711577661259,24764.082474226805,5803.567518368114,volume,62417069.41269683,5803.567518368114,19.08810043334961,1107.790796623361,1248342496.044733
AVBH,9,0.14396091646516426,19.476631475726204,3151.5371674491394,1227.6265598492184,volume,62417124.802236654,1227.6265598492184,-6.471364974975586,-79.44419521758002,1248342416.600538
HOCFF,10,0.1438782911014608,108.03962129485271,53.79937304075235,116.24927778446785,volume,62417120.8300269,116.24927778446785,38.37932205200195,44.615684704027274,1248342461.2162228
TMUS,11,0.14361510744209263,96.66241753756346,4459687.563579278,8621683.627155585,volume,62417123.06081114,8621683.627155585,40.0823860168457,3455776.512587686,1251798237.7288105
SHBI,11,0.14288712196166908,14.562010970689512,44478.53782830263,12953.939116319427,volume,62589911.88644053,12953.939116319427,48.45415496826172,6276.721733915688,1251804514.4505446
SCZC,11,0.14252133067654715,21.012676148917432,3078.96942375539,1293.9477474758187,volume,62590225.722527236,1293.9477474758187,37.1066780090332,480.14102426099004,1251804994.591569
NTDOY,11,0.14239380614757777,9.338874560624934,1762996.0627205018,329287.9816124483,volume,62590249.72957845,329287.9816124483,13.214933395385742,43515.18744909509,1251848509.7790182
MFGI,11,0.14162249236953367,22.00430495620195,1166.5041192624558,513.3622474583369,volume,62592425.48895091,513.3622474583369,10.093666076660156,51.81707102208232,1251848561.5960891
ATR,11,0.14034715149269578,105.17045390438027,275218.43818466354,578896.9613347137,volume,62592428.07980446,578896.9613347137,13.249140739440918,76698.8731435831,1251925260.4692328
CYFL,8,0.1403458869469725,22.131472774360677,466.1978065021543,206.3528812413819,volume,62596263.02346164,206.3528812413819,8.102989196777344,16.72075167422796,1251925277.1899846
NKSH,10,0.14016916362943782,35.4092218577745,11525.30184241474,8162.0393983176145,volume,62596263.85949923,8162.0393983176145,2.727618455886841,222.6292930052665,1251925499.8192775
PETS,11,0.13968434880733863,22.76511760124362,479678.48843590746,218398.74400060423,volume,62596274.990963876,218398.74400060423,30.35392189025879,66292.58416324966,1251991792.4034407
EAPH,11,0.13941378720070308,0.006920536428362031,1873819.509788567,259.3567235533452,volume,62599589.62017204,259.3567235533452,399.99993896484375,1037.4267359145992,1251992829.8301766
ACOPF,10,0.13909051822520518,4.913791204678807,6990.978090766823,687.044133090245,volume,62599641.491508834,687.044133090245,4.632184028625488,31.825148602614775,1251992861.6553252
FRBA,11,0.13814510677755998,11.151840972750971,33329.07089698394,7433.60996825415,volume,62599643.082766265,7433.60996825415,18.377103805541992,1366.0822203651821,1251994227.7375455
CBAF,8,0.13809877022384953,24.407617368608573,913.9303599374022,446.1372505381364,volume,62599711.386877276,446.1372505381364,-23.84873008728028,-106.39806869965355,1251994121.3394768
GJP,11,0.13775013641220338,23.106854123635046,536.0294348508634,247.7190791414687,volume,62599706.06697384,247.7190791414687,-1.5504779815673828,-3.840829778229952,1251994117.498647
MPLX,11,0.13756560334361725,35.15324186521715,1914591.5080360642,1346081.967101652,volume,62599705.87493235,1346081.967101652,17.66773223876953,237822.15766188165,1252231939.656309
FFDF,10,0.13713635449377415,20.66934613411703,804.701802507837,332.6532018156473,volume,62611596.982815444,332.6532018156473,-2.8193299770355225,-9.37859143835702,1252231930.2777174
EFSC,9,0.13605675371228618,39.88952422683465,113784.45497259201,90776.15546532771,volume,62611596.51388587,90776.15546532771,8.701213836669922,7898.627399746094,1252239828.905117
BCAL,9,0.13410998150602252,12.571721439443657,10290.358372456963,2587.350379411515,volume,62611991.44525585,2587.350379411515,-9.738259315490724,-251.96288934742645,1252239576.9422276
EBSH,11,0.13167786389077415,19.39954580248756,285.3954581049334,110.73084522657152,volume,62611978.84711138,110.73084522657152,1.1584694385528564,1.2827830010010957,1252239578.2250106
YUANF,11,0.1312872162175302,7.609784675805727,717.2076138147567,109.15591017957455,volume,62611978.91125053,109.15591017957455,0.0,0.0,1252239578.2250106
IFHI,8,0.13068443307269542,24.761315335800994,1620.3514417049728,802.4406600575318,volume,62611978.91125053,802.4406600575318,-10.186604499816896,-81.74145638578094,1252239496.4835544
NDAQ,11,0.1298038433629484,39.523870381407995,2681089.6232849862,2119340.775033076,volume,62611974.82417772,2119340.775033076,29.423397064208984,623582.051381666,1252863078.5349362
NKSH,9,0.12944015855154598,35.4092218577745,11525.30184241474,8162.0393983176145,volume,62643153.926746815,8162.0393983176145,-13.339180946350098,-1088.7492042539716,1252861989.7857318
FIZZ,11,0.12875483069694973,38.001309255875654,430437.1570701136,327143.5104208262,volume,62643099.489286594,327143.5104208262,-0.5803346633911133,-1898.5271900065734,1252860091.2585418
MGYR,11,0.12809748196298895,9.922853168904759,3098.6185809486474,614.942744103869,volume,62643004.5629271,614.942744103869,29.846481323242188,183.53877126759426,1252860274.7973132
SUVPF,10,0.12786106209223688,244.19599460227818,21.856470588235293,106.74525147579116,volume,62643013.73986566,106.74525147579116,-45.534088134765625,-48.60547688666396,1252860226.1918364
HTBI,10,0.127775751660579,23.801694735464256,47684.18221003135,22699.286973468432,volume,62643011.30959182,22699.286973468432,47.53406524658203,10789.89388047738,1252871016.0857167
FNWD,11,0.12540060494186023,35.69805717020001,2269.125734430082,1620.0676038811432,volume,62643550.80428584,1620.0676038811432,24.73551750183105,400.7321056995151,1252871416.8178225
ORBN,11,0.12473667837700625,22.34714622527466,1154.5049000392003,515.9977963794422,volume,62643570.84089112,515.9977963794422,23.99227523803711,123.79961152956206,1252871540.617434
PGPHF,10,0.12375906280886843,882.579572013255,101.3093900481541,1788.271962192475,volume,62643577.030871704,1788.271962192475,29.548343658447266,528.4047449362907,1252872069.022179
CRZY,10,0.12261065407136221,18.687902751879243,332.25519404155233,124.18305510110595,volume,62643603.45110895,124.18305510110595,36.99216079711914,45.93799542577617,1252872114.9601743
TPDKY,11,0.12105000802888956,4.288509649188579,4602.18487394958,394.7302847856499,volume,62643605.74800872,394.7302847856499,20.21020126342773,79.77578500288129,1252872194.7359595
ESSA,9,0.11955733336760074,15.646666672479112,16226.64277320799,5077.85741371555,volume,62643609.73679798,5077.85741371555,1.1706316471099854,59.44300588007484,1252872254.1789653
ANPDY,11,0.11946013300325373,204.6835953081158,1598.044600938967,6541.870287658218,volume,62643612.70894827,6541.870287658218,-9.044011116027832,-591.6474760119312,1252871662.5314894
TRUX,10,0.11907596383874319,45.65488622925906,667.719387755102,609.693053620594,volume,62643583.12657447,609.693053620594,24.84641456604004,151.48686368292158,1252871814.018353
RNMBF,11,0.11601660372070349,157.6720453933004,64.37279498235986,202.99580505104532,volume,62643590.700917654,202.99580505104532,14.8467435836792,30.13826666155401,1252871844.1566198
GTY,11,0.11085364028982374,27.155914990879527,195577.6739811912,106221.8137749436,volume,62643592.207830995,106221.8137749436,13.426603317260742,14261.981571961107,1252886106.1381917
SCOO,10,0.11075308172054245,6.70347804857355,13327.45864366915,1786.8065292221593,volume,62644305.30690959,1786.8065292221593,0.0,0.0,1252886106.1381917
NOC,10,0.10837677885218328,331.87415518586846,971822.2497059976,6450453.762240162,volume,62644305.30690959,6450453.762240162,7.310261726379394,471545.05255884223,1253357651.1907506
GOOG,10,0.10835288437313666,81.5835840723536,30898022.68781825,50415428.632422194,volume,62667882.55953753,50415428.632422194,44.93143844604492,22652377.283286486,1276010028.4740372
NIC,9,0.10792310577623616,61.06406899126592,28243.468051744414,34493.22163328672,volume,63800501.42370186,34493.22163328672,29.519874572753903,10182.355762248253,1276020210.8297994
GOOGL,10,0.10785292069663228,81.51735198427731,35295778.01880141,57544367.206351064,volume,63801010.54148997,57544367.206351064,44.16484069824219,25414378.107496466,1301434588.937296
EQIX,8,0.10710217672680221,559.0469118948315,546586.1402271837,6111345.875570447,volume,65071729.4468648,6111345.875570447,-2.4513018131256104,-149807.5322542356,1301284781.4050417
SMAL,11,0.10634345000234494,32.00259607277665,494.3925490196078,316.4369009532988,volume,65064239.07025209,316.4369009532988,4.023557662963867,12.732021176751836,1301284794.137063
GJO,9,0.1060213689004656,22.707738963074423,875.1920815366523,397.4726666016809,volume,65064239.70685315,397.4726666016809,6.261931419372559,24.889465793348595,1301284819.0265288
EQFN,11,0.10515044382690551,10.814743520136773,1986.903642773208,429.75706591635407,volume,65064240.951326445,429.75706591635407,1.1815645694732666,5.077857225675512,1301284824.1043859
CYFL,10,0.10483522952462582,22.131472774360677,466.1978065021543,206.3528812413819,volume,65064241.2052193,206.3528812413819,39.18790054321289,80.86536186892695,1301284904.9697478
EFSC,11,0.10285474438752705,39.88952422683465,113784.45497259201,90776.15546532771,volume,65064245.24848739,90776.15546532771,47.36195755004883,42993.36421705484,1301327898.3339648
SNPVF,10,0.10179479963066215,152.93888906720386,565951.7095256762,1731120.5144108355,volume,65066394.91669825,1731120.5144108355,-18.185775756835938,-314817.6948313393,1301013080.6391337
DSDVF,11,0.09712230370177828,116.14815432220674,360.987079091621,838.5596594131249,volume,65050654.03195669,838.5596594131249,40.11260223388672,336.368100674222,1301013417.0072343
HOCFF,11,0.09477457704523841,108.03962129485271,53.79937304075235,116.24927778446785,volume,65050670.85036172,116.24927778446785,28.24396514892578,32.83340550332302,1301013449.8406398
MHGU,10,0.09356004188236437,16.397232469134778,1730.9290474323795,567.6489195665349,volume,65050672.49203199,567.6489195665349,-25.00513458251953,-141.9413762938301,1301013307.8992636
MVLY,11,0.09336141409100072,12.278902402068063,1574.0019600156802,386.5403289539275,volume,65050665.39496318,386.5403289539275,22.86714744567871,88.39074695890612,1301013396.2900105
CMUV,11,0.09206747896248986,10.46178615471451,1703.1037994516255,356.35015498289386,volume,65050669.814500526,356.35015498289386,19.02062225341797,67.78001687876572,1301013464.0700274
FISB,11,0.0914922459337431,11.932362702030401,3261.885016025641,778.439902070724,volume,65050673.20350137,778.439902070724,30.036008834838867,233.8122777598737,1301013697.8823051
CBAF,10,0.08781459169672444,24.407617368608573,913.9303599374022,446.1372505381364,volume,65050684.89411526,446.1372505381364,23.3754940032959,104.28678624601127,1301013802.1690915
NIC,10,0.08559252763220189,61.06406899126592,28243.468051744414,34493.22163328672,volume,65050690.10845458,34493.22163328672,32.58372116088867,11239.175156397474,1301025041.344248
DSGX,8,0.0833704007916879,48.42462021723891,104735.19146436962,101435.23740083803,volume,65051252.0672124,101435.23740083803,2.743640661239624,2783.018418154335,1301027824.3626664
WFCL,10,0.08010780345687327,5956.37901053936,5.064782096584216,603.3552354609952,volume,65051391.21813332,603.3552354609952,2.3807318210601807,14.364270084652494,1301027838.7269363
UWHR,10,0.07696489361967651,5.774226553822949,1117.230467216333,129.0228366108114,volume,65051391.93634682,129.0228366108114,14.810715675354004,19.109205486703825,1301027857.8361418
KNBWF,10,0.07683473737554808,17.97452626738629,1458.5264602116818,524.3264434150564,volume,65051392.891807094,524.3264434150564,-17.67662239074707,-92.68320549731362,1301027765.1529362
DSGX,10,0.07511568609078029,48.42462021723891,104735.19146436962,101435.23740083803,volume,65051388.257646814,101435.23740083803,56.50815200805664,57319.17814019868,1301085084.3310764
DXR,9,0.05863876495056208,9.328564257013117,30007.05951448708,5598.455656898191,volume,65054254.21655382,5598.455656898191,-24.29999542236328,-1360.4244683492986,1301083723.9066079
ATCD,11,0.05649422347671089,2497.9252221698925,2.8368794326241136,141.72625374013575,volume,65054186.1953304,141.72625374013575,-8.518518447875977,-12.07297707033698,1301083711.8336308
TRUX,11,0.044841012053527925,45.65488622925906,667.719387755102,609.693053620594,volume,65054185.59168154,609.693053620594,17.685110092163086,107.82488775707297,1301083819.6585186
