Security,Num_Blocks,Avg_Change_Per_Block,Max_Increase,Max_Decrease,Early_Cluster_Quality,Late_Cluster_Quality,Quality_Improvement,Final_Return
A,10,-1.6197890507282773,4.604298974108451,-13.589959164064378,9.325622277941667,6.4104814104814105,-2.9151408674602566,108.15683866567647
AA,10,-0.2902409608371538,8.213913496612818,-6.2929061784897025,5.843344994059699,3.2259001344772607,-2.617444859582438,135.26108523266905
AAALY,10,-1.6026428300008606,2.6836851579119596,-8.517666515022762,13.741904602555593,0.4177926418194386,-13.324111960736154,-25.542750833206124
AABB,10,-0.3571074676240348,8.94187779433681,-9.098267767524687,9.017786662951961,4.554863665555672,-4.462922997396289,1619.689372641135
AABVF,10,1.0516457537734132,7.9996015142458665,-7.174914097379679,4.736289341994991,8.107026108145929,3.370736766150938,306.6666679084305
AACAF,10,-0.588583031331123,12.68939393939394,-10.039416926967128,11.998272195640617,3.5892901320135997,-8.408982063627017,-13.591085111101492
AACAY,10,-0.461086448347595,12.68939393939394,-10.039416926967128,11.998272195640617,3.321684833585605,-8.676587362055011,-23.567729741152608
AACG,10,-1.0801326863503027,7.998270644185041,-13.66041366041366,11.319544652877987,6.50268730098724,-4.8168573518907465,28.934287653606525
AACS,10,-0.9474035891561665,7.651515151515151,-10.609291206306132,11.655880456837588,7.112743510873671,-4.543136945963917,47.27272552410477
AACT,10,-0.00764323500871701,0.24365980672725185,-0.11109000878821856,0.5563730801296484,0.4177926418194386,-0.13858043831020977,0.0
AACT-WT,10,-0.00764323500871701,0.24365980672725185,-0.11109000878821856,0.5563730801296484,0.4177926418194386,-0.13858043831020977,0.0
AACTF,10,-0.00764323500871701,0.24365980672725185,-0.11109000878821856,0.5563730801296484,0.4177926418194386,-0.13858043831020977,0.0
AADI,10,0.16890129170436957,7.604447324214706,-4.39628059619855,0.5563730801296484,5.44554925991477,4.889176179785122,0.0
AAEEF,10,0.16682677506674617,8.669273143432884,-4.968673860076573,6.602220895148041,2.754697620538694,-3.847523274609347,536.6208028271237
AAFRF,10,-0.00764323500871701,0.24365980672725185,-0.11109000878821856,0.5563730801296484,0.4177926418194386,-0.13858043831020977,0.0
AAGC,10,-1.4753764753764758,7.681159420289855,-6.256921373200441,14.197001631360221,7.1636536123247945,-7.033348019035427,1376.1904851003037
AAGFF,10,0.9600155082817312,22.4582587954681,-20.019446845289544,13.725380171029506,9.342651305149742,-4.3827288658797645,86.48332152444657
AAGH,10,-0.29320987654320996,4.475524475524476,-5.918591859185919,5.985582298067205,5.474128121977583,-0.5114541760896216,772.7056374058545
AAGIY,10,-0.8184408184408185,7.169823126981479,-7.1364100314643135,5.590310875292782,5.4319716161821425,-0.1583392591106394,17.903351618244333
AAGR,10,-0.00764323500871701,0.24365980672725185,-0.11109000878821856,0.5563730801296484,0.4177926418194386,-0.13858043831020977,0.0
AAGRW,10,-0.00764323500871701,0.24365980672725185,-0.11109000878821856,0.5563730801296484,0.4177926418194386,-0.13858043831020977,0.0
AAIGF,10,-0.8184408184408185,7.169823126981479,-7.1364100314643135,5.590310875292782,5.4319716161821425,-0.1583392591106394,18.66638790591053
AAIIQ,10,0.20885547201336674,6.736842105263158,-5.902439024390244,7.786906290115533,5.332612961720943,-2.4542933283945896,-67.84565927953473
AAIRF,10,-0.00764323500871701,0.24365980672725185,-0.11109000878821856,0.5563730801296484,0.4177926418194386,-0.13858043831020977,0.0
AAL,10,-1.0080757449178503,6.984126984126982,-13.133394383394382,10.754477004477005,2.286264441591784,-8.46821256288522,-28.15840028491575
AAM,10,-0.00764323500871701,0.24365980672725185,-0.11109000878821856,0.5563730801296484,0.4177926418194386,-0.13858043831020977,0.0
AAMAF,10,-0.09194257737947065,5.400872190540088,-5.358422939068101,3.4938568376068377,3.1291757922186143,-0.36468104538822343,-70.30901314426188
AAMCF,10,-0.00764323500871701,0.24365980672725185,-0.11109000878821856,0.5563730801296484,0.4177926418194386,-0.13858043831020977,0.0
AAME,10,-1.5793947300796616,3.489042675893886,-5.822981366459627,13.714150432900432,4.653590701535907,-9.060559731364524,80.30954255193019
AAMMF,10,0.8540524622924335,6.492019730744459,-0.11109000878821856,0.5563730801296484,7.47653391096014,6.920160830830492,0.0
AAMTF,10,-0.9259583066192612,26.59420986823122,-25.61132561132561,5.746895091287178,16.139447718395086,10.392552627107907,28.86363608654866
AAN,10,-0.00764323500871701,0.24365980672725185,-0.11109000878821856,0.5563730801296484,0.4177926418194386,-0.13858043831020977,0.0
AANNF,10,-0.00764323500871701,0.24365980672725185,-0.11109000878821856,0.5563730801296484,0.4177926418194386,-0.13858043831020977,0.0
AAOI,10,-0.746226308024061,6.201109372777699,-8.632496368541192,10.245338170615224,2.6940070685530344,-7.551331102062189,-32.34013832585939
AAON,10,-0.986678377982726,8.429375502546234,-13.35040546308152,9.016932166454966,8.607402899072197,-0.4095292673827693,40.51058396036584
AAP,10,-0.7463102199944306,7.023809523809524,-11.165158371040725,11.437010701716583,8.049734531230627,-3.387276170485956,28.648819920001245
AAPI,10,-0.6959344644804585,8.508158508158509,-6.36604774535809,6.19999793965242,6.55941146067003,0.35941352101761037,-36.17021211837416
AAPJ,10,0.32309779257614996,4.837820648717406,-2.208096353295417,7.0201665067927195,8.27936785665762,1.2592013498649006,67.98275522141128
AAPL,10,-0.6113173729356036,9.661835748792273,-10.55072463768116,8.201598468602256,8.45450334193634,0.2529048733340833,135.91643956855697
AAPT,10,0.7157515982474972,11.048510313216196,-5.980515373304747,6.1089833980351536,8.79391164527294,2.684928247237787,23414.286277654373
AAQL,10,-0.00764323500871701,0.24365980672725185,-0.11109000878821856,0.5563730801296484,0.4177926418194386,-0.13858043831020977,0.0
AARTY,10,-0.00764323500871701,0.24365980672725185,-0.11109000878821856,0.5563730801296484,0.4177926418194386,-0.13858043831020977,0.0
AASP,10,0.5621758799514509,7.53784659931388,-13.694366635543105,4.5856043541896225,6.9352189741474035,2.349614619957781,34.504131106769826
AASZF,10,0.5941772024171734,10.04140244679384,-3.4971784971784965,0.5563730801296484,8.509822398711288,7.953449318581639,0.0
AAT,10,0.38427755819060216,24.46875,-28.196022727272727,7.448492819186034,6.209697897828343,-1.238794921357691,-19.99578974313443
AATC,10,-1.051392966123137,9.246039320481009,-8.853239754355183,11.374977425979417,5.398407409773177,-5.97657001620624,55.40712555475163
AATGF,10,0.06498540149373581,8.662919092551697,-10.042812461290723,4.860904988289872,3.770469341378886,-1.090435646910986,256.60000445793105
AATRL,10,-0.6784188034188036,5.959085906648539,-5.969899665551841,6.247212931995541,4.396440076618345,-1.8507728553771967,18.100041118321617
AATV,10,-0.9047742381075715,6.868607006967435,-9.627771374330463,9.875170373267919,6.471360023991603,-3.4038103492763154,39.450982775426056
AAUAF,10,0.18518518518518537,9.361704117223516,-6.252761820592134,7.6675456560159345,6.597770907286538,-1.0697747487293965,-40.24577741384662
AAUCF,10,-0.00764323500871701,0.24365980672725185,-0.11109000878821856,0.5563730801296484,0.4177926418194386,-0.13858043831020977,0.0
AAUGF,10,-0.00764323500871701,0.24365980672725185,-0.11109000878821856,0.5563730801296484,0.4177926418194386,-0.13858043831020977,0.0
AAUKF,10,0.22140822140822142,11.13699012526606,-9.830369916206827,4.615647857151502,7.603154664287293,2.987506807135791,41.55494750672908
AAVMY,10,1.204071355357684,10.859443968674348,-0.11109000878821856,0.5563730801296484,4.052936412918641,3.496563332788993,0.0
AAVVF,10,-0.6748147723435839,6.2604722010662615,-8.011011381511985,7.727458223895719,4.170985092954704,-3.556473130941015,219.7837088510599
AAVXF,10,0.16890129170436946,11.595885865958858,-9.381433651506644,0.5563730801296484,5.586078477593886,5.029705397464237,0.0
AAWH,10,-0.00764323500871701,0.24365980672725185,-0.11109000878821856,0.5563730801296484,0.4177926418194386,-0.13858043831020977,0.0
AAYYY,10,-0.00764323500871701,0.24365980672725185,-0.11109000878821856,0.5563730801296484,0.4177926418194386,-0.13858043831020977,0.0
AB,10,-1.6029540338932609,10.089514066496163,-14.197028970536293,8.012402130569988,6.897101782324164,-1.1153003482458246,76.90983368915883
ABANF,10,-0.00764323500871701,0.24365980672725185,-0.11109000878821856,0.5563730801296484,0.4177926418194386,-0.13858043831020977,0.0
ABAT,10,0.3015836171406614,10.735925271396113,-15.542238040406154,3.793683116246163,7.241140044250685,3.4474569280045215,0.0
ABBB,10,-0.18936229462545245,6.781880073317621,-4.954394693200664,11.786381739563637,5.902141340083209,-5.884240399480428,-12.155554029676647
ABBNY,10,0.04360718646432929,9.434112329166611,-6.180739092131497,6.614584220994698,3.740487155121302,-2.874097065873396,66.17969426540652
ABBRF,10,-0.00764323500871701,0.24365980672725185,-0.11109000878821856,0.5563730801296484,0.4177926418194386,-0.13858043831020977,0.0
ABBV,10,-0.6550798586196817,4.316045945005222,-5.7839897430341125,6.124390029407984,3.3664360344543365,-2.757953994953647,41.72991788990662
ABBY,10,0.7332065382177014,13.503455608718763,-10.291843516599219,10.943613329135587,6.888583832464833,-4.0550294966707545,-97.64150952785808
ABCB,10,1.2626262626262623,17.5,-12.718446601941748,8.473597359735974,6.911927365396463,-1.5616699943395114,23.93284896799408
ABCCF,10,-0.00764323500871701,0.24365980672725185,-0.11109000878821856,0.5563730801296484,0.4177926418194386,-0.13858043831020977,0.0
ABCE,10,0.8471490071131159,13.6669518027998,-12.646854298576292,5.139726419560975,5.365362882108106,0.225636462547131,-97.762468290065
ABCFF,10,-1.0688948374408316,7.155733784628968,-9.617115557709617,6.696762506932759,5.018131607230467,-1.6786308997022923,95.45454976479871
ABCL,10,-0.00764323500871701,0.24365980672725185,-0.11109000878821856,0.5563730801296484,0.4177926418194386,-0.13858043831020977,0.0
ABCP,10,-1.3960269913193917,6.536282340091473,-5.895691609977324,11.123578870265172,4.8571212465017775,-6.266457623763395,10.397668568916
ABCZF,10,-1.2738496071829404,4.4362218508792886,-8.256302521008402,14.217596129360835,6.976976976976978,-7.240619152383857,36.88770227924779
ABDBY,10,-0.00764323500871701,0.24365980672725185,-0.11109000878821856,0.5563730801296484,0.4177926418194386,-0.13858043831020977,0.0
ABDDF,10,1.3081651115270339,12.629107981220658,-1.1382113821138216,0.5563730801296484,8.744226878888506,8.187853798758859,0.0
ABEO,10,-0.38282864604331696,7.169823126981479,-7.3519090398652445,7.130986860305595,2.948796590525126,-4.1821902697804685,-55.80808080808081
ABEPF,10,-0.2526343446286148,6.366459627329192,-3.9835164835164827,1.8209799891286018,3.4633445474400006,1.6423645583113988,157.16879638119045
ABEV,10,-0.30241865562422404,14.937430882952096,-10.722267307572256,5.222725368236348,6.84954903089618,1.6268236626598327,-38.929439501382525
ABG,10,0.4851574128682565,25.577445652173914,-26.94762323943662,5.723522660545561,11.933394411805912,6.2098717512603505,96.91249410152818
ABGOF,10,-0.6984512602490132,11.678447798257782,-9.075224292615596,8.658270453564185,4.294779911732701,-4.363490541831484,577.7523102353399
ABGSF,10,1.1152053966582836,10.08662457788871,-5.895691609977324,6.917459229894995,6.52372082895639,-0.3937384009386049,110.26191062269052
ABHBY,10,-0.00764323500871701,0.24365980672725185,-0.11109000878821856,0.5563730801296484,0.4177926418194386,-0.13858043831020977,0.0
ABILF,10,-0.5775346053123829,3.8919413919413914,-5.700899550224888,9.451869183253493,4.485033454903162,-4.966835728350331,-92.08095375146904
ABIT,10,-0.00764323500871701,0.24365980672725185,-0.11109000878821856,0.5563730801296484,0.4177926418194386,-0.13858043831020977,0.0
ABL,10,-0.00764323500871701,0.24365980672725185,-0.11109000878821856,0.5563730801296484,0.4177926418194386,-0.13858043831020977,0.0
ABLLW,10,-0.00764323500871701,0.24365980672725185,-0.11109000878821856,0.5563730801296484,0.4177926418194386,-0.13858043831020977,0.0
ABLT,10,-0.052076408279040955,7.803869211235895,-7.3026593499366825,6.550189531840908,8.421573596752998,1.8713840649120899,-62.37915090374106
ABLV,10,-0.00764323500871701,0.24365980672725185,-0.11109000878821856,0.5563730801296484,0.4177926418194386,-0.13858043831020977,0.0
ABLVW,10,-0.00764323500871701,0.24365980672725185,-0.11109000878821856,0.5563730801296484,0.4177926418194386,-0.13858043831020977,0.0
ABLZF,10,0.04360718646432934,9.434112329166611,-6.180739092131497,6.614584220994698,4.355959001628293,-2.2586252193664045,70.59449259938492
ABM,10,-0.21976921729118182,7.023089609675646,-8.03331978870378,8.289831170176319,8.866649922092266,0.5768187519159476,23.32708931919681
ABMBF,10,0.6497020090545651,5.549724481763318,-9.250650066976597,9.307202780881996,10.842724595114534,1.5355218142325384,24.19354854215577
ABMC,10,0.09746588693957106,9.166666666666668,-11.25,10.694444444444443,6.4609702272407405,-4.233474217203702,-36.01819777855874
ABMRF,10,0.43624334883114596,9.324087565255645,-3.171268507402962,0.5563730801296484,4.2049909423487275,3.648617862219079,0.0
ABMT,10,0.34783401178686435,8.725152905198776,-7.605526682722779,10.103844399271287,5.530895688616149,-4.572948710655138,63.016390727496095
ABNAF,10,0.11474627304105163,8.09461253778569,-10.964798092601981,8.736599633451332,7.065752599460464,-1.670847033990868,-41.14309474352594
ABNB,10,-0.00764323500871701,0.24365980672725185,-0.11109000878821856,0.5563730801296484,0.4177926418194386,-0.13858043831020977,0.0
ABOIF,10,-0.00764323500871701,0.24365980672725185,-0.11109000878821856,0.5563730801296484,0.4177926418194386,-0.13858043831020977,0.0
ABOS,10,-0.00764323500871701,0.24365980672725185,-0.11109000878821856,0.5563730801296484,0.4177926418194386,-0.13858043831020977,0.0
ABPR,10,0.030774414942267785,7.026836158192092,-8.502863914675094,10.866308808083568,9.436312470031694,-1.4299963380518736,-65.79804715200382
ABQQ,10,1.5160955795785176,11.209353306540008,-3.7419498112369523,0.5563730801296484,7.530101895830796,6.973728815701148,0.0
ABR,10,-0.3196061864002059,6.039304610733183,-7.580772261623325,6.303489747422595,10.538242822199395,4.2347530747768,39.69636023244955
ABRMF,10,-0.00764323500871701,0.24365980672725185,-0.11109000878821856,0.5563730801296484,0.4177926418194386,-0.13858043831020977,0.0
ABSCF,10,0.30158361714066134,11.306535231712033,-8.281794085546489,4.352920895865053,5.242265864217084,0.8893449683520309,0.0
ABSI,10,-0.00764323500871701,0.24365980672725185,-0.11109000878821856,0.5563730801296484,0.4177926418194386,-0.13858043831020977,0.0
ABSOF,10,0.266140606774944,14.090577762072042,-11.775373269660884,0.5563730801296484,5.97029100086728,5.413917920737632,0.0
ABSSF,10,-0.9235469940076987,5.323595049705823,-6.968940377509238,9.68618768851057,4.412969473999891,-5.2732182145106785,409.0207113694114
ABT,10,0.15659237881460086,9.097744360902254,-8.85040885040885,6.765071348404682,8.880330410378024,2.115259061973342,43.77997069302605
ABTI,10,0.22749998388810302,6.227467063380376,-7.728850201968481,0.5563730801296484,5.242646640496102,4.686273560366454,53.22834330517452
ABTS,10,-0.1725012683916793,7.233201581027668,-10.3987907348953,8.912016665966295,5.915510561179853,-2.996506104786442,298.9682398611867
ABTZY,10,0.2828581225520996,12.621417532509827,-5.795527547493039,4.791214996130985,5.318532587019768,0.5273175908887833,-2.4469713875526176
ABUS,10,-1.960456697298803,5.43610195942431,-16.393819288873573,8.744665570015748,5.116959064327485,-3.6277065056882627,366.66667194725534
ABVC,10,0.002681252681252645,10.112126245847177,-6.474908200734395,7.261686192224748,4.2146181490443775,-3.0470680431803707,-61.20574482957541
ABVE,10,-0.00764323500871701,0.24365980672725185,-0.11109000878821856,0.5563730801296484,0.4177926418194386,-0.13858043831020977,0.0
ABVEW,10,-0.00764323500871701,0.24365980672725185,-0.11109000878821856,0.5563730801296484,0.4177926418194386,-0.13858043831020977,0.0
ABVN,10,1.6934460727703815,10.203593530449343,-7.896419437340153,0.5563730801296484,10.07087225509301,9.514499174963362,0.0
ABVX,10,-0.00764323500871701,0.24365980672725185,-0.11109000878821856,0.5563730801296484,0.4177926418194386,-0.13858043831020977,0.0
ABWN,10,0.8361537688970513,10.914558665195278,-6.449473273507607,0.5563730801296484,5.850231469410694,5.293858389281046,0.0
ABXXF,10,-0.00764323500871701,0.24365980672725185,-0.11109000878821856,0.5563730801296484,0.4177926418194386,-0.13858043831020977,0.0
ABZPY,10,-1.3044640470462445,7.363303251530154,-11.427727501610494,4.44683551624223,0.4177926418194386,-4.0290428744227915,-19.714282807849703
AC,10,0.647596005835977,7.199872785122383,-8.403234825999052,2.9840334136685036,6.278139831662867,3.2941064179943633,0.0
ACA,10,1.1383367465767178,7.6233030839604545,-0.11109000878821856,0.5563730801296484,6.431121194235405,5.874748114105756,0.0
ACAB,10,-0.00764323500871701,0.24365980672725185,-0.11109000878821856,0.5563730801296484,0.4177926418194386,-0.13858043831020977,0.0
ACAC,10,-0.00764323500871701,0.24365980672725185,-0.11109000878821856,0.5563730801296484,0.4177926418194386,-0.13858043831020977,0.0
ACAD,10,0.45215888127765513,8.951584813653778,-5.715327371378327,8.041579989563004,10.535569156258811,2.4939891666958065,-58.91534614376225
ACAI,10,0.01978454808643468,8.367240479916537,-11.445643558319615,7.819079114125434,9.170353207911893,1.3512740937864587,-43.84422154183609
ACAN,10,-0.22346336908747227,13.602941176470589,-7.176806083650191,12.132352941176471,3.493136901981826,-8.639216039194645,20.04095874925251
ACAZF,10,-0.8184408184408184,8.761506276150628,-9.767494300102724,12.81157925894768,5.495495495495496,-7.316083763452183,14.925375391577123
ACB,10,-0.6851511705880639,2.561403508771929,-4.623908992841033,8.429536255623214,6.010404554093874,-2.4191317015293397,-84.15583524248392
ACBD,10,0.7029811455769449,9.542593035301618,-7.661223816592447,0.5563730801296484,8.67919901700178,8.122825936872133,0.0
ACBM,10,-0.00764323500871701,0.24365980672725185,-0.11109000878821856,0.5563730801296484,0.4177926418194386,-0.13858043831020977,0.0
ACCD,10,-0.00764323500871701,0.24365980672725185,-0.11109000878821856,0.5563730801296484,0.4177926418194386,-0.13858043831020977,0.0
ACCFF,10,0.44697872188535964,11.01763359806165,-6.815893728017992,5.485663160943248,5.892483490642559,0.40682032969931115,9.351499961614977
ACCMF,10,0.32979939566648536,2.9909963314535606,-0.11109000878821856,0.5563730801296484,1.4301205338450458,0.8737474537153974,0.0
ACCO,10,1.073627844712182,12.805507745266782,-11.68051168051168,7.437754733529381,8.85888849915573,1.4211337656263492,-10.621343248442306
ACCR,10,0.009389982545679527,5.630268968285829,-3.930354628088594,8.940107898565985,9.612605379365716,0.6724974807997306,203.2567124395527
ACCYY,10,-0.6055786035487976,6.504175436214272,-12.122832543660023,7.321003321611232,6.112185527575231,-1.2088177940360012,-13.377221446221336
ACDC,10,-0.00764323500871701,0.24365980672725185,-0.11109000878821856,0.5563730801296484,0.4177926418194386,-0.13858043831020977,0.0
ACDSF,10,-0.7744107744107742,9.487179487179487,-6.666666666666667,10.867215380489718,7.948717948717949,-2.918497431771769,-3.5186761293366224
ACDVF,10,0.7300135501355015,8.589682551871363,-4.205495818399045,5.113042821376155,9.62297954167873,4.509936720302575,0.0
ACDXF,10,-0.00764323500871701,0.24365980672725185,-0.11109000878821856,0.5563730801296484,0.4177926418194386,-0.13858043831020977,0.0
ACEHF,10,-0.31201095461658807,22.259615384615387,-16.925711275026345,14.822839831401476,6.431924882629108,-8.390914948772368,-41.66666511446233
ACEJF,10,-0.00764323500871701,0.24365980672725185,-0.11109000878821856,0.5563730801296484,0.4177926418194386,-0.13858043831020977,0.0
ACEL,10,1.0310951766485807,9.621176097638294,-2.700752700752699,0.5563730801296484,8.511186123126421,7.954813042996773,0.0
ACET,10,0.9894209914433458,7.33637511922254,-5.702257941063912,0.5563730801296484,6.336260771339265,5.779887691209616,0.0
ACEYY,10,0.2828581225520996,8.139103675690414,-9.266409266409266,2.572952018034085,4.07792277228479,1.5049707542507051,217.96610043467345
ACFN,10,0.485958485958486,11.678447798257782,-11.700668609634837,6.585092694993168,8.014961502427797,1.4298688074346284,136.882127748005
ACGAF,10,-0.00764323500871701,0.24365980672725185,-0.11109000878821856,0.5563730801296484,0.4177926418194386,-0.13858043831020977,0.0
ACGBF,10,-0.8747845724133833,4.552301759460111,-7.472782519735537,6.574942160556978,3.1560680586155647,-3.4188741019414137,-16.86746609852956
ACGBY,10,-0.8747845724133833,7.169823126981479,-7.472782519735537,5.702435038049856,4.991738315338453,-0.7106967227114032,-16.64213434389809
ACGI,10,0.38675213675213677,4.420311714429361,-3.75,6.315845765944907,8.534172661870505,2.218326895925598,-79.16666792985238
ACGL,10,0.016462904488165602,6.199843413583871,-5.3126397138660035,12.087198461030072,10.088178955747935,-1.9990195052821367,-5.568791533132823
ACGX,10,-0.9587574867345311,6.679012345679013,-9.209790510603518,7.9751826930034015,7.049411393584836,-0.9257712994185656,-26.272759480365654
ACGYF,10,-0.057301071385578356,8.884776739882636,-8.714515572922654,7.516316381118216,4.494998779759476,-3.0213176013587395,-21.999998092651367
ACHC,10,-1.6219230669468006,6.39580000950224,-11.118344652848648,8.97007862754599,5.362723647484344,-3.607354980061645,103.62710803183452
ACHFF,10,-0.6392222652385254,13.193717277486911,-10.733590733590734,8.743149015257858,5.111297953118879,-3.6318510621389786,94.66143945996434
ACHKF,10,-0.00764323500871701,0.24365980672725185,-0.11109000878821856,0.5563730801296484,0.4177926418194386,-0.13858043831020977,0.0
ACHL,10,-0.00764323500871701,0.24365980672725185,-0.11109000878821856,0.5563730801296484,0.4177926418194386,-0.13858043831020977,0.0
ACHR,10,-0.00764323500871701,0.24365980672725185,-0.11109000878821856,0.5563730801296484,0.4177926418194386,-0.13858043831020977,0.0
ACHV,10,-0.7478555611514817,3.3018085282893637,-6.879044300647087,8.85128034953819,4.5998969892775206,-4.251383360260669,-70.32786854276902
ACI,10,-0.00764323500871701,0.24365980672725185,-0.11109000878821856,0.5563730801296484,0.4177926418194386,-0.13858043831020977,0.0
ACIC,10,-1.2333999088965975,8.073394495412844,-12.307692307692307,12.37182188509622,6.716868585115361,-5.654953299980858,-69.1823898666748
ACITF,10,-0.4220107293142957,11.038930021495105,-14.607685879012243,6.641001450885738,0.4177926418194386,-6.223208809066299,38.461549042244926
ACIU,10,1.1741527823927536,7.780454839278368,-6.14100185528757,0.5563730801296484,6.157023804082628,5.600650723952979,0.0
ACIW,10,-0.5587005587005587,4.114114114114115,-6.966490299823632,6.501446084779418,10.56923037599366,4.067784291214243,-1.5388059045578066
ACIXF,10,-0.00764323500871701,0.24365980672725185,-0.11109000878821856,0.5563730801296484,0.4177926418194386,-0.13858043831020977,0.0
ACJJF,10,-1.3593961950016484,4.957360155920752,-10.158463868968619,11.260122978872978,2.1045336067991993,-9.155589372073779,0.0
ACKAF,10,-0.00764323500871701,0.24365980672725185,-0.11109000878821856,0.5563730801296484,0.4177926418194386,-0.13858043831020977,0.0
ACKAY,10,-0.18518518518518498,5.307602045092615,-3.855721393034825,7.34723816813369,6.2949459391501135,-1.0522922289835765,18.49368138805145
ACKDF,10,-0.6204906204906204,4.944710348242284,-7.642744892613933,13.306371957449526,10.079677786533578,-3.2266941709159482,-8.18457433686288
ACKRF,10,1.0668938379781754,5.733966018674422,-7.062048421853214,8.587678773686756,10.969135995996846,2.3814572223100896,110.29412098241824
ACLEW,10,-0.00764323500871701,0.24365980672725185,-0.11109000878821856,0.5563730801296484,0.4177926418194386,-0.13858043831020977,0.0
ACLHF,10,-0.00764323500871701,0.24365980672725185,-0.11109000878821856,0.5563730801296484,0.4177926418194386,-0.13858043831020977,0.0
ACLIF,10,-0.00764323500871701,0.24365980672725185,-0.11109000878821856,0.5563730801296484,0.4177926418194386,-0.13858043831020977,0.0
ACLLF,10,0.5933040265035677,6.3968515037593985,-4.72610096670247,5.467814612192107,5.353857081007239,-0.11395753118486862,-10.397172838744323
ACLLY,10,-0.00764323500871701,0.24365980672725185,-0.11109000878821856,0.5563730801296484,0.4177926418194386,-0.13858043831020977,0.0
ACLS,10,-1.262626262626262,8.974255832662912,-8.002560819462225,9.231359832247769,5.405833037411984,-3.8255267948357847,150.2550516362457
ACLTF,10,-0.42917887134170146,7.789772035296331,-6.2509267525079055,3.739128697347622,2.486105777780987,-1.253022919566635,11.660159279387992
ACLX,10,-0.00764323500871701,0.24365980672725185,-0.11109000878821856,0.5563730801296484,0.4177926418194386,-0.13858043831020977,0.0
ACM,10,0.17384731670445966,4.576074332171894,-2.5877702386046413,5.817090506662538,4.478540524753619,-1.338549981908919,58.132921217725496
ACMB,10,0.26614060677494383,9.95970424579654,-10.153902470078942,3.9039772338932224,3.492742409795215,-0.4112348240980075,0.0
ACMDY,10,0.43624334883114596,12.831636417293788,-8.985507246376812,0.5563730801296484,6.0609521121098,5.5045790319801515,0.0
ACMLF,10,-0.00764323500871701,0.24365980672725185,-0.11109000878821856,0.5563730801296484,0.4177926418194386,-0.13858043831020977,0.0
ACMNF,10,-0.00764323500871701,0.24365980672725185,-0.11109000878821856,0.5563730801296484,0.4177926418194386,-0.13858043831020977,0.0
ACMR,10,0.3015836171406614,11.490070300678392,-8.3534732003855,0.5563730801296484,7.115979759833358,6.55960667970371,0.0
ACMT,10,0.8198453544168469,9.095231816129433,-5.892129975899609,3.6153907057659302,10.278843739209593,6.663453033443663,15.53273484046522
ACMTA,10,1.2653249705679375,6.923639020825723,-9.224018931177282,4.6930355549891685,10.158587524316424,5.465551969327255,6.068397109393307
ACN,10,0.1725327812284332,14.429745697405599,-11.014781385320934,10.537145998730274,13.507658382501937,2.9705123837716627,75.62393036739982
ACNB,10,-0.6458864489952574,8.273809523809524,-10.326086956521738,12.550034506556244,5.028832163334929,-7.521202343221315,-17.463842354350234
ACNDF,10,0.05235617280727705,7.120801733477791,-8.383905813812357,7.33420801736527,11.96033600255018,4.62612798518491,-10.75455367089766
ACNE,10,-0.07382798080472498,4.573578595317726,-6.859903381642512,5.015530325245604,4.9414422448130315,-0.07408808043257231,73.3333407839149
ACNFF,10,0.43624334883114596,17.33470424579654,-15.674418604651162,6.362310567226555,8.222642839911671,1.860332272685116,2.6745354215386103
ACNI,10,-0.48148148148148145,11.306535231712033,-11.774647887323944,6.9901533578174275,9.155651859877212,2.1654985020597843,-50.98038935949404
ACNT,10,0.41728420203117267,4.856146469049695,-4.90924512298558,4.309954164608201,8.14527172376492,3.835317559156718,-29.019838821697675
ACNV,10,1.2603411038751924,12.9034222384606,-13.043478260869563,4.332960195263182,8.416439084762752,4.0834788894995695,0.0
ACOGF,10,-0.00764323500871701,0.24365980672725185,-0.11109000878821856,0.5563730801296484,0.4177926418194386,-0.13858043831020977,0.0
ACON,10,-0.00764323500871701,0.24365980672725185,-0.11109000878821856,0.5563730801296484,0.4177926418194386,-0.13858043831020977,0.0
ACONW,10,-0.00764323500871701,0.24365980672725185,-0.11109000878821856,0.5563730801296484,0.4177926418194386,-0.13858043831020977,0.0
ACOPF,10,-0.21425920302324789,6.0411899313501145,-16.54471544715447,10.326002022430593,6.300489700051223,-4.02551232237937,-46.844514890912
ACOPY,10,0.44697872188535964,4.045610267423429,-0.11109000878821856,0.5563730801296484,1.7816585125016686,1.2252854323720204,0.0
ACPS,10,-0.5637233063055035,10.892538833715305,-8.032666991711361,7.841305854919014,0.4177926418194386,-7.423513213099575,0.0
ACR,10,0.20557254502208622,6.310160427807486,-9.402501157943492,4.86363588517053,6.931192424476351,2.067556539305821,-53.47481969663208
ACRB,10,-1.3415477333003107,6.4279155188246095,-8.764665286404416,13.644200645545334,5.524791709002234,-8.119408936543099,-90.01663871272181
ACRDF,10,-0.00764323500871701,0.24365980672725185,-0.11109000878821856,0.5563730801296484,0.4177926418194386,-0.13858043831020977,0.0
ACRE,10,0.8758611910594476,14.124472573839663,-13.173076923076923,8.40081683436114,14.403132207084866,6.002315372723727,-0.4095690820546743
ACRFF,10,-1.033020027512331,5.926845789117182,-12.122832543660023,7.321003321611232,4.422453848277223,-2.8985494733340094,-17.037744636587572
ACRG,10,-0.28934715343743517,8.962520369364476,-10.649350649350648,4.728367591486941,4.147950128661929,-0.5804174628250118,63.69230838922353
ACRHF,10,-0.00764323500871701,0.24365980672725185,-0.11109000878821856,0.5563730801296484,0.4177926418194386,-0.13858043831020977,0.0
ACRL,10,1.5160955795785171,20.32764190124596,-10.806600283017643,0.5563730801296484,14.49501571861264,13.938642638482992,0.0
ACRS,10,0.43415204239201355,14.422114052523792,-8.211863183720595,8.169694475489267,4.8106747497539475,-3.35901972573532,0.0
ACRV,10,-0.00764323500871701,0.24365980672725185,-0.11109000878821856,0.5563730801296484,0.4177926418194386,-0.13858043831020977,0.0
ACRXF,10,-0.00764323500871701,0.24365980672725185,-0.11109000878821856,0.5563730801296484,0.4177926418194386,-0.13858043831020977,0.0
ACSAF,10,-0.35253727359852455,8.070175438596493,-11.07981220657277,6.720401691331925,6.950004118276913,0.22960242694498767,-33.459415028435714
ACSAY,10,0.20354279769826178,11.048510313216196,-11.07981220657277,0.5563730801296484,6.755072344397771,6.1986992642681225,0.0
ACST,10,0.5373029925459593,4.148629148629149,-1.8601190476190483,8.242439628578243,11.224779766979255,2.982340138401012,-87.75303610059552
ACSYF,10,-1.2377745711079045,11.756367600089487,-8.517666515022762,11.732726543119801,5.734735292204341,-5.99799125091546,101.75438431381409
ACT,10,-0.00764323500871701,0.24365980672725185,-0.11109000878821856,0.5563730801296484,0.4177926418194386,-0.13858043831020977,0.0
ACTG,10,-0.3194184654058174,6.254440940481419,-9.953627932351338,5.977148303593128,7.162660437619295,1.1855121340261672,146.56750721066163
ACTHD,10,-0.00764323500871701,0.24365980672725185,-0.11109000878821856,0.5563730801296484,0.4177926418194386,-0.13858043831020977,0.0
ACTHF,10,-0.00764323500871701,0.24365980672725185,-0.11109000878821856,0.5563730801296484,0.4177926418194386,-0.13858043831020977,0.0
ACTL,10,0.32309779257615,7.1574298033442005,-6.042780748663101,5.114417029511369,4.596690141531028,-0.5177268879803405,19.999999999985
ACTU,10,-0.00764323500871701,0.24365980672725185,-0.11109000878821856,0.5563730801296484,0.4177926418194386,-0.13858043831020977,0.0
ACTX,10,0.01978454808643488,14.599056603773585,-10.82920792079208,10.27391182514478,6.760629520486151,-3.5132823046586283,-90.77499036555932
ACU,10,-0.9724502827951105,5.017605633802818,-7.766328811587103,6.662353347135955,3.8864009553664722,-2.775952391769483,62.139677568374985
ACUR,10,-0.14817637221904711,10.344827586206897,-11.463623342076382,11.417845997485381,8.20888768214318,-3.208958315342201,58.09035875577639
ACUS,10,0.7702513075647404,3.958593201141267,-4.590226254394171,2.8412773670144986,7.55922767116797,4.717950304153471,-45.72296789857586
ACUT,10,-0.00764323500871701,0.24365980672725185,-0.11109000878821856,0.5563730801296484,0.4177926418194386,-0.13858043831020977,0.0
ACVA,10,-0.00764323500871701,0.24365980672725185,-0.11109000878821856,0.5563730801296484,0.4177926418194386,-0.13858043831020977,0.0
ACWRF,10,0.47128627641743925,7.199872785122383,-7.395028718558132,2.9840334136685036,3.6680761245907725,0.6840427109222689,0.0
ACXIF,10,-1.7163688841502163,6.081636380239248,-13.188765906181764,10.254406656135226,8.168807249304583,-2.0855994068306423,66.84406592824065
ACXP,10,-0.00764323500871701,0.24365980672725185,-0.11109000878821856,0.5563730801296484,0.4177926418194386,-0.13858043831020977,0.0
ADAD,10,1.215777824017795,10.08739241783955,-5.861383824216923,3.946539957907559,9.475335605917856,5.528795648010297,0.0
ADAG,10,-0.00764323500871701,0.24365980672725185,-0.11109000878821856,0.5563730801296484,0.4177926418194386,-0.13858043831020977,0.0
ADAP,10,0.47128627641743925,8.179438028893356,-5.858505564387917,3.8711520213557686,4.6347401201505365,0.7635880987947679,0.0
ADBE,10,-0.23570961970501417,7.089201877934272,-6.448223016857623,10.127091748096314,13.759181115341853,3.6320893672455394,115.08288345205672
ADBKF,10,0.16682677506674615,1.5242427460559076,-0.11109000878821856,0.5563730801296484,0.9412026720458281,0.3848295919161797,0.0
ADBRF,10,-0.00764323500871701,0.24365980672725185,-0.11109000878821856,0.5563730801296484,0.4177926418194386,-0.13858043831020977,0.0
ADC,10,1.319419090503428,11.903252106169038,-5.9533527696793005,6.655527890078048,9.015122494766821,2.3595946046887732,-12.579484846674143
ADCNF,10,-0.00764323500871701,0.24365980672725185,-0.11109000878821856,0.5563730801296484,0.4177926418194386,-0.13858043831020977,0.0
ADCOF,10,-0.00764323500871701,0.24365980672725185,-0.11109000878821856,0.5563730801296484,0.4177926418194386,-0.13858043831020977,0.0
ADCT,10,-0.00764323500871701,0.24365980672725185,-0.11109000878821856,0.5563730801296484,0.4177926418194386,-0.13858043831020977,0.0
ADCV,10,-0.5536786786786787,2.7261658229789845,-7.44281235390465,3.1185304670069485,1.3418436976868537,-1.7766867693200947,0.0
ADD,10,0.5678853551103613,5.746795333429354,-7.623503947033359,3.7582209734689016,10.341540622807836,6.583319649338934,-78.10004223987511
ADDDF,10,-0.5173007531180285,5.831485587583149,-8.926870271784813,12.712504944098134,8.65538857408776,-4.057116370010373,0.4303125372071297
ADDHY,10,-0.00764323500871701,0.24365980672725185,-0.11109000878821856,0.5563730801296484,0.4177926418194386,-0.13858043831020977,0.0
ADDYY,10,-0.5173007531180285,5.831485587583149,-8.926870271784813,12.712504944098134,8.65538857408776,-4.057116370010373,0.5257659077896285
ADEA,10,-1.187161407687277,8.273110508882866,-10.965036283102439,6.14284476116,5.315679464399959,-0.8271652967600414,-9.647000192798224
ADERY,10,1.094559943245533,9.994097973637617,-8.494419711458251,4.615423223351946,6.990379454147569,2.3749562307956236,19.230316481626904
ADFJF,10,0.42617960426179596,5.128746306458422,-10.37283130306386,8.112202709657273,6.729595600563343,-1.3826071090939305,40.00000627417321
ADFS,10,1.416445623342175,6.837442218798152,-14.154029140648229,7.486257750963634,14.394357889891099,6.908100138927465,-94.31792680403164
ADGCF,10,-0.00764323500871701,0.24365980672725185,-0.11109000878821856,0.5563730801296484,0.4177926418194386,-0.13858043831020977,0.0
ADGM,10,-0.00764323500871701,0.24365980672725185,-0.11109000878821856,0.5563730801296484,0.4177926418194386,-0.13858043831020977,0.0
ADGO,10,-1.1279195203331578,4.222753495140584,-6.094839609483961,10.604643910834785,3.8984277241277305,-6.706216186707055,-95.28301905571612
ADHC,10,0.3760804930395573,3.782776228814887,-8.313057583130576,7.375015640974706,6.9255415534140505,-0.4494740875606551,27.393878815765248
ADHI,10,0.37418985211444106,11.476837338906304,-12.192622950819672,12.4856365864869,7.478447753813668,-5.007188832673231,2.989306002404467
ADHLF,10,-0.3887344248790032,5.871072758489977,-3.308931801926879,7.3557234266295675,3.4811498550185025,-3.874573571611065,-62.96296475151128
ADI,10,-0.8184408184408185,6.291079812206573,-10.90909090909091,6.5699976936993,7.5999430929008405,1.0299453992015408,54.89389155568286
ADIA,10,0.7735979890786168,9.645348310535377,-10.64425770308123,8.202307230912876,8.183419214229763,-0.01888801668311224,-82.90598217461334
ADIL,10,0.43415204239201344,4.191538134597228,-2.009023840009755,0.5563730801296484,5.103665115438543,4.547292035308894,0.0
ADKIL,10,0.647596005835977,9.071384810109539,-9.124975346788508,0.5563730801296484,5.39088123361018,4.834508153480532,0.0
ADLI,10,-0.532724505327245,6.177334116265415,-6.117928763843162,6.149529302305628,4.863741303159377,-1.285787999146251,-96.15384626147858
ADLRF,10,0.9601873536299765,8.852486844338822,-6.8872987477638645,6.464659194024077,9.748409699509944,3.283750505485867,-38.49489261397176
ADM,10,-0.1558309777487859,4.373892900940183,-6.515677947926051,4.450253741357344,6.098375523159979,1.6481217818026348,51.7545150609848
ADMA,10,0.23763829898799266,16.610169491525426,-11.057692307692308,7.493589743589744,6.555798850310436,-0.937790893279308,-75.19828529360014
ADMG,10,-0.6256256256256256,15.349286922890984,-22.170393743997806,6.843825249398004,12.366536224404244,5.52271097500624,450.4761994304037
ADMLF,10,0.2828581225520996,2.5685248734240886,-0.11109000878821856,0.5563730801296484,1.2892967145018883,0.73292363437224,0.0
ADMNF,10,-0.00764323500871701,0.24365980672725185,-0.11109000878821856,0.5563730801296484,0.4177926418194386,-0.13858043831020977,0.0
ADMQ,10,-0.00764323500871701,0.24365980672725185,-0.11109000878821856,0.5563730801296484,0.4177926418194386,-0.13858043831020977,0.0
ADMT,10,-0.7082099187362346,8.191149951449576,-13.129421556387847,14.637581304247968,5.488798286796804,-9.148783017451164,-39.24731197870873
ADN,10,1.2256531132226933,15.272950971284398,-4.322133920843497,0.5563730801296484,9.242952923281313,8.686579843151666,0.0
ADNT,10,0.563652171892143,5.608718766613502,-4.956011730205279,0.5563730801296484,4.258326138037982,3.7019530579083337,0.0
ADNWW,10,-0.00764323500871701,0.24365980672725185,-0.11109000878821856,0.5563730801296484,0.4177926418194386,-0.13858043831020977,0.0
ADOOY,10,-0.017033480692747755,7.4797014143530625,-9.246880570409981,6.2292992073555915,4.245469070185198,-1.9838301371703935,49.77745004458498
ADP,10,-0.182501341921632,20.063859343575707,-17.126139014551033,6.396135265700483,9.586729463824158,3.1905941981236747,24.65031855413659
ADPPF,10,0.43624334883114607,5.367409178017268,-6.041789867928246,0.5563730801296484,5.802386604844631,5.246013524714982,0.0
ADPT,10,0.30037378361375466,2.7261658229789845,-0.11109000878821856,0.5563730801296484,1.3418436976868537,0.7854706175572054,0.0
ADPXF,10,-0.00764323500871701,0.24365980672725185,-0.11109000878821856,0.5563730801296484,0.4177926418194386,-0.13858043831020977,0.0
ADPXY,10,0.516168686184491,11.651797783184643,-8.814814814814813,6.963484401889429,7.677580762031188,0.7140963601417596,58.70896696545695
ADRGF,10,-0.0319284802043421,10.416666666666668,-14.21742209631728,10.53863707900535,7.2154430413901025,-3.323194037615247,92.99516650483883
ADRNY,10,-0.39092823963445933,9.708428826075885,-9.803921568627448,10.95910626708711,9.118655740441872,-1.8404505266452382,32.615479776712
ADRT,10,-0.00764323500871701,0.24365980672725185,-0.11109000878821856,0.5563730801296484,0.4177926418194386,-0.13858043831020977,0.0
ADRZF,10,-0.8419800455198685,6.95187165775401,-6.736774675705973,6.6018900737231005,3.7892101414389696,-2.812679932284131,10.169493560596928
ADRZY,10,-0.7370535915842704,5.704647676161919,-7.720438845997563,7.735898405937218,4.0350283627059875,-3.7008700432312303,31.55465649637022
ADSE,10,-0.00764323500871701,0.24365980672725185,-0.11109000878821856,0.5563730801296484,0.4177926418194386,-0.13858043831020977,0.0
ADSEW,10,-0.00764323500871701,0.24365980672725185,-0.11109000878821856,0.5563730801296484,0.4177926418194386,-0.13858043831020977,0.0
ADSGF,10,-0.00764323500871701,0.24365980672725185,-0.11109000878821856,0.5563730801296484,0.4177926418194386,-0.13858043831020977,0.0
ADSK,10,-1.7163688841502163,5.246746203904555,-13.188765906181764,9.192813556526758,10.724084679425568,1.5312711228988096,96.85441811739987
ADST,10,-0.5637233063055036,16.1247890530442,-10.64425770308123,7.361393840944763,5.203399924524741,-2.157993916420022,0.0
ADSV,10,-0.7391448980234028,11.13699012526606,-10.263270349107259,6.734977167817061,7.458854519987149,0.7238773521700876,322.4952670102398
ADT,10,0.37086250541826604,6.64946046006855,-4.285714285714286,0.5563730801296484,6.491228070175438,5.93485499004579,0.0
ADTLF,10,-0.00764323500871701,0.24365980672725185,-0.11109000878821856,0.5563730801296484,0.4177926418194386,-0.13858043831020977,0.0
ADTN,10,-0.23148148148148134,8.567936103012634,-7.337968154294685,7.890700923226433,8.133149959250204,0.2424490360237712,98.77417327029602
ADTR,10,-0.3565885962729976,7.422993244016947,-7.3033214865517095,9.873312491950308,4.091603784355102,-5.7817087075952065,25.00000277179358
ADTTF,10,1.3817229899629608,17.072762119201744,-11.483253588516744,1.200408694529361,6.788526434195725,5.588117739666364,218.20561774423192
ADTX,10,-0.00764323500871701,0.24365980672725185,-0.11109000878821856,0.5563730801296484,0.4177926418194386,-0.13858043831020977,0.0
ADUS,10,-0.23255813953488383,8.499485621907606,-7.641633728590252,11.53176693809043,10.931049626701801,-0.6007173113886282,-7.219269607792059
ADV,10,-0.00764323500871701,0.24365980672725185,-0.11109000878821856,0.5563730801296484,0.4177926418194386,-0.13858043831020977,0.0
ADVM,10,-0.08618832148243882,4.713053820993162,-6.679960119641075,7.72869510281038,7.256077256077256,-0.4726178467331241,-69.04291317985887
ADVNF,10,-0.00764323500871701,0.24365980672725185,-0.11109000878821856,0.5563730801296484,0.4177926418194386,-0.13858043831020977,0.0
ADVOF,10,-0.3246996996996998,9.397285484242008,-8.786658999424958,8.056930693069306,9.803151903059396,1.7462212099900896,107.67999246271329
ADVT,10,-0.2039310258488341,8.679366438356166,-8.494543650793652,9.119113303616727,3.571961657685023,-5.547151645931704,-87.34177191581878
ADVWW,10,-0.00764323500871701,0.24365980672725185,-0.11109000878821856,0.5563730801296484,0.4177926418194386,-0.13858043831020977,0.0
ADWPF,10,0.8299930522152742,12.105263157894736,-15.774647887323944,10.083957091449188,6.4227624398485625,-3.661194651600625,-36.44465244564683
ADWYF,10,-0.00764323500871701,0.24365980672725185,-0.11109000878821856,0.5563730801296484,0.4177926418194386,-0.13858043831020977,0.0
ADXDF,10,0.42445234405857857,7.480465027634839,-5.497542997542999,4.988089290627875,6.159507333420376,1.1714180427925012,267.7999821884553
ADXN,10,-0.00764323500871701,0.24365980672725185,-0.11109000878821856,0.5563730801296484,0.4177926418194386,-0.13858043831020977,0.0
ADXRF,10,-0.34067015412408286,14.534543325526933,-10.884831460674157,10.276875071266304,5.333874759327858,-4.943000311938445,66.666672875484
ADXS,10,-0.00764323500871701,0.24365980672725185,-0.11109000878821856,0.5563730801296484,0.4177926418194386,-0.13858043831020977,0.0
ADYEY,10,1.4857186111999614,13.394269271254846,-0.11109000878821856,0.5563730801296484,4.897878180445474,4.341505100315826,0.0
ADYRF,10,-0.00764323500871701,0.24365980672725185,-0.11109000878821856,0.5563730801296484,0.4177926418194386,-0.13858043831020977,0.0
ADYX,10,-0.3818450056408922,5.414643620120413,-7.380568974771872,5.650986926408449,7.827876185364107,2.176889258955658,-98.37586148194202
ADYYF,10,0.2828581225520998,9.098137084052823,-5.157640949554896,0.5563730801296484,6.88097361606597,6.324600535936321,0.0
AE,10,-1.426098303287774,9.222758505908367,-10.278193502949204,11.406122970167884,5.0339735776628975,-6.372149392504986,4.839615331680468
AEAE,10,-0.00764323500871701,0.24365980672725185,-0.11109000878821856,0.5563730801296484,0.4177926418194386,-0.13858043831020977,0.0
AEAEW,10,-0.00764323500871701,0.24365980672725185,-0.11109000878821856,0.5563730801296484,0.4177926418194386,-0.13858043831020977,0.0
AEBZY,10,0.020387359836901,5.4653679653679665,-6.7719881744272,3.252247109600632,4.691087360311806,1.438840250711174,-27.85714353833879
AECFF,10,-0.007643235008716924,5.276080861738232,-5.424930945380023,0.5563730801296484,2.2107738420716925,1.654400761942044,0.0
AECLY,10,-0.00764323500871701,0.24365980672725185,-0.11109000878821856,0.5563730801296484,0.4177926418194386,-0.13858043831020977,0.0
AECX,10,0.3716006509302596,8.032712403452976,-7.44281235390465,3.1185304670069485,9.311976865095177,6.193446398088229,3540.0000042574766
AEDFF,10,-0.00764323500871701,0.24365980672725185,-0.11109000878821856,0.5563730801296484,0.4177926418194386,-0.13858043831020977,0.0
AEE,10,0.9216243588487045,9.02087587928296,-9.84566402244887,5.006747638326586,8.159440576376772,3.152692938050186,6.998469844392392
AEG,10,-0.08386273437390433,7.803869211235895,-12.770742099656761,3.3172402833983585,3.53947812949702,0.2222378460986616,16.613345571572644
AEGXF,10,-0.33304936919394745,4.734970911441499,-6.438947448758937,8.287513337123542,2.756901101112712,-5.53061223601083,13.542737970348004
AEGY,10,0.7702182284980743,5.0925925925925934,-8.100331041507513,6.964469998525726,10.700843119542306,3.7363731210165794,0.0
AEHL,10,-0.6047093003614743,4.705830074653393,-6.6271927585796195,6.185558365900676,3.693024327379281,-2.4925340385213954,22.759856405701807
AEHR,10,0.31110678266891767,7.169823126981479,-7.798980680336612,5.608974358974359,6.5042212784296405,0.8952469194552819,719.1143543581413
AEI,10,-0.00764323500871701,0.24365980672725185,-0.11109000878821856,0.5563730801296484,0.4177926418194386,-0.13858043831020977,0.0
AEIS,10,-0.6124115405552532,7.016517102354012,-12.319547405384315,8.200095971739385,8.146919842198812,-0.0531761295405726,57.12450668717198
AEM,10,-1.0052910052910056,7.08443221343118,-12.525879917184266,11.600042469607686,8.790785970008535,-2.809256499599151,-6.178163782564608
AEMD,10,-0.9167332344326525,5.42796384901648,-4.490317088742284,9.014388989441613,5.122126555048867,-3.8922624343927463,-15.254620124403482
AEMFF,10,-0.00764323500871701,0.24365980672725185,-0.11109000878821856,0.5563730801296484,0.4177926418194386,-0.13858043831020977,0.0
AEMMF,10,-0.007643235008717029,8.322982898036644,-6.1649697506271215,1.8873650334574925,0.4177926418194386,-1.4695723916380539,-46.74403259725173
AEMMY,10,0.08329168748958853,13.394269271254846,-7.346252953149934,12.399622973323465,6.139096579324311,-6.260526393999155,23.93800262933809
AENT,10,-0.00764323500871701,0.24365980672725185,-0.11109000878821856,0.5563730801296484,0.4177926418194386,-0.13858043831020977,0.0
AENTW,10,-0.00764323500871701,0.24365980672725185,-0.11109000878821856,0.5563730801296484,0.4177926418194386,-0.13858043831020977,0.0
AEO,10,-1.1712210052734449,8.246355867187638,-8.903292258607477,10.371845051238614,4.9167711759708475,-5.455073875267766,62.5829879877714
AEON,10,-0.00764323500871701,0.24365980672725185,-0.11109000878821856,0.5563730801296484,0.4177926418194386,-0.13858043831020977,0.0
AEOXF,10,-1.2187401076289963,10.467743626177803,-14.149519060611354,6.602344548647117,3.9281465752053992,-2.6741979734417174,-26.95013594953981
AEP,10,0.9216243588487045,9.32177382231088,-11.519607843137255,5.914275484629942,6.4405005012723135,0.5262250166423712,-12.104278559261516
AEPLF,10,-0.18794597349643213,8.924875624441357,-7.7174811661522345,3.615887724735978,3.410156833648402,-0.20573089108757614,14.754100154721936
AEPT,10,0.19507241729463948,4.115945782612449,-7.960486115825921,7.734683786463722,6.121693121693121,-1.6129906647706012,-61.50582708693908
AER,10,-1.2634862971652498,12.655343827671913,-13.192292143915916,8.919788438215875,8.388231524284793,-0.5315569139310821,4.213541826045546
AERG,10,-0.00764323500871701,0.24365980672725185,-0.11109000878821856,0.5563730801296484,0.4177926418194386,-0.13858043831020977,0.0
AERGP,10,-0.00764323500871701,0.24365980672725185,-0.11109000878821856,0.5563730801296484,0.4177926418194386,-0.13858043831020977,0.0
AERN,10,-0.9544713998329506,10.134963076139547,-10.36786830135176,6.787024452380259,1.0339115865577517,-5.753112865822508,0.0
AERS,10,0.26894965919356156,7.291238173591115,-6.982872200263504,6.982645765731753,7.572529317246622,0.5898835515148688,234.1389723761457
AERT,10,-0.00764323500871701,0.24365980672725185,-0.11109000878821856,0.5563730801296484,0.4177926418194386,-0.13858043831020977,0.0
AERTW,10,-0.00764323500871701,0.24365980672725185,-0.11109000878821856,0.5563730801296484,0.4177926418194386,-0.13858043831020977,0.0
AES,10,-0.3718003718003719,11.100223964165734,-11.012743125419181,6.639145939417678,12.519276414991127,5.880130475573449,39.53405152011876
AESI,10,-0.00764323500871701,0.24365980672725185,-0.11109000878821856,0.5563730801296484,0.4177926418194386,-0.13858043831020977,0.0
AESO,10,0.227499983888103,8.535279805352797,-9.029903461266777,2.633458403441139,5.144032921810699,2.5105745183695602,1450.0000836734955
AETHF,10,0.037969203461082617,5.619131455399061,-8.611641221374047,0.5563730801296484,4.631409107742297,4.075036027612649,0.0
AETUF,10,0.1733081733081733,5.453616013775291,-3.515937583355562,4.721146947470667,4.544738415706157,-0.1764085317645101,120.53966009019976
AEVA,10,-0.00764323500871701,0.24365980672725185,-0.11109000878821856,0.5563730801296484,0.4177926418194386,-0.13858043831020977,0.0
AEVA-WT,10,-0.00764323500871701,0.24365980672725185,-0.11109000878821856,0.5563730801296484,0.4177926418194386,-0.13858043831020977,0.0
AEVIF,10,-0.00764323500871701,0.24365980672725185,-0.11109000878821856,0.5563730801296484,0.4177926418194386,-0.13858043831020977,0.0
AEXAF,10,-0.826189061483179,2.2294372294372273,-3.279857397504454,10.32128002716238,5.179541247652703,-5.141738779509677,-27.115151337456705
AEXAY,10,0.4341520423920133,13.502414685435184,-9.389671361502348,8.353324098224439,5.063046474089419,-3.29027762413502,0.0
AEXE,10,0.485958485958486,9.475667189952905,-5.908264295817336,7.116920797260259,3.4579784428642513,-3.658942354396008,-25.925926524756854
AEXFF,10,0.8261617900172116,9.648586707410235,-5.612434847356664,5.661535528589954,7.244121891180714,1.5825863625907601,-19.99999441206428
AEYE,10,-0.22346336908747233,7.1574298033442005,-7.181277180132753,6.201397834072801,7.222902344853563,1.0215045107807619,247.4744296264232
AEYGQ,10,0.8880269938200291,7.818598337010014,-4.946613279946614,9.660493201165194,10.164884891679394,0.5043916905142005,13.478195913575195
AFAR,10,-0.00764323500871701,0.24365980672725185,-0.11109000878821856,0.5563730801296484,0.4177926418194386,-0.13858043831020977,0.0
AFBI,10,0.4984821680718325,4.722478135356518,-2.469073720205169,0.5563730801296484,5.464871227182154,4.908498147052505,0.0
AFCG,10,-0.00764323500871701,0.24365980672725185,-0.11109000878821856,0.5563730801296484,0.4177926418194386,-0.13858043831020977,0.0
AFCL,10,0.30037378361375466,10.995575832693767,-13.737373737373739,5.203368671331686,2.65609287382182,-2.5472757975098657,900.0
AFDG,10,-0.3640292162803262,3.5265700483091793,-8.121197661934866,10.94755258658396,10.372536278969028,-0.5750163076149324,2389.9999757856576
AFFL,10,0.5933040265035677,9.757415822978984,-8.100331041507513,4.684412695699973,3.6855936976868535,-0.9988189980131197,1900.0001455190527
AFFN,10,-0.00764323500871701,13.120030719190458,-9.129901960784313,6.125022440008409,0.4177926418194386,-5.70722979818897,99900.0002910375
AFFS,10,1.5261100620608767,12.95416023086774,-7.0265898291376,6.7155461583421685,7.604034041842833,0.8884878835006642,0.0
AFFT,10,1.5261100620608767,7.013769363166956,-0.11109000878821856,0.5563730801296484,7.267060188306928,6.71068710817728,0.0
AFFU,10,-0.00764323500871701,0.24365980672725185,-0.11109000878821856,0.5563730801296484,0.4177926418194386,-0.13858043831020977,0.0
AFFY,10,-0.5066538399871734,4.166666666666666,-4.880261248185776,6.475702296597819,5.585478462836953,-0.8902238337608663,-69.35672578695906
AFG,10,-1.131573562512789,11.576691380908247,-8.813151114596169,10.600917268734948,4.770164476046829,-5.830752792688119,26.320020933723463
AFGE,10,-0.00764323500871701,0.24365980672725185,-0.11109000878821856,0.5563730801296484,0.4177926418194386,-0.13858043831020977,0.0
AFGVF,10,-0.2844193918695051,5.617977528089886,-9.151727620731792,3.2251593630121724,3.434080935723859,0.20892157271168665,0.0
AFGVY,10,0.7520850402302474,10.205072199975731,-8.005050505050505,10.413743335622936,5.469131308228505,-4.944612027394431,10.98155021458844
AFGYF,10,-0.00764323500871701,0.24365980672725185,-0.11109000878821856,0.5563730801296484,0.4177926418194386,-0.13858043831020977,105.33332406150012
AFIB,10,-0.00764323500871701,0.24365980672725185,-0.11109000878821856,0.5563730801296484,0.4177926418194386,-0.13858043831020977,0.0
AFIIQ,10,0.16890129170436957,11.306535231712033,-6.884635832004252,4.352920895865053,5.346198546870465,0.9932776510054113,0.0
AFJK,10,-0.00764323500871701,0.24365980672725185,-0.11109000878821856,0.5563730801296484,0.4177926418194386,-0.13858043831020977,0.0
AFJKR,10,-0.00764323500871701,0.24365980672725185,-0.11109000878821856,0.5563730801296484,0.4177926418194386,-0.13858043831020977,0.0
AFJKU,10,-0.00764323500871701,0.24365980672725185,-0.11109000878821856,0.5563730801296484,0.4177926418194386,-0.13858043831020977,0.0
AFL,10,-0.43420631655925757,5.6949806949806945,-12.95518207282913,6.830302213141767,6.240063593004769,-0.590238620136998,0.6657596202780333
AFLYY,10,-0.1111111111111111,8.075970721885119,-9.41952630161685,8.567476753484735,7.056764668448516,-1.5107120850362188,-56.40649363436812
AFMD,10,-0.9259583066192614,8.920667347633639,-7.729963205887058,7.384143469723384,8.266440665373688,0.8822971956503043,106.07217481426184
AFMJF,10,0.053023238805697134,3.261675315048185,-6.770447244872746,5.034600408435012,3.608946127496775,-1.4256542809382373,391.1764830918052
AFML,10,0.005065471215459836,11.796287774198497,-7.371794871794871,10.939042957337506,4.365217681426691,-6.5738252759108144,800.0000072759125
AFNL,10,1.2352440063283439,8.313057583130576,-10.86861313868613,9.273877785818998,9.461448140554811,0.18757035473581318,116.00000000000004
AFOM,10,0.25345186169183287,8.322982898036644,-5.311545080959572,0.5563730801296484,5.660751346687498,5.104378266557849,0.0
AFPW,10,-0.26964505168799247,7.849056603773585,-11.417812461290723,5.577710311645231,6.5316714239520595,0.9539611123068283,280.00001018629763
AFRAF,10,-0.37037037037037024,8.406767376211185,-10.173872819787217,9.789708036940509,8.045267489711934,-1.7444405472285744,-53.20582715876958
AFRI,10,-0.00764323500871701,0.24365980672725185,-0.11109000878821856,0.5563730801296484,0.4177926418194386,-0.13858043831020977,0.0
AFRIW,10,-0.00764323500871701,0.24365980672725185,-0.11109000878821856,0.5563730801296484,0.4177926418194386,-0.13858043831020977,0.0
AFRM,10,-0.00764323500871701,0.24365980672725185,-0.11109000878821856,0.5563730801296484,0.4177926418194386,-0.13858043831020977,0.0
AFRMF,10,-0.3719424614659035,5.16190457494528,-9.441163107678328,5.982232002574578,8.208509240777515,2.226277238202937,975.2688508004152
AFSIA,10,-0.5998127514223692,7.3125493033959845,-9.275071153524193,8.336257947916208,6.702663195328282,-1.6335947525879257,6.256821876813941
AFSIB,10,-0.07116769881483413,7.3125493033959845,-6.993570037048299,6.750322790093603,6.702663195328282,-0.04765959476532089,0.0
AFSIC,10,0.0005225020743331557,5.72789447972643,-8.186941882594057,7.899148352657552,6.702663195328282,-1.1964851573292705,12.004184809570798
AFSIM,10,1.2256531132226935,11.350208121765533,-4.953560371517028,4.367478525882887,6.702663195328282,2.335184669445395,0.0
AFSIN,10,1.2256531132226935,11.350208121765533,-4.953560371517028,4.367478525882887,6.702663195328282,2.335184669445395,0.0
AFSIP,10,1.225653113222693,12.95416023086774,-4.953560371517028,7.595398723587993,6.702663195328282,-0.8927355282597116,0.0
AFTM,10,0.338460306016182,6.278930224584261,-3.954802259887006,6.769168850892501,5.259495347786107,-1.5096735031063941,-98.44297385958602
AFTTF,10,-0.00764323500871701,0.24365980672725185,-0.11109000878821856,0.5563730801296484,0.4177926418194386,-0.13858043831020977,0.0
AFXXF,10,-0.00764323500871701,0.24365980672725185,-0.11109000878821856,0.5563730801296484,0.4177926418194386,-0.13858043831020977,0.0
AFYA,10,1.3124896228572536,11.835208376170474,-0.11109000878821856,0.5563730801296484,4.37819121541735,3.8218181352877014,0.0
AFYG,10,0.3747709812787083,6.1010101010101,-7.650485436893204,4.2323343506612625,7.3129808160483,3.080646465387037,-3.633733046924628
AG,10,-1.0052910052910053,6.70355488219924,-13.600148230498425,12.170197913569552,8.66382685959789,-3.5063710539716624,10.0420459683141
AGAE,10,0.47128627641743914,16.1247890530442,-7.0651826264952335,0.5563730801296484,8.805352458237389,8.248979378107741,0.0
AGBA,10,1.3124896228572536,11.835208376170474,-0.11109000878821856,0.5563730801296484,4.37819121541735,3.8218181352877014,0.0
AGBAW,10,-0.00764323500871701,0.24365980672725185,-0.11109000878821856,0.5563730801296484,0.4177926418194386,-0.13858043831020977,0.0
AGBIF,10,-0.00764323500871701,0.24365980672725185,-0.11109000878821856,0.5563730801296484,0.4177926418194386,-0.13858043831020977,0.0
AGCCF,10,-0.8537758537758539,9.663865546218485,-12.23213211665034,14.829144620811286,7.678388023857198,-7.150756596954088,115.7407395526338
AGCO,10,-0.9507851096636144,8.654970760233919,-10.90909090909091,8.379235177042112,6.811979443558392,-1.5672557334837203,67.82877481164422
AGCZ,10,0.04479518118221174,7.894736842105264,-11.350574712643677,4.567552703016359,6.08489614841702,1.5173434454006607,-39.37008011442054
AGDXF,10,0.1202501202501202,7.8634445723053314,-7.3124803849775075,8.865408980483778,6.102568734147681,-2.762840246336097,44.33332593449301
AGDY,10,0.04043277006301969,17.830842925573748,-17.314956911816786,8.845679244505815,13.157829834236997,4.312150589731182,78.67713792412691
AGEN,10,-1.240803092654944,6.62874906059985,-8.526874585268743,8.331950895819508,5.3361513229200135,-2.995799572899495,118.27572170713488
AGESF,10,-1.2223461609964676,11.13068503902673,-10.866672427201244,11.928289102202145,8.442195398581285,-3.4860937036208597,-16.841729380192152
AGESY,10,-0.47897308171280767,7.803869211235895,-12.770742099656761,10.964552688690619,4.633995755354042,-6.3305569333365765,-16.098240898986916
AGFAF,10,0.16890129170436957,3.351668378673912,-5.201109570041608,2.5113705507953097,6.202804746494066,3.6914341956987564,0.0
AGFMF,10,0.5298938458660681,9.958810068649885,-10.467538248201008,4.681898884797436,6.863050144300144,2.181151259502708,38.08558623407212
AGFY,10,-0.00764323500871701,0.24365980672725185,-0.11109000878821856,0.5563730801296484,0.4177926418194386,-0.13858043831020977,0.0
AGGG,10,0.16890129170436965,10.234598187063373,-5.423865006026516,0.5563730801296484,5.963976122771911,5.407603042642262,0.0
AGGHF,10,0.16890129170436957,6.641160226817597,-5.201109570041608,0.5563730801296484,3.195433877237407,2.6390607971077586,0.0
AGGI,10,0.929638539903175,16.1247890530442,-11.882647795960487,5.6089639418477875,8.52664114647674,2.9176772046289523,372.10359370744646
AGGZF,10,-0.5107212475633529,8.941589141375628,-10.534486941052801,5.205275025067057,5.473663763137448,0.26838873807039043,-26.601923322582188
AGI,10,0.21021021021021014,6.70355488219924,-5.497492224494943,7.503763710660263,8.66382685959789,1.1600631489376267,43.64640470719179
AGILQ,10,-0.00764323500871701,0.24365980672725185,-0.11109000878821856,0.5563730801296484,0.4177926418194386,-0.13858043831020977,0.0
AGIN,10,-0.27681319371539836,8.337585161619495,-6.823176823176823,5.9572103362045015,1.4229649516122045,-4.534245384592297,919.2156492866012
AGIO,10,-0.8155891082720351,7.140628250468068,-5.366701425095585,6.548240039230424,5.088386243234034,-1.4598537959963904,38.36596787741223
AGL,10,-0.00764323500871701,0.24365980672725185,-0.11109000878821856,0.5563730801296484,0.4177926418194386,-0.13858043831020977,0.0
AGLDF,10,-1.7592592592592595,3.631577664578713,-9.156108056418837,15.23992615613462,6.008403361344538,-9.231522794790083,0.0
AGLFF,10,-0.00764323500871701,0.24365980672725185,-0.11109000878821856,0.5563730801296484,0.4177926418194386,-0.13858043831020977,0.0
AGLXY,10,0.15737588553122508,20.229133598403294,-20.54409211769618,6.65848772666583,11.282021208000684,4.623533481334854,-67.93802132752262
AGLY,10,0.16682677506674615,1.5242427460559076,-0.11109000878821856,0.5563730801296484,0.9412026720458281,0.3848295919161797,0.0
AGM,10,0.6997672173962413,8.857602372246724,-11.882647795960487,5.392345345328365,7.326496388028896,1.934151042700531,32.68926860921965
AGM-A,10,-0.8489224903880329,3.765104368107073,-11.882647795960487,14.75031599662205,7.326496388028896,-7.423819608593154,38.47481824833428
AGMH,10,0.5636521718921429,10.354609929078013,-14.08968050453947,0.5563730801296484,8.482459393818461,7.9260863136888124,0.0
AGMJF,10,-0.017898693395382043,5.959085906648539,-10.179880613757462,6.5415245562304385,6.318206359827749,-0.22331819640268957,31.88410127134698
AGMRF,10,-0.00764323500871701,0.24365980672725185,-0.11109000878821856,0.5563730801296484,0.4177926418194386,-0.13858043831020977,0.0
AGNC,10,-0.38463120654901467,9.46798117061906,-9.642976309642975,7.4457913652990015,5.975359852258333,-1.4704315130406682,-3.184483842928136
AGNCL,10,-0.00764323500871701,0.24365980672725185,-0.11109000878821856,0.5563730801296484,0.4177926418194386,-0.13858043831020977,0.0
AGNMF,10,-0.00764323500871701,0.24365980672725185,-0.11109000878821856,0.5563730801296484,0.4177926418194386,-0.13858043831020977,0.0
AGNPF,10,0.16890129170436965,3.1078493616597256,-4.544738913670953,0.5563730801296484,4.698300241989561,4.141927161859913,0.0
AGNY,10,-0.8616956973011506,4.741006377640531,-8.508721552199814,5.927068245908825,0.4177926418194386,-5.509275604089386,309.83605596270195
AGO,10,-0.8446286224064001,5.087624986560586,-11.928494041170097,7.500709493976316,10.102608211413717,2.6018987174374004,2.354200923423706
AGOAF,10,-0.6690449993887463,8.40867113832993,-11.945536215609208,10.803973564285391,6.41668197893551,-4.387291585349881,-13.571431707514868
AGORF,10,-0.00764323500871701,0.24365980672725185,-0.11109000878821856,0.5563730801296484,0.4177926418194386,-0.13858043831020977,0.0
AGPPF,10,0.7006061269945596,4.204344057644793,-2.908619877531794,7.356711915535445,11.603432392521464,4.246720476986019,20.056456412492167
AGPYY,10,-1.3843795093795093,9.825451136059227,-10.412001791312136,7.11300563874277,2.72259900843941,-4.39040663030336,-35.76187010728415
AGQPF,10,-0.00764323500871701,0.24365980672725185,-0.11109000878821856,0.5563730801296484,0.4177926418194386,-0.13858043831020977,0.0
AGR,10,0.8361537688970514,7.046600591201531,-7.456252667520274,2.3948308924298076,6.134978734739659,3.740147842309851,0.0
AGRDF,10,-0.5156597731096999,10.985189682689745,-8.323468290740362,7.101515078680161,5.728913852483646,-1.3726012261965153,64.34714128142109
AGREF,10,-0.25570628768303194,7.363432934052916,-12.649647887323944,4.135813939011652,9.103620946864991,4.967807007853339,1600.0000223517418
AGRI,10,-0.00764323500871701,0.24365980672725185,-0.11109000878821856,0.5563730801296484,0.4177926418194386,-0.13858043831020977,0.0
AGRO,10,-0.4806168455234066,8.925147609675577,-6.334964286198344,7.740503724036784,4.224749167802179,-3.5157545562346044,47.33874936326507
AGRPF,10,-0.007643235008716924,6.357461910297987,-9.245595502733018,0.5563730801296484,2.2107738420716925,1.654400761942044,0.0
AGRPY,10,-0.8095875565755084,11.071377991785868,-8.787323205866947,9.880436631101661,5.012313601644865,-4.868123029456796,-8.372245531909549
AGRS,10,0.5258422979941966,27.65895533246035,-19.776204612925326,15.222762776825464,7.301807301807302,-7.920955475018162,25.000003637979614
AGRUF,10,-0.5173007531180285,14.873096446700508,-12.677974495480996,12.012679085643335,15.689406132640007,3.676727046996673,10.822735535894417
AGS,10,0.47128627641743925,9.345470827559062,-8.73090481786134,0.5563730801296484,8.789030075355825,8.232656995226177,0.0
AGSS,10,0.7564095515604672,6.252475527641034,-11.263452749520859,8.937975523337759,7.93766330720418,-1.0003122161335787,33636.53894090793
AGSVF,10,1.2719104364373968,7.832121612690019,-6.4902015417479335,7.978788383721156,12.267452161587528,4.288663777866372,-47.45850634807077
AGTEF,10,0.43218877166900155,11.506233394645411,-14.211861100273119,8.442466457733632,4.7445507682489465,-3.6979156894846854,-14.79392078417288
AGTK,10,0.3867521367521368,6.067752199139061,-4.279522076988725,5.054339010543391,5.054780541601942,0.00044153105855126995,-99.3602193166281
AGTT,10,0.4075647587506551,7.599741560329511,-4.125894552358698,7.567081956261923,9.645444245568996,2.078362289307073,-91.3150685749408
AGTX,10,1.0642626725026436,9.601165822978984,-3.5981784087864987,5.32664274330214,3.701019843044564,-1.6256229002575764,0.0
AGX,10,-0.7798199833598064,13.9805375347544,-11.99971055392742,7.799581371009943,7.750770960137146,-0.048810410872796695,13.210495428502488
AGXKF,10,1.141716135022695,8.480351328840765,-5.841152372142195,3.885316472423638,14.621350473918936,10.736034001495298,-3.02857058388846
AGXPF,10,-0.00764323500871701,0.24365980672725185,-0.11109000878821856,0.5563730801296484,0.4177926418194386,-0.13858043831020977,0.0
AGXTF,10,-0.00764323500871701,0.24365980672725185,-0.11109000878821856,0.5563730801296484,0.4177926418194386,-0.13858043831020977,0.0
AGXXF,10,-0.00764323500871701,0.24365980672725185,-0.11109000878821856,0.5563730801296484,0.4177926418194386,-0.13858043831020977,0.0
AGYP,10,-0.5257009345794393,2.7499999999999996,-7.538543328017012,12.024589764383174,4.6745014245014245,-7.35008833988175,12104.258875935337
AGYS,10,1.094559943245533,10.844784289382353,-13.137164040778499,7.066258187135138,13.035851105805358,5.96959291867022,106.89912179092514
AGYTF,10,-1.0092313579184007,7.343178431106895,-16.917812461290723,10.375221933192947,4.773346056370187,-5.60187587682276,170.0000008765389
AGZNF,10,1.0586331533656972,14.124472573839663,-12.92483660130719,8.483563608284383,9.388794567062819,0.9052309587784357,0.0
AHAG,10,0.36286875665114,3.0658491069048255,-2.4019701912620732,6.522909344225958,10.023737791605889,3.5008284473799307,-69.34866052723763
AHAHF,10,-0.007643235008717029,4.741006377640531,-5.585259605699585,0.5563730801296484,0.4177926418194386,-0.13858043831020977,0.0
AHCHF,10,-0.9128615836670342,11.169384729429208,-13.863819861846236,5.770986646969736,7.430246356898795,1.6592597099290591,-7.891636473666402
AHCHY,10,-0.8558155393598433,11.169384729429208,-13.35040546308152,5.770986646969736,7.601384489820369,1.8303978428506325,-9.239857170343194
AHCO,10,1.3817229899629608,8.156966490299823,-0.11109000878821856,0.5563730801296484,9.385655496766608,8.82928241663696,0.0
AHELF,10,-1.985108253654248,15.596896490918711,-17.562305295950157,14.3240952996728,2.273825926770549,-12.050269372902251,41896.99921660295
AHEXF,10,-1.576105886450714,7.149122807017543,-6.879044300647087,11.173280842270389,3.915026349845526,-7.258254492424863,-7.087466194437637
AHEXY,10,-0.7588458260950923,9.913912105012173,-9.044148225972378,8.278679818587232,9.072552372920224,0.7938725543329923,-11.77644016203548
AHFCF,10,0.8041174768897087,7.088891151613889,-6.5958973971515995,8.409514121545898,7.118671827628397,-1.2908422939175015,266.6666728754841
AHFD,10,-0.4291788713417015,13.47897606527808,-8.224554643991985,5.358041960005427,2.7196961389420586,-2.6383458210633686,754.0000458384857
AHFI,10,0.255754475703325,10.557724233858304,-8.255933952528379,11.173640266050285,9.779991325286788,-1.3936489407634962,402810.013244426
AHG,10,0.30158361714066145,4.2278080384161285,-2.3231685702181375,0.5563730801296484,3.8090631941390183,3.25269011400937,0.0
AHGIF,10,0.8388198383641571,6.227467063380376,-2.1666666666666656,0.5563730801296484,5.71256038647343,5.1561873063437815,0.0
AHH,10,-0.06888953293126694,4.397511934037321,-6.087912087912088,12.199685888217957,11.089768864600659,-1.1099170236172977,-25.97181995160277
AHIX,10,-0.6784188034188036,10.186413702904145,-11.467274678111588,7.400125553354765,7.589259909538879,0.18913435618411434,-55.97777824652047
AHKSY,10,-1.1127475045000819,5.6295399515738485,-9.691886539693634,10.191887926467693,5.463740109409401,-4.728147817058292,-3.407844679588011
AHLAS,10,-0.00764323500871701,0.24365980672725185,-0.11109000878821856,0.5563730801296484,0.4177926418194386,-0.13858043831020977,0.0
AHNR,10,1.187885415280281,11.81930515244691,-8.878750658010176,8.139929762249578,7.356360952790685,-0.7835688094588926,136.36363913451356
AHODF,10,-0.021059255790675815,9.708428826075885,-9.803921568627448,11.073124406457742,9.118655740441872,-1.9544686660158703,30.492324867146856
AHOTF,10,0.3708198489751887,7.9836335512200005,-7.838657528023836,6.8160014214186715,6.153414075825796,-0.6625873455928755,-34.48967678371046
AHPIQ,10,-0.2469135802469136,5.7330827067669174,-7.856037151702786,4.66557843148525,6.204072272183727,1.538493840698477,422.1295229352187
AHR,10,-0.00764323500871701,0.24365980672725185,-0.11109000878821856,0.5563730801296484,0.4177926418194386,-0.13858043831020977,0.0
AHRO,10,0.14690107428015853,12.033960871170173,-8.229548229548227,10.70581442674466,6.0654259018267185,-4.640388524917941,-96.72651920294632
AHT,10,0.10594187809377711,7.703363035354988,-5.324740618858265,3.58529520586241,5.0810064080206265,1.4957112021582164,-94.76652881594048
AHWSF,10,-0.00764323500871701,0.24365980672725185,-0.11109000878821856,0.5563730801296484,0.4177926418194386,-0.13858043831020977,0.0
AI,10,-0.00764323500871701,0.24365980672725185,-0.11109000878821856,0.5563730801296484,0.4177926418194386,-0.13858043831020977,0.0
AIABF,10,-0.062069557523292525,10.892538833715305,-10.153902470078942,5.551442394968604,4.2085046162140305,-1.3429377787545738,-62.93650728699903
AIAD,10,-0.4576509430878364,12.68939393939394,-14.17483660130719,9.795256486432956,3.349003576903423,-6.446252909529534,418.4263004750903
AIAGF,10,0.47128627641743903,14.638605016379215,-9.694387305318838,6.949243523289405,3.647562376350161,-3.3016811469392437,118.3622870123376
AIAGY,10,-1.2946258113783888,7.414902838733457,-7.346252953149934,12.977340987168775,2.5830620965656905,-10.394278890603085,47.33991779777004
AIAPF,10,0.6067463326333624,5.483518764155455,-0.11109000878821856,0.5563730801296484,2.260961344745677,1.7045882646160284,0.0
AIBGY,10,0.2828581225520996,7.6233030839604545,-5.157640949554896,0.5563730801296484,3.86468532216155,3.3083122420319016,0.0
AICAF,10,-0.9692303896167989,10.366922565435532,-13.188765906181764,5.9047916402071605,6.740378520905822,0.8355868806986617,-25.54347935240071
AICOF,10,-0.00764323500871701,0.24365980672725185,-0.11109000878821856,0.5563730801296484,0.4177926418194386,-0.13858043831020977,0.0
AIDA,10,0.37795170245501386,8.996212121212121,-6.476649270707881,9.203643578643579,7.650708407844072,-1.5529351707995067,-58.94909649090992
AIEV,10,-0.00764323500871701,0.24365980672725185,-0.11109000878821856,0.5563730801296484,0.4177926418194386,-0.13858043831020977,0.0
AIFF,10,-0.2952934388394327,7.230312461290723,-7.110120153598414,4.633165077005657,3.8599658636803995,-0.7731992133252574,1945.333346162019
AIFLF,10,-0.00764323500871701,0.24365980672725185,-0.11109000878821856,0.5563730801296484,0.4177926418194386,-0.13858043831020977,0.0
AIFLY,10,0.19451011955665093,11.931128640776699,-8.037321208676708,8.233605267889248,3.4201444674910344,-4.813460800398213,41.0256441606652
AIFS,10,0.05235617280727705,7.355242566510173,-8.626699198326943,9.766136695440695,11.034333134457883,1.2681964390171885,-40.14084695043415
AIG,10,1.3550135501355014,12.849162011173185,-6.512528347806848,6.395265224846507,7.940638736530906,1.5453735116843994,5.80331994031441
AIGFF,10,-0.00764323500871701,0.24365980672725185,-0.11109000878821856,0.5563730801296484,0.4177926418194386,-0.13858043831020977,0.0
AIHLF,10,-0.3358533993069537,0.050603122486484686,-2.7102316719568775,1.5410035730243579,0.4177926418194386,-1.1232109312049192,0.0
AIHS,10,0.19897260367275177,6.264845075453166,-4.103400093153237,0.5563730801296484,3.994487802353571,3.4381147222239226,0.0
AIHZF,10,-0.00764323500871701,0.24365980672725185,-0.11109000878821856,0.5563730801296484,0.4177926418194386,-0.13858043831020977,0.0
AIIXY,10,-0.00764323500871701,0.24365980672725185,-0.11109000878821856,0.5563730801296484,0.4177926418194386,-0.13858043831020977,0.0
AIJTY,10,0.16890129170436965,5.5683276625178415,-4.544738913670953,0.5563730801296484,4.24090419563646,3.684531115506812,0.0
AIKO,10,0.1907222837455395,9.763516828574232,-8.84066706851517,8.988478785358385,5.529591736488288,-3.458887048870097,-97.80123120096395
AILE,10,-0.00764323500871701,0.24365980672725185,-0.11109000878821856,0.5563730801296484,0.4177926418194386,-0.13858043831020977,0.0
AILEW,10,-0.00764323500871701,0.24365980672725185,-0.11109000878821856,0.5563730801296484,0.4177926418194386,-0.13858043831020977,0.0
AILIH,10,0.08490217792543359,7.043189368770763,-10.413150068322482,11.162614883545118,8.909322794476546,-2.2532920890685713,1.0844060674644314
AILIM,10,-2.077196912802366,5.836331252974539,-18.38232329341559,8.041559835901621,2.397523972483795,-5.644035863417827,0.0197986565013923
AILIN,10,1.3231358647097666,10.129488289667117,-7.827698008337192,6.015477092010602,9.922736640017185,3.907259548006582,-1.8600006103515625
AILLM,10,-0.07744652708888072,5.9464508094645065,-5.548501777552056,12.23651313831337,8.031163803363157,-4.205349334950213,0.1551912087589746
AILLN,10,1.3490793281277789,11.055822466254861,-9.775767112509834,10.121430490368054,11.219695116980517,1.0982646266124636,3.238614526125461
AILLO,10,-0.1359751359751361,8.598659405111018,-7.12424285110579,11.843099429306326,6.257525390152974,-5.585574039153352,-1.810997772216794
AILQF,10,1.0535128256647244,10.000268752183612,-7.525070196550341,8.440917391977619,6.780840991367306,-1.660076400610313,59.07885865213645
AIM,10,-0.387178779592417,4.199240562876926,-5.835686432701357,5.066981289570447,4.828819621870209,-0.23816166770023806,247.7477520242274
AIMAW,10,-0.00764323500871701,0.24365980672725185,-0.11109000878821856,0.5563730801296484,0.4177926418194386,-0.13858043831020977,0.0
AIMD,10,-0.00764323500871701,0.24365980672725185,-0.11109000878821856,0.5563730801296484,0.4177926418194386,-0.13858043831020977,0.0
AIMDW,10,-0.00764323500871701,0.24365980672725185,-0.11109000878821856,0.5563730801296484,0.4177926418194386,-0.13858043831020977,0.0
AIMFF,10,-0.3792227766153406,8.150485436893204,-6.742509976770505,4.567906382891092,6.151389345443182,1.5834829625520896,39.284383662251
AIMH,10,-0.4597254597254597,3.886280646844026,-4.680696661828737,6.74931129476584,5.311419305129997,-1.437891989635843,1303.2863552883366
AIMLF,10,0.9833971902937422,13.527191628066564,-13.52813852813853,9.202927827096596,7.412340286761285,-1.790587540335311,389.366326666933
AIN,10,0.6088280060882801,9.434112329166611,-7.121196277318832,4.913903948885855,7.240676837037811,2.3267728881519565,-4.912614984651398
AINMF,10,-0.00764323500871701,0.24365980672725185,-0.11109000878821856,0.5563730801296484,0.4177926418194386,-0.13858043831020977,0.0
AINSF,10,0.09408634855747783,7.422993244016947,-8.42361863488624,3.905718792148295,5.139843071731616,1.234124279583321,61.57323602722433
AIOT,10,-0.47138047138047134,10.63291352796781,-8.874948580830933,7.535726570708476,4.62401795735129,-2.9117086133571863,10.122049282986296
AIP,10,-0.00764323500871701,0.24365980672725185,-0.11109000878821856,0.5563730801296484,0.4177926418194386,-0.13858043831020977,0.0
AIPG,10,-0.41990041990042015,17.830842925573748,-20.54409211769618,8.68344625460375,12.081451432277198,3.398005177673449,-94.09055154411088
AIPUF,10,-0.0076432350087173185,24.371399530660963,-24.520249614302752,0.5563730801296484,8.575880065045936,8.019506984916289,34.02060968790517
AIPUY,10,1.5261100620608767,18.898331941810206,-14.147186147186149,3.876274495395162,8.791599218935923,4.9153247235407616,-25.437759961452244
AIQUF,10,-0.7612031921424188,11.775373269660884,-11.832247557003258,12.919611287347534,9.136392028854099,-3.7832192584934354,28.276839961156963
AIQUY,10,-0.5307369224894999,11.071377991785868,-11.515762737188108,10.789916474875383,9.77400146928044,-1.0159150055949429,24.90090021534041
AIR,10,0.05235617280727705,8.520917875275236,-7.927873296711137,7.318511868308897,7.1421211929374735,-0.17639067537142328,-18.647800941230688
AIRE,10,-0.00764323500871701,0.24365980672725185,-0.11109000878821856,0.5563730801296484,0.4177926418194386,-0.13858043831020977,0.0
AIRG,10,0.10909698049484629,8.167812461290723,-6.849846703147438,0.5563730801296484,4.867520608094537,4.311147527964889,0.0
AIRI,10,-0.5885337392186707,7.834659287443792,-6.930011268311006,5.21903336292616,2.84049479948295,-2.3785385634432097,-9.458298310949315
AIRJ,10,-0.00764323500871701,0.24365980672725185,-0.11109000878821856,0.5563730801296484,0.4177926418194386,-0.13858043831020977,0.0
AIRJW,10,-0.00764323500871701,0.24365980672725185,-0.11109000878821856,0.5563730801296484,0.4177926418194386,-0.13858043831020977,0.0
AIRRF,10,0.31175059952038375,10.410043205347682,-11.289384955237763,10.495084932980399,8.55365655156377,-1.9414283814166282,-55.71086241903527
AIRS,10,-0.00764323500871701,0.24365980672725185,-0.11109000878821856,0.5563730801296484,0.4177926418194386,-0.13858043831020977,0.0
AIRT,10,-0.974025974025974,15.274551704914986,-14.835484246017904,13.112733131530122,8.783308696109533,-4.32942443542059,42.94081622766062
AIRYY,10,-1.0403581666505621,10.366922565435532,-13.828915899485633,5.973343249127041,6.5269951898045315,0.5536519406774909,-25.43505300285558
AISP,10,-0.00764323500871701,0.24365980672725185,-0.11109000878821856,0.5563730801296484,0.4177926418194386,-0.13858043831020977,0.0
AISPW,10,-0.00764323500871701,0.24365980672725185,-0.11109000878821856,0.5563730801296484,0.4177926418194386,-0.13858043831020977,0.0
AISSF,10,0.5619795674798125,3.5289024700789406,-3.2561248431276257,0.5563730801296484,3.95544423294842,3.3990711528187716,0.0
AISXF,10,-0.00764323500871701,0.24365980672725185,-0.11109000878821856,0.5563730801296484,0.4177926418194386,-0.13858043831020977,0.0
AIT,10,-0.06947784725562507,22.135416666666668,-22.46875,7.998952201850752,8.336924513395102,0.33797231154435003,64.17571710592898
AITLF,10,-0.00764323500871701,0.24365980672725185,-0.11109000878821856,0.5563730801296484,0.4177926418194386,-0.13858043831020977,0.0
AITR,10,-0.00764323500871701,0.24365980672725185,-0.11109000878821856,0.5563730801296484,0.4177926418194386,-0.13858043831020977,0.0
AITRR,10,-0.00764323500871701,0.24365980672725185,-0.11109000878821856,0.5563730801296484,0.4177926418194386,-0.13858043831020977,0.0
AITRU,10,-0.00764323500871701,0.24365980672725185,-0.11109000878821856,0.5563730801296484,0.4177926418194386,-0.13858043831020977,0.0
AITTF,10,-0.00764323500871701,0.24365980672725185,-0.11109000878821856,0.5563730801296484,0.4177926418194386,-0.13858043831020977,0.0
AITVF,10,-1.4857806893205123,3.9072039072039066,-7.835338093640676,9.894233141465614,3.6727153678756856,-6.2215177735899285,241.3994106037825
AITX,10,-0.09850750710533755,4.895784185839973,-4.055548300030473,4.4416884417855655,3.599857905968624,-0.8418305358169413,-97.20072727650404
AIV,10,0.7075968013468014,12.15225720473097,-11.457992808107226,7.730422465462119,9.711013266862809,1.9805908014006892,-2.412604669730756
AIVAF,10,-0.07323335916252639,10.110619469026549,-5.7924376508447315,4.211557229752102,3.1120053655264925,-1.0995518642256092,1.6122977855768332
AIVN,10,-1.233399908896598,6.032537703360646,-10.562770562770561,11.045305269443203,8.998212971722905,-2.0470922977202974,194.16961557366216
AIXI,10,-0.00764323500871701,0.24365980672725185,-0.11109000878821856,0.5563730801296484,0.4177926418194386,-0.13858043831020977,0.0
AIXN,10,1.3868433176639339,7.270671744831485,-3.4661780424492283,6.6952582085664645,9.925663584231792,3.2304053756653275,-28.79705885231616
AIXXF,10,-0.09072375127420997,6.858218352673554,-7.954884017876145,4.771950210498138,3.3425334028368408,-1.4294168076612976,137.6809143878193
AIZ,10,0.7373333561125064,12.68348623853211,-11.163366336633663,9.551049141611408,7.8477021003250735,-1.7033470412863343,27.02040603654939
AIZN,10,-0.00764323500871701,0.24365980672725185,-0.11109000878821856,0.5563730801296484,0.4177926418194386,-0.13858043831020977,0.0
AJG,10,0.8616780045351472,10.654111024138777,-9.312977099236642,2.8885423295361186,11.677842486677958,8.78930015714184,68.94270890102823
AJIA,10,0.43415204239201344,6.64946046006855,-4.234380642831347,0.5563730801296484,3.359167276220082,2.8027941960904337,0.0
AJINY,10,-0.07313203431007942,11.391649547498753,-21.030042918454935,13.061486619218158,7.1556860033346625,-5.9058006158834955,53.28110606565559
AJLGF,10,-0.02834007054101188,8.909090909090908,-10.92929292929293,10.435455255127387,6.580010681835522,-3.855444573291865,-75.8662503335484
AJMPF,10,0.3708198489751887,11.13699012526606,-8.342274678111588,3.1087585837410505,8.099186410319039,4.990427826577989,-26.299118096408986
AJOY,10,1.071351116894383,7.189329863370201,-5.33415397240601,5.294102396245861,9.363061575163071,4.06895917891721,-4.444443543016151
AJX,10,-0.6226987221139267,8.314758527524486,-9.696372176533771,9.163914445230793,7.958163730840102,-1.2057507143906907,0.0
AJYG,10,0.2828581225520996,8.322982898036644,-7.395028718558132,0.5563730801296484,2.6617984696288257,2.1054253894991772,0.0
AKA,10,-0.00764323500871701,0.24365980672725185,-0.11109000878821856,0.5563730801296484,0.4177926418194386,-0.13858043831020977,0.0
AKAAF,10,0.8308531746031745,9.757415822978984,-6.085836909871244,4.132988503127309,3.6855936976868535,-0.4473948054404553,69.06423335173073
AKAM,10,0.34279863916310127,6.648351648351648,-6.503696470916447,5.793999091530128,10.866037128979094,5.072038037448967,16.100678508772575
AKAN,10,-0.00764323500871701,0.24365980672725185,-0.11109000878821856,0.5563730801296484,0.4177926418194386,-0.13858043831020977,0.0
AKBA,10,-0.0908949438361202,11.751405266049618,-9.27023445570175,8.997300511882907,4.049190117301572,-4.9481103945813345,-30.785099392513747
AKBIF,10,1.0277758224683307,11.30151920515752,-5.608181346906075,4.259031275609122,7.091972522217552,2.8329412466084296,-23.874774188354515
AKBKF,10,-0.00764323500871701,0.24365980672725185,-0.11109000878821856,0.5563730801296484,0.4177926418194386,-0.13858043831020977,0.0
AKBLF,10,0.7300135501355013,12.95066413662239,-10.558493060145405,10.74833981211532,11.329856689181563,0.5815168770662424,100.04204132866184
AKBTY,10,0.27235666579928874,5.519056599863215,-7.961449821914938,8.655157941592782,5.407217356257434,-3.247940585335347,-47.19485990371075
AKCCF,10,-0.00764323500871701,0.24365980672725185,-0.11109000878821856,0.5563730801296484,0.4177926418194386,-0.13858043831020977,0.0
AKEMF,10,0.9653076813309492,8.852486844338822,-4.344086021505376,6.464659194024077,8.490458679951674,2.025799485927597,-57.94392502214704
AKESF,10,-0.00764323500871701,0.24365980672725185,-0.11109000878821856,0.5563730801296484,0.4177926418194386,-0.13858043831020977,0.0
AKHOF,10,-0.00764323500871701,0.24365980672725185,-0.11109000878821856,0.5563730801296484,0.4177926418194386,-0.13858043831020977,0.0
AKKVF,10,-0.09401709401709396,9.615384615384615,-4.8296027424884045,4.851111749905909,4.158034124676082,-0.6930776252298276,-43.93382403293823
AKMYF,10,-0.00764323500871701,0.24365980672725185,-0.11109000878821856,0.5563730801296484,0.4177926418194386,-0.13858043831020977,0.0
AKO-A,10,0.21044240733359892,15.98076923076923,-17.783816425120772,7.495138114703333,6.776626367299943,-0.7185117474033902,-31.55390786245112
AKO-B,10,0.21044240733359892,15.98076923076923,-17.783816425120772,7.495138114703333,7.17000110850077,-0.3251370062025627,-29.43092976026121
AKOBF,10,-0.00764323500871701,0.24365980672725185,-0.11109000878821856,0.5563730801296484,0.4177926418194386,-0.13858043831020977,0.0
AKOM,10,1.3124896228572536,9.302446461986278,-3.800409052509893,0.5563730801296484,5.999294217703766,5.4429211375741176,0.0
AKR,10,0.12445518580487915,13.111336488618436,-14.08587825374052,5.479047981344369,7.725012794284255,2.245964812939886,-26.40798392257781
AKRBF,10,-0.12140915755373616,14.565135542168676,-21.535032420749282,8.361785470219205,4.940304571372533,-3.4214808988466725,20.766582527168943
AKRBY,10,-0.00764323500871701,0.24365980672725185,-0.11109000878821856,0.5563730801296484,0.4177926418194386,-0.13858043831020977,0.0
AKRFF,10,1.2493339052000885,11.29948364888124,-6.69341894060995,3.9670875823093517,8.854777053639921,4.887689471330569,-5.655293762998244
AKRO,10,1.3124896228572536,11.835208376170474,-0.11109000878821856,0.5563730801296484,4.37819121541735,3.8218181352877014,0.0
AKRRF,10,0.3157474020783373,8.466726618705035,-9.572884887268398,8.013850508996777,3.6689490611059234,-4.344901447890853,34.625753517403226
AKRYY,10,-0.007643235008717029,7.817356490978279,-7.859047974003889,0.5563730801296484,0.4177926418194386,-0.13858043831020977,0.0
AKTAF,10,-0.18673613996952554,4.43687793020164,-4.894756128615526,4.278722392916651,3.64126599725977,-0.6374563956568813,-14.719099998474118
AKTS,10,1.2040713553576845,17.249778061050286,-13.614818301005144,3.117960057946027,14.584897659348698,11.466937601402671,0.0
AKTX,10,0.014707712498161434,10.844784289382353,-8.115796519410978,8.740047360924313,4.769194879421456,-3.970852481502857,-4.538700364220297
AKVA,10,-0.16091563261374583,8.060485955540237,-7.601445247359644,5.839676289752535,5.365208242906085,-0.47446804684645016,-44.28152482657332
AKYA,10,-0.00764323500871701,0.24365980672725185,-0.11109000878821856,0.5563730801296484,0.4177926418194386,-0.13858043831020977,0.0
AKZOF,10,-1.3724877642403415,6.982065882603374,-12.592592592592593,6.641431440151027,5.203142536475869,-1.4382889036751578,26.74534338721354
AKZOY,10,-0.4208468125993899,6.982065882603374,-12.307692307692307,6.439074837993721,8.153032153032152,1.7139573150384306,17.090109223017432
AL,10,-1.131573562512789,7.853530816027929,-12.373216788983262,9.430155328678657,5.803701718335865,-3.626453610342792,-6.786865181672195
ALAB,10,-0.00764323500871701,0.24365980672725185,-0.11109000878821856,0.5563730801296484,0.4177926418194386,-0.13858043831020977,0.0
ALAR,10,0.16890129170436957,4.810733181036856,-2.569530622673187,0.5563730801296484,3.905394554347032,3.3490214742173836,0.0
ALB,10,-0.6885866758478224,7.640317888313346,-8.378289111527028,7.018675171304136,2.54727405917483,-4.471401112129306,230.1356480007329
ALB-PA,10,-0.00764323500871701,0.24365980672725185,-0.11109000878821856,0.5563730801296484,0.4177926418194386,-0.13858043831020977,0.0
ALBAF,10,-0.00764323500871701,0.24365980672725185,-0.11109000878821856,0.5563730801296484,0.4177926418194386,-0.13858043831020977,0.0
ALBBY,10,-0.00764323500871701,0.24365980672725185,-0.11109000878821856,0.5563730801296484,0.4177926418194386,-0.13858043831020977,0.0
ALBHF,10,1.0642626725026436,7.235023041474655,-0.11109000878821856,0.5563730801296484,4.422224624854963,3.865851544725315,0.0
ALBKY,10,0.11842657552317551,3.6280923377697567,-4.401154401154402,3.6567711734044557,5.544237897179073,1.8874667237746174,-30.66666564234979
ALBT,10,0.266140606774944,6.304332043056771,-9.528777603894975,0.5563730801296484,7.306445725851046,6.7500726457213975,0.0
ALBY,10,0.30097945091251677,8.697569434063801,-7.7941176470588225,8.971447629324574,7.482642528899665,-1.4888051004249094,22.592425449306404
ALC,10,0.7374652868817285,7.0588235294117645,-0.5016969160395455,0.5563730801296484,2.5201734818171033,1.9638004016874548,0.0
ALCE,10,-0.00764323500871701,0.24365980672725185,-0.11109000878821856,0.5563730801296484,0.4177926418194386,-0.13858043831020977,0.0
ALCIF,10,-0.00764323500871701,0.24365980672725185,-0.11109000878821856,0.5563730801296484,0.4177926418194386,-0.13858043831020977,0.0
ALCO,10,0.6475015518311609,8.520917875275236,-8.538961463523075,7.017514251425143,6.164566366260516,-0.8529478851646273,5.864027503242614
ALCUF,10,-0.00764323500871701,0.24365980672725185,-0.11109000878821856,0.5563730801296484,0.4177926418194386,-0.13858043831020977,0.0
ALCY,10,-0.00764323500871701,0.24365980672725185,-0.11109000878821856,0.5563730801296484,0.4177926418194386,-0.13858043831020977,0.0
ALCYU,10,-0.00764323500871701,0.24365980672725185,-0.11109000878821856,0.5563730801296484,0.4177926418194386,-0.13858043831020977,0.0
ALCYW,10,-0.00764323500871701,0.24365980672725185,-0.11109000878821856,0.5563730801296484,0.4177926418194386,-0.13858043831020977,0.0
ALDA,10,1.3124896228572536,9.025486403458869,-6.1439618358788906,0.5563730801296484,8.26503889617854,7.7086658160488915,30.617427950818893
ALDNF,10,-0.00764323500871701,0.24365980672725185,-0.11109000878821856,0.5563730801296484,0.4177926418194386,-0.13858043831020977,0.0
ALDS,10,0.7029811455769449,6.349632080647696,-0.11109000878821856,0.5563730801296484,2.5496657835764243,1.9932927034467758,0.0
ALDVD,10,-0.007392007392007393,2.7483782861044723,-4.230755178838917,5.287478880514047,2.9736745465096894,-2.3138043340043573,202.90252564915988
ALDVF,10,-0.007392007392007393,2.7483782861044723,-4.230755178838917,5.287478880514047,2.9736745465096894,-2.3138043340043573,205.0000026077033
ALDX,10,-1.1608475526001298,4.423076923076923,-9.044148225972378,8.278679818587232,6.543530543530544,-1.7351492750566884,49.9227743932505
ALE,10,0.9216243588487045,9.02087587928296,-10.893675969033028,5.006747638326586,6.495138912075109,1.4883912737485225,-30.931992069273623
ALEC,10,0.10909698049484619,11.148788520853659,-10.24697666496338,0.5563730801296484,4.518563708287524,3.9621906281578756,0.0
ALEEF,10,-0.00764323500871701,0.24365980672725185,-0.11109000878821856,0.5563730801296484,0.4177926418194386,-0.13858043831020977,0.0
ALEGF,10,-0.00764323500871701,0.24365980672725185,-0.11109000878821856,0.5563730801296484,0.4177926418194386,-0.13858043831020977,0.0
ALEX,10,-0.5424704811207879,5.029813675346816,-4.358433806286566,8.82891612700059,6.965691267387406,-1.863224859613183,-3.9471542611181656
ALF,10,-0.00764323500871701,0.24365980672725185,-0.11109000878821856,0.5563730801296484,0.4177926418194386,-0.13858043831020977,0.0
ALFDF,10,0.7374652868817285,6.659989352390749,-0.11109000878821856,0.5563730801296484,2.6531182074907753,2.096745127361127,0.0
ALFFF,10,-0.06947784725562493,12.890247007894065,-12.41702160316181,4.715045134521388,5.41618099444284,0.7011358599214521,-21.66105687289178
ALFIQ,10,-0.00764323500871701,0.24365980672725185,-0.11109000878821856,0.5563730801296484,0.4177926418194386,-0.13858043831020977,0.0
ALFNF,10,-0.00764323500871701,0.24365980672725185,-0.11109000878821856,0.5563730801296484,0.4177926418194386,-0.13858043831020977,0.0
ALFUU,10,-0.00764323500871701,0.24365980672725185,-0.11109000878821856,0.5563730801296484,0.4177926418194386,-0.13858043831020977,0.0
ALFUW,10,-0.00764323500871701,0.24365980672725185,-0.11109000878821856,0.5563730801296484,0.4177926418194386,-0.13858043831020977,0.0
ALFVF,10,0.09151593453919037,5.100430721992408,-7.324205943294778,6.073115782889829,8.104690693697075,2.0315749108072456,85.32144955255893
ALFVY,10,0.010583082829511061,3.314281178058267,-4.900724866057359,3.3812443478612977,3.4972054549519336,0.1159611070906359,68.23278758549377
ALG,10,-0.6226987221139267,8.857602372246724,-11.553945249597422,9.753298302115999,7.739293085655315,-2.014005216460684,16.749563242656517
ALGEF,10,-0.00764323500871701,0.24365980672725185,-0.11109000878821856,0.5563730801296484,0.4177926418194386,-0.13858043831020977,0.0
ALGGY,10,-0.401159389923435,8.092031425364757,-6.736774675705973,5.792074269465442,7.181511326330302,1.3894370568648595,-7.099427979616476
ALGLF,10,-0.00764323500871701,0.24365980672725185,-0.11109000878821856,0.5563730801296484,0.4177926418194386,-0.13858043831020977,0.0
ALGM,10,-0.00764323500871701,0.24365980672725185,-0.11109000878821856,0.5563730801296484,0.4177926418194386,-0.13858043831020977,0.0
ALGN,10,-0.8343146028605968,7.1121431028551765,-9.610814022578726,9.804472544198571,8.569828734778989,-1.2346438094195822,190.5188413273804
ALGS,10,-0.00764323500871701,0.24365980672725185,-0.11109000878821856,0.5563730801296484,0.4177926418194386,-0.13858043831020977,0.0
ALGT,10,-0.3792217709743484,7.604237867395762,-6.09242209631728,9.978070068696072,6.724513303460672,-3.2535567652354,27.21118645127773
ALGWF,10,0.16890129170436968,9.86499358283509,-4.902562621119657,0.5563730801296484,2.7058188757076116,2.149445795577963,0.0
ALHC,10,-0.00764323500871701,0.24365980672725185,-0.11109000878821856,0.5563730801296484,0.4177926418194386,-0.13858043831020977,0.0
ALID,10,1.204071355357684,10.859443968674348,-0.11109000878821856,0.5563730801296484,4.052936412918641,3.496563332788993,0.0
ALIF,10,-0.1326001326001326,3.7962037962037964,-2.7884791781324525,6.761354587441544,3.992098393543182,-2.769256193898362,-95.31249984841833
ALIT,10,-0.00764323500871701,0.24365980672725185,-0.11109000878821856,0.5563730801296484,0.4177926418194386,-0.13858043831020977,0.0
ALITF,10,-0.14786103933390768,6.495726495726496,-11.057692307692308,9.533475783475783,6.300235757246337,-3.2332400262294456,37.37499565382814
ALIZF,10,-0.5587005587005587,10.110619469026549,-5.420792079207921,8.606369992508606,5.5475911021685675,-3.0587788903400384,-5.920572896362006
ALIZY,10,-0.5587005587005587,10.110619469026549,-5.420792079207921,8.606369992508606,5.5475911021685675,-3.0587788903400384,-6.786271734880948
ALK,10,0.6376262626262625,9.363636363636363,-5.4074074074074066,7.737341772151898,6.92368125701459,-0.8136605151373075,-11.550091965608726
ALKEF,10,0.7080217075888385,7.840837032339888,-5.919854280510018,6.4305621865957585,8.232589364128122,1.8020271775323637,21.41453765473641
ALKHF,10,0.32979939566648536,2.4298991751656662,-0.11109000878821856,0.5563730801296484,2.2743745052397775,1.718001425110129,0.0
ALKM,10,0.23322851153039834,3.646262992905461,-3.545593842425971,6.1678886749370365,6.272716744467805,0.10482806953076818,283.2941163210049
ALKS,10,-0.3818450056408922,4.460466821459121,-5.908264295817336,8.788654253424854,4.341829144965502,-4.446825108459351,66.4505542085982
ALKT,10,-0.00764323500871701,0.24365980672725185,-0.11109000878821856,0.5563730801296484,0.4177926418194386,-0.13858043831020977,0.0
ALL,10,0.6475015518311609,7.033248081841432,-4.2941176470588225,6.393329070758738,8.407852579174738,2.0145235084160005,18.57949269070168
ALLDF,10,-0.007643235008717022,2.7068592336930752,-2.855709317334866,0.5563730801296484,1.354366632723307,0.7979935525936587,0.0
ALLE,10,-0.5665506077820538,11.139240506329115,-12.307692307692307,7.200623437678835,8.354674111870608,1.1540506741917733,22.117760212272696
ALLIF,10,-0.00764323500871701,0.24365980672725185,-0.11109000878821856,0.5563730801296484,0.4177926418194386,-0.13858043831020977,0.0
ALLK,10,1.6934460727703815,10.234598187063373,-4.083249315857698,0.5563730801296484,10.984482362692887,10.42810928256324,0.0
ALLO,10,0.5087071169470883,10.04140244679384,-4.93827160493827,0.5563730801296484,7.016460905349793,6.460087825220144,0.0
ALLR,10,-0.00764323500871701,0.24365980672725185,-0.11109000878821856,0.5563730801296484,0.4177926418194386,-0.13858043831020977,0.0
ALLT,10,0.42046330296024276,6.994146847447582,-4.747474747474747,6.173187487152885,10.241445965222582,4.068258478069697,102.86666615804036
ALLY,10,-0.16016016016016024,4.278846153846153,-5.510705510705511,5.010811260811261,6.212606837606838,1.2017955767955772,71.17596982270207
ALME,10,-0.21524772260890104,12.16775498942334,-10.9946708980987,9.442285009866707,5.789010409853625,-3.6532746000130816,19.999999999985
ALMMF,10,-0.2072890559732665,5.350496277915633,-7.988660814918543,6.347610722610722,4.125750410580133,-2.2218603120305893,138.70967673709563
ALMS,10,-0.00764323500871701,0.24365980672725185,-0.11109000878821856,0.5563730801296484,0.4177926418194386,-0.13858043831020977,0.0
ALMTF,10,0.22606036950299233,7.700191659236028,-7.67151129347701,6.04201862639664,6.259040386738228,0.21702176034158782,33.26287752696524
ALMU,10,-0.00764323500871701,0.24365980672725185,-0.11109000878821856,0.5563730801296484,0.4177926418194386,-0.13858043831020977,0.0
ALNPF,10,-0.9484491173879039,11.756367600089487,-11.905217683731278,9.403180354267311,4.37086942152211,-5.032310932745201,-32.7557332430024
ALNPY,10,-0.8542681057300943,23.12523791397031,-31.4307728781413,10.44143991447913,6.514928625912607,-3.9265112885665223,-24.453953711623168
ALNT,10,-0.986678377982726,20.212339743589745,-18.542144495412842,7.398478978332616,6.866904337492573,-0.5315746408400424,31.159577799516
ALNY,10,-1.0905349794238683,5.836139169472502,-9.705325763719923,8.753645843092015,7.105897105897106,-1.6477487371949087,121.81849602924416
ALOD,10,0.8256429186661747,9.031474736153918,-12.314814814814813,11.566334243087766,9.52757387539996,-2.0387603676878054,19.16667240982272
ALORY,10,-0.007643235008716985,2.530652928216792,-2.6330064635542634,0.5563730801296484,0.4177926418194386,-0.13858043831020977,0.0
ALOT,10,-0.6701940035273366,7.481660134659833,-8.049985469340307,8.166635561872221,8.548497226363486,0.38186166449126446,-3.2308849788348537
ALPC,10,1.5160955795785176,13.66766198666185,-0.11109000878821856,0.5563730801296484,4.989009085581142,4.432636005451494,0.0
ALPE,10,0.5258422979941968,10.548523206751055,-7.9635193703634775,10.195430448595005,5.099242333284887,-5.096188115310118,-73.81770636781751
ALPGF,10,-0.00764323500871701,0.24365980672725185,-0.11109000878821856,0.5563730801296484,0.4177926418194386,-0.13858043831020977,0.0
ALPIB,10,-0.00764323500871701,0.24365980672725185,-0.11109000878821856,0.5563730801296484,0.4177926418194386,-0.13858043831020977,0.0
ALPKF,10,0.47128627641743914,4.504026848188394,-4.099674162704983,0.5563730801296484,7.592872339594272,7.036499259464623,0.0
ALPMF,10,-0.40404040404040403,4.918399284596469,-10.04497751124438,6.661856661856661,7.604682507231234,0.942825845374573,1.5399995266852402
ALPMY,10,0.06734006734006738,4.71022858462249,-10.04497751124438,6.731246895181322,9.018823921372649,2.287577026191327,4.959039029313543
ALPP,10,0.43624334883114574,28.42372573916198,-28.531361550229477,0.5563730801296484,15.362244935665773,14.805871855536125,0.0
ALRHF,10,-0.007643235008717059,3.9098676444893505,-4.104065868771751,1.8873650334574925,0.4177926418194386,-1.4695723916380539,0.0
ALRM,10,0.43415204239201344,7.023089609675646,-8.5741946840345,4.662260543972736,7.416419916419916,2.7541593724471802,0.0
ALRN,10,0.37086250541826604,12.281672272778822,-8.915352429996782,0.5563730801296484,4.125750410580133,3.569377330450484,0.0
ALRS,10,0.6720575997684433,10.813161460431393,-17.12230215827338,8.2951946569915,6.792596464447807,-1.5025981925436929,41.51401876289155
ALRTF,10,0.7285771223595057,6.9642201460568725,-7.18835707334336,4.859116283470527,7.079730464209526,2.2206141807389983,72.48810690843293
ALSA,10,-0.00764323500871701,0.24365980672725185,-0.11109000878821856,0.5563730801296484,0.4177926418194386,-0.13858043831020977,0.0
ALSAR,10,-0.00764323500871701,0.24365980672725185,-0.11109000878821856,0.5563730801296484,0.4177926418194386,-0.13858043831020977,0.0
ALSAW,10,-0.00764323500871701,0.24365980672725185,-0.11109000878821856,0.5563730801296484,0.4177926418194386,-0.13858043831020977,0.0
ALSCF,10,-0.007643235008717022,2.379819295014611,-3.5841610416179934,0.5563730801296484,2.3740329050426996,1.8176598249130511,0.0
ALSE,10,0.36133694670280037,6.417344173441735,-8.27779367669085,5.235315386902508,6.225708360369989,0.9903929734674808,-48.49785407725322
ALSI,10,-1.3843795093795093,5.922444183313749,-8.687863860277654,11.246415151416294,4.594371630414575,-6.652043521001718,2124.522609433343
ALSMY,10,-0.20546163455808733,4.656862745098039,-2.9397068620919384,6.545998636560905,4.289834191092761,-2.256164445468144,-12.712472509943662
ALSN,10,-0.6885866758478224,6.503323117187232,-4.722691441441443,5.3420342261524985,5.830277819594625,0.4882435934421263,-22.16888471378055
ALSSF,10,0.30552245320308175,12.890247007894065,-14.380687897476585,7.464318446485245,4.810315795743894,-2.6540026507413508,-20.27807326099814
ALST,10,0.5062747944542594,6.0685249709639955,-6.611078022632519,7.622222825456601,7.250341300405485,-0.3718815250511156,-99.79119565661834
ALT,10,0.10909698049484634,3.3002347251505304,-3.569603333726462,0.5563730801296484,3.1148989350366123,2.558525854906964,0.0
ALTAF,10,0.30158361714066134,7.070391759013578,-2.3391812865497075,0.5563730801296484,3.537646379467306,2.9812732993376576,0.0
ALTB,10,-0.007643235008717077,3.1565296329918295,-8.86757508938825,0.5563730801296484,3.339363425276012,2.7829903451463633,0.0
ALTD,10,-0.00764323500871701,0.24365980672725185,-0.11109000878821856,0.5563730801296484,0.4177926418194386,-0.13858043831020977,0.0
ALTG,10,1.5261100620608767,13.757792329003083,-0.11109000878821856,0.5563730801296484,5.01905253302822,4.462679452898572,0.0
ALTHF,10,-0.00764323500871701,0.24365980672725185,-0.11109000878821856,0.5563730801296484,0.4177926418194386,-0.13858043831020977,0.0
ALTI,10,-0.00764323500871701,0.24365980672725185,-0.11109000878821856,0.5563730801296484,0.4177926418194386,-0.13858043831020977,0.0
ALTM,10,0.30037378361375466,4.810733181036856,-1.3157894736842102,0.5563730801296484,4.1118421052631575,3.555469025133509,0.0
ALTNF,10,-0.00764323500871701,0.24365980672725185,-0.11109000878821856,0.5563730801296484,0.4177926418194386,-0.13858043831020977,0.0
ALTO,10,0.16290230264606176,3.28865114659661,-4.7458714125380785,2.8139545306764355,3.2193897281237613,0.4054351974473258,792.2398683508941
ALTPF,10,-0.00764323500871701,0.24365980672725185,-0.11109000878821856,0.5563730801296484,0.4177926418194386,-0.13858043831020977,0.0
ALTR,10,0.6397932592691854,16.1247890530442,-9.610814022578726,0.5563730801296484,9.640634144930246,9.084261064800598,0.0
ALTS,10,-1.1008433065697116,7.92361656914971,-10.389678502124088,7.854148852980295,6.048502457151756,-1.8056463958285391,127.85072350934612
ALTX,10,-0.9816902248464245,7.239041511570052,-8.043478260869566,5.049134976671208,6.102513056197281,1.0533780795260723,55.432096880359225
ALUR,10,-0.00764323500871701,0.24365980672725185,-0.11109000878821856,0.5563730801296484,0.4177926418194386,-0.13858043831020977,0.0
ALUR-WT,10,-0.00764323500871701,0.24365980672725185,-0.11109000878821856,0.5563730801296484,0.4177926418194386,-0.13858043831020977,0.0
ALV,10,-1.0194537972315751,12.222222222222221,-15.705521472392638,6.889369492504806,3.5465346634599615,-3.3428348290448446,8.468401612228007
ALVLF,10,0.8001258001258,10.647058823529411,-15.5,9.713606654783126,8.65729252826027,-1.0563141265228566,349.99999329447814
ALVO,10,-0.00764323500871701,0.24365980672725185,-0.11109000878821856,0.5563730801296484,0.4177926418194386,-0.13858043831020977,0.0
ALVOF,10,0.9811930675240027,6.322344322344322,-6.988230348886086,3.807881129324775,7.470811470811472,3.662930341486697,133.7622146540214
ALVOW,10,-0.00764323500871701,0.24365980672725185,-0.11109000878821856,0.5563730801296484,0.4177926418194386,-0.13858043831020977,0.0
ALVR,10,-0.00764323500871701,0.24365980672725185,-0.11109000878821856,0.5563730801296484,0.4177926418194386,-0.13858043831020977,0.0
ALVRQ,10,-0.31044689914085616,14.680836569248587,-13.685410150093354,5.565703335551685,7.723057172859034,2.1573538373073484,-57.23014444945888
ALX,10,-0.07365319865319878,11.229193341869397,-12.649647887323944,2.788251823233729,7.815034144259497,5.026782321025768,-23.942872583721385
ALXEF,10,-0.3552249456887482,28.42372573916198,-31.635135135135137,7.537942162619278,13.867498061860081,6.329555899240803,191.35333652839105
ALXO,10,-0.00764323500871701,0.24365980672725185,-0.11109000878821856,0.5563730801296484,0.4177926418194386,-0.13858043831020977,0.0
ALXXF,10,-0.45765094308783616,14.171855541718553,-10.115911485774497,5.956645256916996,4.766907310596631,-1.1897379463203652,84.78837120277886
ALYAF,10,0.22733077905491703,7.924050632911392,-8.333333333333332,10.212778782399035,5.700903250812506,-4.511875531586528,-4.594401344680791
ALYI,10,0.01978454808643488,8.032712403452976,-7.929060187124703,6.006336454414303,6.937473652603138,0.9311371981888357,96.51849217023576
ALZCF,10,-0.00764323500871701,0.24365980672725185,-0.11109000878821856,0.5563730801296484,0.4177926418194386,-0.13858043831020977,0.0
ALZN,10,-0.00764323500871701,0.24365980672725185,-0.11109000878821856,0.5563730801296484,0.4177926418194386,-0.13858043831020977,0.0
AM,10,0.2828581225520997,32.13993213993214,-30.210793317589435,0.5563730801296484,4.100457899572089,3.544084819442441,0.0
AMADF,10,-0.4011593899234349,6.958858413639733,-6.020356234096691,8.399924143067212,7.177821616109633,-1.2221025269575785,-8.88839764984193
AMADY,10,-0.4011593899234348,7.1121431028551765,-11.509803921568626,8.399924143067212,9.007637511933613,0.6077133688664009,-9.126793694841446
AMAL,10,0.647596005835977,13.022752591264554,-11.47517730496454,0.5563730801296484,7.241725768321513,6.685352688191864,0.0
AMAT,10,-0.37882631489937446,9.434112329166611,-9.112822623317069,7.8768669118488175,9.215828102887896,1.3389611910390782,142.7265416986166
AMBA,10,-0.23264683447749807,11.576691380908247,-9.951233505450372,9.493477638061073,8.666381400656112,-0.8270962374049606,187.92997658074788
AMBBY,10,-0.00764323500871701,0.24365980672725185,-0.11109000878821856,0.5563730801296484,0.4177926418194386,-0.13858043831020977,0.0
AMBC,10,-0.3265562660545446,9.843008397225264,-9.299840872925664,7.124385267505535,7.7734437293087275,0.6490584618031923,-27.285914450738964
AMBD,10,0.30037378361375466,10.203364052523792,-12.649647887323944,7.848878649158736,10.221451256558963,2.372572607400227,900.0
AMBFF,10,0.43624334883114596,8.391133738563678,-5.6521739130434785,0.5563730801296484,7.133036046079525,6.576662965949876,0.0
AMBI,10,-0.00764323500871701,0.24365980672725185,-0.11109000878821856,0.5563730801296484,0.4177926418194386,-0.13858043831020977,0.0
AMBK,10,0.875357718298343,20.100184246890834,-15.931262614936086,15.874133097339746,10.468873121827711,-5.405259975512035,32.06922040911356
AMBO,10,0.6475960058359769,9.547575286300015,-5.478395061728394,0.5563730801296484,9.326131687242798,8.76975860711315,0.0
AMBP,10,-0.00764323500871701,0.24365980672725185,-0.11109000878821856,0.5563730801296484,0.4177926418194386,-0.13858043831020977,0.0
AMBS,10,0.10594187809377686,5.789555085838016,-6.575086689783943,3.877591820255961,6.235838823352356,2.358247003096395,-29.894874240366462
AMBZ,10,0.11764705882352938,9.18987341772152,-7.323541411668705,10.144523632237707,6.229145840076826,-3.915377792160881,11.74807808076396
AMC,10,-0.3803520973701371,5.743944636678201,-6.042200749359101,8.379235177042112,7.522586134865608,-0.8566490421765041,290.22204123121134
AMCCF,10,-0.486564996368918,9.582472314947278,-7.283950617283949,7.83628136569313,6.106254084317984,-1.7300272813751452,5.574324026695668
AMCF,10,-0.131509371753479,6.007751937984494,-8.388704318936876,4.889970564765911,3.6714827432032515,-1.2184878215626598,-97.14285730322624
AMCJX,10,-0.00764323500871701,0.24365980672725185,-0.11109000878821856,0.5563730801296484,0.4177926418194386,-0.13858043831020977,0.0
AMCLX,10,-0.00764323500871701,0.24365980672725185,-0.11109000878821856,0.5563730801296484,0.4177926418194386,-0.13858043831020977,0.0
AMCR,10,-0.486564996368918,9.582472314947278,-7.283950617283949,7.83628136569313,6.106254084317984,-1.7300272813751452,22.36361577034115
AMCT,10,0.6067463326333625,7.110120153598414,-6.682206682206682,0.5563730801296484,5.5562252945617905,4.999852214432142,0.0
AMCX,10,-1.0043956487110468,9.15892672858617,-10.620915032679738,7.811357251856724,7.89125790553546,0.07990065367873633,-0.7930448484433651
AMD,10,-0.12894685791882055,8.03844591850548,-9.179235680577403,7.6616660931030625,9.193039144139389,1.5313730510363266,223.75458688742484
AMDLY,10,-0.8498420901521677,11.038107060308727,-11.427727501610494,4.44683551624223,3.5213729628579586,-0.9254625533842717,-9.148405681460286
AMDUF,10,-0.00764323500871701,0.24365980672725185,-0.11109000878821856,0.5563730801296484,0.4177926418194386,-0.13858043831020977,0.0
AMDWF,10,-1.3593961950016482,11.086036824761553,-15.42180105492619,8.848465434821938,9.221985419394413,0.37351998457247504,8.804018582368377
AME,10,0.2693602693602693,8.21917808219178,-13.35040546308152,4.182033719704952,8.630399334624688,4.4483656149197355,41.04380519497523
AMED,10,-0.05291005291005292,4.7626429935214345,-6.764718171562278,11.979966247482173,11.73913043478261,-0.24083581269956333,9.392663837943084
AMEGF,10,-0.00764323500871701,0.24365980672725185,-0.11109000878821856,0.5563730801296484,0.4177926418194386,-0.13858043831020977,0.0
AMEN,10,-0.8617768094892276,5.739750445632798,-11.543786777431636,8.214406633792773,3.472554434198056,-4.741852199594717,-48.583479386904855
AMEUF,10,0.2785361683351259,4.732580681947772,-3.8200339558573853,5.978416145831417,5.805175467469162,-0.1732406783622551,9968.142918178151
AMFC,10,-0.9833630421865716,7.7026440089038495,-7.045377309556601,12.829147892923402,6.102186654204879,-6.7269612387185225,26.093826369356872
AMFL,10,0.21523021308980214,9.196905306745123,-8.40325451309433,8.187400663533003,6.621069902319903,-1.5663307612131003,1214.1414026702128
AMG,10,-1.187161407687277,7.900871058765794,-10.720689949620017,6.344608155332661,4.1371715148095936,-2.207436640523068,97.8960198682141
AMGDF,10,0.2828581225520997,5.116280612050342,-2.650618477644783,0.5563730801296484,3.0290111648581792,2.4726380847285307,0.0
AMGN,10,0.9960505941507038,11.975903829188091,-13.126798969853054,6.491621038659365,10.458159934175155,3.9665388955157903,3.798732454547982
AMGRF,10,-0.00764323500871701,0.24365980672725185,-0.11109000878821856,0.5563730801296484,0.4177926418194386,-0.13858043831020977,0.0
AMGXF,10,-0.007643235008716979,4.982793793401884,-4.8829184685758396,0.5563730801296484,0.4177926418194386,-0.13858043831020977,0.0
AMGY,10,0.30271757825937395,10.35561877667141,-10.013513513513514,6.72380275011854,5.876128229069406,-0.8476745210491341,61.29031434313988
AMH,10,0.09405037337998252,5.017605633802818,-7.635763576357635,6.608785878587859,9.447413872846646,2.838627994258787,47.86735387017082
AMIGF,10,-0.7729468599033815,14.201029248908863,-12.770742099656761,12.441164299843807,7.145675988296932,-5.295488311546875,63.953313850226536
AMIGY,10,-1.0437244222899167,14.201029248908863,-12.770742099656761,12.441164299843807,4.597232190026216,-7.843932109817591,68.22630969467546
AMIH,10,-0.08714596949891071,6.64946046006855,-4.414762235917603,8.228131435222492,5.571409158853105,-2.656722276369387,-95.05403359747632
AMIVF,10,1.0816237836137548,12.29214340198322,-10.72216028737768,4.102723770757481,8.114424300254454,4.011700529496973,0.0
AMIX,10,-0.00764323500871701,0.24365980672725185,-0.11109000878821856,0.5563730801296484,0.4177926418194386,-0.13858043831020977,0.0
AMJT,10,-0.007643235008717071,8.80281690140845,-4.807951612281851,4.596632947934917,2.296117043032027,-2.30051590490289,0.0
AMKAF,10,0.570372850252328,5.378863966075215,-4.876587586867959,3.3068146816706965,6.576105886450715,3.2692912047800182,128.6170662676216
AMKBF,10,0.09408634855747779,6.363636363636363,-6.2406015037593985,4.414160823444804,5.798587377534747,1.3844265540899432,137.89523752804956
AMKBY,10,-0.11131037041617711,3.984096072703667,-3.6447275300778483,3.3068146816706965,3.7009157391323,0.3941010574616035,122.16111408103752
AMKR,10,-0.06457266731239326,8.225108225108226,-9.243514279485503,5.856551172358615,5.874519720976802,0.017968548618187086,137.56198091207793
AMLC,10,-0.5939739273072606,5.596369922212619,-4.342738973089167,7.700949715552085,6.741360150115685,-0.9595895654364002,133.33333850734886
AMLH,10,-1.0930103035366194,7.410509856480706,-11.298541556844139,10.098898846131318,8.165017306767226,-1.9338815393640925,2152.5000605731784
AMLI,10,0.6475960058359769,10.985189682689745,-7.960448536524201,4.245805712857623,6.594407269191724,2.348601556334101,0.0
AMLM,10,-0.30262820960495385,6.338347814810011,-6.7719881744272,4.345365595931731,3.219329085182744,-1.1260365107489867,1360.368141415782
AMLX,10,-0.00764323500871701,0.24365980672725185,-0.11109000878821856,0.5563730801296484,0.4177926418194386,-0.13858043831020977,0.0
AMMCF,10,0.21479328165374667,5.55813953488372,-2.793366702057738,5.328801945181255,4.667527993109388,-0.6612739520718671,15.984554285209388
AMMHF,10,-0.007643235008717029,4.663109815235657,-6.344520531371742,3.3605150362936276,0.4177926418194386,-2.942722394474189,-12.62135911093478
AMMJ,10,0.46473467874704255,5.3723471851569435,-6.224003438815632,4.80123766570545,4.399738812485341,-0.4014988532201089,-48.78194875332208
AMMPF,10,-0.00764323500871701,0.24365980672725185,-0.11109000878821856,0.5563730801296484,0.4177926418194386,-0.13858043831020977,0.0
AMMX,10,-0.00764323500871701,0.24365980672725185,-0.11109000878821856,0.5563730801296484,0.4177926418194386,-0.13858043831020977,0.0
AMN,10,0.000522502074333353,18.608524490877436,-29.871977240398294,12.303839904689161,17.283602332117475,4.979762427428314,98.26868314399916
AMNC,10,0.32911171063149514,32.2559673075137,-24.271330153683095,10.764483651174297,9.687937675070026,-1.0765459761042706,97.17199465057452
AMNCB,10,1.2051263156601943,12.20476283427679,-9.156108056418837,9.900986298846137,12.336722777635366,2.435736478789229,52.76145658973921
AMNE,10,-0.37204625439919575,6.805385615993706,-9.81715651097628,7.341868930653978,7.07983193277311,-0.2620369978808679,0.0
AMNF,10,0.34279863916310127,12.72914228982732,-5.839587743494343,9.299334337987956,12.695617465926519,3.3962831279385632,-3.866777268304333
AMNI,10,1.4326022036865411,9.87224157955865,-14.132449425423868,2.9743435093254154,8.06668726805449,5.092343758729076,129.4009841424029
AMNL,10,-0.25397758280508786,6.0418524151675665,-5.897168664234844,5.590379559882156,5.350200341875376,-0.2401792180067801,-4.765836912640459
AMNNF,10,-0.00764323500871701,0.24365980672725185,-0.11109000878821856,0.5563730801296484,0.4177926418194386,-0.13858043831020977,0.0
AMNP,10,-1.1195688011582734,10.297796150504226,-11.624915627666484,8.014378245435854,7.284704085388018,-0.7296741600478356,79.16666121547313
AMOSF,10,-0.00764323500871701,0.24365980672725185,-0.11109000878821856,0.5563730801296484,0.4177926418194386,-0.13858043831020977,0.0
AMP,10,-0.49654049654049653,3.546734955185659,-6.633366633366634,5.385031635031635,4.647480844663943,-0.7375507903676919,86.44989566126596
AMPDF,10,-0.00764323500871701,0.24365980672725185,-0.11109000878821856,0.5563730801296484,0.4177926418194386,-0.13858043831020977,0.0
AMPE,10,-1.3960269913193917,10.446870202967764,-10.223579237663744,13.420658933944836,2.7466631963471655,-10.67399573759767,276.31318635458564
AMPG,10,-0.00764323500871701,0.24365980672725185,-0.11109000878821856,0.5563730801296484,0.4177926418194386,-0.13858043831020977,0.0
AMPGW,10,-0.00764323500871701,0.24365980672725185,-0.11109000878821856,0.5563730801296484,0.4177926418194386,-0.13858043831020977,0.0
AMPH,10,-0.8275346053123831,6.951481126477703,-6.338322396716557,8.159364192704754,5.915145192140497,-2.2442190005642564,-4.062109003680075
AMPL,10,-0.00764323500871701,0.24365980672725185,-0.11109000878821856,0.5563730801296484,0.4177926418194386,-0.13858043831020977,0.0
AMPS,10,-0.00764323500871701,0.24365980672725185,-0.11109000878821856,0.5563730801296484,0.4177926418194386,-0.13858043831020977,0.0
AMPX,10,-0.00764323500871701,0.24365980672725185,-0.11109000878821856,0.5563730801296484,0.4177926418194386,-0.13858043831020977,0.0
AMPY,10,-0.043504988887312614,7.015810276679842,-6.2406015037593985,4.460799259911923,7.01365063143295,2.552851371521027,-40.9460969325609
AMQFF,10,-0.00764323500871701,0.24365980672725185,-0.11109000878821856,0.5563730801296484,0.4177926418194386,-0.13858043831020977,0.0
AMR,10,-0.00764323500871701,0.24365980672725185,-0.11109000878821856,0.5563730801296484,0.4177926418194386,-0.13858043831020977,0.0
AMRC,10,0.12009189640768586,4.930971970436481,-7.588119234255853,4.8008034930477175,7.57674487079576,2.775941377748042,301.92475467933247
AMRK,10,0.6859373880650474,18.780438311688314,-21.535032420749282,12.254652943428454,6.72759025222631,-5.527062691202143,468.3422816683361
AMRN,10,-0.9594488371017705,29.269118742802956,-26.512226512226512,11.199856405679697,6.790083823791689,-4.409772581888007,-69.04631099398854
AMROF,10,-0.00764323500871701,0.24365980672725185,-0.11109000878821856,0.5563730801296484,0.4177926418194386,-0.13858043831020977,0.0
AMRQF,10,-0.00764323500871701,0.24365980672725185,-0.11109000878821856,0.5563730801296484,0.4177926418194386,-0.13858043831020977,0.0
AMRRY,10,-0.00764323500871701,0.24365980672725185,-0.11109000878821856,0.5563730801296484,0.4177926418194386,-0.13858043831020977,0.0
AMRU,10,-1.2988683127572014,7.426726279185296,-9.156108056418837,13.233753316628444,5.786001314729208,-7.447752001899237,-93.54838744505336
AMRX,10,0.4341520423920136,15.724045874535308,-12.667698658410732,0.5563730801296484,8.004748949021396,7.448375868891747,0.0
AMS,10,-0.6846240179573512,9.374428388512895,-8.008658008658008,8.391764729792898,5.551562223973945,-2.8402025058189535,14.07345864139847
AMSC,10,-0.18521756587852067,8.98305573997633,-8.263315869310297,6.783335462843186,8.16806233353065,1.3847268706874631,66.02475917346085
AMSF,10,0.023310023310023336,7.637795275590552,-8.701923076923077,7.446095571095571,7.005350292751867,-0.44074527834370425,-11.30390075897347
AMSLF,10,0.5941772024171734,8.139103675690414,-3.8969624186067016,0.5563730801296484,4.392723525351109,3.836350445221461,0.0
AMSSD,10,1.5160955795785176,17.40639758686869,-10.232461602324614,0.5563730801296484,7.9426820297224054,7.386308949592757,0.0
AMSSY,10,1.5160955795785176,11.880703813956089,-5.3899652260307995,0.5563730801296484,7.9426820297224054,7.386308949592757,0.0
AMST,10,-0.00764323500871701,0.24365980672725185,-0.11109000878821856,0.5563730801296484,0.4177926418194386,-0.13858043831020977,0.0
AMSU,10,0.5192702460462024,12.805819921271613,-4.269005847953215,11.856326942407001,9.309712188969154,-2.546614753437847,31.99999731779115
AMSWA,10,0.17435710206794564,7.804878048780488,-14.174757281553397,10.949365627896773,8.781835196035688,-2.167530431861085,55.36125897412926
AMSYF,10,-0.37922277661534065,3.8147659728991066,-6.976016542192112,4.244836110605759,3.695972652188727,-0.5488634584170318,98.2685417339908
AMT,10,0.5875700449818457,9.486140587819152,-8.541809911672924,7.115195653430438,10.815772764872703,3.700577111442265,19.972776573398875
AMTB,10,1.3081651115270339,6.736064879259215,-0.11109000878821856,0.5563730801296484,6.051958646406452,5.495585566276803,0.0
AMTD,10,0.44697872188535964,4.045610267423429,-0.11109000878821856,0.5563730801296484,1.7816585125016686,1.2252854323720204,0.0
AMTM,10,-0.00764323500871701,0.24365980672725185,-0.11109000878821856,0.5563730801296484,0.4177926418194386,-0.13858043831020977,0.0
AMTX,10,0.1798097081115949,6.80816656559531,-6.042780748663101,5.393377867794242,5.6003906003906,0.20701273259635844,1660.3207635097165
AMTY,10,0.22175536881419233,8.366454689984103,-7.883244206773618,9.028161793507062,7.300420168067227,-1.727741625439835,186.36363890360752
AMVMF,10,-0.5587005587005586,6.982065882603374,-10.964798092601981,10.027773887080189,5.442516243214672,-4.585257643865517,22.49866148097244
AMWD,10,-0.9676201264986308,33.597011645792136,-26.630095441976632,13.065198041833556,9.151105251370208,-3.9140927904633482,-31.58501617052888
AMWK,10,0.10154038931017359,20.690370780298842,-20.940170940170944,14.007768144458792,5.30478323084551,-8.702984913613282,98.74476808099544
AMWL,10,-0.00764323500871701,0.24365980672725185,-0.11109000878821856,0.5563730801296484,0.4177926418194386,-0.13858043831020977,0.0
AMX,10,-0.22058620784735428,7.171781756180733,-16.153846153846153,3.8273723047634776,5.280338495025644,1.4529661902621664,8.727451924303528
AMXEF,10,1.3081651115270339,6.868607006967435,-3.2033527696793005,5.819911493289124,8.501154364870734,2.6812428715816106,131.2232006470313
AMXOF,10,0.9956709956709956,11.017705698556762,-7.355242566510173,5.137523152229034,7.472527472527472,2.335004320298438,38.88895397205532
AMXX,10,-1.213467016575825,7.931511742119831,-7.831636417293787,13.130682248329308,1.8545811760979072,-11.2761010722314,-46.070585811839386
AMYZF,10,0.22425593251094758,9.04344210987421,-11.382897016880879,7.474075463121822,9.750071511840018,2.275996048718196,354.904235478198
AMZN,10,-0.5335036811462309,8.073394495412844,-10.039416926967128,12.134033496807625,9.253600982961023,-2.8804325138466016,85.43426314830951
AN,10,0.47514293038589744,10.566496163682865,-7.67151129347701,5.723522660545561,6.8147313351364955,1.0912086745909342,137.25621840002924
ANAB,10,0.647596005835977,10.71771365889013,-7.056092010578756,0.5563730801296484,4.890845070422535,4.3344719902928865,0.0
ANAS,10,0.3976894695457569,9.785661492978566,-8.800813008130081,6.580317625618328,7.552008922976665,0.9716912973583369,1101.141192589713
ANCTF,10,-1.3843795093795093,5.617977528089886,-9.634831460674157,13.649861374580475,8.134652286493735,-5.51520908808674,27.58638823812931
ANDC,10,0.1989726036727516,3.0894502292353763,-3.405588147558914,0.5563730801296484,3.8620784844072666,3.305705404277618,0.0
ANDE,10,0.04073974805682128,9.345351043643262,-8.907563025210083,3.4882752348478867,5.919245747079319,2.4309705122314327,71.38961635277678
ANDHF,10,-0.00764323500871701,0.24365980672725185,-0.11109000878821856,0.5563730801296484,0.4177926418194386,-0.13858043831020977,0.0
ANDI,10,-1.228751687467284,15.426594642592866,-16.054918540345483,10.718537946729645,3.144649865961341,-7.573888080768304,-59.34959529940552
ANDMF,10,-0.00764323500871701,0.24365980672725185,-0.11109000878821856,0.5563730801296484,0.4177926418194386,-0.13858043831020977,0.0
ANDR,10,-1.0701184607116987,7.92361656914971,-8.608724388631856,10.081828006793268,5.4312739036603395,-4.6505541031329285,16.030290924365236
ANEB,10,-0.00764323500871701,0.24365980672725185,-0.11109000878821856,0.5563730801296484,0.4177926418194386,-0.13858043831020977,0.0
ANET,10,-0.39061428485217536,8.723365836041893,-13.863819861846236,8.732103559842797,8.2455859880279,-0.48651757181489685,45.22466686835431
ANF,10,0.1753994797473061,11.187410586552218,-14.380687897476585,7.065831068714991,6.609027389023656,-0.45680367969133506,139.14629738529362
ANFGF,10,-0.35457919898320234,8.787878787878789,-11.422505307855626,3.22630583271631,6.596538634755195,3.3702328020388848,66.46743664622916
ANFIF,10,0.01978454808643488,9.396325459317586,-9.004329004329005,6.261108626383762,7.199781845451137,0.9386732190673754,-93.40798084486713
ANG-PA,10,-0.00764323500871701,0.24365980672725185,-0.11109000878821856,0.5563730801296484,0.4177926418194386,-0.13858043831020977,0.0
ANG-PB,10,-0.00764323500871701,0.24365980672725185,-0.11109000878821856,0.5563730801296484,0.4177926418194386,-0.13858043831020977,0.0
ANGCF,10,0.22750022750022758,10.695970695970695,-10.649350649350648,8.865241039154084,7.189641835311126,-1.6755992038429577,-23.07692307692309
ANGGF,10,-1.2506012506012505,12.430964118693922,-11.701974347888743,13.163379830046495,3.8607373249949837,-9.30264250505151,65.71428717399131
ANGH,10,-0.00764323500871701,0.24365980672725185,-0.11109000878821856,0.5563730801296484,0.4177926418194386,-0.13858043831020977,0.0
ANGHW,10,-0.00764323500871701,0.24365980672725185,-0.11109000878821856,0.5563730801296484,0.4177926418194386,-0.13858043831020977,0.0
ANGI,10,-0.507506310615119,6.676466037443912,-11.873926258755123,9.417502787068004,7.741356261724564,-1.67614652534344,82.78447241004238
ANGO,10,0.3357645048951968,10.620915032679738,-9.781165478239487,4.264437134502924,11.28186919042061,7.017432055917685,74.92832795751787
ANGPY,10,0.8974429489244566,4.316780266147355,-2.908619877531794,6.766201449745753,11.603432392521464,4.837230942775711,26.534134998859304
ANGVF,10,-0.00764323500871701,0.24365980672725185,-0.11109000878821856,0.5563730801296484,0.4177926418194386,-0.13858043831020977,0.0
ANICF,10,0.30037378361375466,2.7261658229789845,-0.11109000878821856,0.5563730801296484,1.3418436976868537,0.7854706175572054,0.0
ANIK,10,1.2393194227177295,12.948709058548875,-10.026225798986964,8.780576614907588,7.784070149799049,-0.9965064651085385,-32.467511897898845
ANIOY,10,-1.1482101622946694,4.305580317347122,-9.316384550029412,7.606821980417155,3.822815581107267,-3.7840063993098876,42.98875495873119
ANIP,10,-1.0026187803965583,7.717775849409252,-13.35040546308152,9.298193746176763,8.751920783160354,-0.546272963016408,-55.79666493068967
ANIX,10,0.04244726466948734,11.139240506329115,-9.506172839506174,8.970640144628726,7.583181472070361,-1.387458672558365,20.196280064293227
ANKM,10,-0.00764323500871701,0.24365980672725185,-0.11109000878821856,0.5563730801296484,0.4177926418194386,-0.13858043831020977,0.0
ANKOF,10,-0.8248755084198124,5.637517199205014,-6.741165611814347,6.707856397693855,5.707737034751253,-1.000119362942602,-23.053805063337872
ANL,10,-0.00764323500871701,0.24365980672725185,-0.11109000878821856,0.5563730801296484,0.4177926418194386,-0.13858043831020977,0.0
ANLBF,10,0.6475960058359769,4.965569439729179,-3.501356381300864,4.744251459386619,3.9385624226049756,-0.8056890367816432,-10.718843531849307
ANLDF,10,-0.1127838771649172,5.624355005159958,-5.986928104575163,6.612405968676779,6.892790720624293,0.28038475194751467,2.999999329447768
ANMP,10,0.28007369760026485,9.628821892855363,-7.542825566402652,5.461923330136522,5.95017379465147,0.48825046451494813,0.0
ANNSF,10,0.6067463326333625,12.95416023086774,-9.892294946147473,8.604312000596382,9.107889165055694,0.5035771644593119,0.0
ANNX,10,-0.00764323500871701,0.24365980672725185,-0.11109000878821856,0.5563730801296484,0.4177926418194386,-0.13858043831020977,0.0
ANPCF,10,-0.007643235008717121,10.946260084780528,-11.29763860449545,1.200408694529361,4.235852540467878,3.035443845938517,117.69230980844898
ANPCY,10,1.0642626725026436,5.889791538933171,-6.073255335410664,4.853188993986322,6.727212344165134,1.8740233501788124,0.0
ANPDF,10,0.30113569839597215,7.016517102354012,-9.112822623317069,5.56054066945156,9.215828102887896,3.655287433436336,98.6110881005735
ANPDY,10,0.1404439311468279,10.974416743248451,-12.424242424242424,9.549675857062063,8.79618098796181,-0.753494869100253,94.99950354860502
ANPMF,10,-0.00764323500871701,0.24365980672725185,-0.11109000878821856,0.5563730801296484,0.4177926418194386,-0.13858043831020977,0.0
ANRGF,10,-0.00764323500871701,0.24365980672725185,-0.11109000878821856,0.5563730801296484,0.4177926418194386,-0.13858043831020977,0.0
ANRO,10,-0.00764323500871701,0.24365980672725185,-0.11109000878821856,0.5563730801296484,0.4177926418194386,-0.13858043831020977,0.0
ANSC,10,-0.00764323500871701,0.24365980672725185,-0.11109000878821856,0.5563730801296484,0.4177926418194386,-0.13858043831020977,0.0
ANSCU,10,-0.00764323500871701,0.24365980672725185,-0.11109000878821856,0.5563730801296484,0.4177926418194386,-0.13858043831020977,0.0
ANSCW,10,-0.00764323500871701,0.24365980672725185,-0.11109000878821856,0.5563730801296484,0.4177926418194386,-0.13858043831020977,0.0
ANSLF,10,-0.347060347060347,7.3288690476190474,-6.404793123543124,7.9633040570540565,4.315380453494663,-3.647923603559393,43.433735147410566
ANSLY,10,-0.47730047730047725,7.717775849409252,-10.28014239281845,6.958006300349294,9.775341806581379,2.8173355062320846,31.45415406352219
ANSNF,10,-0.00764323500871701,0.24365980672725185,-0.11109000878821856,0.5563730801296484,0.4177926418194386,-0.13858043831020977,0.0
ANSS,10,0.0005225020743332544,4.897421056016462,-11.057692307692308,10.386449969783303,14.467877480679896,4.081427510896592,56.523951011871375
ANSU,10,-0.27813219380143256,14.693409255088598,-13.685410150093354,8.710861437298428,8.858393184715355,0.14753174741692732,-96.07843161312422
ANTCF,10,-0.00764323500871701,0.24365980672725185,-0.11109000878821856,0.5563730801296484,0.4177926418194386,-0.13858043831020977,0.0
ANTE,10,-1.199345426607017,3.867623604465709,-4.772703844964436,11.236378681480373,4.095363181882063,-7.14101549959831,126.00177705699738
ANTGF,10,0.436243348831146,5.68513493052563,-2.4505928853754946,0.5563730801296484,3.719597632641111,3.1632245525114624,0.0
ANTH,10,-0.7391448980234028,3.899647887323944,-7.917974882260596,9.184376482440568,5.5597854805601274,-3.6245910018804404,-98.4853362118372
ANTI,10,-0.00764323500871701,0.24365980672725185,-0.11109000878821856,0.5563730801296484,0.4177926418194386,-0.13858043831020977,0.0
ANTMF,10,0.2728998576174655,5.723905723905721,-12.314814814814813,9.669254907350146,7.771708196704796,-1.8975467106453499,994.8305935810793
ANTVF,10,-0.00764323500871701,0.24365980672725185,-0.11109000878821856,0.5563730801296484,0.4177926418194386,-0.13858043831020977,0.0
ANTX,10,-0.00764323500871701,0.24365980672725185,-0.11109000878821856,0.5563730801296484,0.4177926418194386,-0.13858043831020977,0.0
ANVI,10,-0.00764323500871701,0.24365980672725185,-0.11109000878821856,0.5563730801296484,0.4177926418194386,-0.13858043831020977,0.0
ANVS,10,-0.00764323500871701,0.24365980672725185,-0.11109000878821856,0.5563730801296484,0.4177926418194386,-0.13858043831020977,0.0
ANY,10,-0.09089494383612025,3.0303030303030303,-3.246753246753247,4.793180966654178,5.483405483405484,0.6902245167513064,443.44829460508254
ANYCF,10,-0.00764323500871701,0.24365980672725185,-0.11109000878821856,0.5563730801296484,0.4177926418194386,-0.13858043831020977,0.0
ANYYY,10,-0.00764323500871701,0.24365980672725185,-0.11109000878821856,0.5563730801296484,0.4177926418194386,-0.13858043831020977,0.0
ANZFF,10,-1.3910289334018144,10.316416257010317,-12.938793879387937,10.722033741835721,3.20336400661515,-7.518669735220572,-39.027120446771576
ANZGY,10,0.20547593363127337,7.293371522094928,-10.337892196299276,3.297781398297285,4.154461021413812,0.8566796231165266,5.310801323751056
ANZLY,10,0.30037378361375466,7.9996015142458665,-8.270743919885552,0.5563730801296484,3.8696503052650666,3.313277225135418,0.0
AOAO,10,0.983397190293742,15.11840720228933,-9.00710641703839,7.045769764216367,8.440672050130255,1.3949022859138882,90.9158281112492
AOBI,10,-0.21524772260890096,4.071283685888149,-8.913562434011512,5.568729202657636,6.295221788405429,0.7264925857477929,-45.0
AOCIF,10,-0.01703348069274761,7.767605633802818,-8.886653252850437,4.587994859529505,5.388157999857647,0.8001631403281424,468.8939388030379
AOECF,10,-1.1809401754241333,7.768691588785046,-18.167812461290723,10.104498649974744,0.4177926418194386,-9.686706008155305,-33.05084266322859
AOGC,10,-0.3577259195236724,11.071377991785868,-7.852564102564104,8.860627055721489,5.974124809741248,-2.8865022459802407,11.111105635964224
AOGO,10,-0.00764323500871701,0.24365980672725185,-0.11109000878821856,0.5563730801296484,0.4177926418194386,-0.13858043831020977,0.0
AOGOW,10,-0.00764323500871701,0.24365980672725185,-0.11109000878821856,0.5563730801296484,0.4177926418194386,-0.13858043831020977,0.0
AOHLF,10,-0.00764323500871701,0.24365980672725185,-0.11109000878821856,0.5563730801296484,0.4177926418194386,-0.13858043831020977,0.0
AOIFF,10,0.22140822140822147,8.924895056281917,-7.472527472527472,6.006719962924342,5.45876887340302,-0.5479510895213222,63.49557451667506
AOLS,10,-0.5129331216287739,5.7852221430268465,-9.424395555782418,7.3623544274696995,5.7004170956416145,-1.661937331828085,-27.862943205791463
AOMFF,10,-0.20546163455808733,4.656862745098039,-2.9397068620919384,6.545998636560905,4.289834191092761,-2.256164445468144,-9.580117643640936
AOMN,10,-0.00764323500871701,0.24365980672725185,-0.11109000878821856,0.5563730801296484,0.4177926418194386,-0.13858043831020977,0.0
AOMR,10,-0.00764323500871701,0.24365980672725185,-0.11109000878821856,0.5563730801296484,0.4177926418194386,-0.13858043831020977,0.0
AON,10,0.8035714285714284,7.696715049656225,-9.190077704722057,6.172173414820473,11.290104694360013,5.1179312795395395,51.782535221939575
AONC,10,-0.00764323500871701,0.24365980672725185,-0.11109000878821856,0.5563730801296484,0.4177926418194386,-0.13858043831020977,0.0
AONCW,10,-0.00764323500871701,0.24365980672725185,-0.11109000878821856,0.5563730801296484,0.4177926418194386,-0.13858043831020977,0.0
AONNY,10,0.636336843233395,13.527191628066564,-15.0312268445009,8.888403263403264,11.509522575432934,2.62111931202967,26.90087619836073
AOOO,10,-0.4291788713417014,9.799172740349212,-9.725575811233183,1.8209799891286018,2.157507092175729,0.3365271030471273,3899.999999999499
AOREF,10,0.2632654729784971,14.69520128949566,-9.308582189938122,6.203049061504944,9.021129356150782,2.8180802946458376,-27.75953412245311
AORT,10,-0.0024451372333272265,6.149550108594478,-11.14499311430258,5.076469701464231,7.475225998711745,2.3987562972475143,-6.023040449858498
AOS,10,-1.3893227810753583,8.941589141375628,-13.50192061459667,9.985945233684324,8.44297618603649,-1.5429690476478353,24.78364293371947
AOSL,10,0.22403130127476956,7.854077253218884,-6.042200749359101,7.64891765517352,7.118816354190197,-0.5301013009833229,148.3734755669319
AOTOF,10,-0.04629629629629628,8.350586611456176,-7.0265898291376,8.797223064738988,4.404685494223363,-4.392537570515625,-21.42857218883475
AOTUF,10,-1.299482882076287,11.01763359806165,-10.827277391204731,8.002417948577042,5.096279866867059,-2.906138081709983,15.533989347087232
AOTVF,10,-0.20546163455808733,5.559688538411944,-6.621682045445306,5.421441736426445,5.868968398946855,0.44752666252040996,114.9367098635616
AOUT,10,-0.00764323500871701,0.24365980672725185,-0.11109000878821856,0.5563730801296484,0.4177926418194386,-0.13858043831020977,0.0
AOVTF,10,-1.41007015871909,6.296729562252237,-12.378182506666105,6.890266443842907,0.4177926418194386,-6.472473802023468,1299.9999854480743
AOXG,10,-0.5791197379982428,4.87984667551231,-4.2893187552565175,8.667444827848215,6.645667713779169,-2.021777114069046,-79.16018707871187
AOXY,10,-0.5229955229955231,10.902526234873456,-10.466988727858292,11.013360927260067,4.524487857821192,-6.488873069438875,273.88911879303225
AOZOY,10,-0.44677544677544684,4.535375412541255,-6.404793123543124,7.0321395120281265,4.212611578150576,-2.8195279338775503,-0.515422676986444
AP,10,0.5621758799514509,9.361704117223516,-10.330110617542026,6.273415676980295,5.595361751763966,-0.6780539252163287,26.9312749617076
APA,10,0.16747249667157182,9.434112329166611,-4.770838917180381,5.162660167791327,3.047606908418839,-2.1150532593724884,-0.7477976495158704
APAAF,10,-0.00764323500871701,0.24365980672725185,-0.11109000878821856,0.5563730801296484,0.4177926418194386,-0.13858043831020977,0.0
APAJF,10,-1.1315735625127894,6.126711533998608,-13.8805316995788,6.929103111287989,7.528280405978248,0.5991772946902589,-21.5605723764339
APAM,10,-0.4155712374890457,3.6208757685267754,-2.5786713286713283,5.407930238333345,3.7250010624623626,-1.6829291758709828,87.42611842359555
APCFF,10,-0.09512419131821442,5.87115201523326,-6.176305446378438,6.5092055228994985,5.184723068303865,-1.3244824545956337,0.0
APCOF,10,0.5678853551103616,8.633705336700118,-10.962369558342996,6.317137046158813,5.621094706522089,-0.6960423396367243,155.5621664746033
APCX,10,-0.460667043140476,7.548185690528654,-4.343945765039045,9.235756428638235,4.297102863341744,-4.938653565296491,621.4285584736847
APCXW,10,-0.00764323500871701,0.24365980672725185,-0.11109000878821856,0.5563730801296484,0.4177926418194386,-0.13858043831020977,0.0
APD,10,-0.05097782875560656,9.761904761904763,-6.970199507512941,9.337778492007347,9.297924297924299,-0.039854194083048355,22.20373720800442
APDN,10,0.3708198489751888,15.837378640776699,-13.486842105263158,8.975259751320047,4.228164731896075,-4.7470950194239725,-41.542792964626
APEI,10,-0.4320987654320986,7.995787995787997,-7.247929043594679,6.571742101836402,3.9818500499615053,-2.5898920518748967,18.48096951154169
APELY,10,-1.0035133948177426,4.132046565201346,-5.908264295817336,9.961959816212321,4.468272529400687,-5.493687286811634,-46.12006031061943
APEMY,10,-1.6600000782004514,8.827042522694697,-13.589959164064378,10.73320346080375,2.8470216065496428,-7.886181854254108,118.01342007969632
APEOF,10,-0.2153948906328268,8.69821861494677,-11.882978436293957,5.988762994092943,6.235921502999875,0.24715850890693147,-25.92592653914242
APETF,10,-0.00764323500871701,0.24365980672725185,-0.11109000878821856,0.5563730801296484,0.4177926418194386,-0.13858043831020977,0.0
APEUF,10,-0.00764323500871701,0.24365980672725185,-0.11109000878821856,0.5563730801296484,0.4177926418194386,-0.13858043831020977,0.0
APG,10,-0.00764323500871701,0.24365980672725185,-0.11109000878821856,0.5563730801296484,0.4177926418194386,-0.13858043831020977,0.0
APGE,10,-0.00764323500871701,0.24365980672725185,-0.11109000878821856,0.5563730801296484,0.4177926418194386,-0.13858043831020977,0.0
APGI,10,0.01978454808643478,14.599056603773585,-6.851119894598156,12.411063651076558,7.517127357911193,-4.893936293165366,98.54014168828778
APGMF,10,0.08423205932343603,2.9712191311662552,-2.7843261554309713,4.810625530323059,4.3813999917441455,-0.42922553857891366,60.42806911520963
APGOF,10,-0.00764323500871701,0.24365980672725185,-0.11109000878821856,0.5563730801296484,0.4177926418194386,-0.13858043831020977,0.0
APH,10,-1.0596648247037492,12.208216619981325,-13.863819861846236,5.357510536018843,11.287315500345649,5.929804964326806,49.603671730453534
APHD,10,-0.1139937106918239,6.765327695560254,-6.905187835420394,6.911551267822079,5.640771265771266,-1.270780002050813,800.2777973884422
APHP,10,-0.39351851851851866,7.237928689400564,-10.307692307692307,12.303854875283447,6.194035590530781,-6.109819284752666,212.51999679942952
API,10,-0.00764323500871701,0.24365980672725185,-0.11109000878821856,0.5563730801296484,0.4177926418194386,-0.13858043831020977,0.0
APLD,10,-0.00764323500871701,0.24365980672725185,-0.11109000878821856,0.5563730801296484,0.4177926418194386,-0.13858043831020977,0.0
APLE,10,0.37086250541826554,27.7660472972973,-23.606004901960784,5.369303485760042,5.801529419311739,0.43222593355169625,0.0
APLIF,10,-0.00764323500871701,0.24365980672725185,-0.11109000878821856,0.5563730801296484,0.4177926418194386,-0.13858043831020977,0.0
APLM,10,-0.00764323500871701,0.24365980672725185,-0.11109000878821856,0.5563730801296484,0.4177926418194386,-0.13858043831020977,0.0
APLMW,10,-0.00764323500871701,0.24365980672725185,-0.11109000878821856,0.5563730801296484,0.4177926418194386,-0.13858043831020977,0.0
APLO,10,0.30462508593509224,11.799273687685703,-8.834920967235423,9.186932168583546,6.060681106132208,-3.126251062451338,3.6013829115260507
APLS,10,1.3817229899629608,16.1247890530442,-13.694366635543105,0.5563730801296484,9.059582855995037,8.50320977586539,0.0
APLT,10,1.6772894924260153,15.11840720228933,-0.11109000878821856,0.5563730801296484,5.472590824123635,4.916217743993987,0.0
APLUF,10,-0.00764323500871701,0.24365980672725185,-0.11109000878821856,0.5563730801296484,0.4177926418194386,-0.13858043831020977,0.0
APM,10,1.0310951766485807,4.761460978697296,-0.11109000878821856,0.5563730801296484,5.155449116029939,4.599076035900291,0.0
APMCF,10,-0.7263182185300566,4.439746300211416,-9.916786146017824,10.190856620980508,3.5208392378182776,-6.6700173831622305,37.5838046317002
APMLF,10,-0.00764323500871701,0.24365980672725185,-0.11109000878821856,0.5563730801296484,0.4177926418194386,-0.13858043831020977,0.0
APMRF,10,0.39319556579197257,6.227272727272728,-3.4080250130276175,0.5563730801296484,6.580010681835522,6.0236376017058735,0.0
APMSF,10,-0.13117283950617273,9.041666666666666,-10.33974358974359,8.206196581196581,1.7816585125016686,-6.424538068694912,71.98715107685636
APNHY,10,-0.6755346896191965,4.364622719053099,-5.735930735930735,5.964253749063875,2.1331479578472266,-3.8311057912166486,145.9190875374194
APO,10,1.2220813076868882,9.489959839357432,-10.964798092601981,3.581302585009547,9.607764390896923,6.026461805887376,53.47838919796989
APOG,10,-0.5322455322455322,3.6575549760133943,-6.131673204843937,5.993774759752788,5.463118580765641,-0.5306561789871473,1.8100037468696084
APOS,10,-0.00764323500871701,0.24365980672725185,-0.11109000878821856,0.5563730801296484,0.4177926418194386,-0.13858043831020977,0.0
APP,10,-0.00764323500871701,0.24365980672725185,-0.11109000878821856,0.5563730801296484,0.4177926418194386,-0.13858043831020977,0.0
APPB,10,0.19897260367275166,10.985189682689745,-6.462648504074142,4.245805712857623,6.034938820358955,1.789133107501332,0.0
APPCF,10,0.7107273189672899,10.243188184364655,-6.765385885720577,0.5563730801296484,6.137318327829817,5.580945247700169,0.0
APPEF,10,0.6397932592691855,8.81398455270928,-2.1235521235521233,0.5563730801296484,7.529680563388428,6.97330748325878,0.0
APPF,10,1.1741527823927536,17.078364052523792,-13.440959409594097,7.326892179294037,13.17991187556405,5.853019696270013,0.0
APPIF,10,-0.00764323500871701,0.24365980672725185,-0.11109000878821856,0.5563730801296484,0.4177926418194386,-0.13858043831020977,0.0
APPM,10,-0.00764323500871701,0.24365980672725185,-0.11109000878821856,0.5563730801296484,0.4177926418194386,-0.13858043831020977,0.0
APPN,10,1.3124896228572536,12.281672272778822,-5.0266996463163744,0.5563730801296484,9.517244623627603,8.960871543497955,0.0
APPS,10,0.569267414754284,10.501089324618738,-6.232083476665521,6.861737414262168,10.077357835243598,3.2156204209814296,946.2920421593676
APPTF,10,-0.00764323500871701,0.24365980672725185,-0.11109000878821856,0.5563730801296484,0.4177926418194386,-0.13858043831020977,0.0
APPZ,10,-0.8616956973011505,9.621176097638294,-8.957762543419914,5.544045189354114,0.4177926418194386,-5.126252547534675,0.0
APQT,10,1.0310951766485805,10.845820814456909,-1.6460251931830214,0.5563730801296484,7.183569061283144,6.627195981153496,0.0
APRAF,10,-0.19675356615838682,4.377595193921724,-5.087563733096873,10.17013958555061,7.681725377160647,-2.4884142083899627,-35.51630434870637
APRE,10,0.16682677506674615,1.5242427460559076,-0.11109000878821856,0.5563730801296484,0.9412026720458281,0.3848295919161797,0.0
APRO,10,0.7564095515604671,13.323643410852714,-7.99731182795699,11.643014920396766,11.333483939866918,-0.30953098052984807,-93.54838668489964
APRU,10,0.29507529507529523,8.418131359851989,-6.836384439359268,11.325125061650107,7.9128055428877,-3.4123195187624074,-57.9173690260116
APSI,10,-1.3768449862455139,3.2610107834221123,-6.571925406248127,9.882220849160477,2.465106857293985,-7.417113991866492,7012.149173890447
APT,10,0.1798097081115947,6.228070175438596,-9.953627932351338,5.127987749978641,6.9203683640303355,1.7923806140516945,79.30657697597971
APTCF,10,-0.060606060606060747,4.904561630540279,-4.4313362258080256,4.437306617648929,3.680395044100367,-0.7569115735485616,359.84105192500795
APTL,10,1.4857186111999614,18.328364052523792,-15.777636411214278,9.471777808822601,10.122802737844056,0.6510249290214549,-9.288001505533847
APTO,10,0.8299930522152743,9.357142857142856,-9.24505724619945,7.428495244981062,7.879565418400369,0.451070173419307,14.042980102384764
APTPF,10,1.0642626725026434,7.295173961840629,-2.938475665748392,0.5563730801296484,9.132061354283577,8.57568827415393,-35.00000298023213
APTV,10,-0.6645898234683283,7.149122807017543,-8.138704248544066,6.733868480305975,7.060624012638232,0.32675553233225685,74.69731566776679
APTY,10,-0.007643235008716924,6.50028545795612,-4.457865976416451,2.478712683628672,4.505990393910876,2.027277710282204,0.0
APVNF,10,0.508707116947088,8.76471235036972,-4.266409266409266,0.5563730801296484,4.92270206081627,4.366328980686622,0.0
APVO,10,0.6397932592691854,4.54601758949585,-3.7078170056893462,0.5563730801296484,5.524840792591211,4.968467712461562,0.0
APVS,10,-0.9821140778455324,4.760393122888995,-6.305768181348907,12.46612333640414,4.488786067733436,-7.977337268670704,-58.67768563236224
APWC,10,-0.6772089698918968,8.702495421245422,-5.845352564102566,8.234699328449329,5.310540226831944,-2.924159101617385,129.16358271825328
APWL,10,-0.007643235008717029,9.799172740349212,-9.868448679056769,0.5563730801296484,3.425163511076098,2.8687904309464494,0.0
APXI,10,-0.00764323500871701,0.24365980672725185,-0.11109000878821856,0.5563730801296484,0.4177926418194386,-0.13858043831020977,0.0
APXIW,10,-0.00764323500871701,0.24365980672725185,-0.11109000878821856,0.5563730801296484,0.4177926418194386,-0.13858043831020977,0.0
APXYY,10,-0.00764323500871701,0.24365980672725185,-0.11109000878821856,0.5563730801296484,0.4177926418194386,-0.13858043831020977,0.0
APYI,10,-1.6203703703703707,9.892294946147473,-11.178160919540232,12.803099275444787,9.302333609500138,-3.500765665944648,-45.717077801305045
APYP,10,0.23408690075356742,4.623992101365804,-3.7815533980582514,5.671901949670585,5.036852575687527,-0.6350493739830583,0.0
APYRF,10,0.20254629629629647,5.6949806949806945,-6.412243316543975,5.1016238496251285,7.6646959459459465,2.563072096320818,-20.92778203500704
APYX,10,1.3081651115270339,5.857093782205428,-0.11109000878821856,0.5563730801296484,6.344949012091047,5.7885759319613985,0.0
AQB,10,1.3817229899629608,9.999999999999998,-12.237196765498652,0.5563730801296484,10.269541778975741,9.713168698846093,0.0
AQBN,10,-0.00764323500871701,0.24365980672725185,-0.11109000878821856,0.5563730801296484,0.4177926418194386,-0.13858043831020977,0.0
AQFD,10,-0.00764323500871701,0.24365980672725185,-0.11109000878821856,0.5563730801296484,0.4177926418194386,-0.13858043831020977,0.0
AQMS,10,0.37086250541826593,8.962068761465176,-8.974255832662912,5.163524979316339,6.719140425747369,1.5556154464310303,0.0
AQN,10,0.09405037337998252,7.693115470239846,-9.684991670452824,7.956825094274133,7.634740051676246,-0.3220850425978865,7.589025521818134
AQNB,10,1.5160955795785176,13.66766198666185,-0.11109000878821856,0.5563730801296484,4.989009085581142,4.432636005451494,0.0
AQPW,10,-0.4199004199004201,9.736381733727452,-7.321481107888875,8.621356279140292,9.172650434786357,0.5512941556460653,-49.472914187178006
AQQRF,10,1.3817229899629608,6.253369272237196,-0.15298317185109678,0.5563730801296484,8.739224399601758,8.18285131947211,0.0
AQQSQ,10,1.0945599432455329,13.66766198666185,-7.313536712678344,6.345646274229298,5.537084362494999,-0.8085619117342997,400.0
AQST,10,0.43415204239201355,8.058213584172355,-2.7328605200945626,0.5563730801296484,6.205806801551482,5.6494337214218335,0.0
AQSZF,10,0.8471490071131161,12.369061726942398,-6.454064011052269,6.516322428420383,6.5420871881132605,0.02576475969287717,0.0
AQU,10,-0.00764323500871701,0.24365980672725185,-0.11109000878821856,0.5563730801296484,0.4177926418194386,-0.13858043831020977,0.0
AQUEF,10,-0.00764323500871701,0.24365980672725185,-0.11109000878821856,0.5563730801296484,0.4177926418194386,-0.13858043831020977,0.0
AQUI,10,0.4216407094104937,8.876811594202898,-11.998303083960455,8.503782093141226,5.177037315151526,-3.3267447779897,168.33632176250205
AR,10,0.13283099067767956,16.103896103896105,-14.166666666666668,4.38001830637194,3.7061819839138566,-0.6738363224580834,645.171116279607
ARAAF,10,-0.00764323500871701,0.24365980672725185,-0.11109000878821856,0.5563730801296484,0.4177926418194386,-0.13858043831020977,0.0
ARACX,10,-0.00764323500871701,0.24365980672725185,-0.11109000878821856,0.5563730801296484,0.4177926418194386,-0.13858043831020977,0.0
ARAFF,10,0.6067463326333625,7.2554963250044615,-5.328566564521621,3.002574593629196,5.2351005093900005,2.2325259157608044,153.96825881141328
ARAO,10,-1.2187195320116997,6.604084321475627,-14.197028970536293,8.68733517906919,7.4153297682709445,-1.2720054107982461,369.6604180724845
ARAT,10,-0.46162104133118614,4.982793793401884,-12.378182506666105,6.040179573651792,6.724511027881814,0.6843314542300218,11840.000165154555
ARAY,10,-0.7263182185300566,4.193628670980587,-7.710280373831777,6.862990037321489,4.485094850948509,-2.37789518637298,44.14678723839599
ARBB,10,-0.00764323500871701,0.24365980672725185,-0.11109000878821856,0.5563730801296484,0.4177926418194386,-0.13858043831020977,0.0
ARBE,10,-0.00764323500871701,0.24365980672725185,-0.11109000878821856,0.5563730801296484,0.4177926418194386,-0.13858043831020977,0.0
ARBEW,10,-0.00764323500871701,0.24365980672725185,-0.11109000878821856,0.5563730801296484,0.4177926418194386,-0.13858043831020977,0.0
ARBH,10,-0.00764323500871701,0.24365980672725185,-0.11109000878821856,0.5563730801296484,0.4177926418194386,-0.13858043831020977,0.0
ARBK,10,-0.00764323500871701,0.24365980672725185,-0.11109000878821856,0.5563730801296484,0.4177926418194386,-0.13858043831020977,0.0
ARBKF,10,-0.00764323500871701,0.24365980672725185,-0.11109000878821856,0.5563730801296484,0.4177926418194386,-0.13858043831020977,0.0
ARBTF,10,-0.5745203034359663,6.899764004471496,-10.684642932378344,14.730414530814784,10.10263004717475,-4.627784483640033,18.90494094311227
ARBU,10,-0.20002580978190743,8.350586611456176,-5.967643467643467,6.826482698943994,5.552400314089945,-1.274082384854049,0.0
ARBV,10,0.7702513075647404,14.73076923076923,-10.942622950819672,8.942202606137032,4.637921503593145,-4.304281102543887,6.563507415911987
ARC,10,-0.5524688451517719,11.169230525373088,-9.20404242879813,8.534457565580512,5.304501245666764,-3.2299563199137475,118.02326147542774
ARCAY,10,-1.1224847190681175,11.169384729429208,-13.687811697651599,8.113589612611673,9.042792434295798,0.9292028216841253,149.89858360210962
ARCB,10,0.35672514619883017,10.946830890336592,-8.425074561222669,7.905888074556642,6.300944669365722,-1.6049434051909195,175.7148053085781
ARCC,10,0.34279863916310127,12.330316742081447,-7.927873296711137,6.189107143133829,13.910776151348607,7.721669008214778,11.279253571998172
ARCH,10,0.16890129170436957,6.488519531997792,-5.404040404040403,0.5563730801296484,4.671940548963202,4.115567468833554,0.0
ARCNF,10,-0.00764323500871701,0.24365980672725185,-0.11109000878821856,0.5563730801296484,0.4177926418194386,-0.13858043831020977,0.0
ARCO,10,0.781816503843162,3.5766086497890295,-4.373580006491398,4.212506106333408,6.533820304498718,2.32131419816531,-30.66811302747937
ARCS,10,-0.6191157507992866,29.57957957957958,-25.760135135135137,6.547700114422589,15.57417483855537,9.026474724132783,-70.58823705645689
ARCT,10,0.2461743180306053,6.673400187576652,-10.3987907348953,8.767101017810552,8.556102486431907,-0.21099853137864422,333.6597164657368
ARCUF,10,0.08086548220890154,4.127932713590084,-3.480204342273308,0.5563730801296484,2.0935839443418325,1.537210864212184,0.0
ARCVF,10,-0.8489224903880329,3.9035772904348516,-14.197028970536293,8.68733517906919,6.1354688960468104,-2.55186628302238,141.9245558256441
ARCXF,10,-0.3006967363403008,7.002555340044948,-8.539773839765449,6.593865938659388,7.274214750909788,0.6803488122504007,66.66667287548402
ARDDF,10,-0.00764323500871701,0.24365980672725185,-0.11109000878821856,0.5563730801296484,0.4177926418194386,-0.13858043831020977,0.0
ARDNF,10,-0.00764323500871701,0.24365980672725185,-0.11109000878821856,0.5563730801296484,0.4177926418194386,-0.13858043831020977,0.0
ARDS,10,0.22749998388810314,1.6934980330811298,-0.11109000878821856,0.5563730801296484,2.287416520162069,1.7310434400324204,0.0
ARDT,10,-0.00764323500871701,0.24365980672725185,-0.11109000878821856,0.5563730801296484,0.4177926418194386,-0.13858043831020977,0.0
ARDX,10,-0.31617707341938206,10.974416743248451,-8.853239754355183,8.580654585186975,3.901065449010654,-4.679589136176322,-73.07692343719802
ARE,10,-0.6031295093795095,8.08234019501625,-11.359063471739528,10.174684470459118,11.207735193210546,1.0330507227514278,22.84981646024696
AREB,10,-0.00764323500871701,0.24365980672725185,-0.11109000878821856,0.5563730801296484,0.4177926418194386,-0.13858043831020977,0.0
AREBW,10,-0.00764323500871701,0.24365980672725185,-0.11109000878821856,0.5563730801296484,0.4177926418194386,-0.13858043831020977,0.0
AREC,10,0.3015836171406614,6.5928270042194095,-10.710200346439194,0.5563730801296484,6.458680921744015,5.902307841614366,0.0
AREN,10,0.5263157894736843,8.89039445950015,-4.508240297713983,8.06501547987616,8.60032118839707,0.5353057085209088,-46.51474574451312
ARES,10,-0.3655610128058489,9.267139479905438,-6.994979679655749,5.123481385303696,6.068655315607264,0.945173930303568,165.92974332055374
ARESF,10,0.6695730419259068,8.59537110933759,-4.7186147186147185,3.0154466409239973,7.295138133126961,4.279691492202963,-2.9192442087401
ARET,10,-0.3829611941965844,5.847399072154772,-6.519747557003258,9.211203267773213,5.991212199534764,-3.219991068238449,-99.3442622989928
AREVF,10,0.2828581225520996,2.5685248734240886,-0.11109000878821856,0.5563730801296484,1.2892967145018883,0.73292363437224,0.0
ARGGY,10,0.2828581225520996,2.5685248734240886,-0.11109000878821856,0.5563730801296484,1.2892967145018883,0.73292363437224,0.0
ARGHF,10,-0.00764323500871701,0.24365980672725185,-0.11109000878821856,0.5563730801296484,0.4177926418194386,-0.13858043831020977,0.0
ARGNF,10,-0.007643235008717226,14.768237470245312,-15.822385292145025,7.316047676188021,0.4853021205104821,-6.830745555677539,0.0
ARGQ,10,-0.9553805774278215,7.834659287443792,-12.400793650793652,12.565877182018914,3.330501527684626,-9.235375654334288,81.26983897262507
ARGTF,10,0.16682677506674615,1.5242427460559076,-0.11109000878821856,0.5563730801296484,0.9412026720458281,0.3848295919161797,0.0
ARGX,10,0.9894209914433458,6.388711424682647,-6.186629643653498,0.5563730801296484,7.156843992867401,6.6004709127377525,0.0
ARGYF,10,0.30037378361375466,9.709724238026125,-10.096610706366803,4.980261219462988,8.27437106918239,3.294109849719402,0.0
ARHLF,10,-0.00764323500871701,0.24365980672725185,-0.11109000878821856,0.5563730801296484,0.4177926418194386,-0.13858043831020977,0.0
ARHN,10,-0.7580945266405208,12.95066413662239,-9.572697003329633,9.219599844599845,8.582534407862019,-0.6370654367378261,0.0
ARHOF,10,1.3081651115270339,11.796287774198497,-9.868448679056769,0.5563730801296484,4.365217681426691,3.808844601297043,0.0
ARHS,10,-0.00764323500871701,0.24365980672725185,-0.11109000878821856,0.5563730801296484,0.4177926418194386,-0.13858043831020977,0.0
ARHTF,10,-0.023939630497007574,3.8401194229919726,-5.3028479743281185,5.303924228372939,5.0033670033670035,-0.3005572250059352,0.0
ARHUF,10,0.929638539903175,12.073643410852714,-16.917812461290723,7.8361813759521874,8.711256683998668,0.8750753080464806,-3.350513563461196
ARHVF,10,0.17330817330817286,52.672992362878965,-59.07495354119348,11.950492775411343,4.044084928812084,-7.906407846599259,41.22340882761141
ARI,10,0.16311870616506358,11.525307797537618,-14.08587825374052,6.769468155606769,9.84178035614181,3.0723122005350403,-19.03182841946974
ARIS,10,-0.00764323500871701,0.24365980672725185,-0.11109000878821856,0.5563730801296484,0.4177926418194386,-0.13858043831020977,0.0
ARIZF,10,0.9743801243131901,11.634071208539293,-12.44611319705187,8.994548460547627,11.169023128626248,2.1744746680786218,-17.142326545960884
ARKAF,10,-1.032521021599783,11.900697111964718,-15.555555555555555,12.004067399619132,5.556416881998277,-6.447650517620855,26.35451478744319
ARKAY,10,-1.4295338085475324,8.761506276150628,-15.321637426900585,8.7387565197199,3.7519524217479296,-4.986804097971969,28.56748764488441
ARKO,10,1.204071355357684,10.859443968674348,-0.11109000878821856,0.5563730801296484,4.052936412918641,3.496563332788993,0.0
ARKOW,10,-0.00764323500871701,0.24365980672725185,-0.11109000878821856,0.5563730801296484,0.4177926418194386,-0.13858043831020977,0.0
ARKR,10,-0.6031295093795094,8.166200248756219,-8.394873100755454,9.70353057714735,5.480259426283713,-4.223271150863636,-24.1049427690356
ARKVX,10,-0.00764323500871701,0.24365980672725185,-0.11109000878821856,0.5563730801296484,0.4177926418194386,-0.13858043831020977,0.0
ARL,10,0.0841750841750842,7.854864433811802,-8.115796519410978,10.87024867145349,6.239520713204924,-4.630727958248566,-15.866796798947156
ARLO,10,0.47128627641743914,1.7316163440279486,-0.11109000878821856,0.5563730801296484,3.246910424406496,2.6905373442768474,0.0
ARLP,10,-0.15174688858899374,11.696264543784448,-13.126798969853054,8.264595339513907,6.237164136924142,-2.0274312025897645,-16.86469561132195
ARLSD,10,-0.00764323500871701,0.24365980672725185,-0.11109000878821856,0.5563730801296484,0.4177926418194386,-0.13858043831020977,0.0
ARLSF,10,-0.00764323500871701,0.24365980672725185,-0.11109000878821856,0.5563730801296484,0.4177926418194386,-0.13858043831020977,0.0
ARLTF,10,-0.00764323500871701,0.24365980672725185,-0.11109000878821856,0.5563730801296484,0.4177926418194386,-0.13858043831020977,0.0
ARLUF,10,-0.657860657860658,7.7280006570032445,-10.701367925811098,9.58870582325598,5.521435858386173,-4.067269964869807,55.94418409530122
ARM,10,-0.00764323500871701,0.24365980672725185,-0.11109000878821856,0.5563730801296484,0.4177926418194386,-0.13858043831020977,0.0
ARMC,10,-0.6184562207351141,10.293608355385581,-14.11133654820204,8.800277388732667,8.019730927558632,-0.7805464611740351,-32.02416898843865
ARMK,10,0.9479585006693443,10.656626506024098,-5.349840981372104,7.021975371694473,8.449644732777264,1.427669361082791,-20.649966624299072
ARMM,10,-0.00764323500871701,0.24365980672725185,-0.11109000878821856,0.5563730801296484,0.4177926418194386,-0.13858043831020977,0.0
ARMN,10,0.8034188034188035,11.169230525373088,-15.705521472392638,6.754831785954733,7.685788375181835,0.9309565892271028,2.754094002762474
ARMP,10,-0.8115942028985508,4.74308300395257,-7.918931159420291,6.338895856558899,4.643274853801169,-1.69562100275773,-13.82410283686016
ARMV,10,-0.00764323500871701,0.24365980672725185,-0.11109000878821856,0.5563730801296484,0.4177926418194386,-0.13858043831020977,0.0
ARNI,10,0.03261122757978106,6.958417169684776,-6.770447244872746,5.403328153760307,4.409742304479146,-0.9935858492811604,33.75796107499784
AROC,10,-0.02825877825877828,11.678447798257782,-10.486645193803545,6.554872914773388,5.481142358840201,-1.073730555933187,-14.35124018291883
AROW,10,-0.4700854700854702,11.576691380908247,-10.52727037180982,8.060897435897436,4.904636906714999,-3.156260529182437,3.194775564983679
ARPC,10,1.0679079956188393,10.813161460431393,-8.421240836760235,6.641439318408412,9.754932477989914,3.1134931595815027,-97.02005735751436
ARPRF,10,-0.00764323500871701,0.24365980672725185,-0.11109000878821856,0.5563730801296484,0.4177926418194386,-0.13858043831020977,0.0
ARPTF,10,1.4857186111999614,13.394269271254846,-0.11109000878821856,0.5563730801296484,4.897878180445474,4.341505100315826,0.0
ARQ,10,0.7825357190246995,8.130775411811973,-7.599765258215964,6.151034105097558,7.780529606851778,1.6294955017542199,-54.42658136100492
ARQQ,10,-0.00764323500871701,0.24365980672725185,-0.11109000878821856,0.5563730801296484,0.4177926418194386,-0.13858043831020977,0.0
ARQQW,10,-0.00764323500871701,0.24365980672725185,-0.11109000878821856,0.5563730801296484,0.4177926418194386,-0.13858043831020977,0.0
ARQT,10,-0.00764323500871701,0.24365980672725185,-0.11109000878821856,0.5563730801296484,0.4177926418194386,-0.13858043831020977,0.0
ARR,10,-0.31941846540581736,9.486140587819152,-9.84566402244887,6.06153307816636,4.131734330099909,-1.9297987480664514,-35.386258220973666
ARREF,10,-0.02749392842413951,7.438205675923101,-6.324110671936759,3.701914732805196,4.860427523644085,1.158512790838889,80.28418869570402
ARRJF,10,1.3817229899629608,6.641160226817597,-0.11109000878821856,0.5563730801296484,6.833898972013181,6.277525891883532,0.0
ARRKF,10,-0.00764323500871701,0.24365980672725185,-0.11109000878821856,0.5563730801296484,0.4177926418194386,-0.13858043831020977,0.0
ARRNF,10,-0.007643235008716979,7.290486101094191,-5.483518764155455,0.5563730801296484,2.2113446501984133,1.6549715700687648,0.0
ARRPY,10,-0.007643235008716924,10.186413702904145,-5.424930945380023,0.5563730801296484,4.284437895268595,3.7280648151389464,0.0
ARRRF,10,-0.00764323500871701,0.24365980672725185,-0.11109000878821856,0.5563730801296484,0.4177926418194386,-0.13858043831020977,0.0
ARRT,10,0.19897260367275174,5.21424195296668,-5.2678324896456505,0.5563730801296484,2.7592967414062186,2.20292366127657,0.0
ARRXF,10,0.08086548220890157,0.7505911103353062,-0.11109000878821856,0.5563730801296484,0.6833187934722943,0.12694571334264593,0.0
ARRY,10,-0.00764323500871701,0.24365980672725185,-0.11109000878821856,0.5563730801296484,0.4177926418194386,-0.13858043831020977,0.0
ARSC,10,-0.5229955229955229,9.394409937888199,-6.634146341463414,9.280681378242354,5.124301769971061,-4.156379608271293,-36.666667713596496
ARSEF,10,0.2411923275232629,11.217522797048986,-6.859903381642512,7.985994201039058,5.383499317925548,-2.6024948831135104,0.0
ARSLF,10,0.06895552658264517,5.473356324396484,-4.2490774907749085,4.6727694200018925,6.019642999090276,1.346873579088383,-19.564088829036766
ARSMF,10,-0.007643235008716924,5.153733964342054,-6.212809733258812,0.5563730801296484,4.195056688240329,3.6386836081106804,0.0
ARSRF,10,-0.007643235008716954,8.437420304427977,-8.539773839765449,0.5563730801296484,0.4177926418194386,-0.13858043831020977,0.0
ARSSF,10,-0.00764323500871701,0.24365980672725185,-0.11109000878821856,0.5563730801296484,0.4177926418194386,-0.13858043831020977,0.0
ARSUF,10,0.08086548220890163,12.281672272778822,-5.357783211083945,0.5563730801296484,5.280180610591201,4.723807530461553,0.0
ARTGF,10,-0.00764323500871701,0.24365980672725185,-0.11109000878821856,0.5563730801296484,0.4177926418194386,-0.13858043831020977,0.0
ARTH,10,-0.31823461091753774,7.375796178343949,-6.732394366197182,12.45859872611465,6.80574576331342,-5.652852962801229,-28.40757904268528
ARTL,10,0.2828581225520996,2.5685248734240886,-0.11109000878821856,0.5563730801296484,1.2892967145018883,0.73292363437224,0.0
ARTM,10,-0.6186905573408641,1.9502285424073134,-3.5796387520525457,7.823434391979387,6.293679811062224,-1.5297545809171638,129.1580672462256
ARTNA,10,0.5321250145230626,15.592105263157894,-12.652439024390244,9.33515190415062,7.131121500671039,-2.2040304034795817,3.614033893374148
ARTNB,10,-0.34662867996201335,6.680526680526681,-8.861471404970299,11.4519183906939,6.153056876340745,-5.298861514353154,7.062152356747475
ARTR,10,0.5449127288207747,5.747126436781608,-4.869905595210685,9.866792880838473,9.748829289059174,-0.11796359177929894,-85.07462704396288
ARTTF,10,0.7929448430452792,11.124261559768126,-7.757941716986085,0.5563730801296484,4.801019773659992,4.244646693530344,0.0
ARTV,10,-0.00764323500871701,0.24365980672725185,-0.11109000878821856,0.5563730801296484,0.4177926418194386,-0.13858043831020977,0.0
ARTW,10,0.5863051380292761,5.038496376811596,-2.5205959684487294,4.8595201597918996,5.842482812708845,0.9829626529169451,79.03711212972281
ARTZF,10,-0.24734468208933505,15.002228045706307,-14.478053425146145,6.339318642908346,1.6198927843761626,-4.719425858532183,205.71428026471816
ARUXF,10,-0.346802078054599,7.9712002412545235,-7.2766185125735685,7.02107696549001,5.47807099009288,-1.5430059753971292,-30.769225478877537
ARVLF,10,-0.00764323500871701,0.24365980672725185,-0.11109000878821856,0.5563730801296484,0.4177926418194386,-0.13858043831020977,0.0
ARVN,10,0.9894209914433458,4.851330203442879,-0.11109000878821856,0.5563730801296484,5.195401926044851,4.6390288459152025,0.0
ARVY,10,0.704261032578406,8.011562461290723,-4.834562933154482,3.0931907217465806,11.026556545364926,7.933365823618345,-65.06171645351002
ARW,10,-0.9676201264986312,4.057270075234147,-6.993681993681992,9.051432981822709,6.196806196806197,-2.854626785016512,50.5185070660234
ARWD,10,-0.054167714718173464,5.909090909090908,-7.018513401492125,7.810410792062169,7.540322167981742,-0.2700886240804268,-80.85208349982234
ARWR,10,-0.3765881814662302,6.508238620914678,-8.52559205500382,11.119174942704355,12.412059701650909,1.2928847589465544,62.17801705459725
ARWYF,10,-0.00764323500871701,0.24365980672725185,-0.11109000878821856,0.5563730801296484,0.4177926418194386,-0.13858043831020977,0.0
ARXRF,10,0.6395445195129325,11.723553105787577,-12.162743531436298,5.855483259021415,8.690637575113657,2.8351543160922414,34.736846955364456
ARYC,10,-0.054167714718173464,13.71069182389937,-10.733590733590734,7.485234405504708,7.618224284890952,0.13298987938624407,-99.66045296370524
ARYMF,10,0.9700299907640901,11.306535231712033,-5.991423874171624,6.021161109755412,7.137498350208347,1.1163372404529346,782.3529435100564
ARYX,10,-0.11745725169192106,5.817152103559871,-7.8910869406526025,6.634279594007157,7.081072422155714,0.44679282814855714,27.77778115525684
ARZGF,10,0.09860509860509856,7.894616892292265,-5.303776683087028,7.328412644220087,8.923330115043502,1.5949174708234146,7.0594273636805145
ARZGY,10,-0.12253335038145134,9.577464788732396,-11.06060606060606,4.456899224964176,6.453976383553848,1.997077158589672,7.709162198059721
ARZTF,10,0.3193858415377403,4.373550064614571,-3.1848417657730286,5.824603755380532,4.565259934613437,-1.2593438207670955,99.15493371585524
ARZTY,10,0.38675213675213677,4.1589517162797325,-4.617768595041322,5.69922467031141,5.215354981992015,-0.4838696883193947,59.027784202179
AS,10,-0.00764323500871701,0.24365980672725185,-0.11109000878821856,0.5563730801296484,0.4177926418194386,-0.13858043831020977,0.0
ASA,10,-0.22757697456492643,7.182940516273848,-6.600721953963715,8.908810939658066,8.75794986906098,-0.1508610705970863,56.13561878371278
ASAAF,10,-0.00764323500871701,0.24365980672725185,-0.11109000878821856,0.5563730801296484,0.4177926418194386,-0.13858043831020977,0.0
ASAGF,10,-0.12140915755373587,3.2935090528390205,-2.8936466272413903,5.013003471127512,4.361947712885381,-0.6510557582421317,59.09089554439946
ASAI,10,-0.00764323500871701,0.24365980672725185,-0.11109000878821856,0.5563730801296484,0.4177926418194386,-0.13858043831020977,0.0
ASAN,10,-0.00764323500871701,0.24365980672725185,-0.11109000878821856,0.5563730801296484,0.4177926418194386,-0.13858043831020977,0.0
ASAPF,10,0.3293725244944756,5.5801005747126435,-5.845352564102566,7.193901046271736,9.93055358682219,2.7366525405504545,25.71933587440465
ASAPQ,10,0.16890129170436965,8.167812461290723,-5.201109570041608,0.5563730801296484,6.526143958722167,5.969770878592518,0.0
ASASF,10,-0.04077771253343757,6.287083289861276,-5.4453441295546545,2.753156420597509,4.851551956815114,2.098395536217605,-21.42857218883475
ASAV,10,-0.00764323500871701,0.24365980672725185,-0.11109000878821856,0.5563730801296484,0.4177926418194386,-0.13858043831020977,0.0
ASAZF,10,-0.4794046382831429,10.724142836818894,-9.107981220657276,7.072889454572445,9.16393986816522,2.091050413592776,27.23280387817561
ASAZY,10,-0.4794046382831429,11.549295774647888,-9.107981220657276,7.520212358596242,8.88888888888889,1.368676530292647,24.90451439371459
ASB,10,-0.31650218772955196,7.042253521126761,-5.202312138728324,4.044868930166115,3.795455660794033,-0.24941326937208208,7.325774464684703
ASBFF,10,-0.5962193647653586,9.362859362859362,-13.173076923076923,10.053418803418802,3.657338950754383,-6.396079852664419,-11.061081692375504
ASBFY,10,-0.45091693635382957,11.5,-13.173076923076923,9.275641025641026,3.3154684582111926,-5.960172567429833,-12.02319348739445
ASBRF,10,-0.6031295093795094,6.981646825396826,-8.008658008658008,10.80129021305492,5.95876924001924,-4.842520973035679,-4.886020440434018
ASC,10,0.2253775073247689,9.720705258230613,-8.790121420767282,9.557636161310677,7.470318727925219,-2.0873174333854587,-53.80478269146253
ASCB,10,-0.00764323500871701,0.24365980672725185,-0.11109000878821856,0.5563730801296484,0.4177926418194386,-0.13858043831020977,0.0
ASCBF,10,-0.00764323500871701,0.24365980672725185,-0.11109000878821856,0.5563730801296484,0.4177926418194386,-0.13858043831020977,0.0
ASCBW,10,-0.00764323500871701,0.24365980672725185,-0.11109000878821856,0.5563730801296484,0.4177926418194386,-0.13858043831020977,0.0
ASCC,10,0.4334121355397953,6.456264775413712,-4.246672099972835,5.43698175787728,9.345423402906627,3.908441645029347,-70.59259213881242
ASCCF,10,-0.027382256297918732,13.476858252682863,-10.041666666666666,10.98358585858586,7.430962465526953,-3.552623393058907,44.74475035211489
ASCCY,10,1.2753394530502966,10.656626506024098,-7.1329507412721185,5.2067275542885305,7.037303686289875,1.8305761320013447,0.0
ASCJF,10,-0.006067666618125362,10.37335965625363,-8.503777409250045,11.446211578730889,5.7485938912141235,-5.6976176875167655,-5.016807184218257
ASCK,10,0.16890129170436954,14.422114052523792,-6.018700963708666,8.324707937184625,3.198249388997533,-5.126458548187092,0.0
ASCLF,10,-0.00764323500871701,0.24365980672725185,-0.11109000878821856,0.5563730801296484,0.4177926418194386,-0.13858043831020977,0.0
ASCN,10,-1.1818297655453618,9.085477745060384,-8.725399334896146,11.718850160907651,5.300060398744609,-6.418789762163042,6.883003393661215
ASCOF,10,-0.00764323500871701,0.24365980672725185,-0.11109000878821856,0.5563730801296484,0.4177926418194386,-0.13858043831020977,0.0
ASCRF,10,-0.00764323500871701,0.24365980672725185,-0.11109000878821856,0.5563730801296484,0.4177926418194386,-0.13858043831020977,0.0
ASCS,10,-1.454687722293356,9.769853887500943,-12.00666616165442,13.973390194294161,7.118901860146262,-6.8544883341478995,10.294117647058822
ASCUF,10,-0.00764323500871701,0.24365980672725185,-0.11109000878821856,0.5563730801296484,0.4177926418194386,-0.13858043831020977,0.0
ASCWF,10,-0.00764323500871701,0.24365980672725185,-0.11109000878821856,0.5563730801296484,0.4177926418194386,-0.13858043831020977,0.0
ASDRF,10,-0.38356643287190145,6.488519531997792,-7.110120153598414,4.163317301830013,2.5560003257952664,-1.6073169760347463,-18.875501628299
ASDZF,10,-0.1078748651564186,8.630087209302326,-6.843090082865544,6.10451396728632,3.717956261645582,-2.386557705640738,-16.415695088079037
ASEKY,10,-0.8747845724133833,5.271088249811656,-7.472782519735537,6.37652946214428,3.807697131297269,-2.5688323308470107,7.0252163612487335
ASFH,10,-0.00764323500871701,0.24365980672725185,-0.11109000878821856,0.5563730801296484,0.4177926418194386,-0.13858043831020977,0.0
ASFT,10,-0.007643235008717022,6.64946046006855,-7.1350762527233105,0.5563730801296484,5.582394114793441,5.026021034663793,0.0
ASFX,10,0.20885547201336666,12.197159565580616,-11.008704557091653,9.725029419426702,5.398512491241437,-4.326516928185265,-78.44827653796985
ASFZ,10,0.5779759692803171,7.113336512478144,-6.187410586552216,3.813881520778073,6.458732166264666,2.6448506454865934,-3.8461538461523768
ASGLY,10,-0.9697541427171544,4.178663914090653,-6.503696470916447,7.467788265319302,3.640086243502014,-3.8277020218172884,54.49662304379954
ASGN,10,-1.0862924780450556,14.797687861271676,-12.948717948717949,11.32080932564834,4.713958128592275,-6.6068511970560655,89.09301729579812
ASGOF,10,0.7929448430452789,13.091877566037306,-5.648344974187672,7.266772666771854,7.14361573133305,-0.12315693543880446,0.0
ASGTF,10,0.5875700449818457,12.948709058548875,-11.917993742119274,4.827836104331218,8.403363241352068,3.57552713702085,73.58105866377775
ASGXF,10,0.4515592823754242,10.132098175576436,-9.072984875083826,5.810534852272975,7.087136012049733,1.2766011597767575,-67.84565987863984
ASH,10,-0.6614784392562171,4.3082255577102195,-8.794011689065972,7.021212174337539,5.069472071550164,-1.951740102787375,17.550214588669448
ASHI,10,0.2735690235690236,9.061283223294396,-5.459770114942527,8.323458044128435,5.666957484333371,-2.656500559795064,-44.444445824181535
ASHTF,10,-0.4151404151404152,9.566980794464987,-10.995638997708625,7.004957903752064,6.557766557766558,-0.44719134598550614,168.7486716824335
ASHTY,10,-0.4151404151404152,9.566980794464987,-10.995638997708625,7.004957903752064,6.557766557766558,-0.44719134598550614,168.96247960922508
ASHXF,10,-0.39351851851851866,10.354609929078013,-8.263315869310297,11.880432010696884,4.81565247948743,-7.064779531209454,393.6507690595609
ASII,10,-0.5082149818991923,6.235647412118,-7.588119234255853,8.195776282938155,7.721262754883917,-0.4745135280542385,99.21144526391832
ASIX,10,0.20354279769826158,5.608718766613502,-8.110343485452955,0.5563730801296484,4.344828713618138,3.788455633488489,0.0
ASKE,10,-0.3358533993069536,7.92882039992662,-7.3907125412019745,6.335599443056791,0.4177926418194386,-5.917806801237352,0.0
ASKH,10,0.45276784407219167,11.164137067751525,-5.201837873318017,11.25705322492471,4.921220016481374,-6.335833208443336,352.72377303098506
ASLE,10,1.5160955795785176,10.845820814456909,-0.11109000878821856,0.5563730801296484,8.638570270072956,8.082197189943308,0.0
ASLM,10,0.047824007651841347,5.857093782205428,-5.227062094531972,11.817768812807792,8.096181934562278,-3.721586878245514,-59.27168138950709
ASLRF,10,-0.3846312065490147,10.946830890336592,-3.8688410825815405,7.960682595104586,3.371804159205734,-4.588878435898852,1006.7193241212576
ASM,10,-0.43778718477513656,5.538579067990832,-4.2991152803094295,9.676013164209493,7.579198755669345,-2.0968144085401486,56.046065558852
ASMB,10,-0.7393690320519588,4.690959409594096,-5.575757575757576,6.319579810570194,4.237215359166579,-2.082364451403615,-76.82254469381391
ASMIY,10,1.5261100620608767,11.139240506329115,-15.394736842105264,0.5563730801296484,10.698407665750722,10.142034585621074,0.0
ASML,10,0.5473174750283184,12.105263157894736,-13.277310924369747,6.769494010997657,12.217987822992766,5.448493811995109,189.2115094634733
ASMLF,10,0.5473174750283185,9.05195881169369,-13.277310924369747,6.769494010997657,12.217987822992766,5.448493811995109,192.9328094880068
ASMMF,10,-0.00764323500871701,0.24365980672725185,-0.11109000878821856,0.5563730801296484,0.4177926418194386,-0.13858043831020977,0.0
ASMVY,10,0.9765433742570296,10.046820132657043,-6.974465933510302,4.589729569679616,9.449418513118536,4.85968894343892,-16.46490634412279
ASMXF,10,-0.00764323500871701,0.24365980672725185,-0.11109000878821856,0.5563730801296484,0.4177926418194386,-0.13858043831020977,0.0
ASNCF,10,0.8985235605537469,9.559760760858907,-7.343557855170653,9.05260906039705,8.977904584269226,-0.07470447612782394,175.86327453268945
ASND,10,-0.10050756319413029,15.121951219512194,-12.307692307692307,9.820842937726054,8.178885790826088,-1.6419571468999656,0.0
ASNFF,10,-0.00764323500871701,0.24365980672725185,-0.11109000878821856,0.5563730801296484,0.4177926418194386,-0.13858043831020977,0.0
ASNHF,10,-0.5326902212368506,11.475409836065573,-11.022985122365588,7.6538671023965135,4.171821638689489,-3.482045463707024,27.906970625137426
ASNS,10,-0.00764323500871701,0.24365980672725185,-0.11109000878821856,0.5563730801296484,0.4177926418194386,-0.13858043831020977,0.0
ASO,10,-0.00764323500871701,0.24365980672725185,-0.11109000878821856,0.5563730801296484,0.4177926418194386,-0.13858043831020977,0.0
ASOMF,10,-0.8904388178633167,7.239041511570052,-7.710280373831777,4.944841329102469,3.167621115714477,-1.777220213387992,47.571427481515066
ASOMY,10,-0.7391448980234028,7.453416149068323,-7.720438845997563,8.318821230239353,5.039776552295714,-3.279044677943639,-9.509490792896113
ASOZF,10,-1.6068853313796732,11.756367600089487,-11.905217683731278,9.23877993286386,4.37086942152211,-4.86791051134175,41.53138164981361
ASOZY,10,0.5636521718921431,11.038107060308727,-6.1559799423877095,0.5563730801296484,6.997048259184182,6.440675179054534,0.0
ASPD,10,-0.00764323500871701,0.24365980672725185,-0.11109000878821856,0.5563730801296484,0.4177926418194386,-0.13858043831020977,0.0
ASPHF,10,-0.00764323500871701,0.24365980672725185,-0.11109000878821856,0.5563730801296484,0.4177926418194386,-0.13858043831020977,0.0
ASPI,10,-0.00764323500871701,0.24365980672725185,-0.11109000878821856,0.5563730801296484,0.4177926418194386,-0.13858043831020977,0.0
ASPN,10,0.6142728093947607,9.832917226810064,-11.496746203904555,8.079740256862028,7.199860065585241,-0.8798801912767864,682.1237291781542
ASPR,10,0.34169311277745035,18.447070171208104,-24.699641129661416,16.652245658330852,5.521060565156733,-11.131185093174118,200.000021827838
ASPS,10,-0.11745725169192095,7.974183912950716,-6.47280191583989,8.865325160276774,5.9827911491824635,-2.88253401109431,-49.2319466979249
ASPT,10,-2.5767543859649127,4.777704047777039,-24.699641129661416,21.22837128708806,3.834352017491552,-17.394019269596505,650.0000254661256
ASPU,10,0.6479912840608975,7.798793859649123,-8.700799052974254,6.66532792737658,6.815972971427833,0.15064504405125234,-4.473816209519004
ASPW,10,1.1683990865422476,12.153878672585078,-6.818419129163621,8.36007735035123,8.073975860913084,-0.2861014894381455,-82.60869647742588
ASPZ,10,-0.4806819376355799,6.660990306523447,-12.323546019198194,9.4563648911475,6.830446825439556,-2.6259180657079435,1883.884303875764
ASR,10,-0.5587005587005586,7.165896140199978,-7.158630842841369,5.651455547086978,8.510987092037833,2.8595315449508556,16.949458737795073
ASRE,10,1.2248747421161215,7.243116349586737,-4.603917392888167,3.1773624996813283,9.636745181964699,6.459382682283371,32.19582859725411
ASRMF,10,-1.6026428300008604,4.930971970436481,-11.163366336633663,12.87108865525728,3.0937097233673807,-9.7773789318899,2.360390487063466
ASRT,10,-0.7379039323170885,6.921582805211745,-7.669734560490863,9.374803061321145,5.152766566969554,-4.222036494351592,-77.18495895069269
ASRV,10,0.7689388866568456,7.1199339812946985,-6.563253819351379,3.962526521487197,6.651654934710133,2.689128413222936,-6.034273554239335
ASST,10,-0.00764323500871701,0.24365980672725185,-0.11109000878821856,0.5563730801296484,0.4177926418194386,-0.13858043831020977,0.0
ASTA,10,0.7029811455769449,9.621176097638294,-5.637681159420291,0.5563730801296484,7.499722179260252,6.943349099130604,0.0
ASTC,10,-0.4576509430878364,3.9085902019518795,-9.238376650786952,5.358688830521857,7.49146326067651,2.1327744301546527,-35.54140211991068
ASTE,10,-1.6600000782004514,7.640317888313346,-14.197028970536293,9.932915378362022,4.189647638907144,-5.743267739454878,70.69415251368987
ASTH,10,-0.44834599675240105,7.7105798959354495,-11.662710420474395,7.2567249762624195,6.2967076917879465,-0.960017284474473,502.6147321478551
ASTI,10,-0.00764323500871701,0.24365980672725185,-0.11109000878821856,0.5563730801296484,0.4177926418194386,-0.13858043831020977,0.0
ASTL,10,-0.00764323500871701,0.24365980672725185,-0.11109000878821856,0.5563730801296484,0.4177926418194386,-0.13858043831020977,0.0
ASTLW,10,-0.00764323500871701,0.24365980672725185,-0.11109000878821856,0.5563730801296484,0.4177926418194386,-0.13858043831020977,0.0
ASTO,10,-1.43241532130421,11.017705698556762,-8.160956690368455,10.818598768089368,5.68587186234245,-5.132726905746918,-18.918916741977927
ASTS,10,-0.00764323500871701,0.24365980672725185,-0.11109000878821856,0.5563730801296484,0.4177926418194386,-0.13858043831020977,0.0
ASTSW,10,-0.00764323500871701,0.24365980672725185,-0.11109000878821856,0.5563730801296484,0.4177926418194386,-0.13858043831020977,0.0
ASTVF,10,-0.685151170588064,10.641891891891891,-14.08968050453947,14.952702702702704,7.298206753255141,-7.654495949447562,29.743585831079702
ASUR,10,-1.0026187803965583,2.1384297520661155,-3.8420245398773005,9.238184703179478,5.054950964753657,-4.1832337384258205,3.0401099581731565
ASUUF,10,-0.00764323500871701,0.24365980672725185,-0.11109000878821856,0.5563730801296484,0.4177926418194386,-0.13858043831020977,0.0
ASWRF,10,0.6292109169807011,7.398085785182558,-5.996618927625914,10.71993000260605,9.288920575618654,-1.431009426987396,194.9429062185872
ASX,10,-0.19675356615838652,13.71069182389937,-16.54471544715447,7.496461762980547,9.480152918652982,1.9836911556724344,49.6533958639453
ASXFF,10,0.34279863916310127,8.379457399510027,-7.710280373831777,8.634273961830445,13.670760843253028,5.036486881422583,0.9736475306799124
ASXFY,10,-0.4437428746821015,8.827042522694697,-13.589959164064378,10.73320346080375,11.271264858708804,0.5380613979050537,4.640471355868572
ASXSF,10,-0.9712509712509713,9.434112329166611,-9.933612828667112,9.109708144690051,4.777546777546778,-4.332161367143273,117.40740134474036
ASYS,10,-1.716368884150216,11.549295774647888,-14.371139115394119,10.930447258246843,7.1345029239766085,-3.795944334270235,106.76486858735528
ATAI,10,-0.00764323500871701,0.24365980672725185,-0.11109000878821856,0.5563730801296484,0.4177926418194386,-0.13858043831020977,0.0
ATAO,10,-0.00764323500871701,0.24365980672725185,-0.11109000878821856,0.5563730801296484,0.4177926418194386,-0.13858043831020977,0.0
ATAT,10,-0.00764323500871701,0.24365980672725185,-0.11109000878821856,0.5563730801296484,0.4177926418194386,-0.13858043831020977,0.0
ATAZF,10,-0.5173007531180286,6.736064879259215,-9.10175123850686,11.007939754511646,6.828807677298136,-4.17913207721351,36.09422534251837
ATBHF,10,0.10585744530698646,12.643803698849569,-6.293756766510285,11.854514836166212,4.666905723617959,-7.187609112548253,-36.0400165223444
ATBPF,10,0.8393936104779478,13.136780135783125,-11.981156098803154,9.767021485771485,8.279244925831271,-1.4877765599402135,-72.54117660604959
ATBSF,10,-0.00764323500871701,0.24365980672725185,-0.11109000878821856,0.5563730801296484,0.4177926418194386,-0.13858043831020977,0.0
ATCC,10,0.49440126838521553,8.813700918964075,-13.763790920600467,6.622040521121341,11.35933806146572,4.73729754034438,856.2406245024274
ATCD,10,-1.2134670165758248,14.092827004219409,-15.555555555555555,8.958237112873014,5.318990649390251,-3.6392464634827633,-1.17759765625
ATCH,10,-0.00764323500871701,0.24365980672725185,-0.11109000878821856,0.5563730801296484,0.4177926418194386,-0.13858043831020977,0.0
ATCHW,10,-0.00764323500871701,0.24365980672725185,-0.11109000878821856,0.5563730801296484,0.4177926418194386,-0.13858043831020977,0.0
ATCLF,10,-0.00764323500871701,0.24365980672725185,-0.11109000878821856,0.5563730801296484,0.4177926418194386,-0.13858043831020977,0.0
ATCMF,10,0.19807070065620389,7.2517896047307815,-14.393939393939391,4.959596460331791,6.954432496569882,1.994836036238091,74.02489783723621
ATCN,10,-0.052076408279040955,7.974183912950716,-7.380568974771872,9.30044302764844,7.24762927178386,-2.0528137558645794,-10.90723782390779
ATCOL,10,-0.00764323500871701,0.24365980672725185,-0.11109000878821856,0.5563730801296484,0.4177926418194386,-0.13858043831020977,0.0
ATCUF,10,0.4209821743112801,5.260896011848091,-5.721210340775559,5.6695389406987955,6.121922453191803,0.45238351249300734,311.67882290727016
ATCV,10,0.03809713112038699,3.562407455796534,-6.132756132756132,7.125715316848935,6.068779229156587,-1.056936087692348,-84.67153218511247
ATDRY,10,0.6475960058359767,7.605793094781817,-7.083333333333334,3.336151152847865,9.645283772981616,6.3091326201337505,0.0
ATDS,10,0.10594187809377696,9.95970424579654,-15.454545454545453,4.888607726787932,5.417169351595581,0.528561624807649,-99.78968647448905
ATEAY,10,-0.00764323500871701,0.24365980672725185,-0.11109000878821856,0.5563730801296484,0.4177926418194386,-0.13858043831020977,0.0
ATEC,10,0.2737499912818474,5.399185228294799,-6.780303030303031,8.059078037154224,7.134889025509431,-0.9241890116447928,118.60095522082108
ATEK,10,-0.00764323500871701,0.24365980672725185,-0.11109000878821856,0.5563730801296484,0.4177926418194386,-0.13858043831020977,0.0
ATEN,10,0.18795258521285924,11.401994629842733,-10.862950340798443,7.768225094174461,7.156183465611346,-0.612041628563115,106.29765190491862
ATEPF,10,-0.00764323500871701,0.24365980672725185,-0.11109000878821856,0.5563730801296484,0.4177926418194386,-0.13858043831020977,0.0
ATER,10,0.19897260367275174,1.8135552035099578,-0.11109000878821856,0.5563730801296484,1.0376401578638448,0.4812670777341964,0.0
ATEX,10,-0.5665506077820538,8.852486844338822,-9.30764727795221,8.719943106271373,7.207029511070933,-1.5129135952004402,0.0
ATEYY,10,0.3009794509125166,9.913912105012173,-8.794011689065972,8.560186191659326,11.142421252411701,2.5822350607523745,76.6793914480896
ATGAF,10,-0.00764323500871701,0.24365980672725185,-0.11109000878821856,0.5563730801296484,0.4177926418194386,-0.13858043831020977,0.0
ATGE,10,0.5011012343331589,11.341425459072516,-12.301258531581645,5.269055808178448,5.8330484680650025,0.5639926598865541,5.511853454437677
ATGFF,10,1.1380824813660635,6.322344322344322,-6.609738280561222,4.111066243941617,6.177791832468092,2.0667255885264746,35.69965599698236
ATGGF,10,0.47128627641743925,15.874105898544913,-14.346332592442918,0.5563730801296484,7.656647022426679,7.10027394229703,0.0
ATGL,10,-0.00764323500871701,0.24365980672725185,-0.11109000878821856,0.5563730801296484,0.4177926418194386,-0.13858043831020977,0.0
ATGN,10,-1.0008223925749702,9.878048780487806,-12.122832543660023,9.351810687050325,7.519282885136544,-1.8325278019137805,90.22222306993272
ATGPF,10,-0.00764323500871701,0.24365980672725185,-0.11109000878821856,0.5563730801296484,0.4177926418194386,-0.13858043831020977,0.0
ATGVF,10,0.1989726036727517,4.504026848188394,-5.468932720043657,0.5563730801296484,5.1851126162020424,4.628739536072394,0.0
ATHA,10,-0.00764323500871701,0.24365980672725185,-0.11109000878821856,0.5563730801296484,0.4177926418194386,-0.13858043831020977,0.0
ATHC,10,-0.14576574034889736,8.120294599018004,-11.140460595646198,6.809585959550944,6.224110429819933,-0.5854755297310108,95.30601292531968
ATHE,10,-0.054167714718173464,2.007918552036199,-2.9101840947127005,4.8435474085321175,4.423058423058423,-0.4204889854736944,11.965066268163518
ATHGF,10,-0.00764323500871701,0.24365980672725185,-0.11109000878821856,0.5563730801296484,0.4177926418194386,-0.13858043831020977,0.0
ATHHF,10,-0.00764323500871701,0.24365980672725185,-0.11109000878821856,0.5563730801296484,0.4177926418194386,-0.13858043831020977,0.0
ATHJF,10,0.28442383114936476,5.58481514314022,-4.360484351220803,5.607052499707867,5.677304555863124,0.07025205615525731,130.10936869720226
ATHM,10,-0.5810406165225799,10.297796150504226,-12.23213211665034,5.323162293537458,7.548717233986518,2.2255549404490598,-45.83494331055513
ATHOF,10,-0.44263295725284024,6.764418377321603,-7.561327561327561,5.136613201006273,3.835509564062446,-1.3011036369438265,93.43831864965348
ATHS,10,-0.00764323500871701,0.24365980672725185,-0.11109000878821856,0.5563730801296484,0.4177926418194386,-0.13858043831020977,0.0
ATHXQ,10,-0.00764323500871701,0.24365980672725185,-0.11109000878821856,0.5563730801296484,0.4177926418194386,-0.13858043831020977,0.0
ATI,10,-0.49654049654049665,25.5607745398773,-22.574013157894736,6.939233101959221,5.015730015730015,-1.9235030862292062,-15.236428627553526
ATIF,10,0.43415204239201344,3.9301701519833134,-0.11109000878821856,0.5563730801296484,1.74317847402163,1.1868053938919818,0.0
ATIG,10,0.4172842020311728,10.242374650828136,-8.100331041507513,9.081572190400948,9.336333732468997,0.25476154206804935,4850.0001913576425
ATIP,10,-0.00764323500871701,0.24365980672725185,-0.11109000878821856,0.5563730801296484,0.4177926418194386,-0.13858043831020977,0.0
ATIPW,10,-0.00764323500871701,0.24365980672725185,-0.11109000878821856,0.5563730801296484,0.4177926418194386,-0.13858043831020977,0.0
ATIW,10,-1.490284851914733,10.913176055207831,-20.075578649031648,22.769725447297983,5.199166969936023,-17.57055847736196,99.33333445092047
ATIXF,10,-0.00764323500871701,0.24365980672725185,-0.11109000878821856,0.5563730801296484,0.4177926418194386,-0.13858043831020977,0.0
ATKR,10,1.5261100620608767,11.24913733609386,-6.588770743781856,0.5563730801296484,12.712301469436689,12.155928389307041,0.0
ATLC,10,0.5853041796816897,8.636467627545183,-12.793608639634671,7.615624201980705,11.062453122181397,3.4468289202006916,574.5399968791011
ATLCY,10,-0.9507851096636144,10.366922565435532,-12.168032253869164,6.865711162138709,7.08062307167669,0.21491190953798078,74.89152696476187
ATLFF,10,-1.2312886622278887,9.107981220657278,-14.253426131879172,7.925051467869147,7.775972071746721,-0.14907939612242593,121.59091229281152
ATLKY,10,-0.9507851096636144,10.366922565435532,-12.168032253869164,6.865711162138709,7.08062307167669,0.21491190953798078,81.52295580440749
ATLMF,10,-0.00764323500871701,0.24365980672725185,-0.11109000878821856,0.5563730801296484,0.4177926418194386,-0.13858043831020977,0.0
ATLN,10,-0.00764323500871701,0.24365980672725185,-0.11109000878821856,0.5563730801296484,0.4177926418194386,-0.13858043831020977,0.0
ATLO,10,-0.7731157731157732,7.754342431761787,-5.77324973876698,6.001053740779768,5.381315667556042,-0.6197380732237256,-15.364526252751537
ATLPF,10,-0.9507851096636143,10.147830233667143,-12.168032253869164,6.628369389986811,7.153653848932819,0.5252844589460084,110.71478080333596
ATLX,10,-0.00764323500871701,0.24365980672725185,-0.11109000878821856,0.5563730801296484,0.4177926418194386,-0.13858043831020977,0.0
ATMC,10,-0.00764323500871701,0.24365980672725185,-0.11109000878821856,0.5563730801296484,0.4177926418194386,-0.13858043831020977,0.0
ATMCR,10,-0.00764323500871701,0.24365980672725185,-0.11109000878821856,0.5563730801296484,0.4177926418194386,-0.13858043831020977,0.0
ATMCW,10,-0.00764323500871701,0.24365980672725185,-0.11109000878821856,0.5563730801296484,0.4177926418194386,-0.13858043831020977,0.0
ATMFF,10,-0.00764323500871701,0.24365980672725185,-0.11109000878821856,0.5563730801296484,0.4177926418194386,-0.13858043831020977,0.0
ATMGF,10,-0.00764323500871701,0.24365980672725185,-0.11109000878821856,0.5563730801296484,0.4177926418194386,-0.13858043831020977,0.0
ATMH,10,-0.545037292025244,4.71022858462249,-6.64096363553406,10.20185660675489,6.437924898480631,-3.7639317082742583,-59.99068302599413
ATMMF,10,-0.00764323500871701,0.24365980672725185,-0.11109000878821856,0.5563730801296484,0.4177926418194386,-0.13858043831020977,0.0
ATMU,10,-0.00764323500871701,0.24365980672725185,-0.11109000878821856,0.5563730801296484,0.4177926418194386,-0.13858043831020977,0.0
ATMV,10,-0.00764323500871701,0.24365980672725185,-0.11109000878821856,0.5563730801296484,0.4177926418194386,-0.13858043831020977,0.0
ATMVR,10,-0.00764323500871701,0.24365980672725185,-0.11109000878821856,0.5563730801296484,0.4177926418194386,-0.13858043831020977,0.0
ATNF,10,1.2256531132226933,6.113572590034788,-0.27588109524794646,0.5563730801296484,11.06845296865315,10.512079888523502,0.0
ATNFW,10,-0.00764323500871701,0.24365980672725185,-0.11109000878821856,0.5563730801296484,0.4177926418194386,-0.13858043831020977,0.0
ATNI,10,-0.18469869452748341,14.680836569248587,-20.019941908353925,9.7569643653981,5.792672496069724,-3.9642918693283757,-20.225237029353423
ATNM,10,-0.2526343446286149,7.760255514522406,-7.080616916682489,5.3715134649398335,4.464649729650525,-0.9068637352893081,19.13477343266496
ATNNF,10,-0.9071563336404722,8.262653898768809,-11.016912200532749,7.627996354631869,2.9608007507127954,-4.667195603919074,47.21457444453838
ATNPQ,10,-0.5632044349544665,10.112141769347916,-11.905217683731278,4.8768865307748115,4.9189446984359675,0.042058167661156,0.0
ATO,10,0.9216243588487045,9.32177382231088,-8.363609179935711,5.914275484629942,8.159440576376772,2.2451650917468298,-20.48143149210172
ATOGF,10,-0.00764323500871701,0.24365980672725185,-0.11109000878821856,0.5563730801296484,0.4177926418194386,-0.13858043831020977,0.0
ATOGY,10,-0.00764323500871701,0.24365980672725185,-0.11109000878821856,0.5563730801296484,0.4177926418194386,-0.13858043831020977,0.0
ATOM,10,0.4525273416661892,14.444444444444445,-12.95774647887324,0.5563730801296484,4.632946756002707,4.076573675873059,0.0
ATONF,10,-0.3055333510969002,7.142705073343128,-7.077922077922077,9.572011548326644,4.634500505468248,-4.937511042858397,-40.00000082784226
ATONY,10,-0.6846240179573512,7.783357245337159,-8.805291442744936,6.1061334498834485,8.370441107986865,2.2643076581034167,-38.34951663064463
ATOR,10,-0.45645645645645655,6.588235294117647,-8.545865898807074,11.0229641406112,3.8585196465008083,-7.164444494110391,-54.54545553065526
ATOS,10,-1.1608475526001298,11.678447798257782,-12.122832543660023,10.587559872718076,4.975715341569,-5.611844531149076,83.77293364728303
ATOXF,10,-0.8862433862433865,4.893534315207533,-7.9462508294625085,16.60881363833117,8.766130676060138,-7.842682962271033,-29.403113736918108
ATPC,10,-0.00764323500871701,0.24365980672725185,-0.11109000878821856,0.5563730801296484,0.4177926418194386,-0.13858043831020977,0.0
ATR,10,0.5543345543345544,11.5,-7.2058823529411775,11.264705882352942,8.949482560959266,-2.3152233213936757,3.734471797138372
ATRA,10,-0.9176009176009177,3.567813765182186,-6.854928510979467,7.548939913589596,5.701598755955961,-1.8473411576336352,39.38210085708591
ATRC,10,-0.43853411084245963,7.474747474747474,-9.503105590062113,10.307015755716185,9.037150766510807,-1.2698649892053773,162.2466485651374
ATRO,10,-0.14220176376683577,6.329923273657288,-9.953627932351338,6.7615811752395905,8.408532305302325,1.6469511300627344,-51.87136872733877
ATROB,10,-0.14220176376683577,6.329923273657288,-9.953627932351338,6.7615811752395905,8.408532305302325,1.6469511300627344,-51.78001081829014
ATRRF,10,0.38050198874195984,4.09302983175456,-1.3368983957219251,0.5563730801296484,3.8667215137803375,3.310348433650689,0.0
ATRWF,10,-0.00764323500871701,0.24365980672725185,-0.11109000878821856,0.5563730801296484,0.4177926418194386,-0.13858043831020977,0.0
ATRX,10,-0.20393102584883394,9.771356094885506,-6.675317185697809,5.29547796389228,3.942638334795198,-1.3528396290970819,144.42391798649496
ATS,10,0.025443085552375067,5.378863966075215,-5.357783211083945,4.550622934163679,6.378520329620575,1.8278973954568967,140.80933896792178
ATSG,10,-0.7379039323170885,5.718355718355719,-5.91714243888157,8.995223620117056,8.761902529046692,-0.2333210910703638,23.34589549682019
ATSKF,10,-0.1419082125603865,3.948991909935506,-4.959704245796541,2.2908277643042454,1.7494523933390276,-0.5413753709652178,1.449273985189887
ATTBF,10,0.01978454808643488,9.247501794291393,-7.015174386271552,7.8559789053138465,4.158882053618895,-3.697096851694951,-60.2931470195903
ATTOF,10,-0.6700901437743543,7.355242566510173,-6.940648868334385,5.878800408761926,3.497632971317182,-2.3811674374447436,97.54964243302516
ATTRF,10,0.18568033273915616,6.588032220943612,-8.4083347799709,5.882952030560607,3.9208235135524596,-1.9621285170081473,-16.091952290524272
ATUS,10,1.5261100620608767,12.138284250960307,-1.9711129991503822,0.5563730801296484,11.18921267657056,10.632839596440913,0.0
ATUSF,10,-0.6205478446060071,6.462387853692202,-6.377500495147554,6.039364948145852,4.569152674596551,-1.4702122735493006,49.78754435578384
ATUUF,10,-0.00764323500871701,0.24365980672725185,-0.11109000878821856,0.5563730801296484,0.4177926418194386,-0.13858043831020977,0.0
ATVDY,10,0.6475960058359769,4.436888086205854,-2.006465668704758,0.5563730801296484,4.531174068067773,3.9748009879381243,0.0
ATVK,10,0.16890129170436938,17.078364052523792,-11.165158371040725,8.085492525478495,4.03989747832364,-4.045595047154855,150.87719504275904
ATVVF,10,0.8388198383641571,5.153733964342054,-4.475811316202195,0.5563730801296484,6.103339330455413,5.546966250325765,0.0
ATWT,10,0.7635835065962576,11.501143613819671,-6.7300916138125455,8.681849446447073,11.371549441503694,2.689699995056621,-93.31483341697133
ATXG,10,-0.007643235008716924,12.243886318572372,-10.558493060145405,0.5563730801296484,7.382431649574312,6.826058569444664,0.0
ATXI,10,1.308165111527034,8.111823163369557,-4.610338493833641,0.5563730801296484,10.218933190960083,9.662560110830436,0.0
ATXMF,10,0.30272281413833935,8.167812461290723,-6.607354944950853,4.645371194671081,9.103313840155945,4.457942645484864,0.0
ATXS,10,0.44697872188535964,4.670585496449772,-6.191314553990612,3.0987040869071514,3.9481332439078916,0.8494291570007402,0.0
ATYG,10,-0.6094820806650938,8.058213584172355,-11.500733455994434,10.062574346629502,7.294243773709385,-2.7683305729201164,865.0000556610318
ATYR,10,0.43415204239201344,7.244964262508121,-4.956663055254603,2.622031068182926,6.3992303992304,3.777199331047474,0.0
ATZAF,10,-0.00764323500871701,0.24365980672725185,-0.11109000878821856,0.5563730801296484,0.4177926418194386,-0.13858043831020977,0.0
AU,10,-1.0052910052910056,19.11770076324727,-14.873096446700508,11.600042469607686,13.542830710051248,1.9427882404435621,-21.07515582718161
AUB,10,0.12249091196459598,7.1199339812946985,-4.960689716787277,8.327702702702704,6.117466900522099,-2.2102358021806046,0.1704584259059087
AUBN,10,-0.6645898234683282,0.9276018099547514,-2.842840084504454,10.77353137516689,4.965880302830617,-5.807651072336273,-21.107453634058345
AUCCF,10,-0.00764323500871701,0.24365980672725185,-0.11109000878821856,0.5563730801296484,0.4177926418194386,-0.13858043831020977,0.0
AUCM,10,-0.6584362139917693,8.636813730883485,-16.87812992160818,10.952439937947183,12.791104745991964,1.838664808044781,0.0
AUCUF,10,-0.00764323500871701,0.24365980672725185,-0.11109000878821856,0.5563730801296484,0.4177926418194386,-0.13858043831020977,0.0
AUDAQ,10,-0.6070410936942059,5.599637270460214,-7.156285248778043,7.143404213839105,6.489469080142655,-0.6539351336964501,10.344827870508714
AUDC,10,-0.12419605233976494,7.693010924715454,-7.925608011444921,9.037485332306838,10.648654748513872,1.6111694162070336,73.15624786370078
AUDGF,10,-0.00764323500871701,0.24365980672725185,-0.11109000878821856,0.5563730801296484,0.4177926418194386,-0.13858043831020977,0.0
AUDYF,10,-0.00764323500871701,0.24365980672725185,-0.11109000878821856,0.5563730801296484,0.4177926418194386,-0.13858043831020977,0.0
AUEEF,10,0.19897260367275174,1.8135552035099578,-0.11109000878821856,0.5563730801296484,1.0376401578638448,0.4812670777341964,268.00606697784303
AUGG,10,-0.5038759689922482,4.310613134142546,-6.521621825795102,10.352768586973156,5.844413562151819,-4.508355024821337,19.7571743566287
AUGX,10,-0.00764323500871701,0.24365980672725185,-0.11109000878821856,0.5563730801296484,0.4177926418194386,-0.13858043831020977,0.0
AUHIF,10,-0.00764323500871701,0.24365980672725185,-0.11109000878821856,0.5563730801296484,0.4177926418194386,-0.13858043831020977,0.0
AUHYF,10,-0.00764323500871701,0.24365980672725185,-0.11109000878821856,0.5563730801296484,0.4177926418194386,-0.13858043831020977,0.0
AUIAF,10,0.43415204239201344,12.22731516849164,-9.004329004329005,0.5563730801296484,7.464022464022463,6.907649383892815,0.0
AUID,10,-0.00764323500871701,0.24365980672725185,-0.11109000878821856,0.5563730801296484,0.4177926418194386,-0.13858043831020977,0.0
AUKNY,10,0.5960012210012212,8.91149365327769,-9.239342218065623,6.946407444965563,8.51143581973003,1.5650283747644673,-5.340814043878424
AUKUF,10,0.34279863916310127,11.880703813956089,-10.232461602324614,7.79107455759334,7.9426820297224054,0.151607472129065,-32.77853922982931
AULSF,10,-0.00764323500871701,0.24365980672725185,-0.11109000878821856,0.5563730801296484,0.4177926418194386,-0.13858043831020977,0.0
AUMBF,10,0.702981145576945,4.386261533259264,-2.2817581238877653,0.5563730801296484,4.584877943458458,4.028504863328809,0.0
AUMC,10,-0.00764323500871701,0.24365980672725185,-0.11109000878821856,0.5563730801296484,0.4177926418194386,-0.13858043831020977,0.0
AUMMF,10,-0.00764323500871701,0.24365980672725185,-0.11109000878821856,0.5563730801296484,0.4177926418194386,-0.13858043831020977,0.0
AUMN,10,-0.27681319371539836,6.62874906059985,-8.359895682410896,5.536414312290823,5.087818699108463,-0.4485956131823601,94.14414414414416
AUMTF,10,0.30037378361375466,2.7261658229789845,-0.11109000878821856,0.5563730801296484,1.3418436976868537,0.7854706175572054,0.0
AUNA,10,-0.00764323500871701,0.24365980672725185,-0.11109000878821856,0.5563730801296484,0.4177926418194386,-0.13858043831020977,0.0
AUNXF,10,-0.18794597349643224,7.2142857142857135,-8.603395061728394,5.355197084080934,7.476384212495323,2.1211871284143893,174.41666378215575
AUOTY,10,-0.3360577788058705,3.3154121863799286,-4.286305092756706,5.886420882825891,3.5265392628111165,-2.3598816200147743,138.73292827802138
AUPH,10,-0.6452445476835721,20.873096446700508,-21.73720794495835,8.49170352749356,10.669661649480888,2.177958121987329,339.0480090122911
AUQSF,10,-0.00764323500871701,0.24365980672725185,-0.11109000878821856,0.5563730801296484,0.4177926418194386,-0.13858043831020977,0.0
AUR,10,-0.00764323500871701,0.24365980672725185,-0.11109000878821856,0.5563730801296484,0.4177926418194386,-0.13858043831020977,0.0
AURA,10,-0.00764323500871701,0.24365980672725185,-0.11109000878821856,0.5563730801296484,0.4177926418194386,-0.13858043831020977,0.0
AURI,10,0.898122128551675,7.00652258859599,-3.3203307848338275,6.713652479659598,9.509496946127303,2.795844466467705,-69.25492201122239
AUROW,10,-0.00764323500871701,0.24365980672725185,-0.11109000878821856,0.5563730801296484,0.4177926418194386,-0.13858043831020977,0.0
AURQF,10,-0.00764323500871701,0.24365980672725185,-0.11109000878821856,0.5563730801296484,0.4177926418194386,-0.13858043831020977,0.0
AURT,10,0.2584825979321391,13.47897606527808,-14.343717284893755,9.540030873742175,7.411816578483244,-2.128214295258931,0.0
AURWF,10,-0.007643235008716911,10.234598187063373,-10.288188723742342,0.5563730801296484,3.8129013033940424,3.256528223264394,0.0
AURX,10,0.44697872188535964,9.345470827559062,-5.103329570475349,0.5563730801296484,5.950431296893267,5.394058216763619,0.0
AUSAF,10,0.3003737836137547,1.4815669976141002,-0.11109000878821856,0.5563730801296484,2.005005900613151,1.4486328204835024,0.0
AUSDF,10,0.753413619315518,9.318031227170016,-6.292007865927035,6.000386056940435,5.706768827556696,-0.2936172293837389,-49.16813588263509
AUSI,10,-0.00764323500871701,0.24365980672725185,-0.11109000878821856,0.5563730801296484,0.4177926418194386,-0.13858043831020977,0.0
AUST,10,-0.00764323500871701,0.24365980672725185,-0.11109000878821856,0.5563730801296484,0.4177926418194386,-0.13858043831020977,0.0
AUSTF,10,0.08086548220890144,6.304332043056771,-8.536339331243836,1.8328988025206734,4.508053190734322,2.675154388213649,43.00517833883504
AUSVF,10,0.501101234333159,29.315029315029317,-29.676078063174838,8.57537170300848,16.640205692520585,8.064833989512104,62.65180965991512
AUTL,10,0.43415204239201366,8.201421440146168,-3.246753246753247,0.5563730801296484,6.8528693528693525,6.296496272739704,0.0
AUTLF,10,0.48515741286825637,11.11111111111111,-7.043248014121799,7.533993783993785,9.904060687193217,2.370066903199432,-53.78708563537636
AUTR,10,0.8866294751940494,8.419243986254294,-8.823529411764703,4.309954164608201,8.479182064547919,4.169227899939718,-54.54545214017891
AUUAF,10,-0.00764323500871701,0.24365980672725185,-0.11109000878821856,0.5563730801296484,0.4177926418194386,-0.13858043831020977,0.0
AUUD,10,-0.00764323500871701,0.24365980672725185,-0.11109000878821856,0.5563730801296484,0.4177926418194386,-0.13858043831020977,0.0
AUUDW,10,-0.00764323500871701,0.24365980672725185,-0.11109000878821856,0.5563730801296484,0.4177926418194386,-0.13858043831020977,0.0
AUUMF,10,0.43415204239201344,2.7221784609031885,-0.11109000878821856,0.5563730801296484,3.6156908497334026,3.059317769603754,0.0
AUVGF,10,-0.5326902212368507,7.131100615428652,-7.666539779215837,6.201397834072801,1.6590110406982754,-4.542386793374526,37.49988097685613
AUVIQ,10,-0.00764323500871701,0.24365980672725185,-0.11109000878821856,0.5563730801296484,0.4177926418194386,-0.13858043831020977,0.0
AUVPQ,10,-0.00764323500871701,0.24365980672725185,-0.11109000878821856,0.5563730801296484,0.4177926418194386,-0.13858043831020977,0.0
AUXIF,10,-0.00764323500871701,0.24365980672725185,-0.11109000878821856,0.5563730801296484,0.4177926418194386,-0.13858043831020977,0.0
AUXXF,10,-0.00764323500871701,0.24365980672725185,-0.11109000878821856,0.5563730801296484,0.4177926418194386,-0.13858043831020977,0.0
AVA,10,0.9216243588487045,9.32177382231088,-8.363609179935711,5.914275484629942,5.931176635006534,0.0169011503765919,-16.55071429439556
AVACF,10,0.9765433742570294,11.764705882352938,-11.882647795960487,3.919189433257133,5.367226725107547,1.4480372918504139,0.0
AVAH,10,-0.00764323500871701,0.24365980672725185,-0.11109000878821856,0.5563730801296484,0.4177926418194386,-0.13858043831020977,0.0
AVAI,10,-0.00764323500871701,0.24365980672725185,-0.11109000878821856,0.5563730801296484,0.4177926418194386,-0.13858043831020977,0.0
AVAL,10,-0.03833203833203827,7.355242566510173,-5.966353677621283,4.759102548985817,4.308968954638247,-0.4501335943475704,-24.034224569629743
AVAV,10,0.16290230264606162,7.030437901702708,-10.964798092601981,3.7362799311482857,5.193434767958097,1.4571548368098113,48.098468439110455
AVB,10,0.8516261309557398,12.15225720473097,-11.457992808107226,5.867889420520999,10.143101255689624,4.275211835168625,1.953264803443926
AVBH,10,-0.8918084499479849,9.95970424579654,-14.919119830212125,8.958237112873014,6.71372534093377,-2.2445117719392442,-6.166529665415438
AVBP,10,-0.00764323500871701,0.24365980672725185,-0.11109000878821856,0.5563730801296484,0.4177926418194386,-0.13858043831020977,0.0
AVCNF,10,-0.00764323500871701,0.24365980672725185,-0.11109000878821856,0.5563730801296484,0.4177926418194386,-0.13858043831020977,0.0
AVCRF,10,-1.4303408046665864,6.780938976575852,-9.642401021711365,10.646860459199187,2.968601351828541,-7.678259107370646,497.89064258415794
AVCTF,10,-0.00764323500871701,0.24365980672725185,-0.11109000878821856,0.5563730801296484,0.4177926418194386,-0.13858043831020977,0.0
AVCVF,10,-0.23486789541835426,4.361726421557433,-8.145437678769294,7.657114543767062,2.8129230890352073,-4.844191454731854,9.12332925031552
AVD,10,-0.5468352590654746,9.117615058209118,-6.993681993681992,7.417484573977202,6.273563312398264,-1.1439212615789378,12.983054442307516
AVDL,10,-0.5050505050505047,8.432040272431152,-7.997405928043983,14.162078808425946,6.280229000098707,-7.881849808327239,153.67854322861342
AVDX,10,-0.00764323500871701,0.24365980672725185,-0.11109000878821856,0.5563730801296484,0.4177926418194386,-0.13858043831020977,0.0
AVEFF,10,0.4524861252689999,15.151515151515152,-17.30868002054443,4.148370758221506,12.791104745991964,8.642733987770459,0.0
AVEW,10,0.01978454808643488,3.0883367839889577,-6.880439761795694,4.587006436883385,3.5378442026184906,-1.0491622342648945,85.18518817942923
AVEXF,10,-0.00764323500871701,0.24365980672725185,-0.11109000878821856,0.5563730801296484,0.4177926418194386,-0.13858043831020977,0.0
AVFCF,10,-0.00764323500871701,0.24365980672725185,-0.11109000878821856,0.5563730801296484,0.4177926418194386,-0.13858043831020977,0.0
AVGDD,10,-0.00764323500871701,0.24365980672725185,-0.11109000878821856,0.5563730801296484,0.4177926418194386,-0.13858043831020977,0.0
AVGDF,10,-0.00764323500871701,0.24365980672725185,-0.11109000878821856,0.5563730801296484,0.4177926418194386,-0.13858043831020977,0.0
AVGO,10,-0.37798160403524367,5.790586991010048,-9.684991670452824,10.76239812930678,9.5969218386152,-1.1654762906915792,70.31452671926056
AVGR,10,0.22606036950299244,13.284543325526933,-8.256302521008402,10.319718051154888,7.469750195160032,-2.8499678559948567,0.0
AVHHL,10,0.7897038610521054,9.773107236684977,-4.5869324473975635,10.030165968368932,10.977737820113061,0.9475718517441294,-72.34350663124177
AVHI,10,-0.00764323500871701,0.24365980672725185,-0.11109000878821856,0.5563730801296484,0.4177926418194386,-0.13858043831020977,0.0
AVHNF,10,0.47128627641743925,14.638605016379215,-14.478053425146145,5.3546881500136365,2.9330616444193525,-2.421626505594284,19.63998329233392
AVHNY,10,0.44697872188535964,6.304332043056771,-6.3579225797357415,0.5563730801296484,3.8666784594074053,3.310305379277757,0.0
AVIFY,10,0.14732574311104832,11.278812442499442,-11.629544854300555,9.170754983329362,7.258013025579317,-1.9127419577500442,-23.04646152522661
AVIJF,10,-0.6492248062015504,8.337585161619495,-7.960486115825921,8.854555293932128,4.624439461883408,-4.23011583204872,3.773592756753207
AVIR,10,-0.00764323500871701,0.24365980672725185,-0.11109000878821856,0.5563730801296484,0.4177926418194386,-0.13858043831020977,0.0
AVIX,10,-1.186149808197052,15.520578461088997,-22.950019523623585,7.322338069947776,12.049563785129648,4.727225715181872,-95.1720001079957
AVIZF,10,-1.3044640470462443,24.371399530660963,-24.520249614302752,7.2412787504655745,8.575880065045936,1.334601314580362,0.0
AVLNF,10,0.6067463326333625,20.447855379745658,-14.3314783251535,0.5563730801296484,4.08974452840907,3.5333714482794214,0.0
AVLP,10,0.38675213675213677,12.948709058548875,-6.941266209000763,4.255703442726343,6.835574158633519,2.579870715907176,-76.00000053644183
AVMPF,10,-0.00764323500871701,0.24365980672725185,-0.11109000878821856,0.5563730801296484,0.4177926418194386,-0.13858043831020977,0.0
AVNI,10,-0.14220176376683577,7.768691588785046,-12.674556213017752,15.91043613707165,8.523891796209453,-7.386544340862198,118.58545818370996
AVNS,10,-0.7538443347309208,10.741687979539641,-12.833005542642589,6.7838704021856415,8.061049356353719,1.2771789541680771,-24.10411687498225
AVNT,10,-0.06457266731239332,3.5962002412545235,-3.406806301860584,4.988135273117179,4.277734094675378,-0.710401178441801,47.2661247906096
AVNW,10,-0.28264294319340205,6.131386861313869,-16.363636363636363,5.802791189756302,2.6665610811952276,-3.1362301085610746,387.7691659667043
AVNY,10,0.9910485933503838,7.668037579129873,-9.245595502733018,4.7152293036887345,7.057322221542691,2.3420929178539565,0.0
AVO,10,-0.00764323500871701,0.24365980672725185,-0.11109000878821856,0.5563730801296484,0.4177926418194386,-0.13858043831020977,0.0
AVOA,10,-1.2871572871572872,3.8840990005576304,-7.259472919225267,11.649441954095451,5.596475612091986,-6.052966342003465,-3.578315834583242
AVOT,10,-0.041341035224827176,12.20476283427679,-9.156108056418837,9.900986298846137,6.741360150115685,-3.159626148730452,-83.99999947845937
AVOZ,10,-0.15539502955804027,26.819026084147623,-20.740365111561868,15.18135236005086,5.5434310189646325,-9.637921341086228,-71.7900631441426
AVPI,10,-0.2812257965648207,17.552952881874095,-13.735911885245901,7.648992664573135,5.368482274770237,-2.280510389802898,471.4285600246327
AVPMF,10,-0.6801048836447064,7.66798418972332,-8.115796519410978,10.112672913877732,4.9190335577753554,-5.193639356102377,-24.06103358232032
AVPT,10,-0.00764323500871701,0.24365980672725185,-0.11109000878821856,0.5563730801296484,0.4177926418194386,-0.13858043831020977,0.0
AVPTW,10,-0.00764323500871701,0.24365980672725185,-0.11109000878821856,0.5563730801296484,0.4177926418194386,-0.13858043831020977,0.0
AVRI,10,0.025443085552375264,17.22614258392139,-11.685136897001307,8.946727182026606,6.066770996348462,-2.879956185678144,8004.767951500605
AVRTF,10,1.1741527823927536,16.3768115942029,-16.062992125984252,2.478712683628672,6.530895176564468,4.0521824929357955,0.0
AVRW,10,1.1741527823927536,7.120801733477791,-4.785636898312955,0.5563730801296484,11.805835010060363,11.249461929930716,0.0
AVSFY,10,-0.1419082125603865,6.863207547169811,-4.779849904982767,3.996468131042899,5.728913852483646,1.732445721440747,-24.66185011375856
AVSR,10,0.1753994797473059,7.425133324217148,-7.3026593499366825,5.010545383968428,6.741221212175261,1.7306758282068326,120.77922326631372
AVT,10,-0.4230094370939441,8.584738243123338,-9.661835748792273,6.642172432540704,7.675489328887983,1.0333168963472792,-8.17603836011892
AVTBD,10,0.16890129170436965,9.572025164050627,-5.952051687705364,0.5563730801296484,5.346198546870465,4.789825466740816,0.0
AVTBF,10,0.16890129170436965,9.572025164050627,-5.952051687705364,0.5563730801296484,5.346198546870465,4.789825466740816,0.0
AVTE,10,-0.00764323500871701,0.24365980672725185,-0.11109000878821856,0.5563730801296484,0.4177926418194386,-0.13858043831020977,0.0
AVTGF,10,-0.00764323500871701,0.24365980672725185,-0.11109000878821856,0.5563730801296484,0.4177926418194386,-0.13858043831020977,0.0
AVTI,10,-0.10491606714628274,8.072916666666664,-6.565656565656564,10.54514257187612,7.770790151372402,-2.7743524205037184,-73.54497451249145
AVTR,10,0.6067463326333624,5.483518764155455,-0.11109000878821856,0.5563730801296484,2.260961344745677,1.7045882646160284,0.0
AVTX,10,0.2828581225520996,7.1121431028551765,-6.910061321826028,3.8394607794467484,9.470079635029888,5.6306188555831405,0.0
AVTXF,10,-0.00764323500871701,0.24365980672725185,-0.11109000878821856,0.5563730801296484,0.4177926418194386,-0.13858043831020977,0.0
AVVH,10,0.1650342625479856,6.349632080647696,-8.099382369455363,5.871143375680581,4.065935161731592,-1.8052082139489887,48100.00092259141
AVVIY,10,-0.07323335916252639,10.110619469026549,-10.171595078782646,3.9488858733307453,2.8553161789163166,-1.0935696944144286,-0.1660670138479847
AVXL,10,-0.460667043140476,17.530042918454935,-14.0,11.031007751937985,8.683712657222591,-2.3472950947153937,535.2142864909708
AVXT,10,0.009088843444671695,6.846846846846847,-10.46470999301188,8.838937947848839,8.82414516997995,-0.014792777868889218,-89.30817660457579
AVY,10,0.11574074074074087,10.511489992587101,-9.107981220657276,8.046098576416867,9.234824149575818,1.1887255731589512,72.97016006501902
AWAEF,10,-0.10475121586232689,9.86499358283509,-9.88400994200497,6.668393335060002,3.904775454071229,-2.763617880988773,5.882356034843124
AWAW,10,-1.0459602003279704,6.1649240481357275,-10.376051223241591,7.504246071703837,4.486312399355877,-3.0179336723479597,-53.75722770900991
AWCA,10,-0.8729231568016615,8.072916666666664,-13.244874497030082,9.996221349228408,7.411022226480168,-2.5851991227482403,238.23527091514944
AWEVF,10,-0.00764323500871701,0.24365980672725185,-0.11109000878821856,0.5563730801296484,0.4177926418194386,-0.13858043831020977,0.0
AWH,10,-1.0371572871572872,6.045432869467203,-6.189733013767348,10.52540722052501,5.6160472319008905,-4.909359988624119,492.7140221026267
AWI,10,0.20842604954754465,10.070332480818417,-5.652680652680653,6.826714303349818,14.616394016271542,7.789679712921724,-1.0572517799948389
AWIN,10,-0.00764323500871701,0.24365980672725185,-0.11109000878821856,0.5563730801296484,0.4177926418194386,-0.13858043831020977,0.0
AWK,10,0.8516261309557397,9.32177382231088,-9.535699824537726,6.124270168308836,6.4405005012723135,0.31623033296347725,40.38218028836847
AWKNF,10,-0.00764323500871701,0.24365980672725185,-0.11109000878821856,0.5563730801296484,0.4177926418194386,-0.13858043831020977,0.0
AWLCF,10,0.04073974805682133,11.169230525373088,-10.257504623701807,6.754831785954733,3.3806853581496075,-3.374146427805125,-73.07472927030634
AWLIF,10,-0.00764323500871701,0.24365980672725185,-0.11109000878821856,0.5563730801296484,0.4177926418194386,-0.13858043831020977,0.0
AWMLF,10,-0.00764323500871701,0.24365980672725185,-0.11109000878821856,0.5563730801296484,0.4177926418194386,-0.13858043831020977,0.0
AWON,10,0.6483332099587928,6.279644987632766,-5.596131823387199,5.696580143453115,5.904613650393194,0.20803350694007872,633.6996308005415
AWR,10,-0.16865771341474675,14.932481942845179,-17.126139014551033,13.477325520008444,9.030767975444244,-4.4465575445642,-7.194295542092894
AWRE,10,-1.9006523860892794,3.199300699300699,-9.956709956709956,12.810881928528985,3.509202052891373,-9.301679875637612,42.30769211355093
AWRRF,10,-0.9004492415976091,9.434112329166611,-9.944625438104916,9.113379014502653,7.768801641078423,-1.3445773734242303,1.9347394366287487
AWRS,10,-2.8847714045873842,4.7186932849364815,-12.166558230318802,25.40606558686893,0.4177926418194386,-24.98827294504949,4900.000363797632
AWSL,10,-0.3623319685495855,27.92792792792793,-23.955010911532653,8.177331674599435,18.547228076401314,10.36989640180188,242.9794322472115
AWWI,10,1.0377903049506898,8.342673017652006,-3.9296699260891526,6.9744330261622665,8.57532522594981,1.600892199787543,28.26087027511046
AWX,10,-0.10858247806038973,5.382982069833282,-7.755426809558147,6.454664813098549,6.021021145471004,-0.43364366762754436,80.54930373241648
AX,10,-1.2241370895738775,11.277258566978194,-12.718446601941748,11.499694541269912,4.63269825048057,-6.866996290789342,73.5120355023946
AXAC,10,-0.00764323500871701,0.24365980672725185,-0.11109000878821856,0.5563730801296484,0.4177926418194386,-0.13858043831020977,0.0
AXAHF,10,-1.3432137741530008,8.150887573964498,-5.420792079207921,12.5207728276361,4.960469890047356,-7.560302937588744,4.4246802009251365
AXAHY,10,-1.3432137741530008,8.150887573964498,-5.420792079207921,12.5207728276361,4.960469890047356,-7.560302937588744,4.422226992141215
AXBSF,10,0.6900352733686066,10.338680926916222,-8.631256384065376,4.800206148245363,8.051245466975804,3.2510393187304407,0.0
AXCP,10,-0.4291788713417015,8.633705336700118,-10.827277391204731,8.862809403151926,5.598709650245694,-3.2640997529062323,900.0000727595263
AXDDF,10,0.702981145576945,6.264845075453166,-3.2113821138211383,0.5563730801296484,5.220935960824846,4.664562880695198,0.0
AXDX,10,-0.6321493076459962,10.300166181969255,-10.582928521859818,7.431082342243175,8.088237061746996,0.6571547195038212,-67.21549107938934
AXGC,10,-0.3358533993069536,11.468222573839663,-11.34375,7.239759142053447,3.907018695976984,-3.3327404460764627,-88.02395242453407
AXGN,10,-0.8343146028605969,4.509079091684608,-6.066822286670911,11.724638172006593,4.338093613201193,-7.3865445588054,27.09098307433144
AXIL,10,-0.00764323500871701,0.24365980672725185,-0.11109000878821856,0.5563730801296484,0.4177926418194386,-0.13858043831020977,0.0
AXIM,10,0.10594187809377681,7.491818606825619,-3.428571428571429,5.796361721140246,4.756925122778782,-1.0394365983614646,1.104870897815575
AXL,10,-1.116033630653514,12.685198767786416,-9.689984101748806,6.312583852121565,8.022155282217202,1.7095714300956368,5.6294425346174455
AXLX,10,0.814368585452923,12.16265060240964,-7.187022900763358,6.676549781326361,9.949891167724333,3.2733413863979726,-97.10144938356176
AXMIF,10,-0.2657256353889468,4.112903225806452,-4.347567326290732,11.45209173049665,10.357820048520168,-1.0942716819764815,-86.05442137219829
AXNLF,10,1.6772894924260153,11.580233505294597,-3.205128205128205,0.5563730801296484,7.76680103315998,7.210427953030331,0.0
AXNVF,10,0.28285812255209963,9.825451136059227,-5.497542997542999,0.5563730801296484,3.823557895278404,3.2671848151487555,0.0
AXNX,10,0.4525273416661892,15.272950971284398,-11.280265864852034,0.5563730801296484,6.9235756086118,6.367202528482151,0.0
AXON,10,-0.6313486482262854,7.995787995787997,-9.81283422459893,8.42603247666539,8.9948504654387,0.5688179887733114,223.65131751817492
AXP,10,0.5011012343331589,7.853530816027929,-9.390719759296696,3.9136131452645215,9.502698088300557,5.589084943036035,47.11778899372828
AXPWQ,10,0.47662141779788836,3.3695308381655247,-1.9754421682147854,4.287584706085788,5.65531475748194,1.3677300513961521,-50.00000000000625
AXR,10,-0.9507851096636144,4.738736336976806,-7.364514798945877,8.377625403776927,4.622158937773325,-3.7554664660036012,160.91855982770102
AXREF,10,-0.3623319685495853,5.982959824873616,-7.984138015616695,10.108950254935657,5.375058156301518,-4.733892098634139,185.71429635797264
AXRX,10,-1.0526027996500436,4.8287971905179985,-6.023809523809524,9.403841656122003,5.382936507936509,-4.020905148185494,130.31726533468265
AXS,10,0.29096496843015746,11.209353306540008,-6.712319138895305,8.981453700925648,7.395598971854188,-1.5858547290714604,-24.74256481564939
AXSM,10,0.4525273416661892,10.08739241783955,-8.838951310861423,3.946539957907559,7.519148361844991,3.5726084039374317,0.0
AXTA,10,-1.026936026936027,9.979040521658128,-10.521885521885523,7.420826623725174,6.90963690963691,-0.511189714088264,0.0
AXTG,10,-1.0643396631794666,11.767554479418889,-17.580362171545914,10.068248034679844,4.772783483001712,-5.295464551678132,6053.799748193983
AXTI,10,-1.0080757449178503,6.191741981215666,-5.08898508898509,9.14744774393897,4.539774200215626,-4.607673543723345,174.84807617133953
AXTLF,10,-0.3210723817550618,19.5981784087865,-29.35735735735736,10.634089205517776,14.375100764481296,3.7410115589635193,115.01548071527888
AXVEF,10,0.42445234405857857,7.687876072205864,-3.6418309388573338,6.126958514399544,7.670893719806763,1.5439352054072186,-52.13157976466205
AXXA,10,0.789703861052106,19.206429780033844,-13.614818301005144,7.48934835711118,13.932680419687513,6.443332062576332,119.97816539151384
AXXDF,10,-0.1127838771649172,5.048147067405894,-9.122176014386872,4.458188829487549,8.266631203976866,3.808442374489317,-51.50021759711127
AY,10,0.5991008784304874,5.420255420255419,-5.649122807017543,5.016415816103604,9.588300081461322,4.571884265357718,44.386520182270885
AYAAF,10,-0.18387594897207038,20.647744334024452,-15.546671576234187,4.72029951577561,12.808291143280961,8.087991627505351,-35.55555570272752
AYAG,10,-0.007643235008717029,3.661133875037619,-3.730409813745177,0.5563730801296484,0.4177926418194386,-0.13858043831020977,189.4736878429424
AYALY,10,-0.9046509046509045,5.321637426900585,-8.55161787365177,8.555184614506649,6.7242893558683035,-1.8308952586383453,-11.16015910331515
AYAMF,10,-1.3593961950016482,0.050603122486484686,-11.92211683320913,4.611631960108442,0.4177926418194386,-4.193839318289003,0.0
AYASF,10,-0.2982780760558537,7.836361089058049,-4.47187704381949,5.102329559364498,3.5479635786275723,-1.5543659807369257,342.52951602056834
AYI,10,-1.0056474110362659,7.461216449150455,-6.413770861888253,10.547389773628867,6.165366527693159,-4.382023245935708,46.04707580148551
AYRO,10,0.01978454808643488,11.257492507492508,-8.673995190656132,3.816054500950821,6.044572711239378,2.228518210288557,4.919614799906056
AYRWF,10,-0.00764323500871701,0.24365980672725185,-0.11109000878821856,0.5563730801296484,0.4177926418194386,-0.13858043831020977,0.0
AYTU,10,-0.34910508594719125,3.9393939393939403,-5.739348370927318,5.785742035742036,4.161124596267572,-1.6246174394744637,-75.54883338710617
AYURF,10,-1.874770810414375,5.596369922212619,-9.156108056418837,15.23992615613462,5.2934609742331835,-9.946465181901438,0.0
AYYLF,10,-0.9063235090632347,8.502701312065861,-7.2981366459627335,10.941902013330584,4.771346173653311,-6.170555839677273,-12.947655521690354
AZ,10,-0.00764323500871701,0.24365980672725185,-0.11109000878821856,0.5563730801296484,0.4177926418194386,-0.13858043831020977,0.0
AZASF,10,-0.00764323500871701,0.24365980672725185,-0.11109000878821856,0.5563730801296484,0.4177926418194386,-0.13858043831020977,0.0
AZEK,10,-0.00764323500871701,0.24365980672725185,-0.11109000878821856,0.5563730801296484,0.4177926418194386,-0.13858043831020977,0.0
AZFL,10,-0.19403565244488133,10.592982391491905,-8.145437678769294,5.379676858123964,3.321280830241404,-2.05839602788256,1700.000049476456
AZGFF,10,-0.4325883201153568,6.628303495311168,-8.21917808219178,7.1773713945881665,5.541856925418569,-1.635514469169598,-24.56140861470562
AZI,10,-0.00764323500871701,0.24365980672725185,-0.11109000878821856,0.5563730801296484,0.4177926418194386,-0.13858043831020977,0.0
AZIHF,10,-1.6029540338932606,5.266992320462444,-14.197028970536293,9.141806855745054,5.077922077922078,-4.0638847778229765,42.77772255727426
AZIL,10,-1.6586390895783163,7.5914448464873,-7.759919638372677,10.000259470198921,4.635353936195641,-5.36490553400328,-15.51459249443837
AZLAF,10,-0.00764323500871701,0.24365980672725185,-0.11109000878821856,0.5563730801296484,0.4177926418194386,-0.13858043831020977,0.0
AZLCZ,10,-0.7982120051085567,3.7693616259289104,-6.266502376342193,8.827259975527502,4.250203783702417,-4.577056191825085,24.076660433524992
AZLGF,10,-0.00764323500871701,0.24365980672725185,-0.11109000878821856,0.5563730801296484,0.4177926418194386,-0.13858043831020977,0.0
AZMCF,10,-0.00764323500871701,0.24365980672725185,-0.11109000878821856,0.5563730801296484,0.4177926418194386,-0.13858043831020977,0.0
AZMTF,10,-0.22895622895622894,6.7073170731707314,-6.1324897209692235,9.055673009161382,5.603174603174604,-3.452498405986778,368.6346866633872
AZN,10,0.8566581849024597,5.818031772230246,-3.813221823974513,5.33387757328268,9.577666637419204,4.243789064136524,31.394428936759965
AZNCF,10,0.8566581849024597,5.818031772230246,-3.813221823974513,5.33387757328268,9.577666637419204,4.243789064136524,33.39549169176742
AZNVF,10,-0.04629629629629623,9.44055944055944,-8.876748251748252,6.8542315680166155,7.565643079661771,0.7114115116451556,-90.21642484124722
AZO,10,-0.3470603470603469,9.782608695652176,-16.533816425120772,9.418797788363007,11.204151010914295,1.7853532225512883,50.43331658501488
AZPN,10,-0.4437428746821015,11.06628242074928,-13.797393614777953,8.077062306902887,12.06651138716356,3.9894490802606732,10.000431470818071
AZREF,10,0.4984821680718321,7.215007215007215,-10.38961038961039,0.5563730801296484,3.4262891596340146,2.869916079504366,0.0
AZRGF,10,1.3817229899629608,12.45830868012184,-0.11109000878821856,0.5563730801296484,4.585891316734473,4.029518236604824,0.0
AZRH,10,0.8322177599286037,8.697569434063801,-7.954545454545454,11.038272743361183,8.05371270781298,-2.9845600355482027,-94.81661823194358
AZRS,10,-0.00764323500871701,0.24365980672725185,-0.11109000878821856,0.5563730801296484,0.4177926418194386,-0.13858043831020977,0.0
AZTA,10,0.8343079922027291,11.576691380908247,-13.319327731092436,4.668852314733321,9.900093370681606,5.231241055948285,150.0972202671736
AZTEF,10,0.022014253468259446,7.087716695335285,-6.621682045445306,3.318536143886322,5.74492090647831,2.426384762591988,-8.598921514357388
AZTR,10,-0.00764323500871701,0.24365980672725185,-0.11109000878821856,0.5563730801296484,0.4177926418194386,-0.13858043831020977,0.0
AZUL,10,1.3817229899629608,17.072762119201744,-8.610142069872085,0.5563730801296484,9.447135487824063,8.890762407694416,0.0
AZURF,10,-0.045352041746137,4.146023468057367,-7.798980680336612,5.897014139880478,4.833510837225373,-1.0635033026551053,229.4347511680336
AZZ,10,-0.31650218772955185,10.282574568288855,-8.422590068159689,9.149560505799203,4.781371153751779,-4.368189352047423,39.307356673934216
AZZTF,10,-0.00764323500871701,0.24365980672725185,-0.11109000878821856,0.5563730801296484,0.4177926418194386,-0.13858043831020977,0.0
B,10,-1.6219230669468006,7.754342431761787,-13.192292143915916,7.477480745908182,6.218276580603212,-1.2592041653049701,-20.91322303482796
BA,10,-0.6748147723435838,7.7026440089038495,-5.407590197413207,8.347581587491439,6.972757156806236,-1.3748244306852024,-35.41565668875139
BABA,10,0.3588292500029294,8.493094489265692,-7.728670875829691,4.573437840071122,10.367392765625482,5.79395492555436,-14.496278710014115
BABAF,10,-0.00764323500871701,0.24365980672725185,-0.11109000878821856,0.5563730801296484,0.4177926418194386,-0.13858043831020977,0.0
BABB,10,-0.20770837664716327,10.914558665195278,-14.239427845713834,2.750626859350708,6.926151614614226,4.175524755263519,-11.68224167611382
BABL,10,0.760759685109567,9.302446461986278,-8.313057583130576,5.033229285216195,6.463663585690919,1.4304343004747242,599.0384550908441
BABLD,10,0.760759685109567,9.302446461986278,-8.313057583130576,5.033229285216195,6.463663585690919,1.4304343004747242,599.0384550908441
BABO,10,-0.00764323500871701,0.24365980672725185,-0.11109000878821856,0.5563730801296484,0.4177926418194386,-0.13858043831020977,0.0
BABWF,10,-1.187161407687277,10.8623677207748,-9.580316438723518,8.756431198675424,4.554296568258031,-4.202134630417393,-61.72539408140351
BABYF,10,0.16682677506674615,1.5242427460559076,-0.11109000878821856,0.5563730801296484,0.9412026720458281,0.3848295919161797,0.0
BAC,10,-0.6885866758478225,1.824703680598877,-2.3756240316749873,6.055838420488102,2.7797998180163788,-3.276038602471723,39.77714271900059
BACA,10,-0.00764323500871701,0.24365980672725185,-0.11109000878821856,0.5563730801296484,0.4177926418194386,-0.13858043831020977,0.0
BACAW,10,-0.00764323500871701,0.24365980672725185,-0.11109000878821856,0.5563730801296484,0.4177926418194386,-0.13858043831020977,0.0
BACHF,10,-1.0403581666505621,7.169823126981479,-8.503050487783312,5.702435038049856,4.287337351249938,-1.4150976867999177,-13.3663358156406
BACHY,10,-1.0403581666505621,10.501089324618738,-12.569974554707379,5.702435038049856,5.642978706891295,-0.05945633115856097,-14.351669576919065
BACK,10,1.0310951766485805,11.148788520853659,-1.9489928995797712,0.5563730801296484,7.2845582967487275,6.728185216619079,0.0
BADEF,10,-0.00764323500871701,0.24365980672725185,-0.11109000878821856,0.5563730801296484,0.4177926418194386,-0.13858043831020977,0.0
BADFF,10,0.8234906890483968,8.925147609675577,-5.019607843137255,5.507607821014798,9.395548118599528,3.8879402975847306,-1.2238812609189738
BAER,10,-0.00764323500871701,0.24365980672725185,-0.11109000878821856,0.5563730801296484,0.4177926418194386,-0.13858043831020977,0.0
BAERW,10,-0.00764323500871701,0.24365980672725185,-0.11109000878821856,0.5563730801296484,0.4177926418194386,-0.13858043831020977,0.0
BAESF,10,-0.25610878699222556,9.846200241254524,-8.459595959595958,7.64607696549001,4.103069084272836,-3.5430078812171732,10.088471255986638
BAESY,10,-0.25610878699222556,9.846200241254524,-8.459595959595958,7.64607696549001,4.103069084272836,-3.5430078812171732,8.119495030294582
BAFBF,10,-1.0215878134500984,2.286989262306512,-5.814008630910039,8.334135447973592,4.448423590380596,-3.8857118575929963,29.55017064335097
BAFN,10,-0.00764323500871701,0.24365980672725185,-0.11109000878821856,0.5563730801296484,0.4177926418194386,-0.13858043831020977,0.0
BAGFF,10,-0.00764323500871701,0.24365980672725185,-0.11109000878821856,0.5563730801296484,0.4177926418194386,-0.13858043831020977,0.0
BAGGF,10,-1.874770810414375,5.596369922212619,-9.156108056418837,15.23992615613462,6.580010681835522,-8.659915474299098,0.0
BAH,10,-0.3693464817694502,13.107983082209888,-19.963823305407466,16.86067992207627,12.719755657651978,-4.1409242644242905,15.635108206889772
BAIDF,10,-0.00764323500871701,0.24365980672725185,-0.11109000878821856,0.5563730801296484,0.4177926418194386,-0.13858043831020977,0.0
BAIGF,10,-0.00764323500871701,0.24365980672725185,-0.11109000878821856,0.5563730801296484,0.4177926418194386,-0.13858043831020977,0.0
BAINF,10,-0.00764323500871701,0.24365980672725185,-0.11109000878821856,0.5563730801296484,0.4177926418194386,-0.13858043831020977,0.0
BAJFF,10,1.2557538560930308,11.005963183821624,-6.354978354978353,3.6594378014287607,8.100674616101113,4.441236814672353,52.21164079899334
BAK,10,-0.37922277661534065,5.516626321824436,-7.496746203904555,7.338338544709022,4.651517036735402,-2.6868215079736197,53.109840606594936
BAKPF,10,0.48026048026048024,12.083333333333332,-11.208791208791208,11.370772946859903,8.560042511142756,-2.810730435717147,1354.6159983367777
BAKR,10,-0.00764323500871701,0.24365980672725185,-0.11109000878821856,0.5563730801296484,0.4177926418194386,-0.13858043831020977,0.0
BALDF,10,-0.00764323500871701,0.24365980672725185,-0.11109000878821856,0.5563730801296484,0.4177926418194386,-0.13858043831020977,0.0
BALL,10,-0.10903426791277265,6.4388006265383755,-8.327508652469477,7.166758903095424,11.933032588358186,4.766273685262762,25.546312030312407
BALY,10,0.2828581225520996,7.534017369674741,-5.068355235269182,0.5563730801296484,3.8349234173996454,3.278550337269997,0.0
BAM,10,-0.00764323500871701,0.24365980672725185,-0.11109000878821856,0.5563730801296484,0.4177926418194386,-0.13858043831020977,0.0
BAMKF,10,-0.007643235008717121,9.614739379950185,-13.5063853549499,0.5563730801296484,2.486105777780987,1.9297326976513385,0.0
BAMXF,10,-1.4295338085475324,7.171717171717171,-12.122832543660023,7.25245171269135,4.45175748997405,-2.8006942227172997,25.678404476604545
BANC,10,-0.6487718144159863,7.051282051282051,-7.408307330298225,9.99670728352899,5.296780214481846,-4.699927069047144,33.314812663501925
BANC-PF,10,-0.00764323500871701,0.24365980672725185,-0.11109000878821856,0.5563730801296484,0.4177926418194386,-0.13858043831020977,0.0
BAND,10,0.3003737836137548,11.490070300678392,-3.4406565656565666,0.5563730801296484,6.413739454469791,5.857366374340143,0.0
BANF,10,-0.043022820800598466,9.99740999741,-13.461538461538462,7.564965898299231,4.995174370019891,-2.5697915282793407,6.050075137360608
BANL,10,-0.00764323500871701,0.24365980672725185,-0.11109000878821856,0.5563730801296484,0.4177926418194386,-0.13858043831020977,0.0
BANR,10,0.2693602693602694,12.849162011173185,-8.522238934250108,5.725361696032087,4.046051048129141,-1.6793106479029465,1.3894140451135637
BANT,10,-0.00764323500871701,0.24365980672725185,-0.11109000878821856,0.5563730801296484,0.4177926418194386,-0.13858043831020977,0.0
BANX,10,0.5079436045988145,10.30142205892359,-8.461538461538462,3.8982173925033847,10.324947702712956,6.426730310209571,-1.105269842227473
BAOB,10,-0.057079031873916816,12.038630713329507,-7.323541411668705,11.211564126449474,5.4437996278487075,-5.767764498600767,6.613889545277321
BAOS,10,-0.00764323500871701,0.24365980672725185,-0.11109000878821856,0.5563730801296484,0.4177926418194386,-0.13858043831020977,0.0
BAP,10,-0.15583097774878596,5.770113284732785,-6.989745490486781,5.747365454622525,6.224092292203747,0.47672683758122236,-45.250804465710026
BARK,10,-0.00764323500871701,0.24365980672725185,-0.11109000878821856,0.5563730801296484,0.4177926418194386,-0.13858043831020977,0.0
BARUF,10,0.508707116947088,4.416973242236594,-5.357783211083945,0.5563730801296484,6.56370551480576,6.007332434676112,0.0
BASA,10,-0.2932098765432099,8.965494315537532,-11.60132002828632,10.388122073515332,6.243386243386244,-4.144735830129088,152.1126741610249
BASE,10,-0.00764323500871701,0.24365980672725185,-0.11109000878821856,0.5563730801296484,0.4177926418194386,-0.13858043831020977,0.0
BASFY,10,-1.6600000782004514,6.703446473245958,-14.197028970536293,8.012402130569988,4.717750755967317,-3.2946513746026715,-1.07214670534942
BATL,10,-0.00764323500871701,0.24365980672725185,-0.11109000878821856,0.5563730801296484,0.4177926418194386,-0.13858043831020977,0.0
BATRA,10,0.7029811455769449,12.605042016806722,-8.378160301237225,1.8328988025206734,10.34997894863467,8.517080146113996,0.0
BATRK,10,0.7029811455769449,12.605042016806722,-8.378160301237225,1.8328988025206734,10.34997894863467,8.517080146113996,0.0
BATXF,10,-0.00764323500871701,0.24365980672725185,-0.11109000878821856,0.5563730801296484,0.4177926418194386,-0.13858043831020977,0.0
BAUFF,10,-2.0018257694314037,6.84219080123517,-9.156108056418837,15.23992615613462,4.332846146982035,-10.907080009152585,140.33020411287524
BAX,10,1.094559943245533,12.208216619981325,-8.94254415381176,7.361777299096489,15.339204879747369,7.97742758065088,-3.652323907675515
BAYA,10,-0.00764323500871701,0.24365980672725185,-0.11109000878821856,0.5563730801296484,0.4177926418194386,-0.13858043831020977,0.0
BAYAR,10,-0.00764323500871701,0.24365980672725185,-0.11109000878821856,0.5563730801296484,0.4177926418194386,-0.13858043831020977,0.0
BAYAU,10,-0.00764323500871701,0.24365980672725185,-0.11109000878821856,0.5563730801296484,0.4177926418194386,-0.13858043831020977,0.0
BAYP,10,-1.5720140029532295,8.873303083960455,-9.158521036974076,9.534059003998456,4.193133206247416,-5.34092579775104,-91.64799999445675
BAYRY,10,-1.3167587476979743,11.734844959600661,-14.253426131879172,11.260159627895874,6.3564213564213565,-4.903738271474517,-25.25792988070508
BAYZF,10,-1.3167587476979743,11.734844959600661,-14.253426131879172,11.260159627895874,6.3564213564213565,-4.903738271474517,-25.751716967003592
BB,10,-0.026626547157575214,5.211368780580366,-3.227747861894203,4.631498574743886,4.701596007757753,0.07009743301386706,85.72804529497468
BBAI,10,-0.00764323500871701,0.24365980672725185,-0.11109000878821856,0.5563730801296484,0.4177926418194386,-0.13858043831020977,0.0
BBAJF,10,0.2828581225520996,2.5685248734240886,-0.11109000878821856,0.5563730801296484,1.2892967145018883,0.73292363437224,0.0
BBAL,10,0.10585744530698656,12.68348623853211,-12.035733145572962,10.337388645126977,8.419734992245184,-1.9176536528817927,-93.77593374713346
BBAR,10,-0.5335036811462309,7.013774800960445,-5.826000567697985,6.884487608355595,5.244920227668171,-1.6395673806874242,-2.402863719149164
BBBK,10,0.9432274862738438,5.715617715617717,-3.969370214095952,5.783880076563004,8.374608121394253,2.5907280448312493,0.2184996358339278
BBBMF,10,-0.00764323500871701,0.24365980672725185,-0.11109000878821856,0.5563730801296484,0.4177926418194386,-0.13858043831020977,0.0
BBBT,10,-0.039263337135677645,6.519756838905775,-3.4965034965034967,9.337721102426984,7.316109422492402,-2.0216116799345825,42.02737476417956
BBBXF,10,-0.16971392630186294,6.203014619772581,-8.313997072787634,10.286474714640695,8.667360812578742,-1.6191139020619527,-35.444579364587106
BBCMF,10,-0.00764323500871701,0.24365980672725185,-0.11109000878821856,0.5563730801296484,0.4177926418194386,-0.13858043831020977,0.0
BBCP,10,0.037969203461082915,11.124261559768126,-6.524449877750612,0.5563730801296484,4.762602885458855,4.206229805329206,0.0
BBD,10,0.15404192619382495,5.770113284732785,-4.0009818360333815,4.817746742794692,5.760219968147948,0.9424732253532557,-55.32729823667213
BBDC,10,0.9272951984968958,9.434112329166611,-6.915498294808639,5.884777735293622,5.997611109495783,0.112833374202161,8.48443294889521
BBDO,10,0.15404192619382495,5.770113284732785,-3.1136117591449004,4.817746742794692,4.9519338251732625,0.13418708237857047,-58.2752622208256
BBGI,10,-0.18566618566618567,3.9406207827260453,-8.442684766214178,5.205774555464862,4.07264130668386,-1.133133248781002,-11.145298696307968
BBIG,10,0.43624334883114596,6.492019730744459,-3.4356725146198834,0.5563730801296484,4.933680820408509,4.3773077402788605,0.0
BBII,10,-0.00764323500871701,0.24365980672725185,-0.11109000878821856,0.5563730801296484,0.4177926418194386,-0.13858043831020977,0.0
BBIO,10,0.30037378361375466,2.7261658229789845,-0.11109000878821856,0.5563730801296484,1.3418436976868537,0.7854706175572054,0.0
BBIXF,10,0.3931955657919725,3.561561862582945,-0.11109000878821856,0.5563730801296484,1.6203090442215071,1.0639359640918586,0.0
BBKCF,10,-0.00764323500871701,0.24365980672725185,-0.11109000878821856,0.5563730801296484,0.4177926418194386,-0.13858043831020977,0.0
BBLC,10,0.21466138846675772,10.568101623147495,-14.802427845906108,6.9277722282641845,5.11557633851353,-1.8121958897506545,-75.84579644527156
BBLG,10,-0.00764323500871701,0.24365980672725185,-0.11109000878821856,0.5563730801296484,0.4177926418194386,-0.13858043831020977,0.0
BBLGW,10,-0.00764323500871701,0.24365980672725185,-0.11109000878821856,0.5563730801296484,0.4177926418194386,-0.13858043831020977,0.0
BBLKF,10,-0.4113576286792005,6.252475527641034,-7.28978114201086,7.4903474548240645,4.631685161206411,-2.8586622936176536,1235.555548638965
BBLNF,10,-0.00764323500871701,0.24365980672725185,-0.11109000878821856,0.5563730801296484,0.4177926418194386,-0.13858043831020977,0.0
BBLR,10,0.1731334787970784,10.501089324618738,-8.539773839765449,10.494788947137577,10.107401282690676,-0.3873876644469014,-79.79864911047123
BBMPY,10,-0.007643235008717084,10.882711878610749,-10.72216028737768,4.102723770757481,0.4177926418194386,-3.6849311289380426,0.0
BBNA,10,-0.6790753981765216,13.958810068649885,-16.917812461290723,9.562749381589962,5.170978533553996,-4.391770848035965,-19.68743496146324
BBOE,10,0.28442383114936487,17.00721153846154,-28.143168604651162,10.091216840758637,8.687474817033108,-1.4037420237255294,66.66666915019367
BBOP,10,-0.00764323500871701,0.24365980672725185,-0.11109000878821856,0.5563730801296484,0.4177926418194386,-0.13858043831020977,0.0
BBRDF,10,-0.00764323500871701,0.24365980672725185,-0.11109000878821856,0.5563730801296484,0.4177926418194386,-0.13858043831020977,0.0
BBRRF,10,0.16890129170436946,11.148788520853659,-9.708737864077671,0.5563730801296484,4.697976641916094,4.141603561786446,0.0
BBRW,10,-0.00764323500871701,0.24365980672725185,-0.11109000878821856,0.5563730801296484,0.4177926418194386,-0.13858043831020977,0.0
BBRYF,10,-0.30938123752495017,6.703446473245958,-8.613923122065728,5.701968921182668,6.72542735042735,1.0234584292446822,-0.7245764090137362
BBSEY,10,0.9956709956709955,6.519114688128772,-6.315399053645488,4.991272232775878,7.650346523585959,2.6590742908100813,-56.53594765058134
BBSI,10,-0.5307369224895,9.566980794464987,-10.534486941052801,11.985671988590612,8.711108183474957,-3.2745638051156547,-10.13517206244607
BBSRF,10,-0.13191273465246076,7.791164658634536,-2.504478555621903,11.02595025388239,6.180056433146286,-4.845893820736104,21.117229452156884
BBTT,10,0.029715209432795733,22.09139332772638,-18.53448275862069,17.49252406317167,6.748766351229957,-10.743757711941711,203.3333327124519
BBU,10,0.48225209049206164,10.589878409464344,-11.509803921568626,0.5563730801296484,8.53501400560224,7.978640925472592,0.0
BBUC,10,-0.00764323500871701,0.24365980672725185,-0.11109000878821856,0.5563730801296484,0.4177926418194386,-0.13858043831020977,0.0
BBUCQ,10,-0.35557029422060105,7.160502540937323,-6.636327920377161,10.530754038480598,5.505039439088519,-5.025714599392079,39.16501744956944
BBUZ,10,-0.460667043140476,3.2803532008830025,-8.930006224183783,6.873964648660237,5.78113875464869,-1.092825894011547,432.17391501527743
BBVA,10,-0.047227811312318374,3.364197530864197,-4.232965359725924,3.200965700965701,4.2256718290876,1.0247061281218985,24.31932047375022
BBVXF,10,-0.04722781131231827,2.426628489620615,-4.110115236875799,3.200965700965701,4.1847217881375585,0.9837560871718574,25.84817331460341
BBW,10,-0.2952934388394327,12.630506748153806,-12.770742099656761,8.500502765208646,3.4106665082902015,-5.089836256918444,375.7138846736363
BBWI,10,-0.5853373518791746,2.2324068598462445,-4.094870271340859,8.134733633381368,4.3197959035553675,-3.814937729826,356.9937533600654
BBXIA,10,-0.00764323500871701,0.24365980672725185,-0.11109000878821856,0.5563730801296484,0.4177926418194386,-0.13858043831020977,0.0
BBXIB,10,-0.00764323500871701,0.24365980672725185,-0.11109000878821856,0.5563730801296484,0.4177926418194386,-0.13858043831020977,0.0
BBY,10,-0.7182940516273848,9.006894218161824,-11.164073231236033,7.434145375321847,3.987493987493987,-3.44665138782786,49.31155626220874
BC,10,0.15845501978499124,14.159746738932258,-12.104072398190045,5.897655907696802,9.819798364690005,3.9221424569932033,72.34109777692052
BCAB,10,-0.00764323500871701,0.24365980672725185,-0.11109000878821856,0.5563730801296484,0.4177926418194386,-0.13858043831020977,0.0
BCAL,10,-0.10787486515641866,15.837378640776699,-8.125,10.762540453074434,4.39940219682286,-6.363138256251575,34.23815330750492
BCAN,10,-0.00764323500871701,0.24365980672725185,-0.11109000878821856,0.5563730801296484,0.4177926418194386,-0.13858043831020977,0.0
BCAP,10,-0.21524772260890096,5.118952151831062,-7.400119260584376,7.067377311994928,2.1950047809173676,-4.872372531077561,0.0
BCAT,10,-0.00764323500871701,0.24365980672725185,-0.11109000878821856,0.5563730801296484,0.4177926418194386,-0.13858043831020977,0.0
BCAUF,10,-0.9507851096636146,5.292755991285404,-9.910798122065728,6.762746368094753,4.46049547765234,-2.302250890442413,-46.684984068639565
BCAX,10,-0.00764323500871701,0.24365980672725185,-0.11109000878821856,0.5563730801296484,0.4177926418194386,-0.13858043831020977,0.0
BCBCF,10,-0.00764323500871701,0.24365980672725185,-0.11109000878821856,0.5563730801296484,0.4177926418194386,-0.13858043831020977,0.0
BCBNF,10,-0.00764323500871701,0.24365980672725185,-0.11109000878821856,0.5563730801296484,0.4177926418194386,-0.13858043831020977,0.0
BCBP,10,-0.08530482256596904,15.155709342560554,-12.424242424242424,3.8510159139388915,5.350747388963949,1.4997314750250577,15.454685433059169
BCC,10,-1.0930103035366197,7.024733966062696,-13.66041366041366,9.587249170582504,4.7580055024142895,-4.829243668168215,57.757344595392304
BCCB,10,-0.00764323500871701,0.24365980672725185,-0.11109000878821856,0.5563730801296484,0.4177926418194386,-0.13858043831020977,0.0
BCCEF,10,0.8542875564152159,6.758893280632411,-5.8041351010101,9.036026839078955,6.926857425397267,-2.1091694136816885,668.5345020896564
BCCI,10,-0.29923215898825656,6.523809523809524,-5.83377262344052,7.2841052071235,6.515798143156633,-0.7683070639668665,4.9621491204979815
BCCLF,10,1.0310951766485807,11.346153846153847,-15.555555555555555,0.5563730801296484,6.903864515804815,6.347491435675167,0.0
BCCMY,10,0.30037378361375455,4.913752175977211,-2.492977528089887,0.5563730801296484,3.149067626734188,2.5926945466045397,0.0
BCCOY,10,-0.00764323500871701,0.24365980672725185,-0.11109000878821856,0.5563730801296484,0.4177926418194386,-0.13858043831020977,0.0
BCDA,10,-0.34680207805459895,8.89149667181704,-6.015037593984962,3.6734728117264352,5.898597962955749,2.2251251512293133,-27.55004756795409
BCDMF,10,-0.2575810794988876,14.728971962616823,-11.140460595646198,9.145137199675672,6.238280238280239,-2.906856961395433,-90.76923063697194
BCDRF,10,-0.7449554817975872,10.110619469026549,-10.942170240415855,5.231966916749525,6.47195148364739,1.2399845668978653,-15.585008531691212
BCDS,10,-0.5884253075264311,7.2142857142857135,-7.210401891252955,5.520412609197656,5.427067337875422,-0.09334527132223425,67.03297201291683
BCE,10,1.1045744257278924,10.397228009783497,-5.721210340775559,6.387036282795371,6.687315916348605,0.3002796335532336,4.8783031071038
BCEIF,10,-0.00764323500871701,0.24365980672725185,-0.11109000878821856,0.5563730801296484,0.4177926418194386,-0.13858043831020977,0.0
BCEKF,10,0.6427270361696591,9.361704117223516,-6.015503875968992,6.294920103062513,8.779548057898573,2.4846279548360606,-54.16216205906223
BCEPF,10,-0.00764323500871701,0.24365980672725185,-0.11109000878821856,0.5563730801296484,0.4177926418194386,-0.13858043831020977,0.0
BCEXF,10,-0.007643235008717029,13.877071204657414,-15.576615576615579,3.095317929518556,2.2113446501984133,-0.8839732793201427,0.0
BCG,10,-0.00764323500871701,0.24365980672725185,-0.11109000878821856,0.5563730801296484,0.4177926418194386,-0.13858043831020977,0.0
BCGWW,10,-0.00764323500871701,0.24365980672725185,-0.11109000878821856,0.5563730801296484,0.4177926418194386,-0.13858043831020977,0.0
BCH,10,0.5275818708654528,5.453616013775291,-3.813221823974513,4.046826243299217,6.064799988819796,2.017973745520579,-34.58096330055695
BCHEY,10,1.1680010543309942,6.153063818967711,-3.808528428093646,4.143683755137357,12.65501038405695,8.511326628919594,-56.11064053966929
BCHG,10,-0.00764323500871701,0.24365980672725185,-0.11109000878821856,0.5563730801296484,0.4177926418194386,-0.13858043831020977,0.0
BCHHF,10,-1.1248159604214136,9.418101278566395,-11.29763860449545,8.36303231652069,5.152872274045495,-3.210160042475194,49.76837340984563
BCHMF,10,1.0816237836137548,14.245030719190458,-10.36786830135176,8.571100871380958,3.6855936976868535,-4.885507173694105,373.7945566990687
BCHMY,10,-0.00764323500871701,0.24365980672725185,-0.11109000878821856,0.5563730801296484,0.4177926418194386,-0.13858043831020977,0.0
BCHPY,10,-0.00764323500871701,0.24365980672725185,-0.11109000878821856,0.5563730801296484,0.4177926418194386,-0.13858043831020977,0.0
BCHT,10,1.0617190138466732,6.3798049340218,-10.928490079721872,6.65048614771862,10.233317214700195,3.5828310669815746,128.70662743201876
BCII,10,0.6475960058359769,6.230831470010989,-3.834033613445378,0.5563730801296484,7.333566760037347,6.777193679907699,0.0
BCKIF,10,-0.02656481815630131,6.520562770562772,-6.122188139059306,5.5949966193373895,4.887170353230119,-0.7078262661072703,-26.23822769354814
BCKIY,10,-0.6550798586196818,5.671337909162878,-7.44281235390465,5.036679175225968,3.6657239498413223,-1.370955225384646,-31.8518548844862
BCLI,10,-1.4622414622414623,5.641025641025641,-12.198998917748918,7.76558510933511,7.816627816627817,0.05104270729270777,-15.912063210336374
BCLYF,10,-0.4230094370939439,9.708428826075885,-12.589602770241953,5.284043575815029,2.7603737784236952,-2.523669797391334,21.776503074592053
BCML,10,-0.12937595129375945,11.19718309859155,-11.708619374523266,9.119113303616727,7.9087210780574635,-1.2103922255592634,-15.143782387191598
BCMRF,10,-0.007643235008717022,2.425273128026633,-2.412130126127591,0.5563730801296484,1.9985072108832398,1.4421341307535913,0.0
BCMXY,10,-0.00764323500871701,0.24365980672725185,-0.11109000878821856,0.5563730801296484,0.4177926418194386,-0.13858043831020977,0.0
BCNAY,10,1.2256531132226933,11.038107060308727,-8.696973149519577,0.5563730801296484,8.043195539495862,7.486822459366214,0.0
BCNWF,10,-0.00764323500871701,0.24365980672725185,-0.11109000878821856,0.5563730801296484,0.4177926418194386,-0.13858043831020977,0.0
BCO,10,-1.3724877642403415,33.09431880860453,-25.86872586872587,10.447385443538698,15.608595608595607,5.161210165056909,-25.880489038523752
BCOMF,10,-0.7449554817975871,9.391891891891891,-10.205101021427552,12.52048695926247,2.9265164358598263,-9.593970523402644,82.16303437692838
BCOV,10,-0.052910052910052824,9.653614457831324,-11.025565677343518,6.459996744978651,7.473159509202453,1.0131627642238028,20.509898598889432
BCOW,10,0.4984821680718324,5.814092557644665,-1.4078140135615111,0.5563730801296484,3.908487283282152,3.3521142031525035,0.0
BCPC,10,-0.6885866758478227,18.972003796095443,-25.266437861271676,9.908575373714621,7.584655093459889,-2.3239202802547316,47.98143138727304
BCPPF,10,-0.00764323500871701,0.24365980672725185,-0.11109000878821856,0.5563730801296484,0.4177926418194386,-0.13858043831020977,0.0
BCRD,10,0.029715209432795833,5.1398517810184075,-7.2782352027341926,9.472148861616004,8.828017070533319,-0.6441317910826854,-30.591612062916035
BCRX,10,0.014707712498161484,7.328385899814472,-6.754783677860602,5.528857698820031,9.855072463768117,4.326214764948086,491.642284057952
BCS,10,-0.4230094370939439,9.708428826075885,-12.589602770241953,5.284043575815029,2.7603737784236952,-2.523669797391334,23.085941598299804
BCSA,10,-0.00764323500871701,0.24365980672725185,-0.11109000878821856,0.5563730801296484,0.4177926418194386,-0.13858043831020977,0.0
BCSAW,10,-0.00764323500871701,0.24365980672725185,-0.11109000878821856,0.5563730801296484,0.4177926418194386,-0.13858043831020977,0.0
BCSF,10,0.37086250541826593,7.6233030839604545,-4.3656015037593985,0.5563730801296484,4.128698470760049,3.5723253906304,0.0
BCSO,10,-0.007643235008716924,8.873303083960455,-9.022153167602246,0.5563730801296484,3.4098479161457664,2.853474836016118,-6.666666666666667
BCTCF,10,-0.00764323500871701,0.24365980672725185,-0.11109000878821856,0.5563730801296484,0.4177926418194386,-0.13858043831020977,0.0
BCTF,10,-1.0995247215719657,7.655642902322217,-8.015972346385361,9.863937355020042,5.461918264559497,-4.402019090460545,-12.32783600281168
BCTX,10,-0.2657256353889468,6.526889362710259,-9.122726226110984,7.335921576653789,8.138185750126048,0.8022641734722598,-24.742856706891743
BCTXW,10,-0.00764323500871701,0.24365980672725185,-0.11109000878821856,0.5563730801296484,0.4177926418194386,-0.13858043831020977,0.0
BCUCF,10,-0.5492780916509729,5.541871921182265,-5.225409836065573,8.073344280240832,5.751208896524936,-2.322135383715896,82.59686466814637
BCUCY,10,-0.45595063319845786,7.647142834473238,-9.151727620731792,9.68053789095905,5.998457662089359,-3.682080228869691,74.44347085171653
BCUFF,10,-0.47554188840679423,9.181011997913405,-6.92007797270955,9.797235687536844,3.5734883022760875,-6.223747385260756,220.31705922898337
BCV,10,0.023310023310023235,12.80568407138136,-13.319327731092436,5.902734786853059,9.677871148459383,3.7751363616063243,24.45638601739052
BCVVF,10,1.204071355357684,9.098137084052823,-0.999786370433668,0.5563730801296484,11.022301486525734,10.465928406396086,0.0
BCYC,10,0.19897260367275174,1.8135552035099578,-0.11109000878821856,0.5563730801296484,1.0376401578638448,0.4812670777341964,0.0
BDABF,10,-0.007643235008716973,3.4353109579762027,-3.5841610416179934,0.5563730801296484,1.597183874151016,1.0408107940213678,0.0
BDC,10,-1.0215878134500982,6.928553267226036,-8.794011689065972,5.022598260478717,5.709265262756422,0.686667002277705,8.812800931732315
BDCC,10,-0.00764323500871701,0.24365980672725185,-0.11109000878821856,0.5563730801296484,0.4177926418194386,-0.13858043831020977,0.0
BDCM,10,-0.5888585014906251,6.083916083916084,-5.50959825846032,9.496544737508593,10.181664104086428,0.685119366577835,8229.411456198643
BDCO,10,0.3966252607328541,8.81333553391649,-9.039588141310137,7.826597234550367,11.066329523888717,3.23973228933835,-67.28395185345053
BDCTF,10,-0.00764323500871701,0.24365980672725185,-0.11109000878821856,0.5563730801296484,0.4177926418194386,-0.13858043831020977,0.0
BDGR,10,0.07533241478195604,5.786317149022347,-5.980515373304747,3.9778074729657185,3.908891001619948,-0.06891647134577061,460.0000291037906
BDIMF,10,0.09586606808829037,2.6971260132645547,-3.3087340848268596,3.8470017153169542,6.155271276239017,2.308269560922063,144.8812409919369
BDL,10,-0.5401823579304496,4.323161189358373,-9.828258045894069,7.186069496462754,5.091545658038225,-2.0945238384245295,17.745623311011254
BDLNF,10,0.34169311277745007,13.137254901960784,-16.062992125984252,9.982149653511156,10.416714637772865,0.43456498426170853,-36.264438035083735
BDMD,10,-0.00764323500871701,0.24365980672725185,-0.11109000878821856,0.5563730801296484,0.4177926418194386,-0.13858043831020977,0.0
BDN,10,0.3435672514619884,5.247302158273381,-4.274193548387097,4.865843997865436,5.750899280575539,0.8850552827101028,-7.893492166909574
BDNNY,10,-1.433776309926345,10.046820132657043,-12.68144665263388,8.075494551483251,7.01618574968128,-1.0593088018019712,22.632443753802377
BDORY,10,0.0962000962000962,5.770113284732785,-4.7850567223029765,4.991272232775878,5.760219968147948,0.7689477353720697,-52.180698749804336
BDOUY,10,-0.6878306878306881,9.03420147682137,-13.600148230498425,11.15353570203966,8.727729942508818,-2.425805759530842,0.0
BDPT,10,-0.7101761956130886,8.179611650485436,-7.28978114201086,4.424520300222446,1.9840721395598804,-2.440448160662566,-73.20800334828354
BDRAF,10,-0.7449554817975871,13.193717277486911,-8.461538461538462,6.839201413894809,5.8695456590193436,-0.9696557548754656,35.212355212355206
BDRBF,10,-0.7449554817975871,13.193717277486911,-8.461538461538462,6.839201413894809,5.8695456590193436,-0.9696557548754656,35.749185667752435
BDRFF,10,0.36735922914784713,7.046600591201531,-6.698659770743716,10.985216573409476,8.102531638149834,-2.8826849352596415,-4.029170667789357
BDRFY,10,0.367359229147847,9.854635616704751,-6.1993887260925735,9.232916128730219,7.3073782871464275,-1.9255378415837914,-5.1960909411737815
BDRGF,10,-0.7478555611514817,11.017705698556762,-10.440376051459673,9.552999507267801,6.216465751515574,-3.336533755752227,69.6078472728858
BDRL,10,-0.17283950617283927,9.56877282887205,-7.642744892613933,5.129425581154364,8.541522889348975,3.4120973081946113,58.88888400461948
BDRSF,10,-0.010635550085844134,12.963928520642744,-11.485127553720758,5.670301733068186,6.094042821553008,0.42374108848482184,-33.33333333333355
BDRX,10,0.10909698049484638,5.892081294976869,-4.057377049180328,2.5481029169533316,3.4445025433287455,0.8963996263754139,0.0
BDSX,10,-0.00764323500871701,0.24365980672725185,-0.11109000878821856,0.5563730801296484,0.4177926418194386,-0.13858043831020977,0.0
BDTX,10,-0.00764323500871701,0.24365980672725185,-0.11109000878821856,0.5563730801296484,0.4177926418194386,-0.13858043831020977,0.0
BDUUY,10,-1.4324153213042101,15.606687180291242,-22.950019523623585,9.457040507268816,12.020860878728897,2.5638203714600802,-24.65975521659221
BDVB,10,0.30037378361375466,2.981709479657496,-2.6889534883720927,0.5563730801296484,3.923732499028896,3.3673594188992477,0.0
BDVC,10,0.39319556579197257,17.072762119201744,-8.741042747714355,0.5563730801296484,6.580010681835522,6.0236376017058735,0.0
BDVSY,10,-0.07323335916252639,7.281239105533143,-8.367149758454106,4.404046089145288,5.973395931142409,1.5693498419971217,-9.225536380310048
BDWBF,10,-0.00764323500871701,0.24365980672725185,-0.11109000878821856,0.5563730801296484,0.4177926418194386,-0.13858043831020977,0.0
BDWBY,10,-0.00764323500871701,0.24365980672725185,-0.11109000878821856,0.5563730801296484,0.4177926418194386,-0.13858043831020977,0.0
BDX,10,0.6475015518311609,9.782608695652176,-9.661835748792273,9.70999446290144,10.741820275461277,1.0318258125598376,-2.474482764831221
BDYS,10,-0.25518741633199465,20.428652002256065,-21.748096446700508,8.62654823498197,10.814180297048317,2.1876320620663474,212.4999999998828
BE,10,0.47128627641743925,9.098137084052823,-4.09150472579251,0.5563730801296484,6.557610434982088,6.00123735485244,0.0
BEAM,10,-0.00764323500871701,0.24365980672725185,-0.11109000878821856,0.5563730801296484,0.4177926418194386,-0.13858043831020977,0.0
BEAT,10,-0.00764323500871701,0.24365980672725185,-0.11109000878821856,0.5563730801296484,0.4177926418194386,-0.13858043831020977,0.0
BEATW,10,-0.00764323500871701,0.24365980672725185,-0.11109000878821856,0.5563730801296484,0.4177926418194386,-0.13858043831020977,0.0
BEBE,10,0.09844647777823784,9.05887701750398,-9.691886539693634,8.73207323135888,9.36658584021621,0.6345126088573299,44.68405161919296
BECEF,10,0.44697872188535964,4.045610267423429,-0.11109000878821856,0.5563730801296484,1.7816585125016686,1.2252854323720204,0.0
BECN,10,-0.9318556686977738,7.70979020979021,-9.634831460674157,11.718459443178544,5.113505548648525,-6.604953894530019,50.30706823500096
BECTY,10,-0.00764323500871701,0.24365980672725185,-0.11109000878821856,0.5563730801296484,0.4177926418194386,-0.13858043831020977,0.0
BEDU,10,0.03796920346108296,7.414902838733457,-3.4075573549257756,0.5563730801296484,2.382809880242697,1.8264368001130484,0.0
BEEM,10,1.101728085272939,12.066496163682865,-8.436607339046365,9.847414483513118,6.507260238842798,-3.3401542446703205,394.6558008838592
BEEP,10,-0.00764323500871701,0.24365980672725185,-0.11109000878821856,0.5563730801296484,0.4177926418194386,-0.13858043831020977,0.0
BEGI,10,-0.8626687696455139,6.973461321287409,-9.039588141310137,7.154082614667327,3.483934850915618,-3.6701477637517086,5.173216881890462
BEHL,10,0.042447264669486943,9.324087565255645,-5.71933962264151,2.211562893372708,10.079523463957427,7.867960570584719,0.0
BEIGF,10,-0.00764323500871701,0.24365980672725185,-0.11109000878821856,0.5563730801296484,0.4177926418194386,-0.13858043831020977,0.0
BEIJF,10,0.1082251082251083,10.878787878787879,-10.254901960784313,7.622103386809269,6.1861043151930275,-1.4359990716162416,-55.55555831502973
BEKAY,10,-0.25764895330112736,14.114665821982896,-19.000685477147677,4.232605359802237,1.7494523933390276,-2.4831529664632095,0.0
BEKE,10,-0.00764323500871701,0.24365980672725185,-0.11109000878821856,0.5563730801296484,0.4177926418194386,-0.13858043831020977,0.0
BEKSF,10,-0.42201072931429556,7.69803454437165,-5.106210239562543,6.123572357010949,3.0890628190678604,-3.0345095379430886,56.19357297760463
BELDF,10,-0.08993730085311953,6.125356125356125,-6.870905681513771,9.438902124280325,9.721753161469474,0.2828510371891486,9.803920881145997
BELFA,10,-0.38356643287190156,7.169823126981479,-6.12040211788305,6.092297675244143,4.9167711759708475,-1.1755264992732952,16.746688187573476
BELFB,10,-0.38356643287190156,7.6218888011465005,-6.12040211788305,6.092297675244143,5.938006014341891,-0.15429166090225177,-10.92857217156157
BELGF,10,-0.00764323500871701,0.24365980672725185,-0.11109000878821856,0.5563730801296484,0.4177926418194386,-0.13858043831020977,0.0
BELMF,10,-0.00764323500871701,0.24365980672725185,-0.11109000878821856,0.5563730801296484,0.4177926418194386,-0.13858043831020977,0.0
BELP,10,-0.00764323500871701,0.24365980672725185,-0.11109000878821856,0.5563730801296484,0.4177926418194386,-0.13858043831020977,0.0
BELR,10,-1.4898467841678338,3.000418385033769,-9.648585387310115,8.728715025952203,0.4177926418194386,-8.310922384132764,0.0
BEN,10,-0.528986087746001,5.534941249226964,-10.085852930197834,3.580420081155412,6.822876016605021,3.2424559354496094,10.150648563123204
BENCF,10,-0.00764323500871701,0.24365980672725185,-0.11109000878821856,0.5563730801296484,0.4177926418194386,-0.13858043831020977,0.0
BENF,10,-0.00764323500871701,0.24365980672725185,-0.11109000878821856,0.5563730801296484,0.4177926418194386,-0.13858043831020977,0.0
BENFW,10,-0.00764323500871701,0.24365980672725185,-0.11109000878821856,0.5563730801296484,0.4177926418194386,-0.13858043831020977,0.0
BENH,10,-0.007643235008717022,9.825451136059227,-9.725575811233183,2.633458403441139,2.3901110740405036,-0.2433473294006352,0.0
BENZF,10,-0.00764323500871701,0.24365980672725185,-0.11109000878821856,0.5563730801296484,0.4177926418194386,-0.13858043831020977,0.0
BEOB,10,0.5959595959595959,14.614583333333334,-8.821947283485745,9.128472222222221,5.386911930629682,-3.7415602915925392,5.847520355292381
BEOLF,10,-0.00764323500871701,0.24365980672725185,-0.11109000878821856,0.5563730801296484,0.4177926418194386,-0.13858043831020977,0.0
BEP,10,-0.24264996332035438,11.096285314224529,-10.473346604733464,8.40776457049069,10.635174808967934,2.227410238477244,62.92300028000538
BEPC,10,-0.00764323500871701,0.24365980672725185,-0.11109000878821856,0.5563730801296484,0.4177926418194386,-0.13858043831020977,0.0
BEPH,10,-0.00764323500871701,0.24365980672725185,-0.11109000878821856,0.5563730801296484,0.4177926418194386,-0.13858043831020977,0.0
BEPI,10,-0.00764323500871701,0.24365980672725185,-0.11109000878821856,0.5563730801296484,0.4177926418194386,-0.13858043831020977,0.0
BEPJ,10,-0.00764323500871701,0.24365980672725185,-0.11109000878821856,0.5563730801296484,0.4177926418194386,-0.13858043831020977,0.0
BEPTF,10,1.0455534825870647,9.630799125576878,-3.808528428093646,4.143683755137357,12.287667668825163,8.143983913687805,-37.52495200918958
BERI,10,-0.26848710409255705,9.808743169398907,-5.636989356956216,6.709422380783882,5.35571084889449,-1.3537115318893918,384.6522804858277
BERY,10,-1.116033630653514,5.846042120551924,-10.32488628979857,9.670470743530103,6.338085591611563,-3.3323851519185403,51.17512469293253
BESAF,10,-0.00764323500871701,0.24365980672725185,-0.11109000878821856,0.5563730801296484,0.4177926418194386,-0.13858043831020977,0.0
BESIY,10,-0.6226987221139267,11.13699012526606,-13.071326091412173,9.852175553824125,9.086028515582196,-0.7661470382419289,135.69421068969964
BEST,10,0.20567681391678505,8.380925490299079,-3.406214039125431,0.5563730801296484,2.969591384225531,2.4132183040958823,0.0
BESVF,10,0.43624334883114596,16.96969696969697,-16.062992125984252,10.423599319549798,5.440182748895519,-4.983416570654279,280.1461851500495
BETR,10,-0.00764323500871701,0.24365980672725185,-0.11109000878821856,0.5563730801296484,0.4177926418194386,-0.13858043831020977,0.0
BETRF,10,-0.6503195048001844,7.998270644185041,-7.164307164307165,9.617161302554562,5.808101525797426,-3.8090597767571364,-81.70854279823139
BETRW,10,-0.00764323500871701,0.24365980672725185,-0.11109000878821856,0.5563730801296484,0.4177926418194386,-0.13858043831020977,0.0
BETSF,10,0.43415204239201344,10.854077612941076,-10.088691796008867,4.0765846762190066,5.33910533910534,1.2625206628863337,0.0
BEUT,10,-0.01523262392827629,11.288057015475841,-9.079789551288496,6.908918877330289,7.280020703933747,0.37110182660345803,-97.65624982947
BEVFF,10,-0.571194339740334,11.678447798257782,-8.425074561222669,8.364718474618948,4.909574228936247,-3.4551442456827015,4.050876662224231
BEVVF,10,-0.00764323500871701,0.24365980672725185,-0.11109000878821856,0.5563730801296484,0.4177926418194386,-0.13858043831020977,0.0
BEWFF,10,-0.00764323500871701,0.24365980672725185,-0.11109000878821856,0.5563730801296484,0.4177926418194386,-0.13858043831020977,0.0
BF-A,10,0.9705488621151276,11.096285314224529,-15.321637426900585,11.043243494111719,11.536545655482485,0.49330216137076555,4.411209065804096
BF-B,10,0.9705488621151274,11.096285314224529,-7.875457875457874,11.043243494111719,11.536545655482485,0.49330216137076555,5.215589273622747
BFAC,10,-0.00764323500871701,0.24365980672725185,-0.11109000878821856,0.5563730801296484,0.4177926418194386,-0.13858043831020977,0.0
BFAM,10,-0.5307369224894999,7.700191659236028,-6.241721854304636,14.511636816033622,12.23558433549183,-2.276052480541793,0.0891248910760326
BFC,10,-0.09589947089947061,13.552425665101723,-11.012743125419181,11.367195568144936,7.586258290483642,-3.7809372776612937,2.68879591400638
BFCC,10,-0.00764323500871701,0.24365980672725185,-0.11109000878821856,0.5563730801296484,0.4177926418194386,-0.13858043831020977,0.0
BFCH,10,0.05230258961602215,21.803713527851457,-22.61056971514243,16.22972167762273,9.457947465927369,-6.771774211695362,379.9547413757999
BFDE,10,-0.007643235008717121,12.427526063696977,-6.868131868131868,7.854971868569405,2.0392338810580473,-5.8157379875113575,360.0
BFFAF,10,-1.6600000782004514,6.703446473245958,-14.197028970536293,8.012402130569988,4.717750755967317,-3.2946513746026715,-1.1887925028040165
BFGFF,10,-0.007643235008717022,4.191538134597228,-2.412130126127591,0.5563730801296484,2.587262213073438,2.0308891329437895,0.0
BFH,10,-0.43853411084245947,31.191745378596593,-28.412717650385815,6.47783765718344,5.770621865457887,-0.7072157917255533,-12.0518516285954
BFHJ,10,-1.1977410773979718,5.350467289719626,-11.150793650793652,11.999579686495574,4.92365305904221,-7.075926627453364,1145.2830373684064
BFICQ,10,1.2256531132226933,10.902526234873456,-1.2798979483363446,0.5563730801296484,11.06845296865315,10.512079888523502,0.0
BFIN,10,-1.1482101622946694,10.054906164745981,-7.31842469819909,9.136298245209138,5.1036287507686895,-4.032669494440449,-6.239831618294529
BFIWQ,10,-0.00764323500871701,0.24365980672725185,-0.11109000878821856,0.5563730801296484,0.4177926418194386,-0.13858043831020977,0.0
BFK,10,0.9384626405903005,8.850697220001775,-8.363609179935711,8.075360014135525,8.946711818882166,0.8713518047466415,7.125326231732157
BFLBF,10,-0.8605774632063813,9.964709234782227,-12.121888247856436,6.040893870547952,6.492707283448603,0.451813412900651,7.255197271242525
BFLBY,10,-0.23880695339970537,4.836456131551607,-6.585081585081584,6.331677394443847,3.132339675063142,-3.1993377193807055,27.096774358944565
BFLY,10,-0.00764323500871701,0.24365980672725185,-0.11109000878821856,0.5563730801296484,0.4177926418194386,-0.13858043831020977,0.0
BFNH,10,-0.7478555611514817,7.376543209876543,-4.930467762326169,7.577652699603919,6.293018682399212,-1.2846340172047075,395.6363731691661
BFRG,10,-0.00764323500871701,0.24365980672725185,-0.11109000878821856,0.5563730801296484,0.4177926418194386,-0.13858043831020977,0.0
BFRGW,10,-0.00764323500871701,0.24365980672725185,-0.11109000878821856,0.5563730801296484,0.4177926418194386,-0.13858043831020977,0.0
BFRI,10,-0.00764323500871701,0.24365980672725185,-0.11109000878821856,0.5563730801296484,0.4177926418194386,-0.13858043831020977,0.0
BFRIW,10,-0.00764323500871701,0.24365980672725185,-0.11109000878821856,0.5563730801296484,0.4177926418194386,-0.13858043831020977,0.0
BFS,10,0.17822333611807314,10.106895444327202,-5.898478117024294,7.23849813550714,5.980259567703514,-1.2582385678036259,-18.005449397254264
BFSAF,10,-0.00764323500871701,0.24365980672725185,-0.11109000878821856,0.5563730801296484,0.4177926418194386,-0.13858043831020977,0.0
BFST,10,0.20354279769826183,3.657164327395904,-3.524256651017214,0.5563730801296484,4.046962648544744,3.4905895684150954,0.0
BFYW,10,-0.131509371753479,7.527888720561906,-6.5564504733644196,8.265097584798015,5.595215700620663,-2.669881884177352,5412.694155721769
BFZ,10,0.6902356902356903,9.582472314947278,-8.363609179935711,8.075360014135525,7.9581059361698365,-0.1172540779656881,8.786890413493339
BG,10,0.27235666579928886,6.215343871555078,-10.285038073677711,5.515702168707634,5.241133135869979,-0.2745690328376549,49.308003568831296
BGACF,10,-0.00764323500871701,0.24365980672725185,-0.11109000878821856,0.5563730801296484,0.4177926418194386,-0.13858043831020977,0.0
BGADF,10,-0.4959629921189037,26.217968997152802,-12.166558230318802,18.23964034946349,5.531808429572223,-12.707831919891266,-70.87692368637174
BGAOF,10,0.6475015518311608,10.467743626177803,-9.868448679056769,6.246643716437165,7.163939855842865,0.9172961394056998,-35.84067696981935
BGAOY,10,-0.12732347004110492,6.0624079737229595,-7.994021234924235,9.801650667792401,9.589888690013439,-0.21176197777896277,-33.15345569478781
BGAVF,10,0.009389982545679527,20.229133598403294,-12.639053893509018,10.505992587573319,13.917033949396403,3.4110413618230844,-23.137616647703585
BGC,10,-0.8352758352758353,7.853530816027929,-9.535699824537726,8.587828812547913,3.8850267379679146,-4.702802074579999,-3.440782481310309
BGCHY,10,-0.00764323500871701,0.24365980672725185,-0.11109000878821856,0.5563730801296484,0.4177926418194386,-0.13858043831020977,0.0
BGDFF,10,-0.00764323500871701,0.24365980672725185,-0.11109000878821856,0.5563730801296484,0.4177926418194386,-0.13858043831020977,0.0
BGEM,10,0.5258422979941968,4.120879120879121,-3.928571428571429,4.932527936967763,6.810015143348477,1.8774872063807138,-87.65432126490147
BGFGF,10,-0.00764323500871701,0.24365980672725185,-0.11109000878821856,0.5563730801296484,0.4177926418194386,-0.13858043831020977,0.0
BGFV,10,-0.18584774398727927,5.522733623408248,-9.953627932351338,8.13974643242936,4.192058631108364,-3.9476878013209964,884.7740070731099
BGI,10,-0.3703703703703704,6.735027730120098,-7.822390717445,5.887522712872891,5.802795276479486,-0.08472743639340496,204.24627849199263
BGLAF,10,0.47128627641743914,10.203364052523792,-8.125,7.223878649158736,4.772603617958841,-2.451275031199895,35.1549156571733
BGLC,10,-0.00764323500871701,0.24365980672725185,-0.11109000878821856,0.5563730801296484,0.4177926418194386,-0.13858043831020977,0.0
BGM,10,-0.00764323500871701,0.24365980672725185,-0.11109000878821856,0.5563730801296484,0.4177926418194386,-0.13858043831020977,0.0
BGMD,10,-0.5639044183435629,6.666666666666667,-11.515762737188108,7.5375550887719,9.344941956882254,1.8073868681103535,2.0408167144199325
BGNE,10,1.3124896228572533,12.105263157894736,-15.394736842105264,0.5563730801296484,6.866234735775609,6.30986165564596,0.0
BGNX,10,1.2190874259839777,15.11840720228933,-6.69877012476283,1.9309792794557612,5.472590824123635,3.541611544667874,209.9999941792464
BGOPF,10,-0.007643235008716924,8.380925490299079,-5.369487673222007,0.5563730801296484,2.520756078455848,1.9643829983261996,85.48386569573906
BGOUF,10,-0.12140915755373587,12.430964118693922,-7.751436781609195,6.366707287163923,3.364281476308046,-3.002425810855877,53.035049167357535
BGPBF,10,-0.763088327473905,12.22731516849164,-11.500733455994434,11.959184963879798,5.4948103564345,-6.464374607445298,159.08861652444284
BGR,10,0.16747249667157163,4.088618069660724,-3.9844738478694435,2.644215439714871,4.794263784906835,2.1500483451919634,-12.707924370061535
BGRDF,10,0.3015836171406614,3.538707124364495,-0.9045155386618804,0.5563730801296484,2.559329819395249,2.0029567392656005,0.0
BGRP,10,-1.0433689503456947,3.504316912138142,-6.983534204719063,6.900837435636281,6.036467089098668,-0.8643703465376129,-21.08261989247305
BGS,10,-0.6442436412315931,3.0414438502673793,-7.164307164307165,10.636970877934735,5.6939581784609485,-4.943012699473786,86.02317340569637
BGSF,10,-0.6079300816142923,7.061143984220909,-7.324704878395678,10.761937062605531,5.688737267684637,-5.073199794920894,-33.575544102202294
BGTTF,10,-0.00764323500871701,0.24365980672725185,-0.11109000878821856,0.5563730801296484,0.4177926418194386,-0.13858043831020977,0.0
BGUUF,10,-2.5473287739121817,19.047853728253905,-21.483265938225934,25.40606558686893,11.362723224540561,-14.043342362328369,79900.00023283061
BGXX,10,-0.00764323500871701,0.24365980672725185,-0.11109000878821856,0.5563730801296484,0.4177926418194386,-0.13858043831020977,0.0
BH,10,-0.5177145708582835,6.973461321287409,-6.2375917632393,9.081721132277208,4.359917043740573,-4.721804088536635,102.78712308863336
BH-A,10,0.30037378361375466,3.484583160315762,-0.9473981900452486,0.5563730801296484,3.7114686880203323,3.1550956078906838,0.0
BHAC,10,-0.00764323500871701,0.24365980672725185,-0.11109000878821856,0.5563730801296484,0.4177926418194386,-0.13858043831020977,0.0
BHACW,10,-0.00764323500871701,0.24365980672725185,-0.11109000878821856,0.5563730801296484,0.4177926418194386,-0.13858043831020977,0.0
BHAGF,10,-0.00764323500871701,0.24365980672725185,-0.11109000878821856,0.5563730801296484,0.4177926418194386,-0.13858043831020977,0.0
BHAT,10,0.47128627641743914,4.264378258212145,-0.11109000878821856,0.5563730801296484,1.8545811760979072,1.298208095968259,0.0
BHB,10,-0.8747845724133833,9.344528710725895,-7.363701729898914,7.046856097489009,4.130739127320558,-2.916116970168451,12.079137473300667
BHBSY,10,-0.00764323500871701,0.24365980672725185,-0.11109000878821856,0.5563730801296484,0.4177926418194386,-0.13858043831020977,0.0
BHC,10,-0.4358316535336877,11.87421777221527,-10.657640232108317,9.138182791288893,10.147912162930936,1.0097293716420435,22.091912415100627
BHDB,10,0.005065471215459737,5.594405594405594,-12.815615756792228,11.042851229767118,8.155187400930613,-2.887663828836505,-18.072289156626507
BHE,10,0.04299965600275178,23.013923013923016,-27.010135135135137,8.955574849866146,17.490220483641536,8.53464563377539,-13.247317221427238
BHF,10,0.508707116947088,3.41626989273209,-2.353852109949671,0.5563730801296484,3.8450122596464062,3.2886391795167578,0.0
BHFAL,10,1.5160955795785176,7.702859800046502,-0.11109000878821856,0.5563730801296484,7.044785959810635,6.488412879680986,0.0
BHHKF,10,0.6067463326333624,4.810733181036856,-3.0773655450100654,0.5563730801296484,4.443767728546696,3.8873946484170476,0.0
BHIL,10,-0.00764323500871701,0.24365980672725185,-0.11109000878821856,0.5563730801296484,0.4177926418194386,-0.13858043831020977,0.0
BHILW,10,-0.00764323500871701,0.24365980672725185,-0.11109000878821856,0.5563730801296484,0.4177926418194386,-0.13858043831020977,0.0
BHKLY,10,-0.9318556686977738,7.087716695335285,-7.192807192807193,5.640063430431702,5.181640971114656,-0.4584224593170463,-11.957594615211892
BHLB,10,-0.5322455322455322,16.176470588235293,-14.08587825374052,8.98876495943535,7.755687640910022,-1.2330773185253285,-10.905216578433912
BHLIF,10,-0.00764323500871701,0.24365980672725185,-0.11109000878821856,0.5563730801296484,0.4177926418194386,-0.13858043831020977,0.0
BHLL,10,-0.00764323500871701,0.24365980672725185,-0.11109000878821856,0.5563730801296484,0.4177926418194386,-0.13858043831020977,0.0
BHM,10,-0.00764323500871701,0.24365980672725185,-0.11109000878821856,0.5563730801296484,0.4177926418194386,-0.13858043831020977,0.0
BHOOY,10,0.3617253617253616,7.081765309613411,-5.982548965005105,11.649488987574278,8.789580573206303,-2.8599084143679754,-6.903786437449699
BHP,10,0.44618178946537135,7.550021156984827,-9.830369916206827,2.8139545306764355,8.798810987047704,5.9848564563712685,10.305108629508196
BHPA,10,0.636205899363794,25.771324863883848,-12.166558230318802,18.388521727219807,11.488062764658508,-6.900458962561299,-80.26377711840134
BHPLF,10,0.44618178946537135,7.550021156984827,-9.830369916206827,2.8139545306764355,8.798810987047704,5.9848564563712685,11.785433835627636
BHR,10,0.012616406059029077,9.682187730968218,-11.445643558319615,5.200401093602636,10.03455073877609,4.834149645173454,-47.16413934094785
BHRB,10,-1.199345426607017,7.1121431028551765,-8.212765173157381,11.592225421463263,10.107984620760961,-1.4842408007023025,-4.2913899200641605
BHSIF,10,-0.5434436157327722,6.77957732569623,-11.298541556844139,12.961536208768683,8.329653413065833,-4.63188279570285,3.409091823095477
BHTLF,10,-0.00764323500871701,0.24365980672725185,-0.11109000878821856,0.5563730801296484,0.4177926418194386,-0.13858043831020977,0.0
BHV,10,-0.1275664251207729,13.175122749590834,-11.562219523784382,8.364121619239043,10.878861222568327,2.514739603329284,3.7203364821547895
BHVN,10,-0.00764323500871701,0.24365980672725185,-0.11109000878821856,0.5563730801296484,0.4177926418194386,-0.13858043831020977,0.0
BIAF,10,-0.00764323500871701,0.24365980672725185,-0.11109000878821856,0.5563730801296484,0.4177926418194386,-0.13858043831020977,0.0
BIAFW,10,-0.00764323500871701,0.24365980672725185,-0.11109000878821856,0.5563730801296484,0.4177926418194386,-0.13858043831020977,0.0
BICB,10,-0.3344771020512592,5.206037534228276,-6.829147593715206,11.817908678105837,5.138118008126128,-6.67979066997971,885.8064250590763
BICEY,10,-0.8747845724133833,8.147971191449452,-9.461286524277554,3.7913551904645835,5.165315123061602,1.3739599325970189,-15.767789487750628
BICTF,10,0.2828581225520996,11.148788520853659,-8.6831263864481,0.5563730801296484,5.039847134459285,4.483474054329636,0.0
BICX,10,-0.38282864604331696,5.184766214177979,-8.129777334662679,6.490972180448878,6.065667745122696,-0.4253044353261819,34.408421830293534
BIDCF,10,-0.00764323500871701,0.24365980672725185,-0.11109000878821856,0.5563730801296484,0.4177926418194386,-0.13858043831020977,0.0
BIDU,10,0.014707712498161484,8.40325451309433,-13.958810068649885,6.51878858846072,4.050358848129481,-2.4684297403312385,46.342861154739694
BIEI,10,0.019784548086434928,6.870009765064047,-4.37496319849261,5.4428508929271375,3.890842177735882,-1.5520087151912554,152.01793508006537
BIEL,10,0.4859584859584861,14.814814814814815,-12.307692307692307,4.716270745906647,6.87098087098087,2.1547101250742227,152.7941218615916
BIESF,10,-0.0010925379656942329,8.402777777777779,-6.094839609483961,6.036793372319688,2.8448640869111785,-3.1919292854085097,59.26524034671392
BIGC,10,-0.00764323500871701,0.24365980672725185,-0.11109000878821856,0.5563730801296484,0.4177926418194386,-0.13858043831020977,0.0
BIGGQ,10,0.15737588553122522,7.832121612690019,-7.692307692307692,5.44205619876665,6.722036133800839,1.2799799350341887,109.04759719509218
BIGZ,10,-0.00764323500871701,0.24365980672725185,-0.11109000878821856,0.5563730801296484,0.4177926418194386,-0.13858043831020977,0.0
BIIAF,10,1.5160955795785176,11.124261559768126,-8.604095563139932,0.5563730801296484,8.332106908362123,7.775733828232474,0.0
BIIB,10,-1.3724877642403415,7.225592939878654,-12.122832543660023,7.25245171269135,5.7695430729138595,-1.4829086397774907,8.207394522154406
BIJBF,10,-0.2684871040925572,4.071283685888149,-8.772599949070539,5.728447347108605,0.4177926418194386,-5.310654705289166,0.0
BILBF,10,-0.00764323500871701,0.24365980672725185,-0.11109000878821856,0.5563730801296484,0.4177926418194386,-0.13858043831020977,0.0
BILI,10,0.10909698049484629,7.931511742119831,-7.862900494479441,0.5563730801296484,6.5621038269873475,6.005730746857699,0.0
BILL,10,-0.00764323500871701,0.24365980672725185,-0.11109000878821856,0.5563730801296484,0.4177926418194386,-0.13858043831020977,0.0
BIMI,10,0.516168686184491,6.119162640901772,-5.628350208457418,4.211005146677933,10.788190645040652,6.577185498362719,-87.74347666299155
BIMO,10,0.2955286893110726,6.512617816965642,-9.004436423791262,8.33170413815575,7.267130095536069,-1.0645740426196815,-96.5480044061946
BIMT,10,1.5160955795785176,13.66766198666185,-0.11109000878821856,0.5563730801296484,4.989009085581142,4.432636005451494,0.0
BINP,10,-0.08456809863909326,8.69821861494677,-6.788555950567124,7.686903822668555,5.235123088250909,-2.451780734417645,-57.000000000000014
BIO,10,-0.08314651679243873,11.51891100198156,-10.184900792431966,9.169774735901209,11.059725417153581,1.8899506812523725,115.519513319951
BIO-B,10,-0.08314651679243863,11.51891100198156,-10.184900792431966,11.542000714147898,11.059725417153581,-0.4822752969943167,118.30574528584832
BIOA,10,-0.00764323500871701,0.24365980672725185,-0.11109000878821856,0.5563730801296484,0.4177926418194386,-0.13858043831020977,0.0
BIOAF,10,-0.6897331524197193,4.338834597137179,-8.160013418316,11.915360162592634,6.290588238347371,-5.624771924245263,59.63464694720542
BIOCQ,10,-0.9004492415976091,8.884776739882636,-12.646854298576292,10.792714523658091,3.7418763058844107,-7.050838217773681,-48.40343180560789
BIOE,10,-0.00764323500871701,0.24365980672725185,-0.11109000878821856,0.5563730801296484,0.4177926418194386,-0.13858043831020977,0.0
BIOF,10,1.187885415280281,6.279644987632766,-4.2893187552565175,6.132184499496675,10.912948674717178,4.7807641752205035,412.6159603739701
BIOGF,10,-0.00764323500871701,0.24365980672725185,-0.11109000878821856,0.5563730801296484,0.4177926418194386,-0.13858043831020977,0.0
BIOGY,10,-0.00764323500871701,0.24365980672725185,-0.11109000878821856,0.5563730801296484,0.4177926418194386,-0.13858043831020977,0.0
BIOIF,10,0.647596005835977,5.6695458747558165,-5.863744099038216,2.473924443546314,5.657404988899046,3.1834805453527317,0.0
BIOL,10,-0.119952019192323,8.367240479916537,-12.638759385581784,6.753035515591324,8.772647932157836,2.0196124165665124,-12.574648835057618
BIOLQ,10,-0.119952019192323,8.367240479916537,-12.638759385581784,6.753035515591324,8.772647932157836,2.0196124165665124,-12.5
BIONQ,10,0.752617146059769,9.705325763719923,-11.701974347888743,8.046586846794257,9.884736947443217,1.83815010064896,-78.30802714305028
BIOQ,10,-1.1237133185747044,6.227889757301522,-7.757941716986085,11.70738970617685,7.8154270727673145,-3.891962633409535,98.3480825958702
BIOR,10,-0.00764323500871701,0.24365980672725185,-0.11109000878821856,0.5563730801296484,0.4177926418194386,-0.13858043831020977,0.0
BIOVF,10,-0.00764323500871701,0.24365980672725185,-0.11109000878821856,0.5563730801296484,0.4177926418194386,-0.13858043831020977,0.0
BIOX,10,1.0642626725026436,5.153733964342054,-4.761291983013771,0.5563730801296484,8.429202590829151,7.8728295106995025,0.0
BIOYF,10,0.5106096740659205,10.30142205892359,-6.292481255693365,2.5015760108899117,5.252974660930257,2.7513986500403456,25.21604326625831
BIP,10,0.30097945091251677,14.937430882952096,-10.733003617036982,7.382836099008987,8.122138905271436,0.7393028062624492,28.199938652121183
BIPC,10,-0.00764323500871701,0.24365980672725185,-0.11109000878821856,0.5563730801296484,0.4177926418194386,-0.13858043831020977,0.0
BIPH,10,-0.00764323500871701,0.24365980672725185,-0.11109000878821856,0.5563730801296484,0.4177926418194386,-0.13858043831020977,0.0
BIPI,10,-0.00764323500871701,0.24365980672725185,-0.11109000878821856,0.5563730801296484,0.4177926418194386,-0.13858043831020977,0.0
BIPJ,10,-0.00764323500871701,0.24365980672725185,-0.11109000878821856,0.5563730801296484,0.4177926418194386,-0.13858043831020977,0.0
BIQIF,10,-0.382828646043317,11.786345439463338,-18.327340215752233,5.761567541647487,4.357398969199745,-1.404168572447742,-92.61316291114348
BIRD,10,-0.00764323500871701,0.24365980672725185,-0.11109000878821856,0.5563730801296484,0.4177926418194386,-0.13858043831020977,0.0
BIRDF,10,0.03952991452991449,4.58371040723982,-3.4406565656565666,4.816365007541478,4.482175036752502,-0.3341899707889757,72.84797894006813
BIREF,10,-0.05730107138557851,9.843008397225264,-10.44906900328587,3.9333779531799333,3.047606908418839,-0.8857710447610945,244.76558005546
BIRK,10,-0.00764323500871701,0.24365980672725185,-0.11109000878821856,0.5563730801296484,0.4177926418194386,-0.13858043831020977,0.0
BIRMF,10,-0.4831899568741675,5.405405405405405,-5.180180180180182,9.984984984984985,3.549429128376497,-6.435555856608488,122.5549673795613
BIRNF,10,1.2629219981204365,11.169230525373088,-7.015174386271552,7.215402661619947,9.589338457706132,2.373935796086185,217.2727352774835
BISA,10,-0.6404320987654321,22.1455938697318,-25.668629100084104,15.096408435348723,5.771330910349602,-9.32507752499912,5505.999821884852
BIT,10,0.4171161452714851,8.941589141375628,-9.27023445570175,4.176148811474825,6.693861693861694,2.5177128823868697,8.902233076801085
BITCF,10,0.4348948251387274,9.925546765937645,-4.644161484552365,8.689618664559019,7.788165508035214,-0.9014531565238046,-91.2634241850821
BITF,10,0.30037378361375466,2.7261658229789845,-0.11109000878821856,0.5563730801296484,1.3418436976868537,0.7854706175572054,0.0
BITGF,10,-1.048051506767103,10.892538833715305,-13.096172135704798,5.002983727606998,6.637067689699268,1.6340839620922702,105.60748030060884
BITRF,10,0.07642891078473897,4.243827160493826,-7.5622310692886145,5.278397780056705,6.724629836455915,1.4462320563992108,-34.980986253034544
BITTF,10,0.33676890412457067,9.708593958438325,-5.50013758943313,8.854473450287573,10.220522710280116,1.3660492599925433,253.2729676665553
BIVI,10,-0.00764323500871701,0.24365980672725185,-0.11109000878821856,0.5563730801296484,0.4177926418194386,-0.13858043831020977,0.0
BIXT,10,-0.6433837107949594,4.7624583430210015,-4.7343876723438765,10.794914817047008,5.274511163594486,-5.520403653452522,-99.76630687017172
BJ,10,0.32979939566648536,14.764966590647843,-5.950982037938562,0.5563730801296484,9.291210359743891,8.734837279614243,0.0
BJCHF,10,-0.8485995240962128,2.858543902157609,-10.197210197210197,9.07387365720699,6.258715188377129,-2.8151584688298614,-40.76690367582628
BJCHY,10,-0.2047988802955689,5.43610195942431,-8.195637064771429,8.600805059138393,6.258715188377129,-2.3420898707612645,-34.856192980640515
BJDX,10,-0.00764323500871701,0.24365980672725185,-0.11109000878821856,0.5563730801296484,0.4177926418194386,-0.13858043831020977,0.0
BJGBF,10,-0.00764323500871701,0.24365980672725185,-0.11109000878821856,0.5563730801296484,0.4177926418194386,-0.13858043831020977,0.0
BJINF,10,-1.048051506767103,8.777462918390817,-10.376051223241591,7.820891343419713,6.867617978729089,-0.9532733646906237,-17.48100114595202
BJRI,10,-1.116033630653514,12.746541915735364,-11.873926258755123,8.504542952525968,6.654788373956786,-1.8497545785691818,13.869487077972448
BJTRF,10,-0.00764323500871701,0.24365980672725185,-0.11109000878821856,0.5563730801296484,0.4177926418194386,-0.13858043831020977,0.0
BJURD,10,-0.7015355371409902,7.239583333333334,-5.7170245398773005,6.892361111111112,1.5819868634716086,-5.310374247639503,-58.33333178112901
BJWTF,10,-0.00764323500871701,0.24365980672725185,-0.11109000878821856,0.5563730801296484,0.4177926418194386,-0.13858043831020977,0.0
BJWTY,10,1.204071355357684,10.859443968674348,-0.11109000878821856,0.5563730801296484,4.052936412918641,3.496563332788993,0.0
BK,10,0.8939974457215837,6.434165257694669,-2.9878618113912228,2.6618198874296435,6.714876762206039,4.053056874776395,16.779986153433583
BKAHF,10,-0.5656343534298455,4.71022858462249,-8.986515678650203,7.289975597030291,4.830910597273481,-2.4590649997568104,-21.90305237202193
BKALF,10,-0.00764323500871701,0.24365980672725185,-0.11109000878821856,0.5563730801296484,0.4177926418194386,-0.13858043831020977,0.0
BKAMF,10,-0.00764323500871701,0.24365980672725185,-0.11109000878821856,0.5563730801296484,0.4177926418194386,-0.13858043831020977,0.0
BKAYF,10,-0.00764323500871701,0.24365980672725185,-0.11109000878821856,0.5563730801296484,0.4177926418194386,-0.13858043831020977,0.0
BKBLF,10,-0.00764323500871701,0.24365980672725185,-0.11109000878821856,0.5563730801296484,0.4177926418194386,-0.13858043831020977,0.0
BKCYF,10,0.8540524622924335,8.380925490299079,-5.014605647517039,0.5563730801296484,5.264663159400001,4.708290079270353,0.0
BKD,10,-0.16086793864571647,6.5,-8.062394781144782,6.455268672720277,7.617505995203838,1.162237322483561,-23.48823225755417
BKDT,10,-0.00764323500871701,0.24365980672725185,-0.11109000878821856,0.5563730801296484,0.4177926418194386,-0.13858043831020977,0.0
BKE,10,0.5373029925459591,10.119127742630234,-5.959741193386055,6.187467776252824,8.352039368620753,2.1645715923679294,95.51625968657105
BKEAF,10,-0.38665990824137986,4.658269282562308,-9.84566402244887,5.012503940729708,3.145812055355034,-1.866691885374674,-27.498924866194603
BKEAY,10,-0.38665990824137964,3.0342549121891853,-8.259635331368052,5.923639150216346,3.3063864957451075,-2.6172526544712382,-33.31934587667176
BKEN,10,-0.1211618527192298,10.628293325526933,-10.784709409594097,7.7060824216263235,6.380338672005339,-1.325743749620984,-76.47058898051117
BKESY,10,0.7607596851095669,8.62927487119195,-7.518254031934526,3.771886345381896,11.202003387146187,7.430117041764291,45.33333577158604
BKFAF,10,0.16890129170436965,4.761460978697296,-3.3214103219213076,0.5563730801296484,2.568867461197307,2.0124943810676585,0.0
BKFKF,10,1.0642626725026434,13.091877566037306,-13.5063853549499,6.7566636966496665,6.75517622886044,-0.0014874677892269261,0.0
BKFKY,10,-0.00764323500871701,0.24365980672725185,-0.11109000878821856,0.5563730801296484,0.4177926418194386,-0.13858043831020977,0.0
BKFL,10,-0.00764323500871701,0.24365980672725185,-0.11109000878821856,0.5563730801296484,0.4177926418194386,-0.13858043831020977,0.0
BKGFY,10,0.21479328165374678,10.8623677207748,-7.495445730739849,10.019523632237707,7.907905625643885,-2.1116180065938224,-3.3418412530724604
BKH,10,0.6858330252825664,8.98305573997633,-11.519607843137255,6.580054520283387,6.340637919585288,-0.23941660069809867,-18.23761843629968
BKHAU,10,-0.00764323500871701,0.24365980672725185,-0.11109000878821856,0.5563730801296484,0.4177926418194386,-0.13858043831020977,0.0
BKHPF,10,0.983397190293742,12.008469449485784,-9.684015318657742,8.995635763151688,9.904345403299422,0.9087096401477339,1.0332968104904612
BKHYY,10,1.2653249705679375,10.170590582601756,-8.316584107490465,6.686770447809111,8.808490174219076,2.1217197264099648,15.04363598622557
BKIMF,10,0.2035427976982617,8.662505894166616,-6.232083476665521,4.821049996330083,2.358604962239647,-2.4624450340904356,-12.445608852646457
BKIRF,10,-0.00764323500871701,0.24365980672725185,-0.11109000878821856,0.5563730801296484,0.4177926418194386,-0.13858043831020977,0.0
BKKLY,10,-0.4345402705425856,5.945582801477999,-11.014781385320934,5.747365454622525,6.236238472335466,0.4888730177129412,-34.87183227751145
BKKPF,10,-0.4345402705425857,10.03584229390681,-10.004543389368468,5.917104545584089,5.5779359550372725,-0.3391685905468167,-39.54989799678077
BKKT,10,-0.00764323500871701,0.24365980672725185,-0.11109000878821856,0.5563730801296484,0.4177926418194386,-0.13858043831020977,0.0
BKKT-WT,10,-0.00764323500871701,0.24365980672725185,-0.11109000878821856,0.5563730801296484,0.4177926418194386,-0.13858043831020977,0.0
BKKVF,10,1.6772894924260153,15.11840720228933,-0.11109000878821856,0.5563730801296484,5.472590824123635,4.916217743993987,0.0
BKKXF,10,-0.00764323500871701,0.24365980672725185,-0.11109000878821856,0.5563730801296484,0.4177926418194386,-0.13858043831020977,0.0
BKLIF,10,-0.00764323500871701,0.24365980672725185,-0.11109000878821856,0.5563730801296484,0.4177926418194386,-0.13858043831020977,0.0
BKLPF,10,-0.00764323500871701,0.24365980672725185,-0.11109000878821856,0.5563730801296484,0.4177926418194386,-0.13858043831020977,0.0
BKLRF,10,-0.4933606256232614,4.460616438356165,-5.8932542624166055,8.21818403365656,5.262127331092848,-2.9560567025637114,12.49999906867747
BKMNF,10,0.940805882379187,10.04140244679384,-3.3509700176366835,0.5563730801296484,8.84185773074662,8.285484650616972,0.0
BKMP,10,-0.3154350522771575,5.5683276625178415,-9.81715651097628,6.2756951127911575,3.7291334396597553,-2.5465616731314022,0.0
BKN,10,0.7602339181286553,9.076690148775635,-21.030042918454935,7.865365330456631,8.202030967818338,0.3366656373617074,13.6176339863602
BKNG,10,-0.2993558025841858,12.066034171529324,-20.922590068159693,17.232489810117617,6.359820949744489,-10.872668860373128,19.92221045419861
BKNIY,10,-0.6505096645941717,4.682589566310497,-8.258119770735886,8.477127895403145,4.173398335234174,-4.3037295601689705,-14.052475373984391
BKOR,10,-0.00764323500871701,0.24365980672725185,-0.11109000878821856,0.5563730801296484,0.4177926418194386,-0.13858043831020977,0.0
BKPKF,10,0.43624334883114607,5.650493719480751,-8.03922835086437,2.4675737251212926,2.279857584746616,-0.18771614037467677,-2.396983020710495
BKQNF,10,-0.5857947964002495,6.230831470010989,-6.130956145184944,2.2908277643042454,0.2848479161457667,-2.0059798481584785,-18.729643654303
BKQNY,10,-0.05426432610898625,4.722741433021806,-5.722741433021806,4.698094334549538,2.5329485329485326,-2.165145801601005,5.53144014809733
BKR,10,-0.47730047730047725,1.8872939925571517,-7.1364100314643135,5.590310875292782,5.579508211087159,-0.010802664205622925,12.478664417968126
BKRIF,10,0.20354279769826183,8.508930041572015,-3.4021718661728713,0.5563730801296484,3.8661834555088817,3.309810375379233,0.0
BKRIY,10,0.20354279769826183,6.64946046006855,-2.4131455399061035,0.5563730801296484,3.8661834555088817,3.309810375379233,0.0
BKRKF,10,-0.6096447685232733,7.729450971806661,-11.164073231236033,6.577556381856728,7.3004210431111005,0.7228646612543725,-2.120140386420496
BKRKY,10,-0.6096447685232732,9.806053482221568,-11.164073231236033,7.185493775707738,7.3004210431111005,0.11492726740336234,-5.179739210757744
BKRP,10,-0.00764323500871701,0.24365980672725185,-0.11109000878821856,0.5563730801296484,0.4177926418194386,-0.13858043831020977,0.0
BKRRF,10,-0.00764323500871701,0.24365980672725185,-0.11109000878821856,0.5563730801296484,0.4177926418194386,-0.13858043831020977,0.0
BKSC,10,-0.19380364207950418,12.746541915735364,-10.693277310924369,7.408413658413658,6.552362707535122,-0.8560509508785366,7.408392388801653
BKSD,10,-0.012341108231519115,5.348837209302325,-9.217450347988457,9.056587973398278,9.762744110570198,0.70615613717192,-80.95238223269173
BKSLF,10,-0.007643235008717022,4.127932713590084,-4.276782797231875,0.5563730801296484,1.8280577926889767,1.2716847125593285,0.0
BKSY,10,-0.00764323500871701,0.24365980672725185,-0.11109000878821856,0.5563730801296484,0.4177926418194386,-0.13858043831020977,0.0
BKSY-WT,10,-0.00764323500871701,0.24365980672725185,-0.11109000878821856,0.5563730801296484,0.4177926418194386,-0.13858043831020977,0.0
BKTI,10,-1.0924314582065147,8.223072717331876,-8.934608326089055,8.192545082598889,6.919089474870408,-1.2734556077284802,-17.791234949834042
BKTPF,10,0.05338672005338677,10.529845741113347,-13.522662076878943,7.362463587182688,3.1671507670469787,-4.19531282013571,221.9875742311211
BKU,10,-1.6219230669468006,5.534828507228558,-11.057692307692308,12.187455730273408,5.030210026791457,-7.1572457034819505,25.05412739291807
BKUCF,10,-1.2438796027689518,4.444444444444445,-9.435408165220222,6.778868542391124,4.720635568248787,-2.058232974142337,172.2891560641166
BKUH,10,0.8361537688970513,6.64946046006855,-3.444444444444444,0.5563730801296484,6.1304881039980375,5.574115023868389,0.0
BKUT,10,-0.5401823579304496,8.688811188811188,-6.195652173913043,9.278055229142186,6.459126576490681,-2.818928652651505,7.687265917602988
BKUTK,10,0.1779027905495152,10.530562629025328,-7.496746203904555,2.128442173797194,4.311612364243943,2.1831701904467486,6.437161046922884
BKV,10,-0.00764323500871701,0.24365980672725185,-0.11109000878821856,0.5563730801296484,0.4177926418194386,-0.13858043831020977,0.0
BKWAF,10,-0.5593731727564035,9.628821892855363,-9.823020117137764,5.448872929489223,0.4177926418194386,-5.031080287669784,0.0
BKYI,10,-0.533503681146231,7.701716164048465,-6.165903731446803,12.110156807462714,7.723139047180589,-4.3870177602821245,-30.629005944731187
BKZHF,10,-0.00764323500871701,0.24365980672725185,-0.11109000878821856,0.5563730801296484,0.4177926418194386,-0.13858043831020977,0.0
BL,10,0.9765433742570294,10.17979004404344,-8.051470588235293,0.5563730801296484,11.170665634674924,10.614292554545276,0.0
BLAC,10,-0.00764323500871701,0.24365980672725185,-0.11109000878821856,0.5563730801296484,0.4177926418194386,-0.13858043831020977,0.0
BLACR,10,-0.00764323500871701,0.24365980672725185,-0.11109000878821856,0.5563730801296484,0.4177926418194386,-0.13858043831020977,0.0
BLACW,10,-0.00764323500871701,0.24365980672725185,-0.11109000878821856,0.5563730801296484,0.4177926418194386,-0.13858043831020977,0.0
BLAGF,10,-0.00764323500871701,0.24365980672725185,-0.11109000878821856,0.5563730801296484,0.4177926418194386,-0.13858043831020977,0.0
BLBD,10,-0.15848406546080954,8.95917001338688,-6.360539179380832,8.256650592230507,6.830180474016092,-1.4264701182144153,6.745397381598136
BLBLF,10,-0.00764323500871701,0.24365980672725185,-0.11109000878821856,0.5563730801296484,0.4177926418194386,-0.13858043831020977,0.0
BLBRF,10,-0.007643235008716924,8.380925490299079,-7.682867453316532,2.474521788348668,5.599925357127689,3.125403568779021,-82.92220078440617
BLBX,10,0.43415204239201344,5.752654090249997,-5.577010449795547,0.5563730801296484,5.070829014490987,4.514455934361338,0.0
BLCO,10,-0.00764323500871701,0.24365980672725185,-0.11109000878821856,0.5563730801296484,0.4177926418194386,-0.13858043831020977,0.0
BLD,10,1.5160955795785176,10.203364052523792,-4.933528010451086,6.002887087977302,12.374232483021686,6.371345395044384,0.0
BLDE,10,-0.00764323500871701,0.24365980672725185,-0.11109000878821856,0.5563730801296484,0.4177926418194386,-0.13858043831020977,0.0
BLDEW,10,-0.00764323500871701,0.24365980672725185,-0.11109000878821856,0.5563730801296484,0.4177926418194386,-0.13858043831020977,0.0
BLDP,10,1.2493339052000885,7.6701400195376115,-7.757941716986085,4.806625593762008,10.064558263421132,5.257932669659124,141.79783253577355
BLDR,10,0.21927476754099018,5.941496163682865,-9.009088762983946,10.055755942054446,9.824349853913706,-0.2314060881407407,134.412600007596
BLDV,10,-0.9837213810872841,15.795607900871056,-12.586561856634848,11.141868856043814,5.279635463684543,-5.862233392359271,662.4999966652342
BLE,10,0.1851851851851855,9.076690148775635,-15.848695768195867,9.59051152928704,9.669982819928881,0.07947129064184111,2.975551641470923
BLEG,10,0.1520176893311223,5.6695458747558165,-7.668037579129873,5.111156905498689,6.703164707261869,1.59200780176318,-98.86499999711911
BLEU,10,-0.00764323500871701,0.24365980672725185,-0.11109000878821856,0.5563730801296484,0.4177926418194386,-0.13858043831020977,0.0
BLEUR,10,-0.00764323500871701,0.24365980672725185,-0.11109000878821856,0.5563730801296484,0.4177926418194386,-0.13858043831020977,0.0
BLEUW,10,-0.00764323500871701,0.24365980672725185,-0.11109000878821856,0.5563730801296484,0.4177926418194386,-0.13858043831020977,0.0
BLFBY,10,-0.00764323500871701,0.24365980672725185,-0.11109000878821856,0.5563730801296484,0.4177926418194386,-0.13858043831020977,0.0
BLFE,10,-1.3665725322167042,3.0883367839889577,-15.786749482401657,9.552564987347596,5.3078501442509625,-4.2447148430966335,2764.2500683125354
BLFR,10,0.17020256502457146,12.277252058498219,-8.855031788762243,8.145778801968032,8.414055080721747,0.2682762787537154,-16.555408304247926
BLFS,10,0.2027433405118057,9.768186670733568,-10.862950340798443,8.31282774721085,10.193236714975846,1.8804089677649962,144.64180088583413
BLFY,10,-0.00764323500871701,0.24365980672725185,-0.11109000878821856,0.5563730801296484,0.4177926418194386,-0.13858043831020977,0.0
BLGO,10,0.8299930522152745,9.925546765937645,-9.454472923107609,7.653253163708268,8.398226514135823,0.7449733504275553,-43.582091384593625
BLGVF,10,0.13536852915091246,5.16190457494528,-5.544365251523604,5.868655589565852,6.4491219963228055,0.5804664067569538,6.372776659291141
BLHEF,10,1.3124896228572536,12.430964118693922,-12.458373408365743,3.9039772338932224,6.3505096476384155,2.446532413745193,-14.661854813871964
BLHEY,10,-0.0867534200867533,7.184867270704181,-6.904850055534986,8.10846831292548,10.035930064542368,1.9274617516168888,-10.883406809836035
BLHK,10,-0.13954299668585377,7.79271589130744,-7.323232323232322,4.861672819534317,5.5759155270157725,0.7142427074814552,3.727842384875534
BLHWF,10,0.9894209914433458,10.056110333631148,-2.9344845691616577,0.5563730801296484,10.02260646608954,9.466233385959892,109.65068378411304
BLIAQ,10,0.28442383114936476,6.598240469208211,-5.539772727272727,6.481640415861686,8.375956977126487,1.8943165612648007,-23.745554760728268
BLIBQ,10,0.08364169591479136,7.548185690528654,-10.09499298347281,2.813909299076428,6.279893735021504,3.4659844359450758,-53.596286637636254
BLIN,10,-0.052076408279040955,6.629234512446192,-6.829147593715206,4.7720548188214655,3.8760996688549914,-0.8959551499664742,137.53718145554473
BLIS,10,0.7374652868817286,5.116280612050342,-0.11109000878821856,0.5563730801296484,4.392832657847066,3.8364595777174175,0.0
BLITF,10,-0.9740259740259742,9.095231816129433,-14.919119830212125,5.610632959109441,5.668989539957281,0.05835658084784079,43471.4311468241
BLK,10,-0.6910448499233546,8.857602372246724,-11.014781385320934,7.5462995362093865,5.23971625687312,-2.306583279336267,85.9605472620126
BLKB,10,0.30690537084398983,5.941496163682865,-6.628733997155051,11.798143239572207,9.15155135280657,-2.6465918867656377,-16.52862708606224
BLKCF,10,-0.12192802890477308,5.922444183313749,-3.517342452369321,6.246331981864585,4.0985223591128594,-2.1478096227517254,26.78433943366788
BLKLF,10,0.8361537688970513,12.446351931330472,-7.601369671991447,0.5563730801296484,8.228405764147459,7.67203268401781,0.0
BLLB,10,-1.2832309454863646,8.58981046774474,-10.133289631814705,11.378650726869873,6.104645645825863,-5.2740050810440104,849.9999514937228
BLLQF,10,-0.007643235008717029,7.789772035296331,-5.454748282080605,3.7449868077111383,0.4177926418194386,-3.3271941658917,0.0
BLLYF,10,0.3931955657919727,8.638484377209107,-2.6433775453017,0.5563730801296484,6.5516929051395705,5.995319825009922,0.0
BLMC,10,-0.340670154124083,11.051837680732865,-11.452184179456907,4.0063542051796555,5.109652149339852,1.1032979441601967,-50.96251344878879
BLMH,10,-0.09194257737947065,7.537891935670485,-7.603739170086639,6.4207821951660895,2.968601351828541,-3.4521808433375485,3.358210191731461
BLMN,10,-0.20728905597326644,12.630506748153806,-13.071326091412173,5.77331369362048,3.3572753020763293,-2.416038391544151,36.17743576442383
BLMS,10,-0.23148148148148134,7.6992530575391935,-5.279898218829516,7.379818873293385,9.363781630330093,1.983962757036708,396.6887139001047
BLMWF,10,0.43415204239201344,4.06926406926407,-5.451411333764275,3.0987040869071514,5.975070680953034,2.8763665940458827,385.8957298238594
BLMZ,10,-0.00764323500871701,0.24365980672725185,-0.11109000878821856,0.5563730801296484,0.4177926418194386,-0.13858043831020977,0.0
BLNC,10,1.3081651115270339,9.628821892855363,-6.651227420101899,3.793683116246163,7.131762573324035,3.3380794570778716,0.0
BLND,10,-0.00764323500871701,0.24365980672725185,-0.11109000878821856,0.5563730801296484,0.4177926418194386,-0.13858043831020977,0.0
BLNK,10,-0.2205862078473542,8.744475838585815,-9.578533676649952,6.394211936485355,5.898222751737577,-0.49598918474777864,1130.9528131722284
BLNMF,10,-0.3829611941965844,10.592982391491905,-10.787180615774306,5.580029220455572,3.441861884543932,-2.1381673359116395,1900.0001455191527
BLONF,10,0.25345186169183304,12.879350922829184,-11.889571975408884,0.5563730801296484,7.047043742322711,6.490670662193063,0.0
BLOZF,10,-0.5257009345794393,6.479009049102505,-5.444813584348466,13.485709915833802,5.142266126308679,-8.343443789525121,40.09047900350946
BLPFF,10,0.1989726036727516,4.4074074074074066,-3.2466676914293244,0.5563730801296484,5.026284619966225,4.469911539836577,0.0
BLPG,10,-0.04629629629629633,6.743421052631579,-5.985169491525424,6.22863247863248,5.6941112443911335,-0.5345212342413461,1529.07524827638
BLPH,10,-0.7263182185300565,5.667253078662981,-6.324110671936759,11.468155019709101,4.066151713210537,-7.402003306498564,0.0
BLQC,10,-0.00764323500871701,0.24365980672725185,-0.11109000878821856,0.5563730801296484,0.4177926418194386,-0.13858043831020977,0.0
BLRDF,10,0.10909698049484609,14.962979437139177,-14.802427845906108,5.462812956933624,2.8078411992422367,-2.6549717576913876,62.290853184730224
BLRX,10,-0.9422724885962604,7.002555340044948,-6.060606060606061,7.053979970646637,5.990821468809217,-1.0631585018374201,0.6303302729357809
BLRZF,10,-0.5962193647653586,6.279148690240985,-7.668037579129873,5.314357843993745,5.1828426272046455,-0.13151521678909983,-57.17795011576512
BLSFF,10,0.06938584153774031,9.515151515151514,-8.32258064516129,9.95345863700294,5.236306729264476,-4.717151907738464,117.1052658822068
BLSFY,10,-0.10170353419781335,6.041189931350115,-2.9958960328317374,9.527669865597597,5.154159266042844,-4.373510599554753,77.04163769496799
BLSP,10,-0.5552779165972567,4.204275278904392,-6.627908982697051,10.915302840441257,5.65343954543336,-5.261863295007896,680.0000276486081
BLSTF,10,-0.00764323500871701,0.24365980672725185,-0.11109000878821856,0.5563730801296484,0.4177926418194386,-0.13858043831020977,0.0
BLTE,10,-0.00764323500871701,0.24365980672725185,-0.11109000878821856,0.5563730801296484,0.4177926418194386,-0.13858043831020977,0.0
BLTH,10,-0.9167332344326523,3.6990332072299275,-7.997852925389157,9.603658219941275,8.569966180641716,-1.0336920392995594,465.7894547868767
BLTMF,10,-0.00764323500871701,0.24365980672725185,-0.11109000878821856,0.5563730801296484,0.4177926418194386,-0.13858043831020977,0.0
BLUAF,10,-0.00764323500871701,0.24365980672725185,-0.11109000878821856,0.5563730801296484,0.4177926418194386,-0.13858043831020977,0.0
BLUE,10,-0.7781518892630003,7.169823126981479,-11.014781385320934,6.961407858609806,6.616999280834232,-0.34440857777557365,-78.24383214322678
BLUMY,10,-0.00764323500871701,0.24365980672725185,-0.11109000878821856,0.5563730801296484,0.4177926418194386,-0.13858043831020977,0.0
BLUU,10,-1.6026428300008604,9.547575286300015,-11.613615270775329,8.091496987664982,4.17954639404151,-3.911950593623472,677.7777777777083
BLUVF,10,-0.00764323500871701,0.24365980672725185,-0.11109000878821856,0.5563730801296484,0.4177926418194386,-0.13858043831020977,0.0
BLVDF,10,-0.20546163455808752,10.443955604439555,-9.523047375160052,2.021332351460209,4.34886146751926,2.327529116059051,451.4068367202537
BLW,10,0.9605343796327682,7.702859800046502,-4.403465021656386,5.012503940729708,7.044785959810635,2.0322820190809265,8.980163233714892
BLWYF,10,-0.00764323500871717,10.203364052523792,-10.042812461290723,3.876274495395162,2.296117043032027,-1.5801574523631348,46.99343947113536
BLWYY,10,-1.232773846157077,4.2890915231340765,-10.158463868968619,10.95241958695774,0.9658679187332954,-9.986551668224445,19.38935376917378
BLX,10,-0.08386273437390449,11.576691380908247,-10.52727037180982,3.046332072321172,4.171539961013646,1.1252078886924735,-12.715601168802465
BLYQ,10,-0.00764323500871701,0.24365980672725185,-0.11109000878821856,0.5563730801296484,0.4177926418194386,-0.13858043831020977,0.0
BLZE,10,-0.00764323500871701,0.24365980672725185,-0.11109000878821856,0.5563730801296484,0.4177926418194386,-0.13858043831020977,0.0
BMA,10,-0.533503681146231,6.672845227062092,-10.039416926967128,9.320385044253031,5.484937107976236,-3.835447936276795,-32.08726580734604
BMBL,10,-0.00764323500871701,0.24365980672725185,-0.11109000878821856,0.5563730801296484,0.4177926418194386,-0.13858043831020977,0.0
BMBLF,10,-0.486564996368918,7.033248081841432,-6.124178851451577,7.4595055413469735,7.045954461684798,-0.4135510796621755,6.468199775743292
BMBN,10,-0.7053805774278215,15.286190187764994,-17.259615384615387,17.03601352715526,6.341727065411276,-10.694286461743982,24.2547946118748
BMBOY,10,0.2828581225520996,21.02694260054666,-21.905737396255404,0.5563730801296484,10.562203114433153,10.005830034303505,0.0
BMBRF,10,-0.007643235008717029,3.661133875037619,-3.730409813745177,0.5563730801296484,0.4177926418194386,-0.13858043831020977,0.0
BMCLF,10,-0.00764323500871701,0.24365980672725185,-0.11109000878821856,0.5563730801296484,0.4177926418194386,-0.13858043831020977,0.0
BMCS,10,-0.7127297915584356,6.212233528764292,-9.471830985915492,10.353536649909,3.950650195189828,-6.402886454719171,1566.195173742813
BMDPF,10,-0.043022820800598716,12.073112073112071,-13.401276869911555,8.968854479309583,5.0888912929806525,-3.87996318632893,-17.64706253592933
BME,10,-0.6098211049276103,11.846604787493895,-8.853754940711465,8.905831822498488,10.302484179483505,1.396652356985017,22.66193725004517
BMEA,10,-0.00764323500871701,0.24365980672725185,-0.11109000878821856,0.5563730801296484,0.4177926418194386,-0.13858043831020977,0.0
BMEZ,10,-0.00764323500871701,0.24365980672725185,-0.11109000878821856,0.5563730801296484,0.4177926418194386,-0.13858043831020977,0.0
BMI,10,-0.6024438761011652,3.990832938201359,-6.927624404522756,8.660862624658938,6.7762581127268104,-1.8846045119321273,81.2358635365438
BMKDF,10,1.025587971584247,13.162393162393162,-8.44017094017094,8.183760683760683,6.3524979284072876,-1.8312627553533956,0.0
BMMCF,10,0.02971520943279593,5.900660569105691,-5.135012135922331,11.165192431657326,8.703795006642288,-2.461397425015038,-86.61944073173792
BMMJ,10,-0.683020683020683,5.2836609356516675,-7.321481107888875,7.420098318892478,8.824438975463785,1.404340656571307,-46.95652166186814
BMNDF,10,-0.00764323500871701,0.24365980672725185,-0.11109000878821856,0.5563730801296484,0.4177926418194386,-0.13858043831020977,0.0
BMNM,10,-1.2159553298286256,3.6575549760133943,-7.620294599018004,8.634713895499202,3.738526469526427,-4.896187425972775,56.85483864183916
BMNR,10,-0.1489052279061143,7.758278145695364,-8.26470588235294,9.805535671677402,8.840994676016102,-0.9645409956613005,193.42447390422936
BMO,10,-0.34818714004942475,9.117615058209118,-9.240379515587248,6.8151381682734815,5.436488394234874,-1.3786497740386077,36.79000736727665
BMOOF,10,-0.08456809863909312,10.306887929074788,-9.091977666764617,7.991542793354735,5.0198542596884055,-2.9716885336663292,68.13381849996647
BMR,10,-0.00764323500871701,0.24365980672725185,-0.11109000878821856,0.5563730801296484,0.4177926418194386,-0.13858043831020977,0.0
BMRA,10,0.16311899631471918,11.704291439273417,-5.694667313505244,11.402316793440932,8.161857642002335,-3.2404591514385963,77.59165438529678
BMRC,10,-0.4248366013071896,7.623318385650224,-5.53272605115545,7.227300735188609,4.904636906714999,-2.32266382847361,-11.659287440413753
BMRN,10,-0.9076065915938663,3.541701580917267,-8.82433543436558,7.1212516598143845,6.472151594102814,-0.6491000657115702,10.797321565062685
BMRPF,10,-0.00764323500871701,0.24365980672725185,-0.11109000878821856,0.5563730801296484,0.4177926418194386,-0.13858043831020977,0.0
BMRRY,10,0.37086250541826626,28.50248207391065,-30.46846846846847,4.245805712857623,14.520400099347468,10.274594386489845,0.0
BMSPF,10,-0.20645645645645652,8.920582568657546,-13.416188424986146,10.5799258811307,7.380990758650333,-3.198935122480367,-31.079692169406734
BMTHF,10,-0.00764323500871701,0.24365980672725185,-0.11109000878821856,0.5563730801296484,0.4177926418194386,-0.13858043831020977,0.0
BMTLF,10,1.204071355357684,10.859443968674348,-0.11109000878821856,0.5563730801296484,4.052936412918641,3.496563332788993,0.0
BMTM,10,-0.27159512453630086,4.513808308192156,-8.477421520899782,6.925770308123249,7.745114970638899,0.8193446625156504,-84.66666638851166
BMTX,10,1.2256531132226933,10.04140244679384,-0.27588109524794646,0.5563730801296484,11.22491206290089,10.668538982771242,0.0
BMTX-WT,10,-0.00764323500871701,0.24365980672725185,-0.11109000878821856,0.5563730801296484,0.4177926418194386,-0.13858043831020977,0.0
BMVVF,10,-0.00764323500871701,0.24365980672725185,-0.11109000878821856,0.5563730801296484,0.4177926418194386,-0.13858043831020977,0.0
BMWKY,10,-1.4295338085475324,7.171717171717171,-12.122832543660023,7.25245171269135,4.45175748997405,-2.8006942227172997,28.0033195489067
BMWYY,10,-1.4295338085475324,7.171717171717171,-12.122832543660023,7.25245171269135,4.45175748997405,-2.8006942227172997,28.00466203117509
BMXC,10,0.16890129170436957,11.306535231712033,-6.648637069565683,4.352920895865053,3.873960750983404,-0.4789601448816492,0.0
BMXI,10,-0.00764323500871701,0.24365980672725185,-0.11109000878821856,0.5563730801296484,0.4177926418194386,-0.13858043831020977,0.0
BMXMF,10,0.6067463326333624,9.86499358283509,-6.974041069352964,0.5563730801296484,8.140998898195393,7.584625818065745,0.0
BMY,10,-0.6392045454545454,9.397285484242008,-13.217391304347828,9.89227057929348,9.124547101449275,-0.7677234778442052,9.713735453870685
BMYMP,10,-1.4379702065162006,5.3564177341356265,-6.818181818181817,10.44973544973545,4.55459656601474,-5.895138883720709,10.456742741845815
BN,10,0.04779250303546995,11.991584852734924,-9.535699824537726,8.11235349519305,13.59108305671945,5.4787295615264,51.78372721514337
BNAI,10,-0.00764323500871701,0.24365980672725185,-0.11109000878821856,0.5563730801296484,0.4177926418194386,-0.13858043831020977,0.0
BNAIW,10,-0.00764323500871701,0.24365980672725185,-0.11109000878821856,0.5563730801296484,0.4177926418194386,-0.13858043831020977,0.0
BNCC,10,1.1889697353158284,12.660098522167488,-6.712319138895305,4.045474639030395,9.308315344735336,5.2628407057049404,25.31661308037779
BNCDY,10,0.5619795674798126,12.018779342723004,-10.295195832529423,0.5563730801296484,8.336656162239802,7.780283082110153,0.0
BNCM,10,-0.5446405446405448,2.8348416289592753,-5.488764044943821,7.239844425237685,3.3583075416163495,-3.8815368836213353,4143.821535582446
BNCZF,10,0.19897260367275182,6.958417169684776,-5.703590914858521,2.474521788348668,2.6263520157325466,0.15183022738387875,66.26632619845472
BNDSF,10,-1.0932780143392655,7.28742555267674,-12.035733145572962,7.060617031547264,4.6186408065881634,-2.4419762249591006,-23.284555595172584
BNDSY,10,-1.0932780143392655,3.2721851627248846,-8.821995218430777,7.232964307385469,3.6172612948774803,-3.6157030125079888,-27.268664942613647
BNED,10,0.32979939566648536,8.669273143432884,-3.725055432372506,4.959466232307295,4.443156111812116,-0.516310120495179,0.0
BNEFF,10,-0.15174688858899385,9.661835748792273,-9.75833423238753,6.006719962924342,7.359985716079318,1.3532657531549752,67.14542344153887
BNET,10,-0.8207070707070705,4.05430062401927,-8.463949843260187,8.30211280169228,9.334281646493002,1.0321688448007222,205.66038550665132
BNGLF,10,-0.043504988887312614,8.945042169797873,-7.588119234255853,7.956798780145019,6.347974700250934,-1.6088240798940845,0.0
BNGO,10,0.16890129170436977,13.022752591264554,-6.871403720058879,0.5563730801296484,7.3402328208952445,6.783859740765596,0.0
BNGRF,10,0.3805019887419598,7.817356490978279,-9.247301215804042,0.5563730801296484,3.492013857867516,2.9356407777378677,0.0
BNH,10,-0.00764323500871701,0.24365980672725185,-0.11109000878821856,0.5563730801296484,0.4177926418194386,-0.13858043831020977,0.0
BNHUF,10,1.3081651115270339,7.022708158116064,-0.11109000878821856,0.5563730801296484,7.270660062922469,6.714286982792821,0.0
BNIGF,10,1.6772894924260153,15.11840720228933,-0.11109000878821856,0.5563730801296484,5.472590824123635,4.916217743993987,0.0
BNIX,10,-0.00764323500871701,0.24365980672725185,-0.11109000878821856,0.5563730801296484,0.4177926418194386,-0.13858043831020977,0.0
BNIXR,10,-0.00764323500871701,0.24365980672725185,-0.11109000878821856,0.5563730801296484,0.4177926418194386,-0.13858043831020977,0.0
BNIXW,10,-0.00764323500871701,0.24365980672725185,-0.11109000878821856,0.5563730801296484,0.4177926418194386,-0.13858043831020977,0.0
BNKL,10,-0.6170287691577481,0.7914276821839845,-1.3720742534301857,7.661534490802783,3.0512235361314617,-4.610310954671322,0.0
BNL,10,-0.00764323500871701,0.24365980672725185,-0.11109000878821856,0.5563730801296484,0.4177926418194386,-0.13858043831020977,0.0
BNMDF,10,-1.6197890507282773,11.148788520853659,-9.37775816416593,13.362974655792335,4.808303208553341,-8.554671447238995,23.48667992928216
BNNLF,10,0.009512937595129353,8.098888413297534,-6.712284131638969,6.523623830810775,5.393786643786644,-1.1298371870241306,576.6666821887109
BNOX,10,-0.00764323500871701,0.24365980672725185,-0.11109000878821856,0.5563730801296484,0.4177926418194386,-0.13858043831020977,0.0
BNPQF,10,-0.48207578196673073,3.788142475925282,-3.3090394114192945,4.362500159538487,2.8638751710907138,-1.4986249884477734,23.71629277368831
BNPQY,10,-0.48207578196673073,3.788142475925282,-3.3090394114192945,4.362500159538487,2.8638751710907138,-1.4986249884477734,22.65264471269958
BNR,10,-0.00764323500871701,0.24365980672725185,-0.11109000878821856,0.5563730801296484,0.4177926418194386,-0.13858043831020977,0.0
BNRE,10,-0.00764323500871701,0.24365980672725185,-0.11109000878821856,0.5563730801296484,0.4177926418194386,-0.13858043831020977,0.0
BNRG,10,-0.00764323500871701,0.24365980672725185,-0.11109000878821856,0.5563730801296484,0.4177926418194386,-0.13858043831020977,0.0
BNS,10,-0.3460531238309017,7.853530816027929,-10.720689949620017,3.002396240276697,4.479192110771058,1.4767958704943616,7.825950823954305
BNSOF,10,-0.2982780760558538,6.101900876660013,-3.862953862953864,5.523170708509003,5.031200662268624,-0.4919700462403789,124.77739706902976
BNTC,10,-0.46739626082991353,7.4542579625028225,-8.711270767849124,6.292393862420887,4.971021770287376,-1.3213720921335117,-63.40355168089011
BNTGF,10,-0.8542681057300943,7.763975155279502,-6.970199507512941,5.630535654329727,5.938447517394887,0.3079118630651596,87.30856201098469
BNTGY,10,-0.5401823579304496,6.522409935971611,-6.115200826553016,7.267768842867984,4.939767611523337,-2.328001231344647,89.4961743839626
BNTRF,10,0.2955286893110725,10.854077612941076,-9.955783768363998,8.678370573035416,7.589224680501293,-1.0891458925341224,292.9588952597705
BNTX,10,0.16682677506674615,1.5242427460559076,-0.11109000878821856,0.5563730801296484,0.9412026720458281,0.3848295919161797,0.0
BNVIF,10,0.436243348831146,7.089496488868968,-6.225602369094091,0.5563730801296484,4.111751326948814,3.5553782468191653,0.0
BNXAF,10,-0.00764323500871701,0.24365980672725185,-0.11109000878821856,0.5563730801296484,0.4177926418194386,-0.13858043831020977,0.0
BNXR,10,0.46437400521521216,7.376543209876543,-10.786713286713287,8.708693267516797,7.215414896762046,-1.4932783707547506,-86.1572532332685
BNXTF,10,-0.00764323500871701,0.24365980672725185,-0.11109000878821856,0.5563730801296484,0.4177926418194386,-0.13858043831020977,0.0
BNXYF,10,-0.00764323500871701,0.24365980672725185,-0.11109000878821856,0.5563730801296484,0.4177926418194386,-0.13858043831020977,0.0
BNY,10,0.9384626405903003,11.272362175976635,-7.035256410256411,9.82437325057807,10.51273173022582,0.68835847964775,10.535442541990864
BNYN,10,0.16682677506674615,20.647744334024452,-22.950019523623585,9.255128649158737,10.340508494151162,1.085379844992426,0.0
BNZI,10,-0.00764323500871701,0.24365980672725185,-0.11109000878821856,0.5563730801296484,0.4177926418194386,-0.13858043831020977,0.0
BNZIW,10,-0.00764323500871701,0.24365980672725185,-0.11109000878821856,0.5563730801296484,0.4177926418194386,-0.13858043831020977,0.0
BOC,10,0.2828581225520997,4.403502974223397,-4.09150472579251,0.5563730801296484,5.99232597338607,5.435952893256421,0.0
BOCN,10,-0.00764323500871701,0.24365980672725185,-0.11109000878821856,0.5563730801296484,0.4177926418194386,-0.13858043831020977,0.0
BOCNW,10,-0.00764323500871701,0.24365980672725185,-0.11109000878821856,0.5563730801296484,0.4177926418194386,-0.13858043831020977,0.0
BOCOF,10,-0.27270307739364963,8.347880214887889,-11.629544854300555,8.981158929217115,5.659909094254061,-3.3212498349630533,233.3333402320196
BODI,10,-0.00764323500871701,0.24365980672725185,-0.11109000878821856,0.5563730801296484,0.4177926418194386,-0.13858043831020977,0.0
BODYW,10,-0.00764323500871701,0.24365980672725185,-0.11109000878821856,0.5563730801296484,0.4177926418194386,-0.13858043831020977,0.0
BOEUF,10,-0.00764323500871701,0.24365980672725185,-0.11109000878821856,0.5563730801296484,0.4177926418194386,-0.13858043831020977,0.0
BOF,10,-0.00764323500871701,0.24365980672725185,-0.11109000878821856,0.5563730801296484,0.4177926418194386,-0.13858043831020977,0.0
BOH,10,1.0233918128654969,12.849162011173185,-11.882978436293957,4.6051151953508045,7.34921175646776,2.7440965611169554,-3.8597357305442728
BOH-PB,10,-0.00764323500871701,0.24365980672725185,-0.11109000878821856,0.5563730801296484,0.4177926418194386,-0.13858043831020977,0.0
BOID,10,-0.00764323500871701,0.24365980672725185,-0.11109000878821856,0.5563730801296484,0.4177926418194386,-0.13858043831020977,0.0
BOIRF,10,-0.08186931730621051,11.988095238095237,-10.091503267973856,7.306800497976968,2.7469867237469097,-4.559813774230058,44.44444444444444
BOIVF,10,-1.6565645729406928,6.895973154362416,-13.465412062615103,8.098428662118113,2.857211766754746,-5.241216895363367,36.62763562806657
BOKF,10,0.8110787060864262,13.9805375347544,-11.848248071158286,2.592944876962744,5.193827480578842,2.6008826036160984,17.16887690445178
BOLBP,10,-0.6633063810423887,5.78094110387786,-11.484236956076915,6.388011604563395,5.3674729939098045,-1.02053861065359,81.81818551268462
BOLD,10,-0.00764323500871701,0.24365980672725185,-0.11109000878821856,0.5563730801296484,0.4177926418194386,-0.13858043831020977,0.0
BOLSY,10,-0.00764323500871701,0.24365980672725185,-0.11109000878821856,0.5563730801296484,0.4177926418194386,-0.13858043831020977,0.0
BOLT,10,-0.00764323500871701,0.24365980672725185,-0.11109000878821856,0.5563730801296484,0.4177926418194386,-0.13858043831020977,0.0
BOMBF,10,-0.119952019192323,11.277258566978194,-13.243243243243242,6.9490460059698265,4.853103975055195,-2.0959420309146317,62.66835836290731
BOMO,10,-0.00764323500871701,0.24365980672725185,-0.11109000878821856,0.5563730801296484,0.4177926418194386,-0.13858043831020977,0.0
BOMXF,10,-0.11548658891654068,12.370052455889365,-10.244448591155066,4.976350809684143,7.05410766243011,2.077756852745967,10.000001975844643
BON,10,-0.00764323500871701,0.24365980672725185,-0.11109000878821856,0.5563730801296484,0.4177926418194386,-0.13858043831020977,0.0
BONL,10,0.6997672173962411,14.587378640776699,-11.048387096774194,8.954744754149703,7.517997120460726,-1.4367476336889764,17.199999491373706
BONTQ,10,-0.2513561541339318,9.629023458810693,-9.966405375139978,4.360933440839426,6.702983078263034,2.3420496374236084,-90.20156772311122
BONXF,10,-0.36934648176945,8.243957816747827,-7.662538699690401,10.807897041978302,6.038784889686198,-4.769112152292104,-53.51234730721906
BOOM,10,0.022014253468259345,7.665851150586816,-11.624915627666484,3.4882752348478867,8.200629083227819,4.712353848379932,-8.801559563083854
BOOT,10,-0.4794046382831431,6.613588110403396,-9.953627932351338,7.757056512276134,9.415898111550286,1.6588415992741519,152.0980451255887
BOPCF,10,-0.007643235008717022,7.534017369674741,-7.682867453316532,0.5563730801296484,2.9634193447171953,2.407046264587547,0.0
BOPFF,10,0.22240756185710303,12.20476283427679,-12.44611319705187,8.804317918635126,6.615366261035553,-2.1889516575995733,-84.00000048229325
BOPO,10,-1.3910289334018147,6.405940594059405,-7.039162514977612,11.873840250267065,6.943828462749423,-4.930011787517643,971.7983825985496
BOREF,10,0.6470325747434185,9.526996876394469,-5.679533574587856,5.682579717561623,9.60356867113478,3.9209889535731577,-17.521263924630116
BORK,10,-0.5791197379982428,3.8571428571428577,-5.8088946181115055,8.006296914548082,6.986568986568987,-1.0197279279790958,598.7350211963532
BORR,10,0.44697872188535964,4.045610267423429,-0.11109000878821856,0.5563730801296484,1.7816585125016686,1.2252854323720204,0.0
BORT,10,-0.4320987654320988,4.652777777777777,-6.175744705274637,11.461302775078286,6.732767032084027,-4.728535742994259,6.664339643669583
BORTP,10,-0.00764323500871701,0.24365980672725185,-0.11109000878821856,0.5563730801296484,0.4177926418194386,-0.13858043831020977,0.0
BORUF,10,0.8909539865242689,10.844784289382353,-9.97517730496454,8.74590765159473,9.736406619385344,0.9904989677906144,-47.732546311351065
BOSC,10,0.03952991452991444,8.909601347557551,-9.792039663958132,5.444951779616427,7.295962199312714,1.851010419696287,57.88246006469394
BOSSY,10,0.17020256502457146,8.688811188811188,-11.539455229940208,4.851581390371831,4.848484848484849,-0.0030965418869826067,45.22370566478205
BOTH,10,-1.0320597277119015,8.193277310924369,-10.387381497221314,14.018528402090046,9.254339135400889,-4.764189266689158,-42.31884110051527
BOTJ,10,-0.8920184494151986,16.1247890530442,-9.582166199813257,13.228352403610137,5.292901017279978,-7.935451386330159,12.07418451227006
BOTY,10,0.21742030145391483,6.197369666004351,-6.05855855855856,4.748609056481434,5.464052287581699,0.7154432311002648,2120.0000451108685
BOUYF,10,0.07804739605505912,13.537043359508365,-9.730069052102948,8.665707184378812,7.721368688592997,-0.9443384957858152,-2.929782890729241
BOUYY,10,-0.00764323500871701,0.24365980672725185,-0.11109000878821856,0.5563730801296484,0.4177926418194386,-0.13858043831020977,0.0
BOVNF,10,-0.31339031339031354,8.30022148717585,-8.494419711458251,5.432493220749812,3.3219427634277596,-2.1105504573220526,43.46666971842448
BOW,10,-0.00764323500871701,0.24365980672725185,-0.11109000878821856,0.5563730801296484,0.4177926418194386,-0.13858043831020977,0.0
BOWFF,10,0.8112856189171149,12.606129874976673,-14.907593938863098,5.076218732816717,8.978673638730454,3.9024549059137366,10.03307893532468
BOWL,10,-0.00764323500871701,0.24365980672725185,-0.11109000878821856,0.5563730801296484,0.4177926418194386,-0.13858043831020977,0.0
BOWN,10,-0.00764323500871701,0.24365980672725185,-0.11109000878821856,0.5563730801296484,0.4177926418194386,-0.13858043831020977,0.0
BOWNR,10,-0.00764323500871701,0.24365980672725185,-0.11109000878821856,0.5563730801296484,0.4177926418194386,-0.13858043831020977,0.0
BOX,10,-0.21799283863472274,3.514824967703312,-7.355242566510173,5.284220687226152,4.950443401147627,-0.33377728607852486,0.0
BOXL,10,0.16890129170436946,10.724142836818894,-13.83290031450841,0.5563730801296484,7.58896683688151,7.0325937567518615,0.0
BOZTY,10,-0.00764323500871701,0.24365980672725185,-0.11109000878821856,0.5563730801296484,0.4177926418194386,-0.13858043831020977,0.0
BP,10,0.010583082829511013,11.678447798257782,-4.808438033193735,6.3814402323479,4.487713513571449,-1.8937267187764508,-27.607935957111057
BPAIF,10,-0.00764323500871701,0.24365980672725185,-0.11109000878821856,0.5563730801296484,0.4177926418194386,-0.13858043831020977,0.0
BPAQF,10,0.010583082829511013,11.678447798257782,-4.808438033193735,6.3814402323479,4.487713513571449,-1.8937267187764508,-26.262784863497178
BPHLY,10,0.36573270518224654,5.343131149582764,-4.151218007264431,2.021332351460209,3.7915939942243333,1.7702616427641242,-7.740588060083392
BPIGF,10,0.010583082829510962,5.534034311012729,-5.160216396171451,7.2741373531727165,3.9693731818013087,-3.3047641713714078,571.7391181110676
BPIRY,10,0.6938923021322732,11.350208121765533,-10.267252127717244,4.367478525882887,5.805675805675805,1.4381972797929183,0.0
BPKKF,10,-1.1809401754241333,0.050603122486484686,-10.316012657011495,4.076263901375897,0.4177926418194386,-3.658471259556458,0.0
BPMC,10,1.1741527823927536,14.036195377824995,-16.363636363636363,7.600086450661777,7.063677063677065,-0.5364093869847126,0.0
BPMUF,10,0.4984821680718324,9.019607843137255,-4.926201249730661,5.283059567250546,6.323406507455587,1.0403469402050414,0.0
BPOP,10,-1.0078311539708051,16.363636363636363,-10.610193588916994,6.156410372176321,6.051135493932207,-0.10527487824411441,45.04433928262033
BPOPM,10,-0.1558134536857939,6.542443064182195,-10.473346604733464,7.80365030530923,13.594922396957552,5.791272091648322,1.4315304269940488
BPOPO,10,0.31175059952038375,9.653614457831324,-6.507641303468908,6.655327911583776,8.543348543348543,1.8880206317647668,2.390594867113578
BPOSF,10,-0.8498420901521677,10.2159253708423,-6.918404738599001,9.819625638116847,3.366379707016707,-6.45324593110014,24.105262756347656
BPOSY,10,-1.2946258113783888,13.958810068649885,-11.515762737188108,10.041804651844993,4.750241246208987,-5.291563405636006,-14.17840360620334
BPPPF,10,0.9765433742570292,5.752654090249997,-6.42512077294686,0.5563730801296484,7.259990253411305,6.703617173281657,0.0
BPRN,10,0.16546578644461107,13.628725140542828,-13.863819861846236,0.5563730801296484,6.610466219860922,6.054093139731274,0.0
BPT,10,0.26154401154401163,5.496557357918077,-12.354609929078013,4.369093568009901,9.312647754137116,4.943554186127215,-50.58738798970997
BPTH,10,-0.2526343446286148,5.519056599863215,-8.325466975599989,8.655157941592782,3.7435091541512637,-4.911648787441518,-56.02332192668096
BPTSY,10,-0.00764323500871701,0.24365980672725185,-0.11109000878821856,0.5563730801296484,0.4177926418194386,-0.13858043831020977,0.0
BPXXY,10,0.44697872188535953,12.369061726942398,-8.731657084012703,5.757124737433572,6.289839029565056,0.5327142921314838,0.0
BPZZF,10,-0.41557123748904634,14.937430882952096,-23.03073347107438,4.192679317881229,3.2756132756132756,-0.9170660422679533,-17.942340016204824
BQ,10,-0.00764323500871701,0.24365980672725185,-0.11109000878821856,0.5563730801296484,0.4177926418194386,-0.13858043831020977,0.0
BQSSF,10,-0.00764323500871701,0.24365980672725185,-0.11109000878821856,0.5563730801296484,0.4177926418194386,-0.13858043831020977,0.0
BQST,10,-0.21751910640799516,10.186413702904145,-6.729184427394147,10.231442013198192,10.058098320234242,-0.17334369296395025,-99.9641428572791
BR,10,-0.4208468125993899,7.238493723849372,-12.145053355037078,8.610708097750727,10.291022986675161,1.6803148889244337,34.54573269635426
BRACR,10,-0.00764323500871701,0.24365980672725185,-0.11109000878821856,0.5563730801296484,0.4177926418194386,-0.13858043831020977,0.0
BRACU,10,-0.00764323500871701,0.24365980672725185,-0.11109000878821856,0.5563730801296484,0.4177926418194386,-0.13858043831020977,0.0
BRAG,10,0.44697872188535964,2.5981784087864987,-0.6903075943201831,0.5563730801296484,3.5549019852717727,2.9985289051421242,0.0
BRAGF,10,-0.7015355371409905,7.342657342657343,-8.68908749969559,7.869152046783626,0.4177926418194386,-7.451359404964187,22.27010057359852
BRANF,10,-0.4291788713417015,8.391133738563678,-4.8829184685758396,6.224073141306249,0.4177926418194386,-5.80628049948681,0.9937070118600012
BRAV,10,0.42164070941049364,7.050431320504313,-9.238983509056501,5.484940870518824,9.972920368959972,4.487979498441148,790.2439266605652
BRAXF,10,-0.00764323500871701,0.24365980672725185,-0.11109000878821856,0.5563730801296484,0.4177926418194386,-0.13858043831020977,0.0
BRBL,10,-0.4428341384863123,3.1190038577285852,-5.103130841855569,6.831014317402701,3.388815223207016,-3.442199094195685,-99.9770164138974
BRBMF,10,-0.12923756062548486,7.002555340044948,-7.842948099556242,3.5206350295295112,5.790961069230488,2.270326039700977,14.045908434791196
BRBOF,10,-0.5615942028985508,3.885525591634563,-7.361702127659575,14.831407081269491,5.686026936026937,-9.145380145242555,25.324741396873147
BRBR,10,-0.00764323500871701,0.24365980672725185,-0.11109000878821856,0.5563730801296484,0.4177926418194386,-0.13858043831020977,0.0
BRBS,10,0.35672514619883017,5.7109557109557105,-7.030843552582684,8.954156954156955,7.66928003770109,-1.2848769164558655,27.48566001146049
BRC,10,0.6376262626262625,7.640317888313346,-5.8024027254796495,6.190972468601433,12.189069576776433,5.998097108175,-9.78654351352925
BRCC,10,-0.00764323500871701,0.24365980672725185,-0.11109000878821856,0.5563730801296484,0.4177926418194386,-0.13858043831020977,0.0
BRCGF,10,-0.00764323500871701,0.24365980672725185,-0.11109000878821856,0.5563730801296484,0.4177926418194386,-0.13858043831020977,0.0
BRCHF,10,-0.00764323500871701,0.24365980672725185,-0.11109000878821856,0.5563730801296484,0.4177926418194386,-0.13858043831020977,0.0
BRCNF,10,0.2129959392669437,9.3998294970162,-9.495732951534897,8.365816705361558,7.396149127731687,-0.9696675776298713,72.82377200279946
BRCOQ,10,0.014907343151618038,7.987250108312187,-9.510026397443616,5.606460839652134,2.518522989970533,-3.087937849681601,-87.5
BRCTF,10,-0.00764323500871701,0.24365980672725185,-0.11109000878821856,0.5563730801296484,0.4177926418194386,-0.13858043831020977,0.0
BRDCF,10,-0.37303643983747636,9.336848741904053,-9.767494300102724,7.026311701883671,7.7102331607078645,0.6839214588241935,9.452736318407952
BRDCY,10,-0.9866783779827261,7.813459682372553,-8.334050796383988,5.080276143556385,3.2129751577761847,-1.8673009857802003,15.860199635323212
BRDG,10,-0.00764323500871701,0.24365980672725185,-0.11109000878821856,0.5563730801296484,0.4177926418194386,-0.13858043831020977,0.0
BRDLF,10,-0.00764323500871701,0.24365980672725185,-0.11109000878821856,0.5563730801296484,0.4177926418194386,-0.13858043831020977,0.0
BRDNF,10,-0.00764323500871701,0.24365980672725185,-0.11109000878821856,0.5563730801296484,0.4177926418194386,-0.13858043831020977,0.0
BREA,10,-0.00764323500871701,0.24365980672725185,-0.11109000878821856,0.5563730801296484,0.4177926418194386,-0.13858043831020977,0.0
BREJY,10,-0.00764323500871701,0.24365980672725185,-0.11109000878821856,0.5563730801296484,0.4177926418194386,-0.13858043831020977,0.0
BRENF,10,-0.00764323500871701,0.24365980672725185,-0.11109000878821856,0.5563730801296484,0.4177926418194386,-0.13858043831020977,0.0
BRER,10,1.2349480021893813,7.477313974591651,-7.183189854669999,7.65123034859877,7.557665162020879,-0.0935651865778917,-37.99999932944782
BREUF,10,-0.11757789535567298,8.827042522694697,-3.1361492542508564,6.911995680111622,4.59164079853735,-2.3203548815742723,15.707127546609907
BRFH,10,-0.7580945266405206,9.246039320481009,-7.608695652173913,8.558542152292153,5.740299434661452,-2.818242717630701,44.98269935938507
BRFS,10,0.7360525082044069,9.697217675941081,-6.645170220908551,2.784013154580359,6.523274010991011,3.7392608564106515,-44.57264552451068
BRGC,10,-0.12745098039215672,5.28425875685778,-8.552631578947368,8.007859014050965,6.60170330758566,-1.406155706465305,3212.891975457039
BRGO,10,-0.39351851851851855,3.5659704533876715,-7.5682412453263606,8.53908416822324,3.91820987654321,-4.62087429168003,-93.18181822998356
BRGX,10,-0.00764323500871701,0.24365980672725185,-0.11109000878821856,0.5563730801296484,0.4177926418194386,-0.13858043831020977,0.0
BRIBF,10,-0.00764323500871701,0.24365980672725185,-0.11109000878821856,0.5563730801296484,0.4177926418194386,-0.13858043831020977,0.0
BRID,10,0.429819868022115,6.523980370324549,-5.327687871782215,11.666908921922433,10.549120549120547,-1.1177883728018863,-52.62707512901918
BRIOF,10,-0.20546163455808733,17.33470424579654,-9.339369550637157,7.827269838557117,5.7989707716833045,-2.028299066873813,159.42857665918297
BRK-A,10,-0.6565656565656565,5.945582801477999,-6.148011951275569,6.6727053140096615,4.032249378784032,-2.6404559352256296,32.45288032646863
BRK-B,10,-0.6565656565656565,5.945582801477999,-6.148011951275569,6.6727053140096615,4.032249378784032,-2.6404559352256296,31.968005678200832
BRKCF,10,-0.00764323500871701,0.24365980672725185,-0.11109000878821856,0.5563730801296484,0.4177926418194386,-0.13858043831020977,0.0
BRKFF,10,-0.00764323500871701,0.24365980672725185,-0.11109000878821856,0.5563730801296484,0.4177926418194386,-0.13858043831020977,0.0
BRKH,10,-0.00764323500871701,0.24365980672725185,-0.11109000878821856,0.5563730801296484,0.4177926418194386,-0.13858043831020977,0.0
BRKHW,10,-0.00764323500871701,0.24365980672725185,-0.11109000878821856,0.5563730801296484,0.4177926418194386,-0.13858043831020977,0.0
BRKL,10,-1.005647411036266,16.47887323943662,-12.95774647887324,6.913586651368308,4.0509725016767275,-2.8626141496915807,-0.0129522078292308
BRKR,10,-0.08714596949891076,9.355950172276703,-10.869981795535116,7.072474011249521,7.553733031674208,0.4812590204246874,78.34978537010963
BRKWF,10,0.2636817888172551,8.81398455270928,-11.111435452090785,2.5101784962580442,9.901423196322122,7.391244700064078,44.026186553832375
BRLAF,10,-1.0215878134500982,8.90263582571275,-6.324110671936759,8.387341484003484,4.387537345283825,-3.999804138719659,-15.658759836483627
BRLGF,10,-1.6068853313796732,5.671337909162878,-14.149519060611354,7.272248077461536,2.7055823690895857,-4.56666570837195,226.8604288206844
BRLL,10,0.43624334883114596,8.24290742965,-5.241215008933889,0.5563730801296484,6.222198970858887,5.665825890729239,0.0
BRLS,10,-0.00764323500871701,0.24365980672725185,-0.11109000878821856,0.5563730801296484,0.4177926418194386,-0.13858043831020977,0.0
BRLSW,10,-0.00764323500871701,0.24365980672725185,-0.11109000878821856,0.5563730801296484,0.4177926418194386,-0.13858043831020977,0.0
BRLT,10,-0.00764323500871701,0.24365980672725185,-0.11109000878821856,0.5563730801296484,0.4177926418194386,-0.13858043831020977,0.0
BRLXF,10,1.0377903049506898,9.396325459317586,-8.978213852402806,5.769384185818171,10.475655904457726,4.706271718639555,74.4484337912548
BRN,10,-0.9902560299269086,7.959183673469388,-9.394393012338861,7.01287539773205,5.04197941766198,-1.97089598007007,588.7058971728422
BRNE,10,0.44213727649310464,8.321056642113284,-5.50959825846032,6.483434168827427,7.64784621593783,1.1644120471104031,645.6140099343272
BRNGF,10,0.03861600247142416,3.789032749428789,-3.254712513024534,4.336493129709473,3.5272242659157818,-0.8092688637936916,-31.764707686991823
BRNHF,10,-0.00764323500871701,0.24365980672725185,-0.11109000878821856,0.5563730801296484,0.4177926418194386,-0.13858043831020977,0.0
BRNS,10,-0.00764323500871701,0.24365980672725185,-0.11109000878821856,0.5563730801296484,0.4177926418194386,-0.13858043831020977,0.0
BRO,10,-0.5349794238683128,13.470666413518133,-11.99971055392742,10.280472179435586,11.11413043478261,0.8336582553470233,58.22962163399394
BROE,10,0.5692674147542839,9.022112607769978,-5.672061393511132,6.182986365745587,8.030667534510645,1.8476811687650576,134.96239834379625
BROG,10,1.2256531132226933,11.312281168652955,-0.27588109524794646,0.5563730801296484,11.648538303520594,11.092165223390946,0.0
BROGW,10,-0.00764323500871701,0.24365980672725185,-0.11109000878821856,0.5563730801296484,0.4177926418194386,-0.13858043831020977,0.0
BROS,10,-0.00764323500871701,0.24365980672725185,-0.11109000878821856,0.5563730801296484,0.4177926418194386,-0.13858043831020977,0.0
BROXF,10,-0.00764323500871701,0.24365980672725185,-0.11109000878821856,0.5563730801296484,0.4177926418194386,-0.13858043831020977,0.0
BRPHF,10,0.44697872188535975,6.629494186055272,-5.6818181818181825,2.1166965321388362,5.185185185185186,3.0684886530463498,1501.419524004478
BRPSF,10,-0.00764323500871701,0.24365980672725185,-0.11109000878821856,0.5563730801296484,0.4177926418194386,-0.13858043831020977,0.0
BRQL,10,-0.00764323500871701,0.24365980672725185,-0.11109000878821856,0.5563730801296484,0.4177926418194386,-0.13858043831020977,0.0
BRQSF,10,0.16890129170436946,19.206429780033844,-22.931348873884975,3.439233644149633,10.827170228727569,7.387936584577936,0.0
BRRAY,10,-0.16679679182340834,19.206429780033844,-20.20988401146735,4.450253741357344,11.734325182866778,7.284071441509433,-7.051884629158566
BRRDF,10,1.215777824017795,7.291238173591115,-5.952051687705364,0.5563730801296484,8.486828143810742,7.9304550636810935,0.0
BRRE,10,-0.5165047373313769,1.8787079762689523,-5.875923578017751,8.174090891147761,3.6238274016657925,-4.550263489481969,59.39130534296449
BRRGF,10,0.43415204239201355,10.234598187063373,-10.288188723742342,0.5563730801296484,5.138287135596234,4.581914055466585,0.0
BRRLY,10,-0.00764323500871701,0.24365980672725185,-0.11109000878821856,0.5563730801296484,0.4177926418194386,-0.13858043831020977,0.0
BRRN,10,0.39892285416582113,10.857940013950245,-7.42275536168666,6.62208641802021,7.512736736050776,0.8906503180305663,-76.92982399177465
BRSE,10,-0.23718686287571408,12.358276643990928,-10.848747212383575,9.724642841525958,3.931118285857662,-5.793524555668295,552.135914139658
BRSF,10,-0.00764323500871701,0.24365980672725185,-0.11109000878821856,0.5563730801296484,0.4177926418194386,-0.13858043831020977,0.0
BRSGF,10,0.9673554956573821,33.005733005733006,-30.2806403525828,7.263377617090883,8.882750942103462,1.619373325012579,63.83233605599271
BRSHF,10,-0.00764323500871701,0.24365980672725185,-0.11109000878821856,0.5563730801296484,0.4177926418194386,-0.13858043831020977,0.0
BRSI,10,-0.553539469309508,4.760393122888995,-4.223947574613576,5.420700869876424,4.9163439815111065,-0.5043568883653178,-58.5253431564722
BRSP,10,0.47128627641743925,4.249341199484173,-1.8342613822469702,0.5563730801296484,3.607859629758856,3.0514865496292076,0.0
BRST,10,0.8937976172214552,7.153404429860542,-5.594950308890679,7.257026898665861,6.763507951556984,-0.49351894710887656,-22.87925863189663
BRSYF,10,0.1368396807977346,11.879595588235293,-7.629730504587156,3.697436547354633,9.718447397533426,6.021010850178794,10.600004196166992
BRT,10,0.4514963880288957,7.508090614886732,-4.122807017543861,6.0478556328685995,9.45636745585647,3.4085118229878697,15.637759445860002
BRTHF,10,-0.050673130914718416,8.139103675690414,-7.859047974003889,5.7698704017391345,3.0434301716733145,-2.72644023006582,19.510840875700985
BRTHY,10,-0.05067313091471851,4.487029939454535,-3.806282722513089,4.044483748274152,4.526106470907497,0.4816227226333458,19.79116906228306
BRTX,10,-1.0080757449178503,5.148029098291321,-5.2204928664072625,8.180669295318976,3.8469761389965123,-4.3336931563224645,-97.38305284670446
BRUZF,10,0.6475960058359771,10.04140244679384,-3.8900535755881656,0.5563730801296484,7.782533581799829,7.22616050167018,0.0
BRVMF,10,-0.00764323500871701,0.24365980672725185,-0.11109000878821856,0.5563730801296484,0.4177926418194386,-0.13858043831020977,0.0
BRVO,10,-0.24800780614734105,6.542755991285404,-3.7557270315891005,8.927865552806507,6.588461181199439,-2.339404371607068,-77.93727827282164
BRVRF,10,0.3193858415377402,9.902597402597403,-6.5928270042194095,6.157643341187645,6.8571645415907705,0.6995212004031259,105.47943999601122
BRWC,10,-0.00764323500871701,0.24365980672725185,-0.11109000878821856,0.5563730801296484,0.4177926418194386,-0.13858043831020977,0.0
BRWXF,10,-0.007643235008716979,4.982793793401884,-4.8829184685758396,0.5563730801296484,0.4177926418194386,-0.13858043831020977,0.0
BRX,10,1.3032625101590618,6.2508321129010795,-8.326429163214582,4.538893058805638,10.802323010456613,6.263429951650974,9.06401966252413
BRY,10,0.20354279769826183,13.022752591264554,-9.40277911491929,0.5563730801296484,6.600365540590118,6.043992460460469,0.0
BRYAF,10,-0.28934715343743517,11.024169709615718,-9.51600568119742,6.575842890827599,4.881669931457348,-1.6941729593702508,3.999926624936037
BRYFF,10,-0.22346336908747227,5.183914617876882,-7.355242566510173,4.039532346357155,3.52722276852749,-0.5123095778296647,139.393942677942
BRYGF,10,0.3003737836137548,9.098137084052823,-3.9325842696629207,0.5563730801296484,6.097846441947564,5.541473361817916,0.0
BRYN,10,0.17793415934881107,13.602941176470589,-10.742503967259669,12.743102126844223,10.005107619286214,-2.7379945075580086,-46.43480912239626
BRZE,10,-0.00764323500871701,0.24365980672725185,-0.11109000878821856,0.5563730801296484,0.4177926418194386,-0.13858043831020977,0.0
BRZL,10,0.8758611910594474,3.5210242979775934,-3.658777120315582,5.540428499834872,9.268210243093996,3.7277817432591247,-62.09103868902766
BRZV,10,0.26387470207694924,8.598659405111018,-9.092312442111764,10.0920661460917,6.224689289205418,-3.867376856886281,2813.7344594718
BSAC,10,0.029552115883051053,9.434112329166611,-8.372217889878936,5.633328409317509,3.8116941775478357,-1.8216342317696737,-29.292162807780294
BSBK,10,-0.00764323500871701,0.24365980672725185,-0.11109000878821856,0.5563730801296484,0.4177926418194386,-0.13858043831020977,0.0
BSBR,10,0.0962000962000963,11.06628242074928,-16.24413145539906,5.91137139372172,4.9519338251732625,-0.9594375685484575,-42.905953481531576
BSDGY,10,1.3084910919783337,7.293371522094928,-4.275661830656422,3.260005481477036,11.715803070340923,8.455797588863888,116.4879869938328
BSEAF,10,-0.00764323500871701,0.24365980672725185,-0.11109000878821856,0.5563730801296484,0.4177926418194386,-0.13858043831020977,0.0
BSEG,10,-0.7015355371409903,6.846383889862151,-11.096644578079044,6.3092287740547555,3.704279197462838,-2.6049495765919173,183.33333333333485
BSEM,10,-0.12923756062548486,9.415170248258269,-4.2006156074597145,8.563344874796156,3.3929840429550744,-5.170360831841082,0.0
BSENF,10,-0.00764323500871701,0.24365980672725185,-0.11109000878821856,0.5563730801296484,0.4177926418194386,-0.13858043831020977,0.0
BSET,10,-0.38035209737013687,4.793162576358375,-8.7730451366815,10.992498014588074,4.956190346287871,-6.0363076683002035,23.17048960333671
BSFAF,10,-0.00764323500871701,0.24365980672725185,-0.11109000878821856,0.5563730801296484,0.4177926418194386,-0.13858043831020977,0.0
BSFC,10,-0.00764323500871701,0.24365980672725185,-0.11109000878821856,0.5563730801296484,0.4177926418194386,-0.13858043831020977,0.0
BSFFF,10,0.647596005835977,13.022752591264554,-13.076343127943524,0.5563730801296484,6.708003827328518,6.15163074719887,0.0
BSFO,10,-0.00764323500871701,0.24365980672725185,-0.11109000878821856,0.5563730801296484,0.4177926418194386,-0.13858043831020977,0.0
BSGC,10,-0.5888585014906251,8.586414319248826,-8.662776104417672,9.135146807888832,9.050339102643028,-0.0848077052458045,-57.14285357912438
BSGM,10,-0.12266802964477384,9.17387883556255,-8.930006224183783,7.406021867966607,9.377289377289378,1.9712675093227707,-62.07763226416206
BSHI,10,-0.3249686176515444,6.7300916138125455,-11.562219523784382,8.60444301716012,8.538740723149047,-0.06570229401107319,77.9359406449404
BSHVF,10,0.25345186169183276,10.186413702904145,-4.8730548730548735,0.5563730801296484,6.767636718736964,6.211263638607315,0.0
BSIG,10,-1.0029834457315374,5.292755991285404,-7.361641221374046,5.834183177933177,3.906867595780183,-1.927315582152994,175.39267565727587
BSKZF,10,-0.00764323500871701,0.24365980672725185,-0.11109000878821856,0.5563730801296484,0.4177926418194386,-0.13858043831020977,0.0
BSLAF,10,0.19897260367275177,9.825451136059227,-5.483518764155455,0.5563730801296484,2.8311921662428197,2.274819086113171,0.0
BSLK,10,-0.00764323500871701,0.24365980672725185,-0.11109000878821856,0.5563730801296484,0.4177926418194386,-0.13858043831020977,0.0
BSLKW,10,-0.00764323500871701,0.24365980672725185,-0.11109000878821856,0.5563730801296484,0.4177926418194386,-0.13858043831020977,0.0
BSM,10,0.16890129170436965,5.541871921182265,-7.840722495894909,5.436111818288457,5.6703973390866595,0.23428552079820264,0.0
BSMAF,10,-0.5632044349544665,5.882661079099005,-10.72216028737768,5.769407370594728,1.2065069023208819,-4.562900468273846,0.0
BSND,10,-0.19471826700742323,5.333824996746344,-10.275288092189498,10.833932611860453,11.717143611387252,0.8832109995267992,-13.76835188401128
BSNLF,10,0.7029811455769449,7.304347826086957,-6.590873067335264,0.5563730801296484,6.395191058635902,5.8388179785062535,0.0
BSPA,10,-0.35275733407493476,16.103896103896105,-10.647482014388489,8.49803776064741,6.235921502999875,-2.262116257647535,-1.035591949250844
BSPDF,10,-1.6068853313796732,5.596369922212619,-9.156108056418837,13.233753316628444,3.5847038456375206,-9.649049470990924,0.0
BSPDY,10,-0.00764323500871701,0.24365980672725185,-0.11109000878821856,0.5563730801296484,0.4177926418194386,-0.13858043831020977,0.0
BSPK,10,0.040739748056821234,8.280479210711768,-6.04983660130719,5.989798055974528,3.1190171296871614,-2.8707809262873663,28.776480509424346
BSPM,10,0.1819040869359792,3.7153584838190596,-3.8969624186067016,5.8088448710963005,5.015417141100561,-0.7934277299957397,-78.60352405708804
BSQKZ,10,-0.00764323500871701,0.24365980672725185,-0.11109000878821856,0.5563730801296484,0.4177926418194386,-0.13858043831020977,0.0
BSRR,10,-0.4700854700854702,7.051282051282051,-5.671774372640463,8.847400225207801,5.921855921855922,-2.925544303351879,-9.13842940058752
BSRTF,10,1.5160955795785176,7.702859800046502,-0.11109000878821856,0.5563730801296484,8.564430140685358,8.00805706055571,0.0
BSRUF,10,0.3931955657919725,8.30022148717585,-8.494419711458251,3.350816314352992,6.580010681835522,3.22919436748253,5.575383650030133
BSSC,10,-0.10491606714628274,11.397919141735969,-18.623096446700508,8.045011359333586,14.866091250555016,6.82107989122143,-33.85900364295494
BSSMF,10,0.2828581225520997,7.906132817225112,-7.502799552071669,3.2194534243694126,4.32349631363298,1.104042889263567,8595.65202250715
BSSP,10,-0.12116185271922975,4.875452416436024,-3.2220011620332056,6.547069131447145,1.3418436976868537,-5.205225433760291,540.0000291037708
BSTK,10,-0.16971392630186294,6.519756838905775,-6.46551724137931,11.858715714153584,8.819655521783181,-3.0390601923704033,1243.636350705622
BSTO,10,-1.0015160231709126,6.316393913293137,-7.671920769981867,8.5386362318409,4.518877380554627,-4.019758851286274,99.30357028743452
BSTZ,10,1.3817229899629608,12.45830868012184,-0.11109000878821856,0.5563730801296484,4.585891316734473,4.029518236604824,0.0
BSVN,10,0.2225118307518018,3.3681728379325726,-1.6481557658028243,0.5563730801296484,2.400288655466783,1.8439155753371343,0.0
BSWGF,10,-0.00764323500871701,0.24365980672725185,-0.11109000878821856,0.5563730801296484,0.4177926418194386,-0.13858043831020977,0.0
BSX,10,0.1725327812284333,6.370656370656369,-8.73090481786134,9.13527964252602,11.520340215992391,2.3850605734663706,9.395886568021318
BSXGF,10,0.7075968013468015,9.045206846266023,-4.203003875968992,6.2578932311835835,8.428881894484412,2.170988663300829,-5.835542927838169
BSY,10,-0.00764323500871701,0.24365980672725185,-0.11109000878821856,0.5563730801296484,0.4177926418194386,-0.13858043831020977,0.0
BSYI,10,0.2557544757033248,15.441355272756747,-8.402278584022785,7.721680766503405,10.998748760517264,3.2770679940138594,-36.30573204327032
BTA,10,0.6902356902356903,7.580159125891561,-9.535699824537726,8.075360014135525,9.593225704336815,1.5178656902012904,6.977659623790783
BTAEF,10,-0.00764323500871701,0.24365980672725185,-0.11109000878821856,0.5563730801296484,0.4177926418194386,-0.13858043831020977,0.0
BTAFF,10,-0.5058275761506821,5.368658054080049,-8.373073084174337,5.9299869614685585,4.952855474980679,-0.9771314864878793,1.936953764607456
BTAI,10,0.3015836171406614,8.732394366197184,-12.638759385581784,0.5563730801296484,8.650929970064288,8.09455688993464,0.0
BTAX,10,0.26789785681714545,12.352941176470589,-15.542238040406154,10.723622782446313,5.178517149767836,-5.545105632678477,-59.03076868790846
BTBD,10,-0.00764323500871701,0.24365980672725185,-0.11109000878821856,0.5563730801296484,0.4177926418194386,-0.13858043831020977,0.0
BTBDW,10,-0.00764323500871701,0.24365980672725185,-0.11109000878821856,0.5563730801296484,0.4177926418194386,-0.13858043831020977,0.0
BTBIF,10,0.09586606808829032,5.926845789117182,-5.201614672458426,5.001010154135519,5.395021645021646,0.3940114908861263,-12.222252927661758
BTBT,10,0.037969203461082915,9.661835748792273,-7.999527819312189,0.5563730801296484,8.247878893637308,7.69150581350766,0.0
BTCM,10,0.38675213675213665,17.29733887094293,-18.623096446700508,4.738451161230666,12.899618007486028,8.161166846255362,-11.625575556502511
BTCS,10,-0.7391448980234028,8.931359902233687,-7.8182913795847835,7.492552925392819,3.5044010714186773,-3.988151853974142,4583.347002000981
BTCT,10,1.6772894924260153,11.226698145688848,-0.11109000878821856,0.5563730801296484,9.249111119026095,8.692738038896447,0.0
BTCTW,10,-0.00764323500871701,0.24365980672725185,-0.11109000878821856,0.5563730801296484,0.4177926418194386,-0.13858043831020977,0.0
BTCWF,10,-0.00764323500871701,0.24365980672725185,-0.11109000878821856,0.5563730801296484,0.4177926418194386,-0.13858043831020977,0.0
BTCY,10,0.4341520423920134,3.7464689516788936,-3.5622593068035937,1.8328988025206734,3.3233604105255448,1.4904616080048714,0.0
BTDG,10,-0.6933763031324007,11.10612414960241,-10.678210678210677,5.571606484421238,5.103914382264898,-0.4676921021563407,-7.513417376059809
BTDPF,10,-0.7207695987492271,9.771356094885506,-7.217265493127561,11.712233023438595,4.434386483979665,-7.277846539458929,13.335913878798952
BTDPY,10,0.9765433742570294,10.467743626177803,-8.723642470610189,0.5563730801296484,6.493816354190197,5.9374432740605485,0.0
BTDR,10,-0.00764323500871701,0.24365980672725185,-0.11109000878821856,0.5563730801296484,0.4177926418194386,-0.13858043831020977,0.0
BTE,10,0.33479220439157586,6.376004947433519,-7.7692052430728396,1.455417330113707,4.330820275621303,2.875402945507596,137.36536609695756
BTEAF,10,0.16682677506674617,9.345470827559062,-7.601369671991447,0.5563730801296484,1.4892779489596848,0.9329048688300364,0.0
BTG,10,0.7602339181286548,21.417811893854978,-14.873096446700508,6.897759213958271,12.77612699984868,5.878367785890409,7.213014522274628
BTGHF,10,-0.00764323500871701,0.24365980672725185,-0.11109000878821856,0.5563730801296484,0.4177926418194386,-0.13858043831020977,0.0
BTGN,10,0.010249629732125854,12.073112073112071,-11.362756484707702,9.648361274377534,6.856586859879383,-2.7917744144981507,22.2978756002865
BTGOF,10,-1.3415477333003107,5.353535353535354,-11.118095717039646,8.2614584123259,4.166894166894167,-4.094564245431734,-19.9152532138086
BTGRF,10,-0.00764323500871701,0.24365980672725185,-0.11109000878821856,0.5563730801296484,0.4177926418194386,-0.13858043831020977,0.0
BTGWF,10,0.18568033273915624,8.77699180938198,-9.348887234218582,7.882090951711203,7.46855837636359,-0.4135325753476131,-31.57894901951928
BTI,10,-0.5058275761506821,5.368658054080049,-8.373073084174337,5.9299869614685585,4.952855474980679,-0.9771314864878793,2.002692573193264
BTIM,10,-0.00764323500871701,0.24365980672725185,-0.11109000878821856,0.5563730801296484,0.4177926418194386,-0.13858043831020977,0.0
BTLCY,10,-1.2241370895738775,8.522018522018522,-8.037321208676708,9.018283658334393,4.31842628953052,-4.699857368803873,-18.50236317789656
BTLLF,10,0.10909698049484638,6.64946046006855,-4.374269005847953,0.5563730801296484,3.7060981412411174,3.149725061111469,0.0
BTM,10,-0.00764323500871701,0.24365980672725185,-0.11109000878821856,0.5563730801296484,0.4177926418194386,-0.13858043831020977,0.0
BTMD,10,-0.00764323500871701,0.24365980672725185,-0.11109000878821856,0.5563730801296484,0.4177926418194386,-0.13858043831020977,0.0
BTMWW,10,-0.00764323500871701,0.24365980672725185,-0.11109000878821856,0.5563730801296484,0.4177926418194386,-0.13858043831020977,0.0
BTNY,10,-0.6170287691577481,5.68391059500289,-8.27779367669085,5.319197178101373,4.794660851752734,-0.5245363263486391,8600.967581052259
BTOC,10,-0.00764323500871701,0.24365980672725185,-0.11109000878821856,0.5563730801296484,0.4177926418194386,-0.13858043831020977,0.0
BTOG,10,0.16682677506674615,1.5242427460559076,-0.11109000878821856,0.5563730801296484,0.9412026720458281,0.3848295919161797,0.0
BTOW,10,-2.099065084501978,5.983818770226538,-9.708737864077671,15.23992615613462,6.419633225458468,-8.820292930676153,341.17645821356894
BTQNF,10,0.46473467874704255,7.813620071684587,-6.143790849673202,8.353572053211394,8.086882831819066,-0.266689221392328,337.6914528140843
BTQQF,10,-0.00764323500871701,0.24365980672725185,-0.11109000878821856,0.5563730801296484,0.4177926418194386,-0.13858043831020977,0.0
BTRCF,10,-0.00764323500871701,0.24365980672725185,-0.11109000878821856,0.5563730801296484,0.4177926418194386,-0.13858043831020977,0.0
BTRMF,10,-0.00764323500871701,0.24365980672725185,-0.11109000878821856,0.5563730801296484,0.4177926418194386,-0.13858043831020977,0.0
BTRYF,10,-0.00764323500871701,0.24365980672725185,-0.11109000878821856,0.5563730801296484,0.4177926418194386,-0.13858043831020977,0.0
BTSBF,10,-1.299401784838678,9.397285484242008,-8.879363135333744,11.426904331510421,7.832389015392482,-3.5945153161179393,62.33468810228059
BTSG,10,-0.00764323500871701,0.24365980672725185,-0.11109000878821856,0.5563730801296484,0.4177926418194386,-0.13858043831020977,0.0
BTSGU,10,-0.00764323500871701,0.24365980672725185,-0.11109000878821856,0.5563730801296484,0.4177926418194386,-0.13858043831020977,0.0
BTSGY,10,0.6700820432861865,10.205072199975731,-9.062049062049061,7.397761249653288,7.1975263699569,-0.20023487969638865,-36.5153990713414
BTSNY,10,-0.00764323500871701,0.24365980672725185,-0.11109000878821856,0.5563730801296484,0.4177926418194386,-0.13858043831020977,0.0
BTT,10,0.6902356902356904,9.587917390465162,-8.363609179935711,9.705675911967345,8.202030967818338,-1.5036449441490074,7.124009837467893
BTTC,10,-0.2551874163319946,9.422063253012048,-7.899305555555555,9.069960397144131,3.4273160679604224,-5.6426443291837085,840.0000335276161
BTTR,10,-0.10198604401502968,7.465015604550491,-16.77781677781678,9.551156751877597,6.1263386924085985,-3.4248180594689988,-80.91364836779469
BTTX,10,-0.00764323500871701,0.24365980672725185,-0.11109000878821856,0.5563730801296484,0.4177926418194386,-0.13858043831020977,0.0
BTU,10,0.16890129170436954,12.22731516849164,-8.194996492868833,0.5563730801296484,5.607891385623259,5.051518305493611,0.0
BTUMF,10,-0.00764323500871701,0.24365980672725185,-0.11109000878821856,0.5563730801296484,0.4177926418194386,-0.13858043831020977,0.0
BTURF,10,1.3868433176639339,10.903225806451612,-10.36786830135176,3.8241850134863,5.134974240830386,1.3107892273440855,-47.05882641683394
BTVCF,10,-0.4423237143073544,8.337585161619495,-14.802427845906108,8.285230604071183,9.08590074535966,0.800670141288478,-9.304079853313398
BTVCY,10,0.7929448430452791,6.264845075453166,-5.775193798449614,0.5563730801296484,9.8007037220298,9.244330641900152,0.0
BTVRF,10,-0.00764323500871701,0.24365980672725185,-0.11109000878821856,0.5563730801296484,0.4177926418194386,-0.13858043831020977,0.0
BTZ,10,0.04779250303547005,5.941496163682865,-10.473346604733464,7.920468661483167,8.956619578927427,1.0361509174442594,12.644443422639323
BTZI,10,-0.1127838771649172,8.193530701754387,-4.634068392457654,6.371769143771378,4.4745993305931036,-1.8971698131782748,26.71220510870566
BUBSF,10,-0.00764323500871701,0.24365980672725185,-0.11109000878821856,0.5563730801296484,0.4177926418194386,-0.13858043831020977,0.0
BUD,10,-0.5307369224894998,8.860759493670885,-11.515762737188108,9.008755304188904,6.237193104145894,-2.77156220004301,-36.42920473699765
BUDFF,10,-0.5307369224894998,8.860759493670885,-11.515762737188108,9.008755304188904,6.237193104145894,-2.77156220004301,-36.40335780894958
BUDZ,10,-0.7719045906748172,4.657883552911176,-6.319050077439339,8.599216805738546,2.7058188757076116,-5.893397930030934,-25.06265490065015
BUENF,10,0.5264383880736084,7.518470230334641,-4.269005847953215,5.896564076364299,12.791104745991964,6.894540669627665,710.9000133924329
BUGLF,10,-0.5476103165872144,7.858090185676392,-6.48479427549195,7.4138048851752885,6.580010681835522,-0.8337942033397665,-69.3426183603144
BUHF,10,1.6934460727703815,11.226698145688848,-5.24340770791075,4.829524355717221,9.297580860059194,4.468056504341972,18.71989206480601
BUHPF,10,-0.497286079182631,7.888513513513514,-10.501060149536883,8.5833612538158,5.748118389564657,-2.8352428642511436,-2.8529234630549105
BUI,10,1.1045744257278922,6.508728179551122,-8.25242718446602,5.097723158898936,11.961673855917496,6.86395069701856,11.29860942811777
BUJA,10,-0.00764323500871701,0.24365980672725185,-0.11109000878821856,0.5563730801296484,0.4177926418194386,-0.13858043831020977,0.0
BUJAR,10,-0.00764323500871701,0.24365980672725185,-0.11109000878821856,0.5563730801296484,0.4177926418194386,-0.13858043831020977,0.0
BUJAW,10,-0.00764323500871701,0.24365980672725185,-0.11109000878821856,0.5563730801296484,0.4177926418194386,-0.13858043831020977,0.0
BUKS,10,0.5039925520105992,9.86861313868613,-7.728262261493149,9.243358961373787,13.377988645057513,4.134629683683727,22.48520874578372
BULT,10,-0.24754071923883242,10.306887929074788,-8.360270349691447,8.235445232379124,4.079622132253712,-4.155823100125413,1740.0609901790667
BUNM,10,0.8740192960135706,7.240682532555006,-9.823020117137764,5.212543032480167,5.425308148043144,0.21276511556297706,0.0
BUNNF,10,-0.00764323500871701,0.24365980672725185,-0.11109000878821856,0.5563730801296484,0.4177926418194386,-0.13858043831020977,0.0
BUR,10,-0.00764323500871701,0.24365980672725185,-0.11109000878821856,0.5563730801296484,0.4177926418194386,-0.13858043831020977,0.0
BURBY,10,-0.25610878699222567,6.703446473245958,-5.06993006993007,5.701968921182668,6.885244702025524,1.1832757808428562,-2.3435676496448083
BURCA,10,-0.1422017637668357,8.120294599018004,-7.8182913795847835,5.881441814281708,9.741767353707653,3.8603255394259444,-1.692494375446437
BURCF,10,-0.00764323500871701,0.24365980672725185,-0.11109000878821856,0.5563730801296484,0.4177926418194386,-0.13858043831020977,0.0
BURL,10,-0.06888953293126675,11.341425459072516,-6.66852419429739,10.705169880427613,14.277699031419798,3.5725291509921853,45.02367447685496
BURU,10,-0.00764323500871701,0.24365980672725185,-0.11109000878821856,0.5563730801296484,0.4177926418194386,-0.13858043831020977,0.0
BURUW,10,-0.00764323500871701,0.24365980672725185,-0.11109000878821856,0.5563730801296484,0.4177926418194386,-0.13858043831020977,0.0
BUSC,10,-0.9516460905349793,6.64946046006855,-9.642401021711365,6.856472048875847,2.3835103643535205,-4.472961684522327,99900.0002910375
BUSE,10,0.5555555555555556,13.924050632911392,-7.674050632911392,6.724683544303797,4.710948618540511,-2.013734925763286,-1.489807117847077
BUYO,10,-0.00764323500871701,0.24365980672725185,-0.11109000878821856,0.5563730801296484,0.4177926418194386,-0.13858043831020977,0.0
BV,10,1.3817229899629608,6.493506493506493,-0.11109000878821856,0.5563730801296484,7.954914023025478,7.3985409428958295,0.0
BVAXF,10,1.0642626725026436,9.601165822978984,-0.11109000878821856,0.5563730801296484,3.6335103643535205,3.077137284223872,0.0
BVCLF,10,-0.49596299211890393,10.243727202387532,-9.456792687993353,8.493401000395126,2.814662900575487,-5.67873809981964,216.21621987347703
BVERS,10,-0.3889768422513089,13.49630761395467,-8.794011689065972,6.816939185254424,8.951527630919918,2.1345884456654938,4.212406595559788
BVFL,10,-0.06440927493559083,10.595677385345281,-7.88891046805205,9.687154950312845,6.950560149345685,-2.7365948009671603,21.77355308791336
BVHMF,10,-0.7731869800835319,7.906132817225112,-8.100331041507513,5.781610811246712,2.370059758452055,-3.4115510527946573,34.4017376387412
BVHMY,10,-0.00764323500871701,0.24365980672725185,-0.11109000878821856,0.5563730801296484,0.4177926418194386,-0.13858043831020977,0.0
BVILF,10,0.6343312446816741,8.361501512186443,-6.976048846504893,6.916850437102728,9.304281558721572,2.3874311216188433,105.21739462147588
BVLDF,10,0.3003737836137548,4.558932542624166,-2.1381578947368416,0.5563730801296484,3.0307944156165063,2.474421335486858,0.0
BVN,10,-1.4297604185244635,8.273110508882866,-13.600148230498425,12.170197913569552,7.121151631824266,-5.049046281745286,-50.48885082807635
BVNKF,10,-0.07313203431007922,9.019607843137255,-11.761379700310997,9.037315802770076,7.690322710276642,-1.3469930924934337,104.88712726253092
BVNNF,10,1.6934460727703813,15.263816425388624,-0.11109000878821856,0.5563730801296484,5.521060565156733,4.964687485027085,0.0
BVNRY,10,-0.00764323500871701,0.24365980672725185,-0.11109000878821856,0.5563730801296484,0.4177926418194386,-0.13858043831020977,0.0
BVRDF,10,-0.32921810699588483,13.628725140542828,-13.35040546308152,3.302561635894969,6.781604352782495,3.4790427168875264,27.78658627392131
BVS,10,-0.00764323500871701,0.24365980672725185,-0.11109000878821856,0.5563730801296484,0.4177926418194386,-0.13858043831020977,0.0
BVSFF,10,-0.00764323500871701,0.24365980672725185,-0.11109000878821856,0.5563730801296484,0.4177926418194386,-0.13858043831020977,0.0
BVVBY,10,-0.00764323500871701,0.24365980672725185,-0.11109000878821856,0.5563730801296484,0.4177926418194386,-0.13858043831020977,0.0
BW,10,0.5941772024171738,8.193530701754387,-9.830695620169305,5.128666660854642,4.55271678675934,-0.5759498740953024,0.0
BWA,10,-1.3432137741530008,8.761506276150628,-14.197028970536293,8.584876162675748,5.964405964405965,-2.620470198269783,13.626529620941904
BWAGF,10,-0.00764323500871701,0.24365980672725185,-0.11109000878821856,0.5563730801296484,0.4177926418194386,-0.13858043831020977,0.0
BWAY,10,0.32979939566648536,2.9909963314535606,-0.11109000878821856,0.5563730801296484,1.4301205338450458,0.8737474537153974,0.0
BWB,10,1.2256531132226935,10.186413702904145,-8.366013071895424,0.5563730801296484,5.7249120629008905,5.168538982771242,0.0
BWEFF,10,-0.00764323500871701,0.24365980672725185,-0.11109000878821856,0.5563730801296484,0.4177926418194386,-0.13858043831020977,0.0
BWEL,10,0.18049695264885132,5.776700446832743,-7.667684428247808,3.5206350295295112,4.50318637013916,0.9825513406096484,53.707067219007385
BWEN,10,0.22140822140822175,14.728971962616823,-10.105263157894736,8.01341960220465,3.908653748191617,-4.104765854013033,69.76893696782722
BWFG,10,-1.0567983061769306,32.07000103551828,-33.044542800640365,14.170578876461228,13.159749532130157,-1.0108293443310714,6.573446663258251
BWIN,10,-0.00764323500871701,0.24365980672725185,-0.11109000878821856,0.5563730801296484,0.4177926418194386,-0.13858043831020977,0.0
BWLKF,10,-0.00764323500871701,0.24365980672725185,-0.11109000878821856,0.5563730801296484,0.4177926418194386,-0.13858043831020977,0.0
BWLP,10,0.6878306878306879,11.678125795772853,-5.839587743494343,5.455957602339182,9.602441217547685,4.146483615208504,24.714280234775742
BWLVF,10,0.16682677506674615,8.139103675690414,-8.03922835086437,0.5563730801296484,1.7299169325472714,1.1735438524176232,0.0
BWMG,10,-0.23510971786833876,9.126436781609193,-7.73989898989899,11.19047619047619,7.561707409206195,-3.6287687812699945,76.85218402394139
BWMN,10,-0.00764323500871701,0.24365980672725185,-0.11109000878821856,0.5563730801296484,0.4177926418194386,-0.13858043831020977,0.0
BWMX,10,1.2256531132226933,5.638560478108355,-0.11109000878821856,0.5563730801296484,5.922721456964029,5.366348376834381,0.0
BWMY,10,-0.00764323500871701,0.24365980672725185,-0.11109000878821856,0.5563730801296484,0.4177926418194386,-0.13858043831020977,0.0
BWNAF,10,0.6900352733686066,7.803869211235895,-12.680456798103855,5.906932320866748,5.414604888289099,-0.49232743257764877,1199.999965075472
BWNB,10,-0.00764323500871701,0.24365980672725185,-0.11109000878821856,0.5563730801296484,0.4177926418194386,-0.13858043831020977,0.0
BWOFY,10,-0.00764323500871701,0.24365980672725185,-0.11109000878821856,0.5563730801296484,0.4177926418194386,-0.13858043831020977,0.0
BWPC,10,-0.5787037037037037,9.23913043478261,-8.809963099630997,8.031400966183574,3.667915365455805,-4.363485600727769,283.67346234368307
BWSN,10,-0.00764323500871701,0.24365980672725185,-0.11109000878821856,0.5563730801296484,0.4177926418194386,-0.13858043831020977,0.0
BWTL,10,0.19387896413239147,9.423076923076923,-7.1933471933471935,10.633711315851642,12.04626082020718,1.412549504355539,70.66666920979817
BWTX,10,0.02356902356902355,11.055871212121211,-9.580592105263158,7.964928894205211,5.383040935672515,-2.581887958532696,-37.400000012417856
BWVI,10,-0.2556897293739399,6.084033613445378,-6.324635117204776,4.974974633895173,5.947810703228659,0.9728360693334857,190.53312436898176
BWXT,10,0.4751429303858973,11.880703813956089,-6.315789473684211,12.824806772175194,7.9426820297224054,-4.882124742452788,-1.4095422758029794
BX,10,0.0005225020743332544,7.018630044464457,-8.794011689065972,6.211396370079882,9.027519865508692,2.81612349542881,131.22479209615642
BXBLY,10,-1.1522633744855966,7.640317888313346,-12.161015056069337,9.254244073539704,6.753917378917379,-2.5003266946223253,-6.652478830633955
BXC,10,0.4248134365093428,9.733502146187815,-4.517704517704517,3.5531381689007477,7.34921175646776,3.796073587567012,49.00878004512628
BXDIF,10,0.19897260367275174,1.8135552035099578,-0.11109000878821856,0.5563730801296484,1.0376401578638448,0.4812670777341964,0.0
BXLC,10,-0.035792415443997694,8.725152905198776,-6.984289617486338,8.305185825771629,4.981436484510472,-3.3237493412611565,110.38495827653556
BXMT,10,-0.4606670431404759,9.762845849802375,-7.620294599018004,7.606878398704154,11.551257624675053,3.9443792259708985,-14.02946298781583
BXNG,10,0.7374652868817285,10.985189682689745,-6.713187310202234,4.245805712857623,5.524539236368535,1.2787335235109119,0.0
BXNS,10,-0.00764323500871701,0.24365980672725185,-0.11109000878821856,0.5563730801296484,0.4177926418194386,-0.13858043831020977,0.0
BXP,10,0.2735690235690236,6.2366737739872065,-5.1755041075429435,6.326592147487669,5.686893515840883,-0.6396986316467856,-14.219240804581997
BXPHF,10,0.30037378361375466,2.7261658229789845,-0.11109000878821856,0.5563730801296484,1.3418436976868537,0.7854706175572054,0.0
BXRDF,10,1.2040713553576843,9.268228394451583,-4.904561630540279,0.5563730801296484,5.628230511100927,5.071857430971279,0.0
BXRXQ,10,-0.00764323500871701,0.24365980672725185,-0.11109000878821856,0.5563730801296484,0.4177926418194386,-0.13858043831020977,0.0
BXSY,10,-0.35040325738000144,7.853530816027929,-9.390719759296696,4.448117053165558,5.305972344807296,0.8578552916417381,21.4196469274064
BXXRF,10,0.26614060677494417,12.238325281803542,-12.340678817141013,0.5563730801296484,5.680689950031275,5.124316869901627,0.0
BY,10,0.20354279769826183,8.24290742965,-7.872764490411548,0.5563730801296484,4.3326532050338304,3.776280124904182,0.0
BYAGF,10,-0.00764323500871701,0.24365980672725185,-0.11109000878821856,0.5563730801296484,0.4177926418194386,-0.13858043831020977,0.0
BYCBF,10,-0.2565504359364233,7.380115776435199,-10.791170860205288,7.597456993405761,6.751547295418476,-0.8459096979872855,8.627769770818041
BYD,10,-1.1127475045000819,5.742912113841799,-11.164073231236033,10.787885872953732,6.055931548889295,-4.731954324064437,145.22175463631348
BYDDF,10,-0.08386273437390429,11.371036554148604,-11.025565677343518,4.404196805137489,2.609383745392083,-1.794813059745406,534.0982999612527
BYDDY,10,-0.08386273437390429,11.371036554148604,-11.025565677343518,4.404196805137489,2.609383745392083,-1.794813059745406,537.1270824600899
BYDGF,10,-0.07116769881483404,8.391133738563678,-8.539773839765449,13.080392102527155,13.754059982979953,0.6736678804527987,38.21548688048469
BYDIF,10,-0.9259583066192614,8.034077149282131,-8.42361863488624,7.357690658872433,6.23468158373793,-1.1230090751345028,141.60982730818463
BYDIY,10,-0.00764323500871701,0.24365980672725185,-0.11109000878821856,0.5563730801296484,0.4177926418194386,-0.13858043831020977,0.0
BYDMF,10,-0.00764323500871701,0.24365980672725185,-0.11109000878821856,0.5563730801296484,0.4177926418194386,-0.13858043831020977,0.0
BYFC,10,0.3023225245447469,7.637752318603383,-8.96848909237813,8.398552601451152,8.080477552844327,-0.31807504860682556,98.6018250253999
BYLB,10,-1.0924314582065149,16.568851882044694,-12.458373408365743,9.390659260803902,9.966365648276465,0.5757063874725628,12.931875704493198
BYLG,10,-0.007643235008716948,10.234598187063373,-8.696973149519577,0.5563730801296484,4.343306494801631,3.7869334146719824,0.0
BYLOF,10,-0.5257009345794393,4.403306973400431,-5.496794871794872,12.330307931943446,9.084334474168239,-3.2459734577752073,35.64781327873446
BYLTF,10,0.3003737836137547,5.153733964342054,-1.7996870109546164,0.5563730801296484,3.2460038005812653,2.6896307204516168,0.0
BYM,10,0.6902356902356903,12.761506276150628,-9.535699824537726,8.075360014135525,8.202030967818338,0.12667095368281345,9.817972456431558
BYMOF,10,-1.0562293194439905,3.1736166317361665,-8.284794416181278,6.982487380935986,3.050389658595108,-3.932097722340878,42.30418749002976
BYND,10,1.3817229899629608,12.45830868012184,-0.11109000878821856,0.5563730801296484,4.585891316734473,4.029518236604824,0.0
BYNEF,10,-0.18794597349643213,9.614739379950185,-9.684015318657742,8.486954373211839,3.5898513529655625,-4.897103020246277,-35.877861796569626
BYNO,10,-0.00764323500871701,0.24365980672725185,-0.11109000878821856,0.5563730801296484,0.4177926418194386,-0.13858043831020977,0.0
BYNOW,10,-0.00764323500871701,0.24365980672725185,-0.11109000878821856,0.5563730801296484,0.4177926418194386,-0.13858043831020977,0.0
BYOC,10,-0.7370535915842703,3.793103448275861,-5.8088946181115055,8.37307981523257,6.007558550987032,-2.3655212642455377,-47.382477970406114
BYOGF,10,-0.2375730994152047,25.771324863883848,-22.06896551724138,15.087719298245615,3.1365094262837143,-11.9512098719619,4008.3331441589153
BYON,10,0.45221053656636534,28.141299193930774,-31.392073187738823,4.003401842186888,4.584877943458458,0.5814761012715692,609.9265131672995
BYPLF,10,-0.8729231568016615,9.771356094885506,-8.383905813812357,6.546439023074537,3.682900174852964,-2.863538848221573,23.222746587405336
BYRG,10,-0.6471535100686575,8.636467627545183,-13.222411664412958,4.770384420581937,9.812438332258251,5.042053911676314,4187.036961608844
BYRN,10,-0.6183842785149976,9.969621651477492,-8.284794416181278,6.3811354610414455,5.430118175216214,-0.9510172858252313,1388.150671659435
BYRRF,10,-0.00764323500871701,0.24365980672725185,-0.11109000878821856,0.5563730801296484,0.4177926418194386,-0.13858043831020977,0.0
BYSD,10,-0.00764323500871701,0.24365980672725185,-0.11109000878821856,0.5563730801296484,0.4177926418194386,-0.13858043831020977,0.0
BYSI,10,0.6938923021322733,12.294859916887452,-5.024813895781637,0.5563730801296484,6.665939975292495,6.109566895162846,0.0
BYU,10,0.2361782071926999,11.429398148148147,-6.292481255693365,6.807484567901234,4.890352803396282,-1.9171317645049522,25.69832402234637
BYYLF,10,0.43415204239201327,24.371399530660963,-20.54409211769618,0.5563730801296484,9.901265897248129,9.344892817118481,0.0
BZ,10,-0.00764323500871701,0.24365980672725185,-0.11109000878821856,0.5563730801296484,0.4177926418194386,-0.13858043831020977,0.0
BZAMF,10,0.3015836171406617,15.724045874535308,-9.610814022578726,0.5563730801296484,8.626005218544675,8.069632138415027,0.0
BZDLF,10,-0.25518741633199465,15.664189259918349,-12.094463801780872,9.415952621947332,6.529933559513712,-2.88601906243362,-33.791951694202154
BZFD,10,-0.00764323500871701,0.24365980672725185,-0.11109000878821856,0.5563730801296484,0.4177926418194386,-0.13858043831020977,0.0
BZFDW,10,-0.00764323500871701,0.24365980672725185,-0.11109000878821856,0.5563730801296484,0.4177926418194386,-0.13858043831020977,0.0
BZH,10,0.7257727652464493,7.293371522094928,-8.112823742691054,4.245992860642542,8.83069323794924,4.5847003773066985,9.22403124203692
BZIC,10,-0.20183971940970155,7.92361656914971,-9.8007098007098,8.680297285756593,4.5777360489190615,-4.1025612368375315,-56.66666692536778
BZLEY,10,-0.00764323500871701,0.24365980672725185,-0.11109000878821856,0.5563730801296484,0.4177926418194386,-0.13858043831020977,0.0
BZLFF,10,-0.6145455567737765,8.004415607821933,-9.47487393496783,6.618648501758379,9.152364497817832,2.5337159960594526,32.86847024970624
BZLFY,10,-2.0315844743325657,8.816905140434553,-14.57000710732054,10.162418768124416,6.4787327615995975,-3.6836860065248187,29.5467014904258
BZLYF,10,0.7364836100468283,8.951584813653778,-11.150793650793652,10.912698412698413,8.769416685880989,-2.143281726817424,-32.38308575923399
BZQIF,10,-0.31823461091753774,9.060240963855422,-8.552631578947368,10.748150496723737,4.823130605459183,-5.9250198912645535,79.52380618991403
BZQIY,10,-0.28594771241830075,5.427338992408784,-8.608724388631856,10.831147745722495,4.542013511883218,-6.289134233839277,74.8053660501545
BZRD,10,-1.5710715097218162,6.692131398013751,-9.287054409005629,13.50993180261473,4.760040397558575,-8.749891405056154,-89.71790136634742
BZTAF,10,-0.00764323500871701,0.24365980672725185,-0.11109000878821856,0.5563730801296484,0.4177926418194386,-0.13858043831020977,0.0
BZTG,10,0.6370180922610591,10.925226210599583,-9.965092178466238,9.244298753667147,7.381316885159996,-1.862981868507151,-56.82832062263672
BZUN,10,0.22251183075180173,7.089201877934272,-12.95774647887324,3.1373564565293406,4.71105420401195,1.5736977474826097,0.0
BZWHF,10,-0.00764323500871701,0.24365980672725185,-0.11109000878821856,0.5563730801296484,0.4177926418194386,-0.13858043831020977,0.0
BZWR,10,-0.00764323500871701,0.24365980672725185,-0.11109000878821856,0.5563730801296484,0.4177926418194386,-0.13858043831020977,0.0
BZYR,10,0.12022147221670758,3.8950534087864987,-9.269533055940823,6.850430410468153,6.104711570112673,-0.7457188403554804,21.55963243961641
BZZUY,10,0.21523021308980222,9.86861313868613,-11.903614457831324,10.685270581852706,8.646696743245007,-2.0385738386076984,13.51084465915597
C,10,-0.2975331546760118,8.857602372246724,-9.390719759296696,5.053815989894243,4.11976911976912,-0.9340468701251234,-0.0013912044016084
CAAOF,10,0.43624334883114596,6.641160226817597,-2.795031055900621,0.5563730801296484,3.9974600486177363,3.441086968488088,0.0
CAAP,10,0.44697872188535975,6.64946046006855,-3.114274177266303,0.5563730801296484,3.7461983918676833,3.189825311738035,0.0
CAAS,10,0.0730266794681561,4.640936730488969,-9.94400895856663,3.833109234152797,6.775594692727952,2.942485458575155,69.59494784386673
CABA,10,-0.00764323500871701,0.24365980672725185,-0.11109000878821856,0.5563730801296484,0.4177926418194386,-0.13858043831020977,0.0
CABB,10,0.15927624872579,9.913912105012173,-8.342274678111588,6.832612265244033,8.506879083737001,1.6742668184929679,-47.19008124519528
CABGY,10,1.3231358647097669,8.754634310751602,-9.383924928600571,5.811548940827116,13.280381350335603,7.468832409508487,13.683306706724345
CABHF,10,-0.007643235008717022,10.467743626177803,-10.266621155231919,0.5563730801296484,5.6788600956983055,5.122487015568657,35.07377979568672
CABJF,10,1.3231358647097669,7.580159125891561,-8.79325230789666,4.883304059093862,13.280381350335603,8.39707729124174,13.13530485455706
CABO,10,1.2256531132226933,17.078364052523792,-10.995638997708625,8.29455375464397,12.417203910518333,4.122650155874364,0.0
CABPF,10,-0.00764323500871701,0.24365980672725185,-0.11109000878821856,0.5563730801296484,0.4177926418194386,-0.13858043831020977,0.0
CAC,10,-0.4700854700854702,6.410591087078128,-7.7163906951141,9.258853769992385,5.30467163168585,-3.9541821383065345,11.290473391324529
CACC,10,-1.3167587476979745,8.940298009933663,-6.976016542192112,14.06666358015165,7.93734096692112,-6.12932261323053,33.22416639956197
CACH,10,0.2886136512713663,7.241586538461538,-7.027183342972817,7.043596705923519,7.599401997206324,0.5558052912828053,-38.27160600288367
CACI,10,0.367359229147847,7.6103001476135805,-8.853754940711465,8.484804305699827,11.25871653973457,2.773912234034743,19.94069742497183
CACO,10,-0.00764323500871701,0.24365980672725185,-0.11109000878821856,0.5563730801296484,0.4177926418194386,-0.13858043831020977,0.0
CADE,10,0.5555555555555556,5.109489051094891,-1.4957264957264957,3.1454707093393224,5.868945868945869,2.7234751596065467,0.6974421979933179
CADL,10,-0.00764323500871701,0.24365980672725185,-0.11109000878821856,0.5563730801296484,0.4177926418194386,-0.13858043831020977,0.0
CADLF,10,-0.00764323500871701,0.24365980672725185,-0.11109000878821856,0.5563730801296484,0.4177926418194386,-0.13858043831020977,0.0
CADNF,10,0.44091710758377417,10.09216589861751,-5.816543484863825,11.064275777245305,6.265574330090459,-4.798701447154846,34.40173186015936
CADZX,10,0.47128627641743914,4.264378258212145,-0.11109000878821856,0.5563730801296484,1.8545811760979072,1.298208095968259,0.0
CAE,10,0.7526171460597689,8.530410767570313,-6.0055528730082095,6.017822319844778,11.953601953601954,5.935779633757176,18.88746595837312
CAEEF,10,-0.00764323500871701,0.24365980672725185,-0.11109000878821856,0.5563730801296484,0.4177926418194386,-0.13858043831020977,0.0
CAEN,10,0.396625260732854,9.324622433395556,-8.418543028235499,8.19767441860465,10.50816276507775,2.3104883464730985,-9.227271156541295
CAFI,10,0.7564095515604667,16.568851882044694,-13.084268721728932,10.481833887530584,11.064109007650638,0.5822751201200536,25.51375308491404
CAFLX,10,-0.00764323500871701,0.24365980672725185,-0.11109000878821856,0.5563730801296484,0.4177926418194386,-0.13858043831020977,0.0
CAFS,10,-1.9006523860892794,4.098442993470618,-13.962873284907182,10.15633282456575,6.457873203576742,-3.6984596209890075,1337.1682044747536
CAFX,10,-0.00764323500871701,0.24365980672725185,-0.11109000878821856,0.5563730801296484,0.4177926418194386,-0.13858043831020977,0.0
CAFZF,10,0.25345186169183287,7.270671744831485,-8.004052684903748,5.326370726369913,4.662448965819752,-0.6639217605501617,115.28362954892292
CAG,10,-0.43506155018244524,4.039190897597978,-6.703446473245958,10.454181672669067,4.812239956472302,-5.641941716196765,24.81481634579181
CAGPF,10,-0.00764323500871701,0.24365980672725185,-0.11109000878821856,0.5563730801296484,0.4177926418194386,-0.13858043831020977,0.0
CAGU,10,-0.8145687215454659,3.9682539682539684,-6.645170220908551,10.264351257176516,5.82010582010582,-4.4442454370706965,-85.06333360938595
CAH,10,-1.0862924780450554,6.94642010431484,-11.391215635738833,8.137349656357388,5.863636363636364,-2.273713292721024,-1.0768689796282482
CAHLF,10,-0.6294832381788904,4.810733181036856,-8.24915824915825,8.452803550842765,7.536390795830155,-0.91641275501261,-30.32349156165941
CAHPF,10,-1.0052910052910053,7.729450971806661,-17.167755991285404,14.374046092796094,7.638759207386658,-6.735286885409436,-8.248862932532223
CAIB,10,0.9409339997881214,8.086893026652064,-4.615384615384616,6.492816316529865,11.244078446220348,4.751262129690483,18.181814487315407
CAIXY,10,-0.2847769594119252,4.403235653235653,-6.135799325141657,3.9324121990454812,2.9803285875222385,-0.9520836115232427,9.384125993324874
CAJFF,10,-0.00985747254403968,7.883244206773618,-11.519607843137255,6.468678288470321,5.6979283213915695,-0.7707499670787517,-8.587070616429926
CAJPY,10,-0.00985747254403968,7.883244206773618,-11.519607843137255,6.468678288470321,5.6979283213915695,-0.7707499670787517,-10.008551122474351
CAJTF,10,-0.00764323500871701,0.24365980672725185,-0.11109000878821856,0.5563730801296484,0.4177926418194386,-0.13858043831020977,0.0
CAKE,10,-0.2649300017721069,8.457019171304886,-7.46606334841629,8.421181992610563,5.671456166812203,-2.74972582579836,17.927961838559995
CAL,10,-1.3499658236500338,7.554765025276166,-12.53475440222428,10.763333052489678,4.718048531038453,-6.045284521451225,4.209476001098804
CALA,10,-0.9482714337083268,6.39580000950224,-7.505893446487506,5.924470194272175,4.317282860972181,-1.6071873332999935,-23.04029273958665
CALC,10,-0.00764323500871701,0.24365980672725185,-0.11109000878821856,0.5563730801296484,0.4177926418194386,-0.13858043831020977,0.0
CALIQ,10,0.3001024740155175,9.33698296836983,-13.63088718510405,6.7361571923615715,8.045836789798143,1.3096795974365714,-93.91999989748004
CALM,10,-0.023270625122477018,11.245479204339963,-7.8634445723053314,7.554409374029627,2.8473367654654207,-4.707072608564207,-10.803294817595688
CALRF,10,-0.00764323500871701,0.24365980672725185,-0.11109000878821856,0.5563730801296484,0.4177926418194386,-0.13858043831020977,0.0
CALT,10,-0.00764323500871701,0.24365980672725185,-0.11109000878821856,0.5563730801296484,0.4177926418194386,-0.13858043831020977,0.0
CALX,10,0.22606036950299252,13.912115281978295,-10.913312693498451,5.021372960610309,9.229876160990711,4.208503200380402,607.6494651095368
CALZF,10,-0.00764323500871701,0.24365980672725185,-0.11109000878821856,0.5563730801296484,0.4177926418194386,-0.13858043831020977,0.0
CAMG,10,-0.6995667954572063,5.1282051282051295,-5.4453441295546545,6.64597602739726,5.900904309659843,-0.7450717177374164,8253.33342149858
CAMLF,10,-0.00764323500871701,0.24365980672725185,-0.11109000878821856,0.5563730801296484,0.4177926418194386,-0.13858043831020977,0.0
CAMNF,10,-0.00764323500871701,0.24365980672725185,-0.11109000878821856,0.5563730801296484,0.4177926418194386,-0.13858043831020977,0.0
CAMP,10,-0.00764323500871701,0.24365980672725185,-0.11109000878821856,0.5563730801296484,0.4177926418194386,-0.13858043831020977,0.0
CAMRF,10,0.647596005835977,9.825451136059227,-5.782828282828284,0.5563730801296484,5.384500505468247,4.828127425338598,0.0
CAMT,10,0.02464025231618352,7.169823126981479,-4.832841691248771,7.002664938058197,10.821531300090024,3.8188663620318275,280.94252002572284
CAMZF,10,-0.8615567439096847,8.630087209302326,-13.763790920600467,9.679094726333098,6.473890369155792,-3.2052043571773057,11.463417976048625
CAN,10,-0.00764323500871701,0.24365980672725185,-0.11109000878821856,0.5563730801296484,0.4177926418194386,-0.13858043831020977,0.0
CANB,10,-1.5519270373639305,7.803836906923114,-6.984289617486338,12.002711541645967,5.943445846527475,-6.059265695118492,-88.9090908363077
CANF,10,-0.8668562914804281,6.600467289719626,-14.21742209631728,11.810703537987699,4.803416019830284,-7.007287518157415,-29.65396426788293
CANG,10,0.6397932592691853,4.191538134597228,-1.300497802704509,0.5563730801296484,4.722401058262932,4.166027978133283,0.0
CANL,10,-0.5165047373313768,10.946830890336592,-7.015174386271552,8.500698453798158,3.704433472053983,-4.796264981744175,-16.91282524176178
CANN,10,-1.6354016354016354,8.808813954285322,-15.884602015988877,11.394155688388238,3.298230532273086,-8.095925156115152,-34.49592314294592
CANOF,10,1.0310951766485805,14.036195377824995,-8.122989696341929,7.071436300578895,9.900497512437811,2.8290612118589156,224.2172131129352
CANQF,10,0.5636521718921429,18.328364052523792,-12.400793650793652,8.506947432227518,6.9493983539785065,-1.5575490782490116,0.0
CANSF,10,-0.00764323500871701,0.24365980672725185,-0.11109000878821856,0.5563730801296484,0.4177926418194386,-0.13858043831020977,0.0
CAOEF,10,-0.00764323500871701,0.24365980672725185,-0.11109000878821856,0.5563730801296484,0.4177926418194386,-0.13858043831020977,0.0
CAOHF,10,0.20354279769826172,8.380925490299079,-6.34920634920635,0.5563730801296484,4.9839779417244205,4.427604861594772,0.0
CAOVF,10,-0.6070410936942059,7.123131903833658,-7.0651826264952335,7.831615058269851,6.998956884952097,-0.8326581733177543,-34.64755044391893
CAOVY,10,-0.9692303896167989,7.123131903833658,-10.32488628979857,6.448959769394661,5.912388997184319,-0.5365707722103421,-32.03827309031927
CAOX,10,1.204071355357684,12.294859916887452,-10.153902470078942,6.712515012795099,9.551487402848698,2.8389723900535992,-24.24242424242424
CAPC,10,0.011544011544011646,19.11770076324727,-20.873096446700508,8.98662321076114,11.542830710051248,2.5562074992901085,717.5757550416025
CAPFF,10,-0.00764323500871701,0.24365980672725185,-0.11109000878821856,0.5563730801296484,0.4177926418194386,-0.13858043831020977,0.0
CAPL,10,0.07647323436797117,5.599637270460214,-4.278846153846153,5.189130290139475,7.020687645687647,1.8315573555481723,13.07178481125089
CAPMF,10,-0.8184408184408185,5.739898032275735,-7.395028718558132,11.098397726304704,3.4763000753534894,-7.622097650951215,78.86012934962547
CAPR,10,-0.5335036811462309,11.169230525373088,-10.742503967259669,9.492190999949461,6.413035485578302,-3.079155514371159,47.41573278316921
CAPS,10,0.31938584153774024,7.6477214061106675,-7.1232458816351425,5.003441864107939,5.339870710605619,0.33642884649768057,56.02836457304269
CAPT,10,-0.00764323500871701,0.24365980672725185,-0.11109000878821856,0.5563730801296484,0.4177926418194386,-0.13858043831020977,0.0
CAPTF,10,-0.00764323500871701,0.24365980672725185,-0.11109000878821856,0.5563730801296484,0.4177926418194386,-0.13858043831020977,0.0
CAPTW,10,-0.00764323500871701,0.24365980672725185,-0.11109000878821856,0.5563730801296484,0.4177926418194386,-0.13858043831020977,0.0
CAPV,10,-0.44834599675240105,3.248587570621467,-4.50594190140845,7.453722842313169,5.1399860103096,-2.3137368320035696,1954.999857391237
CAR,10,-0.769980506822612,8.631873802152437,-13.071326091412173,6.527470274702747,5.4493850089676705,-1.0780852657350763,315.77288614808333
CARA,10,-0.2242749078192116,4.178663914090653,-7.205033003300329,10.00162753617134,7.515643722540275,-2.485983813631065,-24.79382833492379
CARCY,10,-0.21585882241619936,10.946830890336592,-8.481292865550735,7.311040299380998,3.4546230473519937,-3.8564172520290048,-2.305615395708106
CARE,10,-0.19403543449977947,6.275777840067273,-5.814008630910039,8.55101427871381,6.294010103133499,-2.2570041755803105,-25.60317449376039
CARG,10,0.10909698049484638,10.196078431372548,-9.312977099236642,0.5563730801296484,4.982558176612013,4.426185096482365,0.0
CARM,10,0.6483332099587928,7.220476564545692,-6.225225225225227,5.8014895939447895,5.622414244566639,-0.1790753493781505,-40.46619965523969
CARR,10,-0.00764323500871701,0.24365980672725185,-0.11109000878821856,0.5563730801296484,0.4177926418194386,-0.13858043831020977,0.0
CARS,10,0.47128627641743914,24.265569917743832,-31.635135135135137,0.5563730801296484,14.4327825234561,13.876409443326452,0.0
CART,10,-0.00764323500871701,0.24365980672725185,-0.11109000878821856,0.5563730801296484,0.4177926418194386,-0.13858043831020977,0.0
CARV,10,0.35882925000292937,5.80848623853211,-8.73820754716981,5.7761020714326925,6.22329359833572,0.4471915269030271,453.73230867756337
CASBF,10,-0.00764323500871701,0.24365980672725185,-0.11109000878821856,0.5563730801296484,0.4177926418194386,-0.13858043831020977,0.0
CASH,10,0.17435710206794564,12.630506748153806,-13.694366635543105,10.598111954350651,7.567718743008136,-3.030393211342515,57.45965652001327
CASI,10,-0.3805953192456258,4.698059734030958,-3.043354789852328,7.496576817748238,5.120476959202298,-2.37609985854594,-65.01457820464623
CASS,10,0.31691985332634903,12.156626506024098,-6.243950512996499,8.366035779674851,7.926648297224774,-0.4393874824500772,-20.36424704697348
CASXF,10,1.0816237836137548,11.148788520853659,-1.494235436893204,0.5563730801296484,7.4361441176442495,6.879771037514601,0.0
CASY,10,0.6902356902356902,13.712121212121211,-8.256302521008402,10.177192088956796,10.008149959250204,-0.16904212970659138,15.497386946980589
CAT,10,-0.38626415130307545,9.434112329166611,-7.592842300000651,6.709639077954317,4.557397220613781,-2.1522418573405355,44.76133951266787
CATG,10,0.4793652389008936,20.995065789473685,-16.60013686131387,8.795735129068463,7.200437552103878,-1.595297576964585,33.59999974568684
CATI,10,-0.5879118555174894,4.810733181036856,-4.325955734406438,6.043580774640514,5.074305482014896,-0.9692752926256176,5.338961748583091
CATO,10,-0.03554894179894181,6.812784954407295,-8.194996492868833,8.60471734212961,8.346058861351414,-0.2586584807781964,-2.9163319345275416
CATPF,10,0.5276705276705275,10.494938132733408,-9.205049864529888,9.954774341302008,5.813856601258176,-4.1409177400438315,217.24138498022808
CATTF,10,-0.00764323500871701,0.24365980672725185,-0.11109000878821856,0.5563730801296484,0.4177926418194386,-0.13858043831020977,0.0
CATV,10,0.32526671870934165,9.747880572268723,-7.110120153598414,4.163317301830013,6.962764239759544,2.799446937929531,4890.000124418836
CATWF,10,-0.2584138440192971,5.814092557644665,-7.178534836065573,5.664512640499237,2.3901110740405036,-3.2744015664587334,-60.000001490116105
CATX,10,0.19620811287477954,6.310192616372392,-7.814207650273223,5.399971125732656,5.543412264723741,0.14344113899108457,98.71383216920158
CATY,10,0.2503912363067294,12.849162011173185,-8.522238934250108,5.725361696032087,5.220038177784657,-0.5053235182474305,17.429933331640708
CAUD,10,-0.00764323500871701,0.24365980672725185,-0.11109000878821856,0.5563730801296484,0.4177926418194386,-0.13858043831020977,0.0
CAULF,10,-0.7731869800835319,5.323389481805323,-7.285271010761205,6.208767594906209,4.9506028658609225,-1.2581647290452862,76.9230736166062
CAUUF,10,-0.00764323500871701,0.24365980672725185,-0.11109000878821856,0.5563730801296484,0.4177926418194386,-0.13858043831020977,0.0
CAVA,10,-0.00764323500871701,0.24365980672725185,-0.11109000878821856,0.5563730801296484,0.4177926418194386,-0.13858043831020977,0.0
CAVG,10,-0.08186931730621055,8.625776397515528,-7.859047974003889,6.186027551117065,5.457527535775036,-0.7285000153420294,-54.89215503519013
CAVR,10,0.042447264669486943,8.106060606060606,-9.648585387310115,8.863282342601076,7.594229442055529,-1.2690529005455469,1217.6217898900525
CAWRF,10,-0.00764323500871701,0.24365980672725185,-0.11109000878821856,0.5563730801296484,0.4177926418194386,-0.13858043831020977,0.0
CAWW,10,1.0535128256647244,9.648586707410235,-2.188208616780045,5.502945601509668,6.8367144837733065,1.3337688822636382,29.01609854304921
CAXPF,10,-1.2377745711079047,8.453883575878914,-14.919119830212125,5.610632959109441,4.387628964008939,-1.2230039951005018,32.09876599989186
CAZGF,10,1.0816237836137548,14.638605016379215,-3.7250384024577583,9.145076560336976,5.888866301990933,-3.2562102583460435,0.0
CB,10,0.5373029925459593,8.296308954203694,-7.439426017407669,8.213443956587026,9.788773265613278,1.5753293090262517,16.980355773759136
CBAF,10,0.05780698551782927,10.948070356291478,-6.815893728017992,12.071572135347644,9.129877511169111,-2.941694624178533,-8.237821508759229
CBAN,10,-0.5775346053123831,8.149210903873744,-7.21009841677364,12.515570848904183,6.23033748033748,-6.285233368566703,20.41220004548088
CBAOF,10,-0.00764323500871701,0.24365980672725185,-0.11109000878821856,0.5563730801296484,0.4177926418194386,-0.13858043831020977,0.0
CBAT,10,-0.8498420901521677,5.811124713563737,-9.122726226110984,6.463414454146666,5.722046087899746,-0.7413683662469204,332.70322115166283
CBBB,10,-0.14890522790611418,9.547575286300015,-6.729184427394147,9.49264547387672,9.287350576867007,-0.20529489700971304,107.11708138442133
CBBBD,10,-0.14890522790611418,9.547575286300015,-6.729184427394147,9.49264547387672,9.287350576867007,-0.20529489700971304,107.11708138442133
CBBHF,10,0.8361537688970513,10.186413702904145,-7.75599128540305,0.5563730801296484,5.096847357250996,4.540474277121348,0.0
CBBI,10,0.8388198383641571,6.64946046006855,-3.114274177266303,0.5563730801296484,4.946539485991527,4.390166405861878,0.0
CBBLF,10,0.4525273416661892,3.0894502292353763,-1.0366826156299846,0.5563730801296484,4.182869499250339,3.6264964191206905,0.0
CBCA,10,-0.2501463206070252,3.0761024182076806,-4.530281354315688,8.22650800720976,3.241148446275888,-4.985359560933873,-90.84381290226548
CBCY,10,-0.9071563336404722,9.799172740349212,-10.153902470078942,10.743769470404985,8.113791730329668,-2.629977740075317,-8.923076923076923
CBCYB,10,-0.4566628484154257,9.806053482221568,-8.302763511861091,11.416663152119733,9.771419254911551,-1.6452438972081822,-7.874015748031496
CBDBY,10,0.15147350215899844,14.937430882952096,-10.722267307572256,3.0560380010045947,6.462368774427155,3.4063307734225603,-77.26983812062794
CBDD,10,-0.023324295168955424,8.950109649122805,-8.555095604178984,4.698309365848307,6.661350496966935,1.9630411311186275,1279.4339074550044
CBDG,10,-0.5774938701767971,8.036044606521852,-10.693277310924369,7.450744240627508,4.305530085376041,-3.145214155251467,-57.80169678988061
CBDHF,10,-0.00764323500871701,0.24365980672725185,-0.11109000878821856,0.5563730801296484,0.4177926418194386,-0.13858043831020977,0.0
CBDL,10,0.7597852880871749,9.390723270440251,-7.44410569105691,7.930057012834279,6.795025311662346,-1.1350317011719335,-91.47869669240282
CBDS,10,-0.02662654715757516,5.260896011848091,-5.512584407612032,4.987485833756256,2.7632356050565314,-2.224250228699725,-54.593176163029376
CBDW,10,-0.00764323500871701,0.24365980672725185,-0.11109000878821856,0.5563730801296484,0.4177926418194386,-0.13858043831020977,0.0
CBDX,10,-0.25964723789058985,14.69520128949566,-20.019941908353925,7.134444926548068,5.6426240481968035,-1.4918208783512643,-96.01440707412044
CBDY,10,0.43415204239201355,7.241586538461538,-5.760683760683761,2.478712683628672,7.215081215081216,4.736368531452543,0.0
CBEEF,10,-0.26848710409255727,9.733502146187815,-6.2509267525079055,3.2761456717214688,3.895450049011048,0.6193043772895792,4900.000014551824
CBEX,10,-0.7529305182680942,5.46476893340362,-7.619791526382417,8.242212250712681,5.395151117864981,-2.8470611328477,-17.355369117862583
CBFC,10,0.4515592823754242,10.859443968674348,-6.528948850113087,2.813909299076428,4.052936412918641,1.2390271138422135,13.942307692307692
CBFV,10,0.5853041796816899,10.813161460431393,-7.732570688538744,9.57967868858958,8.518987863177164,-1.060690825412415,-12.86025982196281
CBGH,10,-1.2547035652710135,9.902597402597403,-11.16406529250566,9.619623495770284,5.742513054604558,-3.8771104411657262,621.0569203055497
CBGI,10,-0.5774938701767968,5.432265221406297,-7.668037579129873,5.032063354382182,6.2129228102838665,1.1808594559016843,-95.78059078595405
CBGL,10,0.15594541910331403,14.69520128949566,-14.3314783251535,7.6341157832610245,9.191653259226756,1.5575374759657317,-97.89865396556765
CBGPF,10,0.4341520423920135,9.345470827559062,-5.103329570475349,0.5563730801296484,4.160579702375368,3.6042066222457194,0.0
CBGPY,10,0.20354279769826197,9.345470827559062,-10.092157885585115,3.350816314352992,6.118356227902393,2.767539913549401,16.832838976646464
CBGZF,10,-0.00764323500871701,0.24365980672725185,-0.11109000878821856,0.5563730801296484,0.4177926418194386,-0.13858043831020977,0.0
CBHC,10,-0.00764323500871701,0.24365980672725185,-0.11109000878821856,0.5563730801296484,0.4177926418194386,-0.13858043831020977,92.5925925925926
CBIA,10,0.15931372549019607,7.585836909871244,-6.189733013767348,5.045741126945507,5.482142985540384,0.436401858594877,-71.31250036088754
CBIH,10,-0.00764323500871701,0.24365980672725185,-0.11109000878821856,0.5563730801296484,0.4177926418194386,-0.13858043831020977,0.0
CBKCQ,10,-0.12140915755373591,10.63291352796781,-10.869981795535116,7.120733264148906,4.06307093002372,-3.057662334125186,-99.8152936865937
CBKM,10,-0.7478555611514819,16.568851882044694,-13.512504665920119,7.869524862727581,7.580812635366738,-0.28871222736084334,24.82444267473019
CBL,10,-0.00764323500871701,0.24365980672725185,-0.11109000878821856,0.5563730801296484,0.4177926418194386,-0.13858043831020977,0.0
CBLDF,10,-0.00764323500871701,0.24365980672725185,-0.11109000878821856,0.5563730801296484,0.4177926418194386,-0.13858043831020977,0.0
CBLL,10,-0.00764323500871701,0.24365980672725185,-0.11109000878821856,0.5563730801296484,0.4177926418194386,-0.13858043831020977,0.0
CBLNF,10,-0.00764323500871701,0.24365980672725185,-0.11109000878821856,0.5563730801296484,0.4177926418194386,-0.13858043831020977,0.0
CBLO,10,1.215777824017795,10.67842730756294,-7.332665996628194,0.5563730801296484,7.681819167759464,7.125446087629816,0.0
CBLRF,10,0.34590246354952287,20.500988793671723,-32.20353904392992,5.406577640437038,14.649694722505608,9.243117082068569,160.00001746227042
CBLUF,10,-0.24800780614734108,5.568089783639939,-7.732570688538744,6.539538292257764,5.434982014294754,-1.1045562779630105,24.444437821706423
CBLUY,10,0.2828581225520996,12.430964118693922,-6.823176823176823,5.394202334188303,2.530515113380725,-2.8636872208075776,0.0
CBMDF,10,0.893403232852774,10.867093105899075,-4.151218007264431,2.021332351460209,5.116296508142061,3.094964156681852,5150.000065483584
CBMJ,10,0.17330817330817322,12.07451923076923,-7.186992688421026,8.648771367521368,6.252852531203047,-2.3959188363183213,0.0
CBNA,10,-0.00764323500871701,0.24365980672725185,-0.11109000878821856,0.5563730801296484,0.4177926418194386,-0.13858043831020977,0.0
CBNK,10,1.526110062060877,10.04140244679384,-3.8900535755881656,0.5563730801296484,10.418075750474529,9.861702670344881,0.0
CBNT,10,0.10909698049484648,7.126696832579186,-3.9835164835164827,2.473924443546314,3.655097339307865,1.1811728957615508,-47.64012877948834
CBOBA,10,-0.5615942028985508,5.893297928042486,-11.717391304347828,10.583848700649675,8.322463768115943,-2.2613849325337316,6.756566590809735
CBOE,10,0.7602339181286548,14.342105263157894,-11.917993742119274,9.784515636918384,5.915148478232339,-3.8693671586860443,7.529970381789299
CBRE,10,-0.47897308171280767,10.455635491606715,-13.648912802531083,5.7926674774500855,7.230161076618159,1.4374935991680733,86.86513019194577
CBRF,10,-0.45299145299145305,53.80809595202399,-51.199400299850076,5.003396614660409,3.2321937321937324,-1.7712028824666768,314.7982081747944
CBRG,10,-0.00764323500871701,0.24365980672725185,-0.11109000878821856,0.5563730801296484,0.4177926418194386,-0.13858043831020977,0.0
CBRI,10,-0.4358316535336877,5.313851773526867,-6.675361058783751,7.9465604016720235,5.498280374344007,-2.4482800273280168,-36.06945488614283
CBRJ,10,-0.33585339930695357,8.30022148717585,-6.515677947926051,4.335446807247702,4.628689546657642,0.2932427394099406,-10.0
CBRL,10,-0.23570961970501417,12.606129874976673,-15.660915401676412,10.705540816824461,6.578142151646165,-4.127398665178297,-10.153117891951112
CBRSF,10,0.06071645415907713,3.5736579275905123,-4.437295468412002,4.511653351127463,5.7747755781463646,1.2631222270189015,-47.05882345575307
CBSC,10,0.16890129170436938,17.33470424579654,-13.108695652173914,6.362310567226555,5.3370038806932,-1.025306686533355,0.0
CBSH,10,-0.011337868480725512,7.747121194846654,-11.882978436293957,6.305795467459647,4.904636906714999,-1.4011585607446477,16.67619233525788
CBSTF,10,0.16890129170436957,1.5429133957945182,-0.11109000878821856,0.5563730801296484,0.9474262219586983,0.39105314182904993,0.0
CBT,10,0.20547593363127342,6.47887323943662,-7.909407665505226,6.218069941134249,5.617499032133178,-0.6005709090010702,15.018495231106725
CBTC,10,1.0277758224683307,11.21108163459295,-5.946236559139786,6.856996488264232,8.958673324402225,2.101676836137993,245.78478080424463
CBTN,10,-0.00764323500871701,0.24365980672725185,-0.11109000878821856,0.5563730801296484,0.4177926418194386,-0.13858043831020977,0.0
CBTTF,10,-0.00764323500871701,0.24365980672725185,-0.11109000878821856,0.5563730801296484,0.4177926418194386,-0.13858043831020977,0.0
CBU,10,-0.3453453453453454,9.573669280827632,-10.926085088096261,7.626782347452739,4.904636906714999,-2.72214544073774,5.747177698521052
CBUIF,10,-0.007643235008717121,11.124261559768126,-10.153902470078942,5.406349913526552,6.36012160600309,0.953771692476538,0.0
CBULF,10,-0.021958717610891645,8.522018522018522,-4.714714714714715,4.680655004682921,4.289399576311702,-0.3912554283712195,904.4193619724322
CBUMY,10,0.563652171892143,15.151515151515152,-15.394736842105264,0.5563730801296484,8.624805513241391,8.068432433111743,53.1945686789786
CBUS,10,0.16890129170436946,11.124261559768126,-13.83290031450841,0.5563730801296484,8.252882993755412,7.696509913625763,0.0
CBUTF,10,-0.00764323500871701,0.24365980672725185,-0.11109000878821856,0.5563730801296484,0.4177926418194386,-0.13858043831020977,0.0
CBVTF,10,0.9408058823791868,9.248100602567463,-8.829300196206672,0.5563730801296484,7.834854923079081,7.278481842949432,100.00000000000024
CBWA,10,0.3015836171406612,9.566980794464987,-15.726495726495727,3.381228759169737,5.151789928913563,1.770561169743826,0.0
CBWBF,10,0.9743801243131901,11.970834156297322,-9.578913532626164,3.9336199264017453,9.369041579367938,5.435421652966193,15.984360889721945
CBWTF,10,1.3124896228572536,12.22731516849164,-7.849927849927849,0.5563730801296484,6.638440615791336,6.082067535661688,0.0
CBYDF,10,0.019975031210986267,9.573669280827632,-5.143839899937461,3.6953646515690313,5.329001920183661,1.6336372686146294,6.259538744874339
CBYI,10,-0.46427980194741686,8.174012150474347,-10.234451710913907,11.80260361865858,6.590708060395752,-5.211895558262828,2710.000047293692
CBZ,10,-0.3093702850665447,9.346237408650996,-10.995638997708625,12.307239763991868,11.900674607959486,-0.4065651560323822,33.80654589566052
CC,10,0.037969203461082915,8.924895056281917,-7.361641221374046,5.224188355672822,5.488038784794511,0.263850429121689,0.0
CCAJ,10,-0.8781508781508782,4.97651111807078,-9.55536181342633,7.866724435269432,7.414106872296661,-0.45261756297277067,5249.583282266509
CCAP,10,-0.00764323500871701,0.24365980672725185,-0.11109000878821856,0.5563730801296484,0.4177926418194386,-0.13858043831020977,0.0
CCARF,10,-0.00764323500871701,0.24365980672725185,-0.11109000878821856,0.5563730801296484,0.4177926418194386,-0.13858043831020977,0.0
CCB,10,0.20354279769826197,13.022752591264554,-5.871478873239436,0.5563730801296484,7.951232810575035,7.394859730445386,0.0
CCBC,10,0.44753086419753096,15.277777777777779,-11.18421052631579,8.67933723196881,5.310785814517158,-3.368551417451653,23.941639333825293
CCBG,10,-0.37358898314826283,9.452513966480447,-11.057692307692308,11.508784425451092,7.601677317363986,-3.9071071080871054,-9.56546560505788
CCCC,10,-0.00764323500871701,0.24365980672725185,-0.11109000878821856,0.5563730801296484,0.4177926418194386,-0.13858043831020977,0.0
CCCFF,10,0.16890129170436957,1.5429133957945182,-0.11109000878821856,0.5563730801296484,0.9474262219586983,0.39105314182904993,0.0
CCCHF,10,-0.00764323500871701,0.24365980672725185,-0.11109000878821856,0.5563730801296484,0.4177926418194386,-0.13858043831020977,0.0
CCCMF,10,1.5160955795785176,8.894082370579417,-17.854077253218883,0.5563730801296484,7.12827756785581,6.571904487726162,0.0
CCCP,10,-0.00764323500871701,0.24365980672725185,-0.11109000878821856,0.5563730801296484,0.4177926418194386,-0.13858043831020977,0.0
CCCS,10,-0.00764323500871701,0.24365980672725185,-0.11109000878821856,0.5563730801296484,0.4177926418194386,-0.13858043831020977,0.0
CCDBF,10,-0.12266802964477384,8.131868131868131,-11.416986769099445,14.293245514175746,4.850126399422174,-9.443119114753571,30.674376840183964
CCEC,10,-0.40404040404040403,5.618378764432806,-3.4615538887329027,4.257815469919147,2.6378767388720816,-1.6199387310470654,7.991889876905439
CCEDF,10,0.045847374091648914,9.667755991285404,-9.797297297297298,6.2120619442240965,6.011648903805766,-0.2004130404183302,93.17733626567023
CCEGF,10,-0.41103417958017374,8.177083333333332,-14.261562461290723,7.3642014017919815,2.6700520252544444,-4.694149376537537,-92.27110613399336
CCEL,10,1.0573945025164537,7.946428571428571,-11.903614457831324,7.242494824016563,8.725756522153551,1.483261698136988,45.96167674911833
CCEP,10,0.197530864197531,8.61111111111111,-10.537974683544304,11.116971401781528,10.726826082181645,-0.39014531959988297,-2.025186070229865
CCFC,10,-0.6472106412547152,5.37878787878788,-7.560066280033139,11.30039293733415,7.250352331022042,-4.050040606312108,11.619766667980484
CCFLU,10,-0.00764323500871701,0.24365980672725185,-0.11109000878821856,0.5563730801296484,0.4177926418194386,-0.13858043831020977,0.0
CCFN,10,-0.6150130063173544,9.404971618712075,-14.690959409594097,11.371129472164286,6.145483896598702,-5.225645575565584,5.296869315622045
CCG,10,-0.00764323500871701,0.24365980672725185,-0.11109000878821856,0.5563730801296484,0.4177926418194386,-0.13858043831020977,0.0
CCGFF,10,-0.00764323500871701,0.24365980672725185,-0.11109000878821856,0.5563730801296484,0.4177926418194386,-0.13858043831020977,0.0
CCGM,10,0.1378122308354867,6.267832489645651,-7.008573230386391,8.479507346422979,4.824302750365029,-3.65520459605795,-13.0434760601991
CCGPY,10,-0.00764323500871701,0.24365980672725185,-0.11109000878821856,0.5563730801296484,0.4177926418194386,-0.13858043831020977,0.0
CCGWW,10,-0.00764323500871701,0.24365980672725185,-0.11109000878821856,0.5563730801296484,0.4177926418194386,-0.13858043831020977,0.0
CCGY,10,-0.2239111520548647,5.75242718446602,-6.195652173913043,6.580317625618328,6.14015697953992,-0.4401606460784082,-96.64429540197136
CCHGY,10,0.07525363495191585,8.09461253778569,-9.014194050165274,5.316777582044757,5.037155386193663,-0.27962219585109427,7.096270802634083
CCHI,10,-0.8729231568016615,4.653846153846153,-7.267605633802818,10.363791636574824,5.383403361344538,-4.980388275230286,806.161859584465
CCHMF,10,-0.00764323500871701,0.24365980672725185,-0.11109000878821856,0.5563730801296484,0.4177926418194386,-0.13858043831020977,0.0
CCHZ,10,-1.475021533161068,7.074060659718031,-9.156108056418837,15.23992615613462,5.211864675560281,-10.02806148057434,50.0
CCI,10,0.40756475875065523,7.693115470239846,-8.541809911672924,6.811232097959622,8.159440576376772,1.34820847841715,23.66744804142404
CCIRU,10,-0.00764323500871701,0.24365980672725185,-0.11109000878821856,0.5563730801296484,0.4177926418194386,-0.13858043831020977,0.0
CCIX,10,-0.00764323500871701,0.24365980672725185,-0.11109000878821856,0.5563730801296484,0.4177926418194386,-0.13858043831020977,0.0
CCIXU,10,-0.00764323500871701,0.24365980672725185,-0.11109000878821856,0.5563730801296484,0.4177926418194386,-0.13858043831020977,0.0
CCIXW,10,-0.00764323500871701,0.24365980672725185,-0.11109000878821856,0.5563730801296484,0.4177926418194386,-0.13858043831020977,0.0
CCJ,10,-0.057301071385578356,5.705936253993412,-7.746478873239436,5.016962054562799,7.582449429084797,2.5654873745219975,135.26137909987588
CCK,10,0.023310023310023534,13.552425665101723,-9.27023445570175,5.8612190863699665,9.332290036515388,3.471070950145422,46.96685148867528
CCL,10,-1.5519270373639305,5.18204804045512,-7.463823305407464,13.07149945763807,2.5562345145579815,-10.515264943080089,-41.68394367464578
CCLD,10,-0.22346336908747233,2.633756205184776,-5.194011076364017,5.59395232989763,5.491565319398892,-0.1023870104987381,98.73433689449978
CCLDO,10,-0.00764323500871701,0.24365980672725185,-0.11109000878821856,0.5563730801296484,0.4177926418194386,-0.13858043831020977,0.0
CCLDP,10,0.44697872188535964,11.83470424579654,-8.152173913043478,4.528977233893222,8.49185319773555,3.962875963842327,0.0
CCLHF,10,-0.00764323500871701,0.24365980672725185,-0.11109000878821856,0.5563730801296484,0.4177926418194386,-0.13858043831020977,0.0
CCLLF,10,0.26614060677494406,7.239882978607707,-7.293473515286677,0.5563730801296484,3.6360144259264704,3.079641345796822,0.0
CCLX,10,-0.967021416371042,9.038854805725972,-9.943502824858758,9.111960759704209,7.00588078980509,-2.1060799698991186,-96.79487188456548
CCM,10,-0.5888585014906251,5.679533574587856,-9.394393012338861,7.678441954387715,4.719135354830423,-2.9593065995572916,25.562969902841587
CCNB,10,1.3081651115270339,8.453883575878914,-4.965463610996752,0.5563730801296484,7.663403072298338,7.107029992168689,0.0
CCNE,10,-0.6483756483756484,9.573669280827632,-12.000973709834469,7.985078554698808,4.06038406038406,-3.924694494314748,-19.90422509002681
CCNTF,10,0.44697872188535975,8.662505894166616,-8.360102133267441,2.474521788348668,3.642149191444966,1.167627403096298,2.42489414183276
CCO,10,-0.7954692475595454,4.410849819584422,-8.01612023300424,6.574942160556978,7.300531142456648,0.7255889818996692,13.77049354288217
CCOB,10,-0.36636636636636627,9.708428826075885,-6.976048846504893,8.0045579152492,6.609674025404362,-1.394883889844837,-31.907944166842903
CCOEF,10,0.34169311277745024,9.096994036753074,-7.090692301959908,11.557451557451557,9.661687974940987,-1.89576358251057,8.738251473139796
CCOEY,10,0.5201491323549654,10.995983935742974,-13.243243243243242,11.745753597389111,9.028691341944354,-2.717062255444757,107.10617677958824
CCOHF,10,-0.825534535620088,6.589897720246121,-9.439223497068477,7.9968401645170095,6.034820535423573,-1.9620196290934366,-9.808340826752715
CCOI,10,-0.8954008954008954,11.879595588235293,-9.81283422459893,13.025416656338052,11.17637264696088,-1.849044009377172,24.94671072252084
CCOJF,10,-1.41007015871909,8.322982898036644,-12.378182506666105,4.763653851260767,4.6671170353006755,-0.09653681596009189,-45.90014111294595
CCOJY,10,-0.880466683575492,6.982065882603374,-12.871794871794872,14.700308700308701,4.823941625141516,-9.876367075167185,-36.500856834671474
CCOOF,10,-0.00764323500871701,0.24365980672725185,-0.11109000878821856,0.5563730801296484,0.4177926418194386,-0.13858043831020977,0.0
CCORF,10,-0.1558309777487858,9.75969335102462,-7.17409265864619,5.017196316283074,5.819295931036326,0.802099614753252,155.40252264413198
CCOZY,10,-0.3386578967974317,7.789772035296331,-7.345191040843215,6.937124871907481,6.806476483439931,-0.13064838846755045,96.48059446317971
CCPPF,10,0.43624334883114596,9.825451136059227,-8.081349980491613,0.5563730801296484,3.0862419307543276,2.529868850624679,0.0
CCPUF,10,-0.00764323500871701,0.24365980672725185,-0.11109000878821856,0.5563730801296484,0.4177926418194386,-0.13858043831020977,0.0
CCRD,10,0.10329941412272585,7.839242469592664,-5.856877008966334,10.012843976640289,11.611261717644695,1.5984177410044058,-11.281303460676032
CCRN,10,-0.15864323093238733,8.442340791738385,-11.89655172413793,12.895954620092551,8.138788921921453,-4.757165698171098,106.21076541561146
CCRRF,10,-0.00764323500871701,0.24365980672725185,-0.11109000878821856,0.5563730801296484,0.4177926418194386,-0.13858043831020977,0.0
CCS,10,-0.14817637221904711,7.392241379310345,-11.217025912380361,9.005736483288631,8.839979740345655,-0.1657567429429765,90.09284346953838
CCSI,10,-0.00764323500871701,0.24365980672725185,-0.11109000878821856,0.5563730801296484,0.4177926418194386,-0.13858043831020977,0.0
CCTG,10,-0.00764323500871701,0.24365980672725185,-0.11109000878821856,0.5563730801296484,0.4177926418194386,-0.13858043831020977,0.0
CCTL,10,-0.4113576286792005,7.7404158544509425,-10.621541081311197,6.405408419021579,6.225026700424967,-0.18038171859661212,545.0000323782382
CCTS,10,-0.00764323500871701,0.24365980672725185,-0.11109000878821856,0.5563730801296484,0.4177926418194386,-0.13858043831020977,0.0
CCTSW,10,-0.00764323500871701,0.24365980672725185,-0.11109000878821856,0.5563730801296484,0.4177926418194386,-0.13858043831020977,0.0
CCTTF,10,-0.007643235008716979,5.738529285979481,-10.09499298347281,0.5563730801296484,3.7485027233041985,3.19212964317455,0.0
CCU,10,-0.10858247806038958,16.497465014772217,-15.165845387590739,4.195281199346364,5.822240751818216,1.6269595524718525,-20.183399738023564
CCUR,10,0.35597572362278235,6.412337662337663,-9.4533527696793,7.907611096386607,5.967788323267185,-1.9398227731194222,-18.6303065676064
CCVL,10,0.19753086419753074,8.957902001380262,-7.180124223602485,5.363429396412904,5.800782148608236,0.43735275219533154,-67.02631000979397
CCVTF,10,-0.00764323500871701,0.24365980672725185,-0.11109000878821856,0.5563730801296484,0.4177926418194386,-0.13858043831020977,0.0
CCWF,10,0.36566145803302,7.528334786399302,-3.770675637790861,8.45792712323104,9.740612266350084,1.2826851431190445,5785.833129122151
CCWOD,10,-0.806297253325677,7.605793094781817,-9.730069052102948,10.516682004806627,6.751374188695979,-3.7653078161106484,-30.29660671797418
CCWOF,10,-0.00764323500871701,0.24365980672725185,-0.11109000878821856,0.5563730801296484,0.4177926418194386,-0.13858043831020977,0.0
CCYY,10,-0.741833278706435,6.171352074966533,-7.31142014327855,11.52470995091477,5.336567725948257,-6.188142224966514,-1.7266690860050986
CCZ,10,-0.00764323500871701,0.24365980672725185,-0.11109000878821856,0.5563730801296484,0.4177926418194386,-0.13858043831020977,0.0
CDAB,10,0.5941772024171734,8.261189681898598,-2.9936558287073742,0.5563730801296484,5.011271427736152,4.454898347606504,0.0
CDAQ,10,-0.00764323500871701,0.24365980672725185,-0.11109000878821856,0.5563730801296484,0.4177926418194386,-0.13858043831020977,0.0
CDAQW,10,-0.00764323500871701,0.24365980672725185,-0.11109000878821856,0.5563730801296484,0.4177926418194386,-0.13858043831020977,0.0
CDBDF,10,-0.00764323500871701,0.24365980672725185,-0.11109000878821856,0.5563730801296484,0.4177926418194386,-0.13858043831020977,0.0
CDBMF,10,0.025443085552375164,6.843090082865544,-7.603739170086639,7.134458114515169,4.279471513514067,-2.8549866010011025,-23.96574241454824
CDBT,10,0.38598300088564585,9.23684545802013,-12.44611319705187,9.79362371072068,8.395536032788696,-1.3980876779319846,2252.94108366062
CDDRF,10,-0.21082469660731679,12.948709058548875,-7.326157007425396,5.057419679035758,6.28189071504703,1.2244710360112725,630.0395436776663
CDE,10,-1.0052910052910053,3.783298413648609,-13.600148230498425,11.241953031836301,7.307501241927471,-3.93445178990883,24.44623396540246
CDELF,10,-0.00764323500871701,0.24365980672725185,-0.11109000878821856,0.5563730801296484,0.4177926418194386,-0.13858043831020977,0.0
CDEVY,10,-0.6029285099052539,9.434112329166611,-9.439223497068477,8.94491170082384,6.25510664726351,-2.6898050535603293,-33.39836113009525
CDGLY,10,-1.0485958842013374,4.364622719053099,-10.288188723742342,6.449879234689361,3.8129013033940424,-2.636977931295319,0.0
CDID,10,-0.007643235008717029,9.057637868245958,-8.957762543419914,5.924859041315599,0.4177926418194386,-5.50706639949616,19900.000058207603
CDIIQ,10,1.0516457537734134,10.60656540911318,-8.152173913043478,9.548342315858239,8.712421553582654,-0.8359207622755847,-68.75000085266014
CDIO,10,-0.00764323500871701,0.24365980672725185,-0.11109000878821856,0.5563730801296484,0.4177926418194386,-0.13858043831020977,0.0
CDIOW,10,-0.00764323500871701,0.24365980672725185,-0.11109000878821856,0.5563730801296484,0.4177926418194386,-0.13858043831020977,0.0
CDIV,10,-1.3606198182725153,7.229077253218884,-11.933129442646933,6.526503474912687,3.957923193059623,-2.568580281853064,-90.0
CDIX,10,-1.6354016354016354,10.446870202967764,-11.355311355311354,9.542239730918977,7.009998272134195,-2.5322414587847826,-99.96263446466531
CDJM,10,0.4550715488215488,11.399711399711398,-9.036404416839197,10.648278854800592,7.065728557504873,-3.582550297295719,-66.1246612247249
CDLR,10,-0.00764323500871701,0.24365980672725185,-0.11109000878821856,0.5563730801296484,0.4177926418194386,-0.13858043831020977,0.0
CDLX,10,1.2256531132226933,14.25339366515837,-13.319327731092436,0.5563730801296484,10.162042470619532,9.605669390489885,0.0
CDMGF,10,1.5004863579016305,12.153878672585078,-5.938494167550371,6.276158288639503,9.479277266214488,3.2031189775749853,-5.967502693775018
CDMNF,10,-0.00764323500871701,0.24365980672725185,-0.11109000878821856,0.5563730801296484,0.4177926418194386,-0.13858043831020977,0.0
CDMO,10,0.6032818532818534,7.461216449150455,-7.292707292707292,4.137731481481481,8.190969595549747,4.053238114068266,308.6964956248977
CDNA,10,0.1520176893311222,8.530042918454935,-16.054918540345483,11.763721552878179,8.798303825974463,-2.9654177269037163,136.96726939178606
CDNAF,10,-0.08530482256596904,5.770113284732785,-3.3743784039782154,4.585428076931723,2.9135277411672327,-1.67190033576449,33.17089851683453
CDNIF,10,-0.00764323500871701,0.24365980672725185,-0.11109000878821856,0.5563730801296484,0.4177926418194386,-0.13858043831020977,0.0
CDNMF,10,-0.5593731727564034,8.379457399510027,-7.960448536524201,6.769572953827256,1.9024419096371636,-4.867131044190093,-7.978312800766173
CDNO,10,-1.5075741103138363,13.958810068649885,-11.988795518207283,11.51011854016969,5.239863092021273,-6.270255448148418,13600.000170257345
CDNS,10,0.05587727318906824,5.71001494768311,-10.467538248201008,10.51214716655893,10.094358863149958,-0.41778830340897244,132.2450384320454
CDNTF,10,-0.10910134941142709,9.633884374708135,-9.694387305318838,8.617483737179766,3.5746397127539224,-5.042844024425843,19.48077773656792
CDOAF,10,-0.00764323500871701,0.24365980672725185,-0.11109000878821856,0.5563730801296484,0.4177926418194386,-0.13858043831020977,0.0
CDP,10,0.7075968013468015,7.640317888313346,-4.807692307692307,5.578598731227696,8.047734916428864,2.469136185201168,-6.856912880301404
CDPYF,10,0.05780698551782937,11.799273687685703,-11.380920111437392,8.676716632921012,11.979891458676164,3.3031748257551516,11.798179858540967
CDRBQ,10,1.6772894924260153,15.11840720228933,-4.112111292962357,4.047894321213623,6.020666101037492,1.9727717798238684,0.0
CDRE,10,-0.00764323500871701,0.24365980672725185,-0.11109000878821856,0.5563730801296484,0.4177926418194386,-0.13858043831020977,0.0
CDRO,10,-0.00764323500871701,0.24365980672725185,-0.11109000878821856,0.5563730801296484,0.4177926418194386,-0.13858043831020977,0.0
CDROW,10,-0.00764323500871701,0.24365980672725185,-0.11109000878821856,0.5563730801296484,0.4177926418194386,-0.13858043831020977,0.0
CDSG,10,-0.260819773222084,15.606687180291242,-22.403960644231372,6.777035565138554,12.202880505192967,5.425844940054413,1522.9858043484553
CDT,10,-0.00764323500871701,0.24365980672725185,-0.11109000878821856,0.5563730801296484,0.4177926418194386,-0.13858043831020977,0.0
CDTAF,10,1.5261100620608765,11.970834156297322,-2.6164874551971327,0.5563730801296484,6.1882136926576985,5.63184061252805,0.0
CDTG,10,-0.00764323500871701,0.24365980672725185,-0.11109000878821856,0.5563730801296484,0.4177926418194386,-0.13858043831020977,0.0
CDTI,10,0.024807460279873253,6.254440940481419,-4.694507542664103,4.575315278293503,4.380133373052335,-0.19518190524116807,242.30768751330987
CDTTW,10,-0.00764323500871701,0.24365980672725185,-0.11109000878821856,0.5563730801296484,0.4177926418194386,-0.13858043831020977,0.0
CDTX,10,0.17079736377982002,6.405940594059405,-5.2892131318394995,4.509476989365603,6.314372289359262,1.8048952999936594,0.0
CDUAF,10,0.6600881472807703,9.487179487179487,-8.435333684138278,5.2032222492181,9.111912393162394,3.908690143944294,-7.0415807658231016
CDVIQ,10,-0.9305417082087071,6.674757281553398,-9.110169491525424,9.369243263586723,7.238357742307059,-2.130885521279664,-67.74193752810072
CDW,10,0.3009794509125167,9.543817527010804,-8.810240963855422,10.919350803888955,13.940819598795684,3.0214687949067294,47.13409716065304
CDXC,10,-1.088000577763334,8.072916666666664,-9.49788755281118,10.875894316410205,6.782389723566195,-4.093504592844011,90.29304234040292
CDXFF,10,-0.00764323500871701,0.24365980672725185,-0.11109000878821856,0.5563730801296484,0.4177926418194386,-0.13858043831020977,0.0
CDXI,10,-0.05416771471817331,3.8356962516993587,-5.90341454894769,5.786800945574093,4.498556998556999,-1.2882439470170945,-95.54597703376528
CDXQ,10,0.24914552977154159,7.767605633802818,-3.4904202163988653,4.467086508059919,4.699792777053532,0.23270626899361346,123.24840499699982
CDXS,10,-0.7379039323170888,8.62927487119195,-12.417072091994692,6.927718110467112,8.199693839903018,1.2719757294359058,95.77339549918904
CDZI,10,0.6058348851644941,7.952513966480447,-6.259292298542967,7.93818082788671,6.53215893825922,-1.4060218896274908,-41.17295003273247
CE,10,0.04390651290176035,7.792990142387735,-9.390719759296696,7.893750393598789,9.190514973647504,1.2967645800487153,27.712771809576328
CEAD,10,1.4326022036865413,11.151372406920919,-6.597222222222221,7.751780626780627,7.876404450247963,0.12462382346733669,-21.39973158724594
CEADW,10,-0.00764323500871701,0.24365980672725185,-0.11109000878821856,0.5563730801296484,0.4177926418194386,-0.13858043831020977,0.0
CEBCF,10,-0.007643235008717059,9.04344210987421,-6.8372391673599004,3.5985565219191122,0.4177926418194386,-3.180763880099674,0.0
CEBTF,10,0.6450431823566151,11.293769521617623,-6.645170220908551,10.391296467245835,7.804115416055715,-2.5871810511901208,-19.04761566867082
CEBUF,10,0.08303450037867381,11.796287774198497,-6.618697423416751,9.820495064519681,5.629478218615962,-4.191016845903719,-55.47021866015505
CEBUY,10,1.5160955795785176,11.024169709615718,-3.1419284940411703,0.5563730801296484,8.833038859174644,8.276665779044997,0.0
CECAF,10,-0.00764323500871701,0.24365980672725185,-0.11109000878821856,0.5563730801296484,0.4177926418194386,-0.13858043831020977,0.0
CECBF,10,-0.51267612243222,6.441525953721076,-8.436607339046365,10.887012716281008,3.9105524343008295,-6.976460281980179,15.399662348506755
CECO,10,0.7028850123503438,10.920516304347828,-13.237193284545848,4.439440380669111,8.966360620487748,4.5269202398186374,6.045895302581656
CEENQ,10,0.15927624872579,10.02723623853211,-8.507116336633663,8.665632474944742,4.105166947895894,-4.560465527048848,619.9999534338732
CEFC,10,-1.9006523860892794,9.782608695652176,-7.171414292853575,15.396948411673288,8.401705296219204,-6.995243115454084,5.889859741906906
CEG,10,-0.00764323500871701,0.24365980672725185,-0.11109000878821856,0.5563730801296484,0.4177926418194386,-0.13858043831020977,0.0
CEGHF,10,-0.00764323500871701,0.24365980672725185,-0.11109000878821856,0.5563730801296484,0.4177926418194386,-0.13858043831020977,0.0
CEGMF,10,0.31610557926347416,8.61111111111111,-7.331042382588774,5.237919105328431,4.413144884592428,-0.8247742207360034,494.9999854480831
CEIEF,10,-0.00764323500871701,0.24365980672725185,-0.11109000878821856,0.5563730801296484,0.4177926418194386,-0.13858043831020977,0.0
CEIN,10,-0.10787486515641856,4.440319817247287,-8.932696750346526,7.174613560463084,3.2290643358375175,-3.9455492246255663,-51.27321462760865
CEIX,10,0.16890129170436965,10.467743626177803,-3.5173094991447638,0.5563730801296484,5.0310374456945075,4.474664365564859,0.0
CELC,10,0.44697872188535964,11.991584852734924,-11.873926258755123,0.5563730801296484,7.668433598128327,7.112060517998678,0.0
CELH,10,-0.730837789661319,26.801801801801805,-27.992277992277995,8.709334144116752,16.445605269134685,7.736271125017932,2678.0933323039862
CELJF,10,-0.054167714718173464,12.68348623853211,-15.61320754716981,8.067768738099359,4.08909673615556,-3.9786720019437984,28.49863126143533
CELTF,10,-0.05291005291005292,4.736842105263158,-4.560606060606062,8.74289961246483,6.976608187134502,-1.7662914253303281,-9.007094584446266
CELU,10,1.4857186111999614,13.394269271254846,-0.11109000878821856,0.5563730801296484,4.897878180445474,4.341505100315826,0.0
CELUW,10,-0.00764323500871701,0.24365980672725185,-0.11109000878821856,0.5563730801296484,0.4177926418194386,-0.13858043831020977,0.0
CELV,10,-0.3451567893074835,5.481283422459892,-8.100331041507513,6.943740217918523,4.997221560689052,-1.946518657229471,-53.18181787394299
CELZ,10,0.16890129170436957,7.051400247550264,-5.7617699486211595,0.5563730801296484,3.891436306093368,3.3350632259637196,0.0
CENBF,10,-0.007643235008716985,8.167812461290723,-8.270165996628194,0.5563730801296484,0.4177926418194386,-0.13858043831020977,0.0
CENN,10,0.23322851153039834,10.306887929074788,-8.121197661934866,8.315136128297985,6.704598727033411,-1.6105374012645735,-82.90294113657833
CENT,10,-0.37303643983747636,7.4797014143530625,-5.089600470035252,11.080591461026245,7.447306691492815,-3.6332847695334296,65.27403943736681
CENTA,10,-0.37303643983747636,7.4797014143530625,-5.089600470035252,11.080591461026245,7.447306691492815,-3.6332847695334296,56.64010319338708
CENX,10,-0.16274437785362553,7.640317888313346,-5.402813299232736,5.441148277321545,2.2778881228956926,-3.1632601544258527,129.5439762372938
CEOS,10,0.10594187809377681,7.88858512619359,-10.543581213759328,7.655348222513216,6.9119259083913605,-0.7434223141218554,1111.361254476242
CEPU,10,0.44697872188535953,3.0894502292353763,-1.1735330836454425,0.5563730801296484,4.505902175126621,3.949529094996972,0.0
CERGF,10,0.7607596851095669,8.603603603603604,-4.260869565217391,5.033777950444617,10.099035205418184,5.0652572549735675,5.839625230935966
CERO,10,-0.00764323500871701,0.24365980672725185,-0.11109000878821856,0.5563730801296484,0.4177926418194386,-0.13858043831020977,0.0
CEROW,10,-0.00764323500871701,0.24365980672725185,-0.11109000878821856,0.5563730801296484,0.4177926418194386,-0.13858043831020977,0.0
CERS,10,-0.0319284802043421,8.246355867187638,-9.610814022578726,10.218777732653459,10.26270138846204,0.043923655808580264,37.56459558069757
CERT,10,-0.00764323500871701,0.24365980672725185,-0.11109000878821856,0.5563730801296484,0.4177926418194386,-0.13858043831020977,0.0
CERX,10,0.3255365324330841,5.802500209749139,-9.424395555782418,8.238648953474023,11.758658021025942,3.5200090675519196,670.0000130385184
CERY,10,-0.00764323500871701,0.24365980672725185,-0.11109000878821856,0.5563730801296484,0.4177926418194386,-0.13858043831020977,0.0
CESDF,10,0.16747249667157188,18.972003796095443,-25.266437861271676,8.244562875837593,5.099078991251699,-3.145483884585894,2.6896525631336785
CESTF,10,-0.2777777777777778,9.674222717700978,-5.494505494505494,2.2908277643042454,2.5830620965656905,0.29223433226144513,-57.40000128746034
CESTY,10,-1.2652001993256579,8.155285574640413,-12.179229705002902,9.375574357283702,3.051561773083654,-6.324012584200048,-49.539077807782455
CESX,10,-0.35367762128325514,8.893488760576677,-8.513629140691846,5.749527691355344,5.09697552958217,-0.6525521617731744,-33.333336207787575
CET,10,0.2852034106190243,12.80568407138136,-8.051470588235293,5.7265708457474345,9.926974214343272,4.200403368595837,33.66535315149397
CETEF,10,-0.38282864604331684,3.6491228070175428,-7.58206195099399,4.0908740179573515,6.347104890794211,2.256230872836859,99.4565130219716
CETI,10,-0.3161770734193819,5.623543123543123,-9.977654716797824,6.747032566704697,7.12374229934708,0.3767097326423823,395.0000033866276
CETX,10,0.2828581225520996,6.931305228994381,-6.974716652136007,4.703736929104378,3.4159439900178525,-1.287792939086525,0.0
CETY,10,-0.00764323500871701,0.24365980672725185,-0.11109000878821856,0.5563730801296484,0.4177926418194386,-0.13858043831020977,0.0
CEUMF,10,-0.6130268199233718,9.03420147682137,-10.030698936246164,6.774280333602367,4.825157419246641,-1.9491229143557263,94.51725581328216
CEV,10,1.1420685973115645,9.076690148775635,-21.030042918454935,8.075360014135525,9.557529689045959,1.482169674910434,1.4593636672664685
CEVA,10,0.29096496843015746,8.51094060812731,-8.435333684138278,9.039259481503706,9.065936431665333,0.026676950161627744,50.91895219670898
CEVE,10,-1.0383877853757373,8.619811560988033,-10.787180615774306,11.310490305593234,7.429047084219498,-3.881443221373736,61.29031434313988
CEVIF,10,-0.8720513574882507,6.330924420355315,-6.425891181988743,7.171349613593837,2.84446335925691,-4.326886254336927,-0.9230760766203916
CEVIY,10,-0.6420840212804991,10.13437849944009,-12.36413585559501,6.613570247536493,6.746932787635839,0.13336254009934656,-19.69205702529325
CEVMF,10,-0.5593731727564035,9.799172740349212,-5.415510111595763,2.211562893372708,4.5474575640083374,2.3358946706356294,56.57368494691077
CEVMY,10,-0.00764323500871701,0.24365980672725185,-0.11109000878821856,0.5563730801296484,0.4177926418194386,-0.13858043831020977,0.0
CEXE,10,0.3865727148169896,3.3425777258794342,-3.7250384024577583,4.5991105859801955,6.809958797350373,2.2108482113701777,72.65192830482054
CEXPF,10,-0.04134103522482738,9.42826321467098,-7.206040992448759,5.036877136175571,6.10571736785329,1.0688402316777195,-72.12971096579832
CF,10,0.24617431803060608,28.720498251748253,-18.864654436860068,4.9029189373500754,8.600742551842798,3.697823614492722,25.806383033024467
CFACY,10,-0.00764323500871701,0.24365980672725185,-0.11109000878821856,0.5563730801296484,0.4177926418194386,-0.13858043831020977,0.0
CFAGF,10,-0.00764323500871701,0.24365980672725185,-0.11109000878821856,0.5563730801296484,0.4177926418194386,-0.13858043831020977,0.0
CFB,10,0.16682677506674615,1.5242427460559076,-0.11109000878821856,0.5563730801296484,0.9412026720458281,0.3848295919161797,0.0
CFBK,10,-0.15388332177895434,8.51722802942315,-8.471553415373638,11.797390312051862,6.3997645557104335,-5.397625756341428,54.73651326767932
CFCC,10,0.16434261958558632,5.298457411133468,-10.90294041113713,12.201702365636791,9.271885933389482,-2.929816432247309,-69.44444408513817
CFCI,10,-0.007392007392007294,6.168265039232781,-6.047297297297297,4.787811222593831,3.9812368759737176,-0.8065743466201134,-35.20106469595897
CFEGF,10,0.1037258318811716,4.946833102172907,-9.23764033415661,5.79442132840191,1.9973588643116542,-3.7970624640902555,493.9393816243857
CFEIY,10,-0.00764323500871701,0.24365980672725185,-0.11109000878821856,0.5563730801296484,0.4177926418194386,-0.13858043831020977,0.0
CFFI,10,-0.3973063973063973,7.924050632911392,-5.577010449795547,9.71827328789354,4.364766640308436,-5.353506647585104,1.108315332206265
CFFN,10,-0.7731157731157732,7.862559975236032,-7.727272727272727,8.51467781045246,6.441336441336442,-2.073341369116018,-18.002378772286917
CFFS,10,-0.00764323500871701,0.24365980672725185,-0.11109000878821856,0.5563730801296484,0.4177926418194386,-0.13858043831020977,0.0
CFFSW,10,-0.00764323500871701,0.24365980672725185,-0.11109000878821856,0.5563730801296484,0.4177926418194386,-0.13858043831020977,0.0
CFG,10,-0.716423494201272,2.931637682269721,-6.338322396716557,8.159364192704754,3.922984969198063,-4.23637922350669,35.066940822940985
CFG-PH,10,-0.00764323500871701,0.24365980672725185,-0.11109000878821856,0.5563730801296484,0.4177926418194386,-0.13858043831020977,0.0
CFGX,10,0.09586606808829047,8.711903392754456,-9.129593810444874,5.878946332455533,7.805769006869252,1.9268226744137182,1955.0000651197684
CFIGF,10,-0.00764323500871701,0.24365980672725185,-0.11109000878821856,0.5563730801296484,0.4177926418194386,-0.13858043831020977,0.0
CFIN,10,-0.007643235008716973,27.46297943713918,-16.626337238920023,13.188176492595653,7.107163949731689,-6.081012542863965,28.000000000000007
CFLT,10,-0.00764323500871701,0.24365980672725185,-0.11109000878821856,0.5563730801296484,0.4177926418194386,-0.13858043831020977,0.0
CFMOF,10,-0.00764323500871701,0.24365980672725185,-0.11109000878821856,0.5563730801296484,0.4177926418194386,-0.13858043831020977,0.0
CFNB,10,0.5081826012058569,10.337202874516306,-9.923510466988727,8.23959444808687,7.387539361223571,-0.8520550868632979,5.238755753920587
CFNCF,10,0.9235209235209234,12.45830868012184,-6.915048410057967,1.9309792794557612,5.362740347626157,3.4317610681703954,24.03195520648473
CFOO,10,-0.007643235008716979,10.186413702904145,-9.625615700729597,0.5563730801296484,3.5920436290564606,3.035670548926812,103.19999694824222
CFPI,10,-0.28934715343743517,12.755102040816327,-13.56225850679297,5.9299552650428256,11.437855960033273,5.507900694990448,-1.999996647238748
CFPUF,10,-0.5066538399871734,9.019607843137255,-4.763986013986015,7.435573685573686,6.035563930300772,-1.4000097552729134,-26.948371858956115
CFPZF,10,0.814368585452923,12.731054511204428,-5.279898218829516,5.8789228159457165,8.625266697224367,2.7463438812786505,85.79253341239394
CFR,10,-0.3481871400494248,13.9805375347544,-10.995638997708625,4.232495899162566,4.162479751805178,-0.07001614735738748,31.56543423488578
CFRHF,10,0.5543345543345543,9.854635616704751,-9.716862941618643,8.269953165767255,8.35041835041835,0.08046518465109465,41.90239136097311
CFRLF,10,-0.007643235008716979,5.892081294976869,-10.787771630431012,2.5481029169533316,0.4177926418194386,-2.130310275133893,0.0
CFRUY,10,0.5543345543345543,9.854635616704751,-9.716862941618643,8.269953165767255,8.35041835041835,0.08046518465109465,41.81647668654902
CFRXQ,10,-1.3914567972938816,16.363636363636363,-8.461538461538462,9.962322288424517,6.798585416709255,-3.163736871715262,27.97992528897624
CFSB,10,-0.00764323500871701,0.24365980672725185,-0.11109000878821856,0.5563730801296484,0.4177926418194386,-0.13858043831020977,0.0
CFSU,10,0.2886136512713663,3.424814179531161,-2.862745098039216,6.025302440396779,4.905009668667653,-1.120292771729126,-88.23529419821176
CFTLF,10,-0.44967180492441117,16.1247890530442,-14.607685879012243,9.288361404081584,9.03703209645983,-0.251329307621754,294.5516429725914
CFTN,10,0.3435672514619884,7.00652258859599,-5.400485436893204,4.951403582495952,7.514816095063473,2.5634125125675213,70.2702706149526
CFWFF,10,-0.11757789535567298,11.678447798257782,-6.81598594642073,7.457750900984706,4.414448651270052,-3.043302249714654,-93.70456952977764
CFXTF,10,0.3015836171406614,1.6934980330811298,-0.20757654385054458,0.5563730801296484,2.8750920980386603,2.318719017909012,0.0
CG,10,0.5009325872635225,7.005988023952096,-9.767494300102724,3.1148836812410536,7.111111111111112,3.996227429870058,75.59792583562266
CGA,10,0.006012888804000995,7.323562359970127,-4.075757575757576,3.957467281807809,4.42938231876285,0.47191503695504133,111.96275029588983
CGAC,10,0.5593776120362632,9.983905484515661,-10.895883777239709,3.4108438382821986,8.117931087906474,4.707087249624275,18.6699497010124
CGAM,10,0.436243348831146,14.962979437139177,-11.057692307692308,6.711058136338224,1.7494523933390276,-4.961605742999196,10900.00021827838
CGASY,10,0.7107273189672899,6.201275166792408,-2.950619792725055,0.5563730801296484,7.4667935194250985,6.91042043929545,0.0
CGAU,10,0.6902356902356904,7.810508426568476,-9.44094320917717,8.213955158438942,7.366217758374621,-0.8477374000643216,-24.178504458144328
CGBD,10,0.47128627641743925,7.414902838733457,-6.612685560053981,0.5563730801296484,4.776520781828503,4.2201477016988544,0.0
CGBS,10,-0.00764323500871701,0.24365980672725185,-0.11109000878821856,0.5563730801296484,0.4177926418194386,-0.13858043831020977,0.0
CGBSW,10,-0.00764323500871701,0.24365980672725185,-0.11109000878821856,0.5563730801296484,0.4177926418194386,-0.13858043831020977,0.0
CGC,10,-0.4691817765364779,3.990832938201359,-4.544738913670953,8.077410056437817,5.992931952351609,-2.084478104086208,-35.07675995133454
CGCO,10,-0.8524397413286301,8.924875624441357,-11.553945249597422,8.229084875988695,7.419996413491792,-0.809088462496903,-95.78463307967586
CGEAF,10,0.5752896971993307,11.096285314224529,-10.733003617036982,6.861276656583442,11.506502208035407,4.645225551451965,7.978164636392679
CGECF,10,0.3427986391631015,12.220665732772996,-10.316012657011495,5.994412609594917,11.42852949848375,5.434116888888832,0.1866226329485696
CGEGF,10,-0.00764323500871701,0.24365980672725185,-0.11109000878821856,0.5563730801296484,0.4177926418194386,-0.13858043831020977,0.0
CGEI,10,-1.4896410320785411,14.418472670521052,-14.211861100273119,9.482342026583716,5.024082107975025,-4.45825991860869,26.82087246071516
CGEM,10,-0.00764323500871701,0.24365980672725185,-0.11109000878821856,0.5563730801296484,0.4177926418194386,-0.13858043831020977,0.0
CGEMY,10,-0.8184408184408185,5.739898032275735,-7.395028718558132,11.098397726304704,3.4763000753534894,-7.622097650951215,77.78678961034959
CGEN,10,0.08689862994498752,8.502061383417317,-5.08898508898509,7.371131954465287,12.613993156821513,5.2428612023562255,48.35296476305897
CGFEF,10,0.16682677506674615,5.1022559561459,-6.009538950715423,3.389737713090822,5.060826348193754,1.6710886351029322,-16.666663562257998
CGGGF,10,0.44697872188535964,5.052723863331953,-3.3086227077643384,0.5563730801296484,3.700548462238094,3.1441753821084455,0.0
CGGYD,10,0.8880269938200294,9.489959839357432,-3.0256410256410255,4.462147061226637,8.838533621666153,4.376386560439516,-65.60847008774147
CGHC,10,-0.6671891642048996,4.3206793206793215,-8.9477827341905,11.373141810535465,9.69562212620171,-1.6775196843337543,-61.83205886399643
CGHLY,10,1.3817229899629608,9.095231816129433,-3.813221823974513,0.5563730801296484,10.096338298352515,9.539965218222868,0.0
CGHOF,10,0.5087014725568942,5.14484145115599,-3.813221823974513,4.810625530323059,9.745665420505725,4.935039890182666,-29.477424343441392
CGIFF,10,1.0180486256225094,8.109048920887743,-4.403465021656386,1.9700198898341885,6.144114216145596,4.174094326311407,-27.056603461691417
CGIP,10,-0.8020547519468643,4.201035871858815,-11.391215635738833,7.496324015331748,6.63903796461936,-0.8572860507123883,-99.9841772151808
CGIUF,10,-0.25402990491042726,19.206429780033844,-19.96512098657781,4.487662878127359,11.815912857829957,7.328249979702599,-14.70355020832494
CGJTF,10,-0.07116769881483404,7.592893065006981,-10.859943977591035,10.497528727827357,8.388385881547123,-2.1091428462802337,128.89096452927433
CGKEY,10,1.6934460727703813,9.582336697405832,-5.6386539611534365,2.1509284534054176,8.749460377298186,6.598531923892769,0.0
CGLCF,10,-0.00764323500871701,0.24365980672725185,-0.11109000878821856,0.5563730801296484,0.4177926418194386,-0.13858043831020977,0.0
CGLD,10,-0.3839363120800248,5.064730873448633,-8.858990518989422,10.868474711604412,6.536069845422364,-4.332404866182048,1140.937855726998
CGLO,10,0.6640478862701086,14.601921757035003,-11.848862802641232,10.400044841034607,11.185775584161497,0.7857307431268907,-90.5680742558346
CGMLF,10,1.2753394530502966,14.342705167173252,-11.655422937208094,8.35523389428423,7.325064176308163,-1.0301697179760678,3062.676008421381
CGNH,10,-0.11757789535567308,5.033528562940328,-5.755029284441049,6.908391927118519,6.487847664318252,-0.42054426280026647,30.372487091942368
CGNMF,10,-0.00764323500871701,0.24365980672725185,-0.11109000878821856,0.5563730801296484,0.4177926418194386,-0.13858043831020977,0.0
CGNSF,10,-0.00764323500871701,0.24365980672725185,-0.11109000878821856,0.5563730801296484,0.4177926418194386,-0.13858043831020977,0.0
CGNT,10,-0.00764323500871701,0.24365980672725185,-0.11109000878821856,0.5563730801296484,0.4177926418194386,-0.13858043831020977,0.0
CGNWF,10,-0.00764323500871701,0.24365980672725185,-0.11109000878821856,0.5563730801296484,0.4177926418194386,-0.13858043831020977,0.0
CGNX,10,-1.6197890507282773,14.937430882952096,-13.50192061459667,8.969307131690028,8.579894284119638,-0.38941284757039085,56.292910010135735
CGON,10,-0.00764323500871701,0.24365980672725185,-0.11109000878821856,0.5563730801296484,0.4177926418194386,-0.13858043831020977,0.0
CGPVD,10,-0.1489052279061143,9.268228394451583,-9.435408165220222,7.3660252972823,7.978450265900835,0.6124249686185355,-57.458333333333336
CGPZF,10,0.5875700449818457,9.361921631985673,-13.003747288146736,8.207836880486857,9.545815307872244,1.3379784273853872,-32.238548685753145
CGRA,10,0.15737588553122528,14.83698296836983,-9.129987851602655,8.025212796951157,6.861584307930755,-1.163628489020402,307.14283813627543
CGRIF,10,0.4321887716690015,12.208216619981325,-9.81283422459893,3.7312920315411127,9.573294077590178,5.842002046049066,68.75315936360715
CGROF,10,0.08086548220890144,10.203364052523792,-10.787180615774306,7.434971364390524,3.857569780709317,-3.577401583681207,33.33333333333333
CGSHY,10,-0.00764323500871701,0.24365980672725185,-0.11109000878821856,0.5563730801296484,0.4177926418194386,-0.13858043831020977,0.0
CGSI,10,0.44697872188535964,4.982793793401884,-9.00710641703839,0.5563730801296484,4.749739738508288,4.19336665837864,0.0
CGTRF,10,-0.00764323500871701,0.24365980672725185,-0.11109000878821856,0.5563730801296484,0.4177926418194386,-0.13858043831020977,0.0
CGTX,10,-0.00764323500871701,0.24365980672725185,-0.11109000878821856,0.5563730801296484,0.4177926418194386,-0.13858043831020977,0.0
CGUD,10,-0.8537758537758537,8.020171318043658,-15.786749482401657,10.213940648723257,7.371502938878824,-2.8424377098444333,495.5339805189004
CGXEF,10,0.5298938458660681,15.664189259918349,-15.077661966073983,6.802743819845026,9.419661350455675,2.6169175306106487,149.72476871976266
CGYV,10,0.7818165038431621,6.081636380239248,-8.84051230275323,7.144323863072432,10.809779282150082,3.6654554190776496,-72.64645395212287
CHAEF,10,-1.3593961950016482,0.050603122486484686,-11.92211683320913,4.611631960108442,0.4177926418194386,-4.193839318289003,-40.74074442003967
CHAG,10,1.071351116894383,9.346237408650996,-9.951233505450372,6.7878309530666145,9.819502128006668,3.031671174940054,-91.5299100638653
CHALF,10,0.16890129170436963,5.650493719480751,-4.063942361814702,2.4675737251212926,4.2308733419385485,1.7632996168172559,0.0
CHAM,10,-0.15864323093238714,13.057662507136449,-14.919119830212125,7.528184322526106,8.317929101061631,0.7897447785355256,100.40080839547576
CHBAY,10,-0.3504032573800015,5.893297928042486,-10.179880613757462,3.898366873070939,3.0760039418576004,-0.8223629312133385,22.75840571639121
CHBGF,10,-0.00764323500871701,0.24365980672725185,-0.11109000878821856,0.5563730801296484,0.4177926418194386,-0.13858043831020977,0.0
CHBH,10,0.33846030601618193,9.299553010933824,-11.14499311430258,6.923845363356205,9.50010527006085,2.576259906704645,14.511090396799394
CHBOF,10,-0.00764323500871701,0.24365980672725185,-0.11109000878821856,0.5563730801296484,0.4177926418194386,-0.13858043831020977,0.0
CHBRF,10,0.08086548220890163,11.257196169312113,-9.40625,10.033489354754844,3.591118970429315,-6.442370384325528,0.0
CHCC,10,-0.45213828936850514,3.196287622517131,-4.386763812993321,6.319650162223162,5.590341024084194,-0.7293091381389685,6.382974718168197
CHCI,10,-0.6959344644804586,4.845985932573369,-3.5982975152114625,7.066471225543306,6.183136352908207,-0.8833348726350989,120.94972287170071
CHCJY,10,-0.8605774632063814,4.535375412541255,-8.707606589147288,7.799744000562846,4.667474835199961,-3.132269165362885,-13.744073772989523
CHCLF,10,-0.3358533993069537,2.0719433909602856,-4.6483711248333215,5.057401530829103,0.4177926418194386,-4.639608889009664,0.0
CHCLY,10,-0.14190821256038655,10.110619469026549,-6.799664509944883,6.551313785224676,4.042564139818144,-2.5087496454065317,-6.488237784653995
CHCO,10,0.5555555555555556,15.384615384615385,-13.461538461538462,5.769230769230769,8.037560029259295,2.2683292600285254,0.1800780704347334
CHCT,10,1.5160955795785176,4.8000868972736,-8.538961463523075,3.8492246840064808,10.318741271914119,6.469516587907638,0.0
CHCX,10,-0.5856852979155137,10.266072856000912,-8.240153717428473,11.871155391407683,3.8684781222094657,-8.002677269198218,-71.31382759283971
CHD,10,0.0873590117088936,8.502701312065861,-6.704374057315233,9.98703572568735,14.014569511883636,4.027533786196285,11.314278450641496
CHDHF,10,-0.00764323500871701,0.24365980672725185,-0.11109000878821856,0.5563730801296484,0.4177926418194386,-0.13858043831020977,0.0
CHDN,10,-0.5998127514223691,5.896958410924892,-10.537974683544304,13.770951348579155,8.01677434772092,-5.754177000858235,85.20977167454018
CHDRF,10,0.4348948251387275,4.656862745098039,-8.834302951950008,6.1950521285573075,10.733311995447918,4.538259866890611,57.3730921341201
CHDRY,10,-0.8360448732017166,10.511489992587101,-7.116315454945486,10.881982688074705,10.121410217509036,-0.7605724705656698,46.327851014529045
CHE,10,-0.30937028506654496,11.324298505529377,-9.484357123130941,12.187752856997351,10.866037128979094,-1.3217157280182565,8.813587329817683
CHEAF,10,-0.16865771341474645,8.662505894166616,-10.223579237663744,13.267048176504915,9.433166702623497,-3.8338814738814175,-35.25999788290532
CHEB,10,-0.00764323500871701,0.24365980672725185,-0.11109000878821856,0.5563730801296484,0.4177926418194386,-0.13858043831020977,0.0
CHEF,10,-0.16865771341474656,7.92361656914971,-10.197210197210197,10.718610499312254,10.555567872397019,-0.1630426269152352,-11.49385116058342
CHEK,10,-1.2335256320060035,3.3507006827164934,-9.782608695652174,7.638639358006947,4.533959430589927,-3.1046799274170205,0.0
CHELF,10,-0.00764323500871701,0.24365980672725185,-0.11109000878821856,0.5563730801296484,0.4177926418194386,-0.13858043831020977,0.0
CHEOF,10,0.1725327812284332,10.67135050741608,-10.115911485774497,9.283976892672545,7.578414299725774,-1.7055625929467704,15.103775519887495
CHEOY,10,-0.21327660502918258,8.69248320446191,-11.515762737188108,9.996951545767397,8.748817692479664,-1.248133853287733,10.965790397615637
CHEV,10,-1.089007983367144,9.851551956815111,-11.10766813116278,7.50427620808783,6.50482271191071,-0.9994534961771198,233.00002291053653
CHFFY,10,0.28285812255209974,5.650493719480751,-5.201837873318017,2.4675737251212926,3.820060672317427,1.3524869471961343,0.0
CHFHF,10,-0.00764323500871701,0.24365980672725185,-0.11109000878821856,0.5563730801296484,0.4177926418194386,-0.13858043831020977,0.0
CHFI,10,0.08988334289539088,13.80821917808219,-13.534714904577918,8.975231022325781,8.79663546330213,-0.17859555902365187,-68.7499977262648
CHFLF,10,-0.00764323500871701,0.24365980672725185,-0.11109000878821856,0.5563730801296484,0.4177926418194386,-0.13858043831020977,0.0
CHGCF,10,-0.3771537104870439,5.943324457968811,-4.804367606915378,10.27870454622047,7.111368163999742,-3.1673363822207268,81.25057566639497
CHGCY,10,1.239319422717729,10.463174819120647,-9.720218053551388,8.069736538925056,9.43990727347243,1.370170734547374,38.62620786687469
CHGG,10,-0.18387594897207038,7.5612540086121,-6.910061321826028,7.538702192459478,11.589768241703625,4.051066049244147,111.69617714190136
CHGI,10,0.2467878215254096,7.850658483569875,-9.704184704184703,4.626526011695028,2.404115691206655,-2.222410320488373,421.5974236403492
CHGS,10,0.556576797385621,12.915254237288135,-10.366412213740457,9.410601528747092,10.021219135802468,0.6106176070553762,-97.92960662962516
CHH,10,-0.3693464817694502,7.719315121200462,-12.122832543660023,8.13081912586889,7.737959200948029,-0.3928599249208604,51.45836682521265
CHHCF,10,0.266140606774944,8.261189681898598,-5.945985189487439,0.5563730801296484,4.027161640809465,3.470788560679816,0.0
CHHE,10,-1.7679700606529876,13.33463490823897,-21.73720794495835,12.155640283551719,13.182482162301403,1.0268418787496838,-55.53797525060499
CHHGF,10,1.3124896228572536,11.835208376170474,-0.11109000878821856,0.5563730801296484,4.37819121541735,3.8218181352877014,10.937499126885047
CHHHF,10,0.16890129170436957,8.453883575878914,-4.39628059619855,0.5563730801296484,5.79022827757957,5.2338551974499214,0.0
CHHL,10,-0.4556858781705188,6.868607006967435,-9.029903461266777,9.695430434491835,7.269855078981451,-2.425575355510383,-79.16666616139383
CHHQF,10,-0.00764323500871701,0.24365980672725185,-0.11109000878821856,0.5563730801296484,0.4177926418194386,-0.13858043831020977,0.0
CHHQY,10,-0.00764323500871701,0.24365980672725185,-0.11109000878821856,0.5563730801296484,0.4177926418194386,-0.13858043831020977,0.0
CHHYF,10,-0.00764323500871701,0.24365980672725185,-0.11109000878821856,0.5563730801296484,0.4177926418194386,-0.13858043831020977,0.0
CHIF,10,0.7458692889156464,8.493301187170019,-7.235960077461641,7.620852073520559,6.5928835958913155,-1.0279684776292433,826.458354810886
CHIT,10,-0.4220107293142956,6.26215953307393,-8.617559265601935,3.678786687631027,3.25602481734724,-0.42276187028378676,0.0
CHJI,10,-0.8046174722397414,10.071138808865895,-10.733003617036982,8.793154952417531,8.575759870920061,-0.2173950814974699,110.52631785334738
CHJTF,10,-0.6442436412315931,7.552447552447552,-8.335467349551855,11.22506539026431,5.600341816983774,-5.624723573280536,-22.947374349155
CHKEL,10,-0.00764323500871701,0.24365980672725185,-0.11109000878821856,0.5563730801296484,0.4177926418194386,-0.13858043831020977,0.0
CHKEW,10,-0.00764323500871701,0.24365980672725185,-0.11109000878821856,0.5563730801296484,0.4177926418194386,-0.13858043831020977,0.0
CHKEZ,10,-0.00764323500871701,0.24365980672725185,-0.11109000878821856,0.5563730801296484,0.4177926418194386,-0.13858043831020977,0.0
CHKIF,10,-1.0029834457315372,10.366922565435532,-13.828915899485633,6.149031060191892,6.5269951898045315,0.37796412961263925,-10.634920034218746
CHKKF,10,-0.00764323500871701,0.24365980672725185,-0.11109000878821856,0.5563730801296484,0.4177926418194386,-0.13858043831020977,0.0
CHKMF,10,-0.00764323500871701,0.24365980672725185,-0.11109000878821856,0.5563730801296484,0.4177926418194386,-0.13858043831020977,0.0
CHKP,10,-1.1160336306535137,8.920582568657546,-14.371139115394119,7.6291495681885495,9.288393186672376,1.6592436184838268,6.091440712886892
CHKR,10,-0.00764323500871701,0.24365980672725185,-0.11109000878821856,0.5563730801296484,0.4177926418194386,-0.13858043831020977,0.0
CHLLF,10,0.6397932592691853,2.6710033510743147,-0.11109000878821856,0.5563730801296484,3.9448233191681843,3.388450239038536,0.0
CHLSY,10,-0.00764323500871701,0.24365980672725185,-0.11109000878821856,0.5563730801296484,0.4177926418194386,-0.13858043831020977,0.0
CHLWF,10,-0.00764323500871701,0.24365980672725185,-0.11109000878821856,0.5563730801296484,0.4177926418194386,-0.13858043831020977,0.0
CHME,10,0.21300682217654238,5.064730873448633,-6.4902015417479335,9.86637013009235,8.877569822843455,-0.9888003072488942,-97.99999986030184
CHMG,10,-0.32150418852987195,13.602941176470589,-13.52112676056338,9.833502366463827,7.440882513897289,-2.392619852566538,4.657096212323333
CHMI,10,0.2205156674068591,3.986147951665193,-5.051282051282051,4.607974417296451,4.5714981621717365,-0.03647625512471464,-31.58889908098409
CHMJF,10,0.16890129170436957,11.124261559768126,-8.233309046286,0.5563730801296484,5.768754286313478,5.21238120618383,0.0
CHMMF,10,-0.00764323500871701,0.24365980672725185,-0.11109000878821856,0.5563730801296484,0.4177926418194386,-0.13858043831020977,0.0
CHMN,10,0.6620431172860841,10.026092123278826,-6.7348414419997935,9.040094802399723,8.462817867381718,-0.5772769350180056,100.00000000000004
CHMP,10,1.1683990865422476,10.399492707672799,-3.597560975609756,5.472344530747539,8.490421014200342,3.018076483452803,-79.03225806451613
CHMX,10,1.4857186111999614,13.394269271254846,-0.11109000878821856,0.5563730801296484,4.897878180445474,4.341505100315826,0.0
CHNGQ,10,-0.4070074951301003,8.774250440917108,-10.621541081311197,4.712825237469546,5.880415171602912,1.1675899341333658,-98.10810801846542
CHNO,10,-0.28379772961816296,8.174012150474347,-8.178832116788321,8.981179333047088,6.437848745348995,-2.543330587698093,4774.037748269827
CHNR,10,-0.44637137483408407,5.884813833496025,-7.220148244332629,4.3244061351306415,4.3205319858282705,-0.003874149302371066,-17.552118525593595
CHNSF,10,-0.00764323500871701,0.24365980672725185,-0.11109000878821856,0.5563730801296484,0.4177926418194386,-0.13858043831020977,0.0
CHNTF,10,-2.2756096112150646,4.872325741890958,-10.672070246538333,14.734605426094788,0.4177926418194386,-14.31681278427535,0.0
CHNUF,10,-0.4220107293142956,5.504229017566688,-2.5652565256525657,7.59829328498778,2.292833132551427,-5.305460152436353,42.17205126907565
CHNVF,10,-0.00764323500871701,0.24365980672725185,-0.11109000878821856,0.5563730801296484,0.4177926418194386,-0.13858043831020977,0.0
CHNXF,10,-0.00764323500871701,0.24365980672725185,-0.11109000878821856,0.5563730801296484,0.4177926418194386,-0.13858043831020977,0.0
CHOOF,10,-0.119952019192323,10.735925271396113,-10.944206008583691,8.729468812773403,5.982487853104655,-2.746980959668748,-74.37663046269132
CHPGF,10,0.9842794585590169,6.678486997635934,-6.086258483543751,5.28905540738232,7.081627553864191,1.792572146481871,12.628972102231762
CHPT,10,0.16682677506674615,1.5242427460559076,-0.11109000878821856,0.5563730801296484,0.9412026720458281,0.3848295919161797,0.0
CHR,10,1.5261100620608765,6.954982693707421,-0.11109000878821856,0.5563730801296484,10.276814393280256,9.720441313150609,0.0
CHRB,10,-0.00764323500871701,0.24365980672725185,-0.11109000878821856,0.5563730801296484,0.4177926418194386,-0.13858043831020977,0.0
CHRD,10,0.16747249667157182,9.926470588235293,-10.717413516274995,3.5754391258399196,7.963016262318718,4.387577136478798,3377.364943749208
CHRHF,10,-0.00764323500871701,0.24365980672725185,-0.11109000878821856,0.5563730801296484,0.4177926418194386,-0.13858043831020977,0.0
CHRO,10,-0.00764323500871701,0.24365980672725185,-0.11109000878821856,0.5563730801296484,0.4177926418194386,-0.13858043831020977,0.0
CHRRF,10,-0.00764323500871701,0.24365980672725185,-0.11109000878821856,0.5563730801296484,0.4177926418194386,-0.13858043831020977,0.0
CHRS,10,-0.36934648176945006,8.731381612737545,-7.712320055500953,10.518036055090631,9.06694411737689,-1.4510919377137412,0.0
CHRUF,10,-1.6026428300008604,6.64946046006855,-7.859047974003889,12.451661690694934,6.3585280062918,-6.093133684403134,6.410256253505187
CHRW,10,-0.3771537104870438,8.61111111111111,-8.269230769230768,11.873219373219372,4.997501745469225,-6.875717627750148,0.0543876176420205
CHRYY,10,-0.27656794425087106,9.299553010933824,-10.197444831591174,6.744050842808259,8.673261210942767,1.929210368134508,31.127944796828377
CHSH,10,-0.9188245408717849,2.8337403337403337,-6.243386243386242,14.15782699184021,7.006188256188255,-7.151638735651955,-78.2608700466114
CHSN,10,-0.00764323500871701,0.24365980672725185,-0.11109000878821856,0.5563730801296484,0.4177926418194386,-0.13858043831020977,0.0
CHSTF,10,-0.25518741633199465,8.863636363636363,-10.36786830135176,7.1424806468997835,2.5212349300184314,-4.6212457168813525,16.119401444834338
CHSTY,10,-0.6094820806650938,7.810508426568476,-8.081349980491613,11.299154982769203,3.367632152895284,-7.931522829873918,29.605681260349325
CHT,10,-1.3432137741530008,11.567932958307289,-13.8805316995788,10.61220987831791,5.886719196071714,-4.725490682246197,8.3661108303759
CHTH,10,-0.00764323500871701,0.24365980672725185,-0.11109000878821856,0.5563730801296484,0.4177926418194386,-0.13858043831020977,0.0
CHTM,10,-0.2932098765432099,7.206040992448759,-5.400485436893204,8.228767560664112,7.448309960445883,-0.7804576002182291,-40.30470914127424
CHTR,10,-0.47940463828314317,16.903306973400433,-20.922590068159693,15.275983037428679,8.88888888888889,-6.38709414853979,64.62343938596315
CHUC,10,-0.2513561541339318,7.403492287213219,-6.441491325212257,8.175703136943447,3.689814814814815,-4.485888322128632,2355.102048800402
CHUEF,10,-0.42757963111945413,11.306535231712033,-7.293473515286677,6.2325776002416715,3.4345104166198936,-2.798067183621778,-15.880701165450253
CHUY,10,0.36058650091640765,9.376899696048632,-11.18421052631579,10.93485117287601,7.716019149416347,-3.2188320234596635,34.864031282427305
CHVKF,10,-0.00764323500871701,0.24365980672725185,-0.11109000878821856,0.5563730801296484,0.4177926418194386,-0.13858043831020977,0.0
CHVKY,10,-0.007643235008716924,4.754831719847622,-5.106210239562543,0.5563730801296484,2.172043085490243,1.6156700053605944,0.0
CHWE,10,-0.15852036144370155,4.311565696302124,-4.121863799283155,5.118260404369308,6.19651989641547,1.0782594920461621,-92.54843488050383
CHWRF,10,0.7468023550423261,6.641160226817597,-0.11109000878821856,0.5563730801296484,4.929137067251276,4.372763987121628,0.0
CHWTF,10,-0.9734964322120285,8.060485955540237,-11.10766813116278,9.043184454313149,6.817876165702253,-2.225308288610896,89.5777279408087
CHWWF,10,0.21044240733359912,6.840869054609511,-9.246880570409981,4.818004459308807,7.278907274161001,2.4609028148521936,18.977821584346824
CHWY,10,0.30037378361375466,2.7261658229789845,-0.11109000878821856,0.5563730801296484,1.3418436976868537,0.7854706175572054,0.0
CHX,10,0.10909698049484648,8.201421440146168,-4.960127591706539,0.5563730801296484,5.473663763137448,4.917290683007799,0.0
CHXMF,10,-0.00764323500871701,0.24365980672725185,-0.11109000878821856,0.5563730801296484,0.4177926418194386,-0.13858043831020977,0.0
CHYCF,10,-0.25570628768303183,8.361501512186443,-8.03922835086437,6.327554432046308,3.028584662666615,-3.2989697693796933,52.01465444589515
CHYCY,10,0.007572100595356377,5.674496976905541,-5.609042932534589,6.226243505226172,4.80294903977044,-1.423294465455732,49.808716065074144
CHYI,10,-0.12937595129375948,5.142065142065142,-4.290158371040724,7.70807506353437,7.056764668448516,-0.6513103950858534,-73.08525977642365
CHYL,10,-0.34067015412408286,6.409543325526932,-8.116983979052943,8.121422066094198,5.360833740144084,-2.7605883259501134,240.5750060210008
CHYMF,10,-0.00764323500871701,0.24365980672725185,-0.11109000878821856,0.5563730801296484,0.4177926418194386,-0.13858043831020977,0.0
CHYYY,10,-0.00764323500871701,0.24365980672725185,-0.11109000878821856,0.5563730801296484,0.4177926418194386,-0.13858043831020977,0.0
CHZQ,10,-0.09920259608149735,10.488779003423355,-8.44155844155844,6.2276537851250495,6.110558076186147,-0.1170957089389022,32.97872374153828
CI,10,-0.21976921729118182,7.9836335512200005,-10.869981795535116,9.321276861569215,7.116958249405644,-2.204318612163571,19.619796450244376
CIA,10,-0.10569833354643476,10.620915032679738,-12.967914438502673,6.407551660716217,7.269756387403446,0.8622047266872297,-8.909170666420641
CIADF,10,0.2715369736646333,10.537760799294738,-5.684636355641542,6.746936403819414,10.457257258919208,3.710320855099794,65.14460413570234
CIADY,10,0.5619795674798125,7.356006909285842,-6.171033382098684,3.0987040869071514,7.141472006431695,4.042767919524544,53.65811953825632
CIAFF,10,0.7702513075647404,12.07451923076923,-9.515503875968992,9.87616154839992,10.363899302853818,0.48773775445389767,138.71261049570438
CIB,10,0.3028083028083029,8.68937048503612,-7.838827838827839,4.615647857151502,7.823933892045349,3.208286034893847,-31.40106041855636
CIBEY,10,0.8995578272686708,8.893468611287258,-7.954884017876145,4.693419825962708,7.785597424925562,3.092177598962855,-43.9415740011335
CIBH,10,-0.3249686176515445,4.623992101365804,-8.195637064771429,6.951363229131864,6.530360930662664,-0.4210022984692001,55.44618635995855
CIBN,10,-0.8434975447489309,6.518691588785046,-8.928571428571429,12.35091232754784,7.685100810670337,-4.665811516877503,2.617078838926385
CIBY,10,0.6801346801346801,11.991584852734924,-6.578115117014549,7.394881333500259,12.410525233836983,5.015643900336724,2.265447556927383
CICHF,10,-0.8747845724133833,7.293371522094928,-7.472782519735537,5.702435038049856,4.784058133961476,-0.9183769040883805,-13.209875777370588
CICHY,10,-0.8747845724133833,7.293371522094928,-7.472782519735537,5.702435038049856,4.784058133961476,-0.9183769040883805,-12.036979473669
CICN,10,-0.7370535915842703,3.686080446643827,-5.896562648503089,7.5592081406202345,6.887871853546912,-0.6713362870733226,-29.883142958193567
CICOF,10,-0.42023286298095464,7.167755991285404,-9.236641221374047,5.351500667308112,4.5318675957801835,-0.8196330715279281,294.97354972910165
CICOY,10,-0.9259583066192614,10.297796150504226,-10.832876181870986,8.647908466399675,7.548717233986518,-1.0991912324131574,296.44722441665306
CIEN,10,-0.51060051060051,22.647520949720672,-28.101886094674555,11.26647708470845,9.767486461567314,-1.498990623141136,38.63860575994563
CIERF,10,-0.00764323500871701,0.24365980672725185,-0.11109000878821856,0.5563730801296484,0.4177926418194386,-0.13858043831020977,0.0
CIFR,10,-0.00764323500871701,0.24365980672725185,-0.11109000878821856,0.5563730801296484,0.4177926418194386,-0.13858043831020977,0.0
CIFRW,10,-0.00764323500871701,0.24365980672725185,-0.11109000878821856,0.5563730801296484,0.4177926418194386,-0.13858043831020977,0.0
CIG,10,0.22069433834139693,21.117227902099568,-18.990743505524037,2.5053624099095333,11.503772644159305,8.998410234249771,-22.90145233343641
CIG-C,10,0.22069433834139693,21.117227902099568,-18.990743505524037,2.5053624099095333,11.503772644159305,8.998410234249771,0.9579643828402304
CIGI,10,-0.479404638283143,8.221371388792203,-11.163366336633663,11.605980691527096,6.584330701977762,-5.021649989549334,79.72997446454895
CIHHF,10,-0.5146751982195021,11.678447798257782,-10.28014239281845,9.037543198076582,8.571199275424627,-0.466343922651955,66.21424553880196
CIHKY,10,-0.5146751982195021,11.3302034428795,-10.28014239281845,5.702435038049856,8.571199275424627,2.868764237374771,60.33839278770684
CIHPF,10,-0.5637233063055036,5.21424195296668,-2.9016897081413204,2.8686489084197206,2.928163485863255,0.05951457744353439,-3.846150319251639
CIIHY,10,0.17079736377982002,11.760030669396992,-10.832876181870986,1.819403173225659,7.0613057276889295,5.2419025544632705,0.0
CIIT,10,-1.0139626894854277,5.899302396117681,-11.624915627666484,10.657107861948985,9.41555220977335,-1.2415556521756343,6.033991883488708
CILJF,10,-0.9128615836670337,8.787878787878789,-11.422505307855626,7.303562252989324,6.596538634755195,-0.7070236182341292,-30.240403657234413
CIM,10,0.9062918340026775,4.715882626921286,-9.533696392103472,6.771655497642095,11.089768864600659,4.318113366958564,-25.47560366362096
CIMEF,10,-0.28683448346510965,11.796287774198497,-8.508721552199814,8.149909644007955,4.365217681426691,-3.784691962581264,54.430380682784005
CIMN,10,-0.00764323500871701,0.24365980672725185,-0.11109000878821856,0.5563730801296484,0.4177926418194386,-0.13858043831020977,0.0
CIMO,10,-0.00764323500871701,0.24365980672725185,-0.11109000878821856,0.5563730801296484,0.4177926418194386,-0.13858043831020977,0.0
CIND,10,0.3747709812787083,2.9748813520083344,-2.024647887323944,5.026174095683311,4.915801092001715,-0.11037300368159642,-57.35001361996344
CINF,10,0.016462904488165602,7.662538699690401,-8.672768878718536,8.076681473504733,10.11642769200517,2.0397462185004365,2.2231010266129414
CING,10,-0.00764323500871701,0.24365980672725185,-0.11109000878821856,0.5563730801296484,0.4177926418194386,-0.13858043831020977,0.0
CINGF,10,0.6475960058359769,3.5201659966281937,-2.323201621073961,0.5563730801296484,5.086710570753124,4.5303374906234755,0.0
CINGW,10,-0.00764323500871701,0.24365980672725185,-0.11109000878821856,0.5563730801296484,0.4177926418194386,-0.13858043831020977,0.0
CINT,10,-0.00764323500871701,0.24365980672725185,-0.11109000878821856,0.5563730801296484,0.4177926418194386,-0.13858043831020977,0.0
CIO,10,0.9705488621151274,8.601070950468543,-4.98989898989899,4.926705762605033,9.111833482409958,4.1851277198049255,34.462063699918446
CION,10,-0.00764323500871701,0.24365980672725185,-0.11109000878821856,0.5563730801296484,0.4177926418194386,-0.13858043831020977,0.0
CIPI,10,-0.8419800455198686,9.404971618712075,-4.871983790753362,8.013298177232604,6.501061955399997,-1.512236221832607,142.50000353902578
CIRX,10,-0.23757309941520463,10.592982391491905,-12.36413585559501,5.728910598211889,1.3418436976868537,-4.387066900525035,-31.883929109136705
CISCF,10,-0.00764323500871701,0.24365980672725185,-0.11109000878821856,0.5563730801296484,0.4177926418194386,-0.13858043831020977,0.0
CISO,10,-0.00764323500871701,0.24365980672725185,-0.11109000878821856,0.5563730801296484,0.4177926418194386,-0.13858043831020977,0.0
CISS,10,-0.00764323500871701,0.24365980672725185,-0.11109000878821856,0.5563730801296484,0.4177926418194386,-0.13858043831020977,0.0
CISXF,10,-0.8616956973011505,4.982793793401884,-7.44281235390465,3.1185304670069485,0.4177926418194386,-2.70073782518751,-20.64516005977508
CITAY,10,-1.3044640470462445,1.6731233181776002,-9.439223497068477,6.357915363827502,0.4177926418194386,-5.940122722008063,-54.82455905528015
CITE,10,-0.00764323500871701,0.24365980672725185,-0.11109000878821856,0.5563730801296484,0.4177926418194386,-0.13858043831020977,0.0
CITEW,10,-0.00764323500871701,0.24365980672725185,-0.11109000878821856,0.5563730801296484,0.4177926418194386,-0.13858043831020977,0.0
CITLF,10,-0.00764323500871701,0.24365980672725185,-0.11109000878821856,0.5563730801296484,0.4177926418194386,-0.13858043831020977,0.0
CITZ,10,0.19897260367275174,1.8135552035099578,-0.11109000878821856,0.5563730801296484,1.0376401578638448,0.4812670777341964,0.0
CIVB,10,-0.9697541427171544,8.091776465243072,-7.46606334841629,8.559177242709309,5.95479361842245,-2.604383624286859,10.322372704246773
CIVI,10,0.42046330296024287,5.701754385964911,-4.54810010809013,4.305432232566845,6.925390094509576,2.6199578619427317,157.74446537754562
CIVII,10,-0.00764323500871701,0.24365980672725185,-0.11109000878821856,0.5563730801296484,0.4177926418194386,-0.13858043831020977,0.0
CIVIW,10,-0.00764323500871701,0.24365980672725185,-0.11109000878821856,0.5563730801296484,0.4177926418194386,-0.13858043831020977,0.0
CIVX,10,-0.4658453014507545,10.514786418400877,-9.210652361337292,10.188199872966337,4.518754657607589,-5.669445215358747,82150.00205545763
CIWT,10,-1.023177187597313,6.691565515094927,-7.426011403746944,8.82216372128896,5.248628013666232,-3.573535707622729,2742.9424060864912
CIWV,10,0.6475015518311609,9.21875,-6.366459627329192,10.394345238095239,10.089828343547508,-0.30451689454773145,15.430551289696174
CIX,10,0.38902265025860533,24.46875,-17.557951877934272,3.4221213569039652,8.1361378651247,4.714016508220736,41.79074763384565
CIXPF,10,-0.21799283863472288,8.64604462474645,-5.044787699252363,4.4061542608082975,2.9803285875222385,-1.425825673286059,9.339766472618027
CIXXF,10,-0.00764323500871701,0.24365980672725185,-0.11109000878821856,0.5563730801296484,0.4177926418194386,-0.13858043831020977,0.0
CIZN,10,-1.0995247215719657,4.192211128627314,-8.513708513708513,12.425054667268265,5.545259545259545,-6.87979512200872,-9.844158392204244
CJAX,10,-0.00764323500871701,0.24365980672725185,-0.11109000878821856,0.5563730801296484,0.4177926418194386,-0.13858043831020977,0.0
CJCFF,10,0.481528383596767,9.675468655513,-10.088691796008867,5.846084034628089,4.882991404730535,-0.9630926298975542,-9.523809035739248
CJET,10,-0.00764323500871701,0.24365980672725185,-0.11109000878821856,0.5563730801296484,0.4177926418194386,-0.13858043831020977,0.0
CJEWY,10,0.21825762293620088,12.942403878609348,-9.594872606425067,7.067167996740601,8.262222392312472,1.195054395571871,119.77498904911548
CJIMF,10,1.2220813076868882,11.636661211129296,-8.975299584250427,5.279564789004852,13.074626704421009,7.795061915416157,-2.127657550770341
CJJD,10,-1.1862711249214317,4.52952952952953,-10.136944767294962,9.12284002163418,6.298988149703896,-2.8238518719302848,-48.40764229648461
CJNHF,10,-0.00764323500871696,14.245030719190458,-8.317460317460316,7.145836321116408,0.4177926418194386,-6.728043679296969,132.14312028007814
CJPRY,10,-0.3803520973701371,6.660990306523447,-18.75731564572766,11.843545500122017,10.274998711691218,-1.5685467884307993,-25.51819637293853
CJRCF,10,-0.00764323500871701,0.24365980672725185,-0.11109000878821856,0.5563730801296484,0.4177926418194386,-0.13858043831020977,0.0
CJREF,10,0.3193858415377403,20.063859343575707,-16.122067458332236,2.5015760108899117,8.099186410319039,5.5976103994291275,15.224560958633123
CKALF,10,-1.874770810414375,5.596369922212619,-9.156108056418837,15.23992615613462,5.996529506988292,-9.243396649146328,0.0
CKDXF,10,1.0816237836137548,9.757415822978984,-9.351496854927467,0.5563730801296484,4.23366897460071,3.6772958944710616,-55.14403278049333
CKEFF,10,-0.00764323500871701,0.24365980672725185,-0.11109000878821856,0.5563730801296484,0.4177926418194386,-0.13858043831020977,0.0
CKGDF,10,-0.46162104133118614,8.94187779433681,-14.541515064797023,11.989629254683608,8.347741423849119,-3.6418878308344897,0.0
CKHGY,10,-0.00764323500871701,0.24365980672725185,-0.11109000878821856,0.5563730801296484,0.4177926418194386,-0.13858043831020977,0.0
CKHUF,10,-0.00764323500871701,0.24365980672725185,-0.11109000878821856,0.5563730801296484,0.4177926418194386,-0.13858043831020977,0.0
CKHUY,10,0.10909698049484638,6.810999129028245,-10.085852930197834,3.9480165801932188,5.857077682385633,1.909061102192414,0.0
CKISY,10,0.47128627641743914,5.9949861405130855,-4.099674162704983,0.5563730801296484,5.72732252592408,5.170949445794432,0.0
CKNHF,10,0.1907222837455395,9.771356094885506,-6.69341894060995,8.406654348254973,6.516853932584269,-1.8898004156707042,39.9843924270774
CKNQP,10,1.6934460727703815,11.086036824761553,-8.481292865550735,0.5563730801296484,10.62259293584595,10.066219855716302,0.0
CKPDY,10,-0.007643235008717022,4.741006377640531,-2.412130126127591,0.5563730801296484,2.4477253011997187,1.8913522210700702,0.0
CKPT,10,0.1989726036727517,6.636597938144331,-3.343166175024582,0.5563730801296484,5.0584507811646455,4.502077701034997,0.0
CKSNY,10,-0.007643235008717059,3.2831985488625204,-5.865536133445278,3.2705682417821205,0.4177926418194386,-2.852775599962682,0.0
CKX,10,-0.10071018041013345,6.908831908831909,-7.054673721340388,2.638706545912001,7.843802288246732,5.2050957423347315,13.4870034855441
CL,10,0.23334690001356673,7.264009589451604,-4.785636898312955,9.015771735567812,11.758099058069092,2.7423273225012803,11.33484522442302
CLABF,10,0.16890129170436957,7.239583333333334,-4.902562621119657,4.810684204714291,3.3154684582111926,-1.4952157465030984,0.0
CLAD,10,-0.8257315894807551,8.095684803001877,-7.682867453316532,8.151544207449364,5.599925357127689,-2.551618850321675,179.41175686859364
CLAR,10,-0.3951072941065134,6.964168300221836,-11.111435452090785,5.340928007752559,10.154103400102573,4.813175392350013,120.10243600070204
CLAZF,10,0.22749998388810302,10.985189682689745,-5.114169533938067,4.245805712857623,3.908177161974125,-0.3376285508834984,0.0
CLB,10,0.0018989024343928722,7.002808834058491,-6.782893915895682,3.1538432407901844,2.368124905721704,-0.7857183350684802,-34.06896569262975
CLBEY,10,1.5261100620608767,11.391649547498753,-6.293756766510285,0.5563730801296484,7.072027330718935,6.515654250589287,0.0
CLBK,10,0.38050198874195984,7.239882978607707,-2.519893899204244,0.5563730801296484,5.57029177718833,5.013918697058681,0.0
CLBR,10,-0.00764323500871701,0.24365980672725185,-0.11109000878821856,0.5563730801296484,0.4177926418194386,-0.13858043831020977,0.0
CLBR-WT,10,-0.00764323500871701,0.24365980672725185,-0.11109000878821856,0.5563730801296484,0.4177926418194386,-0.13858043831020977,0.0
CLBT,10,-0.00764323500871701,0.24365980672725185,-0.11109000878821856,0.5563730801296484,0.4177926418194386,-0.13858043831020977,0.0
CLCFF,10,-0.00764323500871701,0.24365980672725185,-0.11109000878821856,0.5563730801296484,0.4177926418194386,-0.13858043831020977,0.0
CLCGY,10,-0.2525252525252524,10.30142205892359,-12.589602770241953,8.11235349519305,7.2128908022220655,-0.8994626929709844,14.573340411471566
CLCL,10,-0.33405954974582436,8.268703486094791,-7.666539779215837,7.734801294123329,6.543838192554016,-1.190963101569313,-71.0144910419955
CLCMF,10,1.0816237836137548,9.757415822978984,-5.2678324896456505,0.5563730801296484,5.407250281229227,4.850877201099578,0.0
CLCO,10,-0.00764323500871701,0.24365980672725185,-0.11109000878821856,0.5563730801296484,0.4177926418194386,-0.13858043831020977,0.0
CLCS,10,-0.5129762417878089,9.469065594666144,-9.158521036974076,10.36683782358993,8.845827016726124,-1.5210108068638064,86.13928703136592
CLDHF,10,-0.007643235008717084,8.669273143432884,-8.508721552199814,3.3649108590315255,0.4177926418194386,-2.947118217212087,-10.664863569645924
CLDI,10,-0.00764323500871701,0.24365980672725185,-0.11109000878821856,0.5563730801296484,0.4177926418194386,-0.13858043831020977,0.0
CLDT,10,-0.37460876369327073,7.392378759372105,-10.720689949620017,5.546328671328671,5.144131689322115,-0.40219698200655607,-29.511439631603444
CLDVF,10,-0.00764323500871701,0.24365980672725185,-0.11109000878821856,0.5563730801296484,0.4177926418194386,-0.13858043831020977,0.0
CLDWW,10,-0.00764323500871701,0.24365980672725185,-0.11109000878821856,0.5563730801296484,0.4177926418194386,-0.13858043831020977,0.0
CLDX,10,-0.7391448980234029,9.247781921049247,-8.239782816054003,6.790459063028369,3.8526245958367453,-2.937834467191624,2208.128779709282
CLEU,10,-0.00764323500871701,0.24365980672725185,-0.11109000878821856,0.5563730801296484,0.4177926418194386,-0.13858043831020977,0.0
CLEV,10,-1.530501089324619,7.045222278998468,-7.007640067911716,16.807081807081808,7.771524041399901,-9.035557765681908,-48.41417986795881
CLF,10,0.03261122757978131,24.46875,-28.196022727272727,7.1129536884329525,5.775345726445972,-1.33760796198698,186.76926911260205
CLFD,10,-1.6219230669468008,4.377104377104376,-9.235840575367096,13.703743521478145,7.050096745431876,-6.653646776046269,282.0171556858565
CLGCF,10,-0.00764323500871701,0.24365980672725185,-0.11109000878821856,0.5563730801296484,0.4177926418194386,-0.13858043831020977,0.0
CLGN,10,0.6475960058359769,3.8877952755905514,-2.2817581238877653,0.5563730801296484,4.418722524235554,3.862349444105906,0.0
CLGOF,10,-0.00764323500871701,0.24365980672725185,-0.11109000878821856,0.5563730801296484,0.4177926418194386,-0.13858043831020977,0.0
CLGPF,10,0.2661406067749443,10.04140244679384,-4.178037686809615,0.5563730801296484,6.542172680876246,5.9857996007465974,0.0
CLH,10,-0.6113173729356037,7.9836335512200005,-10.676440124292885,7.35300707114623,7.289179432060499,-0.06382763908573086,36.88056668127695
CLHI,10,0.35281312164546047,6.744604316546762,-2.8912030693340647,8.689211143922844,10.804007396492445,2.114796252569601,1799.999967322022
CLHLF,10,1.3081651115270339,12.427526063696977,-12.266974472463907,4.61766183245289,4.365217681426691,-0.2524441510261983,0.0
CLIFF,10,1.1049468331021728,14.547696101094157,-11.362756484707702,8.823499931716839,7.146037859818605,-1.6774620718982334,-10.067544498371742
CLIHF,10,-0.00764323500871701,0.24365980672725185,-0.11109000878821856,0.5563730801296484,0.4177926418194386,-0.13858043831020977,0.0
CLIK,10,-0.00764323500871701,0.24365980672725185,-0.11109000878821856,0.5563730801296484,0.4177926418194386,-0.13858043831020977,0.0
CLILF,10,-0.00764323500871701,0.24365980672725185,-0.11109000878821856,0.5563730801296484,0.4177926418194386,-0.13858043831020977,0.0
CLIR,10,0.7619047619047618,10.867093105899075,-6.618697423416751,5.893288084464555,5.908296816704419,0.01500873223986332,81.56934310340482
CLIRF,10,1.3817229899629608,9.925546765937645,-0.11109000878821856,0.5563730801296484,5.497654766820248,4.9412816866905995,0.0
CLIS,10,0.6067463326333624,7.270671744831485,-4.647749510763209,4.737168205131218,6.325863678804855,1.5886954736736367,2951.785834383586
CLKFF,10,-0.08394383394383394,8.480351328840765,-13.084268721728932,4.199451573153178,7.627120464279117,3.427668891125939,12.861150809521057
CLKTF,10,0.7157515982474971,10.23166023166023,-9.1005291005291,6.020757278270723,9.396498358970765,3.3757410807000428,6.382985310957058
CLKXF,10,-0.9554482018250133,9.614739379950185,-12.378182506666105,7.558097085484111,8.248597526948041,0.6905004414639295,34.81354266038029
CLLEF,10,-0.00764323500871701,0.24365980672725185,-0.11109000878821856,0.5563730801296484,0.4177926418194386,-0.13858043831020977,0.0
CLLFF,10,-0.00764323500871701,0.24365980672725185,-0.11109000878821856,0.5563730801296484,0.4177926418194386,-0.13858043831020977,0.0
CLLKF,10,0.43415204239201344,6.230831470010989,-2.8138528138528134,0.5563730801296484,5.232404528179176,4.676031448049527,0.0
CLLMF,10,-0.00764323500871701,0.24365980672725185,-0.11109000878821856,0.5563730801296484,0.4177926418194386,-0.13858043831020977,0.0
CLLNY,10,1.6934460727703813,10.467743626177803,-6.19120264429189,0.5563730801296484,11.644429284540214,11.088056204410567,0.0
CLLS,10,-1.2335256320060033,8.400443651444277,-7.010258915486077,10.464767616191903,4.108262836162683,-6.35650478002922,0.0
CLLXF,10,-1.3956992986726944,6.628971185030479,-8.45890410958904,13.049838367582602,5.4409283986748775,-7.608909968907724,387.6173856140135
CLMB,10,0.7466179079461478,11.590252412364391,-3.82608695652174,7.131950925083177,8.126337213584035,0.9943862885008583,86.8193842638492
CLMEF,10,-1.102053140096618,10.845820814456909,-10.884831460674157,13.21954893339847,4.991404882178666,-8.228144051219804,49.99999999999985
CLMHF,10,-0.00764323500871701,0.24365980672725185,-0.11109000878821856,0.5563730801296484,0.4177926418194386,-0.13858043831020977,0.0
CLMOF,10,0.3015836171406614,6.641160226817597,-4.006968641114982,0.5563730801296484,3.5934808535462825,3.037107773416634,0.0
CLMPF,10,0.3003737836137547,1.6579793722967726,-0.11109000878821856,0.5563730801296484,2.0638100255073746,1.507436945377726,0.0
CLMT,10,0.2595676267974385,7.355036483744225,-10.112656222496039,4.775140693269659,5.739306909017756,0.9641662157480972,147.55542815199158
CLNE,10,0.10862390227191056,11.361950527300287,-5.3126397138660035,6.486939322667065,4.41831204026326,-2.0686272824038054,273.8137875350243
CLNFF,10,0.6498951781970651,8.962068761465176,-6.288368555440863,6.406627462233075,8.141470180305133,1.7348427180720574,86.10182922659244
CLNN,10,1.3081651115270339,11.226698145688848,-0.11109000878821856,0.5563730801296484,8.141737976329152,7.585364896199503,0.0
CLNNW,10,-0.00764323500871701,0.24365980672725185,-0.11109000878821856,0.5563730801296484,0.4177926418194386,-0.13858043831020977,0.0
CLNV,10,-0.18566618566618567,10.467743626177803,-14.478053425146145,7.214142834188233,6.450974150384542,-0.7631686838036913,-52.45471939299616
CLNXF,10,1.2256531132226933,12.281672272778822,-10.859943977591035,0.5563730801296484,9.615858564958502,9.059485484828855,0.0
CLOE,10,-0.00764323500871701,0.24365980672725185,-0.11109000878821856,0.5563730801296484,0.4177926418194386,-0.13858043831020977,0.0
CLOEF,10,1.0310951766485805,7.534017369674741,-0.11109000878821856,0.5563730801296484,6.079634579689088,5.52326149955944,0.0
CLOER,10,-0.00764323500871701,0.24365980672725185,-0.11109000878821856,0.5563730801296484,0.4177926418194386,-0.13858043831020977,0.0
CLOQ,10,-1.3541795882276233,4.400205058099795,-9.632034632034632,13.849517589703689,4.8188417190309245,-9.030675870672765,68.12928686709232
CLOV,10,-0.00764323500871701,0.24365980672725185,-0.11109000878821856,0.5563730801296484,0.4177926418194386,-0.13858043831020977,0.0
CLOW,10,0.43624334883114596,3.1193051693498792,-2.7350705754614544,0.5563730801296484,4.315362948276133,3.758989868146484,0.0
CLPBF,10,0.9601873536299763,13.757115749525616,-9.033613445378151,7.069410548079858,12.058823529411763,4.989412981331904,35.56222873637091
CLPBY,10,0.9601873536299765,13.757115749525616,-9.033613445378151,8.154844721749326,12.058823529411763,3.903978807662437,31.960640001590228
CLPE,10,-1.6026428300008604,15.015789134497652,-15.42180105492619,13.221025812492007,10.818008443988866,-2.403017368503141,-33.99999737739563
CLPHF,10,-1.5982674013762097,9.361704117223516,-16.393819288873573,11.238974227444507,7.564169433193523,-3.674804794250983,-9.05546521983084
CLPHY,10,-1.185444953990948,3.8118638118638115,-5.795527547493039,10.46453667105841,6.998884971597505,-3.4656516994609046,-6.309918703695555
CLPIF,10,0.9894209914433458,8.927590693445305,-0.11109000878821856,0.5563730801296484,3.4089853211756274,2.852612241045979,0.0
CLPMF,10,-0.00764323500871701,0.24365980672725185,-0.11109000878821856,0.5563730801296484,0.4177926418194386,-0.13858043831020977,0.0
CLPR,10,0.6475960058359769,12.22731516849164,-5.394820248120983,0.5563730801296484,6.968026502460081,6.411653422330432,0.0
CLPS,10,0.43624334883114574,7.170893671950238,-7.9102384291725105,0.5563730801296484,8.076402996245259,7.52002991611561,0.0
CLPT,10,0.2292892500233492,6.357461910297987,-5.810284544756815,8.227977448907682,9.120014548816371,0.8920370999086895,315.2913159777915
CLPXY,10,-0.9964470284237726,12.294859916887452,-8.869853550704615,8.719296740091025,4.879619758351102,-3.839676981739923,277.8617471176075
CLQDF,10,-0.00764323500871701,0.24365980672725185,-0.11109000878821856,0.5563730801296484,0.4177926418194386,-0.13858043831020977,0.0
CLRB,10,-0.7667169431875315,5.973684210526317,-3.6895424836601296,6.504357298474946,3.3483427141963733,-3.1560145842785725,-43.3080799490709
CLRC,10,-0.00764323500871701,0.24365980672725185,-0.11109000878821856,0.5563730801296484,0.4177926418194386,-0.13858043831020977,0.0
CLRCR,10,-0.00764323500871701,0.24365980672725185,-0.11109000878821856,0.5563730801296484,0.4177926418194386,-0.13858043831020977,0.0
CLRD,10,-0.00764323500871701,0.24365980672725185,-0.11109000878821856,0.5563730801296484,0.4177926418194386,-0.13858043831020977,0.0
CLRI,10,0.7635835065962576,10.266072856000912,-8.229548229548227,11.29511043180108,9.17577118716938,-2.1193392446317,15.703476419874267
CLRMF,10,-0.00764323500871701,0.24365980672725185,-0.11109000878821856,0.5563730801296484,0.4177926418194386,-0.13858043831020977,0.0
CLRN,10,0.2252787683251258,8.055443953394937,-11.700668609634837,10.850593610905436,5.925485662060044,-4.925107948845392,-73.68421153406403
CLRO,10,-1.1679292929292928,9.878048780487806,-10.208333333333334,8.457591790925123,6.637872628726288,-1.8197191621988358,48.84467183170379
CLRPF,10,-0.00764323500871701,0.24365980672725185,-0.11109000878821856,0.5563730801296484,0.4177926418194386,-0.13858043831020977,0.0
CLRSF,10,-0.00764323500871701,0.24365980672725185,-0.11109000878821856,0.5563730801296484,0.4177926418194386,-0.13858043831020977,0.0
CLRYF,10,-1.3910289334018147,6.14702573942963,-13.255291150345432,8.995601237104882,5.803623998645233,-3.191977238459649,-52.00000032742015
CLS,10,-1.479076479076479,3.2230918118320275,-6.595651539471763,10.511734981938368,2.6940070685530344,-7.817727913385333,34.959352046176285
CLSD,10,0.3015836171406614,9.45286750164799,-7.346437346437347,0.5563730801296484,4.380133373052335,3.823760292922686,0.0
CLSH,10,0.2828581225520995,12.95416023086774,-7.092853786545401,6.803000791251347,5.307801673133643,-1.4951991181177045,0.0
CLSK,10,0.2828581225520996,9.614739379950185,-9.290705465683928,0.5563730801296484,8.416624481441582,7.860251401311934,0.0
CLSPF,10,-0.00764323500871701,0.24365980672725185,-0.11109000878821856,0.5563730801296484,0.4177926418194386,-0.13858043831020977,0.0
CLST,10,-0.00764323500871701,0.24365980672725185,-0.11109000878821856,0.5563730801296484,0.4177926418194386,-0.13858043831020977,0.0
CLSZF,10,-0.02783638068448191,11.291139240506329,-11.166666666666666,7.180731364275668,5.442805713475004,-1.7379256508006637,66.666672875484
CLTFF,10,-0.9743243367426645,7.665235141703093,-12.379885297580614,5.441800237276332,8.776157860817362,3.33435762354103,-21.05263058828844
CLTH,10,0.28154851684263427,11.365871705331925,-8.565473476565773,6.375611405247308,5.206274870739828,-1.1693365345074795,-98.51705382362644
CLTS,10,-0.11278387716491725,4.837820648717406,-5.609042932534589,6.4963045967921955,4.309733741200591,-2.1865708555916044,552.7688244302423
CLTY,10,0.32431290916221683,4.169723648813891,-8.058608058608058,12.869834956880657,13.446645471590449,0.5768105147097913,-97.9003947762739
CLVFA,10,1.3124896228572536,9.986851541955534,-6.769202431386995,1.3889468392718853,7.832542335683466,6.4435954964115805,-9.800000190734863
CLVLY,10,0.6500169894665309,7.592893065006981,-6.521621825795102,7.305587800049582,12.491725768321515,5.186137968271933,36.83994010782078
CLVR,10,-0.00764323500871701,0.24365980672725185,-0.11109000878821856,0.5563730801296484,0.4177926418194386,-0.13858043831020977,0.0
CLVRW,10,-0.00764323500871701,0.24365980672725185,-0.11109000878821856,0.5563730801296484,0.4177926418194386,-0.13858043831020977,0.0
CLVSF,10,0.1391926824418373,12.294859916887452,-8.100331041507513,10.059245660881174,9.468960686454777,-0.5902849744263978,-6.467793993565563
CLVT,10,1.5160955795785176,14.090577762072042,-0.5257785144287226,0.5563730801296484,9.720155919278,9.163782839148352,0.0
CLW,10,0.34356725146198813,14.947941576836763,-14.104175394497979,3.691963102397164,7.297475801946834,3.60551269954967,110.31620300730891
CLWT,10,-0.02613293980200461,15.302044079022494,-9.27023445570175,9.396673137680331,6.592442645074224,-2.8042304926061066,21.231109348198228
CLWY,10,-0.9155096111617852,8.328118481435128,-11.92211683320913,5.859877139513041,7.110591773915208,1.2507146344021667,183.9526221467364
CLX,10,-0.23570961970501417,11.506233394645411,-13.237193284545848,7.867733306329797,8.841338064872042,0.9736047585422449,10.185531170024714
CLXLF,10,-0.00764323500871701,0.24365980672725185,-0.11109000878821856,0.5563730801296484,0.4177926418194386,-0.13858043831020977,0.0
CLYM,10,-0.00764323500871701,0.24365980672725185,-0.11109000878821856,0.5563730801296484,0.4177926418194386,-0.13858043831020977,0.0
CLYYF,10,-0.8207070707070705,6.25,-9.58642514185945,11.476561776649076,3.8377192982456143,-7.638842478403461,-24.066394409141804
CLZNF,10,-0.24800780614734108,6.8973087452864315,-7.217265493127561,7.976046941564182,7.513668710217847,-0.46237823134633516,5.721391028382581
CLZNY,10,-0.6700901437743544,4.509079091684608,-10.720689949620017,6.433693118475727,3.747655523785991,-2.686037594689736,-10.97225399654242
CM,10,-0.1808674323294205,4.321521175453761,-5.555555555555555,4.2917093641731325,4.604636970985914,0.31292760681278153,33.6930867960089
CMA,10,-0.3165021877295519,2.931637682269721,-5.691291638095926,4.938723093484998,3.007492011451584,-1.9312310820334138,26.21427372600089
CMAKY,10,-1.0403581666505621,7.293371522094928,-8.838383838383837,5.702435038049856,3.1303523748583104,-2.5720826631915457,-42.74452366438432
CMAUF,10,-0.4077912109000191,3.7240537240537246,-6.218978102189782,7.920292029202919,6.797078137751712,-1.1232138914512069,143.02967468390025
CMAX,10,-0.00764323500871701,0.24365980672725185,-0.11109000878821856,0.5563730801296484,0.4177926418194386,-0.13858043831020977,0.0
CMAXW,10,-0.00764323500871701,0.24365980672725185,-0.11109000878821856,0.5563730801296484,0.4177926418194386,-0.13858043831020977,0.0
CMBM,10,0.4525273416661892,4.095547845450895,-0.11109000878821856,0.5563730801296484,1.7983043718441571,1.2419312917145087,0.0
CMBNF,10,-0.00764323500871701,0.24365980672725185,-0.11109000878821856,0.5563730801296484,0.4177926418194386,-0.13858043831020977,0.0
CMBT,10,0.18889779916243418,9.720705258230613,-9.865010042505489,10.02537149304375,9.453109599604979,-0.5722618934387711,0.0
CMBXF,10,0.8222032774462442,9.50617283950617,-8.508721552199814,5.446587765428345,9.339037815877829,3.892450050449484,-56.52174018675529
CMC,10,-0.02825877825877828,3.036707656272875,-3.1007191271284524,5.4965632864183585,3.0032345339797133,-2.493328752438645,65.85417281562664
CMCAW,10,-0.00764323500871701,0.24365980672725185,-0.11109000878821856,0.5563730801296484,0.4177926418194386,-0.13858043831020977,0.0
CMCL,10,1.1400580677689114,10.656626506024098,-6.315399053645488,8.52226006195533,7.4335297847737705,-1.0887302771815603,71.21871937261878
CMCLF,10,-0.9259583066192612,6.0411899313501145,-16.54471544715447,7.027221547839569,3.658027181775577,-3.3691943660639923,91.99999853280876
CMCM,10,-1.0320597277119015,4.403235653235653,-8.24915824915825,7.783497366830699,4.2130423892104725,-3.5704549776202263,-54.67263567885094
CMCO,10,-0.3718003718003719,10.054906164745981,-10.437683308086505,5.162822099845001,5.980259567703514,0.8174374678585128,31.70299165208582
CMCSA,10,0.3009794509125165,31.077358350085625,-27.525397738163697,6.4211033637279415,11.385542168674698,4.964438804946757,23.4082691475694
CMCT,10,-0.11209423265984923,9.771356094885506,-6.975574712643678,5.1906068727905375,6.5894174826167164,1.398810609826179,-40.11616011276031
CMCXF,10,-0.5177510795488325,5.3294013923935175,-7.119021134593994,6.906184962409199,5.8441404898097815,-1.0620444725994176,140.0000049670541
CMCZ,10,0.7831181252988999,30.838260135135137,-23.406740073406745,8.924687407746001,19.68621738269435,10.761529974948347,76.82563883091711
CMDKF,10,-0.4291788713417015,4.957360155920752,-5.106210239562543,2.4650156035283146,2.1045336067991993,-0.3604819967291153,0.0
CMDRF,10,0.5100214307081943,30.505505505505507,-31.19812726111939,6.428013314692571,15.273536422273198,8.845523107580627,93.55817656703596
CMDXF,10,-0.00764323500871701,0.24365980672725185,-0.11109000878821856,0.5563730801296484,0.4177926418194386,-0.13858043831020977,0.0
CME,10,0.0005225020743332544,9.697217675941081,-6.712319138895305,6.367790815773831,9.684240473329545,3.3164496575557143,-3.7022607506455216
CMEIF,10,-0.00764323500871701,0.24365980672725185,-0.11109000878821856,0.5563730801296484,0.4177926418194386,-0.13858043831020977,0.0
CMFO,10,-0.4291788713417016,7.377886777028408,-9.17096269141177,8.951986850147353,4.0075263676627975,-4.944460482484556,64.69771117090536
CMFV,10,-0.2867524735137026,10.854077612941076,-10.088691796008867,8.74539808029767,7.136375576091889,-1.6090225042057815,-82.20640469877158
CMG,10,1.1420685973115643,9.753787878787879,-11.832247557003258,10.55393100384957,11.674382627555474,1.120451623705904,126.80098640474904
CMGGF,10,-0.8257315894807553,6.502668832675794,-11.905217683731278,5.485614976942667,6.122102343993341,0.6364873670506741,-2.787241767862183
CMGHF,10,-0.8207070707070704,7.892233177650926,-10.982563877618158,6.783067995171671,7.017600761113994,0.23453276594232264,-20.00000199569121
CMGHY,10,-1.1854449539909477,5.618378764432806,-10.982563877618158,6.783067995171671,4.314153400672281,-2.46891459449939,-27.97619417191483
CMGMF,10,0.7360525082044072,11.814345991561183,-9.58642514185945,8.056283039914641,8.600742551842798,0.5444595119281566,83.42104732054636
CMGMY,10,0.18547273982056567,14.821428571428571,-11.150793650793652,8.842592592592592,9.801605656138497,0.9590130635459051,171.9512242103602
CMGO,10,0.7373333561125063,10.02723623853211,-10.784709409594097,7.9064347839579305,7.629949878981651,-0.27648490497627964,65.12417422604891
CMGR,10,0.08169934640522876,9.615384615384615,-3.6176019102848374,6.06840672479123,5.859553123575012,-0.20885360121621854,3148.979544545257
CMHF,10,0.6475960058359769,6.64946046006855,-7.276359515165485,0.5563730801296484,5.835486339217682,5.279113259088033,15.075374967488818
CMHHF,10,-0.7909785687563464,8.09461253778569,-10.112656222496039,6.386717063800397,4.682290889187441,-1.7044261746129559,-5.22875328117732
CMHHY,10,-1.034151034151034,8.896151053013797,-10.982563877618158,7.297870556990394,6.296547799815773,-1.0013227571746208,9.328117067511691
CMHSF,10,-0.00764323500871701,0.24365980672725185,-0.11109000878821856,0.5563730801296484,0.4177926418194386,-0.13858043831020977,0.0
CMHZ,10,-0.514156744899641,4.201035871858815,-7.050659264399721,9.065915085043704,6.567908741821785,-2.4980063432219186,-27.15232145479285
CMI,10,-0.15583097774878596,12.018779342723004,-11.012743125419181,5.991237757262922,8.09747373127655,2.106235974013628,33.03355069309892
CMILF,10,-0.4437428746821014,5.480093676814987,-7.195656315488666,13.612749566692711,8.686478251972442,-4.926271314720269,201.55554459431136
CMIM,10,-1.5649852306294028,11.11884703752698,-13.084255842558427,15.816778450803378,11.035148939377747,-4.781629511425631,-73.99999985098839
CMLGF,10,0.9973988540897746,8.620689655172413,-5.842732243323912,6.0781153097666865,7.730289784685122,1.6521744749184357,67.28985879853656
CMLS,10,0.2828581225520997,4.001554001554003,-3.5982975152114625,0.5563730801296484,4.032372726734745,3.4759996466050964,0.0
CMMB,10,0.16890129170436954,2.2632800424858,-0.8232293857098119,0.5563730801296484,1.7361404824601416,1.1797674023304934,0.0
CMMCF,10,-0.00764323500871701,0.24365980672725185,-0.11109000878821856,0.5563730801296484,0.4177926418194386,-0.13858043831020977,0.0
CMND,10,-0.00764323500871701,0.24365980672725185,-0.11109000878821856,0.5563730801296484,0.4177926418194386,-0.13858043831020977,0.0
CMNR,10,-1.2994828820762871,12.080405932864949,-12.648171500630516,9.078887612534396,4.1423069688239424,-4.936580643710454,200.000021827838
CMNT,10,-0.007643235008717029,10.640013581190052,-10.70928951989761,0.5563730801296484,3.434080935723859,2.8777078555942106,4900.000014551824
CMOPF,10,-0.007643235008716973,4.36445665406764,-2.578749258807457,0.5563730801296484,2.671390884444232,2.1150178043145833,0.0
CMOT,10,0.9278104307872438,4.260651629072681,-0.16708437761069383,0.5563730801296484,5.9871901977165125,5.430817117586864,0.0
CMP,10,-0.6526225680274269,6.58317006622835,-12.58399580875151,9.955252061834239,4.3347313729479335,-5.620520688886305,14.754959233590087
CMPD,10,-0.3839363120800247,14.83698296836983,-11.445643558319615,9.649149389784908,9.170353207911893,-0.4787961818730153,121.38364779874216
CMPGF,10,-0.00764323500871701,0.24365980672725185,-0.11109000878821856,0.5563730801296484,0.4177926418194386,-0.13858043831020977,0.0
CMPGY,10,-0.16086793864571647,10.15873015873016,-11.519607843137255,8.131909617871916,8.835978835978837,0.7040692181069215,-16.740419113146494
CMPO,10,-0.00764323500871701,0.24365980672725185,-0.11109000878821856,0.5563730801296484,0.4177926418194386,-0.13858043831020977,0.0
CMPOW,10,-0.00764323500871701,0.24365980672725185,-0.11109000878821856,0.5563730801296484,0.4177926418194386,-0.13858043831020977,0.0
CMPR,10,0.3009794509125167,10.948070356291478,-8.477514418108477,8.237408708191081,7.542780183497854,-0.6946285246932273,-33.07737919203896
CMPRF,10,-0.1683501683501683,9.126984126984127,-6.276106934001669,12.325953773322192,7.287456287456287,-5.038497485865905,-44.242423768068335
CMPS,10,-0.00764323500871701,0.24365980672725185,-0.11109000878821856,0.5563730801296484,0.4177926418194386,-0.13858043831020977,0.0
CMPUY,10,-1.3593961950016482,0.050603122486484686,-11.92211683320913,4.611631960108442,0.4177926418194386,-4.193839318289003,168.70748647972005
CMPVF,10,0.09420397639942518,10.47517730496454,-7.346252953149934,12.904083570750238,13.495115212623546,0.5910316418733075,17.914267084644887
CMPX,10,-0.00764323500871701,0.24365980672725185,-0.11109000878821856,0.5563730801296484,0.4177926418194386,-0.13858043831020977,0.0
CMPY,10,-1.7679700606529876,16.971002328049032,-14.690959409594097,13.952219879341653,4.972419634296819,-8.979800245044835,-92.02389527426232
CMRB,10,0.7374652868817285,5.153733964342054,-4.198851257674786,0.5563730801296484,5.891595695517264,5.335222615387615,0.0
CMRE,10,0.42481343650934295,7.050431320504313,-3.6413404114134025,4.19119434987786,7.311355006790277,3.1201606569124163,110.86023147256952
CMRX,10,0.4529436152570482,6.775559588626738,-7.669734560490863,7.481687119292161,5.726181057991063,-1.755506061301098,346.6618306451422
CMRZF,10,0.5427754195383936,4.893534315207533,-4.577464788732396,6.908534890186266,7.834288410753641,0.9257535205673744,-21.53110017826921
CMS,10,0.8516261309557398,9.32177382231088,-11.519607843137255,6.124270168308836,6.4405005012723135,0.31623033296347725,-5.50181715764057
CMSA,10,1.5160955795785176,10.455635491606715,-0.12230215827338098,0.5563730801296484,10.092509112914273,9.536136032784626,0.0
CMSC,10,1.5160955795785176,6.270264361930266,-0.11109000878821856,0.5563730801296484,9.638061746437707,9.08168866630806,0.0
CMSD,10,1.5160955795785176,11.148788520853659,-0.11109000878821856,0.5563730801296484,8.739559505538539,8.183186425408891,0.0
CMSQF,10,-0.08479379487934738,9.720327921744612,-12.770742099656761,4.763558143408916,5.007618188246586,0.24406004483767063,23.98035080788629
CMSQY,10,-0.07323335916252643,9.737056250635744,-9.975550122249388,4.698094334549538,5.207145350034627,0.5090510154850891,20.413014883602536
CMT,10,-0.7580945266405207,5.16190457494528,-9.27023445570175,9.267961178652461,4.616947254971245,-4.651013923681217,94.93025238444132
CMTDF,10,-0.38414148003189097,3.7392310659637396,-5.6217754847891825,5.717738114320238,4.235449735449735,-1.4822883788705035,-2.5900494413620594
CMTG,10,-0.00764323500871701,0.24365980672725185,-0.11109000878821856,0.5563730801296484,0.4177926418194386,-0.13858043831020977,0.0
CMTL,10,0.9648092441388533,8.90263582571275,-6.656534954407295,3.5624084465267187,8.265326337357719,4.702917890830999,-24.10894165969059
CMTNF,10,-0.00764323500871701,0.24365980672725185,-0.11109000878821856,0.5563730801296484,0.4177926418194386,-0.13858043831020977,0.0
CMTOY,10,0.3333333333333333,6.3216783216783226,-4.496072204579643,6.7613509678727075,7.313174924858774,0.5518239569860661,-21.003819785585915
CMTSY,10,-0.007643235008717029,9.04344210987421,-9.23764033415661,3.5985565219191122,0.4177926418194386,-3.180763880099674,0.0
CMTUF,10,-0.00764323500871701,0.24365980672725185,-0.11109000878821856,0.5563730801296484,0.4177926418194386,-0.13858043831020977,0.0
CMTV,10,-0.45091693635382923,12.13952193910549,-7.449694549286861,6.551092051880347,6.124373373945047,-0.42671867793530005,25.059357550446883
CMTX,10,0.4262049887161568,10.629045307443365,-9.009053640653448,10.262178527631074,2.5496657835764243,-7.712512744054649,82.00000416148792
CMU,10,0.5026455026455028,7.580159125891561,-6.621155398957646,9.59051152928704,11.567038162782843,1.9765266334958032,-0.6086950716764954
CMUV,10,-0.026626547157575113,10.589878409464344,-9.689984101748806,8.618186060351054,8.599615192154646,-0.01857086819640763,28.430086842999287
CMVLF,10,-1.4260983032877739,6.9865857553497275,-6.451612903225806,11.042485630037215,5.708488648217572,-5.333996981819642,38.21806846242959
CMWAY,10,0.511784511784512,7.854077253218884,-7.21009841677364,5.526524786225793,7.604196471149261,2.0776716849234678,37.506625144389616
CMWCF,10,-0.007643235008717059,11.306535231712033,-11.500733455994434,4.352920895865053,0.4177926418194386,-3.935128254045615,0.0
CMXC,10,1.2719104364373968,8.029441284710604,-5.9640522875816995,9.471235801112014,10.53879925893803,1.0675634578260151,-63.90778317610407
CMXHF,10,-0.37358898314826283,11.129032258064516,-12.376681614349776,9.884877249484418,10.473837121492117,0.588959872007699,22.56201124578228
CNA,10,-0.4794046382831431,6.703446473245958,-8.383905813812357,6.638448223994629,4.540650406504065,-2.097797817490564,-6.170689380296578
CNADF,10,-0.00764323500871701,0.24365980672725185,-0.11109000878821856,0.5563730801296484,0.4177926418194386,-0.13858043831020977,0.0
CNAF,10,-0.4372078998944669,6.769896446108222,-12.285795213142617,11.235751399685824,9.28349331095549,-1.9522580887303338,-2.635794548525181
CNAUF,10,1.5160955795785176,13.66766198666185,-0.11109000878821856,0.5563730801296484,4.989009085581142,4.432636005451494,0.0
CNBB,10,-0.00764323500871701,0.24365980672725185,-0.11109000878821856,0.5563730801296484,0.4177926418194386,-0.13858043831020977,0.0
CNBI,10,0.05050505050505046,6.758893280632411,-9.37775816416593,7.315787782383754,4.974252327193503,-2.3415354551902503,51.31578721632526
CNBL,10,-0.8442934703713381,13.958810068649885,-11.650485436893204,8.588780602393763,5.170978533553996,-3.417802068839767,-19.68743496146324
CNBN,10,-0.00764323500871701,0.24365980672725185,-0.11109000878821856,0.5563730801296484,0.4177926418194386,-0.13858043831020977,0.0
CNBP,10,-0.00764323500871701,0.24365980672725185,-0.11109000878821856,0.5563730801296484,0.4177926418194386,-0.13858043831020977,0.0
CNBW,10,0.5456867525833045,11.51891100198156,-17.306522262042645,9.791516819380597,7.2655720243758894,-2.5259447950047074,4.512479627509182
CNBX,10,-0.1199520191923229,7.913182488932613,-4.902562621119657,6.223565079390679,3.103865852016487,-3.1196992273741917,-26.315789153471226
CNBZ,10,0.1348681711116176,8.951762523191094,-8.916083916083915,11.800650353235236,8.73543431451086,-3.065216038724376,9.861727114076968
CNC,10,-0.7622114868491681,8.09461253778569,-11.717391304347828,7.621816593469217,7.72061191626409,0.09879532279487346,32.63645775829707
CNCOF,10,-0.00764323500871701,0.24365980672725185,-0.11109000878821856,0.5563730801296484,0.4177926418194386,-0.13858043831020977,0.0
CNCSF,10,-0.00764323500871701,0.24365980672725185,-0.11109000878821856,0.5563730801296484,0.4177926418194386,-0.13858043831020977,0.0
CNCT,10,-0.3080507667663629,8.057414897805778,-8.676722127196392,7.635084747675342,6.584646804516512,-1.0504379431588298,1225.141232338285
CNDA,10,-0.00764323500871701,0.24365980672725185,-0.11109000878821856,0.5563730801296484,0.4177926418194386,-0.13858043831020977,0.0
CNDA-UN,10,-0.00764323500871701,0.24365980672725185,-0.11109000878821856,0.5563730801296484,0.4177926418194386,-0.13858043831020977,0.0
CNDCF,10,-0.28477695941192516,27.10231845678532,-32.399672399672404,4.411934178169431,2.915675873422352,-1.4962583047470788,20.7487050052692
CNDGF,10,-0.00764323500871701,0.24365980672725185,-0.11109000878821856,0.5563730801296484,0.4177926418194386,-0.13858043831020977,0.0
CNDHF,10,-0.00764323500871701,0.24365980672725185,-0.11109000878821856,0.5563730801296484,0.4177926418194386,-0.13858043831020977,0.0
CNDL,10,-0.49984944293887384,8.51722802942315,-8.471553415373638,11.797390312051862,6.412871888281724,-5.384518423770138,-77.33644842352422
CNDT,10,0.10909698049484613,17.674418604651162,-13.990678238508517,0.5563730801296484,6.588590569963965,6.032217489834316,0.0
CNECF,10,-0.00764323500871701,0.24365980672725185,-0.11109000878821856,0.5563730801296484,0.4177926418194386,-0.13858043831020977,0.0
CNENF,10,0.8934032328527738,20.93608857268476,-12.015953589557652,5.95822503743739,13.889082392619704,7.930857355182314,510.5217551625393
CNER,10,1.064182974866977,11.334222291944466,-7.121196277318832,5.104119734533554,10.685294641598931,5.581174907065377,842.2222360196029
CNET,10,0.2915878071673668,3.5313923549217665,-2.754348170056353,4.214581456341342,5.747285794615071,1.5327043382737289,-5.074160090054853
CNEY,10,-0.00764323500871701,0.24365980672725185,-0.11109000878821856,0.5563730801296484,0.4177926418194386,-0.13858043831020977,0.0
CNF,10,0.25345186169183276,2.998303083960455,-0.7972972972972978,0.5563730801296484,2.2347998729140826,1.678426792784434,0.0
CNFHF,10,-0.00764323500871701,0.24365980672725185,-0.11109000878821856,0.5563730801296484,0.4177926418194386,-0.13858043831020977,0.0
CNFN,10,-0.7462302506304361,11.165910435983427,-9.544990082346576,7.085102862405425,4.485970626892965,-2.59913223551246,119.51219559472254
CNFR,10,0.37086250541826604,11.84457386742542,-12.478956923584748,2.5839015250884296,4.361547071562401,1.7776455464739715,0.0
CNGA,10,-0.47730047730047725,5.1475398546982065,-4.955141476880608,9.147921321834366,7.255370144259032,-1.8925511775753332,-11.949688222352526
CNGGF,10,-0.00764323500871701,0.24365980672725185,-0.11109000878821856,0.5563730801296484,0.4177926418194386,-0.13858043831020977,0.0
CNGKY,10,-0.00764323500871701,0.24365980672725185,-0.11109000878821856,0.5563730801296484,0.4177926418194386,-0.13858043831020977,0.0
CNGL,10,-0.00764323500871701,0.24365980672725185,-0.11109000878821856,0.5563730801296484,0.4177926418194386,-0.13858043831020977,0.0
CNGO,10,-0.14332514332514348,4.741053903065076,-6.512528347806848,9.097967927549211,8.072225605095861,-1.0257423224533504,76.49418290420552
CNGT,10,-0.9821140778455324,4.342273307790549,-4.2698160345219165,11.785212063118502,4.89185927782419,-6.893352785294312,-94.5947422987765
CNH,10,-0.47730047730047725,4.688460120437508,-8.79325230789666,6.449879234689361,5.164835164835165,-1.2850440698541963,53.42001439008167
CNHC,10,-0.02514351142675893,11.636661211129296,-8.7730451366815,9.92687225675794,12.279160215585811,2.352287958827871,63.151837187008894
CNHHY,10,-0.00764323500871701,0.24365980672725185,-0.11109000878821856,0.5563730801296484,0.4177926418194386,-0.13858043831020977,0.0
CNI,10,0.9533506904166558,11.991584852734924,-8.853754940711465,3.2735201132345844,10.302484179483505,7.028964066248921,31.67096578762051
CNICF,10,-0.00764323500871701,0.24365980672725185,-0.11109000878821856,0.5563730801296484,0.4177926418194386,-0.13858043831020977,0.0
CNIKF,10,-0.00764323500871701,0.24365980672725185,-0.11109000878821856,0.5563730801296484,0.4177926418194386,-0.13858043831020977,0.0
CNK,10,-0.3803520973701372,16.219931271477662,-10.449438202247192,6.189107143133829,7.522586134865608,1.3334789917317789,-44.394975523783415
CNLFF,10,-0.00764323500871701,0.24365980672725185,-0.11109000878821856,0.5563730801296484,0.4177926418194386,-0.13858043831020977,0.0
CNLHN,10,0.5636346354909226,6.007827788649705,-4.692411315671308,6.638824957318332,8.919246658972687,2.2804217016543555,5.1099587695224615
CNLHO,10,-1.421957671957672,28.46846846846847,-25.760135135135137,11.295811993752496,16.920045045045047,5.624233051292551,0.6624858445119619
CNLHP,10,-0.5062090631575829,4.020979020979021,-5.01063829787234,8.50333896993494,6.2530348518470165,-2.250304118087924,2.950246063038433
CNLK,10,-0.7101761956130886,9.075920546439507,-9.376126938333934,8.50523679417122,5.275691518593148,-3.2295452755780714,-99.43820223028943
CNLLF,10,1.5160955795785176,13.66766198666185,-6.3579225797357415,0.5563730801296484,7.074029032486879,6.517655952357231,0.0
CNLPL,10,-0.07744652708888072,5.170044658193062,-3.9948783610755454,8.910647390246206,9.647984995777742,0.7373376055315362,2.933395153625816
CNLPM,10,-0.5496137849079026,5.752654090249997,-14.084479127957389,9.004520029242961,5.375391340303621,-3.62912868893934,6.10079575596817
CNLTL,10,-0.3711096325866785,7.570281124497992,-6.7356797791580405,7.168323286087756,6.756177172114715,-0.4121461139730416,2.9781022702515094
CNLTN,10,-1.8470418470418468,7.051400247550264,-12.525879917184266,8.717181905587703,2.8594907615722263,-5.857691144015476,2.1069624856422933
CNLTP,10,0.367359229147847,6.577144423129625,-8.539773839765449,7.178313965147821,7.879447399252001,0.7011334341041797,-1.632655227485603
CNM,10,-0.00764323500871701,0.24365980672725185,-0.11109000878821856,0.5563730801296484,0.4177926418194386,-0.13858043831020977,0.0
CNMD,10,-0.07890401541362607,12.222222222222221,-9.610814022578726,10.407800697708112,12.269541105858243,1.8617404081501316,36.2779929879289
CNMTF,10,0.08086548220890154,2.4298991751656662,-1.78217080384889,0.5563730801296484,1.5275727648670265,0.9711996847373782,0.0
CNMVF,10,0.43624334883114596,2.8239848603994018,-2.7241095355733576,0.5563730801296484,2.5381666538404706,1.981793573710822,0.0
CNMXF,10,0.17264156608418896,8.072100313479623,-7.983682983682982,6.192034804393953,4.258466113979144,-1.933568690414809,-14.772728715892532
CNNA,10,-0.027573732159795403,14.090577762072042,-10.802650910047412,6.546255157954307,7.688328695634919,1.142073537680612,-39.8200909337204
CNNC,10,-0.7015355371409904,11.346153846153847,-14.94949494949495,2.638049986526468,4.722079493613649,2.0840295070871813,-99.66089109088163
CNND,10,0.5692674147542841,7.750706689998655,-5.979699911738747,7.446182207890803,9.358197776558256,1.9120155686674538,17.360666239590007
CNNE,10,1.1741527823927536,12.138284250960307,-8.255528255528256,0.5563730801296484,10.13334083756619,9.576967757436542,0.0
CNNEF,10,0.8261617900172116,7.791387187712646,-3.0074365704286965,7.198225760413707,9.507515264295666,2.309289503881959,-14.146196405295242
CNNN,10,-0.00764323500871701,0.24365980672725185,-0.11109000878821856,0.5563730801296484,0.4177926418194386,-0.13858043831020977,0.0
CNNRF,10,-0.00764323500871701,0.24365980672725185,-0.11109000878821856,0.5563730801296484,0.4177926418194386,-0.13858043831020977,0.0
CNNXF,10,0.3015836171406614,1.4883528352042357,-0.11109000878821856,0.5563730801296484,1.8758783896751623,1.319505309545514,0.0
CNO,10,-0.048758709010374365,8.822009816584861,-12.000973709834469,6.983056124104949,4.752137397455781,-2.2309187266491683,56.23490737964024
CNOB,10,-0.2134162134162132,16.3302752293578,-16.062992125984252,10.591069420650703,5.820272465941758,-4.770796954708945,33.9074510904549
CNOBF,10,-0.15661844930137608,8.406767376211185,-6.915048410057967,5.08536108577067,4.9103397027983,-0.17502138297237035,-13.892619209229316
CNONF,10,0.19897260367275174,1.8135552035099578,-0.11109000878821856,0.5563730801296484,1.0376401578638448,0.4812670777341964,0.0
CNP,10,0.11001863633442571,9.02087587928296,-7.6292559899117265,5.492537313432837,7.430739009686377,1.9382016962535404,-13.256483874531504
CNPOF,10,0.6475960058359769,3.392857142857143,-0.11109000878821856,0.5563730801296484,3.2704560697518446,2.714082989622196,0.0
CNPRF,10,0.4146181325640667,4.782288502255362,-4.654757815183785,7.792276714682896,6.2768341940061,-1.515442520676796,-9.19719376633657
CNPTF,10,-0.00764323500871701,0.24365980672725185,-0.11109000878821856,0.5563730801296484,0.4177926418194386,-0.13858043831020977,-84.83145991132169
CNPWM,10,0.09844647777823784,11.51891100198156,-14.975975169367594,11.21247619418554,10.331631537041412,-0.8808446571441273,2.658191435052284
CNPWP,10,0.015668810819726216,6.716989388469533,-11.427727501610494,6.28529332854239,8.98734633831136,2.70205300976897,0.2003977376017373
CNQ,10,0.010583082829511013,6.203135650988411,-6.233062330623306,1.926085571639889,3.587693412392681,1.661607840752792,46.51616236646751
CNQQF,10,-0.00764323500871701,0.24365980672725185,-0.11109000878821856,0.5563730801296484,0.4177926418194386,-0.13858043831020977,0.0
CNRAF,10,-0.09096816114359961,8.630087209302326,-10.81081081081081,6.8880261457908345,4.655392719908849,-2.2326334258819855,-31.460671448343327
CNRCF,10,-0.00764323500871701,0.24365980672725185,-0.11109000878821856,0.5563730801296484,0.4177926418194386,-0.13858043831020977,0.0
CNRD,10,-0.11278387716491715,5.537270390571125,-6.7348414419997935,5.041723529979384,5.5563701031057775,0.5146465731263934,50.43043073755531
CNRFF,10,-0.6755346896191965,7.155733784628968,-6.713187310202234,5.173236998587176,3.8529106816249024,-1.3203263169622734,27.7777750183036
CNRIF,10,0.7157515982474971,7.90157211209843,-14.147186147186149,7.861667871183024,7.363537292956255,-0.4981305782267693,191.48936114561096
CNRSF,10,-0.00764323500871701,0.24365980672725185,-0.11109000878821856,0.5563730801296484,0.4177926418194386,-0.13858043831020977,0.0
CNS,10,1.222081307686888,9.434112329166611,-3.813221823974513,5.966535527833223,12.518197592999421,6.551662065166198,36.28989662717875
CNSL,10,-0.22217915033524274,12.72440159574468,-11.243498817966902,7.210790179653832,8.538651927324388,1.327861747670556,165.5779629672226
CNSP,10,-0.00764323500871701,0.24365980672725185,-0.11109000878821856,0.5563730801296484,0.4177926418194386,-0.13858043831020977,0.0
CNSRF,10,-0.00764323500871701,0.24365980672725185,-0.11109000878821856,0.5563730801296484,0.4177926418194386,-0.13858043831020977,0.0
CNSUF,10,0.702981145576945,6.672823828215193,-0.6285829226591568,0.5563730801296484,4.943246930036419,4.38687384990677,0.0
CNSWF,10,0.18470046403007304,8.732394366197184,-12.95774647887324,10.647369508129001,11.423138458310383,0.7757689501813818,66.79833724491645
CNTA,10,-0.00764323500871701,0.24365980672725185,-0.11109000878821856,0.5563730801296484,0.4177926418194386,-0.13858043831020977,0.0
CNTB,10,-0.00764323500871701,0.24365980672725185,-0.11109000878821856,0.5563730801296484,0.4177926418194386,-0.13858043831020977,0.0
CNTG,10,-0.00764323500871701,0.24365980672725185,-0.11109000878821856,0.5563730801296484,0.4177926418194386,-0.13858043831020977,0.0
CNTGF,10,-0.00764323500871701,0.24365980672725185,-0.11109000878821856,0.5563730801296484,0.4177926418194386,-0.13858043831020977,0.0
CNTHN,10,-0.840937555913401,7.364130434782609,-11.553945249597422,9.566894793344067,6.964960361699492,-2.601934431644575,4.305551035273993
CNTHO,10,-0.5045625335480408,7.972526517127455,-7.380568974771872,7.698185990868918,6.6106965644286175,-1.0874894264403006,4.142471042157432
CNTHP,10,0.2557544757033248,21.02694260054666,-10.806600283017643,8.78237178093706,14.261915485512406,5.479543704575345,3.239213855984766
CNTM,10,-0.00764323500871701,0.24365980672725185,-0.11109000878821856,0.5563730801296484,0.4177926418194386,-0.13858043831020977,0.0
CNTMF,10,-0.00764323500871701,0.24365980672725185,-0.11109000878821856,0.5563730801296484,0.4177926418194386,-0.13858043831020977,0.0
CNTO,10,-0.18086743232942057,8.937483920761514,-6.253842775581907,7.3643181166737905,4.194496150802009,-3.1698219658717814,-87.08010383283897
CNTRF,10,-0.00764323500871701,0.24365980672725185,-0.11109000878821856,0.5563730801296484,0.4177926418194386,-0.13858043831020977,0.0
CNTTQ,10,0.647596005835977,8.322982898036644,-6.9886908184780525,0.5563730801296484,8.737221263817009,8.180848183687361,0.0
CNTX,10,-0.00764323500871701,0.24365980672725185,-0.11109000878821856,0.5563730801296484,0.4177926418194386,-0.13858043831020977,0.0
CNTY,10,-1.0213243546576878,6.01605571138408,-10.610193588916994,11.909741042176138,8.076570514695844,-3.833170527480295,85.67836031485842
CNUCF,10,-1.457253309105161,3.6935208866155147,-6.988727858293073,13.901192741772453,3.112579922563365,-10.788612819209089,650.0000465661318
CNUN,10,-0.00764323500871701,0.24365980672725185,-0.11109000878821856,0.5563730801296484,0.4177926418194386,-0.13858043831020977,0.0
CNVAF,10,-0.13867751378088478,5.038496376811596,-5.183752417794971,5.341595461539332,2.9760376794816494,-2.3655577820576825,0.0
CNVCD,10,0.19897260367275182,5.116280612050342,-3.405588147558914,0.5563730801296484,2.777354608220135,2.2209815280904865,0.0
CNVCF,10,-0.00764323500871701,0.24365980672725185,-0.11109000878821856,0.5563730801296484,0.4177926418194386,-0.13858043831020977,0.0
CNVEF,10,-0.00764323500871701,0.24365980672725185,-0.11109000878821856,0.5563730801296484,0.4177926418194386,-0.13858043831020977,0.0
CNVS,10,-0.8098912953281889,8.198890311566368,-13.83290031450841,5.128189663171569,8.430717678632352,3.3025280154607826,158.22267642707035
CNVT,10,0.025443085552375164,6.016682619991795,-3.991896735319325,7.166581642755894,4.746748056100574,-2.4198335866553196,294.46938675618253
CNVVF,10,1.6934460727703813,11.151372406920919,-6.494760066188638,0.5563730801296484,8.301219509209362,7.744846429079714,0.0
CNVVY,10,-0.00764323500871701,0.24365980672725185,-0.11109000878821856,0.5563730801296484,0.4177926418194386,-0.13858043831020977,0.0
CNWHF,10,0.7304613276017817,5.928200283419935,-6.584595959595959,11.341973585398504,11.39906385536995,0.05709026997144662,-92.77716977341156
CNWT,10,0.33243486073674755,9.224852782117534,-9.869540555870675,7.958648641258904,6.97214734950584,-0.986501291753064,-35.14916102818017
CNX,10,0.11001863633442557,11.324298505529377,-8.46973860634301,5.40878848263992,4.915955541786835,-0.49283294085308516,69.80583746551787
CNXC,10,-0.00764323500871701,0.24365980672725185,-0.11109000878821856,0.5563730801296484,0.4177926418194386,-0.13858043831020977,0.0
CNXN,10,-0.19675356615838663,12.15225720473097,-8.327508652469477,7.976408605673083,12.228660712088777,4.2522521064156935,9.510207249199022
CNXS,10,-0.10725010725010738,11.998303083960455,-11.144527986633248,10.62807168070326,6.714851352965563,-3.9132203277376965,-72.0
CNXX,10,-0.00764323500871701,0.24365980672725185,-0.11109000878821856,0.5563730801296484,0.4177926418194386,-0.13858043831020977,0.0
CNXXW,10,-0.00764323500871701,0.24365980672725185,-0.11109000878821856,0.5563730801296484,0.4177926418194386,-0.13858043831020977,0.0
COBA,10,-0.00764323500871701,0.24365980672725185,-0.11109000878821856,0.5563730801296484,0.4177926418194386,-0.13858043831020977,0.0
COBJF,10,-0.8616956973011506,6.25083836351442,-15.42180105492619,6.438431882272462,8.550434747843742,2.11200286557128,-16.333338962660683
COCCF,10,-0.00764323500871701,0.24365980672725185,-0.11109000878821856,0.5563730801296484,0.4177926418194386,-0.13858043831020977,0.0
COCH,10,-0.00764323500871701,0.24365980672725185,-0.11109000878821856,0.5563730801296484,0.4177926418194386,-0.13858043831020977,0.0
COCHW,10,-0.00764323500871701,0.24365980672725185,-0.11109000878821856,0.5563730801296484,0.4177926418194386,-0.13858043831020977,0.0
COCM,10,-0.3261784511784512,8.78314393939394,-6.7436974789915975,10.049351179865887,3.1832141547488084,-6.866137025117078,-93.17406150972556
COCO,10,-0.00764323500871701,0.24365980672725185,-0.11109000878821856,0.5563730801296484,0.4177926418194386,-0.13858043831020977,0.0
COCP,10,-1.088000577763334,6.287383885994654,-14.197028970536293,7.130473646952478,8.666794203637895,1.5363205566854177,-13.99317356616874
COCSF,10,-0.3792227766153407,6.972122863793789,-10.24697666496338,5.688715790543033,5.910785593974148,0.22206980343111482,-5.932201677545423
COCXF,10,-1.4018951704411644,9.098137084052823,-9.151727620731792,12.94083694083694,4.305585008406309,-8.63525193243063,20.72791766129651
CODA,10,-1.5756563124984178,9.542593035301618,-13.188765906181764,12.16595538130135,9.823653585001983,-2.342301796299367,17.51366642487525
CODGF,10,-1.6600000782004514,7.149122807017543,-7.862064684337948,10.933872696893763,3.6405560446262637,-7.2933166522674995,63.73009440442538
CODI,10,0.5153294194390085,14.016822005001135,-10.928490079721872,6.071359547710025,9.495729495729494,3.4243699480194687,45.46473290493968
CODMF,10,-0.00764323500871701,0.24365980672725185,-0.11109000878821856,0.5563730801296484,0.4177926418194386,-0.13858043831020977,0.0
CODQL,10,-0.00764323500871701,0.24365980672725185,-0.11109000878821856,0.5563730801296484,0.4177926418194386,-0.13858043831020977,0.0
CODX,10,0.508707116947088,6.38291109466741,-9.548411787217757,0.5563730801296484,6.176170429901774,5.619797349772125,0.0
CODYY,10,0.16546578644461102,3.53076267844942,-3.6447275300778483,0.5563730801296484,3.6405560446262637,3.084182964496615,0.0
COE,10,0.8361537688970512,5.752654090249997,-2.9101840947127005,0.5563730801296484,4.57028665582316,4.013913575693511,0.0
COEP,10,-0.00764323500871701,0.24365980672725185,-0.11109000878821856,0.5563730801296484,0.4177926418194386,-0.13858043831020977,0.0
COEPW,10,-0.00764323500871701,0.24365980672725185,-0.11109000878821856,0.5563730801296484,0.4177926418194386,-0.13858043831020977,0.0
COF,10,-0.011337868480725611,4.939668174962293,-3.4641284641284633,4.137441042202947,5.374560080442433,1.237119038239486,81.51984831019409
COFAF,10,-0.00764323500871701,0.24365980672725185,-0.11109000878821856,0.5563730801296484,0.4177926418194386,-0.13858043831020977,0.0
COFE,10,0.43415204239201344,9.799172740349212,-5.260036766886081,0.5563730801296484,6.063849899466338,5.50747681933669,0.0
COFS,10,0.367359229147847,9.964709234782227,-5.357783211083945,8.787500472893733,8.962079498545597,0.17457902565186423,-15.339913551674352
COGDF,10,0.16546578644461107,4.169866726903095,-4.404961448206503,0.5563730801296484,3.4575134153143448,2.9011403351846963,0.0
COGNY,10,0.501101234333159,7.4797014143530625,-10.722267307572256,6.209210730717179,5.313145424070039,-0.8960653066471398,-78.83702519819369
COGQF,10,-0.007643235008717121,10.71771365889013,-10.786989597597687,0.5563730801296484,1.354366632723307,0.7979935525936587,0.0
COGT,10,0.16890129170436957,6.264845075453166,-2.569530622673187,0.5563730801296484,4.092756162250286,3.5363830821206372,0.0
COGZF,10,0.7157515982474972,8.493301187170019,-5.8088235294117645,6.942906382891092,6.5928835958913155,-0.3500227869997765,726.5700282469143
COHG,10,-1.376844986245514,5.978068623983022,-11.13013698630137,7.710230826032095,7.507903055848261,-0.2023277701838344,-23.076923076923265
COHN,10,-0.2454662026012091,6.1109287824089265,-5.759609517998779,5.187641721034303,3.1395994031584302,-2.0480423178758724,324.56914385341275
COHR,10,-0.8920184494151986,4.906912259853436,-9.535699824537726,10.152651778889902,5.516684519752005,-4.635967259137898,77.76927538864831
COHU,10,-0.21799283863472263,7.112794612794613,-4.563884493670885,7.367554020559485,3.807409630266624,-3.560144390292861,102.2609676595807
COIHF,10,-0.8207070707070705,10.46600458365164,-8.015972346385361,9.710971097109711,9.00623427133379,-0.704736825775921,94.8130205368265
COIHY,10,-1.0261580074756083,10.46600458365164,-7.054019885878292,12.20664282913279,7.159599548980079,-5.04704328015271,91.08566257405708
COIN,10,-0.00764323500871701,0.24365980672725185,-0.11109000878821856,0.5563730801296484,0.4177926418194386,-0.13858043831020977,0.0
COKE,10,-0.4717249218527992,7.438205675923101,-10.942622950819672,11.787241625089095,8.731541999515855,-3.05569962557324,41.49547001179368
COLB,10,0.5555555555555556,12.849162011173185,-8.522238934250108,5.725361696032087,4.76051779935275,-0.9648438966793371,2.362639804553864
COLCF,10,-0.2225630326602328,9.326209992193597,-8.967734843071511,8.907546860839682,6.408615645822263,-2.4989312150174188,38734.95227535624
COLD,10,1.2256531132226933,10.186413702904145,-6.265051381510011,0.5563730801296484,8.41212078015722,7.855747700027572,0.0
COLDF,10,-0.19541013406044078,2.9906343124733925,-4.902562621119657,6.574942672503648,3.6382742144801568,-2.9366684580234916,54.13533662063556
COLFF,10,0.6612108271451093,7.92361656914971,-5.442445758801842,3.7229916316868157,8.250931482203242,4.527939850516427,93.96551020939562
COLL,10,0.37086250541826593,13.502414685435184,-6.232083476665521,7.422159553198507,4.87920650548315,-2.542953047715357,0.0
COLM,10,-0.6096447685232732,12.8568858736155,-10.28014239281845,10.818991867055955,12.481874656688243,1.6628827896322882,-0.7983036566511632
COLRF,10,-0.007643235008717121,18.898331941810206,-18.470418470418473,0.5563730801296484,5.252774389558765,4.696401309429117,0.0
COLZF,10,-0.007643235008716954,10.68541809509354,-10.787771630431012,0.5563730801296484,0.4177926418194386,-0.13858043831020977,-41.334598816804125
COMCF,10,-0.6265524784043303,4.913007456503728,-11.267605633802818,9.046254207811788,3.231736807093903,-5.814517400717886,281.8604359022674
COMM,10,-1.1353277369543333,11.682319986818255,-10.64425770308123,7.911021465696486,4.336449361146262,-3.5745721045502235,6.649679516125441
COMP,10,-0.00764323500871701,0.24365980672725185,-0.11109000878821856,0.5563730801296484,0.4177926418194386,-0.13858043831020977,0.0
COMS,10,0.05302323880569718,3.4353995519044056,-5.373056089463567,3.8879638948088506,6.478090168156991,2.5901262733481407,-40.30075368816033
CON,10,-0.00764323500871701,0.24365980672725185,-0.11109000878821856,0.5563730801296484,0.4177926418194386,-0.13858043831020977,0.0
CONC,10,-0.926448752535709,7.984560242624759,-7.4763074763074755,9.93002822271115,7.925981867075836,-2.004046355635313,-97.97979794969464
CONNQ,10,0.3055224532030818,6.809125323769677,-7.614447452621217,3.947641943694222,5.923088458519591,1.9754465148253693,-9.139451403183552
CONXF,10,-0.00764323500871701,0.24365980672725185,-0.11109000878821856,0.5563730801296484,0.4177926418194386,-0.13858043831020977,0.0
COO,10,-0.42508931397820265,7.4797014143530625,-12.217412217412216,8.61204348523189,8.004939583886951,-0.6071039013449386,45.7843786516578
COOK,10,-0.00764323500871701,0.24365980672725185,-0.11109000878821856,0.5563730801296484,0.4177926418194386,-0.13858043831020977,0.0
COOP,10,-0.23264683447749807,13.181818181818183,-8.23529411764706,9.750606214402525,8.864403242077433,-0.8862029723250924,246.6341283219348
COOSF,10,-0.00764323500871701,0.24365980672725185,-0.11109000878821856,0.5563730801296484,0.4177926418194386,-0.13858043831020977,0.0
COOT,10,-0.00764323500871701,0.24365980672725185,-0.11109000878821856,0.5563730801296484,0.4177926418194386,-0.13858043831020977,0.0
COOTW,10,-0.00764323500871701,0.24365980672725185,-0.11109000878821856,0.5563730801296484,0.4177926418194386,-0.13858043831020977,0.0
COP,10,0.1674724966715718,4.701202160404205,-7.167307020607755,3.5068875169200395,5.045037953884678,1.5381504369646382,25.98362984618544
COPAF,10,0.22606036950299244,14.641914908941525,-13.104289871397729,5.367330679756434,7.778129791295097,2.4107991115386627,412.2799788999568
COPHF,10,0.14472244261758618,5.4411390795830155,-8.562630569340572,0.5563730801296484,2.6146041250546386,2.05823104492499,0.0
COPJF,10,0.6095595403155961,9.302658360292417,-9.625615700729597,4.892675937067169,6.7082588640283545,1.8155829269611852,-45.14285658330332
COPR,10,-0.6714316655837123,10.060975609756097,-10.326933056564608,13.60863149620213,6.128432653818469,-7.480198842383662,48.87217782149298
COR,10,-0.035037426341774314,13.347614731811815,-11.59433962264151,6.898138867985703,9.861116870550832,2.962978002565129,37.22896862697016
CORBF,10,-0.8720513574882507,8.657117693413063,-9.547614129312127,7.456152350518548,5.421117761219263,-2.0350345892992845,-11.185468228103217
CORFX,10,-0.00764323500871701,0.24365980672725185,-0.11109000878821856,0.5563730801296484,0.4177926418194386,-0.13858043831020977,0.0
CORG,10,-0.468975468975469,7.854864433811802,-10.49966982170372,9.006122565444599,6.109230948768818,-2.8968916166757808,635.0842203849382
CORT,10,-0.06440927493559087,5.363688983214354,-9.990556100395917,6.475208818958819,7.674973174785312,1.1997643558264928,40.16468543943022
CORZ,10,-0.00764323500871701,0.24365980672725185,-0.11109000878821856,0.5563730801296484,0.4177926418194386,-0.13858043831020977,0.0
CORZR,10,-0.00764323500871701,0.24365980672725185,-0.11109000878821856,0.5563730801296484,0.4177926418194386,-0.13858043831020977,0.0
CORZW,10,-0.00764323500871701,0.24365980672725185,-0.11109000878821856,0.5563730801296484,0.4177926418194386,-0.13858043831020977,0.0
CORZZ,10,-0.00764323500871701,0.24365980672725185,-0.11109000878821856,0.5563730801296484,0.4177926418194386,-0.13858043831020977,0.0
COSAF,10,-0.00764323500871701,0.24365980672725185,-0.11109000878821856,0.5563730801296484,0.4177926418194386,-0.13858043831020977,0.0
COSG,10,-0.5857947964002495,3.209826618814132,-5.424930945380023,8.110993866787984,3.4519922409505295,-4.659001625837455,-8.787539390781381
COSLF,10,0.893403232852774,10.857142857142856,-5.196192696192696,7.138710206568479,6.51183514341409,-0.6268750631543893,-70.46153830870611
COSM,10,0.1852106963003781,8.633705336700118,-6.8108108108108105,8.003021043363566,3.5800829342350227,-4.422938109128543,54.66623878024618
COSO,10,0.7929448430452791,10.987664786088114,-3.9312221672439396,0.5563730801296484,6.516399384350308,5.960026304220659,0.0
COST,10,0.0005225020743332544,8.277910791877273,-12.042788129744654,6.135437824034315,9.948169481810483,3.812731657776168,50.39053900776871
COTI,10,0.6475960058359769,11.124261559768126,-11.151670849439947,0.5563730801296484,2.2505656386798485,1.6941925585502,0.0
COTY,10,-0.1422017637668357,9.290226681531028,-14.418431809736157,9.110702456903189,6.734718992328584,-2.375983464574605,-28.51828774620557
COUR,10,-0.00764323500871701,0.24365980672725185,-0.11109000878821856,0.5563730801296484,0.4177926418194386,-0.13858043831020977,0.0
COUTF,10,-0.00764323500871701,0.24365980672725185,-0.11109000878821856,0.5563730801296484,0.4177926418194386,-0.13858043831020977,0.0
COUV,10,-1.4622414622414623,10.640013581190052,-12.198998917748918,6.51733992993051,5.805372249034221,-0.7119676808962891,17300.00075836405
COVCF,10,-0.00764323500871701,0.24365980672725185,-0.11109000878821856,0.5563730801296484,0.4177926418194386,-0.13858043831020977,0.0
COVTY,10,0.16546578644461102,11.306535231712033,-5.544365251523604,4.352920895865053,2.709716320768024,-1.6432045750970294,0.0
COWI,10,-0.23070208255393432,11.998303083960455,-11.208477684939881,5.3898848030823485,5.156944239502894,-0.23294056357945436,802.4390261648323
COWPP,10,0.622258035634345,11.01763359806165,-7.988660814918543,5.89361637407568,7.803997568019454,1.910381193943774,-99.97114879827498
COYA,10,-0.00764323500871701,0.24365980672725185,-0.11109000878821856,0.5563730801296484,0.4177926418194386,-0.13858043831020977,0.0
COYJF,10,-0.00764323500871701,0.24365980672725185,-0.11109000878821856,0.5563730801296484,0.4177926418194386,-0.13858043831020977,-73.47584927703157
CP,10,0.9533506904166558,3.9417918852434726,-3.660813514114249,1.6251564210752718,8.5715037039511,6.946347282875828,51.12638033405568
CPA,10,1.0313889546662456,7.640317888313346,-9.246880570409981,5.2868462550092,7.490052664749782,2.2032064097405817,-17.098927226745168
CPAC,10,-0.16274437785362553,9.418101278566395,-8.17320558796767,5.996144633177309,5.513438728125877,-0.4827059050514322,-43.24691554496033
CPADF,10,0.34589066847131356,8.391947610962891,-9.914969750627122,5.635706149213019,5.97206697265996,0.33636082344694085,1.1320743513260312
CPAMF,10,0.755170755170755,8.850697220001775,-7.307220563139932,7.247309698290089,9.154411920199289,1.9071022219091995,-19.682539982890624
CPAY,10,-0.5998127514223689,6.508238620914678,-14.253426131879172,8.803418881046687,12.164523706737887,3.3611048256912,-10.373663702936684
CPB,10,-0.5434436157327723,12.176428486222118,-8.422619047619047,13.87532393909945,6.437142566809751,-7.4381813722897,-10.695243589695997
CPBI,10,-0.00764323500871701,0.24365980672725185,-0.11109000878821856,0.5563730801296484,0.4177926418194386,-0.13858043831020977,0.0
CPBLF,10,0.23322851153039834,8.945042169797873,-11.99971055392742,7.956798780145019,4.48647380098993,-3.470324979155089,92.46031513259764
CPCAY,10,-0.9692303896167989,8.728070175438598,-11.92982456140351,5.973343249127041,6.447368421052631,0.47402517192559035,-32.468355007707224
CPCPF,10,-0.00764323500871701,0.24365980672725185,-0.11109000878821856,0.5563730801296484,0.4177926418194386,-0.13858043831020977,0.0
CPEFF,10,0.5087071169470881,7.958790239571042,-2.63343717549325,0.5563730801296484,6.396330910349602,5.839957830219953,0.0
CPF,10,-1.4295338085475322,13.9805375347544,-11.99971055392742,6.653526263566604,5.772460474511987,-0.8810657890546176,-10.28677758456737
CPFXF,10,-0.12892828364222395,9.050834608527186,-7.988660814918543,6.771422300472842,7.658730158730158,0.8873078582573157,246.5517254446623
CPHC,10,-1.034151034151034,6.809125323769677,-7.614447452621217,11.335273921480818,5.1151325905424265,-6.220141330938391,32.460901516732406
CPHI,10,-0.8377311843293872,3.5766086497890295,-5.557672764227643,6.430177138005557,4.477937267410951,-1.9522398705946058,113.51351351351352
CPHRF,10,0.8758611910594474,8.93371757925072,-8.325466975599989,6.217300289115573,6.119203911963003,-0.09809637715257047,105.6478431214183
CPIHF,10,0.07525363495191585,5.650493719480751,-5.555555555555555,3.0903871879218445,3.5401198815407233,0.4497326936188788,-50.76923302865235
CPIVF,10,0.6475960058359769,6.641160226817597,-0.8928571428571423,0.5563730801296484,4.631518019632229,4.0751449395025805,0.0
CPIX,10,-0.17809503208594712,4.690959409594096,-5.91714243888157,6.916864601232749,7.071419329028919,0.15455472779617008,-49.31379843886593
CPK,10,-0.45088566827697263,6.201275166792408,-9.84566402244887,8.083741290063289,6.757394858081358,-1.3263464319819311,33.16363547288509
CPKF,10,0.05780698551782927,12.166576754780317,-8.034400126506831,12.611538121742202,8.72370871167283,-3.887829410069372,28.33018112394484
CPKOF,10,0.6938923021322733,3.232782521903072,-0.11109000878821856,0.5563730801296484,3.7692999642650307,3.212926884135382,0.0
CPMD,10,0.7735979890786169,12.176428486222118,-8.513629140691846,5.35624030585393,8.876883895439969,3.5206435895860384,-98.48602643866332
CPMV,10,0.6980072251064793,8.288718385905089,-5.986928104575163,7.10293841678132,10.53632660793786,3.433388191156541,-39.46938709336884
CPNFF,10,-0.00764323500871701,0.24365980672725185,-0.11109000878821856,0.5563730801296484,0.4177926418194386,-0.13858043831020977,0.0
CPNG,10,-0.00764323500871701,0.24365980672725185,-0.11109000878821856,0.5563730801296484,0.4177926418194386,-0.13858043831020977,0.0
CPNNF,10,-0.00764323500871701,0.24365980672725185,-0.11109000878821856,0.5563730801296484,0.4177926418194386,-0.13858043831020977,0.0
CPOP,10,-0.00764323500871701,0.24365980672725185,-0.11109000878821856,0.5563730801296484,0.4177926418194386,-0.13858043831020977,0.0
CPPCY,10,1.3817229899629608,10.845820814456909,-0.11109000878821856,0.5563730801296484,8.235452501226286,7.679079421096637,-30.74193244531813
CPPKF,10,-0.00764323500871701,0.24365980672725185,-0.11109000878821856,0.5563730801296484,0.4177926418194386,-0.13858043831020977,0.0
CPPMF,10,-0.00764323500871701,0.24365980672725185,-0.11109000878821856,0.5563730801296484,0.4177926418194386,-0.13858043831020977,0.0
CPPTL,10,-0.00764323500871701,0.24365980672725185,-0.11109000878821856,0.5563730801296484,0.4177926418194386,-0.13858043831020977,0.0
CPQQ,10,-0.20002580978190743,5.432265221406297,-8.27779367669085,5.235315386902508,6.850649350649351,1.615333963746843,-57.08333288060716
CPRHF,10,-0.00764323500871701,0.24365980672725185,-0.11109000878821856,0.5563730801296484,0.4177926418194386,-0.13858043831020977,0.0
CPRI,10,-0.3792227766153406,3.958593201141267,-6.468053804119377,7.265453494337343,4.0810490918342515,-3.184404402503092,59.95620289693137
CPRT,10,0.6475015518311609,8.723365836041893,-9.47532859297565,6.822582370560547,11.426147968362146,4.603565597801599,68.56469664479182
CPRX,10,-0.7004830917874396,7.437705613498651,-5.9596747242954216,7.031957497641994,5.3809523809523805,-1.6510051166896131,1.9424608972771624
CPS,10,-0.7300009205560158,7.703363035354988,-8.34679195419175,8.807737075142278,2.8248946713599623,-5.982842403782316,-33.41366985056758
CPSH,10,-0.8167989417989419,5.705936253993412,-5.0,8.159819483348896,6.314102564102565,-1.845716919246331,387.5494047121501
CPSS,10,0.18293616014913125,3.453172623995567,-2.448241057581054,4.027587883998361,6.726465729533214,2.698877845534853,76.4688237225572
CPT,10,0.8516261309557398,8.15132950167372,-9.696372176533771,8.031656319327551,11.61682674648487,3.585170427157319,31.57359510871733
CPTN,10,-0.00764323500871701,0.24365980672725185,-0.11109000878821856,0.5563730801296484,0.4177926418194386,-0.13858043831020977,0.0
CPTNW,10,-0.00764323500871701,0.24365980672725185,-0.11109000878821856,0.5563730801296484,0.4177926418194386,-0.13858043831020977,0.0
CPTP,10,-0.8489224903880329,7.220476564545692,-14.197028970536293,7.854556359477716,6.822328444480839,-1.0322279149968763,-22.35332574990856
CPWHF,10,0.23698523698523685,8.30022148717585,-11.025565677343518,6.2871940754506666,9.254504409960774,2.967310334510107,414.6686016710561
CPWPF,10,-0.00764323500871701,0.24365980672725185,-0.11109000878821856,0.5563730801296484,0.4177926418194386,-0.13858043831020977,0.0
CPWR,10,-1.6068853313796732,13.069800569800574,-21.32723833543506,16.418935749536843,4.465724160377897,-11.953211589158945,-56.36112816727628
CPWY,10,0.814368585452923,6.899764004471496,-6.770753637761311,5.422820682837734,11.026461118064645,5.603640435226912,133.98643439549676
CPXGF,10,-1.427869858809085,6.48542769813595,-14.197028970536293,6.823604020968824,6.336539623237702,-0.487064397731122,-38.31389289123968
CPXWF,10,0.14211653555915837,5.934436597449141,-7.838827838827839,3.1210395641735498,9.617429568529815,6.496390004356265,44.8146203021921
CPYCF,10,-0.2844193918695052,12.080405932864949,-12.299465240641712,11.028297904537382,2.2113446501984133,-8.81695325433897,200.000021827838
CPYJ,10,-1.4898467841678336,4.468188440990772,-8.755234107346784,11.15912566027245,2.076495325871293,-9.082630334401156,0.0
CPYT,10,-0.7370535915842701,9.65311697988244,-8.33182503770739,10.660938902280298,6.055756843800322,-4.6051820584799765,-35.00000335276122
CPYYF,10,-0.05730107138557841,4.504668806536329,-5.395973154362416,4.137099241336126,3.7841272852688355,-0.3529719560672908,-10.813956163972652
CPYYY,10,-0.05730107138557841,4.504668806536329,-5.395973154362416,3.299737090105362,3.7841272852688355,0.48439019516347326,-19.036334326024257
CPZ,10,-0.00764323500871701,0.24365980672725185,-0.11109000878821856,0.5563730801296484,0.4177926418194386,-0.13858043831020977,0.0
CQP,10,-0.9063235090632351,10.089514066496163,-10.982563877618158,8.238025479529124,10.307443969813027,2.069418490283903,-6.780544236769005
CQRLF,10,-0.9039447556385407,9.907916766323847,-9.26912828321279,12.420069068656241,4.893016495550813,-7.527052573105428,266.9029086077855
CR,10,-0.00764323500871701,0.24365980672725185,-0.11109000878821856,0.5563730801296484,0.4177926418194386,-0.13858043831020977,0.0
CRAI,10,-0.13954299668585357,12.8568858736155,-15.822385292145025,8.293919730150137,5.346580300131394,-2.9473394300187428,145.494188109718
CRARF,10,-1.7874966611839795,4.722741433021806,-13.465412062615103,8.187722824290505,2.8638751710907138,-5.323847653199792,11.570763020739564
CRARY,10,-1.6600000782004514,7.777324355573693,-13.589959164064378,8.146207123807413,3.246364920041298,-4.899842203766115,8.581973928800021
CRAWA,10,0.2737499912818474,8.567936103012634,-7.7088100686498855,8.109177827096596,11.865116814114948,3.755938987018352,59.90499070350852
CRAYF,10,-0.00764323500871701,0.24365980672725185,-0.11109000878821856,0.5563730801296484,0.4177926418194386,-0.13858043831020977,0.0
CRBAF,10,-0.00764323500871701,0.24365980672725185,-0.11109000878821856,0.5563730801296484,0.4177926418194386,-0.13858043831020977,0.0
CRBBF,10,-0.2952934388394329,4.7005579043331265,-4.959704245796541,3.8853831375800154,4.3817679708668305,0.49638483328681504,17.721735793088826
CRBG,10,-0.00764323500871701,0.24365980672725185,-0.11109000878821856,0.5563730801296484,0.4177926418194386,-0.13858043831020977,0.0
CRBJF,10,0.6801346801346804,7.123131903833658,-3.9356621090091792,5.283887763776378,9.000108295429934,3.7162205316535557,-22.666666242811413
CRBJY,10,0.6475960058359769,7.123131903833658,-5.622009569377992,3.1084785687405616,7.527886073207711,4.419407504467149,0.0
CRBKF,10,-0.00764323500871701,0.24365980672725185,-0.11109000878821856,0.5563730801296484,0.4177926418194386,-0.13858043831020977,0.0
CRBO,10,0.01978454808643488,11.71457683638497,-10.263270349107259,5.401625630588583,7.266325616280845,1.864699985692262,-85.72335020197231
CRBP,10,0.3968253968253968,8.924895056281917,-5.562931062396787,5.976500182704562,7.10978835978836,1.1332881770837977,-79.84720990756232
CRBU,10,-0.00764323500871701,0.24365980672725185,-0.11109000878821856,0.5563730801296484,0.4177926418194386,-0.13858043831020977,0.0
CRC,10,-0.00764323500871701,0.24365980672725185,-0.11109000878821856,0.5563730801296484,0.4177926418194386,-0.13858043831020977,0.0
CRCBY,10,0.647596005835977,4.09302983175456,-2.539354879374734,0.5563730801296484,5.524410774410775,4.968037694281127,0.0
CRCCY,10,-0.00764323500871701,0.24365980672725185,-0.11109000878821856,0.5563730801296484,0.4177926418194386,-0.13858043831020977,0.0
CRCE,10,-0.00764323500871701,0.24365980672725185,-0.11109000878821856,0.5563730801296484,0.4177926418194386,-0.13858043831020977,0.0
CRCQW,10,-0.00764323500871701,0.24365980672725185,-0.11109000878821856,0.5563730801296484,0.4177926418194386,-0.13858043831020977,0.0
CRCT,10,-0.00764323500871701,0.24365980672725185,-0.11109000878821856,0.5563730801296484,0.4177926418194386,-0.13858043831020977,0.0
CRCUF,10,0.7745427398282944,9.92671552298468,-5.959104186952288,9.894600181075864,8.383440058450487,-1.5111601226253768,36.000000238418586
CRCW,10,1.5160955795785176,10.129488289667117,-3.7552998182919444,0.5563730801296484,8.565270576668768,8.00889749653912,0.0
CRD-A,10,0.7373333561125063,14.027264619696776,-9.600938967136152,4.943991397475801,12.412225720054423,7.468234322578621,-14.77198006073726
CRD-B,10,0.20557254502208622,12.72440159574468,-9.600938967136152,5.721914821709658,10.816943286783163,5.095028465073505,-5.292418336066612
CRDAX,10,-0.00764323500871701,0.24365980672725185,-0.11109000878821856,0.5563730801296484,0.4177926418194386,-0.13858043831020977,0.0
CRDE,10,-0.4320987654320987,6.9380972164520145,-10.348058902275769,6.85662620403194,3.951128083755668,-2.905498120276272,0.0
CRDF,10,-1.0402889170301581,5.797005139110403,-5.91714243888157,9.291921246536043,2.916132247223142,-6.375788999312901,341.3127354512907
CRDIY,10,-0.00764323500871701,0.24365980672725185,-0.11109000878821856,0.5563730801296484,0.4177926418194386,-0.13858043831020977,0.0
CRDL,10,0.3015836171406614,8.261189681898598,-5.626998096195983,0.5563730801296484,4.133490671906617,3.577117591776968,0.0
CRDMX,10,-0.00764323500871701,0.24365980672725185,-0.11109000878821856,0.5563730801296484,0.4177926418194386,-0.13858043831020977,0.0
CRDO,10,-0.00764323500871701,0.24365980672725185,-0.11109000878821856,0.5563730801296484,0.4177926418194386,-0.13858043831020977,0.0
CRDOF,10,-0.00764323500871701,0.24365980672725185,-0.11109000878821856,0.5563730801296484,0.4177926418194386,-0.13858043831020977,0.0
CRDV,10,0.10972207631520565,18.898331941810206,-12.503775294472971,5.371898722402913,10.257203970026799,4.885305247623886,208.98487862486323
CREAF,10,-0.11995201919232315,4.7626429935214345,-8.038461538461538,4.322272469609434,6.0581166800679,1.735844210458466,-28.207504844872066
CRECF,10,0.23322851153039853,4.837820648717406,-9.684991670452824,8.370512809028575,5.552667194824058,-2.8178456142045176,247.58843249789345
CREG,10,0.17790279054951533,6.989574750116432,-3.8791653872585576,3.0145633493205435,2.9846157431215494,-0.02994760619899406,56.03174627903498
CREQF,10,-0.08145975887911365,10.812633471956838,-10.473346604733464,7.042101248305627,7.42512384633488,0.3830225980292523,103.77358410994177
CRERF,10,-1.1237133185747041,10.673710971637405,-11.832247557003258,10.922472148258203,4.968522488773529,-5.953949659484674,3.651033678209734
CRESW,10,-0.00764323500871701,0.24365980672725185,-0.11109000878821856,0.5563730801296484,0.4177926418194386,-0.13858043831020977,0.0
CRESY,10,-1.3784871427597027,11.576691380908247,-14.197028970536293,7.9438505216501065,4.906493495824759,-3.0373570258253473,-1.2255368352884335
CREV,10,-0.00764323500871701,0.24365980672725185,-0.11109000878821856,0.5563730801296484,0.4177926418194386,-0.13858043831020977,0.0
CREVW,10,-0.00764323500871701,0.24365980672725185,-0.11109000878821856,0.5563730801296484,0.4177926418194386,-0.13858043831020977,0.0
CREX,10,0.18613485280151953,5.892081294976869,-6.307077625570778,3.3306345242048523,4.671030185833544,1.3403956616286918,-6.502397412167928
CRFCF,10,-0.00764323500871701,0.24365980672725185,-0.11109000878821856,0.5563730801296484,0.4177926418194386,-0.13858043831020977,0.0
CRFQF,10,0.6427270361696592,6.656534954407295,-4.237023139462163,3.700291113713245,5.599583199479412,1.8992920857661666,0.0
CRFTF,10,0.6397932592691853,5.78094110387786,-0.11109000878821856,0.5563730801296484,2.3601021246531455,1.803729044523497,0.0
CRFU,10,-1.0859706051203621,9.402497871132557,-11.998303083960455,6.452678887330122,1.354366632723307,-5.098312254606815,609900.0222644308
CRGGF,10,1.6934460727703813,13.415459591173684,-7.01921825517331,0.5563730801296484,9.05875029335162,8.502377213221973,0.0
CRGO,10,-0.00764323500871701,0.24365980672725185,-0.11109000878821856,0.5563730801296484,0.4177926418194386,-0.13858043831020977,0.0
CRGOW,10,-0.00764323500871701,0.24365980672725185,-0.11109000878821856,0.5563730801296484,0.4177926418194386,-0.13858043831020977,0.0
CRGP,10,-0.4220107293142957,3.5413642960812775,-9.022153167602246,6.064152479246818,5.711751413268387,-0.3524010659784311,2200.0001324223604
CRGX,10,-0.00764323500871701,0.24365980672725185,-0.11109000878821856,0.5563730801296484,0.4177926418194386,-0.13858043831020977,0.0
CRGY,10,-0.00764323500871701,0.24365980672725185,-0.11109000878821856,0.5563730801296484,0.4177926418194386,-0.13858043831020977,0.0
CRH,10,-1.0313474231000006,3.579545454545454,-7.200874726647923,11.02222519748293,6.054986679986681,-4.9672385174962495,32.356488128871575
CRHKF,10,1.1117425677552981,10.515723270440251,-8.33003300330033,8.38474790875314,8.890869413727971,0.506121504974832,52.28331759844794
CRHKY,10,0.04390651290176015,9.380366674402413,-13.648912802531083,9.095284000842554,9.76412962129325,0.6688456204506963,38.3228420666561
CRI,10,-1.043724422289917,10.735925271396113,-9.918931807343824,8.902651508080224,3.71738741028023,-5.185264097799994,-0.5904377229230209
CRICF,10,-0.00764323500871701,0.24365980672725185,-0.11109000878821856,0.5563730801296484,0.4177926418194386,-0.13858043831020977,0.0
CRIS,10,0.34279863916310127,7.702859800046502,-5.871819360120063,8.003863180505922,7.961805693388253,-0.042057487117669545,283.17119942586584
CRK,10,0.7156995051731893,5.138128125744224,-2.9698553310815123,5.559849664960562,6.7750593423204934,1.2152096773599315,48.76622212104347
CRKN,10,-0.00764323500871701,0.24365980672725185,-0.11109000878821856,0.5563730801296484,0.4177926418194386,-0.13858043831020977,0.0
CRKT,10,-0.2992321589882564,31.191745378596593,-25.349013135272678,15.442259512907116,10.509765859624983,-4.932493653282133,302.7617861146089
CRL,10,-0.9507851096636144,11.645962732919257,-9.339369550637157,8.192987008991306,9.710331810239305,1.517344801247999,216.5758383997901
CRLBF,10,0.16890129170436946,14.090577762072042,-12.650527105296055,0.5563730801296484,5.678573055655556,5.122199975525907,0.0
CRLFF,10,-0.00764323500871701,0.24365980672725185,-0.11109000878821856,0.5563730801296484,0.4177926418194386,-0.13858043831020977,0.0
CRLI,10,-0.6505096645941717,4.682589566310497,-3.3968253968253954,10.397641143195179,5.455474784189005,-4.9421663590061735,36.13445630695505
CRLKP,10,-0.4149923999578612,4.0789325526404685,-3.1759906759906773,12.664967381583224,6.967144149260638,-5.697823232322587,5.384987548962394
CRM,10,-1.4546033592267964,8.09461253778569,-12.625476616605713,9.108726947319274,9.414399688999232,0.30567274167995784,85.00673135709815
CRMBQ,10,-0.14822688753063457,4.250700280112045,-7.267132204994674,5.194965169381543,6.244756118409804,1.049790949028261,42.85713525450799
CRMD,10,-0.6098211049276104,14.379269286206682,-15.546671576234187,9.98322094412016,14.897782825886885,4.914561881766726,-20.88533812952108
CRMK,10,-0.967021416371042,9.098137084052823,-8.260654928418628,8.514508469298098,8.196959247706863,-0.31754922159123566,875.9259152904615
CRML,10,-0.00764323500871701,0.24365980672725185,-0.11109000878821856,0.5563730801296484,0.4177926418194386,-0.13858043831020977,0.0
CRMLW,10,-0.00764323500871701,0.24365980672725185,-0.11109000878821856,0.5563730801296484,0.4177926418194386,-0.13858043831020977,0.0
CRMT,10,0.21479328165374667,11.071377991785868,-10.44906900328587,7.739372374073549,10.268086788947153,2.528714414873604,32.550354033188555
CRMZ,10,-1.3415477333003107,26.070807649755018,-25.61132561132561,12.962734183446463,15.787215787215787,2.8244816037693248,38.23129018346391
CRNC,10,0.30037378361375466,2.7261658229789845,-0.11109000878821856,0.5563730801296484,1.3418436976868537,0.7854706175572054,0.0
CRNCY,10,0.2632654729784972,8.401135288552506,-10.33966033966034,8.788002121335454,6.264594525312546,-2.523407596022908,-13.127067467525086
CRNLF,10,-0.00764323500871701,0.24365980672725185,-0.11109000878821856,0.5563730801296484,0.4177926418194386,-0.13858043831020977,0.0
CRNT,10,-0.9139339184797627,16.610169491525426,-11.560240963855422,9.183001669599747,6.625859297615023,-2.5571423719847246,18.153632332075507
CRNX,10,0.2828581225520998,8.201421440146168,-4.608398525312472,0.5563730801296484,6.398987593349612,5.842614513219964,0.0
CRNZF,10,-0.43758636573007836,9.01123595505618,-9.75257731958763,11.591065060889457,5.311063205800048,-6.2800018550894094,17.33643817089583
CROMF,10,0.87801251133767,7.37977266103177,-6.087912087912088,8.648201113954538,9.888482302302139,1.2402811883476001,14.786183235346432
CRON,10,0.3015836171406614,4.899399007055133,-6.130520764667105,0.5563730801296484,7.317619855301412,6.761246775171763,0.0
CROOF,10,-1.8703703703703707,6.542755991285404,-7.2476299292838835,18.12264150943396,5.402414669571532,-12.72022683986243,66.666672875484
CROTF,10,-0.00764323500871701,0.24365980672725185,-0.11109000878821856,0.5563730801296484,0.4177926418194386,-0.13858043831020977,0.0
CROX,10,0.7257727652464493,11.779259896729775,-10.130908248378127,7.154441943598569,11.58733230134159,4.4328903577430205,328.8242489348981
CRPFY,10,-0.2684871040925574,6.99490662139219,-11.905217683731278,3.2501053323728133,5.958023081087877,2.7079177487150634,0.0
CRPGF,10,-0.00764323500871701,0.24365980672725185,-0.11109000878821856,0.5563730801296484,0.4177926418194386,-0.13858043831020977,0.0
CRPHY,10,-0.00764323500871701,0.24365980672725185,-0.11109000878821856,0.5563730801296484,0.4177926418194386,-0.13858043831020977,0.0
CRPJF,10,0.012616406059028782,10.451209992193597,-9.300813008130081,8.082658999892107,5.610104974030463,-2.472554025861644,94.83605889407784
CRPJY,10,0.18159119282714778,5.559786747905559,-6.449473273507607,3.910610735960914,7.307914681324122,3.3973039453632077,120.17243722030555
CRPLF,10,-0.8616956973011506,6.629494186055272,-7.44281235390465,3.1185304670069485,3.8261901903415723,0.7076597233346238,-83.33333374725446
CRRDF,10,1.6934460727703813,9.233536466316895,-4.2893187552565175,5.147554006601966,10.495579224769779,5.348025218167813,0.0
CRRFY,10,-1.1237133185747041,10.673710971637405,-11.832247557003258,10.922472148258203,4.968522488773529,-5.953949659484674,7.061901479553917
CRRTF,10,1.3817229899629608,10.985189682689745,-7.59643138283915,4.245805712857623,11.835429857723044,7.589624144865421,0.0
CRRVF,10,0.44697872188535964,7.789772035296331,-3.941033774958015,0.5563730801296484,2.9458527341538385,2.38947965402419,0.0
CRS,10,0.3384603060161816,18.972003796095443,-18.864654436860068,3.505327934396577,7.755490123911176,4.250162189514599,-34.173043841664786
CRSB,10,-0.04275853643638171,14.253883371530428,-12.301258531581645,11.114163019828908,6.499609974951187,-4.614553044877721,44.814815218486494
CRSM,10,0.07919205470773466,25.675675675675677,-27.992277992277995,10.720392612682422,17.32649493843524,6.606102325752817,-60.216809191718895
CRSP,10,0.9894209914433458,11.277258566978194,-15.705521472392638,0.5563730801296484,6.661513253903348,6.1051401737737,0.0
CRSQ,10,-1.874770810414375,5.596369922212619,-9.156108056418837,15.23992615613462,6.580010681835522,-8.659915474299098,13536.364252114534
CRSR,10,-0.00764323500871701,0.24365980672725185,-0.11109000878821856,0.5563730801296484,0.4177926418194386,-0.13858043831020977,0.0
CRSS,10,1.204071355357684,15.520578461088997,-13.614818301005144,0.5563730801296484,15.161297526002462,14.604924445872815,0.0
CRSTF,10,-0.00764323500871701,0.24365980672725185,-0.11109000878821856,0.5563730801296484,0.4177926418194386,-0.13858043831020977,0.0
CRSXF,10,0.040739748056821186,5.770113284732785,-4.098442993470618,4.615647857151502,3.315618437569657,-1.3000294195818447,155.72276966399556
CRT,10,0.26551331611397133,7.002808834058491,-7.13537422884414,4.851984069365796,5.111297953118879,0.25931388375308373,67.74304590380116
CRTD,10,-0.00764323500871701,0.24365980672725185,-0.11109000878821856,0.5563730801296484,0.4177926418194386,-0.13858043831020977,0.0
CRTDW,10,-0.00764323500871701,0.24365980672725185,-0.11109000878821856,0.5563730801296484,0.4177926418194386,-0.13858043831020977,0.0
CRTG,10,0.5996002664890073,5.840333733356191,-5.759609517998779,5.897014139880478,5.449162921354609,-0.4478512185258694,9.97229923857451
CRTHF,10,-0.00764323500871701,0.24365980672725185,-0.11109000878821856,0.5563730801296484,0.4177926418194386,-0.13858043831020977,0.0
CRTIF,10,1.3081651115270339,8.924875624441357,-5.615904425840079,0.5563730801296484,8.225093560459415,7.668720480329767,0.0
CRTL,10,-0.8352758352758354,4.385828000624317,-4.5157456922162815,7.81876075993723,3.94257089161097,-3.87618986832626,835.9588889978895
CRTMF,10,-0.00764323500871701,0.24365980672725185,-0.11109000878821856,0.5563730801296484,0.4177926418194386,-0.13858043831020977,0.0
CRTO,10,-0.18055555555555555,7.28742555267674,-8.974255832662912,5.898838122516861,6.939919545284279,1.0410814227674177,85.780241304358
CRTTF,10,-0.00764323500871701,0.24365980672725185,-0.11109000878821856,0.5563730801296484,0.4177926418194386,-0.13858043831020977,0.0
CRUCF,10,-0.9041027559546078,7.892233177650926,-8.878381928027318,9.107106045881556,5.757312695270373,-3.3497933506111837,69.00470499777057
CRUS,10,-1.033020027512331,4.8466468299382,-9.441423628274839,10.172740255528314,7.897167610850811,-2.275572644677503,44.59668118560291
CRVH,10,0.929638539903175,13.132094943240451,-9.700722394220843,8.94526796740302,8.899681347445089,-0.04558661995793045,82.35601386702542
CRVL,10,0.23334690001356645,9.077040427154845,-11.457992808107226,9.087655459887932,9.988600263199805,0.900944803311873,132.86100353077396
CRVO,10,0.20073677012330984,7.239583333333334,-3.492658544204936,6.724933409436834,5.745060702010473,-0.9798727074263605,-60.47619047619047
CRVS,10,0.7468023550423261,11.306535231712033,-7.306960821605174,4.352920895865053,7.020025310801756,2.667104414936703,0.0
CRVW,10,-0.4818297921746198,7.1574298033442005,-5.085085085085085,5.7476375996425615,2.926282642306983,-2.8213549573355783,1390.0000279396895
CRWD,10,1.3817229899629608,12.45830868012184,-0.11109000878821856,0.5563730801296484,4.585891316734473,4.029518236604824,0.0
CRWE,10,-0.8979271048236566,8.229548229548227,-8.229548229548227,11.973951973951975,6.841475095785441,-5.132476878166534,28.967745964534704
CRWKF,10,-0.00764323500871701,0.24365980672725185,-0.11109000878821856,0.5563730801296484,0.4177926418194386,-0.13858043831020977,0.0
CRWOF,10,-0.00764323500871701,0.24365980672725185,-0.11109000878821856,0.5563730801296484,0.4177926418194386,-0.13858043831020977,0.0
CRWRF,10,-0.754830917874396,3.247904577691811,-8.963899109475818,12.093857832988268,8.078818500151087,-4.015039332837182,47.453088639301015
CRWS,10,0.057806985517829465,8.893468611287258,-5.310840362386755,13.52267524142524,7.685382679041525,-5.837292562383715,16.85714267549061
CRXM,10,-0.27813219380143256,7.367271505376344,-10.376051223241591,9.299857576205978,8.376650189999788,-0.9232073862061903,-77.86868808394509
CRXPF,10,0.30158361714066145,4.277305016029744,-4.241160678585708,0.5563730801296484,5.0808891372665865,4.524516057136938,0.0
CRYBF,10,-0.00764323500871701,0.24365980672725185,-0.11109000878821856,0.5563730801296484,0.4177926418194386,-0.13858043831020977,0.0
CRYCY,10,0.6397932592691852,5.04105715373321,-3.0866339855103897,0.5563730801296484,6.5571788866614,6.000805806531751,0.0
CRYM,10,1.3081651115270339,15.015789134497652,-4.676045175351694,0.5563730801296484,13.390712666785872,12.834339586656224,-51.37517769581799
CRZBF,10,-0.14167362851573373,4.722741433021806,-4.754487464767838,3.463637057387057,3.077258502192004,-0.38637855519505315,13.855627607504385
CRZBY,10,-0.1416736285157338,8.90263582571275,-4.754487464767838,3.4221213569039652,3.077258502192004,-0.3448628547119612,10.832924804340896
CRZNF,10,-0.00764323500871701,0.24365980672725185,-0.11109000878821856,0.5563730801296484,0.4177926418194386,-0.13858043831020977,0.0
CRZY,10,-0.12133605998636678,8.937251436146706,-15.480519480519483,10.700676048565121,6.344962022295029,-4.355714026270093,33.051726090260786
CSAMF,10,-0.00764323500871701,0.24365980672725185,-0.11109000878821856,0.5563730801296484,0.4177926418194386,-0.13858043831020977,0.0
CSAN,10,-0.00764323500871701,0.24365980672725185,-0.11109000878821856,0.5563730801296484,0.4177926418194386,-0.13858043831020977,0.0
CSBB,10,-0.00764323500871701,0.24365980672725185,-0.11109000878821856,0.5563730801296484,0.4177926418194386,-0.13858043831020977,0.0
CSBI,10,-0.698451260249013,7.6923076923076925,-9.642976309642975,7.374024474437495,8.10493032715255,0.7309058527150549,-98.20987652333716
CSBR,10,-0.5835354479718529,11.87421777221527,-13.52127659574468,6.35737308622079,7.829545215396595,1.4721721291758056,71.87711906548464
CSBTF,10,-0.7020106639979771,4.0789325526404685,-8.711034614649073,10.796918574758907,4.089397417991525,-6.707521156767382,9.190595069259611
CSCCF,10,-0.00764323500871701,0.24365980672725185,-0.11109000878821856,0.5563730801296484,0.4177926418194386,-0.13858043831020977,0.0
CSCHF,10,-0.00764323500871701,0.24365980672725185,-0.11109000878821856,0.5563730801296484,0.4177926418194386,-0.13858043831020977,0.0
CSCI,10,-0.39230868499161187,9.33698296836983,-8.592506559986234,7.443227899432279,7.302179028199106,-0.14104887123317322,-35.37414965986395
CSCMY,10,-0.4391104645680958,4.302422723475355,-4.838975372704061,5.230685880175711,2.9333154058721593,-2.297370474303552,8.225109509667027
CSCO,10,-0.46905458089668606,12.0,-14.371139115394119,7.440512863597327,8.909572819002191,1.4690599554048642,16.908387737630274
CSGEF,10,-0.00764323500871701,0.24365980672725185,-0.11109000878821856,0.5563730801296484,0.4177926418194386,-0.13858043831020977,0.0
CSGH,10,0.47662141779788847,10.443955604439555,-6.049026676279741,8.403195478114045,5.940638881815353,-2.4625565962986915,29.629628112557945
CSGP,10,-0.16086793864571647,15.153596403596406,-12.376681614349776,6.14284476116,11.132655424324723,4.9898106631647225,50.67652726380352
CSGQF,10,-0.00764323500871701,0.24365980672725185,-0.11109000878821856,0.5563730801296484,0.4177926418194386,-0.13858043831020977,0.0
CSGS,10,0.34279863916310116,11.386200829458335,-12.052823494628953,12.306954306698445,11.865513244820015,-0.4414410618784306,-2.659311027572587
CSHEF,10,-1.021953564326446,8.972431077694234,-15.271132376395531,11.182576682576682,8.857295267735308,-2.325281414841374,-69.20000062584892
CSHX,10,-0.47832825610603397,4.309687261632343,-6.515677947926051,8.515354847950054,6.892026316810772,-1.6233285311392818,16.10444302109919
CSIOY,10,-0.12756642512077299,9.754348215886678,-7.637795275590552,8.319207993909332,7.506151574803149,-0.8130564191061831,-1.291453752660188
CSIQ,10,-1.0671613241875073,5.510540721808327,-14.197028970536293,9.141806855745054,6.756218207534803,-2.385588648210251,83.87311058832965
CSKD,10,-1.985108253654248,5.596369922212619,-9.868448679056769,15.23992615613462,2.6260862519171884,-12.613839904217432,-90.00000037252912
CSKL,10,0.562043681503369,9.355950172276703,-7.783769300331578,5.821125575435066,7.871147299531374,2.0500217240963075,17.608692335045856
CSL,10,0.04779250303547005,8.646206574232746,-6.704374057315233,10.373341255694196,13.509388983923388,3.136047728229192,36.04888204029409
CSLI,10,1.3490793281277789,8.960270498732037,-7.479431563201196,7.46096102087687,10.609260896617219,3.1482998757403484,294.88188744327385
CSLLY,10,-0.37358898314826283,11.129032258064516,-12.376681614349776,9.884877249484418,10.473837121492117,0.588959872007699,21.85522984044532
CSLM,10,-0.00764323500871701,0.24365980672725185,-0.11109000878821856,0.5563730801296484,0.4177926418194386,-0.13858043831020977,0.0
CSLMR,10,-0.00764323500871701,0.24365980672725185,-0.11109000878821856,0.5563730801296484,0.4177926418194386,-0.13858043831020977,0.0
CSLMW,10,-0.00764323500871701,0.24365980672725185,-0.11109000878821856,0.5563730801296484,0.4177926418194386,-0.13858043831020977,0.0
CSLR,10,-0.00764323500871701,0.24365980672725185,-0.11109000878821856,0.5563730801296484,0.4177926418194386,-0.13858043831020977,0.0
CSLRW,10,-0.00764323500871701,0.24365980672725185,-0.11109000878821856,0.5563730801296484,0.4177926418194386,-0.13858043831020977,0.0
CSMRF,10,-0.00764323500871701,0.24365980672725185,-0.11109000878821856,0.5563730801296484,0.4177926418194386,-0.13858043831020977,0.0
CSNRF,10,-0.5637233063055036,0.050603122486484686,-4.7610608349438275,2.224613294020008,0.4177926418194386,-1.8068206522005694,0.0
CSNVF,10,0.6397932592691855,9.96999454446263,-12.354609929078013,0.5563730801296484,9.289239514436742,8.732866434307095,80.14478839793775
CSNVY,10,-1.185672605375877,6.508728179551122,-8.245428973277075,12.99504886381591,6.3456393793472445,-6.6494094844686655,76.86201678977037
CSOC,10,-1.0433689503456942,5.98609041231992,-8.477421520899782,10.864458538877145,7.633073456309379,-3.2313850825677655,4540.977468558532
CSOL,10,0.420463302960243,12.098178408786499,-9.40625,11.808785529715763,7.369593047366617,-4.439192482349146,318.18182664838986
CSPCY,10,-0.00764323500871701,0.24365980672725185,-0.11109000878821856,0.5563730801296484,0.4177926418194386,-0.13858043831020977,0.0
CSPHF,10,-0.00764323500871701,0.24365980672725185,-0.11109000878821856,0.5563730801296484,0.4177926418194386,-0.13858043831020977,0.0
CSPI,10,0.11842657552317565,7.453416149068323,-13.63088718510405,6.263889680323665,5.893368583388411,-0.3705210969352537,-33.33587588262275
CSPKF,10,-0.8376042858801479,7.647142834473238,-9.625615700729597,9.75799680808417,6.15642035542196,-3.6015764526622105,1.9047651147627185
CSPKY,10,1.3081651115270339,11.796287774198497,-2.9220779220779214,0.5563730801296484,5.142066712318375,4.585693632188726,-15.87301619339022
CSPUF,10,-0.04737295434969862,6.522409935971611,-5.874846393799036,5.12305010166476,4.2061203236401505,-0.9169297780246097,49.99999999999985
CSR,10,1.1045744257278924,16.497465014772217,-15.575497463909482,9.16601152605193,10.059930843063375,0.893919317011445,26.062091568742403
CSRIF,10,-0.00764323500871701,0.24365980672725185,-0.11109000878821856,0.5563730801296484,0.4177926418194386,-0.13858043831020977,0.0
CSRNF,10,-1.0027258566978192,11.038107060308727,-14.478053425146145,9.263987070948358,3.4081111967312148,-5.855875874217144,1247.1570536094107
CSRVF,10,-0.00764323500871701,0.24365980672725185,-0.11109000878821856,0.5563730801296484,0.4177926418194386,-0.13858043831020977,0.0
CSSEN,10,-0.00764323500871701,0.24365980672725185,-0.11109000878821856,0.5563730801296484,0.4177926418194386,-0.13858043831020977,0.0
CSSEQ,10,0.508707116947088,14.135654261704682,-9.860681114551083,0.5563730801296484,9.1640866873065,8.607713607176853,0.0
CSSI,10,0.03208751354151948,7.243116349586737,-8.212765173157381,4.813943906458754,6.028163716021112,1.2142198095623575,-27.429230439935225
CSSLQ,10,-0.00764323500871701,0.24365980672725185,-0.11109000878821856,0.5563730801296484,0.4177926418194386,-0.13858043831020977,0.0
CSSNQ,10,-0.00764323500871701,0.24365980672725185,-0.11109000878821856,0.5563730801296484,0.4177926418194386,-0.13858043831020977,0.0
CSSPF,10,-0.00764323500871701,0.24365980672725185,-0.11109000878821856,0.5563730801296484,0.4177926418194386,-0.13858043831020977,0.0
CSSPQ,10,0.37086250541826604,9.572025164050627,-6.087442003734864,0.5563730801296484,5.906952082668987,5.350579002539338,0.0
CSSV,10,-0.04134103522482727,3.25092355782893,-3.591269841269842,5.713584883645203,6.400949268596328,0.6873643849511248,121.64949749655068
CSSXF,10,-0.10858247806038968,5.160112540538218,-3.7976846512025286,4.804040056366588,4.717348927875244,-0.08669112849134475,98.00000193715093
CSTAF,10,-0.00764323500871701,0.24365980672725185,-0.11109000878821856,0.5563730801296484,0.4177926418194386,-0.13858043831020977,0.0
CSTE,10,0.7364836100468284,12.660098522167488,-5.835453774385073,6.621038694200209,8.593930547953535,1.9728918537533264,-27.23777833371691
CSTF,10,-1.6068853313796732,15.02970297029703,-12.676806083650192,11.928370614839261,5.132344625528266,-6.796025989310995,-98.2977142742702
CSTL,10,0.22749998388810308,2.07030162544812,-0.11109000878821856,0.5563730801296484,1.123222298509899,0.5668492183802506,0.0
CSTM,10,1.2493339052000885,11.29948364888124,-7.871853546910755,4.6654768233537975,7.425642419301266,2.760165595947468,39.83026409798304
CSTPF,10,0.4244523440585786,7.996746203904555,-6.521621825795102,3.4349143849906305,6.39335041185134,2.958436026860709,-20.000000745058056
CSTUF,10,-0.00764323500871701,0.24365980672725185,-0.11109000878821856,0.5563730801296484,0.4177926418194386,-0.13858043831020977,0.0
CSTWF,10,-0.00764323500871701,0.24365980672725185,-0.11109000878821856,0.5563730801296484,0.4177926418194386,-0.13858043831020977,0.0
CSTXF,10,-0.00764323500871701,0.24365980672725185,-0.11109000878821856,0.5563730801296484,0.4177926418194386,-0.13858043831020977,0.0
CSUAY,10,-0.21799283863472288,14.937430882952096,-12.76595744680851,2.6118133360325904,4.448423590380596,1.8366102543480056,17.123633790130974
CSUI,10,1.5160955795785176,13.66766198666185,-0.11109000878821856,0.5563730801296484,4.989009085581142,4.432636005451494,0.0
CSV,10,-0.2825099721348898,12.630506748153806,-12.589602770241953,8.694280349426696,7.5525123045645755,-1.141768044862121,103.20075852390931
CSWC,10,-1.1974035891561665,7.5612540086121,-7.620294599018004,8.675071792157178,7.755469755469755,-0.9196020366874231,16.53589381813567
CSWI,10,1.3817229899629606,14.422114052523792,-10.215288067637061,7.2006732036141825,10.736285434840491,3.5356122312263087,0.0
CSWYF,10,-0.8616956973011505,4.8466468299382,-9.823020117137764,7.949898857429186,0.4177926418194386,-7.532106215609747,0.0
CSWYY,10,-0.49596299211890404,10.568101623147495,-10.0187617260788,8.522327601539955,0.4177926418194386,-8.104534959720516,0.0
CSX,10,-0.5711943397403338,9.573669280827632,-8.522002651682556,4.2283282633101695,8.381247884445374,4.152919621135204,31.523947599041783
CSXXY,10,1.5261100620608767,7.6701400195376115,-5.351954916167873,5.593040007969776,9.566661676808424,3.973621668838648,0.0
CSYJF,10,-0.2902409608371536,7.047601234452447,-8.539773839765449,2.513607726787932,3.7763384480941737,1.2627307213062418,7.272721854123444
CTABF,10,0.2828581225520996,2.0175332474961762,-1.543919145043617,0.5563730801296484,3.9013297862032936,3.344956706073645,0.0
CTAGF,10,1.4696850048258314,10.850574712643677,-8.185857368777768,6.1980049618224795,8.616858237547893,2.4188532757254135,-69.21549184710281
CTAGY,10,0.22170601121104397,9.936540651949883,-8.790121420767282,6.606941320267463,5.69296433756915,-0.9139769826983128,-62.73806125037207
CTARF,10,0.5100214307081941,3.8168701664635,-3.575682609492395,4.700951939226893,4.5087387316759235,-0.19221320755096905,-83.65218604987389
CTAS,10,-0.16086793864571647,7.238493723849372,-12.376681614349776,8.638996510001077,8.58277279521674,-0.056223714784335854,45.15966671232114
CTBB,10,1.5160955795785176,8.437420304427977,-5.657607333404949,0.5563730801296484,9.69465956038846,9.138286480258813,0.0
CTBG,10,-0.4288499025341131,9.194673430564361,-9.194673430564361,8.328049038258296,4.094987030130006,-4.23306200812829,-14.499994318932178
CTBI,10,-0.3453453453453453,7.276507276507276,-13.461538461538462,8.471933471933472,4.790715244184342,-3.68121822774913,-0.7059089957178228
CTBK,10,0.19507241729463953,20.500988793671723,-22.635135135135137,5.523170708509003,18.259330759330762,12.73616005082176,67.43408193113015
CTCGF,10,-0.18518518518518512,8.293075684380032,-10.158463868968619,9.334406870638754,6.384479717813051,-2.949927152825703,407.6126408441839
CTCX,10,-0.00764323500871701,0.24365980672725185,-0.11109000878821856,0.5563730801296484,0.4177926418194386,-0.13858043831020977,0.0
CTCXW,10,-0.00764323500871701,0.24365980672725185,-0.11109000878821856,0.5563730801296484,0.4177926418194386,-0.13858043831020977,0.0
CTDD,10,1.5160955795785176,12.430964118693922,-9.84566402244887,0.5563730801296484,9.69465956038846,9.138286480258813,0.0
CTEST,10,-0.00764323500871701,0.24365980672725185,-0.11109000878821856,0.5563730801296484,0.4177926418194386,-0.13858043831020977,0.0
CTGL,10,-0.245466202601209,6.022381466575046,-5.842732243323912,7.932201286071137,5.208269227368383,-2.7239320587027533,-36.00813122921582
CTGO,10,-0.12140915755373587,5.16190457494528,-6.127618687126032,6.369823184139272,5.520442520442519,-0.8493806636967527,38.042580090366926
CTHCF,10,-0.00764323500871701,0.24365980672725185,-0.11109000878821856,0.5563730801296484,0.4177926418194386,-0.13858043831020977,0.0
CTHR,10,0.2826510721247561,10.107981220657278,-6.564121571534471,4.750893228284402,10.217280289926693,5.466387061642291,121.49321723228232
CTIHY,10,-0.007643235008717059,3.1465517241379306,-8.270165996628194,3.062700418322816,0.4177926418194386,-2.6449077765033775,0.0
CTJHY,10,0.44697872188535975,9.233536466316895,-9.868448679056769,3.552998633326196,2.7857419820965803,-0.7672566512296157,0.0
CTKB,10,-0.00764323500871701,0.24365980672725185,-0.11109000878821856,0.5563730801296484,0.4177926418194386,-0.13858043831020977,0.0
CTKYY,10,0.3015836171406612,19.609938551963666,-21.73720794495835,0.5563730801296484,11.090714281059837,10.53434120093019,0.0
CTLDF,10,-0.00764323500871701,0.24365980672725185,-0.11109000878821856,0.5563730801296484,0.4177926418194386,-0.13858043831020977,0.0
CTLHF,10,-0.00764323500871701,0.24365980672725185,-0.11109000878821856,0.5563730801296484,0.4177926418194386,-0.13858043831020977,0.0
CTLP,10,0.10329941412272585,6.774985481231192,-5.497845619426168,9.902191193751296,8.245117715426183,-1.6570734783251133,58.271059041347726
CTLPP,10,1.3081651115270339,14.728971962616823,-6.503253796095445,7.230887994953129,8.912826825206897,1.6819388302537686,47.1883017546892
CTLT,10,-0.33910533910533913,14.027264619696776,-14.164133738601823,10.14895793376806,10.911854103343465,0.7628961695754057,167.36949077569074
CTM,10,-0.00764323500871701,0.24365980672725185,-0.11109000878821856,0.5563730801296484,0.4177926418194386,-0.13858043831020977,0.0
CTMCF,10,0.4680004680004681,5.6295399515738485,-4.379444085326438,6.565045124367157,6.573073073073073,0.008027948705915833,74.53665635837497
CTMX,10,0.44697872188535975,11.19718309859155,-17.854077253218883,5.894513569793657,3.9511750286541343,-1.9433385411395223,0.0
CTNGY,10,-0.00764323500871701,0.24365980672725185,-0.11109000878821856,0.5563730801296484,0.4177926418194386,-0.13858043831020977,0.0
CTNI,10,-1.2708874777840296,10.785136350014984,-10.339936414771337,10.239285869142238,4.44767078053222,-5.791615088610018,9900.000727595265
CTNM,10,-0.00764323500871701,0.24365980672725185,-0.11109000878821856,0.5563730801296484,0.4177926418194386,-0.13858043831020977,0.0
CTNR,10,0.0095129375951296,6.0805143975398375,-8.255011976825138,7.489440703744471,5.10089344362239,-2.388547260122081,-63.280294100549725
CTNT,10,-0.00764323500871701,0.24365980672725185,-0.11109000878821856,0.5563730801296484,0.4177926418194386,-0.13858043831020977,0.0
CTO,10,0.7080217075888384,10.017980991523245,-7.114034602841191,5.947946097026917,10.761656250671132,4.813710153644215,1.715419278906976
CTOHF,10,1.0668938379781752,13.337527524378737,-16.03589543503707,7.958382848088729,9.297535654212044,1.339152806123315,-97.50000018189893
CTOR,10,-0.00764323500871701,0.24365980672725185,-0.11109000878821856,0.5563730801296484,0.4177926418194386,-0.13858043831020977,0.0
CTOS,10,0.2828581225520996,11.636661211129296,-11.624915627666484,0.5563730801296484,11.526970108100457,10.97059702797081,0.0
CTOUF,10,-0.00764323500871701,0.24365980672725185,-0.11109000878821856,0.5563730801296484,0.4177926418194386,-0.13858043831020977,0.0
CTOWY,10,-0.00764323500871701,0.24365980672725185,-0.11109000878821856,0.5563730801296484,0.4177926418194386,-0.13858043831020977,0.0
CTPCF,10,-0.8498420901521677,12.100327646593605,-5.659834177798249,8.7262448033184,9.709275054325454,0.9830302510070545,-14.95326800849907
CTPCY,10,-1.0932780143392655,4.34477002152616,-7.615411315515447,6.965852757678513,4.85300281074929,-2.112849946929223,-15.023772485894607
CTPR,10,0.22240756185710303,6.419347641160802,-7.008573230386391,6.300144293734025,4.87480780087008,-1.425336492863945,4099.999956344223
CTPVF,10,-0.00764323500871701,0.24365980672725185,-0.11109000878821856,0.5563730801296484,0.4177926418194386,-0.13858043831020977,0.0
CTRA,10,0.07525363495191545,7.521367521367521,-9.535699824537726,4.4559297127005335,7.288042719993389,2.8321130072928558,21.20765787211408
CTRE,10,0.28273976706737053,10.03611971104231,-12.417072091994692,8.2704611090384,9.302294525743173,1.0318334167047727,-14.568870412599772
CTRGF,10,1.4857186111999614,13.394269271254846,-0.11109000878821856,0.5563730801296484,4.897878180445474,4.341505100315826,0.0
CTRI,10,-0.00764323500871701,0.24365980672725185,-0.11109000878821856,0.5563730801296484,0.4177926418194386,-0.13858043831020977,0.0
CTRM,10,0.43415204239201344,5.312256572332547,-1.4849491593677637,0.5563730801296484,3.548218244471989,2.9918451643423407,0.0
CTRN,10,-0.7266484430765279,4.457572502685285,-8.660387231815804,6.994098068810712,3.605181023272656,-3.3889170455380557,319.2789637147043
CTRNF,10,-0.00764323500871701,0.24365980672725185,-0.11109000878821856,0.5563730801296484,0.4177926418194386,-0.13858043831020977,0.0
CTRRF,10,1.2256531132226933,9.614739379950185,-9.684015318657742,0.5563730801296484,6.402174887222539,5.84580180709289,0.0
CTRYF,10,-1.0932780143392655,8.896151053013797,-9.47487393496783,8.738314799011055,5.604720065734518,-3.1335947332765377,-27.68895482440948
CTRYY,10,-0.39230868499161187,10.63291352796781,-8.592506559986234,7.535726570708476,6.469912702975033,-1.0658138677334437,-25.78352277608393
CTS,10,0.4564983888292158,8.822009816584861,-9.597127555988315,7.784338175387,8.319614900479898,0.5352767250928983,1.141393143351302
CTSDF,10,0.37086250541826593,7.534017369674741,-4.276315789473685,0.5563730801296484,4.0989365659981445,3.542563485868496,0.0
CTSH,10,-1.0313474231000006,15.135135135135137,-28.771498771498774,9.980084943013907,15.664425664425666,5.684340721411759,24.20325465447568
CTSO,10,-0.4755418884067946,18.941525953721076,-23.55769230769231,13.71820929747759,8.116151651097672,-5.602057646379919,64.89851510374466
CTTAF,10,-1.1871614076872772,7.954545454545454,-11.736641221374047,7.5465438548008485,5.936271108026833,-1.6102727467740152,-18.239391786194304
CTTAY,10,-1.187161407687277,10.110619469026549,-6.060606060606061,7.053979970646637,3.081940399365416,-3.9720395712812206,-18.94534131016232
CTTH,10,-0.4423237143073544,2.657265481299815,-2.245478561268036,7.148095010361868,5.392003470789393,-1.7560915395724752,-82.91691808640765
CTTMF,10,0.25345186169183276,9.345470827559062,-5.103329570475349,0.5563730801296484,3.370547503175087,2.8141744230454386,0.0
CTTOF,10,-0.00764323500871701,0.24365980672725185,-0.11109000878821856,0.5563730801296484,0.4177926418194386,-0.13858043831020977,0.0
CTTZF,10,-1.2060465305789836,5.596369922212619,-9.156108056418837,13.233753316628444,6.580010681835522,-6.6537426347929225,580.7173624768507
CTUNF,10,-0.32607438255538196,9.03420147682137,-9.696372176533771,6.016194602435394,5.179478783638191,-0.8367158187972024,-32.14285828325213
CTUY,10,-0.16091563261374586,4.939965694682677,-8.363858363858364,7.588554003648343,5.805255805255805,-1.7832981983925382,12.934262418474754
CTV,10,-0.00764323500871701,0.24365980672725185,-0.11109000878821856,0.5563730801296484,0.4177926418194386,-0.13858043831020977,0.0
CTVA,10,0.7029811455769449,6.349632080647696,-0.11109000878821856,0.5563730801296484,2.5496657835764243,1.9932927034467758,0.0
CTVEF,10,1.101728085272939,10.566496163682865,-7.751436781609195,9.42981896991331,8.885801751530652,-0.5440172183826579,3.305785632851612
CTXAY,10,-0.00764323500871701,0.24365980672725185,-0.11109000878821856,0.5563730801296484,0.4177926418194386,-0.13858043831020977,0.0
CTXDF,10,0.7607596851095669,12.073112073112071,-11.123683796951122,9.728052170296394,9.903256902843765,0.17520473254737112,-86.86936139256017
CTXR,10,-1.523882247504401,7.191448007774539,-12.088923967377006,11.18869542028861,3.6186487405999603,-7.57004667968865,256.96821502657883
CTXXF,10,-0.00764323500871701,0.24365980672725185,-0.11109000878821856,0.5563730801296484,0.4177926418194386,-0.13858043831020977,0.0
CTYMF,10,-0.00764323500871701,0.24365980672725185,-0.11109000878821856,0.5563730801296484,0.4177926418194386,-0.13858043831020977,0.0
CTYP,10,0.5963783981025362,13.136780135783125,-13.694366635543105,3.1304705925742695,5.738749729740978,2.6082791371667087,12.82436941648618
CUAEF,10,-0.21799283863472255,11.371036554148604,-9.689034369885434,3.8006114456337543,3.5294678982573218,-0.27114354737643254,17.89526918032895
CUAUF,10,-0.00764323500871701,0.24365980672725185,-0.11109000878821856,0.5563730801296484,0.4177926418194386,-0.13858043831020977,0.0
CUBB,10,-0.00764323500871701,0.24365980672725185,-0.11109000878821856,0.5563730801296484,0.4177926418194386,-0.13858043831020977,0.0
CUBE,10,0.8516261309557398,10.655134339344865,-7.9635193703634775,6.568723673986831,7.418055327949271,0.84933165396244,44.9590806864582
CUBI,10,-0.9697541427171544,7.323562359970127,-7.7465815329893,7.385848852210394,3.875222286437863,-3.510626565772531,97.51848948370606
CUBT,10,0.6620431172860842,10.857940013950245,-10.535061482220009,6.508697344784859,7.719135084863986,1.2104377400791266,111160.00193685987
CUBWU,10,-0.00764323500871701,0.24365980672725185,-0.11109000878821856,0.5563730801296484,0.4177926418194386,-0.13858043831020977,0.0
CUBXF,10,-0.00764323500871701,0.24365980672725185,-0.11109000878821856,0.5563730801296484,0.4177926418194386,-0.13858043831020977,0.0
CUCSY,10,-0.0076432350087168805,10.234598187063373,-10.288188723742342,0.5563730801296484,3.8129013033940424,3.256528223264394,0.0
CUE,10,0.22749998388810314,19.5981784087865,-17.167755991285404,0.5563730801296484,4.148078984680292,3.5917059045506434,0.0
CUEN,10,1.6772894924260153,9.739463601532567,-6.4902015417479335,5.03928642146306,8.042421055267573,3.003134633804513,-51.28525534601592
CUGCF,10,-1.985108253654248,5.596369922212619,-9.156108056418837,15.23992615613462,5.754480109219486,-9.485446046915134,-32.69230636971937
CUII,10,-0.8312289562289562,4.7947214076246345,-3.82775119617225,8.598176890859817,5.826355661881977,-2.7718212289778394,-30.0
CUIRD,10,-0.3358533993069537,4.43687793020164,-6.791443850267379,1.5410035730243579,4.520467660710125,2.979464087685767,15.546217208597543
CUK,10,-1.5519270373639305,5.18204804045512,-7.463823305407464,13.07149945763807,2.5562345145579815,-10.515264943080089,-43.44498731701741
CUKPF,10,-1.5158520012888945,7.171781756180733,-11.117786251923754,13.451131470782892,2.8431014699670123,-10.60803000081588,-41.22303617638611
CULL,10,-0.20473274948978273,11.017705698556762,-9.059775840597759,10.667367818858551,9.199905990419346,-1.4674618284392054,-54.48849568324806
CULP,10,-1.4901451158761096,2.322493224932249,-5.3126397138660035,14.778978596513197,3.5455237008510436,-11.233454895662152,-16.076791421559268
CULTF,10,-0.00764323500871701,0.24365980672725185,-0.11109000878821856,0.5563730801296484,0.4177926418194386,-0.13858043831020977,0.0
CUOTF,10,-0.00764323500871701,0.24365980672725185,-0.11109000878821856,0.5563730801296484,0.4177926418194386,-0.13858043831020977,0.0
CUPUF,10,0.20842604954754465,6.672845227062092,-6.755956298538898,8.145809918220081,10.971055088702146,2.8252451704820647,-12.407178598760847
CURB,10,-0.00764323500871701,0.24365980672725185,-0.11109000878821856,0.5563730801296484,0.4177926418194386,-0.13858043831020977,0.0
CURI,10,-0.00764323500871701,0.24365980672725185,-0.11109000878821856,0.5563730801296484,0.4177926418194386,-0.13858043831020977,0.0
CURIW,10,-0.00764323500871701,0.24365980672725185,-0.11109000878821856,0.5563730801296484,0.4177926418194386,-0.13858043831020977,0.0
CURLF,10,0.43415204239201355,6.063959649617021,-2.2366522366522377,0.5563730801296484,3.798785936900147,3.2424128567704984,0.0
CURN,10,-0.9422724885962607,8.148893360160965,-8.176783410428271,7.714250842890962,3.2996517138834385,-4.414599129007524,-14.509656124033556
CURR,10,-0.00764323500871701,0.24365980672725185,-0.11109000878821856,0.5563730801296484,0.4177926418194386,-0.13858043831020977,0.0
CURV,10,-0.00764323500871701,0.24365980672725185,-0.11109000878821856,0.5563730801296484,0.4177926418194386,-0.13858043831020977,0.0
CURZ,10,-0.00764323500871701,0.24365980672725185,-0.11109000878821856,0.5563730801296484,0.4177926418194386,-0.13858043831020977,0.0
CUSI,10,-0.6565656565656566,11.975524475524479,-21.53540903540904,16.714304214304214,12.45080137959018,-4.263502834714034,12.980371650951398
CUTLF,10,-0.00764323500871701,0.24365980672725185,-0.11109000878821856,0.5563730801296484,0.4177926418194386,-0.13858043831020977,0.0
CUTR,10,-0.16865771341474656,10.557724233858304,-9.851931507982464,8.547940912590594,7.170758655841058,-1.3771822567495358,52.42865385078492
CUZ,10,0.42178627459147233,26.832386363636363,-17.707243723849373,5.407485921259,10.254640425333458,4.8471545040744575,-0.0104705236886399
CVAC,10,-0.00764323500871701,0.24365980672725185,-0.11109000878821856,0.5563730801296484,0.4177926418194386,-0.13858043831020977,0.0
CVALF,10,-0.5962193647653586,10.356364768129474,-12.104072398190045,7.315345733889283,7.738742609575215,0.4233968756859321,29.843257573850018
CVAS,10,0.6185973207249803,6.420089064819397,-3.710761207501755,6.022334361274647,7.976782994246684,1.9544486329720367,483.3333236320742
CVAT,10,1.0553630045295337,11.715282181357008,-5.759609517998779,6.59236247665945,9.005808810289892,2.413446333630442,143.7500046566132
CVBF,10,0.5555555555555556,12.849162011173185,-5.887136694717489,6.603729109209627,4.713958128592275,-1.8897709806173513,-3.0127344072480846
CVCO,10,0.5373029925459593,11.371036554148604,-12.833005542642589,9.229132589121114,11.195477265836955,1.9663446767158401,20.051580341008155
CVE,10,-0.055167055167055085,3.752508361204013,-4.09090909090909,4.607849267782757,4.42677549488695,-0.1810737728958065,19.07924863220036
CVEO,10,-0.4426329572528399,11.169230525373088,-9.769853887500943,7.627489991946272,3.672469461943146,-3.9550205300031265,73.96519475975843
CVGI,10,-0.08530482256596904,11.278812442499442,-7.623503947033359,6.688084700026168,6.229891393107953,-0.4581933069182149,28.57330127965498
CVGRF,10,0.43385979149759657,8.662505894166616,-8.562630569340572,3.4995824023579214,5.030426560414235,1.530844158056314,-46.15020229485952
CVGW,10,-0.7630883274739048,8.81688405052891,-11.543786777431636,10.057918313370026,6.703212650406795,-3.354705662963231,-57.79450141455553
CVHIF,10,-0.8626687696455141,9.05982905982906,-9.004329004329005,6.040893870547952,7.3119473119473115,1.27105344139936,0.0
CVHL,10,-0.432241528131939,5.156618096152169,-9.875796178343949,8.364991420178576,3.181502625535242,-5.183488794643335,11.250006560488448
CVHSY,10,0.6397932592691854,4.783323891365035,-1.7420311341734611,0.5563730801296484,4.48674940016911,3.9303763200394615,0.0
CVI,10,-0.3335682405449847,2.3636363636363633,-3.939393939393939,4.038992042307203,4.262626262626262,0.22363422031905866,-62.10150911212264
CVKD,10,-0.00764323500871701,0.24365980672725185,-0.11109000878821856,0.5563730801296484,0.4177926418194386,-0.13858043831020977,0.0
CVLG,10,-0.4321857681030809,6.234968046361408,-6.363065685099583,8.94222495252738,6.771559590098732,-2.1706653624286467,71.60298071020493
CVLT,10,-0.9408233835714752,7.935673743956275,-7.999527819312189,6.282198101990136,4.929801090433646,-1.3523970115564898,64.07393888167759
CVM,10,-0.4149923999578614,9.42826321467098,-4.404108625299001,8.447318716641249,7.039694823569877,-1.4076238930713716,45.86887006102284
CVNA,10,0.508707116947088,9.296338672768881,-12.042788129744654,0.5563730801296484,7.797331492983667,7.2409584128540185,0.0
CVNZF,10,0.012616406059029077,10.913651614217594,-4.518872939925571,5.486566599032527,5.6401452953177085,0.15357869628518106,46.696662003057135
CVONF,10,0.47501510535179403,6.526889362710259,-7.512419726160184,4.763558143408916,7.854372870893322,3.090814727484406,-12.499999534338688
CVOSF,10,-0.00764323500871701,0.24365980672725185,-0.11109000878821856,0.5563730801296484,0.4177926418194386,-0.13858043831020977,0.0
CVPBF,10,1.381722989962961,17.078364052523792,-16.917812461290723,6.167941162061829,11.866423337011573,5.698482174949745,-19.642855774383133
CVPUF,10,1.6934460727703813,10.892538833715305,-8.494419711458251,3.350816314352992,13.051917182163658,9.701100867810666,-23.66411880307316
CVR,10,0.02104377104377105,11.201170775638861,-13.81272044601206,6.9805859059290585,8.826610915159101,1.8460250092300425,2.942436162648486
CVRX,10,-0.00764323500871701,0.24365980672725185,-0.11109000878821856,0.5563730801296484,0.4177926418194386,-0.13858043831020977,0.0
CVS,10,0.3009794509125169,12.156626506024098,-8.024449877750612,10.90696216748763,8.727025461258236,-2.179936706229393,28.68590893481533
CVSGF,10,-0.007643235008717022,2.804546577711885,-3.1559250974268065,0.5563730801296484,1.5219480381116641,0.9655749579820158,0.0
CVSI,10,-0.9902560299269086,10.946830890336592,-8.662776104417672,9.921952331584754,6.1631926897240605,-3.758759641860693,-88.78371974849154
CVST,10,-1.0485958842013372,5.295782239590352,-8.211863183720595,10.39259325702526,4.756688540648627,-5.635904716376633,886.2195015993345
CVTV,10,1.0816237836137548,9.757415822978984,-10.288188723742342,0.5563730801296484,7.080702359261458,6.52432927913181,0.0
CVU,10,0.28484723084350644,10.916504494486146,-9.299177340414452,6.803503010399562,6.029520282143255,-0.773982728256307,-65.85335322994857
CVUEF,10,-0.00764323500871701,0.24365980672725185,-0.11109000878821856,0.5563730801296484,0.4177926418194386,-0.13858043831020977,0.0
CVV,10,-0.6392222652385254,4.71022858462249,-3.227104458393689,7.977038140972568,3.4721204737835376,-4.50491766718903,26.7664132742056
CVVIF,10,-0.8717133232747548,3.088578088578089,-6.071428571428571,9.10060482447281,5.390234383153344,-3.7103704413194665,-40.0000000000002
CVVRF,10,0.05691878211186038,9.196905306745123,-8.372217889878936,7.06520972385044,7.17000110850077,0.10479138465032989,203.15000123865912
CVVTF,10,0.370862505418266,6.713505074160811,-7.6631701631701645,0.5563730801296484,3.277424330055909,2.7210512499262607,0.0
CVVUF,10,-0.2047502047502048,8.852486844338822,-6.821106821106821,6.574658484351236,5.652080652080652,-0.9225778322705835,259.57449204384017
CVWFF,10,0.1421623643845867,7.5612540086121,-8.790121420767282,7.431802662928159,6.151162219273675,-1.2806404436544838,-45.37036979803496
CVWLF,10,-0.00764323500871701,0.24365980672725185,-0.11109000878821856,0.5563730801296484,0.4177926418194386,-0.13858043831020977,0.0
CVX,10,1.102266445550028,9.434112329166611,-8.082968802576552,5.162660167791327,8.93333040569718,3.770670237905853,-10.745439459283116
CW,10,-1.131573562512789,7.392378759372105,-11.463623342076382,11.44198206813308,5.738705738705739,-5.703276329427342,1.335790346656193
CWAN,10,-0.00764323500871701,0.24365980672725185,-0.11109000878821856,0.5563730801296484,0.4177926418194386,-0.13858043831020977,0.0
CWBC,10,0.16884531590413948,8.366454689984103,-7.7163906951141,9.301423272011506,5.360051147452722,-3.941372124558784,5.2111355225561695
CWBHF,10,0.7029811455769449,7.184867270704181,-7.843808420442876,0.5563730801296484,9.582716114395902,9.026343034266255,0.0
CWBK,10,0.6997672173962413,5.701754385964911,-4.3698728551618125,5.755269296436597,5.648216786096697,-0.10705251033990049,38.12357206359655
CWBR,10,0.43415204239201355,5.418284228892318,-3.0480448513235396,0.5563730801296484,7.037331367797201,6.480958287667552,0.0
CWCO,10,0.9705488621151274,6.031626506024098,-7.194758784991067,6.411009043978933,8.797071849039996,2.386062805061063,-29.88387553030903
CWD,10,-0.00764323500871701,0.24365980672725185,-0.11109000878821856,0.5563730801296484,0.4177926418194386,-0.13858043831020977,0.0
CWEGF,10,-0.05730107138557846,11.371036554148604,-10.928490079721872,3.4240352342054865,3.619065222480993,0.19502998827550666,536.943441795398
CWEN,10,1.2256531132226935,6.941235770991726,-10.733003617036982,2.536004536634801,8.66274734657326,6.1267428099384595,0.0
CWEN-A,10,-0.8439005645709555,6.941235770991726,-16.393819288873573,8.744665570015748,8.66274734657326,-0.08191822344248756,58.3392287776925
CWESF,10,-0.00764323500871701,0.24365980672725185,-0.11109000878821856,0.5563730801296484,0.4177926418194386,-0.13858043831020977,0.0
CWGL,10,0.04299965600275178,8.636788048552752,-13.133394383394382,10.203589983001747,5.143896401036265,-5.059693581965481,20.38889836023516
CWGYF,10,0.3716837404780667,7.415254237288135,-6.012759170653906,8.824544883866919,7.127358678530098,-1.6971862053368207,-86.93333327770235
CWH,10,0.10909698049484673,33.09431880860453,-31.626363205310575,0.5563730801296484,13.349138612296507,12.79276553216686,0.0
CWID,10,-0.49596299211890404,13.93348623853211,-18.167812461290723,8.049567100059056,4.7164183386906915,-3.3331487613683644,-72.72727272727273
CWIR,10,-0.05057689268215585,5.399185228294799,-4.8730548730548735,4.577689217583456,5.109655109655109,0.5319658920716535,-10.714284934711664
CWK,10,0.16546578644461107,10.785136350014984,-9.578533676649952,0.5563730801296484,4.701471693239347,4.145098613109699,0.0
CWLPF,10,0.0,6.056195909496644,-4.928369931965264,9.626020732829739,8.24544385692146,-1.3805768759082788,75.05263372537505
CWNOF,10,-0.5879118555174896,13.270882123341138,-13.117974462512278,7.179819219330191,7.450662723476074,0.27084350414588343,319.66667715957004
CWPE,10,-0.00764323500871701,0.24365980672725185,-0.11109000878821856,0.5563730801296484,0.4177926418194386,-0.13858043831020977,0.0
CWPS,10,0.5445055720129779,6.427718040621267,-7.31842469819909,4.515013943044038,5.897110075344403,1.382096132300365,-18.88889030173972
CWPWF,10,0.008090971946393645,6.669155157397039,-5.85301223599096,4.977518770735114,7.173461932700455,2.1959431619653413,123.99999463558224
CWQXF,10,0.7534136193155179,24.371399530660963,-14.716846446700508,5.496819525157277,11.84368112091335,6.3468615957560734,15.049482323852123
CWQXY,10,-0.3358533993069535,12.22731516849164,-12.98048650093558,3.367143080323286,8.060002442074971,4.692859361751685,18.421052631578945
CWSFF,10,-0.00764323500871701,0.24365980672725185,-0.11109000878821856,0.5563730801296484,0.4177926418194386,-0.13858043831020977,0.0
CWSRF,10,-0.18518518518518498,4.305580317347122,-3.4354962056591565,7.662555447365574,5.228411435307987,-2.434144012057587,-14.690023518369143
CWST,10,-0.2874902874902876,3.8157023699192365,-3.6971787907705114,12.738997113997115,9.383149959250204,-3.355847154746911,83.87028167445699
CWT,10,0.5599775498749937,8.474644056950888,-5.507010770168664,9.62737021611071,8.419950105280451,-1.2074201108302596,8.910493470152428
CWTC,10,1.1255595546783284,11.651797783184643,-9.489371027832565,7.788345744550123,10.766549595572585,2.978203851022461,-98.35472202580696
CWVLF,10,0.4862878145320894,4.686468646864687,-7.2862112466072855,3.0902663905154717,5.97109131762597,2.8808249271104986,-73.58490412198756
CWVWF,10,-0.5860934930702374,6.692442235110008,-10.787771630431012,6.684534440391143,4.057553571565184,-2.6269808688259593,27.336766831846298
CWWBF,10,0.3015836171406614,11.161755352978588,-6.96933962264151,0.5563730801296484,8.785076041461224,8.228702961331576,0.0
CWWGF,10,-0.00764323500871701,0.24365980672725185,-0.11109000878821856,0.5563730801296484,0.4177926418194386,-0.13858043831020977,0.0
CWXZF,10,-0.15583097774878596,5.99950211600697,-7.588916459884202,6.381103588236324,6.135698174533125,-0.24540541370319868,49.29328584572583
CWYUF,10,-0.8205533706501309,12.80568407138136,-6.910061321826028,9.407061101779169,10.035364096625907,0.628302994846738,-3.787572820910985
CX,10,-0.34818714004942475,9.434112329166611,-7.814207650273223,6.709639077954317,4.813104492162447,-1.89653458579187,72.01868591958512
CXAI,10,-0.00764323500871701,0.24365980672725185,-0.11109000878821856,0.5563730801296484,0.4177926418194386,-0.13858043831020977,0.0
CXAIW,10,-0.00764323500871701,0.24365980672725185,-0.11109000878821856,0.5563730801296484,0.4177926418194386,-0.13858043831020977,0.0
CXBMF,10,0.2242559325109475,21.417811893854978,-10.806600283017643,8.908810939658066,14.131625721076302,5.222814781418236,105.93510974284324
CXCQ,10,0.10594187809377686,6.388888888888889,-9.004329004329005,5.616496397601677,8.202260702260702,2.5857643046590253,-74.27685898481144
CXDO,10,0.7107273189672899,7.123131903833658,-4.910213243546576,0.5563730801296484,7.717280012601649,7.160906932472001,0.0
CXE,10,0.13468013468013476,6.282051282051283,-8.363609179935711,8.075360014135525,8.461538461538462,0.38617844740293705,0.4214555383055702
CXGEF,10,-1.1809401754241333,5.265654648956357,-10.431985294117647,10.078941039032436,0.4177926418194386,-9.661148397212997,1.5384692976463503
CXH,10,0.6902356902356905,9.587917390465162,-8.363609179935711,9.705675911967345,7.9581059361698365,-1.747569975797509,2.18865906598418
CXM,10,-0.00764323500871701,0.24365980672725185,-0.11109000878821856,0.5563730801296484,0.4177926418194386,-0.13858043831020977,0.0
CXMSF,10,-0.34818714004942475,9.434112329166611,-4.72610096670247,6.709639077954317,2.849634172527743,-3.8600049054265737,78.93400920965883
CXOXF,10,0.3931955657919725,3.561561862582945,-0.11109000878821856,0.5563730801296484,1.6203090442215071,1.0639359640918586,0.0
CXT,10,-0.6526225680274272,10.654111024138777,-7.7163906951141,3.8014714904497517,4.756600794817356,0.9551293043676039,17.251055778941893
CXW,10,-0.9474035891561665,5.969899665551841,-11.515762737188108,9.08942369946404,5.959537996939571,-3.1298857025244695,-43.09607594956206
CXXIF,10,0.43624334883114607,8.81398455270928,-8.86757508938825,0.5563730801296484,4.671023176795601,4.114650096665953,0.0
CXXMF,10,0.2661406067749441,7.642124883504194,-5.506117908787542,0.5563730801296484,5.343559698637534,4.787186618507886,0.0
CYAGF,10,-0.5681469197223756,9.299553010933824,-12.161015056069337,9.807322447746529,6.455903004752429,-3.3514194429941,89.85254516317663
CYAN,10,-0.5775346053123831,11.538461538461537,-8.394376333307632,7.148563668919903,6.077661628503333,-1.07090204041657,19.85142576623949
CYAP,10,0.7924446374294399,5.823754789272031,-5.779800755754037,7.1048634264333215,7.500747262302656,0.3958838358693342,-89.61481675156666
CYBA,10,-0.18852362436667847,10.695970695970695,-4.184704184704184,6.974334449226845,6.298976755142115,-0.6753576940847301,15.207370478256902
CYBCF,10,-0.00764323500871701,0.24365980672725185,-0.11109000878821856,0.5563730801296484,0.4177926418194386,-0.13858043831020977,0.0
CYBD,10,0.15125120782925836,7.916232186305179,-5.649435056494351,5.332283848172962,6.030960513030622,0.6986766648576594,-93.0555558362637
CYBF,10,-1.4002694926982047,3.4271384786848706,-8.508908371040725,11.997802147924697,4.671166356321535,-7.326635791603161,-27.953890043022216
CYBHD,10,-0.00764323500871701,0.24365980672725185,-0.11109000878821856,0.5563730801296484,0.4177926418194386,-0.13858043831020977,0.0
CYBHF,10,-0.00764323500871701,0.24365980672725185,-0.11109000878821856,0.5563730801296484,0.4177926418194386,-0.13858043831020977,0.0
CYBL,10,-0.15833487056508636,10.293608355385581,-9.829444347143657,6.272814822703015,4.836149813318763,-1.4366650093842521,49235.0011652446
CYBN,10,-0.00764323500871701,0.24365980672725185,-0.11109000878821856,0.5563730801296484,0.4177926418194386,-0.13858043831020977,0.0
CYBQF,10,1.6772894924260153,13.426649044815571,-3.8969624186067016,0.5563730801296484,7.417265520700778,6.86089244057113,0.0
CYBQY,10,-0.00764323500871701,0.24365980672725185,-0.11109000878821856,0.5563730801296484,0.4177926418194386,-0.13858043831020977,0.0
CYBR,10,-0.7263182185300566,5.9672236902502265,-8.88888888888889,7.252390160060156,10.998389694041869,3.7459995339817125,60.23281484604547
CYCA,10,0.1923788383277839,5.571698722383654,-7.75599128540305,6.832350964340281,5.28581803091607,-1.5465329334242117,395.2569184364853
CYCC,10,-0.25014632060702513,6.652126499454742,-8.378541289933693,5.053866427083029,5.1058782164442365,0.05201178936120776,-24.56824498366955
CYCN,10,0.37086250541826593,11.148788520853659,-7.8910869406526025,0.5563730801296484,5.303860283057784,4.747487202928135,0.0
CYD,10,-1.1000932282396814,11.678447798257782,-8.65054806734148,9.430131713945231,5.603354056662692,-3.8267776572825394,3.4902966185365942
CYDVF,10,-0.061871265411088276,8.487468405263034,-10.287610619469026,5.860911079251381,7.254557143937674,1.3936460646862932,635.4037228449599
CYDX,10,0.24786324786324798,13.553826199740595,-8.012820512820511,5.5234478336082615,4.89337822671156,-0.6300696068967016,-24.850894776383605
CYDY,10,-0.4750957854406132,9.058211932539443,-18.327340215752233,7.077566850377628,5.66406773303325,-1.4134991173443776,514.6964868641456
CYFL,10,-0.1422017637668357,4.5290787442099845,-4.852036084647164,11.726519713359309,8.299452069389163,-3.4270676439701457,13.301426379520391
CYFRF,10,-0.00764323500871701,0.24365980672725185,-0.11109000878821856,0.5563730801296484,0.4177926418194386,-0.13858043831020977,0.0
CYFWF,10,-0.00764323500871701,0.24365980672725185,-0.11109000878821856,0.5563730801296484,0.4177926418194386,-0.13858043831020977,0.0
CYGGF,10,-0.00764323500871701,0.24365980672725185,-0.11109000878821856,0.5563730801296484,0.4177926418194386,-0.13858043831020977,0.0
CYGIY,10,1.6934460727703813,14.422114052523792,-14.261562461290723,5.282524495395162,11.350142403121444,6.067617907726282,69.43913916756946
CYGT,10,-0.007643235008717077,15.151515151515152,-17.477592829705507,4.5981737202013635,0.4853021205104821,-4.112871599690881,3900.000291038307
CYH,10,-0.3951707410132723,9.16768581120059,-9.082330738381692,8.961310851538089,5.858074197622064,-3.103236653916025,165.47320650914804
CYIO,10,1.2089424543391734,10.463174819120647,-4.645760743321719,8.425727194170356,7.993963416655297,-0.43176377751505957,54.59531858559332
CYJBF,10,-0.1311728395061728,8.139103675690414,-9.684015318657742,9.609600689590906,2.312063703909257,-7.297536985681649,94.24460964736964
CYLC,10,1.6934460727703813,11.151372406920919,-0.11109000878821856,0.5563730801296484,8.206124414114269,7.649751333984621,0.0
CYLYF,10,0.2828581225520995,11.10612414960241,-4.595404595404594,0.5563730801296484,2.323018655494883,1.7666455753652346,30.80711464534253
CYMBF,10,-0.00764323500871701,0.24365980672725185,-0.11109000878821856,0.5563730801296484,0.4177926418194386,-0.13858043831020977,0.0
CYMHF,10,0.030991705333204698,6.965046888320545,-6.362883181441591,7.914855673303315,5.01925410138735,-2.8956015719159645,153.94847795051646
CYN,10,-0.00764323500871701,0.24365980672725185,-0.11109000878821856,0.5563730801296484,0.4177926418194386,-0.13858043831020977,0.0
CYNS,10,1.2248747421161212,6.219533275713052,-9.648585387310115,5.444386070955801,9.455806007530144,4.0114199365743435,-93.71069212033676
CYNXF,10,-0.00764323500871701,0.24365980672725185,-0.11109000878821856,0.5563730801296484,0.4177926418194386,-0.13858043831020977,0.0
CYPE,10,0.3968253968253968,8.660875548292767,-5.944272445820433,5.511417390556463,6.090337342875028,0.5789199523185644,-86.66666763679362
CYPMF,10,-0.00764323500871701,0.24365980672725185,-0.11109000878821856,0.5563730801296484,0.4177926418194386,-0.13858043831020977,0.0
CYPS,10,-0.42152126551103536,5.990816472951642,-6.032221805919819,8.610174430706465,5.205959726407422,-3.4042147042990427,-74.22680304109555
CYRB,10,-0.00764323500871701,0.24365980672725185,-0.11109000878821856,0.5563730801296484,0.4177926418194386,-0.13858043831020977,0.0
CYRBY,10,0.8261617900172116,21.117227902099568,-12.015953589557652,5.499799849737229,13.828702616148101,8.328902766410872,-46.93072404107008
CYRNQ,10,-1.1712210052734449,11.371036554148604,-8.558981689469743,7.862001073514861,4.573134915860592,-3.288866157654269,-64.88254182525114
CYRX,10,-0.8360448732017165,7.783357245337159,-7.759919638372677,10.962060754878435,10.05610151940183,-0.9059592354766046,353.05073835995216
CYSM,10,1.071351116894383,8.237547892720306,-8.372217889878936,6.740696777976345,8.974805526529664,2.234108748553319,-18.84563557031601
CYSNF,10,0.723969252271139,12.161015056069337,-17.60538538420836,7.206519323262235,9.122552384688307,1.9160330614260719,38.429324168333416
CYTH,10,-0.09194257737947058,6.390147900763358,-5.634010002942042,5.2764142175906885,6.734842683112156,1.4584284655214672,-64.085561578924
CYTHW,10,-0.00764323500871701,0.24365980672725185,-0.11109000878821856,0.5563730801296484,0.4177926418194386,-0.13858043831020977,0.0
CYTK,10,-0.3722636701360105,6.75963197239793,-8.853239754355183,12.370307555167813,9.484377995016294,-2.885929560151519,218.701479211448
CYTO,10,-1.5250920810313078,3.56314568838288,-9.661286245621639,11.597686461661636,3.697187582778083,-7.900498878883553,9.415892125297413
CYVF,10,0.29096496843015746,9.994097973637617,-12.21208517782019,12.803791400282629,9.387781410492908,-3.416009989789721,23.1545500245218
CYYNF,10,1.5160955795785176,9.614739379950185,-13.8611500270822,6.61287642239711,11.910167091290434,5.297290668893324,0.0
CZASF,10,-0.8626687696455139,11.475409836065573,-11.427727501610494,6.438565353065914,4.163788105232045,-2.2747772478338693,-63.93939454146104
CZBC,10,-0.044227586600467945,6.895973154362416,-12.667698658410732,4.914490367474207,7.691691008844811,2.7772006413706034,-8.918916856920397
CZBS,10,0.0900225056264065,10.541021082042164,-6.058540497193264,8.158904121213665,6.9773657325092415,-1.181538388704423,-4.749998105423753
CZBT,10,-0.5573599582982476,10.61943764847711,-7.2602013778484356,12.010302522636488,6.066889291268251,-5.943413231368237,6.960783565745632
CZFS,10,0.3193858415377403,7.481660134659833,-8.0526638089406,5.799747878528841,4.379766532831984,-1.4199813456968569,4.691720318108215
CZGZF,10,-0.00764323500871701,0.24365980672725185,-0.11109000878821856,0.5563730801296484,0.4177926418194386,-0.13858043831020977,0.0
CZMWF,10,0.8041174768897089,13.244860785844391,-7.166199813258636,10.656630593949783,10.300807821727316,-0.35582277222246717,86.74057920333287
CZMWY,10,1.187885415280281,11.468222573839663,-13.616321949655287,9.150015552309858,13.122640360492023,3.9726248081821645,72.75458506342285
CZNB,10,-0.7293912911890441,7.3639774859287055,-8.029689608636977,9.110407659912417,5.823825297509508,-3.2865823624029087,-77.68853233377897
CZNC,10,-0.5626812128360116,6.201275166792408,-6.12040211788305,9.86449450071527,5.688737267684637,-4.175757233030634,0.1094187551432301
CZOOF,10,-0.00764323500871701,0.24365980672725185,-0.11109000878821856,0.5563730801296484,0.4177926418194386,-0.13858043831020977,0.0
CZOWF,10,-0.00764323500871701,0.24365980672725185,-0.11109000878821856,0.5563730801296484,0.4177926418194386,-0.13858043831020977,0.0
CZR,10,-0.7580945266405207,7.70979020979021,-6.910061321826028,13.525641025641027,9.470079635029888,-4.055561390611139,162.97299866163618
CZWI,10,-0.6404320987654322,9.45286750164799,-10.171595078782646,8.1490603904397,2.887269299670874,-5.261791090768826,25.41065593215454
D,10,0.777595029239766,9.176213857064921,-12.76595744680851,5.006747638326586,7.727352587549956,2.72060494922337,-10.76912080217741
DAAT,10,-0.5038759689922482,7.251082251082252,-12.643239113827349,8.50370078395305,6.191510992502224,-2.3121897914508267,-15.137613863668468
DAC,10,-1.0325210215997833,4.0493676050591585,-10.329089598846988,9.976648302965627,5.113471912737518,-4.863176390228109,540.2580290040661
DADA,10,-0.00764323500871701,0.24365980672725185,-0.11109000878821856,0.5563730801296484,0.4177926418194386,-0.13858043831020977,0.0
DADTF,10,0.011344299489506524,10.941915227629513,-3.517342452369321,10.420846540408919,13.893182433435506,3.472335893026587,-50.00000000000252
DAHSF,10,-0.8616956973011505,8.139103675690414,-10.091503267973856,9.116646057822528,3.5382624029282854,-5.5783836548942425,-30.188680857939783
DAIDF,10,-0.00764323500871701,0.24365980672725185,-0.11109000878821856,0.5563730801296484,0.4177926418194386,-0.13858043831020977,0.0
DAIO,10,-1.5612728929098734,7.5612540086121,-11.761379700310997,7.309096839908178,5.602599591540783,-1.7064972483673948,63.41713664780949
DAKT,10,0.23763829898799246,11.734844959600661,-11.458684338612454,6.566293641212209,5.473580303298675,-1.0927133379135334,-22.75132306045589
DAL,10,-0.12775173396935044,17.408424908424912,-23.55769230769231,14.229242979242978,6.238010099225235,-7.991232880017742,-18.991426120645485
DALN,10,-0.00764323500871701,0.24365980672725185,-0.11109000878821856,0.5563730801296484,0.4177926418194386,-0.13858043831020977,0.0
DALQF,10,-0.00764323500871701,0.24365980672725185,-0.11109000878821856,0.5563730801296484,0.4177926418194386,-0.13858043831020977,0.0
DALXF,10,-0.00764323500871701,0.24365980672725185,-0.11109000878821856,0.5563730801296484,0.4177926418194386,-0.13858043831020977,0.0
DAN,10,-0.45855379188712525,8.857602372246724,-10.720689949620017,5.289870574852481,6.820887445887446,1.5310168710349652,47.10656198185371
DANOY,10,-0.7612031921424189,9.486140587819152,-12.373216788983262,9.31333697250472,8.722574758409024,-0.5907622140956956,-18.39080481653873
DANR,10,-0.26848710409255716,5.33887733887734,-14.239427845713834,6.862025580472182,8.903275797620761,2.041250217148579,-83.33333422261595
DAO,10,-0.00764323500871701,0.24365980672725185,-0.11109000878821856,0.5563730801296484,0.4177926418194386,-0.13858043831020977,0.0
DAR,10,-0.2191131838033903,8.702495421245422,-10.588023551795953,6.282952060246363,4.571940361414046,-1.7110116988323174,281.99926789568605
DARE,10,-0.5126761224322202,5.327673754363695,-7.852114196864338,6.3501836356563075,8.012120601270743,1.6619369656144354,94.66285494859574
DASH,10,-0.00764323500871701,0.24365980672725185,-0.11109000878821856,0.5563730801296484,0.4177926418194386,-0.13858043831020977,0.0
DASTF,10,-1.3541795882276233,8.09461253778569,-12.373216788983262,9.430155328678657,10.145953440852368,0.7157981121737116,-64.33022626311597
DASTY,10,-1.3541795882276233,8.09461253778569,-12.373216788983262,9.430155328678657,10.145953440852368,0.7157981121737116,73.86749033812396
DATI,10,0.6475960058359769,11.048510313216196,-4.701426024955437,0.5563730801296484,5.736584107327142,5.180211027197494,108.62717945039203
DATS,10,-0.00764323500871701,0.24365980672725185,-0.11109000878821856,0.5563730801296484,0.4177926418194386,-0.13858043831020977,0.0
DATSW,10,-0.00764323500871701,0.24365980672725185,-0.11109000878821856,0.5563730801296484,0.4177926418194386,-0.13858043831020977,0.0
DAUGF,10,-0.5787037037037036,9.777015437392796,-8.525485436893204,12.097388984181435,6.44031332744925,-5.657075656732186,7.755998406469834
DAVA,10,1.1741527823927536,6.954982693707421,-0.35850674148546524,0.5563730801296484,9.914645375638283,9.358272295508636,0.0
DAVE,10,-0.00764323500871701,0.24365980672725185,-0.11109000878821856,0.5563730801296484,0.4177926418194386,-0.13858043831020977,0.0
DAVEW,10,-0.00764323500871701,0.24365980672725185,-0.11109000878821856,0.5563730801296484,0.4177926418194386,-0.13858043831020977,0.0
DAWIF,10,-0.007643235008716924,7.239882978607707,-5.265130695692132,1.4249505078562208,4.5543773509317775,3.1294268430755565,8.000001907348633
DAWN,10,-0.00764323500871701,0.24365980672725185,-0.11109000878821856,0.5563730801296484,0.4177926418194386,-0.13858043831020977,0.0
DAWUF,10,-0.00764323500871701,0.24365980672725185,-0.11109000878821856,0.5563730801296484,0.4177926418194386,-0.13858043831020977,0.0
DAY,10,1.3124896228572536,15.724045874535308,-3.5406053341324544,0.5563730801296484,14.728387009583576,14.172013929453929,0.0
DB,10,-1.6197890507282777,28.720498251748253,-26.572646103896105,8.189468635017843,3.36699800245782,-4.822470632560023,60.97560978534115
DBCCF,10,0.43624334883114596,3.271887989620832,-0.11109000878821856,0.5563730801296484,2.8743693028854813,2.317996222755833,0.0
DBD,10,-0.00764323500871701,0.24365980672725185,-0.11109000878821856,0.5563730801296484,0.4177926418194386,-0.13858043831020977,0.0
DBGF,10,-0.5365941748574671,7.170048545384695,-10.408794228787357,8.335449670951826,5.6271972958533,-2.7082523750985263,-37.49999818101334
DBGI,10,-0.00764323500871701,0.24365980672725185,-0.11109000878821856,0.5563730801296484,0.4177926418194386,-0.13858043831020977,0.0
DBGIW,10,-0.00764323500871701,0.24365980672725185,-0.11109000878821856,0.5563730801296484,0.4177926418194386,-0.13858043831020977,0.0
DBI,10,-0.46905458089668617,6.908700980392156,-9.144144144144144,6.43484477124183,4.904597997442468,-1.5302467737993624,-15.302532933467052
DBIN,10,-0.07475830260640384,11.291139240506329,-9.625615700729597,9.998515620835434,4.37532891915811,-5.623186701677324,4.152165773817226
DBKSF,10,-0.00764323500871701,0.24365980672725185,-0.11109000878821856,0.5563730801296484,0.4177926418194386,-0.13858043831020977,0.0
DBLVF,10,0.2340869007535675,6.868686868686869,-11.445643558319615,6.767298452691712,11.19294317376427,4.425644721072558,267.65714258953034
DBMBF,10,1.2652661929770366,6.031626506024098,-6.884620816268887,4.92948717948718,10.610729434592301,5.681242255105121,11.656601334137298
DBMG,10,0.6312153507639734,12.621417532509827,-8.938887199756765,5.414028458931536,6.661838040582672,1.2478095816511354,41.89474005448191
DBMM,10,0.12873836403248162,6.908831908831909,-7.952260847315129,5.586620121602028,9.587408164258258,4.000788042656231,129.75609489713898
DBOEF,10,-0.06888953293126675,10.285038073677711,-14.736842105263158,11.569935176643261,8.594473588132436,-2.975461588510825,5.902259572341159
DBOEY,10,-0.06888953293126675,10.285038073677711,-14.736842105263158,11.569935176643261,8.594473588132436,-2.975461588510825,5.629479312676819
DBORF,10,-0.00764323500871701,0.24365980672725185,-0.11109000878821856,0.5563730801296484,0.4177926418194386,-0.13858043831020977,0.0
DBOXF,10,0.27832656154868857,10.08662457788871,-16.539343009931248,8.806225072149209,5.439163690214624,-3.367061381934585,-19.79166981958156
DBRG,10,-0.009352787130564977,9.27304402914159,-8.062394781144782,6.455268672720277,6.429187343821489,-0.02608132889878778,9.843915754934802
DBRM,10,0.05691878211186049,5.226637830044156,-9.029903461266777,5.264355402706203,6.902550810409852,1.6381954077036491,216.5257985743022
DBSDF,10,-0.9661369533980994,16.20253164556962,-16.54471544715447,5.930812756162934,6.65279575214494,0.7219829959820068,22.963534475544325
DBSDY,10,-0.9661369533980994,16.20253164556962,-16.54471544715447,5.930812756162934,6.65279575214494,0.7219829959820068,21.290480911291056
DBVT,10,-0.9647759647759647,9.653614457831324,-8.558981689469743,10.077285594801518,2.516496770228114,-7.560788824573404,-34.42645193936781
DBX,10,0.47128627641743925,10.186413702904145,-3.691654879773691,0.5563730801296484,6.59447958119276,6.038106501063112,0.0
DC,10,-0.00764323500871701,0.24365980672725185,-0.11109000878821856,0.5563730801296484,0.4177926418194386,-0.13858043831020977,0.0
DC-WT,10,-0.00764323500871701,0.24365980672725185,-0.11109000878821856,0.5563730801296484,0.4177926418194386,-0.13858043831020977,0.0
DCAC,10,0.789703861052105,23.73367198838897,-21.549773755656112,12.790133469933693,8.37360783836335,-4.416525631570343,-73.59829046746054
DCBO,10,-0.00764323500871701,0.24365980672725185,-0.11109000878821856,0.5563730801296484,0.4177926418194386,-0.13858043831020977,0.0
DCCPF,10,-0.6226987221139271,33.005733005733006,-32.46460746460747,12.147835599312392,6.44920381762487,-5.6986317816875225,-0.9626169332624664
DCCPY,10,-0.007643235008717059,11.306535231712033,-10.223579237663744,4.352920895865053,0.4177926418194386,-3.935128254045615,0.0
DCFC,10,-0.00764323500871701,0.24365980672725185,-0.11109000878821856,0.5563730801296484,0.4177926418194386,-0.13858043831020977,0.0
DCFCQ,10,-0.00764323500871701,0.24365980672725185,-0.11109000878821856,0.5563730801296484,0.4177926418194386,-0.13858043831020977,0.0
DCFWQ,10,-0.00764323500871701,0.24365980672725185,-0.11109000878821856,0.5563730801296484,0.4177926418194386,-0.13858043831020977,0.0
DCGO,10,-0.00764323500871701,0.24365980672725185,-0.11109000878821856,0.5563730801296484,0.4177926418194386,-0.13858043831020977,0.0
DCHIY,10,0.34077034077034063,9.648586707410235,-5.459770114942527,7.765318972215524,6.7636837065171775,-1.0016352656983463,-1.155223390641267
DCHRF,10,-0.00764323500871701,0.24365980672725185,-0.11109000878821856,0.5563730801296484,0.4177926418194386,-0.13858043831020977,0.0
DCI,10,-0.35040325738000144,6.855045475400103,-7.459969463258034,3.0154466409239973,4.637960468324952,1.6225138274009545,11.234824666506864
DCLIF,10,-0.00764323500871701,0.24365980672725185,-0.11109000878821856,0.5563730801296484,0.4177926418194386,-0.13858043831020977,0.0
DCLT,10,-0.31823461091753796,19.822591396195456,-21.73720794495835,8.217070600632246,11.01982999964924,2.8027593990169937,258.5526315890257
DCMDF,10,-1.2946258113783888,7.996746203904555,-9.115793822952174,8.656313331571065,3.5413035584604216,-5.115009773110643,27.85268326794219
DCMJF,10,-0.00764323500871701,0.24365980672725185,-0.11109000878821856,0.5563730801296484,0.4177926418194386,-0.13858043831020977,0.0
DCNNF,10,0.25345186169183287,5.276080861738232,-3.075075075075075,0.5563730801296484,2.994059132173342,2.4376860520436936,0.0
DCO,10,-0.45800097367337017,11.645962732919257,-7.804347826086957,8.965790360633637,11.55925583307637,2.593465472442734,26.106690772649937
DCOHF,10,-0.16354016354016354,5.474705474705475,-5.139967066572572,4.465251530366801,4.3134658924132605,-0.15178563795354005,6.464647054550615
DCOM,10,-0.7607402344244449,7.042253521126761,-7.125796178343949,10.077285594801518,4.55293162483674,-5.524353969964778,9.919088855304532
DCOMG,10,-0.00764323500871701,0.24365980672725185,-0.11109000878821856,0.5563730801296484,0.4177926418194386,-0.13858043831020977,0.0
DCPXF,10,-0.00764323500871701,0.24365980672725185,-0.11109000878821856,0.5563730801296484,0.4177926418194386,-0.13858043831020977,0.0
DCSX,10,-0.00764323500871701,0.24365980672725185,-0.11109000878821856,0.5563730801296484,0.4177926418194386,-0.13858043831020977,0.0
DCTH,10,0.19897260367275182,4.810733181036856,-3.2466676914293244,0.5563730801296484,4.311534782409371,3.7551617022797226,0.0
DCTIF,10,-0.00764323500871701,0.24365980672725185,-0.11109000878821856,0.5563730801296484,0.4177926418194386,-0.13858043831020977,0.0
DCYHF,10,-1.1522633744855966,4.045610267423429,-10.042812461290723,8.67400078450803,1.7816585125016686,-6.892342272006361,42.247514317447646
DCYHY,10,-0.007643235008717059,7.361388611388611,-11.208477684939881,1.804618259534248,0.4177926418194386,-1.3868256177148093,0.0
DD,10,0.37069245702339226,5.747874370987333,-9.390719759296696,4.030198575817876,4.87879329342744,0.8485947176095632,4.885239498107344
DDC,10,-0.00764323500871701,0.24365980672725185,-0.11109000878821856,0.5563730801296484,0.4177926418194386,-0.13858043831020977,0.0
DDCCF,10,-0.00764323500871701,0.24365980672725185,-0.11109000878821856,0.5563730801296484,0.4177926418194386,-0.13858043831020977,0.0
DDD,10,-0.09537808263922917,12.79803646563815,-13.031598954621051,6.006719962924342,6.438003893184103,0.4312839302597604,220.29581255368544
DDDX,10,-0.1139937106918239,16.70311984153186,-11.63406976409252,7.846035812334971,6.520669291338582,-1.325366520996389,1310.00003539027
DDEJF,10,-0.15848406546080984,11.278812442499442,-16.054918540345483,7.604013086884787,4.634500505468247,-2.9695125814165397,61.752429900587245
DDHRF,10,-0.007643235008717022,7.414902838733457,-6.790010310459388,0.5563730801296484,5.616073986955469,5.059700906825821,0.0
DDI,10,-0.00764323500871701,0.24365980672725185,-0.11109000878821856,0.5563730801296484,0.4177926418194386,-0.13858043831020977,0.0
DDL,10,-0.00764323500871701,0.24365980672725185,-0.11109000878821856,0.5563730801296484,0.4177926418194386,-0.13858043831020977,0.0
DDNFD,10,0.23690891846108603,6.1178687207337,-6.675317185697809,5.5590740821976565,6.430579258985233,0.8715051767875766,203.0395474460436
DDOG,10,0.30037378361375466,2.7261658229789845,-0.11109000878821856,0.5563730801296484,1.3418436976868537,0.7854706175572054,0.0
DDOSF,10,-0.4291788713417015,10.628293325526933,-9.823020117137764,9.78444144051063,5.331758079412752,-4.452683361097878,0.0
DDS,10,-0.9866783779827257,13.71069182389937,-10.594059405940595,6.842656972774396,4.895775291814895,-1.9468816809595006,172.0353187367902
DE,10,-0.7351290684624016,8.981544771018456,-10.179880613757462,7.688412951570847,5.424242424242425,-2.264170527328422,98.20817158412336
DEA,10,0.35281312164546047,12.066034171529324,-8.498168498168498,12.637656833042348,6.5675011311214675,-6.07015570192088,0.0
DEC,10,-0.00764323500871701,0.24365980672725185,-0.11109000878821856,0.5563730801296484,0.4177926418194386,-0.13858043831020977,0.0
DECA,10,-0.00764323500871701,0.24365980672725185,-0.11109000878821856,0.5563730801296484,0.4177926418194386,-0.13858043831020977,0.0
DECAW,10,-0.00764323500871701,0.24365980672725185,-0.11109000878821856,0.5563730801296484,0.4177926418194386,-0.13858043831020977,0.0
DECK,10,-0.3718003718003719,7.1121431028551765,-12.417072091994692,6.528485422030062,8.232591282126887,1.7041058600968242,138.79186158384235
DECN,10,-0.33696010550609956,8.852486844338822,-8.902663409042923,7.059506969199721,5.895324589686607,-1.1641823795131145,-98.02621772403008
DECXF,10,0.30462508593509224,6.576969472023755,-6.988230348886086,5.567027583660867,6.760559413155026,1.1935318294941597,129.83323230410355
DEDVF,10,-0.00764323500871701,0.24365980672725185,-0.11109000878821856,0.5563730801296484,0.4177926418194386,-0.13858043831020977,0.0
DEER,10,-0.20814748736247393,4.2795232936078,-6.457431457431456,8.30909885765334,4.667120983664311,-3.6419778739890303,526.9230866100806
DEFG,10,-0.00764323500871701,0.24365980672725185,-0.11109000878821856,0.5563730801296484,0.4177926418194386,-0.13858043831020977,0.0
DEFTF,10,-0.00764323500871701,0.24365980672725185,-0.11109000878821856,0.5563730801296484,0.4177926418194386,-0.13858043831020977,0.0
DEI,10,-0.1275664251207731,9.949405168877341,-8.672768878718536,8.216737495913698,10.585380201923515,2.368642706009817,-24.540795450205188
DELCF,10,-0.00764323500871701,0.24365980672725185,-0.11109000878821856,0.5563730801296484,0.4177926418194386,-0.13858043831020977,0.0
DELHF,10,0.10909698049484638,8.80281690140845,-5.865536133445278,2.474521788348668,0.6350685626564566,-1.8394532256922114,0.0
DELHY,10,-0.00764323500871701,0.24365980672725185,-0.11109000878821856,0.5563730801296484,0.4177926418194386,-0.13858043831020977,0.0
DELKY,10,-0.00764323500871701,0.24365980672725185,-0.11109000878821856,0.5563730801296484,0.4177926418194386,-0.13858043831020977,0.0
DELL,10,0.7929448430452792,8.167812461290723,-8.378289111527028,0.5563730801296484,6.861315765844529,6.304942685714881,0.0
DELRF,10,-0.08589294303580022,3.1862745098039227,-6.317295704408931,6.579597651026222,4.124819624819625,-2.454778026206597,-3.5616442446663568
DELTF,10,-0.21519702842377264,9.757415822978984,-11.427727501610494,6.438565353065914,3.6855936976868535,-2.7529716553790604,97.69674283418982
DEMO,10,1.0357134659964655,8.73440285204991,-7.1350762527233105,6.433527075148011,9.542792688391353,3.109265613243342,3.4482764157686097
DENI,10,0.7468023550423261,9.345470827559062,-3.991896735319325,0.5563730801296484,6.500675470405347,5.944302390275698,0.0
DENN,10,0.0005225020743332544,18.608524490877436,-25.135135135135137,9.917771822533728,18.862549700538526,8.944777878004798,-23.516634504102832
DEO,10,-0.17882380087104485,7.482932488510108,-7.997405928043983,11.259995940782268,10.258092696218025,-1.001903244564243,19.375219504176457
DEQI,10,-0.3090089313919761,13.349056603773585,-6.74731182795699,10.801210522756476,2.5481798537026576,-8.253030669053818,253.70371256659752
DERM,10,-0.00764323500871701,0.24365980672725185,-0.11109000878821856,0.5563730801296484,0.4177926418194386,-0.13858043831020977,0.0
DESP,10,0.647596005835977,8.322982898036644,-6.383462062698772,0.5563730801296484,5.557831453500746,5.001458373371097,0.0
DETRF,10,-0.00764323500871701,0.24365980672725185,-0.11109000878821856,0.5563730801296484,0.4177926418194386,-0.13858043831020977,0.0
DEUZF,10,0.2828581225520996,11.148788520853659,-10.158463868968619,0.5563730801296484,5.039847134459285,4.483474054329636,0.0
DEVM,10,-0.21879756468797554,10.53082191780822,-14.338235294117647,10.460314262691378,9.731695805630798,-0.7286184570605805,-99.86172757621836
DEWM,10,-0.030239801626901257,7.4431183491092945,-5.524231440461807,8.75412440667517,6.5606612367403985,-2.1934631699347706,-67.49999856300163
DEWY,10,-1.031564418292107,3.6715230238137018,-7.968996565487792,9.440552832827285,7.848221865294562,-1.5923309675327229,4.242427482640056
DEXSF,10,-0.6392222652385254,9.434112329166611,-11.456386176369428,7.8768669118488175,10.981851494733858,3.1049845828850406,-6.536350602585815
DFCO,10,-0.00764323500871701,0.24365980672725185,-0.11109000878821856,0.5563730801296484,0.4177926418194386,-0.13858043831020977,0.0
DFDDF,10,0.2828581225520997,10.71771365889013,-8.916083916083915,0.5563730801296484,4.725659488132962,4.169286408003313,0.0
DFH,10,-0.00764323500871701,0.24365980672725185,-0.11109000878821856,0.5563730801296484,0.4177926418194386,-0.13858043831020977,0.0
DFHL,10,-0.31167198938270574,8.76471235036972,-10.649350649350648,5.565547856569528,3.373651004948855,-2.191896851620673,-69.51219512195121
DFIFF,10,0.23193096008630004,29.21785421785422,-31.357673462936624,10.463069354552703,7.135585878275936,-3.3274834762767664,4.793640906611207
DFIHY,10,-0.564809953383291,12.161015056069337,-8.907641819034222,8.562597551917356,3.8569224794275843,-4.705675072489772,-42.04972568881272
DFILF,10,-0.5648099533832913,13.470666413518133,-9.954233409610985,6.141497363951205,7.872145900275609,1.730648536324404,-41.45840642265196
DFIN,10,0.10909698049484644,7.230312461290723,-7.909407665505226,0.5563730801296484,4.498033702141533,3.9416606220118844,0.0
DFKCY,10,-0.00764323500871701,0.24365980672725185,-0.11109000878821856,0.5563730801296484,0.4177926418194386,-0.13858043831020977,0.0
DFLI,10,-0.00764323500871701,0.24365980672725185,-0.11109000878821856,0.5563730801296484,0.4177926418194386,-0.13858043831020977,0.0
DFLIW,10,-0.00764323500871701,0.24365980672725185,-0.11109000878821856,0.5563730801296484,0.4177926418194386,-0.13858043831020977,0.0
DFMTF,10,-0.00764323500871701,0.24365980672725185,-0.11109000878821856,0.5563730801296484,0.4177926418194386,-0.13858043831020977,0.0
DFORF,10,-0.00764323500871701,0.24365980672725185,-0.11109000878821856,0.5563730801296484,0.4177926418194386,-0.13858043831020977,0.0
DFRYF,10,-0.5818490245971164,10.110619469026549,-8.714515572922654,3.757403039832285,2.5560003257952664,-1.2014027140370187,-33.50836106606205
DFS,10,-0.6315406315406314,6.907121263016459,-5.407590197413207,7.3898481531224895,5.813908313908314,-1.5759398392141755,58.831751263212354
DFTC,10,-0.8414696019106311,6.321167883211679,-13.108695652173914,12.873973849227545,3.6589270842307804,-9.215046764996764,4244.791625469986
DFYFF,10,-0.00764323500871701,0.24365980672725185,-0.11109000878821856,0.5563730801296484,0.4177926418194386,-0.13858043831020977,0.0
DG,10,-0.19471826700742334,7.7433296317416485,-14.426269333549275,14.014988735659125,10.610729434592301,-3.4042593010668245,29.39484933634465
DGDCF,10,0.3297993956664858,26.59420986823122,-32.20353904392992,0.5563730801296484,13.818853911604975,13.262480831475328,0.0
DGEAF,10,-0.17882380087104485,7.482932488510108,-7.997405928043983,11.259995940782268,10.258092696218025,-1.001903244564243,21.40331615311713
DGEN,10,-1.1248159604214136,3.1962864721485422,-6.679035250463822,8.580480821860133,3.834024987585987,-4.746455834274146,81.81818181818183
DGGXF,10,0.2828581225520996,2.968964925640431,-3.419475655430711,0.5563730801296484,3.627072242782575,3.0706991626529265,0.0
DGHI,10,-0.00764323500871701,0.24365980672725185,-0.11109000878821856,0.5563730801296484,0.4177926418194386,-0.13858043831020977,0.0
DGICA,10,0.5077658303464756,9.723889555822328,-4.188948306595364,8.433162029653259,10.747896421520709,2.31473439186745,2.1246953723058137
DGICB,10,-0.6963533076782116,4.690959409594096,-10.3987907348953,10.222134875329159,6.993204001317591,-3.228930874011568,9.913267442448507
DGIF,10,0.07533241478195594,8.79033573804913,-7.029109249036972,6.644294520925787,6.818667214706818,0.17437269378103082,-79.77673617447849
DGII,10,-0.25610878699222567,10.965568862275449,-12.413366336633663,10.95702160036363,7.1061521756308395,-3.8508694247327906,49.37478041236084
DGIV,10,-0.5857947964002493,25.40948275862069,-12.166558230318802,18.509135762307526,3.5382624029282854,-14.97087335937924,900.0
DGIX,10,0.4334121355397953,6.856540084388188,-7.666539779215837,12.00773558368495,7.687722750257735,-4.3200128334272145,-35.526317195487
DGLY,10,-0.18566618566618567,7.588126159554731,-9.004329004329005,5.965832412579025,9.070966486696824,3.1051340741177986,-8.025176161692565
DGMLF,10,-0.00764323500871701,0.24365980672725185,-0.11109000878821856,0.5563730801296484,0.4177926418194386,-0.13858043831020977,0.0
DGNG,10,0.38598300088564585,12.098178408786499,-7.181277180132753,10.107815581322349,10.876748584647478,0.7689330033251291,-42.62294794135727
DGNMF,10,-0.00764323500871701,0.24365980672725185,-0.11109000878821856,0.5563730801296484,0.4177926418194386,-0.13858043831020977,0.0
DGNOF,10,-0.6129417088321198,31.28898128898129,-33.044542800640365,4.020745062039483,13.309476724110871,9.288731662071388,221.77420197971568
DGTCF,10,-0.00764323500871701,0.24365980672725185,-0.11109000878821856,0.5563730801296484,0.4177926418194386,-0.13858043831020977,0.0
DGTHD,10,-0.00764323500871701,0.24365980672725185,-0.11109000878821856,0.5563730801296484,0.4177926418194386,-0.13858043831020977,0.0
DGTHF,10,-0.00764323500871701,0.24365980672725185,-0.11109000878821856,0.5563730801296484,0.4177926418194386,-0.13858043831020977,0.0
DGTLF,10,0.2393742342851758,6.067752199139061,-4.930555555555555,4.8946208660924215,7.723987476685319,2.8293666105928974,230.4347724680192
DGTW,10,-1.6333103289625028,7.239041511570052,-11.471861471861471,9.068521387361967,5.958499241689398,-3.110022145672569,2457.017561960148
DGWPF,10,-0.7626336644411876,9.09090909090909,-9.063218390804597,11.104531067799433,5.770897668609227,-5.333633399190206,100.69518735957162
DGWR,10,-1.1650900539789426,10.277354746411925,-14.3314783251535,9.54031270045388,7.329598506069094,-2.210714194384786,7.472224225747579
DGX,10,-0.3693464817694502,8.116883116883116,-12.179229705002902,9.36277353803127,7.716076847391974,-1.6466966906392964,41.21280939062893
DH,10,-0.00764323500871701,0.24365980672725185,-0.11109000878821856,0.5563730801296484,0.4177926418194386,-0.13858043831020977,0.0
DHAI,10,-0.00764323500871701,0.24365980672725185,-0.11109000878821856,0.5563730801296484,0.4177926418194386,-0.13858043831020977,0.0
DHAIW,10,-0.00764323500871701,0.24365980672725185,-0.11109000878821856,0.5563730801296484,0.4177926418194386,-0.13858043831020977,0.0
DHAWF,10,-0.00764323500871701,0.24365980672725185,-0.11109000878821856,0.5563730801296484,0.4177926418194386,-0.13858043831020977,0.0
DHBUF,10,0.16890129170436927,11.11111111111111,-11.3915857605178,0.5563730801296484,5.832434376123697,5.276061295994048,0.0
DHC,10,1.222081307686888,10.813161460431393,-5.612434847356664,6.5358750183951875,8.374469979089008,1.838594960693821,-64.20542452344019
DHCC,10,-0.00764323500871701,0.24365980672725185,-0.11109000878821856,0.5563730801296484,0.4177926418194386,-0.13858043831020977,0.0
DHCNI,10,-0.06888953293126675,11.29948364888124,-6.636327920377161,12.75359543657973,8.018674294764573,-4.734921141815157,-1.269725788402479
DHCNL,10,-0.00764323500871701,0.24365980672725185,-0.11109000878821856,0.5563730801296484,0.4177926418194386,-0.13858043831020977,0.0
DHGAF,10,-0.00764323500871701,0.24365980672725185,-0.11109000878821856,0.5563730801296484,0.4177926418194386,-0.13858043831020977,0.0
DHI,10,0.35281312164546047,10.315757204169222,-9.51043507531768,13.065198041833556,11.933394411805912,-1.131803630027644,58.54777319116853
DHIL,10,-0.8374098514943585,2.7943739108787646,-4.349957306853041,6.988815978542006,4.155556872008009,-2.8332591065339976,34.29648996319646
DHLGY,10,-0.7351290684624018,4.56283691428747,-7.247400672676731,5.966359577623372,4.767676767676767,-1.1986828099466047,80.56770345564485
DHR,10,0.44091710758377406,4.085836909871244,-3.1307944658393954,8.023364095845453,11.904761904761905,3.881397808916452,121.0494504176236
DHSBF,10,-0.007643235008717029,7.789772035296331,-7.859047974003889,0.5563730801296484,0.4177926418194386,-0.13858043831020977,0.0
DHT,10,1.111691628933008,12.72440159574468,-12.948878405699432,7.346284165904419,11.628926078021928,4.282641912117509,-13.060402710165755
DHTRF,10,-0.00764323500871701,0.24365980672725185,-0.11109000878821856,0.5563730801296484,0.4177926418194386,-0.13858043831020977,0.0
DHX,10,0.19807070065620389,7.241586538461538,-7.8276280197742745,5.870168758701688,11.753376431111718,5.88320767241003,28.10168618854096
DIAH,10,1.6772894924260153,15.11840720228933,-0.11109000878821856,0.5563730801296484,5.472590824123635,4.916217743993987,0.0
DIALF,10,0.15927624872579,6.703446473245958,-7.766328811587103,5.944646716666365,5.83133971291866,-0.11330700374770508,19.97055682612693
DIBS,10,-0.00764323500871701,0.24365980672725185,-0.11109000878821856,0.5563730801296484,0.4177926418194386,-0.13858043831020977,0.0
DIDAF,10,-1.0501693428522698,5.062917549837676,-7.139941770291966,8.197420151237846,2.893921796360821,-5.303498354877025,-92.12991933822184
DIDIY,10,-0.00764323500871701,0.24365980672725185,-0.11109000878821856,0.5563730801296484,0.4177926418194386,-0.13858043831020977,0.0
DIFTY,10,0.008090971946393842,20.229133598403294,-19.37859095219501,7.2842171523219195,11.670521596501073,4.386304444179154,-8.857926323985843
DIGAF,10,0.24119232752326278,4.231792301435512,-3.2220011620332056,4.626773465819876,4.678691678691679,0.05191821287180254,28.73900010929348
DIGI,10,-2.077196912802366,3.36734693877551,-11.905217683731278,12.56385183545199,7.536970449508929,-5.026881385943061,1205.8418991472108
DIGTF,10,0.30037378361375466,4.2908072319837025,-4.3781480046493595,0.5563730801296484,5.949325196952086,5.392952116822437,0.0
DIIBF,10,-0.11995201919232315,5.9716599190283395,-4.236909679580217,3.1746500880722195,3.4418357978295706,0.2671857097573511,120.52267778503168
DIISY,10,-1.1160336306535135,5.811124713563737,-10.782515693607989,5.562756866902572,4.7084008637282055,-0.8543560031743667,5.54356573731444
DIMC,10,0.11743450767841009,8.009950248756219,-7.276359515165485,7.49935888105684,7.085486339217682,-0.413872541839158,-15.667361295119967
DIN,10,-0.13117283950617242,16.610169491525426,-11.48936170212766,7.217200574497315,8.148148148148147,0.9309475736508324,16.69533827730055
DINO,10,-0.07109934294400316,7.7123786407766985,-6.298076923076923,5.954848145382126,4.436166670209224,-1.5186814751729019,-39.558318878553706
DINRF,10,0.1989726036727517,11.823262011707465,-7.944688874921432,8.081827091693645,1.0376401578638448,-7.044186933829801,160.40540128140836
DIOD,10,0.29096496843015746,10.307097667442264,-8.477514418108477,6.918247380293586,8.292392237068507,1.3741448567749206,108.28870922333472
DION,10,-0.6129368805425143,8.150485436893204,-6.449473273507607,5.03478712357217,6.542172680876246,1.507385557304076,-25.00000291038361
DIOSF,10,-0.028340070541012077,9.326209992193597,-5.637681159420291,9.909651442351743,4.963406867002489,-4.946244575349254,79.06976641433316
DIPS,10,-0.00764323500871701,0.24365980672725185,-0.11109000878821856,0.5563730801296484,0.4177926418194386,-0.13858043831020977,0.0
DIS,10,-0.6055786035487976,11.846604787493895,-8.853754940711465,8.650956815940576,10.302484179483505,1.6515273635429288,33.57778269536394
DIST,10,-0.00764323500871701,0.24365980672725185,-0.11109000878821856,0.5563730801296484,0.4177926418194386,-0.13858043831020977,0.0
DISTR,10,-0.00764323500871701,0.24365980672725185,-0.11109000878821856,0.5563730801296484,0.4177926418194386,-0.13858043831020977,0.0
DISTW,10,-0.00764323500871701,0.24365980672725185,-0.11109000878821856,0.5563730801296484,0.4177926418194386,-0.13858043831020977,0.0
DIT,10,-0.10858247806038987,20.428652002256065,-20.428652002256065,8.58650274726253,11.253995111863132,2.6674923646006015,107.56890978738932
DITHF,10,-0.8383277033162617,10.8623677207748,-12.208797877813048,11.834199518316643,3.369534948482317,-8.464664569834326,25.63596640514868
DITTF,10,0.3975960058359769,9.614739379950185,-6.9325573433755565,0.5563730801296484,2.7786140170122544,2.222240936882606,-6.992994968993196
DIUXF,10,-0.00764323500871701,0.24365980672725185,-0.11109000878821856,0.5563730801296484,0.4177926418194386,-0.13858043831020977,0.0
DIZTF,10,1.2256531132226933,11.823262011707465,-5.733695652173913,7.763844635553293,8.985225062939918,1.2213804273866247,0.0
DJCO,10,0.8659003831417622,12.182566918325325,-10.41750301083902,4.661819887429643,12.472717876308735,7.810897988879092,15.339722721617337
DJT,10,-0.00764323500871701,0.24365980672725185,-0.11109000878821856,0.5563730801296484,0.4177926418194386,-0.13858043831020977,0.0
DJTWW,10,-0.00764323500871701,0.24365980672725185,-0.11109000878821856,0.5563730801296484,0.4177926418194386,-0.13858043831020977,0.0
DK,10,-1.6029540338932606,3.7392310659637396,-14.253426131879172,8.594954996683567,3.0032345339797133,-5.591720462703854,-52.188350416523896
DKAM,10,-0.3711201079622131,13.486842105263158,-18.167812461290723,8.198448477815374,4.994598055907087,-3.203850421908287,0.0
DKDRF,10,-0.18794597349643224,8.870967741935484,-9.133064516129032,2.021332351460209,6.704264748619587,4.682932397159378,-38.30374771909364
DKGH,10,0.19897260367275182,7.238493723849372,-16.54471544715447,3.8331100610217264,3.6436106093711147,-0.18949945165061166,0.0
DKILF,10,0.8417508417508417,8.040394696268887,-8.01612023300424,7.0876654209987535,10.099290246853734,3.0116248258549803,66.38918843508688
DKILY,10,-0.3844350679793718,7.883244206773618,-8.555818987733224,9.20056658453283,6.961298377028714,-2.2392682075041153,56.96562838191004
DKL,10,0.02104377104377105,33.597011645792136,-26.011586158285425,3.751570340355387,9.254603859959424,5.5030335196040365,48.0045491172047
DKLRF,10,-0.12116185271922969,10.132098175576436,-7.773109243697478,1.8209799891286018,3.643747194809474,1.8227672056808724,190.2706097851629
DKNG,10,1.0816237836137548,9.757415822978984,-0.11109000878821856,0.5563730801296484,3.6855936976868535,3.129220617557205,0.0
DKS,10,-1.0194537972315751,12.746541915735364,-9.953627932351338,8.318823418000525,6.839615243870564,-1.479208174129961,207.1906478358649
DKSC,10,0.09408634855747779,6.906619950098212,-7.420725727361884,4.806899412316661,6.404342331115788,1.5974429187991266,263.14554311999115
DKTS,10,-0.2547088612662381,13.244860785844391,-9.23764033415661,10.461503999622732,5.977597034013996,-4.483906965608735,0.0
DLAKF,10,-0.2225630326602326,9.771356094885506,-10.588023551795953,8.244333511374064,4.8101868437715485,-3.4341466676025156,-58.78522563352542
DLAKY,10,0.01261640605902898,9.771356094885506,-10.588023551795953,8.244333511374064,5.923417833347297,-2.3209156780267675,-41.1502668365346
DLAPQ,10,-1.1242529761048279,6.434165257694669,-6.7972734639401295,11.508279714801455,4.855929692530999,-6.652350022270456,8.898238327414203
DLB,10,-0.6315406315406314,16.3302752293578,-12.307692307692307,7.018675171304136,4.541774015458226,-2.47690115584591,38.98914507772268
DLEXY,10,-1.269442700704471,6.505646656125452,-10.153902470078942,13.500018592890079,2.914769801662771,-10.585248791227308,-98.6600000411272
DLGCF,10,0.16682677506674615,14.638605016379215,-14.478053425146145,5.3546881500136365,4.455840455840455,-0.8988476941731811,0.0
DLHC,10,-0.3052705138107323,11.038930021495105,-6.7214912280701755,10.431389861209079,4.428125772176922,-6.0032640890321565,194.27901840906733
DLICY,10,-0.00764323500871701,0.24365980672725185,-0.11109000878821856,0.5563730801296484,0.4177926418194386,-0.13858043831020977,0.0
DLII,10,-0.5536786786786787,1.5470643056849944,-3.097795364612775,8.10688585702718,3.5125699249714994,-4.594315932055681,-8.333338183971277
DLKGF,10,0.21825762293620107,13.284543325526933,-12.134146341463413,9.027103444336552,6.5571788866614,-2.469924557675152,-47.47843125287224
DLMAF,10,0.34077034077034063,9.733502146187815,-11.626721060683325,8.39683858551783,6.358487931323073,-2.0383506541947574,24.49002769687517
DLMI,10,0.8299930522152743,8.345864661654135,-5.012531328320803,4.356666043490306,8.9640768588137,4.6074108153233935,17.333339445174964
DLNDY,10,0.109096980494846,19.822591396195456,-23.469587674770683,4.422004735036125,10.442370089711796,6.020365354675671,0.0
DLNG,10,0.516168686184491,3.5612535612535603,-2.8961292119186854,2.6541436145612205,6.492275045926616,3.838131431365395,42.673399408608034
DLO,10,-0.00764323500871701,0.24365980672725185,-0.11109000878821856,0.5563730801296484,0.4177926418194386,-0.13858043831020977,0.0
DLOC,10,-0.7391448980234028,5.770113284732785,-8.327508652469477,7.35300707114623,6.583792919409357,-0.7692141517368727,-93.63350148277084
DLPN,10,0.15737588553122528,6.07099982850283,-5.090607671640084,6.916109023359691,3.9433700114814667,-2.972739011878224,235.4216847473805
DLPRF,10,-0.00764323500871701,0.24365980672725185,-0.11109000878821856,0.5563730801296484,0.4177926418194386,-0.13858043831020977,0.0
DLPTF,10,0.2192747675409903,8.288718385905089,-10.655134339344865,10.275735786549289,9.798278579737817,-0.4774572068114722,-30.769225478877537
DLPX,10,-0.31617707341938195,6.846383889862151,-4.344422700587084,2.4838146573092743,4.83051871179725,2.346704054487976,3930.4896115793154
DLR,10,0.777595029239766,10.766155896069286,-8.363609179935711,9.678432713144266,9.756310029259295,0.07787731611502835,8.830535829448994
DLTA,10,0.4262049887161567,6.742551054569802,-5.9507523939808475,7.842232627535149,8.109041876131249,0.26680924859609956,0.0
DLTH,10,0.2828581225520994,11.350208121765533,-11.873926258755123,4.367478525882887,7.176071800128546,2.808593274245659,0.0
DLTI,10,-0.9059978613784389,11.080564188381544,-11.933129442646933,4.615302829921043,5.714285714285714,1.0989828843646716,174.80544398948294
DLTNF,10,0.16890129170436957,4.711852120333453,-4.421888790820829,0.5563730801296484,5.951981911401568,5.39560883127192,0.0
DLTR,10,-1.0194537972315747,9.451095550033882,-15.077661966073983,8.765928951205225,6.226494969185027,-2.5394339820201983,-17.4281378157081
DLTTF,10,0.647596005835977,9.572025164050627,-7.259472919225267,0.5563730801296484,6.346475612091986,5.790102531962337,0.0
DLTXF,10,-0.00764323500871701,0.24365980672725185,-0.11109000878821856,0.5563730801296484,0.4177926418194386,-0.13858043831020977,0.0
DLUEY,10,-0.7391448980234028,6.344827586206897,-7.720438845997563,7.0622074736255955,3.6867504080618834,-3.375457065563712,0.0
DLVEY,10,-0.00764323500871701,0.24365980672725185,-0.11109000878821856,0.5563730801296484,0.4177926418194386,-0.13858043831020977,0.0
DLVHF,10,1.3124896228572538,10.048250203464713,-7.080616916682489,0.5563730801296484,7.895414723109177,7.339041642979528,0.0
DLX,10,-1.0862924780450554,6.928553267226036,-11.118095717039646,6.467117487550194,3.6758667361701742,-2.7912507513800198,-26.975241250787214
DLYT,10,-0.22256303266023275,4.893534315207533,-6.197384444326785,5.315082505585615,4.942295374774333,-0.37278713081128156,-75.91522198380045
DM,10,1.5261100620608767,13.757792329003083,-0.11109000878821856,0.5563730801296484,5.01905253302822,4.462679452898572,0.0
DMAC,10,-0.05409904286308789,8.091776465243072,-16.05586194627291,10.84802335641912,5.824055228730836,-5.023968127688284,42.110941806243474
DMAN,10,-0.13150937175347913,14.431019182196735,-8.555095604178984,7.87476685006004,3.252804852688872,-4.621961997371168,867.0921882413692
DMCD,10,-0.3090089313919759,9.362570117287099,-9.454472923107609,7.241165833381944,4.581532432848425,-2.6596334005335196,7.95238617707933
DMCHY,10,0.6475960058359769,7.110120153598414,-5.351996706463565,0.5563730801296484,9.129901960784315,8.573528880654667,0.0
DMCOF,10,-0.00764323500871701,0.24365980672725185,-0.11109000878821856,0.5563730801296484,0.4177926418194386,-0.13858043831020977,0.0
DMDD,10,-0.4227126773157745,12.9034222384606,-11.921347486362965,7.237797438409767,5.343602650694533,-1.894194787715234,-85.48387147880483
DMEHF,10,0.38773148148148134,12.083333333333332,-7.171052631578947,12.33187134502924,6.473135964912281,-5.8587353801169595,991.1233790363308
DMF,10,1.1420685973115643,9.014539042485943,-15.848695768195867,8.096077049565421,9.557529689045959,1.4614526394805374,8.476672263092754
DMFG,10,-0.6460497802620652,5.368658054080049,-14.223689842842292,9.972508294169668,7.715365276319157,-2.2571430178505105,-1.9578335783203955
DMGGF,10,1.0310951766485807,6.64946046006855,-1.384615384615385,0.5563730801296484,6.942405425313464,6.386032345183816,0.0
DMIFF,10,0.2832586384184077,5.430280717901518,-2.7678869882424753,3.320759652854539,5.262165500594673,1.9414058477401337,260.9756175568248
DMKPQ,10,-0.9482714337083268,5.934053936019216,-8.902663409042923,9.948211842876686,4.067895983067545,-5.880315859809142,56.99891178388175
DMLP,10,-0.18521756587852067,14.016822005001135,-14.893513447730314,4.2535399530327,4.707678286625655,0.4541383335929554,9.210964623635777
DMNB,10,1.5160955795785176,13.66766198666185,-6.353858008813103,0.5563730801296484,4.989009085581142,4.432636005451494,0.0
DMNKF,10,0.7126448345825577,5.538579067990832,-5.0205100766898525,7.720566283332737,7.985304343122081,0.2647380597893445,-88.09266060939352
DMPHF,10,-0.00764323500871701,0.24365980672725185,-0.11109000878821856,0.5563730801296484,0.4177926418194386,-0.13858043831020977,0.0
DMRC,10,0.41728420203117256,8.029441284710604,-6.292481255693365,8.661388052488755,6.599942984382344,-2.061445068106411,-14.66256659922151
DMSL,10,0.22749998388810314,15.724045874535308,-12.123138875642452,0.5563730801296484,11.079293689605338,10.52292060947569,0.0
DMSLQ,10,0.22749998388810314,15.724045874535308,-12.123138875642452,0.5563730801296484,11.079293689605338,10.52292060947569,0.0
DMTRF,10,-0.06110761924715429,10.65526680409584,-7.034135143227868,5.509132293716171,8.69580736233702,3.1866750686208487,-58.12206574451585
DMXCF,10,-0.00764323500871701,0.24365980672725185,-0.11109000878821856,0.5563730801296484,0.4177926418194386,-0.13858043831020977,0.0
DMYY,10,-0.00764323500871701,0.24365980672725185,-0.11109000878821856,0.5563730801296484,0.4177926418194386,-0.13858043831020977,0.0
DMYY-WT,10,-0.00764323500871701,0.24365980672725185,-0.11109000878821856,0.5563730801296484,0.4177926418194386,-0.13858043831020977,0.0
DMZPY,10,1.204071355357684,9.799172740349212,-5.425979612830824,0.5563730801296484,7.182062545244172,6.625689465114523,0.0
DNA,10,-0.00764323500871701,0.24365980672725185,-0.11109000878821856,0.5563730801296484,0.4177926418194386,-0.13858043831020977,0.0
DNACF,10,0.03509035767100283,14.937430882952096,-9.951233505450372,5.5079643973315955,6.77072187109139,1.2627574737597946,5.582697166867446
DNAX,10,-0.25974025974025977,7.989241032719294,-8.091594568056765,2.638049986526468,4.699781845451136,2.0617318589246683,-38.37921881971911
DNB,10,-0.00764323500871701,0.24365980672725185,-0.11109000878821856,0.5563730801296484,0.4177926418194386,-0.13858043831020977,0.0
DNBBF,10,-0.00764323500871701,0.24365980672725185,-0.11109000878821856,0.5563730801296484,0.4177926418194386,-0.13858043831020977,0.0
DNBBY,10,0.2892923756233109,3.8147659728991066,-2.090088371797316,2.245050021039121,6.272616272616273,4.027566251577152,30.62433605668805
DNCVF,10,0.2645502645502644,6.283019799535871,-4.743706399757355,9.408059476197531,8.057066637162158,-1.3509928390353725,122.22415996925513
DNDEF,10,1.0816237836137548,9.757415822978984,-0.11109000878821856,0.5563730801296484,3.6855936976868535,3.129220617557205,0.0
DNDPF,10,0.2828581225520996,2.5685248734240886,-0.11109000878821856,0.5563730801296484,1.2892967145018883,0.73292363437224,0.0
DNDT,10,-0.3752892095243301,6.473214285714285,-10.733317886932346,10.512232250352957,6.537030221240748,-3.975202029112209,13.699998502433434
DNERF,10,-0.5637233063055036,6.304332043056771,-4.7610608349438275,2.224613294020008,3.4393865796290437,1.2147732856090356,0.0
DNERY,10,-0.00764323500871701,0.24365980672725185,-0.11109000878821856,0.5563730801296484,0.4177926418194386,-0.13858043831020977,0.0
DNFGF,10,0.3499911394648236,7.194883174520298,-4.373580006491398,5.122512251225123,8.33145551517483,3.208943263949708,-5.938494857939498
DNFGY,10,-0.06440927493559087,7.383134207168541,-8.42361863488624,5.695809965611946,6.990629984051036,1.2948200184390908,-0.3141503423867566
DNGDF,10,0.17253278122843327,6.576969472023755,-8.65054806734148,7.729638938533888,8.150757821265199,0.42111888273131015,69.90669518407533
DNGFF,10,-1.2652001993256579,8.262793382070027,-11.505604265022322,8.12809800105167,5.3236664465478025,-2.804431554503868,-7.894737254879816
DNGYF,10,-0.007643235008717035,2.6317991670276086,-2.4712475757945387,1.3524195335631006,0.4177926418194386,-0.934626891743662,0.0
DNIYY,10,-0.024058423164381202,7.7105798959354495,-10.49144328335605,6.110421305182712,5.568047919786776,-0.542373385395936,65.25822398382441
DNKEY,10,-0.3165021877295519,8.439625850340136,-6.930096418732782,8.418425910309027,2.764773761735927,-5.6536521485731,14.585034376909944
DNKGF,10,-0.007643235008717022,10.467743626177803,-6.42512077294686,2.445643900559889,2.657298150481791,0.21165424992190207,0.0
DNLI,10,0.109096980494846,12.370052455889365,-13.188765906181764,0.5563730801296484,6.0726685574212125,5.516295477291564,0.0
DNLMY,10,-0.8119658119658117,9.577464788732396,-11.41025641025641,7.764068527342864,6.337426267003732,-1.4266422603391318,102.92682182498096
DNMR,10,-0.00764323500871701,0.24365980672725185,-0.11109000878821856,0.5563730801296484,0.4177926418194386,-0.13858043831020977,0.0
DNN,10,-0.43454027054258576,10.309867199771526,-12.948878405699432,7.114301489747667,7.782398637516831,0.6680971477691644,201.70576165820785
DNNGY,10,1.0642626725026434,9.50617283950617,-7.525070196550341,0.5563730801296484,7.983539094650205,7.427166014520557,0.0
DNOPF,10,-0.00764323500871701,0.24365980672725185,-0.11109000878821856,0.5563730801296484,0.4177926418194386,-0.13858043831020977,0.0
DNOPY,10,-0.00764323500871701,0.24365980672725185,-0.11109000878821856,0.5563730801296484,0.4177926418194386,-0.13858043831020977,0.0
DNOW,10,0.38675213675213693,8.021193494685619,-11.141709695926561,5.70548610905891,7.766886421466573,2.061400312407663,-23.27073724838134
DNPLY,10,-0.6213945092873784,7.929864253393665,-13.192292143915916,8.278762797190234,10.09633700207182,1.817574204881586,-5.725486141742551
DNRSF,10,-0.00764323500871701,0.24365980672725185,-0.11109000878821856,0.5563730801296484,0.4177926418194386,-0.13858043831020977,0.0
DNSKF,10,-0.6505096645941717,2.8249612121944843,-7.090692301959908,8.355983245689128,2.764773761735927,-5.5912094839532,21.38047005712343
DNTCF,10,-0.00764323500871701,0.24365980672725185,-0.11109000878821856,0.5563730801296484,0.4177926418194386,-0.13858043831020977,0.0
DNTH,10,0.2828581225520994,8.198890311566368,-12.80728883687884,0.5563730801296484,8.772588171175542,8.216215091045894,0.0
DNTUF,10,-0.908816425120773,6.180134142446502,-10.042812461290723,7.5038451215987445,5.098639184194917,-2.405205937403828,2.0770161118083204
DNTUY,10,0.37086250541826593,6.264845075453166,-5.722250062640942,0.5563730801296484,5.114946913763989,4.55857383363434,8.505620489870372
DNUT,10,-0.00764323500871701,0.24365980672725185,-0.11109000878821856,0.5563730801296484,0.4177926418194386,-0.13858043831020977,0.0
DNZOF,10,-0.1395429966858538,5.771636190362736,-9.990556100395917,4.697491412812782,3.8376068376068377,-0.8598845752059439,55.59768940183479
DNZOY,10,-0.31436817151102864,5.771636190362736,-9.990556100395917,4.697491412812782,2.905723905723906,-1.7917675070888754,46.70682408399493
DOC,10,0.9216243588487048,5.6641573579407485,-6.086258483543751,4.328898375126744,9.69194411737689,5.363045742250146,-8.94008757060519
DOCKF,10,0.19897260367275185,11.586493987049028,-14.835484246017904,2.9840334136685036,7.139819442000809,4.155786028332306,0.0
DOCMF,10,-0.00764323500871701,0.24365980672725185,-0.11109000878821856,0.5563730801296484,0.4177926418194386,-0.13858043831020977,0.0
DOCN,10,-0.00764323500871701,0.24365980672725185,-0.11109000878821856,0.5563730801296484,0.4177926418194386,-0.13858043831020977,0.0
DOCS,10,-0.00764323500871701,0.24365980672725185,-0.11109000878821856,0.5563730801296484,0.4177926418194386,-0.13858043831020977,0.0
DOCU,10,0.20567681391678486,6.598857337582065,-6.993681993681992,0.5563730801296484,6.196806196806197,5.640433116676548,0.0
DOGEF,10,1.0642626725026434,9.50617283950617,-7.525070196550341,0.5563730801296484,7.983539094650205,7.427166014520557,0.0
DOGZ,10,0.43415204239201344,6.885645695995123,-6.851119894598156,0.5563730801296484,6.601202360071393,6.0448292799417445,0.0
DOLE,10,-0.00764323500871701,0.24365980672725185,-0.11109000878821856,0.5563730801296484,0.4177926418194386,-0.13858043831020977,0.0
DOLHF,10,-0.20546163455808714,27.35590953307393,-26.67128164556962,4.850378925780301,6.5802877746497925,1.7299088488694911,26.698114911711663
DOLLF,10,0.07365981036962548,14.016822005001135,-9.792039663958132,6.1273794436954665,6.865528050804251,0.7381486071087844,35.10638023548865
DOMA,10,-0.00764323500871701,0.24365980672725185,-0.11109000878821856,0.5563730801296484,0.4177926418194386,-0.13858043831020977,0.0
DOMH,10,-0.09194257737947058,5.551406522280308,-3.912694357252353,5.162675201412648,3.906474841271239,-1.2562003601414085,-38.38319275037478
DOMO,10,0.3015836171406614,9.107981220657278,-10.197444831591174,0.5563730801296484,6.898191315917184,6.341818235787535,0.0
DOMR,10,-0.22628067563030127,7.901234567901234,-8.955848503871103,4.216138070394454,6.7266513217549,2.5105132513604467,-98.41179807743406
DOMWF,10,-0.00764323500871701,0.24365980672725185,-0.11109000878821856,0.5563730801296484,0.4177926418194386,-0.13858043831020977,0.0
DOOO,10,0.4862878145320893,6.964168300221836,-6.823841600326597,3.2920297846881326,6.58301404142573,3.2909842567375973,115.83558907869732
DORM,10,-0.7300009205560158,9.397285484242008,-7.746478873239436,12.502579979360165,9.156970810369463,-3.345609168990702,19.960911279427
DOSEF,10,-0.00764323500871701,0.24365980672725185,-0.11109000878821856,0.5563730801296484,0.4177926418194386,-0.13858043831020977,0.0
DOTDF,10,0.30037378361375455,11.306535231712033,-11.500733455994434,4.352920895865053,5.383461645165764,1.0305407493007106,107.2072002409961
DOUG,10,-0.00764323500871701,0.24365980672725185,-0.11109000878821856,0.5563730801296484,0.4177926418194386,-0.13858043831020977,0.0
DOUUF,10,-0.00764323500871701,0.24365980672725185,-0.11109000878821856,0.5563730801296484,0.4177926418194386,-0.13858043831020977,0.0
DOV,10,0.4461817894653717,6.928553267226036,-6.727456940222898,1.455417330113707,7.981191385446706,6.525774055332999,54.23889123718402
DOVXF,10,-0.00764323500871701,0.24365980672725185,-0.11109000878821856,0.5563730801296484,0.4177926418194386,-0.13858043831020977,0.0
DOW,10,0.20354279769826178,11.148788520853659,-9.39696431013264,0.5563730801296484,4.801901159897771,4.245528079768123,0.0
DOX,10,0.05235617280727705,8.520917875275236,-5.293952443362667,9.22230482394034,6.226196195097674,-2.9961086288426655,17.001555933314425
DOYU,10,0.2828581225520996,2.5685248734240886,-0.11109000878821856,0.5563730801296484,1.2892967145018883,0.73292363437224,0.0
DPAT,10,-0.6464543812104789,7.69803454437165,-7.846063642662971,7.720954368566914,5.737433862433863,-1.9835205061330505,66.16314753627988
DPBSF,10,0.09586606808829067,8.900093271911526,-9.482626076260761,7.662637548092651,5.333784054210843,-2.328853493881809,80.43343701515407
DPCDF,10,-0.00764323500871701,0.24365980672725185,-0.11109000878821856,0.5563730801296484,0.4177926418194386,-0.13858043831020977,0.0
DPCS,10,-0.00764323500871701,0.24365980672725185,-0.11109000878821856,0.5563730801296484,0.4177926418194386,-0.13858043831020977,0.0
DPCSW,10,-0.00764323500871701,0.24365980672725185,-0.11109000878821856,0.5563730801296484,0.4177926418194386,-0.13858043831020977,0.0
DPLMF,10,-0.007643235008717059,6.220868693246179,-11.140460595646198,6.035824264529544,0.4177926418194386,-5.618031622710105,0.0
DPLS,10,-0.7729468599033817,7.198404785643071,-5.856877008966334,7.787796297047154,6.149188114304881,-1.6386081827422734,68760.71672863184
DPMAY,10,-0.00764323500871701,0.24365980672725185,-0.11109000878821856,0.5563730801296484,0.4177926418194386,-0.13858043831020977,0.0
DPMLF,10,0.9956709956709955,8.924895056281917,-9.385209385209386,6.382344338548719,8.783253061603576,2.400908723054857,85.97796826389674
DPRO,10,-0.00764323500871701,0.24365980672725185,-0.11109000878821856,0.5563730801296484,0.4177926418194386,-0.13858043831020977,0.0
DPSM,10,0.9600155082817309,7.591649185895515,-3.6332671019017884,5.725901623953628,9.723294146260086,3.997392522306458,35.03446058379217
DPSTF,10,-0.7351290684624018,4.56283691428747,-7.247400672676731,5.966359577623372,4.767676767676767,-1.1986828099466047,83.08995094423894
DPUI,10,-0.00764323500871701,0.24365980672725185,-0.11109000878821856,0.5563730801296484,0.4177926418194386,-0.13858043831020977,0.0
DPUKY,10,-1.1169900058788946,4.368650845113042,-11.170651433521398,12.828242880072528,4.2691197691197695,-8.559123110952758,48.70191865924912
DPWW,10,-1.0459602003279707,9.15983376389981,-10.642210656634255,11.088709746671654,2.7339816056076884,-8.354728141063966,0.0
DPXCF,10,0.08086548220890163,6.270264361930266,-4.309631784603976,0.5563730801296484,4.443723811648957,3.8873507315193088,0.0
DPZ,10,-1.1854449539909477,5.949197860962565,-10.462184873949578,12.259881098198548,8.286038450988704,-3.9738426472098443,83.94784935517495
DPZUF,10,-0.4534209538690135,5.861246165162633,-6.1439618358788906,9.063173873567132,5.823016531822277,-3.2401573417448555,212.1254596914972
DQ,10,1.1895828121960035,7.26024547534845,-9.515503875968992,6.069747783268678,8.387789225778052,2.318041442509374,590.5674886385465
DQJCY,10,-0.5615942028985508,9.064327485380117,-8.522238934250108,9.493477638061073,6.341902247074661,-3.1515753909864115,30.83470946783464
DQWS,10,-0.007643235008717022,2.362864150266196,-5.461106655974338,0.5563730801296484,3.4254631206219126,2.869090040492264,0.0
DRCMF,10,-0.00764323500871701,0.24365980672725185,-0.11109000878821856,0.5563730801296484,0.4177926418194386,-0.13858043831020977,0.0
DRCR,10,-0.007643235008717029,18.328364052523792,-8.125,9.932211982492069,0.4177926418194386,-9.51441934067263,-20.42571298438673
DRCT,10,-0.00764323500871701,0.24365980672725185,-0.11109000878821856,0.5563730801296484,0.4177926418194386,-0.13858043831020977,0.0
DRD,10,0.839601118930728,8.109048920887743,-9.250650066976597,7.457065265405993,6.363485846560171,-1.093579418845822,77.68470634338226
DRDNF,10,-1.874770810414375,5.596369922212619,-9.156108056418837,15.23992615613462,6.580010681835522,-8.659915474299098,15.51020855011934
DREM,10,0.43415204239201355,5.951259343006093,-5.672928397030246,0.5563730801296484,5.562954272406661,5.006581192277013,0.0
DRETF,10,1.1400580677689112,9.958810068649885,-8.037757437070939,4.991272232775878,7.633489623518706,2.642217390742828,-18.38046526759833
DREUF,10,0.8396011189307279,20.063859343575707,-17.707243723849373,2.6751015008710977,9.79703681923617,7.1219353183650735,26.922890291305794
DRFS,10,-0.09512419131821442,7.974183912950716,-9.00710641703839,8.054862828355608,4.588390270228127,-3.4664725581274807,41300.00054389252
DRGV,10,-0.4291788713417014,8.030356419709584,-7.332665996628194,4.52546820086319,1.4410365269491139,-3.084431673914076,2600.00009167702
DRH,10,-0.5082149818991923,6.483887733887734,-7.729963205887058,7.464923228197564,7.43033790649834,-0.03458532169922357,-5.134865458276534
DRHNF,10,-0.00764323500871701,0.24365980672725185,-0.11109000878821856,0.5563730801296484,0.4177926418194386,-0.13858043831020977,0.0
DRI,10,-1.1424722533259544,8.90263582571275,-9.830695620169305,12.866825876670076,6.70814255083918,-6.1586833258308955,40.65139761187855
DRIO,10,0.43415204239201344,11.350208121765533,-8.325466975599989,4.367478525882887,4.5750230916601256,0.2075445657772388,0.0
DRJG,10,0.0060819656913114134,15.520578461088997,-21.905737396255404,5.139062801144097,12.397657827585709,7.258595026441612,42.95720038606183
DRKOF,10,0.3760804930395573,10.481165328916635,-7.760891590678825,7.776478680969508,9.320464281270553,1.5439856003010446,-56.18925076856274
DRKTF,10,-0.00764323500871701,0.24365980672725185,-0.11109000878821856,0.5563730801296484,0.4177926418194386,-0.13858043831020977,0.0
DRKTY,10,-0.00764323500871701,0.24365980672725185,-0.11109000878821856,0.5563730801296484,0.4177926418194386,-0.13858043831020977,0.0
DRMA,10,-0.00764323500871701,0.24365980672725185,-0.11109000878821856,0.5563730801296484,0.4177926418194386,-0.13858043831020977,0.0
DRMAW,10,-0.00764323500871701,0.24365980672725185,-0.11109000878821856,0.5563730801296484,0.4177926418194386,-0.13858043831020977,0.0
DRMMF,10,-0.00764323500871701,0.24365980672725185,-0.11109000878821856,0.5563730801296484,0.4177926418194386,-0.13858043831020977,0.0
DRMTY,10,-0.00764323500871701,0.24365980672725185,-0.11109000878821856,0.5563730801296484,0.4177926418194386,-0.13858043831020977,0.0
DRNG,10,-0.5787037037037036,5.865617272461379,-5.281638193030598,6.885858074267017,3.805433693558298,-3.080424380708719,1056.1181248067016
DRNK,10,0.032611227579780966,7.527888720561906,-7.3907125412019745,10.054007690005998,1.7816585125016686,-8.27234917750433,1140.000055297246
DROOF,10,-0.00764323500871701,0.24365980672725185,-0.11109000878821856,0.5563730801296484,0.4177926418194386,-0.13858043831020977,0.0
DROP,10,-0.25764895330112725,3.469561515538526,-2.0597484276729556,6.5485312899106,4.651581441983411,-1.8969498479271891,2254.1103391750694
DROR,10,-1.158377197693988,6.472332015810276,-13.108695652173914,13.942788275689566,2.6261225971695787,-11.316665678519987,5464.736716338301
DRPRF,10,-0.00764323500871701,0.24365980672725185,-0.11109000878821856,0.5563730801296484,0.4177926418194386,-0.13858043831020977,0.0
DRPRY,10,-0.00764323500871701,0.24365980672725185,-0.11109000878821856,0.5563730801296484,0.4177926418194386,-0.13858043831020977,0.0
DRREF,10,-0.00764323500871701,0.24365980672725185,-0.11109000878821856,0.5563730801296484,0.4177926418194386,-0.13858043831020977,0.0
DRRSF,10,0.6362058993637941,7.645545943418284,-5.27663205802873,6.086555323271075,6.258973493016046,0.17241816974497048,7.29166260290973
DRRX,10,0.4851574128682567,11.79442178161465,-9.059647883177297,7.924101760308656,6.450358413049382,-1.4737433472592745,-34.12739421642897
DRS,10,0.5618433329276705,9.346861128725429,-10.893675969033028,6.531567331255119,10.44365268723512,3.9120853559800013,98.09069220349802
DRSHF,10,1.526110062060877,8.442340791738385,-1.3607138898126592,0.5563730801296484,7.935973364775187,7.379600284645538,0.0
DRTGF,10,-0.8846745601712489,11.341425459072516,-13.352007469654527,14.678030303030303,5.26276323627317,-9.415267066757131,9.736962875225547
DRTS,10,-0.00764323500871701,0.24365980672725185,-0.11109000878821856,0.5563730801296484,0.4177926418194386,-0.13858043831020977,0.0
DRTSW,10,-0.00764323500871701,0.24365980672725185,-0.11109000878821856,0.5563730801296484,0.4177926418194386,-0.13858043831020977,0.0
DRTTF,10,-0.8720513574882507,16.971002328049032,-16.122067458332236,5.606515803439554,8.46956771748239,2.8630519140428357,-31.73423567901804
DRUG,10,-0.00764323500871701,0.24365980672725185,-0.11109000878821856,0.5563730801296484,0.4177926418194386,-0.13858043831020977,0.0
DRUNF,10,0.9700299907640902,12.606129874976673,-13.757315645727662,5.634568249043121,8.422579205711736,2.7880109566686153,45.89353151619917
DRVN,10,-0.00764323500871701,0.24365980672725185,-0.11109000878821856,0.5563730801296484,0.4177926418194386,-0.13858043831020977,0.0
DRWN,10,0.22749998388810308,14.422114052523792,-10.620501847889518,11.377770158592698,5.501568675386057,-5.876201483206641,0.0
DRXGF,10,0.01261640605902898,7.428693060876968,-6.985055230669264,2.8998839082352847,6.110534473107573,3.2106505648722883,105.22255703015053
DRXGY,10,-0.00764323500871701,0.24365980672725185,-0.11109000878821856,0.5563730801296484,0.4177926418194386,-0.13858043831020977,0.0
DRYGF,10,-0.00764323500871701,0.24365980672725185,-0.11109000878821856,0.5563730801296484,0.4177926418194386,-0.13858043831020977,0.0
DSAIF,10,-0.00764323500871701,0.24365980672725185,-0.11109000878821856,0.5563730801296484,0.4177926418194386,-0.13858043831020977,0.0
DSAQ,10,-0.00764323500871701,0.24365980672725185,-0.11109000878821856,0.5563730801296484,0.4177926418194386,-0.13858043831020977,0.0
DSAQU,10,-0.00764323500871701,0.24365980672725185,-0.11109000878821856,0.5563730801296484,0.4177926418194386,-0.13858043831020977,0.0
DSBX,10,-0.00764323500871701,0.24365980672725185,-0.11109000878821856,0.5563730801296484,0.4177926418194386,-0.13858043831020977,0.0
DSCR,10,1.0516457537734134,10.845820814456909,-7.2331097137947085,4.758828730431165,8.027752399909163,3.2689236694779984,307.6922961111104
DSCSY,10,-0.00764323500871701,0.24365980672725185,-0.11109000878821856,0.5563730801296484,0.4177926418194386,-0.13858043831020977,0.0
DSDVF,10,1.5160955795785176,14.962979437139177,-5.41788480174597,9.259360772669028,10.151527468356614,0.8921666956875853,152.98785372902378
DSDVY,10,1.2256531132226933,6.264845075453166,-2.29020979020979,0.5563730801296484,8.82333216132099,8.266959081191342,0.0
DSECF,10,0.04960317460317438,31.60021551724138,-42.06896551724138,6.760615674319287,3.953876769388259,-2.806738904931028,20.000002119276257
DSEEY,10,-0.3143681715110286,11.678447798257782,-11.700668609634837,7.362696044025088,2.6128048468474,-4.749891197177688,28.291194391230988
DSFGY,10,0.1689012917043695,9.374428388512895,-11.500733455994434,4.9969565102647655,2.916132247223142,-2.0808242630416234,-20.5426881407606
DSFIY,10,-0.00764323500871701,0.24365980672725185,-0.11109000878821856,0.5563730801296484,0.4177926418194386,-0.13858043831020977,0.0
DSGN,10,-0.00764323500871701,0.24365980672725185,-0.11109000878821856,0.5563730801296484,0.4177926418194386,-0.13858043831020977,0.0
DSGR,10,0.19099238611433733,6.417344173441735,-7.844611528822055,5.811564166827324,9.553307543253549,3.741743376426225,14.529705165655937
DSGT,10,-0.6460497802620654,5.705936253993412,-6.185710314150681,9.228810604957394,5.107686801066442,-4.121123803890952,0.0
DSGX,10,-0.6700901437743543,7.883244206773618,-12.015249391083342,11.33933633933634,9.844682127854847,-1.4946542114814925,104.26095485290634
DSHK,10,-0.19380364207950407,4.941106306843597,-5.333542404014157,7.2252429567877,7.174771931866303,-0.05047102492139732,-33.17342246219403
DSHKN,10,0.4469787218853594,11.337760910815938,-6.65266106442577,3.1439419304858114,10.048241518829753,6.904299588343942,7.960053176229605
DSHKO,10,0.7374652868817285,5.398110661268556,-2.4649859943977592,2.738361138792106,9.37369819722761,6.635337058435503,6.337618777810936
DSHKP,10,0.09397912954047759,6.735027730120098,-3.9228548937286787,4.090041685560402,4.41831204026326,0.32827035470285804,2.9779692229565264
DSITF,10,0.037969203461082915,3.706293706293706,-4.588381915114589,3.1373564565293406,2.763680507172244,-0.37367594935709647,0.0
DSKYF,10,-0.13201979187468105,6.676466037443912,-4.060131054863163,13.909812830537488,14.176842447883558,0.2670296173460702,28.859669232542608
DSMFF,10,-0.00764323500871701,0.24365980672725185,-0.11109000878821856,0.5563730801296484,0.4177926418194386,-0.13858043831020977,0.0
DSNKY,10,-0.7612031921424187,7.013774800960445,-4.060131054863163,13.909812830537488,10.30563156776749,-3.6041812627699983,27.0099113635194
DSNY,10,-0.03870319589581436,9.27423380253569,-8.058252427184467,4.716248513807025,9.012029065152348,4.295780551345323,55.09454019884098
DSOL,10,-1.0688948374408318,8.174012150474347,-11.624915627666484,7.39776075125168,8.200629083227819,0.8028683319761383,-73.87027252164428
DSP,10,-0.00764323500871701,0.24365980672725185,-0.11109000878821856,0.5563730801296484,0.4177926418194386,-0.13858043831020977,0.0
DSRLF,10,0.2672124623344135,9.814069388537472,-10.657640232108317,11.706452912744346,11.860011636866853,0.15355872412250626,90.84402592670084
DSS,10,-0.054167714718173464,5.926845789117182,-4.558331187226372,6.1466669186865674,4.590786245462505,-1.5558806732240624,-87.91567682899155
DSSMY,10,-0.00764323500871701,0.24365980672725185,-0.11109000878821856,0.5563730801296484,0.4177926418194386,-0.13858043831020977,0.0
DSTRF,10,-0.00764323500871701,0.24365980672725185,-0.11109000878821856,0.5563730801296484,0.4177926418194386,-0.13858043831020977,0.0
DSUS,10,1.7241379310344829,7.6923076923076925,-2.142320629633258,4.675716440422323,11.424055505738067,6.7483390653157445,-0.7265802914547811
DSVSF,10,1.5160955795785176,10.857940013950245,-3.5482006070241363,0.5563730801296484,8.010603023390749,7.4542299432611,0.0
DSWL,10,-0.31941846540581736,9.49050949050949,-10.706113108859107,6.500609482260859,7.223472357550694,0.7228628752898354,49.13361927589182
DSX,10,0.00589949618302595,7.719315121200462,-12.208797877813048,7.258506200106823,6.015867429399311,-1.2426387707075124,52.06323683607452
DSY,10,-0.00764323500871701,0.24365980672725185,-0.11109000878821856,0.5563730801296484,0.4177926418194386,-0.13858043831020977,0.0
DSYWW,10,-0.00764323500871701,0.24365980672725185,-0.11109000878821856,0.5563730801296484,0.4177926418194386,-0.13858043831020977,0.0
DT,10,0.30037378361375466,2.7261658229789845,-0.11109000878821856,0.5563730801296484,1.3418436976868537,0.7854706175572054,0.0
DTAN,10,-0.00764323500871701,0.24365980672725185,-0.11109000878821856,0.5563730801296484,0.4177926418194386,-0.13858043831020977,0.0
DTARF,10,0.9600155082817311,11.134900072477654,-9.951233505450372,8.0026294038991,7.214018367728431,-0.7886110361706686,73.07289966754878
DTATF,10,-0.00764323500871701,0.24365980672725185,-0.11109000878821856,0.5563730801296484,0.4177926418194386,-0.13858043831020977,0.0
DTB,10,-0.00764323500871701,0.24365980672725185,-0.11109000878821856,0.5563730801296484,0.4177926418194386,-0.13858043831020977,0.0
DTC,10,-0.00764323500871701,0.24365980672725185,-0.11109000878821856,0.5563730801296484,0.4177926418194386,-0.13858043831020977,0.0
DTCFF,10,-0.00764323500871701,0.24365980672725185,-0.11109000878821856,0.5563730801296484,0.4177926418194386,-0.13858043831020977,0.0
DTCGF,10,0.3003737836137548,9.825451136059227,-13.52813852813853,3.793683116246163,1.8899189746007103,-1.9037641416454527,0.0
DTCK,10,-0.00764323500871701,0.24365980672725185,-0.11109000878821856,0.5563730801296484,0.4177926418194386,-0.13858043831020977,0.0
DTCWY,10,0.19897260367275177,8.453883575878914,-5.426677713338856,0.5563730801296484,6.771707810632665,6.215334730503017,0.0
DTE,10,0.9216243588487045,9.02087587928296,-12.610619469026549,5.006747638326586,6.4405005012723135,1.4337528629457275,3.639950475634323
DTEAF,10,1.6772894924260153,12.008469449485784,-5.315224681421866,3.46722822275985,7.286085772616501,3.8188575498566513,0.0
DTEGF,10,-0.7588458260950922,5.619131455399061,-6.66852419429739,9.070554495812228,7.025962804050203,-2.044591691762025,14.29794710674996
DTEGY,10,-0.7588458260950922,5.619131455399061,-6.66852419429739,9.070554495812228,7.025962804050203,-2.044591691762025,9.774145332268752
DTEMF,10,0.9390016671570068,9.723889555822328,-5.16093229744728,5.1124328490572175,9.910705276964988,4.79827242790777,-33.333333333334444
DTF,10,0.9341381292600803,9.014539042485943,-18.649090537502556,8.096077049565421,8.93373828489151,0.8376612353260882,1.4339920454606423
DTG,10,-0.00764323500871701,0.24365980672725185,-0.11109000878821856,0.5563730801296484,0.4177926418194386,-0.13858043831020977,0.0
DTGHF,10,-0.00764323500871701,0.24365980672725185,-0.11109000878821856,0.5563730801296484,0.4177926418194386,-0.13858043831020977,0.0
DTGI,10,-1.293415977851482,5.062860061866788,-7.717808772993735,9.39009915359218,5.088386243234034,-4.301712910358146,32.08579310905485
DTI,10,-0.00764323500871701,0.24365980672725185,-0.11109000878821856,0.5563730801296484,0.4177926418194386,-0.13858043831020977,0.0
DTII,10,-0.026564818156301257,9.696691176470589,-9.24030172413793,8.531419033130495,4.502079405998193,-4.029339627132303,-94.6236559139785
DTIL,10,0.44697872188535975,5.116280612050342,-1.1735330836454425,0.5563730801296484,3.5213729628579586,2.96499988272831,0.0
DTLAP,10,-0.2893471534374353,3.8717380180794816,-4.8296027424884045,4.522594695557047,3.701469386624566,-0.8211253089324813,-30.734338926437765
DTLIF,10,-0.00764323500871701,0.24365980672725185,-0.11109000878821856,0.5563730801296484,0.4177926418194386,-0.13858043831020977,0.0
DTM,10,-0.00764323500871701,0.24365980672725185,-0.11109000878821856,0.5563730801296484,0.4177926418194386,-0.13858043831020977,0.0
DTMXF,10,0.8388198383641571,5.608809768344173,-1.09307982843608,0.5563730801296484,4.5961679233362,4.039794843206551,0.0
DTNOF,10,-0.05730107138557846,17.55744255744256,-16.77781677781678,2.5542015740035544,6.861294524923356,4.307092950919802,-20.46052666664784
DTNOY,10,-0.05730107138557826,12.942403878609348,-13.52112676056338,2.5542015740035544,6.953471007599702,4.399269433596148,-40.56328483902851
DTPKF,10,0.30037378361375466,2.7261658229789845,-0.11109000878821856,0.5563730801296484,1.3418436976868537,0.7854706175572054,0.0
DTREF,10,-0.00764323500871701,0.24365980672725185,-0.11109000878821856,0.5563730801296484,0.4177926418194386,-0.13858043831020977,0.0
DTRK,10,0.7619047619047619,6.168265039232781,-8.917591896315301,5.129425581154364,8.912512846865363,3.783087265710999,176.70497211439286
DTRL,10,-0.5787037037037036,7.051282051282053,-6.419098143236075,10.894488653109342,2.7040663935825227,-8.19042225952682,7.022873833249236
DTRUY,10,-0.00764323500871701,0.24365980672725185,-0.11109000878821856,0.5563730801296484,0.4177926418194386,-0.13858043831020977,0.0
DTSL,10,0.9960505941507038,9.405445679955484,-8.517666515022762,7.049876130227372,6.728723535937433,-0.3211525942899396,0.0
DTSQ,10,-0.00764323500871701,0.24365980672725185,-0.11109000878821856,0.5563730801296484,0.4177926418194386,-0.13858043831020977,0.0
DTSQR,10,-0.00764323500871701,0.24365980672725185,-0.11109000878821856,0.5563730801296484,0.4177926418194386,-0.13858043831020977,0.0
DTSQU,10,-0.00764323500871701,0.24365980672725185,-0.11109000878821856,0.5563730801296484,0.4177926418194386,-0.13858043831020977,0.0
DTSRF,10,1.1741527823927536,7.489010989010989,-0.4370078740157477,0.5563730801296484,6.142006287675579,5.58563320754593,0.0
DTSS,10,0.8388198383641572,6.64946046006855,-4.954394693200664,0.5563730801296484,5.6351695628139495,5.078796482684301,0.0
DTST,10,-0.005709717939933788,5.414220482713634,-3.912694357252353,6.076411197931794,6.925418569254185,0.8490073713223909,2029.8507535272608
DTSTW,10,-0.00764323500871701,0.24365980672725185,-0.11109000878821856,0.5563730801296484,0.4177926418194386,-0.13858043831020977,0.0
DTTLY,10,0.16682677506674615,7.760255514522406,-9.72740851381628,0.5563730801296484,6.083974977689848,5.527601897560199,0.0
DTTVY,10,0.3015836171406614,5.814092557644665,-3.1799009719420503,0.5563730801296484,3.317791630488639,2.7614185503589903,0.0
DTW,10,1.5160955795785176,10.455635491606715,-2.6778577138289363,0.5563730801296484,10.092509112914273,9.536136032784626,0.0
DTWOF,10,-0.6142876731112027,6.162587412587412,-7.960448536524201,14.329299341435265,5.026883716034628,-9.302415625400638,80.34481830354574
DTXMF,10,1.1080999698885878,8.30022148717585,-6.46551724137931,3.951011739268331,9.551484031586726,5.600472292318395,133.33333850734772
DTZNY,10,-0.00764323500871701,0.24365980672725185,-0.11109000878821856,0.5563730801296484,0.4177926418194386,-0.13858043831020977,0.0
DTZZF,10,-0.00764323500871701,0.24365980672725185,-0.11109000878821856,0.5563730801296484,0.4177926418194386,-0.13858043831020977,0.0
DUAVF,10,-0.9676201264986312,6.696120103017233,-8.33182503770739,10.660938902280298,5.03091952387727,-5.630019378403028,-20.72992700729928
DUBRF,10,-0.00764323500871701,0.24365980672725185,-0.11109000878821856,0.5563730801296484,0.4177926418194386,-0.13858043831020977,0.0
DUERF,10,0.2828581225520996,12.910798122065728,-11.620294599018004,6.3474418675495405,4.335554883831084,-2.0118869837184565,68.63023358225293
DUET,10,-0.00764323500871701,0.24365980672725185,-0.11109000878821856,0.5563730801296484,0.4177926418194386,-0.13858043831020977,0.0
DUETW,10,-0.00764323500871701,0.24365980672725185,-0.11109000878821856,0.5563730801296484,0.4177926418194386,-0.13858043831020977,0.0
DUFRY,10,-0.15796519410977242,4.202534672405548,-5.097589494513401,4.335899921724829,4.122292239217537,-0.21360768250729212,-34.974079085210874
DUK,10,0.7775950292397662,7.929864253393665,-11.519607843137255,6.445533206399154,6.008412512445497,-0.4371206939536574,4.386296581057899
DUKB,10,1.5160955795785176,12.831636417293788,-0.11109000878821856,0.5563730801296484,9.300508804351916,8.744135724222268,0.0
DUKZ,10,-0.00764323500871701,0.24365980672725185,-0.11109000878821856,0.5563730801296484,0.4177926418194386,-0.13858043831020977,0.0
DUNIY,10,0.5941772024171735,8.167812461290723,-6.3579225797357415,0.5563730801296484,4.308273901002847,3.7519008208731988,0.0
DUNNF,10,-0.8867207223261753,2.149861704802614,-4.360083170691261,6.626121708687904,0.4177926418194386,-6.208329066868465,0.0
DUO,10,-0.00764323500871701,0.24365980672725185,-0.11109000878821856,0.5563730801296484,0.4177926418194386,-0.13858043831020977,0.0
DUOL,10,-0.00764323500871701,0.24365980672725185,-0.11109000878821856,0.5563730801296484,0.4177926418194386,-0.13858043831020977,0.0
DUOT,10,0.2828581225520996,10.03611971104231,-12.80728883687884,0.5563730801296484,11.639492508668113,11.083119428538465,0.0
DURCF,10,-0.00764323500871701,0.24365980672725185,-0.11109000878821856,0.5563730801296484,0.4177926418194386,-0.13858043831020977,0.0
DURYY,10,0.44697872188535964,5.387306346826586,-5.554299068943421,1.8328988025206734,3.553282102788094,1.7203833002674205,0.0
DUSCF,10,-0.00764323500871701,0.24365980672725185,-0.11109000878821856,0.5563730801296484,0.4177926418194386,-0.13858043831020977,-50.92957957395829
DUSXF,10,-0.00764323500871701,0.24365980672725185,-0.11109000878821856,0.5563730801296484,0.4177926418194386,-0.13858043831020977,0.0
DUSYF,10,-0.4669458714145227,6.895973154362416,-8.68421052631579,9.593738017905595,7.302788807404659,-2.290949210500936,67.15935573241973
DUTV,10,-0.4307313642756682,4.2120231440619795,-6.865712713263623,6.3303000398534905,3.949073655746647,-2.3812263841068435,543.3333169422801
DUUO,10,0.8388198383641572,11.603067802192632,-9.831181727904667,0.5563730801296484,9.442837336710658,8.88646425658101,0.0
DUVNF,10,-0.5885337392186707,4.1569086651053855,-4.761904761904762,6.20374970101746,3.700808119721067,-2.502941581296393,281.18832008177367
DV,10,-0.00764323500871701,0.24365980672725185,-0.11109000878821856,0.5563730801296484,0.4177926418194386,-0.13858043831020977,0.0
DVA,10,-1.0372625288911435,5.327693657614689,-11.429398148148147,7.577603128388067,5.193224619047995,-2.3843785093400722,100.4458095925316
DVAR,10,1.0736278447121823,10.985189682689745,-5.334704245796541,6.105260397032221,10.215172399393154,4.109912002360933,-96.00000001164146
DVAX,10,-0.7750381663425142,4.867900977740794,-7.772347902481879,10.09453076009766,3.422004067673359,-6.6725266924243005,290.5586821534453
DVCMY,10,-0.00764323500871701,0.24365980672725185,-0.11109000878821856,0.5563730801296484,0.4177926418194386,-0.13858043831020977,0.0
DVDCF,10,-1.0932780143392655,7.862559975236032,-9.47487393496783,9.468762485467366,7.993972062829652,-1.4747904226377138,57.42891995310906
DVDDF,10,0.7929448430452791,7.159305357862705,-0.11109000878821856,0.5563730801296484,2.819556875981427,2.2631837958517784,0.0
DVDR,10,0.9408058823791868,8.490054711867874,-0.11109000878821856,0.5563730801296484,3.2631399939831502,2.7067669138535018,0.0
DVFI,10,-0.5326902212368508,10.186413702904145,-12.793608639634671,6.368347513527546,1.4544385594206206,-4.913908954106925,30700.00154250278
DVHGF,10,-0.00764323500871701,0.24365980672725185,-0.11109000878821856,0.5563730801296484,0.4177926418194386,-0.13858043831020977,0.0
DVLN,10,-0.9589900043734159,13.131313131313135,-14.50539510241003,10.821228154561489,6.206376354659699,-4.61485179990179,19.791666666666664
DVLP,10,0.6475960058359768,6.488519531997792,-6.590873067335264,0.5563730801296484,3.597366985481196,3.0409939053515473,0.0
DVN,10,-0.44646421945090303,11.371036554148604,-14.893513447730314,4.202688136472049,3.965139385681031,-0.23754875079101812,79.43576119730909
DVNCF,10,-0.00764323500871701,0.24365980672725185,-0.11109000878821856,0.5563730801296484,0.4177926418194386,-0.13858043831020977,0.0
DVNHF,10,0.03208751354151948,8.280479210711768,-11.449258299976453,6.751511973857485,6.028163716021112,-0.7233482578363732,11.111108351636997
DVRNF,10,-0.00764323500871701,0.24365980672725185,-0.11109000878821856,0.5563730801296484,0.4177926418194386,-0.13858043831020977,0.0
DVSPF,10,0.05580923389142573,2.806282722513089,-3.510583802898359,4.450253741357344,5.902888534467482,1.4526347931101373,-5.357953613826992
DVTC,10,0.3747709812787083,11.468222573839663,-5.50959825846032,9.247695649989955,8.279954702377026,-0.9677409476129295,2865.919982910156
DVVDF,10,-0.007643235008716948,9.098137084052823,-7.560512046509027,0.5563730801296484,3.9644861271314475,3.408113047001799,0.0
DWAHY,10,0.040671134421134444,9.757415822978984,-5.966353677621283,9.426792776511878,5.033512907491854,-4.393279869020024,-1.871564529451604
DWAY,10,-0.00764323500871701,0.24365980672725185,-0.11109000878821856,0.5563730801296484,0.4177926418194386,-0.13858043831020977,0.0
DWDZF,10,0.3931955657919725,9.312877326860075,-6.234513274336283,4.552049740604164,5.0693774909356115,0.5173277503314475,0.0
DWHHF,10,-1.426098303287774,8.91149365327769,-9.78664748891286,13.698383803985429,5.495681347664878,-8.202702456320552,70.14692464985856
DWIS,10,-0.7511007511007508,12.09156037043509,-9.681018640063009,8.96999971855006,6.010421503379249,-2.9595782151708105,102.10969788304816
DWLAF,10,-0.00764323500871701,0.24365980672725185,-0.11109000878821856,0.5563730801296484,0.4177926418194386,-0.13858043831020977,0.0
DWNX,10,0.5762733473576849,9.65570514235268,-9.210445844290868,8.264309844664004,18.58437945115266,10.320069606488657,16.923076923076923
DWSN,10,-0.09537808263922923,12.0,-15.705521472392638,6.647296206618241,3.182923866225925,-3.4643723403923157,14.115309665892786
DWTX,10,-0.00764323500871701,0.24365980672725185,-0.11109000878821856,0.5563730801296484,0.4177926418194386,-0.13858043831020977,0.0
DWVYF,10,0.1348681711116176,5.591348366313852,-7.217265493127561,11.777147012403217,8.155187400930613,-3.6219596114726045,22.9047593616304
DWWEF,10,-0.007643235008717022,8.322982898036644,-6.4209218944063,0.5563730801296484,4.212320303071492,3.655947222941844,0.0
DX,10,-0.017033480692747755,9.295774647887324,-9.696372176533771,4.810779612223021,5.1224792624486115,0.31169965022559065,13.789515281970314
DXBRF,10,-0.00764323500871701,0.24365980672725185,-0.11109000878821856,0.5563730801296484,0.4177926418194386,-0.13858043831020977,0.0
DXC,10,-0.7538443347309207,8.945042169797873,-12.307692307692307,10.389088130673365,4.847104159089209,-5.5419839715841555,24.7961014372192
DXCM,10,-0.014064697609001383,12.526610644257701,-8.73090481786134,9.9463373733971,10.567959263611439,0.6216218902143389,255.08454646801275
DXFFY,10,-0.45091693635382957,3.340785691472373,-4.838212634822803,5.907946350190575,2.393883379650534,-3.5140629705400412,-14.532114310846566
DXIEF,10,0.005296737691103972,11.538461538461537,-5.945985189487439,3.1767001114827202,5.407916951562021,2.231216840079301,-87.3940839444537
DXLG,10,-0.8487446172906112,5.723832352727536,-8.980935609830794,9.550717341085614,5.244589438951457,-4.306127902134157,335.17730885483564
DXPE,10,-0.38626415130307534,12.630506748153806,-8.903292258607477,4.122642740957979,4.236249861910369,0.11360712095238945,-10.145946101553657
DXR,10,-0.9734964322120285,6.80816656559531,-12.68939393939394,12.857357983504775,5.531710202217579,-7.325647781287196,19.38451519171581
DXYN,10,-0.14350682753460534,7.794045275590552,-10.957831325301203,9.801880924370884,5.324579759084993,-4.477301165285891,209.75452343037028
DXYZ,10,-0.00764323500871701,0.24365980672725185,-0.11109000878821856,0.5563730801296484,0.4177926418194386,-0.13858043831020977,0.0
DY,10,-0.0708534621578098,7.323201621073963,-13.173076923076923,11.043756967670012,5.982379862091707,-5.061377105578305,44.2892946293547
DYAI,10,0.35925954269874094,5.280820726830118,-4.322133920843497,9.364984826569101,12.573663004766074,3.2086781781969727,-16.953355801159248
DYCQ,10,-0.00764323500871701,0.24365980672725185,-0.11109000878821856,0.5563730801296484,0.4177926418194386,-0.13858043831020977,0.0
DYFSF,10,1.187885415280281,5.811124713563737,-3.3170731707317067,7.249868305645083,8.92939666097922,1.6795283553341376,-57.34939672774233
DYLLF,10,-0.00764323500871701,0.24365980672725185,-0.11109000878821856,0.5563730801296484,0.4177926418194386,-0.13858043831020977,0.0
DYN,10,-0.00764323500871701,0.24365980672725185,-0.11109000878821856,0.5563730801296484,0.4177926418194386,-0.13858043831020977,0.0
DYNA,10,1.1045744257278927,31.191745378596593,-26.036036036036037,13.527793734258319,8.97386782151648,-4.553925912741839,-22.499999534338706
DYNDF,10,-0.00764323500871701,0.24365980672725185,-0.11109000878821856,0.5563730801296484,0.4177926418194386,-0.13858043831020977,0.0
DYNR,10,-0.4074542749012854,7.428384197715783,-5.994897959183673,7.770470573550521,2.88558425290419,-4.884886320646331,370.0000082311177
DYRFF,10,0.38046868038848786,8.148820326678766,-4.915514592933948,10.59848450542272,10.513169528596025,-0.08531497682669453,-33.33333074632558
DYSL,10,-0.23199023199023217,9.519230769230768,-14.423076923076923,10.769230769230768,5.461397116073375,-5.3078336531573935,-7.952873777318056
DZCA,10,1.2248747421161212,11.607311098549085,-10.642210656634255,7.983597798242393,8.66778189191775,0.6841840936753574,3094.438110339561
DZSI,10,0.7702513075647405,7.803869211235895,-8.212019410227697,6.303041442826388,9.47994257900494,3.176901136178551,63.31225573683115
E,10,0.07302667946815629,5.723832352727536,-6.2564102564102555,2.644215439714871,3.8410045600557097,1.1967891203408385,-12.932067154712056
EA,10,-0.9976306272602569,11.576691380908247,-11.057692307692308,10.386449969783303,5.6298814013400635,-4.75656856844324,45.0284638933238
EAATF,10,0.2524622000277431,5.394820248120983,-5.759609517998779,6.123136123136123,6.343370031903748,0.22023390876762505,817.5304550998611
EACO,10,1.2753394530502966,14.092827004219409,-10.0,3.374342895214666,12.13823034071771,8.763887445503045,-1.6120872209294386
EADSF,10,-0.8360448732017165,11.139240506329115,-13.192292143915916,8.278762797190234,11.700357585930087,3.421594788739853,-1.59869744203757
EADSY,10,-0.8360448732017165,11.139240506329115,-13.192292143915916,8.278762797190234,11.700357585930087,3.421594788739853,-1.6159459207485931
EAF,10,0.9765433742570294,7.239882978607707,-3.619909502262444,0.5563730801296484,6.991744066047471,6.435370985917823,0.0
EAGRF,10,-0.00764323500871701,0.24365980672725185,-0.11109000878821856,0.5563730801296484,0.4177926418194386,-0.13858043831020977,0.0
EAI,10,-0.007643235008717029,8.437420304427977,-11.117786251923754,0.5563730801296484,0.4177926418194386,-0.13858043831020977,0.0
EAPBF,10,0.7107273189672899,6.419347641160802,-0.11109000878821856,0.5563730801296484,2.5729043037474595,2.016531223617811,0.0
EAPH,10,0.060125060125060394,13.812288340590229,-9.316561844863731,5.098378069980504,8.400373909807874,3.301995839827369,-95.53239018075854
EAPIF,10,-0.00764323500871701,0.24365980672725185,-0.11109000878821856,0.5563730801296484,0.4177926418194386,-0.13858043831020977,0.0
EARI,10,-0.48148148148148134,5.5801005747126435,-4.947916666666666,6.894755747126436,3.0257322500401433,-3.869023497086293,96.0323370450844
EARN,10,-0.3026282096049538,8.486108486108485,-7.552447552447552,3.334411090323229,4.504461083408452,1.1700499930852226,5.808242290344932
EAST,10,0.3297993956664855,9.52502798656645,-3.8934609136512135,0.5563730801296484,6.067135188682127,5.510762108552479,0.0
EAT,10,-0.07966939331970016,6.391402714932127,-9.953627932351338,7.370057416158711,8.00739819144727,0.6373407752885596,20.367693655830056
EATBF,10,-0.00764323500871701,0.24365980672725185,-0.11109000878821856,0.5563730801296484,0.4177926418194386,-0.13858043831020977,0.0
EATR,10,-0.9484491173879037,9.325396825396826,-12.147153167602246,9.014572919574062,5.3424833356669765,-3.672089583907086,0.0
EAUI,10,-0.48182979217462,7.815964523281596,-9.455986292568003,8.252372307671846,6.245865162656767,-2.006507145015079,-3.225801067622986
EAWD,10,-0.9326301361699593,8.09108527131783,-10.045675135598058,7.789411194880697,8.385825599141121,0.5964144042604245,-20.954512912111376
EAXR,10,0.2828581225520996,3.77292739897607,-1.0730449899589365,0.5563730801296484,3.7443717345084004,3.187998654378752,406.0810711270185
EB,10,0.3805019887419599,4.913752175977211,-1.771823681936041,0.5563730801296484,3.389452242118803,2.8330791619891547,0.0
EBAY,10,0.15659237881460086,5.3294013923935175,-5.908264295817336,10.009781023453819,8.686853332522624,-1.3229276909311949,88.93419261341332
EBBGF,10,-0.00764323500871701,0.24365980672725185,-0.11109000878821856,0.5563730801296484,0.4177926418194386,-0.13858043831020977,0.0
EBBNF,10,-0.00764323500871701,0.24365980672725185,-0.11109000878821856,0.5563730801296484,0.4177926418194386,-0.13858043831020977,0.0
EBC,10,-0.00764323500871701,0.24365980672725185,-0.11109000878821856,0.5563730801296484,0.4177926418194386,-0.13858043831020977,0.0
