Security,Block,Prev_Quality,New_Quality,Quality_Loss,Future_Return,Event_Type,Quality_Jump
A,1,1677.2946,60.395336,1616.8992,49.6756477355957,DROP,
A,2,60.395336,37.509712,22.885624,21.65323829650879,DROP,
A,5,312.2425,124.725586,187.5169,42.618186950683594,DROP,
A,6,124.725586,80.899956,43.82563,23.543209075927734,DROP,
A,8,104.30099,57.70181,46.59918,10.358116149902344,DROP,
A,9,57.70181,52.251896,5.449913,-5.950805187225342,DROP,
A,10,52.251896,33.979908,18.271988,-22.23076629638672,DROP,
A,15,57.139645,48.1791,8.960545,,DROP,
A,17,61.347836,2.2969577,59.050877,,DROP,
A,19,212.09514,101.716034,110.379105,,DROP,
A,20,101.716034,24.893658,76.82237,,DROP,
A,23,104.38473,61.49995,42.884777,,DROP,
A,28,532.5454,29.646275,502.89914,,DROP,
A,30,64.79518,-26.819294,91.61447,,DROP,
AACG,1,1677.2946,1190.2762,487.0183,-69.74496459960938,DROP,
AACG,2,1190.2762,-36.987774,1227.264,-70.81652069091797,DROP,
AACG,8,104.30099,57.70181,46.59918,-67.38197326660156,DROP,
AACG,9,57.70181,52.251896,5.449913,-37.178550720214844,DROP,
AACG,10,52.251896,33.979908,18.271988,62.38837814331055,DROP,
AACG,25,634.9075,240.42279,394.48468,,DROP,
AACG,27,402.58472,68.198326,334.38638,,DROP,
AACG,28,68.198326,-42.165558,110.363884,,DROP,
AAGC,1,1677.2946,1190.2762,487.0183,22.790695190429688,DROP,
AAGC,2,1190.2762,5.3448925,1184.9314,-28.57143211364746,DROP,
AAGC,12,103.65305,33.410477,70.24258,,DROP,
AAGC,17,77.8662,1.7052516,76.16095,,DROP,
AAGC,22,124.158134,104.38473,19.773407,,DROP,
AAGC,23,104.38473,61.49995,42.884777,,DROP,
AAGC,25,634.9075,133.37425,501.5332,,DROP,
AAGC,27,176.21619,108.97116,67.245026,,DROP,
AAGC,28,108.97116,-35.58133,144.55249,,DROP,
AAGIY,1,1677.2946,17.796593,1659.4979,53.516639709472656,DROP,
AAGIY,3,100.25678,67.56486,32.691925,26.79387664794922,DROP,
AAGIY,5,90.74465,2.7169757,88.02768,12.24941349029541,DROP,
AAGIY,8,104.30099,57.70181,46.59918,-11.43145751953125,DROP,
AAGIY,9,57.70181,52.251896,5.449913,-11.190865516662598,DROP,
AAGIY,12,103.65305,33.410477,70.24258,,DROP,
AAGIY,17,61.347836,27.855862,33.491974,,DROP,
AAGIY,20,101.716034,24.893658,76.82237,,DROP,
AAGIY,27,71.31318,-23.992275,95.30545,,DROP,
AAIGF,1,1677.2946,17.796593,1659.4979,54.69734573364258,DROP,
AAIGF,3,100.25678,67.56486,32.691925,26.05338478088379,DROP,
AAIGF,5,90.74465,2.7169757,88.02768,12.031390190124512,DROP,
AAIGF,8,104.30099,57.70181,46.59918,-12.940898895263672,DROP,
AAIGF,9,57.70181,52.251896,5.449913,-10.246234893798828,DROP,
AAIGF,12,103.65305,33.410477,70.24258,,DROP,
AAIGF,17,61.347836,27.855862,33.491974,,DROP,
AAIGF,20,101.716034,24.893658,76.82237,,DROP,
AAIGF,27,71.31318,-23.992275,95.30545,,DROP,
AAME,1,1677.2946,-31.00335,1708.2979,-26.5625057220459,DROP,
AAME,5,1427.1494,1.0289541,1426.1205,60.72378158569336,DROP,
AAME,25,634.9075,240.42279,394.48468,,DROP,
AAME,27,402.58472,68.198326,334.38638,,DROP,
AAME,28,68.198326,4.8249474,63.37338,,DROP,
AAON,1,1677.2946,60.395336,1616.8992,15.54601001739502,DROP,
AAON,2,60.395336,37.509712,22.885624,33.720367431640625,DROP,
AAON,5,1427.1494,1129.1366,298.01282,-3.7948076725006104,DROP,
AAON,6,1129.1366,39.07087,1090.0657,6.813469409942627,DROP,
AAON,15,57.139645,48.1791,8.960545,,DROP,
AAON,16,48.1791,32.245277,15.933823,,DROP,
AAON,26,240.42279,8.935532,231.48726,,DROP,
AAPI,1,1677.2946,1190.2762,487.0183,-28.57142448425293,DROP,
AAPI,2,1190.2762,-36.987774,1227.264,50.0,DROP,
AAPI,6,1129.1366,674.15216,454.98444,91.09088134765625,DROP,
AAPI,7,674.15216,-32.83367,706.98584,327.9661560058594,DROP,
AAPI,16,48.1791,32.245277,15.933823,,DROP,
AAPI,28,532.5454,36.619503,495.9259,,DROP,
AAPI,31,51.64677,24.380156,27.266615,,DROP,
ABCB,1,1677.2946,17.796593,1659.4979,-11.51353931427002,DROP,
ABCB,3,100.25678,67.56486,32.691925,-46.417335510253906,DROP,
ABCB,5,1427.1494,1129.1366,298.01282,87.97740936279297,DROP,
ABCB,6,1129.1366,39.07087,1090.0657,-8.317853927612305,DROP,
ABCB,10,110.84409,33.979908,76.86418,34.74295425415039,DROP,
ABCB,12,103.65305,-34.03797,137.69102,,DROP,
ABCB,19,112.222466,101.716034,10.506432,,DROP,
ABCB,20,101.716034,-35.71622,137.43225,,DROP,
ABCB,24,116.81446,72.53841,44.276054,,DROP,
ABCB,28,108.97116,4.8249474,104.14621,,DROP,
ABR,1,1677.2946,17.796593,1659.4979,63.69618606567383,DROP,
ABR,3,100.25678,67.56486,32.691925,-1.7165164947509766,DROP,
ABR,4,67.56486,27.08955,40.475307,42.068641662597656,DROP,
ABR,6,124.725586,39.07087,85.65472,-7.239260673522949,DROP,
ABR,12,103.65305,81.233574,22.41948,,DROP,
ABR,13,81.233574,34.94369,46.289883,,DROP,
ABR,15,57.139645,48.1791,8.960545,,DROP,
ABR,17,61.347836,27.855862,33.491974,,DROP,
ABR,19,212.09514,101.716034,110.379105,,DROP,
ABR,20,101.716034,-35.71622,137.43225,,DROP,
ABR,27,71.31318,55.905064,15.408115,,DROP,
ABR,28,55.905064,29.646275,26.25879,,DROP,
ABR,30,64.79518,-26.819294,91.61447,,DROP,
AC,1,1677.2946,17.796593,1659.4979,14.600160598754883,DROP,
AC,3,100.25678,67.56486,32.691925,-10.656365394592285,DROP,
AC,6,1129.1366,674.15216,454.98444,1.5138095617294312,DROP,
AC,7,674.15216,-32.83367,706.98584,-23.474916458129883,DROP,
AC,12,103.65305,33.410477,70.24258,,DROP,
AC,15,57.139645,0.7474901,56.392155,,DROP,
AC,20,76.950485,24.893658,52.056828,,DROP,
AC,24,88.670135,-11.9184885,100.58862,,DROP,
AC,27,176.21619,55.905064,120.31113,,DROP,
AC,28,55.905064,4.8249474,51.080116,,DROP,
ACB,1,1677.2946,-31.00335,1708.2979,345.6896057128906,DROP,
ACB,3,100.25678,67.56486,32.691925,-95.89823913574219,DROP,
ACB,5,1427.1494,1129.1366,298.01282,-80.20610046386719,DROP,
ACB,6,1129.1366,674.15216,454.98444,-91.1222915649414,DROP,
ACB,7,674.15216,104.30099,569.8512,-91.66522979736328,DROP,
ACB,8,104.30099,39.402916,64.89807,-50.0173225402832,DROP,
ACB,10,52.251896,33.979908,18.271988,-35.06614685058594,DROP,
ACB,26,240.42279,8.935532,231.48726,,DROP,
ACIC,1,1677.2946,-31.00335,1708.2979,2.351675271987915,DROP,
ACIC,6,124.725586,39.07087,85.65472,-78.25276947021484,DROP,
ACIC,10,110.84409,69.411064,41.43303,-13.938835144042969,DROP,
ACIC,12,103.65305,33.410477,70.24258,,DROP,
ACIC,27,402.58472,-23.992275,426.577,,DROP,
ACJJF,1,1677.2946,17.796593,1659.4979,-36.283199310302734,DROP,
ACM,1,1677.2946,17.796593,1659.4979,-12.169366836547852,DROP,
ACM,4,2437.5896,1427.1494,1010.4402,80.4302749633789,DROP,
ACM,5,1427.1494,1129.1366,298.01282,95.23759460449219,DROP,
ACM,6,1129.1366,674.15216,454.98444,49.2874641418457,DROP,
ACM,7,674.15216,-32.83367,706.98584,20.02933692932129,DROP,
ACM,10,52.251896,-6.290608,58.542503,25.486326217651367,DROP,
ACM,19,112.222466,101.716034,10.506432,,DROP,
ACM,20,101.716034,24.893658,76.82237,,DROP,
ACM,26,133.37425,71.31318,62.061073,,DROP,
ACM,28,108.97116,36.619503,72.351654,,DROP,
ACM,31,51.64677,-15.356124,67.00289,,DROP,
ACMB,1,1677.2946,1190.2762,487.0183,-22.467267990112305,DROP,
ACMB,2,1190.2762,37.509712,1152.7665,-18.099998474121094,DROP,
ACMB,4,2437.5896,1427.1494,1010.4402,-94.96499633789062,DROP,
ACMB,5,1427.1494,1129.1366,298.01282,-95.00624084472656,DROP,
ACMB,6,1129.1366,674.15216,454.98444,-99.9151382446289,DROP,
ACMB,7,674.15216,-32.83367,706.98584,-99.53604125976562,DROP,
ACMB,11,69.411064,-5.6686077,75.07967,-56.58248519897461,DROP,
ACMB,25,59.733543,-28.850784,88.58433,,DROP,
ACN,1,1677.2946,60.395336,1616.8992,31.045320510864258,DROP,
ACN,2,60.395336,37.509712,22.885624,31.40690040588379,DROP,
ACN,6,1129.1366,80.899956,1048.2367,8.040233612060547,DROP,
ACN,8,104.30099,57.70181,46.59918,30.851253509521484,DROP,
ACN,9,57.70181,52.251896,5.449913,-9.379928588867188,DROP,
ACN,10,52.251896,33.979908,18.271988,-14.470887184143066,DROP,
ACN,12,103.65305,81.233574,22.41948,,DROP,
ACN,13,81.233574,19.944904,61.28867,,DROP,
ACN,16,48.1791,32.245277,15.933823,,DROP,
ACN,18,106.62417,11.941115,94.68305,,DROP,
ACN,20,101.716034,-35.71622,137.43225,,DROP,
ACN,23,104.38473,61.49995,42.884777,,DROP,
ACN,26,133.37425,71.31318,62.061073,,DROP,
ACN,28,532.5454,36.619503,495.9259,,DROP,
ACOPF,1,1677.2946,1190.2762,487.0183,422.2951354980469,DROP,
ACOPF,2,1190.2762,5.3448925,1184.9314,71.34437561035156,DROP,
ACOPF,5,1427.1494,124.725586,1302.4238,-74.11454010009766,DROP,
ACOPF,6,124.725586,80.899956,43.82563,-35.18937683105469,DROP,
ACOPF,8,104.30099,57.70181,46.59918,2.364816427230835,DROP,
ACOPF,9,57.70181,52.251896,5.449913,37.588844299316406,DROP,
ACOPF,11,69.411064,14.105149,55.305916,0.5361513495445251,DROP,
ACOPF,15,57.139645,48.1791,8.960545,,DROP,
ACOPF,17,61.347836,27.855862,33.491974,,DROP,
ACOPF,22,124.158134,104.38473,19.773407,,DROP,
ACOPF,23,104.38473,88.670135,15.714592,,DROP,
ACOPF,24,88.670135,-11.9184885,100.58862,,DROP,
ACRS,1,1677.2946,1190.2762,487.0183,-78.39106750488281,DROP,
ACRS,2,1190.2762,100.25678,1090.0194,-92.71150970458984,DROP,
ACRS,3,100.25678,67.56486,32.691925,-78.4212646484375,DROP,
ACRS,5,1427.1494,1129.1366,298.01282,872.678466796875,DROP,
ACRS,6,1129.1366,674.15216,454.98444,-42.73009490966797,DROP,
ACRS,7,674.15216,22.258486,651.8937,-93.44286346435547,DROP,
ACRS,25,634.9075,133.37425,501.5332,,DROP,
ACRS,27,402.58472,108.97116,293.61356,,DROP,
ACRS,28,108.97116,-35.58133,144.55249,,DROP,
ACXIF,1,1677.2946,-31.00335,1708.2979,22.296077728271484,DROP,
ACXIF,5,312.2425,124.725586,187.5169,112.58354187011719,DROP,
ACXIF,6,124.725586,80.899956,43.82563,30.728553771972656,DROP,
ACXIF,7,80.899956,34.203957,46.696,-24.2101993560791,DROP,
ACXIF,11,69.411064,14.105149,55.305916,68.24687957763672,DROP,
ACXIF,15,57.139645,48.1791,8.960545,,DROP,
ACXIF,17,61.347836,27.855862,33.491974,,DROP,
ACXIF,26,133.37425,71.31318,62.061073,,DROP,
ACXIF,28,532.5454,36.619503,495.9259,,DROP,
ACXIF,31,51.64677,7.8575935,43.789177,,DROP,
ADAD,1,1677.2946,1190.2762,487.0183,-99.60749816894531,DROP,
ADAD,2,1190.2762,-36.987774,1227.264,-63.235294342041016,DROP,
ADAD,17,77.8662,1.7052516,76.16095,,DROP,
ADAD,25,634.9075,240.42279,394.48468,,DROP,
ADAD,27,402.58472,68.198326,334.38638,,DROP,
ADAD,28,68.198326,-35.58133,103.779655,,DROP,
ADAD,31,51.64677,24.380156,27.266615,,DROP,
ADBE,1,1677.2946,60.395336,1616.8992,108.16523742675781,DROP,
ADBE,3,100.25678,67.56486,32.691925,94.62786865234375,DROP,
ADBE,5,312.2425,124.725586,187.5169,6.235885143280029,DROP,
ADBE,6,124.725586,80.899956,43.82563,-18.881166458129883,DROP,
ADBE,8,104.30099,57.70181,46.59918,78.8509750366211,DROP,
ADBE,9,57.70181,52.251896,5.449913,-30.015056610107422,DROP,
ADBE,12,103.65305,81.233574,22.41948,,DROP,
ADBE,13,81.233574,19.944904,61.28867,,DROP,
ADBE,16,48.1791,32.245277,15.933823,,DROP,
ADBE,22,124.158134,104.38473,19.773407,,DROP,
ADBE,23,104.38473,61.49995,42.884777,,DROP,
ADBE,25,59.733543,12.021855,47.71169,,DROP,
ADBE,28,532.5454,29.646275,502.89914,,DROP,
ADBE,30,64.79518,-26.819294,91.61447,,DROP,
ADHLF,1,1677.2946,1190.2762,487.0183,-37.499996185302734,DROP,
ADHLF,2,1190.2762,100.25678,1090.0194,-71.25,DROP,
ADHLF,3,100.25678,67.56486,32.691925,-77.2727279663086,DROP,
ADHLF,4,67.56486,27.08955,40.475307,-75.0,DROP,
ADHLF,25,72.53841,-28.850784,101.38919,,DROP,
AA,2,60.395336,37.509712,22.885624,-61.291343688964844,DROP,
AA,4,2437.5896,1427.1494,1010.4402,75.76947784423828,DROP,
AA,5,1427.1494,1129.1366,298.01282,674.80126953125,DROP,
AA,6,1129.1366,674.15216,454.98444,58.76316452026367,DROP,
AA,7,674.15216,104.30099,569.8512,-54.087615966796875,DROP,
AA,8,104.30099,57.70181,46.59918,-8.97436809539795,DROP,
AA,9,57.70181,52.251896,5.449913,-13.272655487060547,DROP,
AA,11,71.26871,-5.6686077,76.93732,-8.395923614501953,DROP,
AA,26,133.37425,71.31318,62.061073,,DROP,
AA,27,71.31318,55.905064,15.408115,,DROP,
AA,28,55.905064,36.619503,19.28556,,DROP,
AA,31,51.64677,24.380156,27.266615,,DROP,
AAMAF,8,104.30099,8.752344,95.548645,-99.98947143554688,DROP,
AAMAF,26,240.42279,176.21619,64.206604,,DROP,
AAMAF,27,176.21619,55.905064,120.31113,,DROP,
AAMAF,28,55.905064,-8.554088,64.45915,,DROP,
AAMTF,4,2437.5896,1.7633529,2435.8262,22.663637161254883,DROP,
AAMTF,6,1129.1366,80.899956,1048.2367,22.444387435913086,DROP,
AAMTF,8,104.30099,57.70181,46.59918,47.71395492553711,DROP,
AAMTF,10,110.84409,69.411064,41.43303,2.2049529552459717,DROP,
AAMTF,11,69.411064,14.105149,55.305916,8.485459327697754,DROP,
AAMTF,27,176.21619,55.905064,120.31113,,DROP,
AAMTF,28,55.905064,4.8249474,51.080116,,DROP,
AAP,4,2437.5896,1427.1494,1010.4402,44.36503982543945,DROP,
AAP,5,1427.1494,1.0289541,1426.1205,53.26655960083008,DROP,
AAP,12,103.65305,81.233574,22.41948,,DROP,
AAP,13,81.233574,34.94369,46.289883,,DROP,
AAP,26,133.37425,71.31318,62.061073,,DROP,
AAP,27,71.31318,55.905064,15.408115,,DROP,
AAP,28,55.905064,36.619503,19.28556,,DROP,
AAPJ,3,100.25678,67.56486,32.691925,310.731689453125,DROP,
AAPJ,4,67.56486,27.08955,40.475307,1.3105552196502686,DROP,
AAPJ,8,104.30099,57.70181,46.59918,-96.37041473388672,DROP,
AAPJ,9,57.70181,10.331876,47.369934,-90.89253234863281,DROP,
AAPJ,12,103.65305,33.410477,70.24258,,DROP,
AAPJ,15,57.139645,48.1791,8.960545,,DROP,
AAPJ,17,61.347836,1.7052516,59.642586,,DROP,
AAPJ,24,116.81446,72.53841,44.276054,,DROP,
AAPJ,26,133.37425,71.31318,62.061073,,DROP,
AAPJ,27,71.31318,-1.6182535,72.931435,,DROP,
AAPL,3,100.25678,67.56486,32.691925,106.64881134033203,DROP,
AAPL,5,312.2425,124.725586,187.5169,100.420654296875,DROP,
AAPL,6,124.725586,39.07087,85.65472,24.68379783630371,DROP,
AAPL,9,57.70181,52.251896,5.449913,8.571640014648438,DROP,
AAPL,12,103.65305,81.233574,22.41948,,DROP,
AAPL,13,81.233574,19.944904,61.28867,,DROP,
AAPL,19,112.222466,101.716034,10.506432,,DROP,
AAPL,20,101.716034,24.893658,76.82237,,DROP,
AAPL,22,124.158134,104.38473,19.773407,,DROP,
AAPL,23,104.38473,61.49995,42.884777,,DROP,
AAPL,26,240.42279,176.21619,64.206604,,DROP,
AAPL,28,532.5454,36.619503,495.9259,,DROP,
AAPL,31,51.64677,-15.356124,67.00289,,DROP,
AASP,4,2437.5896,1427.1494,1010.4402,199.78260803222656,DROP,
AASP,5,1427.1494,1.0289541,1426.1205,90.62501525878906,DROP,
AASP,7,674.15216,-32.83367,706.98584,-22.388063430786133,DROP,
AASP,11,69.411064,14.105149,55.305916,221.9621124267578,DROP,
AASP,17,77.8662,1.7052516,76.16095,,DROP,
AASP,25,634.9075,240.42279,394.48468,,DROP,
AASP,27,402.58472,68.198326,334.38638,,DROP,
AASP,28,68.198326,-42.165558,110.363884,,DROP,
AAT,5,90.74465,-47.179478,137.92413,36.773902893066406,DROP,
AAT,7,674.15216,-32.83367,706.98584,-41.99189758300781,DROP,
AAT,17,61.347836,27.855862,33.491974,,DROP,
AAT,19,112.222466,-2.7590861,114.98155,,DROP,
AAT,26,133.37425,71.31318,62.061073,,DROP,
AAT,27,71.31318,55.905064,15.408115,,DROP,
AAT,28,55.905064,29.646275,26.25879,,DROP,
AAT,30,64.79518,-26.819294,91.61447,,DROP,
AATRL,6,124.725586,39.07087,85.65472,-8.636984825134277,DROP,
AATRL,8,104.30099,57.70181,46.59918,15.896751403808594,DROP,
AATRL,9,57.70181,52.251896,5.449913,14.769913673400879,DROP,
AATRL,10,52.251896,-6.290608,58.542503,17.17299461364746,DROP,
AATRL,26,133.37425,71.31318,62.061073,,DROP,
AATRL,27,71.31318,55.905064,15.408115,,DROP,
AATRL,28,55.905064,-8.554088,64.45915,,DROP,
AAVVF,3,100.25678,67.56486,32.691925,-45.53499984741211,DROP,
AAVVF,4,67.56486,27.08955,40.475307,188.3791961669922,DROP,
AAVVF,19,212.09514,101.716034,110.379105,,DROP,
AAVVF,20,101.716034,24.893658,76.82237,,DROP,
AAVVF,25,634.9075,133.37425,501.5332,,DROP,
AAVVF,27,176.21619,55.905064,120.31113,,DROP,
AAVVF,28,55.905064,36.619503,19.28556,,DROP,
AAVVF,31,51.64677,7.8575935,43.789177,,DROP,
AB,5,1427.1494,1.0289541,1426.1205,66.69859313964844,DROP,
AB,7,80.899956,22.258486,58.64147,-39.4793586730957,DROP,
AB,9,57.70181,52.251896,5.449913,24.007957458496094,DROP,
AB,10,52.251896,33.979908,18.271988,23.46308708190918,DROP,
AB,12,103.65305,81.233574,22.41948,,DROP,
AB,13,81.233574,19.944904,61.28867,,DROP,
AB,17,77.8662,1.7052516,76.16095,,DROP,
AB,26,133.37425,71.31318,62.061073,,DROP,
AB,27,71.31318,55.905064,15.408115,,DROP,
AB,28,55.905064,36.619503,19.28556,,DROP,
ABBV,2,60.395336,37.509712,22.885624,-10.927057266235352,DROP,
ABBV,6,124.725586,80.899956,43.82563,40.901451110839844,DROP,
ABBV,8,104.30099,57.70181,46.59918,37.35931396484375,DROP,
ABBV,9,57.70181,52.251896,5.449913,29.85749626159668,DROP,
ABBV,10,52.251896,33.979908,18.271988,18.96083641052246,DROP,
ABBV,19,212.09514,101.716034,110.379105,,DROP,
ABBV,20,101.716034,24.893658,76.82237,,DROP,
ABBV,27,71.31318,55.905064,15.408115,,DROP,
ABBV,28,55.905064,4.8249474,51.080116,,DROP,
ABBV,31,51.64677,24.380156,27.266615,,DROP,
ABBY,5,90.74465,2.7169757,88.02768,-99.75,DROP,
ABBY,8,104.30099,8.752344,95.548645,0.0,DROP,
ABBY,22,124.158134,104.38473,19.773407,,DROP,
ABBY,23,104.38473,61.49995,42.884777,,DROP,
ABBY,25,634.9075,240.42279,394.48468,,DROP,
ABBY,26,240.42279,-13.765816,254.1886,,DROP,
ABEO,3,100.25678,67.56486,32.691925,-86.40647888183594,DROP,
ABEO,4,67.56486,27.08955,40.475307,-44.97508239746094,DROP,
ABEO,8,104.30099,57.70181,46.59918,31.932010650634766,DROP,
ABEO,9,57.70181,52.251896,5.449913,76.13070678710938,DROP,
ABEO,10,52.251896,10.308465,41.94343,47.074771881103516,DROP,
ABG,4,2437.5896,1427.1494,1010.4402,106.6044692993164,DROP,
ABG,5,1427.1494,1129.1366,298.01282,153.21554565429688,DROP,
ABG,6,1129.1366,674.15216,454.98444,27.594593048095703,DROP,
ABG,7,674.15216,-32.83367,706.98584,29.437116622924805,DROP,
ABG,10,52.251896,33.979908,18.271988,-3.122962236404419,DROP,
ABG,12,103.65305,-0.049526032,103.702576,,DROP,
ABG,16,48.1791,32.245277,15.933823,,DROP,
ABG,19,112.222466,101.716034,10.506432,,DROP,
ABG,20,101.716034,-35.71622,137.43225,,DROP,
ABG,26,133.37425,71.31318,62.061073,,DROP,
ABG,28,108.97116,-35.58133,144.55249,,DROP,
ABGOF,17,61.347836,27.855862,33.491974,,DROP,
ABGOF,25,634.9075,240.42279,394.48468,,DROP,
ABGOF,27,402.58472,108.97116,293.61356,,DROP,
ABGOF,28,108.97116,36.619503,72.351654,,DROP,
ABGOF,31,51.64677,7.8575935,43.789177,,DROP,
ABT,6,124.725586,80.899956,43.82563,-10.058906555175781,DROP,
ABT,8,104.30099,57.70181,46.59918,12.576725006103516,DROP,
ABT,9,57.70181,52.251896,5.449913,16.619022369384766,DROP,
ABT,10,52.251896,33.979908,18.271988,22.989133834838867,DROP,
ABT,12,103.65305,81.233574,22.41948,,DROP,
ABT,13,81.233574,34.94369,46.289883,,DROP,
ABT,15,57.139645,48.1791,8.960545,,DROP,
ABT,16,48.1791,32.245277,15.933823,,DROP,
ABT,18,106.62417,11.941115,94.68305,,DROP,
ABT,20,101.716034,57.084213,44.63182,,DROP,
ABT,22,124.158134,104.38473,19.773407,,DROP,
ABT,23,104.38473,61.49995,42.884777,,DROP,
ABT,28,532.5454,36.619503,495.9259,,DROP,
ABUS,5,90.74465,2.7169757,88.02768,10.440309524536133,DROP,
ABUS,8,104.30099,57.70181,46.59918,102.65930938720703,DROP,
ABUS,9,57.70181,52.251896,5.449913,48.90238952636719,DROP,
ABUS,10,52.251896,10.308465,41.94343,14.9655179977417,DROP,
ABUS,12,103.65305,81.233574,22.41948,,DROP,
ABUS,13,81.233574,19.944904,61.28867,,DROP,
ABUS,26,240.42279,8.935532,231.48726,,DROP,
ABUS,29,158.45721,64.79518,93.66203,,DROP,
ABUS,30,64.79518,-26.819294,91.61447,,DROP,
ACAD,7,674.15216,-32.83367,706.98584,-10.20275592803955,DROP,
ACAD,15,57.139645,48.1791,8.960545,,DROP,
ACAD,19,112.222466,76.950485,35.27198,,DROP,
ACAD,20,76.950485,24.893658,52.056828,,DROP,
ACAD,22,124.158134,-6.61628,130.77441,,DROP,
ACAD,24,61.49995,-20.303892,81.80384,,DROP,
ACAD,31,51.64677,-15.356124,67.00289,,DROP,
ACAZF,5,90.74465,-47.179478,137.92413,49.233585357666016,DROP,
ACAZF,8,104.30099,57.70181,46.59918,12.584391593933105,DROP,
ACAZF,9,57.70181,52.251896,5.449913,4.661182880401611,DROP,
ACAZF,10,52.251896,10.308465,41.94343,0.39710578322410583,DROP,
ACAZF,17,77.8662,1.7052516,76.16095,,DROP,
ACAZF,26,133.37425,71.31318,62.061073,,DROP,
ACAZF,28,108.97116,-42.165558,151.13672,,DROP,
ACAZF,31,51.64677,-31.199368,82.84614,,DROP,
ACCFF,5,90.74465,-47.179478,137.92413,47.92146682739258,DROP,
ACCFF,8,104.30099,57.70181,46.59918,-51.5624885559082,DROP,
ACCFF,9,57.70181,52.251896,5.449913,-50.2061767578125,DROP,
ACCFF,10,52.251896,33.979908,18.271988,-50.2061767578125,DROP,
ACCFF,15,52.48662,0.7474901,51.739132,,DROP,
ACCFF,27,176.21619,55.905064,120.31113,,DROP,
ACCFF,28,55.905064,29.646275,26.25879,,DROP,
ACCYY,6,124.725586,80.899956,43.82563,-22.374101638793945,DROP,
ACCYY,8,104.30099,57.70181,46.59918,109.82205963134766,DROP,
ACCYY,10,110.84409,33.979908,76.86418,19.199466705322266,DROP,
ACCYY,20,101.716034,-35.71622,137.43225,,DROP,
ACCYY,27,71.31318,-23.992275,95.30545,,DROP,
ACGBF,3,100.25678,67.56486,32.691925,-29.203540802001953,DROP,
ACGBF,5,312.2425,124.725586,187.5169,-9.900980949401855,DROP,
ACGBF,6,124.725586,39.07087,85.65472,-10.55276870727539,DROP,
ACGBF,10,110.84409,69.411064,41.43303,61.42856979370117,DROP,
ACGBF,11,69.411064,14.105149,55.305916,16.89653778076172,DROP,
ACGBF,26,72.62254,8.935532,63.68701,,DROP,
ACGBF,31,51.64677,24.380156,27.266615,,DROP,
ACGBY,3,100.25678,67.56486,32.691925,-30.241287231445312,DROP,
ACGBY,5,312.2425,124.725586,187.5169,-6.702118873596191,DROP,
ACGBY,6,124.725586,39.07087,85.65472,-12.880745887756348,DROP,
ACGBY,10,110.84409,69.411064,41.43303,41.00800323486328,DROP,
ACGBY,11,69.411064,14.105149,55.305916,10.31984806060791,DROP,
ACGBY,26,72.62254,8.935532,63.68701,,DROP,
ACGBY,31,51.64677,24.380156,27.266615,,DROP,
ACGL,3,100.25678,67.56486,32.691925,6.620387554168701,DROP,
ACGL,5,1427.1494,1129.1366,298.01282,71.80567932128906,DROP,
ACGL,6,1129.1366,39.07087,1090.0657,81.5842056274414,DROP,
ACGL,15,57.139645,48.1791,8.960545,,DROP,
ACGL,16,48.1791,32.245277,15.933823,,DROP,
ACGL,19,112.222466,76.950485,35.27198,,DROP,
ACGL,20,76.950485,-35.71622,112.6667,,DROP,
ACGL,26,133.37425,71.31318,62.061073,,DROP,
ACGL,28,108.97116,36.619503,72.351654,,DROP,
ACGL,31,51.64677,24.380156,27.266615,,DROP,
ACGYF,3,100.25678,67.56486,32.691925,-47.83258056640625,DROP,
ACGYF,5,1427.1494,124.725586,1302.4238,57.57575607299805,DROP,
ACGYF,6,124.725586,39.07087,85.65472,26.947372436523438,DROP,
ACGYF,27,71.31318,-23.992275,95.30545,,DROP,
ACHC,7,80.899956,34.203957,46.696,25.272878646850586,DROP,
ACHC,12,103.65305,33.410477,70.24258,,DROP,
ACHC,27,71.31318,55.905064,15.408115,,DROP,
ACHC,28,55.905064,29.646275,26.25879,,DROP,
ACHV,16,48.1791,-13.236644,61.415745,,DROP,
ACHV,25,634.9075,240.42279,394.48468,,DROP,
ACHV,26,240.42279,8.935532,231.48726,,DROP,
ACIW,6,124.725586,80.899956,43.82563,-32.48942947387695,DROP,
ACIW,7,80.899956,34.203957,46.696,-19.617733001708984,DROP,
ACIW,13,81.233574,34.94369,46.289883,,DROP,
ACIW,15,57.139645,48.1791,8.960545,,DROP,
ACIW,17,61.347836,27.855862,33.491974,,DROP,
ACIW,19,212.09514,101.716034,110.379105,,DROP,
ACIW,20,101.716034,24.893658,76.82237,,DROP,
ACIW,24,116.81446,72.53841,44.276054,,DROP,
ACIW,27,71.31318,-23.992275,95.30545,,DROP,
ACLS,3,100.25678,67.56486,32.691925,26.09556007385254,DROP,
ACLS,5,1427.1494,124.725586,1302.4238,121.34954071044922,DROP,
ACLS,6,124.725586,80.899956,43.82563,224.3408203125,DROP,
ACLS,8,104.30099,57.70181,46.59918,69.88475799560547,DROP,
ACLS,9,57.70181,10.331876,47.369934,-60.73427200317383,DROP,
ACLS,19,212.09514,101.716034,110.379105,,DROP,
ACLS,20,101.716034,24.893658,76.82237,,DROP,
ACLS,26,133.37425,71.31318,62.061073,,DROP,
ACLS,28,532.5454,36.619503,495.9259,,DROP,
ACLS,31,51.64677,-15.356124,67.00289,,DROP,
ACNT,3,100.25678,67.56486,32.691925,-72.03341674804688,DROP,
ACNT,5,1427.1494,1129.1366,298.01282,69.36829376220703,DROP,
ACNT,6,1129.1366,39.07087,1090.0657,17.703227996826172,DROP,
ACNT,9,57.70181,52.251896,5.449913,43.75906753540039,DROP,
ACNT,12,103.65305,81.233574,22.41948,,DROP,
ACNT,13,81.233574,19.944904,61.28867,,DROP,
ACNT,26,133.37425,71.31318,62.061073,,DROP,
ACNT,27,71.31318,55.905064,15.408115,,DROP,
ACNT,28,55.905064,36.619503,19.28556,,DROP,
ACNT,31,51.64677,24.380156,27.266615,,DROP,
ACNV,2,1190.2762,-36.987774,1227.264,-21.9755916595459,DROP,
ACNV,20,76.950485,3.2947528,73.65573,,DROP,
ACNV,25,634.9075,240.42279,394.48468,,DROP,
ACNV,26,240.42279,176.21619,64.206604,,DROP,
ACNV,27,176.21619,68.198326,108.01786,,DROP,
ACNV,28,68.198326,-42.165558,110.363884,,DROP,
ACR,8,104.30099,8.752344,95.548645,79.94462585449219,DROP,
ACR,13,81.233574,34.94369,46.289883,,DROP,
ACR,19,112.222466,101.716034,10.506432,,DROP,
ACR,20,101.716034,-35.71622,137.43225,,DROP,
ACR,27,71.31318,55.905064,15.408115,,DROP,
ACR,28,55.905064,-8.554088,64.45915,,DROP,
ACRE,5,1427.1494,1129.1366,298.01282,109.59264373779297,DROP,
ACRE,6,1129.1366,674.15216,454.98444,-18.719175338745117,DROP,
ACRE,7,674.15216,-32.83367,706.98584,-30.419477462768555,DROP,
ACRE,15,57.139645,48.1791,8.960545,,DROP,
ACRE,17,61.347836,27.855862,33.491974,,DROP,
ACRE,19,212.09514,38.754204,173.34094,,DROP,
ACRE,27,71.31318,55.905064,15.408115,,DROP,
ACRE,28,55.905064,29.646275,26.25879,,DROP,
ACRE,30,64.79518,1.0313394,63.763844,,DROP,
ACRFF,6,124.725586,80.899956,43.82563,-20.962583541870117,DROP,
ACRFF,8,104.30099,57.70181,46.59918,99.669189453125,DROP,
ACRFF,10,110.84409,33.979908,76.86418,19.834482192993164,DROP,
ACRFF,20,101.716034,-35.71622,137.43225,,DROP,
ACRFF,27,71.31318,-23.992275,95.30545,,DROP,
ACRG,2,60.395336,5.3448925,55.050446,-11.764704704284668,DROP,
ACRG,12,103.65305,33.410477,70.24258,,DROP,
ACRG,22,124.158134,-6.61628,130.77441,,DROP,
ACRG,28,532.5454,36.619503,495.9259,,DROP,
ACRG,31,51.64677,24.380156,27.266615,,DROP,
ACSAF,6,124.725586,80.899956,43.82563,-7.90464973449707,DROP,
ACSAF,7,80.899956,34.203957,46.696,58.08821487426758,DROP,
ACSAF,12,103.65305,33.410477,70.24258,,DROP,
ACSAF,17,61.347836,2.2969577,59.050877,,DROP,
ACSAF,26,72.62254,8.935532,63.68701,,DROP,
ACTG,3,100.25678,67.56486,32.691925,11.686203956604004,DROP,
ACTG,4,67.56486,27.08955,40.475307,103.11749267578125,DROP,
ACTG,22,124.158134,104.38473,19.773407,,DROP,
ACTG,23,104.38473,88.670135,15.714592,,DROP,
ACTG,25,634.9075,240.42279,394.48468,,DROP,
ACTG,27,402.58472,68.198326,334.38638,,DROP,
ACTG,28,68.198326,-42.165558,110.363884,,DROP,
ACTL,12,103.65305,33.410477,70.24258,,DROP,
ACTL,25,634.9075,240.42279,394.48468,,DROP,
ACTL,26,240.42279,176.21619,64.206604,,DROP,
ACTL,27,176.21619,68.198326,108.01786,,DROP,
ACTL,28,68.198326,-42.165558,110.363884,,DROP,
ACU,5,1427.1494,1129.1366,298.01282,57.083778381347656,DROP,
ACU,6,1129.1366,39.07087,1090.0657,-38.047115325927734,DROP,
ACU,24,116.81446,72.53841,44.276054,,DROP,
ACU,26,133.37425,71.31318,62.061073,,DROP,
ACU,28,108.97116,-42.165558,151.13672,,DROP,
ADAP,8,104.30099,57.70181,46.59918,-11.159018516540527,DROP,
ADAP,9,57.70181,52.251896,5.449913,-70.26490783691406,DROP,
ADAP,12,103.65305,33.410477,70.24258,,DROP,
ADAP,22,124.158134,104.38473,19.773407,,DROP,
ADAP,23,104.38473,88.670135,15.714592,,DROP,
ADAP,24,88.670135,-11.9184885,100.58862,,DROP,
ADAP,29,158.45721,64.79518,93.66203,,DROP,
ADAP,30,64.79518,-26.819294,91.61447,,DROP,
ADEA,3,100.25678,67.56486,32.691925,-15.20582389831543,DROP,
ADEA,5,1427.1494,1.0289541,1426.1205,6.200931072235107,DROP,
ADEA,15,57.139645,48.1791,8.960545,,DROP,
ADEA,17,61.347836,2.2969577,59.050877,,DROP,
ADEA,27,71.31318,-23.992275,95.30545,,DROP,
ADI,5,1427.1494,1129.1366,298.01282,41.956722259521484,DROP,
ADI,6,1129.1366,39.07087,1090.0657,25.117727279663086,DROP,
ADI,9,57.70181,52.251896,5.449913,24.55731964111328,DROP,
ADI,10,52.251896,33.979908,18.271988,7.207835674285889,DROP,
ADI,12,103.65305,33.410477,70.24258,,DROP,
ADI,17,61.347836,27.855862,33.491974,,DROP,
ADI,20,101.716034,-35.71622,137.43225,,DROP,
ADI,28,532.5454,36.619503,495.9259,,DROP,
ADM,5,1427.1494,1.0289541,1426.1205,146.6509552001953,DROP,
ADM,12,103.65305,81.233574,22.41948,,DROP,
ADM,13,81.233574,19.944904,61.28867,,DROP,
ADM,19,212.09514,101.716034,110.379105,,DROP,
ADM,20,101.716034,24.893658,76.82237,,DROP,
ADM,27,176.21619,108.97116,67.245026,,DROP,
ADM,28,108.97116,4.8249474,104.14621,,DROP,
ADM,31,51.64677,24.380156,27.266615,,DROP,
ADMA,12,103.65305,81.233574,22.41948,,DROP,
ADMA,13,81.233574,19.944904,61.28867,,DROP,
ADMA,31,51.64677,7.8575935,43.789177,,DROP,
AABB,2,1190.2762,100.25678,1090.0194,-23.80416488647461,DROP,
AABB,3,100.25678,8.213653,92.04313,-92.8395767211914,DROP,
AABB,12,103.65305,81.233574,22.41948,,DROP,
AABB,13,81.233574,19.944904,61.28867,,DROP,
AABB,23,104.38473,88.670135,15.714592,,DROP,
AABB,25,634.9075,240.42279,394.48468,,DROP,
AABB,27,402.58472,108.97116,293.61356,,DROP,
AABB,28,108.97116,-35.58133,144.55249,,DROP,
AABVF,2,60.395336,37.509712,22.885624,-79.16667175292969,DROP,
AABVF,5,90.74465,-41.02033,131.76498,228.0,DROP,
AABVF,9,57.70181,52.251896,5.449913,5.000000953674316,DROP,
AABVF,10,52.251896,33.979908,18.271988,0.0,DROP,
AABVF,23,104.38473,88.670135,15.714592,,DROP,
AABVF,25,634.9075,240.42279,394.48468,,DROP,
AABVF,27,402.58472,68.198326,334.38638,,DROP,
AABVF,28,68.198326,-42.165558,110.363884,,DROP,
AACS,2,60.395336,37.509712,22.885624,-51.355926513671875,DROP,
AACS,12,103.65305,33.410477,70.24258,,DROP,
AACS,25,634.9075,240.42279,394.48468,,DROP,
AACS,26,240.42279,176.21619,64.206604,,DROP,
AACS,27,176.21619,55.905064,120.31113,,DROP,
AACS,28,55.905064,-8.554088,64.45915,,DROP,
ABBNY,2,60.395336,37.509712,22.885624,-13.907821655273438,DROP,
ABBNY,5,312.2425,124.725586,187.5169,56.13886642456055,DROP,
ABBNY,6,124.725586,80.899956,43.82563,16.189115524291992,DROP,
ABBNY,7,80.899956,34.203957,46.696,11.83321762084961,DROP,
ABBNY,19,212.09514,101.716034,110.379105,,DROP,
ABBNY,20,101.716034,24.893658,76.82237,,DROP,
ABBNY,26,133.37425,71.31318,62.061073,,DROP,
ABBNY,27,71.31318,55.905064,15.408115,,DROP,
ABBNY,28,55.905064,29.646275,26.25879,,DROP,
ABEV,2,60.395336,37.509712,22.885624,-30.33501434326172,DROP,
ABEV,5,90.74465,2.7169757,88.02768,26.311079025268555,DROP,
ABEV,8,104.30099,57.70181,46.59918,-19.678850173950195,DROP,
ABEV,9,57.70181,52.251896,5.449913,-23.574874877929688,DROP,
ABEV,11,69.411064,-37.24864,106.6597,7.396889686584473,DROP,
ABEV,17,77.8662,1.7052516,76.16095,,DROP,
ABEV,27,176.21619,55.905064,120.31113,,DROP,
ABEV,28,55.905064,-8.554088,64.45915,,DROP,
ABLZF,2,60.395336,37.509712,22.885624,-14.121330261230469,DROP,
ABLZF,5,312.2425,124.725586,187.5169,55.824737548828125,DROP,
ABLZF,6,124.725586,80.899956,43.82563,11.810138702392578,DROP,
ABLZF,7,80.899956,34.203957,46.696,6.427174091339111,DROP,
ABLZF,19,212.09514,101.716034,110.379105,,DROP,
ABLZF,20,101.716034,24.893658,76.82237,,DROP,
ABLZF,26,133.37425,71.31318,62.061073,,DROP,
ABLZF,27,71.31318,55.905064,15.408115,,DROP,
ABLZF,28,55.905064,29.646275,26.25879,,DROP,
ABNAF,2,60.395336,37.509712,22.885624,-58.19486999511719,DROP,
ABNAF,5,90.74465,-47.179478,137.92413,-30.008852005004883,DROP,
ABNAF,8,104.30099,8.752344,95.548645,-69.44935607910156,DROP,
ABNAF,12,103.65305,33.410477,70.24258,,DROP,
ABNAF,23,104.38473,88.670135,15.714592,,DROP,
ABNAF,24,88.670135,-11.9184885,100.58862,,DROP,
ABSCF,2,1190.2762,2.7828627,1187.4934,-38.85746383666992,DROP,
ABSCF,6,124.725586,39.07087,85.65472,-52.72611999511719,DROP,
ABSCF,16,48.1791,32.245277,15.933823,,DROP,
ABSCF,22,124.158134,104.38473,19.773407,,DROP,
ABSCF,23,104.38473,61.49995,42.884777,,DROP,
ABSCF,26,240.42279,8.935532,231.48726,,DROP,
ACAN,2,60.395336,37.509712,22.885624,-83.51240539550781,DROP,
ACAN,6,1129.1366,674.15216,454.98444,-80.75038146972656,DROP,
ACAN,7,674.15216,-32.83367,706.98584,-69.36382293701172,DROP,
ACAN,11,71.26871,14.105149,57.16356,-99.30979919433594,DROP,
ACAN,24,116.81446,72.53841,44.276054,,DROP,
ACAN,26,240.42279,8.935532,231.48726,,DROP,
ACCO,2,60.395336,37.509712,22.885624,-23.837499618530273,DROP,
ACCO,4,2437.5896,1427.1494,1010.4402,-15.0607328414917,DROP,
ACCO,5,1427.1494,1129.1366,298.01282,19.747827529907227,DROP,
ACCO,6,1129.1366,674.15216,454.98444,-33.37553024291992,DROP,
ACCO,7,674.15216,-32.83367,706.98584,-33.59268569946289,DROP,
ACCO,19,112.222466,76.950485,35.27198,,DROP,
ACCO,20,76.950485,-35.71622,112.6667,,DROP,
ACCO,27,71.31318,-1.6182535,72.931435,,DROP,
ACKRF,2,60.395336,37.509712,22.885624,20.000003814697266,DROP,
ACKRF,5,90.74465,-41.02033,131.76498,142.10523986816406,DROP,
ACKRF,8,104.30099,8.752344,95.548645,108.51063537597656,DROP,
ACKRF,19,112.222466,76.950485,35.27198,,DROP,
ACKRF,20,76.950485,-52.685917,129.6364,,DROP,
ACKRF,22,124.158134,104.38473,19.773407,,DROP,
ACKRF,23,104.38473,88.670135,15.714592,,DROP,
ACKRF,24,88.670135,59.733543,28.936592,,DROP,
ACKRF,25,59.733543,-28.412798,88.14634,,DROP,
ACLLF,2,60.395336,37.509712,22.885624,9.344597816467285,DROP,
ACLLF,5,90.74465,2.7169757,88.02768,34.37664031982422,DROP,
ACLLF,7,80.899956,34.203957,46.696,-17.158069610595703,DROP,
ACLLF,17,61.347836,27.855862,33.491974,,DROP,
ACLLF,19,112.222466,101.716034,10.506432,,DROP,
ACLLF,20,101.716034,-35.71622,137.43225,,DROP,
ACLLF,27,176.21619,108.97116,67.245026,,DROP,
ACLLF,28,108.97116,-8.554088,117.525246,,DROP,
ACLLF,31,51.64677,7.8575935,43.789177,,DROP,
ACNDF,2,60.395336,37.509712,22.885624,32.288047790527344,DROP,
ACNDF,4,67.56486,27.08955,40.475307,9.255533218383789,DROP,
ACNDF,7,80.899956,34.203957,46.696,-24.287118911743164,DROP,
ACNDF,15,57.139645,48.1791,8.960545,,DROP,
ACNDF,16,48.1791,32.245277,15.933823,,DROP,
ACNDF,19,112.222466,76.950485,35.27198,,DROP,
ACNDF,20,76.950485,-35.71622,112.6667,,DROP,
ACNDF,27,402.58472,-1.6182535,404.20297,,DROP,
ACUR,2,1190.2762,2.7828627,1187.4934,-24.244789123535156,DROP,
ACUR,11,69.411064,14.105149,55.305916,-84.32601928710938,DROP,
ACUR,19,112.222466,76.950485,35.27198,,DROP,
ACUR,20,76.950485,24.893658,52.056828,,DROP,
ACUR,26,240.42279,176.21619,64.206604,,DROP,
ACUR,27,176.21619,55.905064,120.31113,,DROP,
ACUR,28,55.905064,29.646275,26.25879,,DROP,
ADFJF,2,60.395336,37.509712,22.885624,-53.333335876464844,DROP,
ADFJF,19,112.222466,-26.457695,138.68016,,DROP,
ADFJF,24,116.81446,72.53841,44.276054,,DROP,
ADFJF,26,240.42279,176.21619,64.206604,,DROP,
ADFJF,27,176.21619,55.905064,120.31113,,DROP,
ADFJF,28,55.905064,-8.554088,64.45915,,DROP,
ADLRF,2,60.395336,2.7828627,57.612473,2.0936856269836426,DROP,
ADLRF,7,674.15216,22.258486,651.8937,21.030752182006836,DROP,
ADLRF,17,77.8662,1.7052516,76.16095,,DROP,
ADLRF,20,101.716034,-35.71622,137.43225,,DROP,
ADLRF,25,59.733543,-28.412798,88.14634,,DROP,
AACAF,3,100.25678,67.56486,32.691925,-37.48862838745117,DROP,
AACAF,5,312.2425,124.725586,187.5169,-61.234474182128906,DROP,
AACAF,6,124.725586,80.899956,43.82563,-49.50422286987305,DROP,
AACAF,8,104.30099,57.70181,46.59918,106.98922729492188,DROP,
AACAF,9,57.70181,52.251896,5.449913,95.09044647216797,DROP,
AACAF,10,52.251896,-6.290608,58.542503,64.73701477050781,DROP,
AACAF,19,212.09514,101.716034,110.379105,,DROP,
AACAF,20,101.716034,24.893658,76.82237,,DROP,
AACAF,24,88.670135,-11.9184885,100.58862,,DROP,
AACAF,27,176.21619,55.905064,120.31113,,DROP,
AACAF,28,55.905064,-8.554088,64.45915,,DROP,
AACAY,3,100.25678,67.56486,32.691925,-36.58623504638672,DROP,
AACAY,5,312.2425,124.725586,187.5169,-58.558040618896484,DROP,
AACAY,6,124.725586,80.899956,43.82563,-57.02158737182617,DROP,
AACAY,8,104.30099,57.70181,46.59918,144.21946716308594,DROP,
AACAY,9,57.70181,52.251896,5.449913,136.4268798828125,DROP,
AACAY,10,52.251896,-6.290608,58.542503,56.23863983154297,DROP,
AACAY,19,212.09514,101.716034,110.379105,,DROP,
AACAY,20,101.716034,24.893658,76.82237,,DROP,
AACAY,24,88.670135,-11.9184885,100.58862,,DROP,
AACAY,27,176.21619,55.905064,120.31113,,DROP,
AACAY,28,55.905064,-8.554088,64.45915,,DROP,
AATV,2,60.395336,37.509712,22.885624,58.41584777832031,DROP,
AATV,12,103.65305,81.233574,22.41948,,DROP,
AATV,13,81.233574,34.94369,46.289883,,DROP,
AATV,24,116.81446,72.53841,44.276054,,DROP,
AATV,26,240.42279,176.21619,64.206604,,DROP,
AATV,28,532.5454,29.646275,502.89914,,DROP,
ABAT,2,60.395336,37.509712,22.885624,-66.73554229736328,DROP,
ABAT,12,103.65305,33.410477,70.24258,,DROP,
ABAT,17,77.8662,-38.01836,115.88457,,DROP,
ABAT,22,124.158134,104.38473,19.773407,,DROP,
ABAT,23,104.38473,61.49995,42.884777,,DROP,
ABAT,25,634.9075,240.42279,394.48468,,DROP,
ABAT,27,402.58472,68.198326,334.38638,,DROP,
ABAT,28,68.198326,-42.165558,110.363884,,DROP,
ABBB,2,1190.2762,100.25678,1090.0194,6.4000020027160645,DROP,
ABBB,3,100.25678,67.56486,32.691925,-27.77777671813965,DROP,
ABBB,6,1129.1366,674.15216,454.98444,3.1578946113586426,DROP,
ABBB,7,674.15216,-32.83367,706.98584,-37.71318054199219,DROP,
ABBB,10,52.251896,-6.290608,58.542503,3.302319049835205,DROP,
ABBB,19,112.222466,76.950485,35.27198,,DROP,
ABBB,20,76.950485,-35.71622,112.6667,,DROP,
ABBB,25,634.9075,240.42279,394.48468,,DROP,
ABBB,27,402.58472,108.97116,293.61356,,DROP,
ABBB,28,108.97116,-35.58133,144.55249,,DROP,
ABM,2,60.395336,37.509712,22.885624,-1.3854467868804932,DROP,
ABM,5,1427.1494,1129.1366,298.01282,45.76323699951172,DROP,
ABM,6,1129.1366,39.07087,1090.0657,-0.45090675354003906,DROP,
ABM,15,57.139645,48.1791,8.960545,,DROP,
ABM,16,48.1791,32.245277,15.933823,,DROP,
ABM,26,133.37425,71.31318,62.061073,,DROP,
ABM,28,108.97116,-35.58133,144.55249,,DROP,
ABMBF,2,60.395336,37.509712,22.885624,-1.9999966621398926,DROP,
ABMBF,5,90.74465,-47.179478,137.92413,1.612906575202942,DROP,
ABMBF,7,674.15216,-32.83367,706.98584,-54.54545593261719,DROP,
ABMBF,19,112.222466,-26.457695,138.68016,,DROP,
ABMBF,23,104.38473,61.49995,42.884777,,DROP,
ABMBF,25,59.733543,-28.850784,88.58433,,DROP,
ABMT,2,1190.2762,-36.987774,1227.264,-8.307693481445312,DROP,
ABMT,12,103.65305,33.410477,70.24258,,DROP,
ABMT,17,77.8662,1.7052516,76.16095,,DROP,
ABMT,22,124.158134,104.38473,19.773407,,DROP,
ABMT,23,104.38473,-0.16925329,104.55398,,DROP,
ABTZY,2,60.395336,37.509712,22.885624,-22.22222328186035,DROP,
ABTZY,4,67.56486,27.08955,40.475307,-24.946073532104492,DROP,
ABTZY,10,110.84409,69.411064,41.43303,-31.15116310119629,DROP,
ABTZY,11,69.411064,-5.6686077,75.07967,3.2100942134857178,DROP,
ABTZY,17,61.347836,1.7052516,59.642586,,DROP,
ABTZY,25,634.9075,-28.850784,663.75824,,DROP,
ABTZY,31,51.64677,24.380156,27.266615,,DROP,
ACAI,2,1190.2762,100.25678,1090.0194,296.53179931640625,DROP,
ACAI,3,100.25678,67.56486,32.691925,194.21925354003906,DROP,
ACAI,4,67.56486,27.08955,40.475307,-20.023527145385742,DROP,
ACAI,15,57.139645,48.1791,8.960545,,DROP,
ACAI,17,61.347836,27.855862,33.491974,,DROP,
ACAI,24,116.81446,72.53841,44.276054,,DROP,
ACAI,26,72.62254,8.935532,63.68701,,DROP,
ACDSF,2,60.395336,37.509712,22.885624,9.202770233154297,DROP,
ACDSF,5,90.74465,2.7169757,88.02768,-1.2999608516693115,DROP,
ACDSF,8,104.30099,57.70181,46.59918,9.845985412597656,DROP,
ACDSF,9,57.70181,52.251896,5.449913,2.4656145572662354,DROP,
ACDSF,11,71.26871,-5.6686077,76.93732,14.368711471557617,DROP,
ACDSF,19,112.222466,76.950485,35.27198,,DROP,
ACDSF,20,76.950485,-35.71622,112.6667,,DROP,
ACDSF,24,61.49995,-11.9184885,73.41844,,DROP,
ACDSF,29,158.45721,64.79518,93.66203,,DROP,
ACDSF,30,64.79518,-26.819294,91.61447,,DROP,
ACEHF,2,60.395336,2.7828627,57.612473,7.272735118865967,DROP,
ACEHF,8,104.30099,57.70181,46.59918,28.857606887817383,DROP,
ACEHF,9,57.70181,52.251896,5.449913,-57.39316177368164,DROP,
ACEHF,10,52.251896,33.979908,18.271988,-92.44109344482422,DROP,
ACEHF,12,103.65305,-25.236835,128.8899,,DROP,
ACEHF,17,61.347836,1.7052516,59.642586,,DROP,
ACEHF,20,76.950485,-35.71622,112.6667,,DROP,
ACKAY,2,60.395336,37.509712,22.885624,-40.63615417480469,DROP,
ACKAY,7,80.899956,34.203957,46.696,21.910459518432617,DROP,
ACKAY,17,77.8662,1.7052516,76.16095,,DROP,
ACKAY,20,101.716034,-35.71622,137.43225,,DROP,
ACKAY,26,240.42279,8.935532,231.48726,,DROP,
ACKAY,31,51.64677,7.8575935,43.789177,,DROP,
ACKDF,2,60.395336,37.509712,22.885624,30.422332763671875,DROP,
ACKDF,5,90.74465,2.7169757,88.02768,31.661352157592773,DROP,
ACKDF,15,57.139645,48.1791,8.960545,,DROP,
ACKDF,16,48.1791,32.245277,15.933823,,DROP,
ACKDF,19,112.222466,-26.457695,138.68016,,DROP,
ACKDF,26,72.62254,8.935532,63.68701,,DROP,
ACKDF,30,64.79518,-26.819294,91.61447,,DROP,
ACNB,3,100.25678,67.56486,32.691925,-44.07041931152344,DROP,
ACNB,5,1427.1494,1129.1366,298.01282,42.412086486816406,DROP,
ACNB,6,1129.1366,674.15216,454.98444,21.855459213256836,DROP,
ACNB,7,674.15216,-32.83367,706.98584,33.1215705871582,DROP,
ACNB,12,103.65305,81.233574,22.41948,,DROP,
ACNB,13,81.233574,34.94369,46.289883,,DROP,
ACNB,28,108.97116,-35.58133,144.55249,,DROP,
ACNB,31,51.64677,24.380156,27.266615,,DROP,
ACPS,2,1190.2762,5.3448925,1184.9314,0.0,DROP,
ACPS,5,1427.1494,124.725586,1302.4238,0.0,DROP,
ACPS,6,124.725586,80.899956,43.82563,0.0,DROP,
ACPS,8,104.30099,8.752344,95.548645,-99.684814453125,DROP,
ACPS,17,77.8662,1.7052516,76.16095,,DROP,
ACPS,25,59.733543,12.021855,47.71169,,DROP,
ADC,2,60.395336,37.509712,22.885624,37.55470275878906,DROP,
ADC,5,90.74465,2.7169757,88.02768,9.633254051208496,DROP,
ADC,8,104.30099,8.752344,95.548645,14.776110649108887,DROP,
ADC,19,112.222466,76.950485,35.27198,,DROP,
ADC,20,76.950485,-35.71622,112.6667,,DROP,
ADC,27,176.21619,55.905064,120.31113,,DROP,
ADC,28,55.905064,29.646275,26.25879,,DROP,
ADOOY,3,100.25678,67.56486,32.691925,-36.753822326660156,DROP,
ADOOY,5,1427.1494,1129.1366,298.01282,244.78125,DROP,
ADOOY,6,1129.1366,39.07087,1090.0657,115.93458557128906,DROP,
ADOOY,8,104.30099,8.752344,95.548645,4.817851543426514,DROP,
ADOOY,10,110.84409,69.411064,41.43303,-33.24296951293945,DROP,
ADOOY,11,69.411064,14.105149,55.305916,-6.5317182540893555,DROP,
ADOOY,19,212.09514,101.716034,110.379105,,DROP,
ADOOY,20,101.716034,24.893658,76.82237,,DROP,
ADOOY,26,72.62254,8.935532,63.68701,,DROP,
ADOOY,31,51.64677,24.380156,27.266615,,DROP,
ADP,2,60.395336,37.509712,22.885624,43.14931106567383,DROP,
ADP,4,2437.5896,1427.1494,1010.4402,23.446693420410156,DROP,
ADP,5,1427.1494,1129.1366,298.01282,60.119361877441406,DROP,
ADP,6,1129.1366,674.15216,454.98444,24.448917388916016,DROP,
ADP,7,674.15216,104.30099,569.8512,-2.79530668258667,DROP,
ADP,8,104.30099,57.70181,46.59918,19.95782470703125,DROP,
ADP,9,57.70181,52.251896,5.449913,23.313901901245117,DROP,
ADP,12,103.65305,81.233574,22.41948,,DROP,
ADP,13,81.233574,34.94369,46.289883,,DROP,
ADP,16,48.1791,32.245277,15.933823,,DROP,
ADP,20,101.716034,-35.71622,137.43225,,DROP,
ADP,24,116.81446,72.53841,44.276054,,DROP,
ADP,27,71.31318,55.905064,15.408115,,DROP,
ADP,28,55.905064,36.619503,19.28556,,DROP,
AACT,2,1190.2762,5.3448925,1184.9314,0.0,DROP,
AACT,17,77.8662,1.7052516,76.16095,,DROP,
AACT,25,59.733543,12.021855,47.71169,,DROP,
AAGH,12,103.65305,33.410477,70.24258,,DROP,
AAGH,17,77.8662,1.7052516,76.16095,,DROP,
AAGH,25,634.9075,240.42279,394.48468,,DROP,
AAGH,27,402.58472,68.198326,334.38638,,DROP,
AAGH,28,68.198326,4.8249474,63.37338,,DROP,
AANNF,2,1190.2762,5.3448925,1184.9314,3.944744110107422,DROP,
AANNF,17,77.8662,1.7052516,76.16095,,DROP,
AANNF,19,212.09514,38.754204,173.34094,,DROP,
AANNF,27,71.31318,55.905064,15.408115,,DROP,
AANNF,28,55.905064,-8.554088,64.45915,,DROP,
AARTY,2,1190.2762,5.3448925,1184.9314,0.0,DROP,
AARTY,17,77.8662,1.7052516,76.16095,,DROP,
AARTY,25,59.733543,12.021855,47.71169,,DROP,
ABCFF,5,312.2425,124.725586,187.5169,-3.9215762615203857,DROP,
ABCFF,6,124.725586,80.899956,43.82563,-76.10619354248047,DROP,
ABCFF,7,80.899956,34.203957,46.696,-53.70370864868164,DROP,
ABCFF,23,104.38473,88.670135,15.714592,,DROP,
ABCFF,24,88.670135,59.733543,28.936592,,DROP,
ABCFF,25,59.733543,12.021855,47.71169,,DROP,
ABCFF,27,176.21619,108.97116,67.245026,,DROP,
ABCFF,28,108.97116,-42.165558,151.13672,,DROP,
ABL,2,1190.2762,5.3448925,1184.9314,0.0,DROP,
ABL,17,77.8662,1.7052516,76.16095,,DROP,
ABL,24,116.81446,72.53841,44.276054,,DROP,
ABL,26,240.42279,8.935532,231.48726,,DROP,
ABL,29,158.45721,39.291855,119.16536,,DROP,
ABL,31,51.64677,7.8575935,43.789177,,DROP,
ABLV,2,1190.2762,5.3448925,1184.9314,0.0,DROP,
ABLV,17,77.8662,1.7052516,76.16095,,DROP,
ABLV,25,59.733543,12.021855,47.71169,,DROP,
ABMRF,2,1190.2762,5.3448925,1184.9314,-42.771358489990234,DROP,
ABMRF,9,57.70181,52.251896,5.449913,95.05504608154297,DROP,
ABMRF,10,52.251896,33.979908,18.271988,70.24566650390625,DROP,
ABMRF,26,133.37425,71.31318,62.061073,,DROP,
ABMRF,27,71.31318,55.905064,15.408115,,DROP,
ABMRF,28,55.905064,36.619503,19.28556,,DROP,
ABOIF,2,1190.2762,5.3448925,1184.9314,0.0,DROP,
ABOIF,17,77.8662,1.7052516,76.16095,,DROP,
ABOIF,25,59.733543,-28.850784,88.58433,,DROP,
ABQQ,2,1190.2762,5.3448925,1184.9314,-96.80000305175781,DROP,
ABQQ,4,2437.5896,1427.1494,1010.4402,-99.29254913330078,DROP,
ABQQ,5,1427.1494,1129.1366,298.01282,-99.93159484863281,DROP,
ABQQ,6,1129.1366,674.15216,454.98444,-99.66434478759766,DROP,
ABQQ,7,674.15216,-32.83367,706.98584,-95.24590301513672,DROP,
ABQQ,19,112.222466,76.950485,35.27198,,DROP,
ABQQ,20,76.950485,57.084213,19.866272,,DROP,
ABQQ,21,57.084213,-9.233643,66.317856,,DROP,
ABQQ,27,402.58472,-23.992275,426.577,,DROP,
ABSI,2,1190.2762,5.3448925,1184.9314,0.0,DROP,
ABSI,17,77.8662,1.7052516,76.16095,,DROP,
ABSI,25,59.733543,12.021855,47.71169,,DROP,
ABTI,2,1190.2762,5.3448925,1184.9314,-30.92378044128418,DROP,
ABTI,5,312.2425,1.0289541,311.21353,-56.323856353759766,DROP,
ABTI,15,52.48662,0.7474901,51.739132,,DROP,
ABTI,25,634.9075,240.42279,394.48468,,DROP,
ABTI,26,240.42279,71.31318,169.10962,,DROP,
ABTI,27,71.31318,55.905064,15.408115,,DROP,
ABTI,28,55.905064,-42.165558,98.07062,,DROP,
ABVC,26,240.42279,176.21619,64.206604,,DROP,
ABVC,27,176.21619,-23.992275,200.20847,,DROP,
ABVE,2,1190.2762,5.3448925,1184.9314,0.0,DROP,
ABVE,17,77.8662,1.7052516,76.16095,,DROP,
ABVE,25,59.733543,12.021855,47.71169,,DROP,
ACBM,2,1190.2762,5.3448925,1184.9314,59.63999557495117,DROP,
ACBM,12,103.65305,33.410477,70.24258,,DROP,
ACBM,16,48.1791,32.245277,15.933823,,DROP,
ACBM,23,104.38473,61.49995,42.884777,,DROP,
ACBM,25,59.733543,-28.850784,88.58433,,DROP,
ACBM,28,532.5454,36.619503,495.9259,,DROP,
ACCR,5,90.74465,-47.179478,137.92413,101.25000762939453,DROP,
ACCR,19,212.09514,101.716034,110.379105,,DROP,
ACCR,20,101.716034,24.893658,76.82237,,DROP,
ACCR,25,634.9075,240.42279,394.48468,,DROP,
ACCR,27,402.58472,108.97116,293.61356,,DROP,
ACCR,28,108.97116,-35.58133,144.55249,,DROP,
ACDC,2,1190.2762,5.3448925,1184.9314,0.0,DROP,
ACDC,17,77.8662,1.7052516,76.16095,,DROP,
ACDC,25,59.733543,12.021855,47.71169,,DROP,
ACGAF,2,1190.2762,5.3448925,1184.9314,0.0,DROP,
ACGAF,17,77.8662,1.7052516,76.16095,,DROP,
ACGAF,25,59.733543,12.021855,47.71169,,DROP,
ACHR,2,1190.2762,5.3448925,1184.9314,0.0,DROP,
ACHR,17,77.8662,1.7052516,76.16095,,DROP,
ACHR,25,634.9075,240.42279,394.48468,,DROP,
ACHR,26,240.42279,8.935532,231.48726,,DROP,
ACIXF,2,1190.2762,5.3448925,1184.9314,0.0,DROP,
ACIXF,17,77.8662,1.7052516,76.16095,,DROP,
ACIXF,25,59.733543,12.021855,47.71169,,DROP,
ACMT,3,100.25678,67.56486,32.691925,30.000003814697266,DROP,
ACMT,4,67.56486,27.08955,40.475307,12.5,DROP,
ACMT,12,103.65305,81.233574,22.41948,,DROP,
ACMT,13,81.233574,34.94369,46.289883,,DROP,
ACMT,16,70.986015,32.245277,38.740738,,DROP,
ACMT,19,112.222466,-26.457695,138.68016,,DROP,
ACMT,24,116.81446,72.53841,44.276054,,DROP,
ACMT,26,240.42279,-13.765816,254.1886,,DROP,
ACMT,29,158.45721,-5.0826206,163.53984,,DROP,
ACMTA,2,1190.2762,100.25678,1090.0194,60.737396240234375,DROP,
ACMTA,3,100.25678,67.56486,32.691925,9.299149513244629,DROP,
ACMTA,4,67.56486,27.08955,40.475307,-5.714285850524902,DROP,
ACMTA,12,103.65305,81.233574,22.41948,,DROP,
ACMTA,13,81.233574,34.94369,46.289883,,DROP,
ACMTA,16,48.1791,32.245277,15.933823,,DROP,
ACMTA,18,106.62417,-22.145775,128.76994,,DROP,
ACMTA,22,124.158134,-6.61628,130.77441,,DROP,
ACMTA,26,240.42279,-13.765816,254.1886,,DROP,
ACMTA,31,51.64677,24.380156,27.266615,,DROP,
ACOPY,2,1190.2762,5.3448925,1184.9314,-10.204541206359863,DROP,
ACOPY,17,77.8662,-38.01836,115.88457,,DROP,
ACOPY,22,124.158134,104.38473,19.773407,,DROP,
ACOPY,23,104.38473,88.670135,15.714592,,DROP,
ACOPY,24,88.670135,-11.9184885,100.58862,,DROP,
ACRV,2,1190.2762,5.3448925,1184.9314,0.0,DROP,
ACRV,17,77.8662,1.7052516,76.16095,,DROP,
ACRV,25,59.733543,12.021855,47.71169,,DROP,
ACSAY,2,1190.2762,5.3448925,1184.9314,-2.02266788482666,DROP,
ACSAY,4,2437.5896,1427.1494,1010.4402,-34.158164978027344,DROP,
ACSAY,5,1427.1494,124.725586,1302.4238,6.3209404945373535,DROP,
ACSAY,6,124.725586,80.899956,43.82563,-2.7988109588623047,DROP,
ACSAY,7,80.899956,34.203957,46.696,77.94466400146484,DROP,
ACSAY,12,103.65305,33.410477,70.24258,,DROP,
ACSAY,17,61.347836,2.2969577,59.050877,,DROP,
ACSAY,26,72.62254,8.935532,63.68701,,DROP,
ACTU,2,1190.2762,5.3448925,1184.9314,0.0,DROP,
ACTU,17,77.8662,1.7052516,76.16095,,DROP,
ACTU,25,59.733543,12.021855,47.71169,,DROP,
ACTX,6,1129.1366,674.15216,454.98444,-89.49714660644531,DROP,
ACTX,7,674.15216,-32.83367,706.98584,-99.97650146484375,DROP,
ACTX,27,402.58472,-23.992275,426.577,,DROP,
ACVA,2,1190.2762,5.3448925,1184.9314,0.0,DROP,
ACVA,17,77.8662,1.7052516,76.16095,,DROP,
ACVA,26,133.37425,-13.765816,147.14008,,DROP,
ADCT,2,1190.2762,5.3448925,1184.9314,0.0,DROP,
ADCT,17,77.8662,1.7052516,76.16095,,DROP,
ADCT,22,124.158134,104.38473,19.773407,,DROP,
ADCT,23,104.38473,88.670135,15.714592,,DROP,
ADCT,24,88.670135,-11.9184885,100.58862,,DROP,
ADCT,29,158.45721,64.79518,93.66203,,DROP,
ADCT,30,64.79518,-26.819294,91.61447,,DROP,
ADHC,5,312.2425,124.725586,187.5169,86.50482177734375,DROP,
ADHC,6,124.725586,39.07087,85.65472,-52.134830474853516,DROP,
ADHC,12,103.65305,33.410477,70.24258,,DROP,
ADHC,17,77.8662,1.7052516,76.16095,,DROP,
ADHC,25,634.9075,240.42279,394.48468,,DROP,
ADHC,27,402.58472,-1.6182535,404.20297,,DROP,
ADHI,6,1129.1366,39.07087,1090.0657,-92.90187072753906,DROP,
ADHI,8,104.30099,8.752344,95.548645,-61.065460205078125,DROP,
ADHI,19,112.222466,76.950485,35.27198,,DROP,
ADHI,20,76.950485,24.893658,52.056828,,DROP,
ADHI,23,104.38473,88.670135,15.714592,,DROP,
ADHI,24,88.670135,59.733543,28.936592,,DROP,
ADHI,26,133.37425,8.935532,124.43872,,DROP,
ADIL,2,1190.2762,5.3448925,1184.9314,-51.13580322265625,DROP,
ADIL,17,77.8662,-38.01836,115.88457,,DROP,
ADIL,25,634.9075,240.42279,394.48468,,DROP,
ADIL,28,532.5454,158.45721,374.0882,,DROP,
ADIL,29,158.45721,64.79518,93.66203,,DROP,
ADIL,30,64.79518,-26.819294,91.61447,,DROP,
ADMG,5,312.2425,1.0289541,311.21353,638.1317138671875,DROP,
ADMG,17,77.8662,-38.01836,115.88457,,DROP,
ADMG,28,532.5454,158.45721,374.0882,,DROP,
ADMG,29,158.45721,64.79518,93.66203,,DROP,
ADMG,30,64.79518,-26.819294,91.61447,,DROP,
ADPPF,2,1190.2762,5.3448925,1184.9314,7.804447174072266,DROP,
ADPPF,12,103.65305,81.233574,22.41948,,DROP,
ADPPF,13,81.233574,34.94369,46.289883,,DROP,
ADPPF,26,240.42279,0.0,240.42279,,DROP,
AACTF,25,634.9075,240.42279,394.48468,,DROP,
AACTF,26,240.42279,8.935532,231.48726,,DROP,
AAMMF,17,77.8662,1.7052516,76.16095,,DROP,
AAMMF,23,104.38473,61.49995,42.884777,,DROP,
AAMMF,25,59.733543,-28.850784,88.58433,,DROP,
AAMMF,27,176.21619,55.905064,120.31113,,DROP,
AAMMF,28,55.905064,4.8249474,51.080116,,DROP,
AAMMF,31,51.64677,-31.199368,82.84614,,DROP,
AAVMY,26,133.37425,71.31318,62.061073,,DROP,
AAVMY,28,108.97116,36.619503,72.351654,,DROP,
AAVXF,7,80.899956,34.203957,46.696,-61.375,DROP,
AAVXF,17,77.8662,-38.01836,115.88457,,DROP,
AAVXF,19,212.09514,38.754204,173.34094,,DROP,
AAVXF,22,124.158134,-10.114472,134.27261,,DROP,
AAVXF,26,240.42279,8.935532,231.48726,,DROP,
ABANF,25,634.9075,133.37425,501.5332,,DROP,
ABANF,28,532.5454,36.619503,495.9259,,DROP,
ABANF,31,51.64677,-31.199368,82.84614,,DROP,
ABIT,25,634.9075,240.42279,394.48468,,DROP,
ABIT,26,240.42279,176.21619,64.206604,,DROP,
ABIT,28,532.5454,158.45721,374.0882,,DROP,
ABIT,29,158.45721,64.79518,93.66203,,DROP,
ABIT,30,64.79518,-26.819294,91.61447,,DROP,
ABNB,25,634.9075,240.42279,394.48468,,DROP,
ABNB,26,240.42279,8.935532,231.48726,,DROP,
ABNB,29,158.45721,19.794338,138.66287,,DROP,
ABSOF,15,57.139645,0.7474901,56.392155,,DROP,
ABSOF,20,76.950485,-35.71622,112.6667,,DROP,
ABSOF,26,240.42279,8.935532,231.48726,,DROP,
ABWN,3,100.25678,67.56486,32.691925,-91.98473358154297,DROP,
ABWN,6,1129.1366,39.07087,1090.0657,-75.30863952636719,DROP,
ABWN,23,104.38473,88.670135,15.714592,,DROP,
ABWN,25,634.9075,240.42279,394.48468,,DROP,
ABWN,27,402.58472,68.198326,334.38638,,DROP,
ABWN,28,68.198326,-42.165558,110.363884,,DROP,
ABZPY,10,110.84409,-6.290608,117.134705,1.6558611392974854,DROP,
ABZPY,17,77.8662,1.7052516,76.16095,,DROP,
ABZPY,25,59.733543,-28.850784,88.58433,,DROP,
ABZPY,31,51.64677,24.380156,27.266615,,DROP,
ACBD,16,48.1791,32.245277,15.933823,,DROP,
ACBD,26,240.42279,176.21619,64.206604,,DROP,
ACBD,27,176.21619,55.905064,120.31113,,DROP,
ACBD,28,55.905064,29.646275,26.25879,,DROP,
ACI,26,133.37425,71.31318,62.061073,,DROP,
ACI,28,532.5454,36.619503,495.9259,,DROP,
ACI,31,51.64677,7.8575935,43.789177,,DROP,
ACMDY,16,48.1791,-14.899281,63.07838,,DROP,
ACMDY,24,116.81446,72.53841,44.276054,,DROP,
ACMDY,26,72.62254,8.935532,63.68701,,DROP,
ACMR,10,110.84409,69.411064,41.43303,21.50955581665039,DROP,
ACMR,12,103.65305,33.410477,70.24258,,DROP,
ACMR,16,48.1791,32.245277,15.933823,,DROP,
ACMR,22,124.158134,104.38473,19.773407,,DROP,
ACMR,23,104.38473,88.670135,15.714592,,DROP,
ACMR,25,634.9075,240.42279,394.48468,,DROP,
ACMR,26,240.42279,8.935532,231.48726,,DROP,
ACMR,29,158.45721,64.79518,93.66203,,DROP,
ACMR,30,64.79518,-26.819294,91.61447,,DROP,
ACWRF,10,110.84409,69.411064,41.43303,-3.4444525241851807,DROP,
ACWRF,12,103.65305,-34.03797,137.69102,,DROP,
ACWRF,23,104.38473,88.670135,15.714592,,DROP,
ACWRF,24,88.670135,72.53841,16.13173,,DROP,
ACWRF,26,133.37425,71.31318,62.061073,,DROP,
ACWRF,28,108.97116,4.8249474,104.14621,,DROP,
ACWRF,31,51.64677,24.380156,27.266615,,DROP,
ADBKF,26,133.37425,71.31318,62.061073,,DROP,
ADBKF,27,71.31318,55.905064,15.408115,,DROP,
ADBKF,28,55.905064,29.646275,26.25879,,DROP,
ADN,15,57.139645,48.1791,8.960545,,DROP,
ADN,16,48.1791,32.245277,15.933823,,DROP,
ADN,19,112.222466,76.950485,35.27198,,DROP,
ADN,20,76.950485,57.084213,19.866272,,DROP,
ADN,22,124.158134,104.38473,19.773407,,DROP,
ADN,24,116.81446,72.53841,44.276054,,DROP,
ADN,26,240.42279,8.935532,231.48726,,DROP,
ADPT,22,124.158134,104.38473,19.773407,,DROP,
ADPT,23,104.38473,61.49995,42.884777,,DROP,
ADPT,25,72.53841,-28.850784,101.38919,,DROP,
AAIRF,25,634.9075,240.42279,394.48468,,DROP,
AAIRF,26,240.42279,8.935532,231.48726,,DROP,
ABDDF,16,48.1791,32.245277,15.933823,,DROP,
ABDDF,19,112.222466,-2.7590861,114.98155,,DROP,
ABDDF,25,59.733543,12.021855,47.71169,,DROP,
ABDDF,31,51.64677,7.8575935,43.789177,,DROP,
ABVN,3,100.25678,67.56486,32.691925,351.51513671875,DROP,
ABVN,5,1427.1494,1129.1366,298.01282,230.0,DROP,
ABVN,6,1129.1366,674.15216,454.98444,339.89007568359375,DROP,
ABVN,7,674.15216,104.30099,569.8512,-99.91263580322266,DROP,
ABVN,8,104.30099,8.752344,95.548645,-33.73106002807617,DROP,
ABVN,19,112.222466,76.950485,35.27198,,DROP,
ABVN,20,76.950485,-35.71622,112.6667,,DROP,
ABVN,23,104.38473,88.670135,15.714592,,DROP,
ABVN,24,88.670135,-11.9184885,100.58862,,DROP,
ABVN,29,158.45721,19.794338,138.66287,,DROP,
ABVN,31,51.64677,7.8575935,43.789177,,DROP,
ACA,15,57.139645,48.1791,8.960545,,DROP,
ACA,16,48.1791,32.245277,15.933823,,DROP,
ACA,19,112.222466,38.754204,73.46826,,DROP,
ACA,27,71.31318,-23.992275,95.30545,,DROP,
ACA,31,51.64677,7.8575935,43.789177,,DROP,
ACEL,12,103.65305,81.233574,22.41948,,DROP,
ACEL,13,81.233574,34.94369,46.289883,,DROP,
ACEL,16,48.1791,32.245277,15.933823,,DROP,
ACEL,19,212.09514,38.754204,173.34094,,DROP,
ACEL,25,634.9075,12.021855,622.8856,,DROP,
ACEL,27,176.21619,108.97116,67.245026,,DROP,
ACEL,28,108.97116,4.8249474,104.14621,,DROP,
ACEL,31,51.64677,-31.199368,82.84614,,DROP,
ACET,10,110.84409,-6.290608,117.134705,-54.119171142578125,DROP,
ACET,23,104.38473,88.670135,15.714592,,DROP,
ACET,24,88.670135,-11.9184885,100.58862,,DROP,
ACET,31,51.64677,24.380156,27.266615,,DROP,
ACITF,17,77.8662,1.7052516,76.16095,,DROP,
ACITF,27,176.21619,55.905064,120.31113,,DROP,
ACITF,28,55.905064,29.646275,26.25879,,DROP,
ACIU,10,52.251896,-6.290608,58.542503,-23.789363861083984,DROP,
ACIU,19,212.09514,38.754204,173.34094,,DROP,
ACIU,27,402.58472,68.198326,334.38638,,DROP,
ACIU,28,68.198326,-42.165558,110.363884,,DROP,
ACRL,2,60.395336,37.509712,22.885624,2238.488525390625,DROP,
ACRL,6,1129.1366,674.15216,454.98444,-73.1623764038086,DROP,
ACRL,7,674.15216,-32.83367,706.98584,-73.8479995727539,DROP,
ACRL,19,112.222466,101.716034,10.506432,,DROP,
ACRL,20,101.716034,24.893658,76.82237,,DROP,
ACRL,25,634.9075,240.42279,394.48468,,DROP,
ACRL,27,402.58472,108.97116,293.61356,,DROP,
ACRL,28,108.97116,-42.165558,151.13672,,DROP,
ACT,28,532.5454,36.619503,495.9259,,DROP,
ACT,31,51.64677,7.8575935,43.789177,,DROP,
AAL,5,1427.1494,1129.1366,298.01282,81.22017669677734,DROP,
AAL,6,1129.1366,80.899956,1048.2367,-27.711755752563477,DROP,
AAL,7,80.899956,22.258486,58.64147,-25.942655563354492,DROP,
AAL,26,133.37425,71.31318,62.061073,,DROP,
AAL,28,108.97116,-42.165558,151.13672,,DROP,
AAOI,3,100.25678,67.56486,32.691925,-50.69295120239258,DROP,
AAOI,5,312.2425,124.725586,187.5169,-70.09011840820312,DROP,
AAOI,6,124.725586,80.899956,43.82563,-67.26994323730469,DROP,
AAOI,7,80.899956,34.203957,46.696,199.47434997558594,DROP,
AAOI,19,212.09514,76.950485,135.14465,,DROP,
AAOI,20,76.950485,24.893658,52.056828,,DROP,
AAOI,24,88.670135,-11.9184885,100.58862,,DROP,
AATC,3,100.25678,67.56486,32.691925,-35.50880813598633,DROP,
AATC,4,67.56486,27.08955,40.475307,27.67556381225586,DROP,
AATC,12,103.65305,81.233574,22.41948,,DROP,
AATC,13,81.233574,34.94369,46.289883,,DROP,
AATC,26,240.42279,176.21619,64.206604,,DROP,
AATC,27,176.21619,55.905064,120.31113,,DROP,
AATC,28,55.905064,29.646275,26.25879,,DROP,
AATGF,10,110.84409,69.411064,41.43303,13.122190475463867,DROP,
AATGF,11,69.411064,14.105149,55.305916,0.0,DROP,
AATGF,24,116.81446,72.53841,44.276054,,DROP,
AATGF,27,402.58472,-23.992275,426.577,,DROP,
AATGF,29,158.45721,64.79518,93.66203,,DROP,
AATGF,30,64.79518,-26.819294,91.61447,,DROP,
ABCP,7,674.15216,-32.83367,706.98584,-46.999996185302734,DROP,
ABCP,12,103.65305,33.410477,70.24258,,DROP,
ABCP,24,116.81446,72.53841,44.276054,,DROP,
ABCP,25,72.53841,-28.850784,101.38919,,DROP,
ABCZF,5,312.2425,2.7169757,309.5255,-5.72505521774292,DROP,
ABCZF,8,104.30099,57.70181,46.59918,46.816246032714844,DROP,
ABCZF,10,110.84409,69.411064,41.43303,0.0,DROP,
ABCZF,12,103.65305,81.233574,22.41948,,DROP,
ABCZF,13,81.233574,-22.007368,103.240944,,DROP,
ABCZF,26,240.42279,8.935532,231.48726,,DROP,
ABGSF,8,104.30099,57.70181,46.59918,5.580560684204102,DROP,
ABGSF,10,110.84409,69.411064,41.43303,22.337017059326172,DROP,
ABGSF,11,69.411064,14.105149,55.305916,8.175984382629395,DROP,
ABGSF,25,634.9075,12.021855,622.8856,,DROP,
ABGSF,28,532.5454,29.646275,502.89914,,DROP,
ABILF,5,90.74465,-41.02033,131.76498,-23.658905029296875,DROP,
ABILF,26,240.42279,8.935532,231.48726,,DROP,
ABLT,6,124.725586,80.899956,43.82563,-59.7390251159668,DROP,
ABLT,8,104.30099,57.70181,46.59918,-36.672508239746094,DROP,
ABLT,9,57.70181,52.251896,5.449913,-31.353870391845703,DROP,
ABLT,10,52.251896,33.979908,18.271988,-7.289365768432617,DROP,
ABLT,12,103.65305,-0.049526032,103.702576,,DROP,
ABLT,16,48.1791,-13.236644,61.415745,,DROP,
ABLT,26,72.62254,8.935532,63.68701,,DROP,
ABTS,20,101.716034,-35.71622,137.43225,,DROP,
ABTS,25,634.9075,133.37425,501.5332,,DROP,
ABTS,27,176.21619,55.905064,120.31113,,DROP,
ABTS,28,55.905064,-8.554088,64.45915,,DROP,
ACGX,5,312.2425,124.725586,187.5169,4.469508171081543,DROP,
ACGX,6,124.725586,80.899956,43.82563,-34.82020568847656,DROP,
ACGX,7,80.899956,34.203957,46.696,-12.625236511230469,DROP,
ACGX,11,69.411064,14.105149,55.305916,-4.819273471832275,DROP,
ACGX,25,634.9075,240.42279,394.48468,,DROP,
ACGX,27,402.58472,108.97116,293.61356,,DROP,
ACGX,28,108.97116,-35.58133,144.55249,,DROP,
ACGX,30,64.79518,-26.819294,91.61447,,DROP,
ACLTF,6,1129.1366,39.07087,1090.0657,-10.037532806396484,DROP,
ACLTF,9,57.70181,10.331876,47.369934,23.61293601989746,DROP,
ACLTF,22,124.158134,-6.61628,130.77441,,DROP,
ACLTF,31,51.64677,24.380156,27.266615,,DROP,
ACSYF,8,104.30099,57.70181,46.59918,-63.959388732910156,DROP,
ACSYF,9,57.70181,52.251896,5.449913,-17.647069931030273,DROP,
ACSYF,10,52.251896,10.308465,41.94343,8.157891273498535,DROP,
ACSYF,15,57.139645,48.1791,8.960545,,DROP,
ACSYF,17,61.347836,2.2969577,59.050877,,DROP,
ACSYF,26,133.37425,71.31318,62.061073,,DROP,
ACSYF,27,71.31318,55.905064,15.408115,,DROP,
ACSYF,28,55.905064,-8.554088,64.45915,,DROP,
ADERY,10,52.251896,33.979908,18.271988,-8.05213451385498,DROP,
ADERY,19,112.222466,76.950485,35.27198,,DROP,
ADERY,20,76.950485,-35.71622,112.6667,,DROP,
ADERY,27,176.21619,55.905064,120.31113,,DROP,
ADERY,28,55.905064,29.646275,26.25879,,DROP,
ADERY,30,64.79518,-26.819294,91.61447,,DROP,
A,4,-3.7620008,312.2425,,119.47718811035156,ACQ,316.0045
A,7,80.899956,104.30099,,-17.67306137084961,ACQ,23.401031
A,14,11.98148,57.139645,,,ACQ,45.158165
A,16,48.1791,61.347836,,,ACQ,13.1687355
A,18,2.2969577,212.09514,,,ACQ,209.79819
A,22,41.156124,104.38473,,,ACQ,63.228603
A,24,61.49995,72.53841,,,ACQ,11.038456
A,27,71.31318,532.5454,,,ACQ,461.23224
A,29,29.646275,64.79518,,,ACQ,35.148907
AACG,6,-41.02033,80.899956,,-57.133113861083984,ACQ,121.92029
AACG,7,80.899956,104.30099,,-26.89768409729004,ACQ,23.401031
AACG,23,-10.114472,88.670135,,,ACQ,98.78461
AACG,24,88.670135,634.9075,,,ACQ,546.2373
AACG,26,240.42279,402.58472,,,ACQ,162.16193
AAGC,10,-7.213077,71.26871,,-3.225804090499878,ACQ,78.48178
AAGC,11,71.26871,103.65305,,-59.262855529785156,ACQ,32.384346
AAGC,16,-33.85184,77.8662,,,ACQ,111.71805
AAGC,21,-52.685917,124.158134,,,ACQ,176.84406
AAGC,24,61.49995,634.9075,,,ACQ,573.40753
AAGC,26,133.37425,176.21619,,,ACQ,42.841934
AAGIY,2,17.796593,100.25678,,19.950836181640625,ACQ,82.46019
AAGIY,4,67.56486,90.74465,,25.366262435913086,ACQ,23.179794
AAGIY,6,2.7169757,80.899956,,-16.721416473388672,ACQ,78.18298
AAGIY,7,80.899956,104.30099,,-17.171707153320312,ACQ,23.401031
AAGIY,10,52.251896,71.26871,,13.982250213623047,ACQ,19.016811
AAGIY,11,71.26871,103.65305,,19.08918571472168,ACQ,32.384346
AAGIY,15,9.703589,48.1791,,,ACQ,38.47551
AAGIY,16,48.1791,61.347836,,,ACQ,13.1687355
AAGIY,19,11.941115,101.716034,,,ACQ,89.77492
AAGIY,23,-10.114472,61.49995,,,ACQ,71.614426
AAGIY,24,61.49995,72.53841,,,ACQ,11.038456
AAIGF,2,17.796593,100.25678,,20.260900497436523,ACQ,82.46019
AAIGF,4,67.56486,90.74465,,26.074007034301758,ACQ,23.179794
AAIGF,6,2.7169757,80.899956,,-16.45954704284668,ACQ,78.18298
AAIGF,7,80.899956,104.30099,,-17.01495933532715,ACQ,23.401031
AAIGF,10,52.251896,71.26871,,13.321887969970703,ACQ,19.016811
AAIGF,11,71.26871,103.65305,,20.52186393737793,ACQ,32.384346
AAIGF,15,9.703589,48.1791,,,ACQ,38.47551
AAIGF,16,48.1791,61.347836,,,ACQ,13.1687355
AAIGF,19,11.941115,101.716034,,,ACQ,89.77492
AAIGF,23,-10.114472,61.49995,,,ACQ,71.614426
AAIGF,24,61.49995,72.53841,,,ACQ,11.038456
AAME,4,-27.555607,1427.1494,,75.14717864990234,ACQ,1454.7051
AAME,24,2.798147,634.9075,,,ACQ,632.1093
AAME,26,240.42279,402.58472,,,ACQ,162.16193
AAON,3,37.509712,67.56486,,84.38988494873047,ACQ,30.055145
AAON,4,67.56486,1427.1494,,32.18379592895508,ACQ,1359.5846
AAON,14,11.98148,57.139645,,,ACQ,45.158165
AAON,23,-10.114472,61.49995,,,ACQ,71.614426
AAON,24,61.49995,72.53841,,,ACQ,11.038456
AAON,25,72.53841,240.42279,,,ACQ,167.88438
AAON,36,37.072937,81.722786,,,ACQ,44.64985
AAPI,3,-36.987774,67.56486,,-60.71427917480469,ACQ,104.55263
AAPI,4,67.56486,312.2425,,-71.30292510986328,ACQ,244.67764
AAPI,5,312.2425,1129.1366,,56.94442367553711,ACQ,816.8941
AAPI,15,-33.24956,48.1791,,,ACQ,81.428665
AAPI,27,8.935532,532.5454,,,ACQ,523.60986
AAPI,30,28.30985,51.64677,,,ACQ,23.33692
AAPI,36,-14.73358,81.722786,,,ACQ,96.45637
ABCB,2,17.796593,100.25678,,-11.019501686096191,ACQ,82.46019
ABCB,4,67.56486,1427.1494,,25.89007568359375,ACQ,1359.5846
ABCB,9,3.9983253,110.84409,,58.91216278076172,ACQ,106.845764
ABCB,11,33.979908,103.65305,,9.333083152770996,ACQ,69.67314
ABCB,18,1.7052516,112.222466,,,ACQ,110.51721
ABCB,23,-41.685947,116.81446,,,ACQ,158.50041
ABCB,27,71.31318,108.97116,,,ACQ,37.65798
ABR,2,17.796593,100.25678,,67.17733001708984,ACQ,82.46019
ABR,5,27.08955,124.725586,,121.02900695800781,ACQ,97.63603
ABR,10,10.331876,71.26871,,-15.830304145812988,ACQ,60.936832
ABR,11,71.26871,103.65305,,-4.993032455444336,ACQ,32.384346
ABR,14,34.94369,57.139645,,,ACQ,22.195953
ABR,16,48.1791,61.347836,,,ACQ,13.1687355
ABR,18,27.855862,212.09514,,,ACQ,184.23927
ABR,23,-10.114472,61.49995,,,ACQ,71.614426
ABR,24,61.49995,72.53841,,,ACQ,11.038456
ABR,29,29.646275,64.79518,,,ACQ,35.148907
ABR,36,-25.963293,55.803688,,,ACQ,81.76698
AC,2,17.796593,100.25678,,6.986386299133301,ACQ,82.46019
AC,4,67.56486,312.2425,,5.410963535308838,ACQ,244.67764
AC,5,312.2425,1129.1366,,0.34987279772758484,ACQ,816.8941
AC,11,10.308465,103.65305,,0.4354315400123596,ACQ,93.34459
AC,14,11.98148,57.139645,,,ACQ,45.158165
AC,19,-34.97131,76.950485,,,ACQ,111.9218
AC,23,-10.114472,88.670135,,,ACQ,98.78461
AC,26,-28.412798,176.21619,,,ACQ,204.62898
ACB,2,-31.00335,100.25678,,-72.0607681274414,ACQ,131.26013
ACB,4,67.56486,1427.1494,,-90.34496307373047,ACQ,1359.5846
ACB,9,39.402916,52.251896,,-13.843527793884277,ACQ,12.84898
ACB,25,-20.303892,240.42279,,,ACQ,260.72668
ACIC,5,-7.8017645,124.725586,,-70.1058578491211,ACQ,132.52734
ACIC,9,3.9983253,110.84409,,113.26009368896484,ACQ,106.845764
ACIC,11,69.411064,103.65305,,-15.548504829406738,ACQ,34.24199
ACIC,26,-28.412798,402.58472,,,ACQ,430.99753
ACIC,36,37.072937,81.722786,,,ACQ,44.64985
ACM,3,37.509712,2437.5896,,34.24339294433594,ACQ,2400.0798
ACM,9,39.402916,52.251896,,30.86734962463379,ACQ,12.84898
ACM,17,32.245277,106.62417,,,ACQ,74.37889
ACM,18,106.62417,112.222466,,,ACQ,5.598297
ACM,23,-10.114472,61.49995,,,ACQ,71.614426
ACM,24,61.49995,72.53841,,,ACQ,11.038456
ACM,25,72.53841,133.37425,,,ACQ,60.835846
ACM,27,71.31318,108.97116,,,ACQ,37.65798
ACM,30,39.291855,51.64677,,,ACQ,12.354916
ACMB,3,37.509712,2437.5896,,-66.84603118896484,ACQ,2400.0798
ACMB,10,7.2763505,69.411064,,33.77483367919922,ACQ,62.134712
ACMB,24,-36.683777,59.733543,,,ACQ,96.41732
ACN,5,1.7633529,1129.1366,,55.3119010925293,ACQ,1127.3733
ACN,7,80.899956,104.30099,,-16.09508514404297,ACQ,23.401031
ACN,11,33.979908,103.65305,,-24.514923095703125,ACQ,69.67314
ACN,15,-6.661417,48.1791,,,ACQ,54.840515
ACN,17,32.245277,106.62417,,,ACQ,74.37889
ACN,19,11.941115,101.716034,,,ACQ,89.77492
ACN,22,41.156124,104.38473,,,ACQ,63.228603
ACN,24,61.49995,72.53841,,,ACQ,11.038456
ACN,25,72.53841,133.37425,,,ACQ,60.835846
ACN,27,71.31318,532.5454,,,ACQ,461.23224
ACN,36,-14.73358,68.47171,,,ACQ,83.20529
ACOPF,3,5.3448925,67.56486,,64.07722473144531,ACQ,62.219963
ACOPF,4,67.56486,1427.1494,,-52.83382034301758,ACQ,1359.5846
ACOPF,7,80.899956,104.30099,,-33.52779006958008,ACQ,23.401031
ACOPF,10,52.251896,69.411064,,20.476991653442383,ACQ,17.159168
ACOPF,14,-39.45085,57.139645,,,ACQ,96.5905
ACOPF,16,48.1791,61.347836,,,ACQ,13.1687355
ACOPF,20,-13.065072,57.084213,,,ACQ,70.149284
ACOPF,21,57.084213,124.158134,,,ACQ,67.07392
ACRS,4,67.56486,1427.1494,,1414.573486328125,ACQ,1359.5846
ACRS,22,41.156124,104.38473,,,ACQ,63.228603
ACRS,23,104.38473,116.81446,,,ACQ,12.429733
ACRS,24,116.81446,634.9075,,,ACQ,518.093
ACRS,26,133.37425,402.58472,,,ACQ,269.21045
ACXIF,4,-27.555607,312.2425,,43.8078498840332,ACQ,339.7981
ACXIF,10,7.2763505,69.411064,,57.94535446166992,ACQ,62.134712
ACXIF,14,34.94369,57.139645,,,ACQ,22.195953
ACXIF,16,48.1791,61.347836,,,ACQ,13.1687355
ACXIF,23,-10.114472,61.49995,,,ACQ,71.614426
ACXIF,24,61.49995,72.53841,,,ACQ,11.038456
ACXIF,25,72.53841,133.37425,,,ACQ,60.835846
ACXIF,27,71.31318,532.5454,,,ACQ,461.23224
ACXIF,30,19.794338,51.64677,,,ACQ,31.852432
ADAD,16,-33.85184,77.8662,,,ACQ,111.71805
ADAD,24,-36.683777,634.9075,,,ACQ,671.59125
ADAD,26,240.42279,402.58472,,,ACQ,162.16193
ADAD,30,28.30985,51.64677,,,ACQ,23.33692
ADBE,2,60.395336,100.25678,,74.68870544433594,ACQ,39.861446
ADBE,4,67.56486,312.2425,,108.79248046875,ACQ,244.67764
ADBE,7,80.899956,104.30099,,7.011580467224121,ACQ,23.401031
ADBE,10,52.251896,69.411064,,-26.831552505493164,ACQ,17.159168
ADBE,11,69.411064,103.65305,,-20.010122299194336,ACQ,34.24199
ADBE,15,-6.661417,48.1791,,,ACQ,54.840515
ADBE,20,38.754204,57.084213,,,ACQ,18.33001
ADBE,21,57.084213,124.158134,,,ACQ,67.07392
ADBE,26,12.021855,176.21619,,,ACQ,164.19434
ADBE,27,176.21619,532.5454,,,ACQ,356.32922
ADBE,29,29.646275,64.79518,,,ACQ,35.148907
ADBE,36,-14.73358,68.47171,,,ACQ,83.20529
ADHLF,24,-0.16925329,72.53841,,,ACQ,72.70766
AA,1,-25.297274,60.395336,,-13.49179458618164,ACQ,85.69261
AA,3,37.509712,2437.5896,,-68.14130401611328,ACQ,2400.0798
AA,10,52.251896,71.26871,,-23.885696411132812,ACQ,19.016811
AA,23,-10.114472,61.49995,,,ACQ,71.614426
AA,24,61.49995,72.53841,,,ACQ,11.038456
AA,25,72.53841,133.37425,,,ACQ,60.835846
AA,30,39.291855,51.64677,,,ACQ,12.354916
AAMAF,7,-6.2708364,104.30099,,-99.99535369873047,ACQ,110.57182
AAMAF,25,-20.303892,240.42279,,,ACQ,260.72668
AAMTF,3,2.7828627,2437.5896,,-44.71427917480469,ACQ,2434.8066
AAMTF,5,1.7633529,1129.1366,,14.083148956298828,ACQ,1127.3733
AAMTF,7,80.899956,104.30099,,73.58718872070312,ACQ,23.401031
AAMTF,9,57.70181,110.84409,,-1.9934637546539307,ACQ,53.142284
AAMTF,26,12.021855,176.21619,,,ACQ,164.19434
AAMTF,36,37.072937,81.722786,,,ACQ,44.64985
AAP,3,37.509712,2437.5896,,-6.905621528625488,ACQ,2400.0798
AAP,10,7.2763505,69.411064,,-24.600557327270508,ACQ,62.134712
AAP,11,69.411064,103.65305,,53.50609588623047,ACQ,34.24199
AAP,23,-10.114472,61.49995,,,ACQ,71.614426
AAP,24,61.49995,72.53841,,,ACQ,11.038456
AAP,25,72.53841,133.37425,,,ACQ,60.835846
AAPJ,2,-24.501465,100.25678,,-21.790447235107422,ACQ,124.75825
AAPJ,6,2.7169757,80.899956,,-93.37992858886719,ACQ,78.18298
AAPJ,7,80.899956,104.30099,,-97.89915466308594,ACQ,23.401031
AAPJ,10,10.331876,71.26871,,-23.07693099975586,ACQ,60.936832
AAPJ,11,71.26871,103.65305,,-13.043478012084961,ACQ,32.384346
AAPJ,14,11.98148,57.139645,,,ACQ,45.158165
AAPJ,16,48.1791,61.347836,,,ACQ,13.1687355
AAPJ,22,-50.226185,104.38473,,,ACQ,154.61092
AAPJ,23,104.38473,116.81446,,,ACQ,12.429733
AAPJ,25,72.53841,133.37425,,,ACQ,60.835846
AAPL,2,-31.00335,100.25678,,59.25883102416992,ACQ,131.26013
AAPL,4,67.56486,312.2425,,188.5574493408203,ACQ,244.67764
AAPL,8,34.203957,57.70181,,58.2432861328125,ACQ,23.497852
AAPL,10,52.251896,71.26871,,12.363007545471191,ACQ,19.016811
AAPL,11,71.26871,103.65305,,-11.789571762084961,ACQ,32.384346
AAPL,17,-13.236644,106.62417,,,ACQ,119.86081
AAPL,18,106.62417,112.222466,,,ACQ,5.598297
AAPL,21,24.893658,124.158134,,,ACQ,99.26448
AAPL,24,61.49995,72.53841,,,ACQ,11.038456
AAPL,25,72.53841,240.42279,,,ACQ,167.88438
AAPL,27,176.21619,532.5454,,,ACQ,356.32922
AAPL,30,39.291855,51.64677,,,ACQ,12.354916
AAPL,36,3.1301384,81.722786,,,ACQ,78.59265
AASP,3,37.509712,2437.5896,,-64.58332824707031,ACQ,2400.0798
AASP,6,1.0289541,674.15216,,-81.1977767944336,ACQ,673.1232
AASP,9,8.752344,52.251896,,3749.723876953125,ACQ,43.49955
AASP,10,52.251896,69.411064,,1566.237060546875,ACQ,17.159168
AASP,16,0.7474901,77.8662,,,ACQ,77.11871
AASP,24,-36.683777,634.9075,,,ACQ,671.59125
AASP,26,240.42279,402.58472,,,ACQ,162.16193
AAT,4,-3.7620008,90.74465,,-20.977067947387695,ACQ,94.50665
AAT,6,-47.179478,674.15216,,-25.239154815673828,ACQ,721.33167
AAT,14,34.94369,52.48662,,,ACQ,17.54293
AAT,16,48.1791,61.347836,,,ACQ,13.1687355
AAT,18,27.855862,112.222466,,,ACQ,84.36661
AAT,24,2.798147,72.53841,,,ACQ,69.74026
AAT,25,72.53841,133.37425,,,ACQ,60.835846
AAT,29,29.646275,64.79518,,,ACQ,35.148907
AATRL,5,-7.8017645,124.725586,,26.810970306396484,ACQ,132.52734
AATRL,7,39.07087,104.30099,,-21.479595184326172,ACQ,65.23012
AATRL,23,-10.114472,61.49995,,,ACQ,71.614426
AATRL,24,61.49995,72.53841,,,ACQ,11.038456
AATRL,25,72.53841,133.37425,,,ACQ,60.835846
AAVVF,1,-25.297274,60.395336,,-70.64891815185547,ACQ,85.69261
AAVVF,2,60.395336,100.25678,,-51.10582733154297,ACQ,39.861446
AAVVF,18,2.2969577,212.09514,,,ACQ,209.79819
AAVVF,23,-41.685947,61.49995,,,ACQ,103.1859
AAVVF,24,61.49995,634.9075,,,ACQ,573.40753
AAVVF,26,133.37425,176.21619,,,ACQ,42.841934
AAVVF,30,19.794338,51.64677,,,ACQ,31.852432
AB,4,-27.555607,1427.1494,,62.154666900634766,ACQ,1454.7051
AB,6,1.0289541,80.899956,,5.007721900939941,ACQ,79.871
AB,8,22.258486,57.70181,,0.8991541266441345,ACQ,35.44332
AB,11,33.979908,103.65305,,8.976568222045898,ACQ,69.67314
AB,16,-33.85184,77.8662,,,ACQ,111.71805
AB,23,-10.114472,61.49995,,,ACQ,71.614426
AB,24,61.49995,72.53841,,,ACQ,11.038456
AB,25,72.53841,133.37425,,,ACQ,60.835846
ABBV,1,-25.297274,60.395336,,20.78316307067871,ACQ,85.69261
ABBV,4,-3.7620008,90.74465,,79.49906921386719,ACQ,94.50665
ABBV,5,90.74465,124.725586,,66.69075775146484,ACQ,33.980934
ABBV,7,80.899956,104.30099,,9.406416893005371,ACQ,23.401031
ABBV,18,-38.01836,212.09514,,,ACQ,250.1135
ABBV,23,-10.114472,61.49995,,,ACQ,71.614426
ABBV,24,61.49995,72.53841,,,ACQ,11.038456
ABBV,30,39.291855,51.64677,,,ACQ,12.354916
ABBY,4,-27.555607,90.74465,,22.59401512145996,ACQ,118.30026
ABBY,7,39.07087,104.30099,,-90.0,ACQ,65.23012
ABBY,21,-52.685917,124.158134,,,ACQ,176.84406
ABBY,24,61.49995,634.9075,,,ACQ,573.40753
ABEO,2,-24.501465,100.25678,,-76.51799774169922,ACQ,124.75825
ABEO,7,-6.2708364,104.30099,,-46.598876953125,ACQ,110.57182
ABEO,36,-37.35824,55.803688,,,ACQ,93.16193
ABG,3,5.3448925,2437.5896,,63.33524703979492,ACQ,2432.2446
ABG,9,39.402916,52.251896,,12.036385536193848,ACQ,12.84898
ABG,11,33.979908,103.65305,,-13.675987243652344,ACQ,69.67314
ABG,15,-33.24956,48.1791,,,ACQ,81.428665
ABG,17,32.245277,106.62417,,,ACQ,74.37889
ABG,18,106.62417,112.222466,,,ACQ,5.598297
ABG,23,-10.114472,61.49995,,,ACQ,71.614426
ABG,24,61.49995,72.53841,,,ACQ,11.038456
ABG,25,72.53841,133.37425,,,ACQ,60.835846
ABG,27,71.31318,108.97116,,,ACQ,37.65798
ABG,36,37.072937,68.47171,,,ACQ,31.398773
ABGOF,15,-33.24956,48.1791,,,ACQ,81.428665
ABGOF,16,48.1791,61.347836,,,ACQ,13.1687355
ABGOF,23,-41.685947,61.49995,,,ACQ,103.1859
ABGOF,24,61.49995,634.9075,,,ACQ,573.40753
ABGOF,26,240.42279,402.58472,,,ACQ,162.16193
ABGOF,30,39.291855,51.64677,,,ACQ,12.354916
ABGOF,36,3.1301384,55.803688,,,ACQ,52.67355
ABT,4,-3.7620008,90.74465,,38.46380615234375,ACQ,94.50665
ABT,5,90.74465,124.725586,,25.478485107421875,ACQ,33.980934
ABT,7,80.899956,104.30099,,-24.354476928710938,ACQ,23.401031
ABT,11,33.979908,103.65305,,-6.143344879150391,ACQ,69.67314
ABT,14,34.94369,57.139645,,,ACQ,22.195953
ABT,17,32.245277,106.62417,,,ACQ,74.37889
ABT,19,11.941115,101.716034,,,ACQ,89.77492
ABT,21,57.084213,124.158134,,,ACQ,67.07392
ABT,24,61.49995,72.53841,,,ACQ,11.038456
ABT,25,72.53841,240.42279,,,ACQ,167.88438
ABT,26,240.42279,402.58472,,,ACQ,162.16193
ABT,27,402.58472,532.5454,,,ACQ,129.9607
ABUS,4,-34.63919,90.74465,,68.72328186035156,ACQ,125.38384
ABUS,6,2.7169757,80.899956,,-24.174602508544922,ACQ,78.18298
ABUS,7,80.899956,104.30099,,-50.40550231933594,ACQ,23.401031
ABUS,11,10.308465,103.65305,,-1.273318886756897,ACQ,93.34459
ABUS,23,-10.114472,61.49995,,,ACQ,71.614426
ABUS,24,61.49995,72.53841,,,ACQ,11.038456
ABUS,25,72.53841,240.42279,,,ACQ,167.88438
ABUS,28,-1.6182535,158.45721,,,ACQ,160.07547
ACAD,5,-7.8017645,124.725586,,-63.30895233154297,ACQ,132.52734
ACAD,6,124.725586,674.15216,,-45.90513229370117,ACQ,549.4266
ACAD,14,-39.45085,57.139645,,,ACQ,96.5905
ACAD,16,48.1791,61.347836,,,ACQ,13.1687355
ACAD,17,61.347836,106.62417,,,ACQ,45.276333
ACAD,18,106.62417,112.222466,,,ACQ,5.598297
ACAD,21,24.893658,124.158134,,,ACQ,99.26448
ACAD,23,-6.61628,61.49995,,,ACQ,68.116234
ACAD,30,28.30985,51.64677,,,ACQ,23.33692
ACAD,36,37.072937,81.722786,,,ACQ,44.64985
ACAZF,4,-27.555607,90.74465,,16.013986587524414,ACQ,118.30026
ACAZF,6,-47.179478,80.899956,,-15.749542236328125,ACQ,128.07944
ACAZF,7,80.899956,104.30099,,-16.33588218688965,ACQ,23.401031
ACAZF,16,-33.85184,77.8662,,,ACQ,111.71805
ACAZF,23,-10.114472,61.49995,,,ACQ,71.614426
ACAZF,24,61.49995,72.53841,,,ACQ,11.038456
ACAZF,25,72.53841,133.37425,,,ACQ,60.835846
ACAZF,27,71.31318,108.97116,,,ACQ,37.65798
ACAZF,30,-42.926674,51.64677,,,ACQ,94.57344
ACAZF,36,-44.05156,68.47171,,,ACQ,112.52327
ACCFF,4,-3.7620008,90.74465,,5.932543754577637,ACQ,94.50665
ACCFF,7,-35.11415,104.30099,,-27.38756561279297,ACQ,139.41513
ACCFF,14,11.98148,52.48662,,,ACQ,40.505142
ACCFF,24,2.798147,72.53841,,,ACQ,69.74026
ACCFF,26,72.62254,176.21619,,,ACQ,103.59364
ACCYY,5,-7.8017645,124.725586,,31.27243423461914,ACQ,132.52734
ACCYY,7,80.899956,104.30099,,16.45816421508789,ACQ,23.401031
ACCYY,9,57.70181,110.84409,,51.73161697387695,ACQ,53.142284
ACCYY,19,11.941115,101.716034,,,ACQ,89.77492
ACCYY,24,2.798147,72.53841,,,ACQ,69.74026
ACCYY,36,37.072937,81.722786,,,ACQ,44.64985
ACGBF,2,-24.501465,100.25678,,-11.603370666503906,ACQ,124.75825
ACGBF,4,67.56486,312.2425,,-12.82050895690918,ACQ,244.67764
ACGBF,9,3.9983253,110.84409,,108.90208435058594,ACQ,106.845764
ACGBF,25,-20.303892,72.62254,,,ACQ,92.92644
ACGBF,30,28.30985,51.64677,,,ACQ,23.33692
ACGBF,36,37.072937,81.722786,,,ACQ,44.64985
ACGBY,2,-24.501465,100.25678,,-13.191737174987793,ACQ,124.75825
ACGBY,4,67.56486,312.2425,,-12.276874542236328,ACQ,244.67764
ACGBY,9,3.9983253,110.84409,,102.34117126464844,ACQ,106.845764
ACGBY,25,-20.303892,72.62254,,,ACQ,92.92644
ACGBY,30,28.30985,51.64677,,,ACQ,23.33692
ACGBY,36,37.072937,81.722786,,,ACQ,44.64985
ACGL,2,-24.501465,100.25678,,40.50935363769531,ACQ,124.75825
ACGL,4,67.56486,1427.1494,,-2.4617128372192383,ACQ,1359.5846
ACGL,14,11.98148,57.139645,,,ACQ,45.158165
ACGL,17,32.245277,106.62417,,,ACQ,74.37889
ACGL,18,106.62417,112.222466,,,ACQ,5.598297
ACGL,24,2.798147,72.53841,,,ACQ,69.74026
ACGL,25,72.53841,133.37425,,,ACQ,60.835846
ACGL,27,71.31318,108.97116,,,ACQ,37.65798
ACGL,30,39.291855,51.64677,,,ACQ,12.354916
ACGL,36,37.072937,81.722786,,,ACQ,44.64985
ACGYF,2,17.796593,100.25678,,-22.140213012695312,ACQ,82.46019
ACGYF,4,67.56486,1427.1494,,-12.55941390991211,ACQ,1359.5846
ACGYF,23,-41.685947,61.49995,,,ACQ,103.1859
ACGYF,24,61.49995,72.53841,,,ACQ,11.038456
ACHC,6,2.7169757,80.899956,,41.05527877807617,ACQ,78.18298
ACHC,11,-32.267693,103.65305,,-36.446266174316406,ACQ,135.92075
ACHC,23,-10.114472,61.49995,,,ACQ,71.614426
ACHC,24,61.49995,72.53841,,,ACQ,11.038456
ACHV,15,-45.87255,48.1791,,,ACQ,94.05165
ACHV,23,-10.114472,88.670135,,,ACQ,98.78461
ACHV,24,88.670135,634.9075,,,ACQ,546.2373
ACHV,36,37.072937,81.722786,,,ACQ,44.64985
ACIW,5,-7.8017645,124.725586,,4.437149524688721,ACQ,132.52734
ACIW,12,21.205801,81.233574,,,ACQ,60.02777
ACIW,14,34.94369,57.139645,,,ACQ,22.195953
ACIW,16,48.1791,61.347836,,,ACQ,13.1687355
ACIW,18,27.855862,212.09514,,,ACQ,184.23927
ACIW,23,-41.685947,116.81446,,,ACQ,158.50041
ACLS,2,-24.501465,100.25678,,-21.53077507019043,ACQ,124.75825
ACLS,4,67.56486,1427.1494,,137.10189819335938,ACQ,1359.5846
ACLS,7,80.899956,104.30099,,84.80045318603516,ACQ,23.401031
ACLS,18,2.2969577,212.09514,,,ACQ,209.79819
ACLS,23,-10.114472,61.49995,,,ACQ,71.614426
ACLS,24,61.49995,72.53841,,,ACQ,11.038456
ACLS,25,72.53841,133.37425,,,ACQ,60.835846
ACLS,27,71.31318,532.5454,,,ACQ,461.23224
ACLS,30,39.291855,51.64677,,,ACQ,12.354916
ACLS,36,37.072937,81.722786,,,ACQ,44.64985
ACNT,2,-24.501465,100.25678,,-9.221614837646484,ACQ,124.75825
ACNT,4,67.56486,1427.1494,,-37.309242248535156,ACQ,1359.5846
ACNT,8,22.258486,57.70181,,-33.31672286987305,ACQ,35.44332
ACNT,10,52.251896,71.26871,,27.28167724609375,ACQ,19.016811
ACNT,11,71.26871,103.65305,,13.852928161621094,ACQ,32.384346
ACNT,25,-20.303892,133.37425,,,ACQ,153.67815
ACNT,30,39.291855,51.64677,,,ACQ,12.354916
ACNV,1,-25.297274,1190.2762,,-59.212257385253906,ACQ,1215.5735
ACNV,19,-7.9089837,76.950485,,,ACQ,84.85947
ACNV,24,2.798147,634.9075,,,ACQ,632.1093
ACR,7,-6.2708364,104.30099,,-34.64662551879883,ACQ,110.57182
ACR,12,21.205801,81.233574,,,ACQ,60.02777
ACR,17,32.245277,106.62417,,,ACQ,74.37889
ACR,18,106.62417,112.222466,,,ACQ,5.598297
ACR,24,2.798147,72.53841,,,ACQ,69.74026
ACRE,3,37.509712,67.56486,,-32.2243766784668,ACQ,30.055145
ACRE,4,67.56486,1427.1494,,-1.4171785116195679,ACQ,1359.5846
ACRE,14,34.94369,57.139645,,,ACQ,22.195953
ACRE,16,48.1791,61.347836,,,ACQ,13.1687355
ACRE,18,27.855862,212.09514,,,ACQ,184.23927
ACRE,23,-41.685947,61.49995,,,ACQ,103.1859
ACRE,24,61.49995,72.53841,,,ACQ,11.038456
ACRE,29,29.646275,64.79518,,,ACQ,35.148907
ACRFF,5,-7.8017645,124.725586,,29.89822006225586,ACQ,132.52734
ACRFF,7,80.899956,104.30099,,13.33596420288086,ACQ,23.401031
ACRFF,9,57.70181,110.84409,,40.543235778808594,ACQ,53.142284
ACRFF,19,11.941115,101.716034,,,ACQ,89.77492
ACRFF,24,2.798147,72.53841,,,ACQ,69.74026
ACRFF,36,37.072937,81.722786,,,ACQ,44.64985
ACRG,1,-25.297274,60.395336,,11.111114501953125,ACQ,85.69261
ACRG,10,7.2763505,69.411064,,-78.94515228271484,ACQ,62.134712
ACRG,11,69.411064,103.65305,,-60.39603805541992,ACQ,34.24199
ACRG,21,-52.685917,124.158134,,,ACQ,176.84406
ACRG,25,-11.9184885,240.42279,,,ACQ,252.34128
ACRG,26,240.42279,402.58472,,,ACQ,162.16193
ACRG,27,402.58472,532.5454,,,ACQ,129.9607
ACRG,30,39.291855,51.64677,,,ACQ,12.354916
ACSAF,5,1.7633529,124.725586,,5.208849906921387,ACQ,122.962234
ACSAF,10,10.331876,71.26871,,61.81464385986328,ACQ,60.936832
ACSAF,11,71.26871,103.65305,,25.423086166381836,ACQ,32.384346
ACSAF,15,9.703589,48.1791,,,ACQ,38.47551
ACSAF,16,48.1791,61.347836,,,ACQ,13.1687355
ACSAF,23,-41.685947,61.49995,,,ACQ,103.1859
ACSAF,24,61.49995,72.53841,,,ACQ,11.038456
ACSAF,36,37.072937,81.722786,,,ACQ,44.64985
ACTG,2,-24.501465,100.25678,,-28.460968017578125,ACQ,124.75825
ACTG,21,24.893658,124.158134,,,ACQ,99.26448
ACTG,24,88.670135,634.9075,,,ACQ,546.2373
ACTG,26,240.42279,402.58472,,,ACQ,162.16193
ACTL,10,10.331876,71.26871,,0.0,ACQ,60.936832
ACTL,11,71.26871,103.65305,,0.0,ACQ,32.384346
ACTL,22,-9.233643,104.38473,,,ACQ,113.61837
ACTL,23,104.38473,116.81446,,,ACQ,12.429733
ACTL,24,116.81446,634.9075,,,ACQ,518.093
ACU,3,37.509712,67.56486,,17.763904571533203,ACQ,30.055145
ACU,4,67.56486,1427.1494,,112.88304138183594,ACQ,1359.5846
ACU,23,-10.114472,116.81446,,,ACQ,126.92893
ACU,25,72.53841,133.37425,,,ACQ,60.835846
ACU,27,71.31318,108.97116,,,ACQ,37.65798
ACU,36,-44.05156,81.722786,,,ACQ,125.774345
ADAP,7,39.07087,104.30099,,-86.45967102050781,ACQ,65.23012
ADAP,10,52.251896,71.26871,,-89.9825668334961,ACQ,19.016811
ADAP,11,71.26871,103.65305,,-77.78422546386719,ACQ,32.384346
ADAP,20,-13.065072,57.084213,,,ACQ,70.149284
ADAP,21,57.084213,124.158134,,,ACQ,67.07392
ADAP,28,-31.050476,158.45721,,,ACQ,189.50769
ADEA,2,-24.501465,100.25678,,-18.454923629760742,ACQ,124.75825
ADEA,4,67.56486,1427.1494,,-0.20296885073184967,ACQ,1359.5846
ADEA,14,-39.45085,57.139645,,,ACQ,96.5905
ADEA,16,48.1791,61.347836,,,ACQ,13.1687355
ADEA,23,-41.685947,61.49995,,,ACQ,103.1859
ADEA,24,61.49995,72.53841,,,ACQ,11.038456
ADEA,36,-25.963293,55.803688,,,ACQ,81.76698
ADI,3,37.509712,67.56486,,38.85212707519531,ACQ,30.055145
ADI,4,67.56486,1427.1494,,46.49916076660156,ACQ,1359.5846
ADI,8,34.203957,57.70181,,57.887107849121094,ACQ,23.497852
ADI,11,33.979908,103.65305,,-0.8067713379859924,ACQ,69.67314
ADI,15,9.703589,48.1791,,,ACQ,38.47551
ADI,16,48.1791,61.347836,,,ACQ,13.1687355
ADI,19,11.941115,101.716034,,,ACQ,89.77492
ADI,23,-10.114472,61.49995,,,ACQ,71.614426
ADI,24,61.49995,72.53841,,,ACQ,11.038456
ADI,27,71.31318,532.5454,,,ACQ,461.23224
ADM,4,-3.7620008,1427.1494,,51.12519073486328,ACQ,1430.9114
ADM,11,10.308465,103.65305,,16.44880485534668,ACQ,93.34459
ADM,18,2.2969577,212.09514,,,ACQ,209.79819
ADM,23,-10.114472,61.49995,,,ACQ,71.614426
ADM,24,61.49995,72.53841,,,ACQ,11.038456
ADM,25,72.53841,133.37425,,,ACQ,60.835846
ADM,26,133.37425,176.21619,,,ACQ,42.841934
ADM,30,28.30985,51.64677,,,ACQ,23.33692
ADMA,10,7.2763505,69.411064,,119.66996002197266,ACQ,62.134712
ADMA,11,69.411064,103.65305,,12.759735107421875,ACQ,34.24199
ADMA,30,28.30985,51.64677,,,ACQ,23.33692
ADMA,36,37.072937,81.722786,,,ACQ,44.64985
AABB,1,39.771854,1190.2762,,362.93731689453125,ACQ,1150.5044
AABB,10,10.331876,71.26871,,30.82389259338379,ACQ,60.936832
AABB,11,71.26871,103.65305,,8.41592025756836,ACQ,32.384346
AABB,22,-50.226185,104.38473,,,ACQ,154.61092
AABB,24,88.670135,634.9075,,,ACQ,546.2373
AABB,26,240.42279,402.58472,,,ACQ,162.16193
AABVF,1,39.771854,60.395336,,-68.26923370361328,ACQ,20.623482
AABVF,4,8.213653,90.74465,,434.1463928222656,ACQ,82.531
AABVF,8,22.258486,57.70181,,-6.250001430511475,ACQ,35.44332
AABVF,22,41.156124,104.38473,,,ACQ,63.228603
AABVF,24,88.670135,634.9075,,,ACQ,546.2373
AABVF,26,240.42279,402.58472,,,ACQ,162.16193
AACS,1,39.771854,60.395336,,-40.30226516723633,ACQ,20.623482
AACS,11,10.308465,103.65305,,0.0,ACQ,93.34459
AACS,24,-0.16925329,634.9075,,,ACQ,635.0767
ABBNY,1,39.771854,60.395336,,-14.233088493347168,ACQ,20.623482
ABBNY,3,37.509712,67.56486,,21.430278778076172,ACQ,30.055145
ABBNY,4,67.56486,312.2425,,94.38232421875,ACQ,244.67764
ABBNY,18,2.2969577,212.09514,,,ACQ,209.79819
ABBNY,23,-10.114472,61.49995,,,ACQ,71.614426
ABBNY,24,61.49995,72.53841,,,ACQ,11.038456
ABBNY,25,72.53841,133.37425,,,ACQ,60.835846
ABBNY,36,37.072937,81.722786,,,ACQ,44.64985
ABEV,1,39.771854,60.395336,,-17.564144134521484,ACQ,20.623482
ABEV,4,-3.7620008,90.74465,,-35.13196563720703,ACQ,94.50665
ABEV,7,39.07087,104.30099,,3.1786587238311768,ACQ,65.23012
ABEV,10,52.251896,69.411064,,-4.510955810546875,ACQ,17.159168
ABEV,16,0.7474901,77.8662,,,ACQ,77.11871
ABEV,24,2.798147,72.53841,,,ACQ,69.74026
ABEV,26,72.62254,176.21619,,,ACQ,103.59364
ABEV,36,-37.35824,55.803688,,,ACQ,93.16193
ABLZF,1,39.771854,60.395336,,-13.045369148254395,ACQ,20.623482
ABLZF,3,37.509712,67.56486,,19.00864601135254,ACQ,30.055145
ABLZF,4,67.56486,312.2425,,94.3153076171875,ACQ,244.67764
ABLZF,18,2.2969577,212.09514,,,ACQ,209.79819
ABLZF,23,-10.114472,61.49995,,,ACQ,71.614426
ABLZF,24,61.49995,72.53841,,,ACQ,11.038456
ABLZF,25,72.53841,133.37425,,,ACQ,60.835846
ABLZF,36,37.072937,81.722786,,,ACQ,44.64985
ABNAF,1,39.771854,60.395336,,46.4170036315918,ACQ,20.623482
ABNAF,4,-3.7620008,90.74465,,-70.27924346923828,ACQ,94.50665
ABNAF,7,39.07087,104.30099,,-84.90380859375,ACQ,65.23012
ABNAF,11,-32.267693,103.65305,,-13.439385414123535,ACQ,135.92075
ABNAF,22,41.156124,104.38473,,,ACQ,63.228603
ABSCF,1,39.771854,1190.2762,,-74.65087127685547,ACQ,1150.5044
ABSCF,5,-7.8017645,124.725586,,23.98416519165039,ACQ,132.52734
ABSCF,15,-33.24956,48.1791,,,ACQ,81.428665
ABSCF,20,38.754204,57.084213,,,ACQ,18.33001
ABSCF,21,57.084213,124.158134,,,ACQ,67.07392
ABSCF,24,61.49995,72.53841,,,ACQ,11.038456
ABSCF,25,72.53841,240.42279,,,ACQ,167.88438
ACAN,1,39.771854,60.395336,,-54.349857330322266,ACQ,20.623482
ACAN,4,8.213653,312.2425,,-14.90794563293457,ACQ,304.02884
ACAN,5,312.2425,1129.1366,,-23.457313537597656,ACQ,816.8941
ACAN,10,10.331876,71.26871,,-99.59636688232422,ACQ,60.936832
ACAN,23,-41.685947,116.81446,,,ACQ,158.50041
ACAN,25,72.53841,240.42279,,,ACQ,167.88438
ACCO,1,39.771854,60.395336,,-29.836193084716797,ACQ,20.623482
ACCO,3,37.509712,2437.5896,,-41.6904182434082,ACQ,2400.0798
ACCO,16,-33.85184,77.8662,,,ACQ,111.71805
ACCO,17,77.8662,106.62417,,,ACQ,28.757965
ACCO,18,106.62417,112.222466,,,ACQ,5.598297
ACCO,23,-41.685947,61.49995,,,ACQ,103.1859
ACCO,24,61.49995,72.53841,,,ACQ,11.038456
ACKRF,1,39.771854,60.395336,,-46.51163101196289,ACQ,20.623482
ACKRF,4,-3.7620008,90.74465,,143.9393768310547,ACQ,94.50665
ACKRF,7,-35.11415,104.30099,,-30.065351486206055,ACQ,139.41513
ACKRF,16,0.7474901,77.8662,,,ACQ,77.11871
ACKRF,17,77.8662,106.62417,,,ACQ,28.757965
ACKRF,18,106.62417,112.222466,,,ACQ,5.598297
ACKRF,21,-52.685917,124.158134,,,ACQ,176.84406
ACKRF,36,-14.73358,81.722786,,,ACQ,96.45637
ACLLF,1,39.771854,60.395336,,-9.91603946685791,ACQ,20.623482
ACLLF,4,-3.7620008,90.74465,,2.936147451400757,ACQ,94.50665
ACLLF,6,2.7169757,80.899956,,2.8646059036254883,ACQ,78.18298
ACLLF,15,9.703589,48.1791,,,ACQ,38.47551
ACLLF,16,48.1791,61.347836,,,ACQ,13.1687355
ACLLF,18,27.855862,112.222466,,,ACQ,84.36661
ACLLF,23,-41.685947,61.49995,,,ACQ,103.1859
ACLLF,25,59.733543,133.37425,,,ACQ,73.64071
ACLLF,26,133.37425,176.21619,,,ACQ,42.841934
ACLLF,30,-42.926674,51.64677,,,ACQ,94.57344
ACNDF,1,39.771854,60.395336,,6.979712009429932,ACQ,20.623482
ACNDF,3,37.509712,67.56486,,31.909202575683594,ACQ,30.055145
ACNDF,6,2.7169757,80.899956,,-20.900896072387695,ACQ,78.18298
ACNDF,14,19.944904,57.139645,,,ACQ,37.19474
ACNDF,17,32.245277,106.62417,,,ACQ,74.37889
ACNDF,18,106.62417,112.222466,,,ACQ,5.598297
ACNDF,23,-10.114472,61.49995,,,ACQ,71.614426
ACNDF,24,61.49995,72.53841,,,ACQ,11.038456
ACNDF,25,72.53841,240.42279,,,ACQ,167.88438
ACNDF,26,240.42279,402.58472,,,ACQ,162.16193
ACUR,1,39.771854,1190.2762,,-64.11593627929688,ACQ,1150.5044
ACUR,10,7.2763505,69.411064,,-87.27735137939453,ACQ,62.134712
ACUR,17,-13.236644,106.62417,,,ACQ,119.86081
ACUR,18,106.62417,112.222466,,,ACQ,5.598297
ACUR,25,-11.9184885,240.42279,,,ACQ,252.34128
ADFJF,1,39.771854,60.395336,,-60.180992126464844,ACQ,20.623482
ADFJF,17,-13.236644,106.62417,,,ACQ,119.86081
ADFJF,18,106.62417,112.222466,,,ACQ,5.598297
ADFJF,23,-10.114472,116.81446,,,ACQ,126.92893
ADFJF,25,72.53841,240.42279,,,ACQ,167.88438
ADFJF,36,-37.35824,68.47171,,,ACQ,105.82995
ADLRF,1,39.771854,60.395336,,-10.006393432617188,ACQ,20.623482
ADLRF,6,-47.179478,674.15216,,32.28572082519531,ACQ,721.33167
ADLRF,16,0.7474901,77.8662,,,ACQ,77.11871
ADLRF,19,11.941115,101.716034,,,ACQ,89.77492
ADLRF,23,-41.685947,61.49995,,,ACQ,103.1859
AACAF,1,44.17421,60.395336,,-41.76427459716797,ACQ,16.221127
AACAF,2,60.395336,100.25678,,-57.27540969848633,ACQ,39.861446
AACAF,4,67.56486,312.2425,,49.751739501953125,ACQ,244.67764
AACAF,7,80.899956,104.30099,,-33.77082061767578,ACQ,23.401031
AACAF,18,2.2969577,212.09514,,,ACQ,209.79819
AACAF,23,-10.114472,88.670135,,,ACQ,98.78461
AACAF,26,-28.412798,176.21619,,,ACQ,204.62898
AACAY,1,44.17421,60.395336,,-42.99641418457031,ACQ,16.221127
AACAY,2,60.395336,100.25678,,-55.80213165283203,ACQ,39.861446
AACAY,4,67.56486,312.2425,,36.342681884765625,ACQ,244.67764
AACAY,7,80.899956,104.30099,,-32.3521842956543,ACQ,23.401031
AACAY,18,2.2969577,212.09514,,,ACQ,209.79819
AACAY,23,-10.114472,88.670135,,,ACQ,98.78461
AACAY,26,-28.412798,176.21619,,,ACQ,204.62898
AATV,1,44.17421,60.395336,,-65.72708892822266,ACQ,16.221127
AATV,11,-32.267693,103.65305,,-16.88312339782715,ACQ,135.92075
AATV,23,-41.685947,116.81446,,,ACQ,158.50041
AATV,25,72.53841,240.42279,,,ACQ,167.88438
AATV,27,176.21619,532.5454,,,ACQ,356.32922
ABAT,1,44.17421,60.395336,,16.112960815429688,ACQ,16.221127
ABAT,10,-30.802769,71.26871,,74.2302017211914,ACQ,102.07147
ABAT,11,71.26871,103.65305,,140.22035217285156,ACQ,32.384346
ABAT,14,34.94369,52.48662,,,ACQ,17.54293
ABAT,15,52.48662,70.986015,,,ACQ,18.499393
ABAT,16,70.986015,77.8662,,,ACQ,6.880188
ABAT,21,-52.685917,124.158134,,,ACQ,176.84406
ABAT,24,61.49995,634.9075,,,ACQ,573.40753
ABAT,26,240.42279,402.58472,,,ACQ,162.16193
ABBB,1,44.17421,1190.2762,,-15.676504135131836,ACQ,1146.102
ABBB,4,67.56486,312.2425,,-0.6622510552406311,ACQ,244.67764
ABBB,5,312.2425,1129.1366,,41.666664123535156,ACQ,816.8941
ABBB,9,39.402916,52.251896,,-3.344259738922119,ACQ,12.84898
ABBB,17,-33.814346,106.62417,,,ACQ,140.4385
ABBB,18,106.62417,112.222466,,,ACQ,5.598297
ABBB,24,2.798147,634.9075,,,ACQ,632.1093
ABBB,26,240.42279,402.58472,,,ACQ,162.16193
ABM,1,44.17421,60.395336,,-18.054536819458008,ACQ,16.221127
ABM,3,37.509712,67.56486,,17.264671325683594,ACQ,30.055145
ABM,4,67.56486,1427.1494,,12.107454299926758,ACQ,1359.5846
ABM,14,-39.45085,57.139645,,,ACQ,96.5905
ABM,23,-10.114472,61.49995,,,ACQ,71.614426
ABM,24,61.49995,72.53841,,,ACQ,11.038456
ABM,25,72.53841,133.37425,,,ACQ,60.835846
ABM,27,71.31318,108.97116,,,ACQ,37.65798
ABMBF,1,44.17421,60.395336,,-39.70588302612305,ACQ,16.221127
ABMBF,4,-3.7620008,90.74465,,63.07693862915039,ACQ,94.50665
ABMBF,6,-47.179478,674.15216,,-51.88679122924805,ACQ,721.33167
ABMBF,14,-39.45085,52.48662,,,ACQ,91.93747
ABMBF,15,52.48662,70.986015,,,ACQ,18.499393
ABMBF,16,70.986015,77.8662,,,ACQ,6.880188
ABMBF,17,77.8662,106.62417,,,ACQ,28.757965
ABMBF,18,106.62417,112.222466,,,ACQ,5.598297
ABMBF,22,41.156124,104.38473,,,ACQ,63.228603
ABMT,1,44.17421,1190.2762,,57.52632522583008,ACQ,1146.102
ABMT,10,7.2763505,71.26871,,-83.33332824707031,ACQ,63.992355
ABMT,11,71.26871,103.65305,,-83.33332824707031,ACQ,32.384346
ABMT,16,-33.85184,77.8662,,,ACQ,111.71805
ABMT,21,3.2947528,124.158134,,,ACQ,120.86338
ABTZY,1,44.17421,60.395336,,-11.100160598754883,ACQ,16.221127
ABTZY,3,37.509712,67.56486,,15.40371036529541,ACQ,30.055145
ABTZY,9,-35.9601,110.84409,,-35.214595794677734,ACQ,146.8042
ABTZY,16,0.7474901,61.347836,,,ACQ,60.600346
ABTZY,23,-10.114472,61.49995,,,ACQ,71.614426
ABTZY,24,61.49995,634.9075,,,ACQ,573.40753
ABTZY,30,39.291855,51.64677,,,ACQ,12.354916
ACAI,1,44.17421,1190.2762,,360.0,ACQ,1146.102
ACAI,14,34.94369,57.139645,,,ACQ,22.195953
ACAI,16,48.1791,61.347836,,,ACQ,13.1687355
ACAI,22,-50.226185,104.38473,,,ACQ,154.61092
ACAI,23,104.38473,116.81446,,,ACQ,12.429733
ACDSF,1,44.17421,60.395336,,15.932199478149414,ACQ,16.221127
ACDSF,4,-3.7620008,90.74465,,1.4453397989273071,ACQ,94.50665
ACDSF,6,2.7169757,80.899956,,-4.940521717071533,ACQ,78.18298
ACDSF,7,80.899956,104.30099,,-2.0083954334259033,ACQ,23.401031
ACDSF,10,52.251896,71.26871,,13.76771354675293,ACQ,19.016811
ACDSF,15,9.703589,48.1791,,,ACQ,38.47551
ACDSF,16,48.1791,61.347836,,,ACQ,13.1687355
ACDSF,17,61.347836,106.62417,,,ACQ,45.276333
ACDSF,18,106.62417,112.222466,,,ACQ,5.598297
ACDSF,23,-10.114472,61.49995,,,ACQ,71.614426
ACDSF,28,-1.6182535,158.45721,,,ACQ,160.07547
ACEHF,1,44.17421,60.395336,,307.8948059082031,ACQ,16.221127
ACEHF,7,-6.2708364,104.30099,,-58.65913009643555,ACQ,110.57182
ACEHF,11,33.979908,103.65305,,-55.69620132446289,ACQ,69.67314
ACEHF,16,0.7474901,61.347836,,,ACQ,60.600346
ACEHF,19,-7.9089837,76.950485,,,ACQ,84.85947
ACEHF,36,-44.05156,55.803688,,,ACQ,99.85525
ACKAY,1,44.17421,60.395336,,-33.666812896728516,ACQ,16.221127
ACKAY,6,-41.02033,80.899956,,13.700153350830078,ACQ,121.92029
ACKAY,14,-39.45085,57.139645,,,ACQ,96.5905
ACKAY,15,57.139645,70.986015,,,ACQ,13.846371
ACKAY,16,70.986015,77.8662,,,ACQ,6.880188
ACKAY,19,11.941115,101.716034,,,ACQ,89.77492
ACKAY,23,-10.114472,61.49995,,,ACQ,71.614426
ACKAY,24,61.49995,72.53841,,,ACQ,11.038456
ACKAY,25,72.53841,240.42279,,,ACQ,167.88438
ACKAY,30,28.30985,51.64677,,,ACQ,23.33692
ACKDF,1,44.17421,60.395336,,1.3833836317062378,ACQ,16.221127
ACKDF,4,-3.7620008,90.74465,,-14.69001579284668,ACQ,94.50665
ACKDF,14,34.94369,57.139645,,,ACQ,22.195953
ACKDF,17,32.245277,106.62417,,,ACQ,74.37889
ACKDF,18,106.62417,112.222466,,,ACQ,5.598297
ACKDF,23,-10.114472,61.49995,,,ACQ,71.614426
ACKDF,24,61.49995,72.53841,,,ACQ,11.038456
ACKDF,29,4.8249474,64.79518,,,ACQ,59.970234
ACNB,1,44.17421,60.395336,,28.57756233215332,ACQ,16.221127
ACNB,2,60.395336,100.25678,,20.971839904785156,ACQ,39.861446
ACNB,4,67.56486,1427.1494,,-23.063833236694336,ACQ,1359.5846
ACNB,10,10.331876,71.26871,,27.82986831665039,ACQ,60.936832
ACNB,11,71.26871,103.65305,,2.525648593902588,ACQ,32.384346
ACNB,24,2.798147,72.53841,,,ACQ,69.74026
ACNB,27,71.31318,108.97116,,,ACQ,37.65798
ACNB,30,39.291855,51.64677,,,ACQ,12.354916
ACPS,1,44.17421,1190.2762,,56.25,ACQ,1146.102
ACPS,4,-27.555607,1427.1494,,0.0,ACQ,1454.7051
ACPS,7,80.899956,104.30099,,0.0,ACQ,23.401031
ACPS,16,0.7474901,77.8662,,,ACQ,77.11871
ACPS,24,-0.16925329,59.733543,,,ACQ,59.902798
ACPS,36,3.1301384,55.803688,,,ACQ,52.67355
ADC,1,44.17421,60.395336,,38.00505828857422,ACQ,16.221127
ADC,4,-3.7620008,90.74465,,6.972378730773926,ACQ,94.50665
ADC,7,39.07087,104.30099,,-12.578877449035645,ACQ,65.23012
ADC,14,34.94369,52.48662,,,ACQ,17.54293
ADC,16,48.1791,61.347836,,,ACQ,13.1687355
ADC,17,61.347836,106.62417,,,ACQ,45.276333
ADC,18,106.62417,112.222466,,,ACQ,5.598297
ADC,23,-10.114472,61.49995,,,ACQ,71.614426
ADC,25,59.733543,133.37425,,,ACQ,73.64071
ADC,26,133.37425,176.21619,,,ACQ,42.841934
ADOOY,1,44.17421,60.395336,,-20.0,ACQ,16.221127
ADOOY,2,60.395336,100.25678,,-26.705446243286133,ACQ,39.861446
ADOOY,4,67.56486,1427.1494,,2.571566104888916,ACQ,1359.5846
ADOOY,7,39.07087,104.30099,,12.148187637329102,ACQ,65.23012
ADOOY,9,8.752344,110.84409,,-33.34945297241211,ACQ,102.09175
ADOOY,18,-38.01836,212.09514,,,ACQ,250.1135
ADOOY,23,-10.114472,61.49995,,,ACQ,71.614426
ADOOY,24,61.49995,72.53841,,,ACQ,11.038456
ADOOY,30,39.291855,51.64677,,,ACQ,12.354916
ADP,1,44.17421,60.395336,,46.718990325927734,ACQ,16.221127
ADP,3,37.509712,2437.5896,,-3.424647331237793,ACQ,2400.0798
ADP,10,52.251896,71.26871,,23.34975242614746,ACQ,19.016811
ADP,11,71.26871,103.65305,,-1.7313510179519653,ACQ,32.384346
ADP,15,20.240747,48.1791,,,ACQ,27.938353
ADP,19,11.941115,101.716034,,,ACQ,89.77492
ADP,23,-41.685947,116.81446,,,ACQ,158.50041
AACT,1,0.8896047,1190.2762,,0.0,ACQ,1189.3866
AACT,16,0.7474901,77.8662,,,ACQ,77.11871
AACT,24,-0.16925329,59.733543,,,ACQ,59.902798
AACT,36,3.1301384,68.47171,,,ACQ,65.34157
AAGH,10,7.2763505,69.411064,,-80.11048889160156,ACQ,62.134712
AAGH,11,69.411064,103.65305,,-18.18182373046875,ACQ,34.24199
AAGH,14,11.98148,52.48662,,,ACQ,40.505142
AAGH,15,52.48662,70.986015,,,ACQ,18.499393
AAGH,16,70.986015,77.8662,,,ACQ,6.880188
AAGH,23,-41.685947,116.81446,,,ACQ,158.50041
AAGH,24,116.81446,634.9075,,,ACQ,518.093
AAGH,26,240.42279,402.58472,,,ACQ,162.16193
AAGH,36,-44.05156,55.803688,,,ACQ,99.85525
AANNF,1,0.8896047,1190.2762,,0.0,ACQ,1189.3866
AANNF,16,0.7474901,77.8662,,,ACQ,77.11871
AANNF,18,1.7052516,212.09514,,,ACQ,210.3899
AANNF,24,2.798147,72.53841,,,ACQ,69.74026
AARTY,1,0.8896047,1190.2762,,0.0,ACQ,1189.3866
AARTY,16,0.7474901,77.8662,,,ACQ,77.11871
AARTY,24,-0.16925329,59.733543,,,ACQ,59.902798
ABCFF,4,-27.555607,312.2425,,214.70594787597656,ACQ,339.7981
ABCFF,22,41.156124,104.38473,,,ACQ,63.228603
ABCFF,26,12.021855,176.21619,,,ACQ,164.19434
ABCFF,36,-44.05156,55.803688,,,ACQ,99.85525
ABL,1,0.8896047,1190.2762,,0.0,ACQ,1189.3866
ABL,16,0.7474901,77.8662,,,ACQ,77.11871
ABL,22,-9.233643,104.38473,,,ACQ,113.61837
ABL,23,104.38473,116.81446,,,ACQ,12.429733
ABL,25,72.53841,240.42279,,,ACQ,167.88438
ABL,28,-31.050476,158.45721,,,ACQ,189.50769
ABL,30,39.291855,51.64677,,,ACQ,12.354916
ABLV,1,0.8896047,1190.2762,,0.0,ACQ,1189.3866
ABLV,16,0.7474901,77.8662,,,ACQ,77.11871
ABLV,24,-0.16925329,59.733543,,,ACQ,59.902798
ABLV,36,37.072937,81.722786,,,ACQ,44.64985
ABMRF,1,0.8896047,1190.2762,,-8.60931396484375,ACQ,1189.3866
ABMRF,8,22.258486,57.70181,,66.2708969116211,ACQ,35.44332
ABMRF,24,2.798147,72.53841,,,ACQ,69.74026
ABMRF,25,72.53841,133.37425,,,ACQ,60.835846
ABOIF,1,0.8896047,1190.2762,,0.0,ACQ,1189.3866
ABOIF,16,0.7474901,77.8662,,,ACQ,77.11871
ABOIF,24,-0.16925329,59.733543,,,ACQ,59.902798
ABOIF,36,3.1301384,68.47171,,,ACQ,65.34157
ABQQ,1,0.8896047,1190.2762,,-99.53173065185547,ACQ,1189.3866
ABQQ,3,5.3448925,2437.5896,,-99.74039459228516,ACQ,2432.2446
ABQQ,16,-33.85184,77.8662,,,ACQ,111.71805
ABQQ,17,77.8662,106.62417,,,ACQ,28.757965
ABQQ,18,106.62417,112.222466,,,ACQ,5.598297
ABQQ,25,-20.303892,240.42279,,,ACQ,260.72668
ABQQ,26,240.42279,402.58472,,,ACQ,162.16193
ABSI,1,0.8896047,1190.2762,,0.0,ACQ,1189.3866
ABSI,16,0.7474901,77.8662,,,ACQ,77.11871
ABSI,24,-0.16925329,59.733543,,,ACQ,59.902798
ABTI,1,0.8896047,1190.2762,,66.66667175292969,ACQ,1189.3866
ABTI,4,8.213653,312.2425,,390.8325500488281,ACQ,304.02884
ABTI,14,11.98148,52.48662,,,ACQ,40.505142
ABTI,23,-41.685947,61.49995,,,ACQ,103.1859
ABTI,24,61.49995,634.9075,,,ACQ,573.40753
ABVC,23,-6.61628,61.49995,,,ACQ,68.116234
ABVC,24,61.49995,72.53841,,,ACQ,11.038456
ABVC,25,72.53841,240.42279,,,ACQ,167.88438
ABVE,1,0.8896047,1190.2762,,0.0,ACQ,1189.3866
ABVE,16,0.7474901,77.8662,,,ACQ,77.11871
ABVE,24,-0.16925329,59.733543,,,ACQ,59.902798
ABVE,36,3.1301384,55.803688,,,ACQ,52.67355
ACBM,1,0.8896047,1190.2762,,62.32000732421875,ACQ,1189.3866
ACBM,10,10.331876,71.26871,,-99.33333587646484,ACQ,60.936832
ACBM,11,71.26871,103.65305,,0.0,ACQ,32.384346
ACBM,14,34.94369,52.48662,,,ACQ,17.54293
ACBM,22,-50.226185,104.38473,,,ACQ,154.61092
ACBM,27,-13.765816,532.5454,,,ACQ,546.3112
ACCR,4,-3.7620008,90.74465,,978.1248779296875,ACQ,94.50665
ACCR,16,-33.85184,77.8662,,,ACQ,111.71805
ACCR,17,77.8662,106.62417,,,ACQ,28.757965
ACCR,18,106.62417,212.09514,,,ACQ,105.47097
ACCR,24,-0.16925329,634.9075,,,ACQ,635.0767
ACCR,26,240.42279,402.58472,,,ACQ,162.16193
ACCR,36,-44.05156,55.803688,,,ACQ,99.85525
ACDC,1,0.8896047,1190.2762,,0.0,ACQ,1189.3866
ACDC,16,0.7474901,77.8662,,,ACQ,77.11871
ACDC,24,-0.16925329,59.733543,,,ACQ,59.902798
ACGAF,1,0.8896047,1190.2762,,0.0,ACQ,1189.3866
ACGAF,16,0.7474901,77.8662,,,ACQ,77.11871
ACGAF,24,-0.16925329,59.733543,,,ACQ,59.902798
ACGAF,36,3.1301384,55.803688,,,ACQ,52.67355
ACHR,1,0.8896047,1190.2762,,0.0,ACQ,1189.3866
ACHR,16,0.7474901,77.8662,,,ACQ,77.11871
ACHR,24,-0.16925329,634.9075,,,ACQ,635.0767
ACHR,36,-44.05156,68.47171,,,ACQ,112.52327
ACIXF,1,0.8896047,1190.2762,,0.0,ACQ,1189.3866
ACIXF,16,0.7474901,77.8662,,,ACQ,77.11871
ACIXF,24,-0.16925329,59.733543,,,ACQ,59.902798
ACIXF,36,3.1301384,55.803688,,,ACQ,52.67355
ACMT,2,17.796593,100.25678,,57.369171142578125,ACQ,82.46019
ACMT,11,-32.267693,103.65305,,-32.65306091308594,ACQ,135.92075
ACMT,15,20.240747,70.986015,,,ACQ,50.74527
ACMT,17,32.245277,106.62417,,,ACQ,74.37889
ACMT,18,106.62417,112.222466,,,ACQ,5.598297
ACMT,23,-6.61628,116.81446,,,ACQ,123.43074
ACMT,25,72.53841,240.42279,,,ACQ,167.88438
ACMT,28,-1.6182535,158.45721,,,ACQ,160.07547
ACMTA,1,0.8896047,1190.2762,,63.10242462158203,ACQ,1189.3866
ACMTA,10,10.331876,69.411064,,13.88060188293457,ACQ,59.07919
ACMTA,11,69.411064,103.65305,,31.325319290161133,ACQ,34.24199
ACMTA,15,20.240747,48.1791,,,ACQ,27.938353
ACMTA,17,32.245277,106.62417,,,ACQ,74.37889
ACMTA,21,-52.685917,124.158134,,,ACQ,176.84406
ACMTA,25,-20.303892,240.42279,,,ACQ,260.72668
ACMTA,30,28.30985,51.64677,,,ACQ,23.33692
ACMTA,36,-44.05156,81.722786,,,ACQ,125.774345
ACOPY,1,0.8896047,1190.2762,,0.0,ACQ,1189.3866
ACOPY,16,0.7474901,77.8662,,,ACQ,77.11871
ACOPY,20,-13.065072,57.084213,,,ACQ,70.149284
ACOPY,21,57.084213,124.158134,,,ACQ,67.07392
ACRV,1,0.8896047,1190.2762,,0.0,ACQ,1189.3866
ACRV,16,0.7474901,77.8662,,,ACQ,77.11871
ACRV,24,-0.16925329,59.733543,,,ACQ,59.902798
ACSAY,1,0.8896047,1190.2762,,35.05992126464844,ACQ,1189.3866
ACSAY,3,5.3448925,2437.5896,,-36.37163162231445,ACQ,2432.2446
ACSAY,10,10.331876,71.26871,,71.86144256591797,ACQ,60.936832
ACSAY,11,71.26871,103.65305,,24.23316764831543,ACQ,32.384346
ACSAY,15,9.703589,48.1791,,,ACQ,38.47551
ACSAY,16,48.1791,61.347836,,,ACQ,13.1687355
ACSAY,23,-41.685947,61.49995,,,ACQ,103.1859
ACSAY,24,61.49995,72.53841,,,ACQ,11.038456
ACSAY,36,37.072937,81.722786,,,ACQ,44.64985
ACTU,1,0.8896047,1190.2762,,0.0,ACQ,1189.3866
ACTU,16,0.7474901,77.8662,,,ACQ,77.11871
ACTU,24,-0.16925329,59.733543,,,ACQ,59.902798
ACTU,36,3.1301384,55.803688,,,ACQ,52.67355
ACTX,3,-36.987774,67.56486,,-98.47037506103516,ACQ,104.55263
ACTX,4,67.56486,312.2425,,-88.79784393310547,ACQ,244.67764
ACTX,5,312.2425,1129.1366,,-78.26937103271484,ACQ,816.8941
ACTX,25,-20.303892,240.42279,,,ACQ,260.72668
ACTX,26,240.42279,402.58472,,,ACQ,162.16193
ACVA,1,0.8896047,1190.2762,,0.0,ACQ,1189.3866
ACVA,16,0.7474901,77.8662,,,ACQ,77.11871
ACVA,24,-0.16925329,59.733543,,,ACQ,59.902798
ACVA,25,59.733543,133.37425,,,ACQ,73.64071
ACVA,36,37.072937,81.722786,,,ACQ,44.64985
ADCT,1,0.8896047,1190.2762,,0.0,ACQ,1189.3866
ADCT,16,0.7474901,77.8662,,,ACQ,77.11871
ADCT,21,3.2947528,124.158134,,,ACQ,120.86338
ADCT,28,-1.6182535,158.45721,,,ACQ,160.07547
ADHC,4,8.213653,312.2425,,64.51966094970703,ACQ,304.02884
ADHC,10,10.331876,71.26871,,83.77550506591797,ACQ,60.936832
ADHC,11,71.26871,103.65305,,75.0242919921875,ACQ,32.384346
ADHC,14,11.98148,52.48662,,,ACQ,40.505142
ADHC,15,52.48662,70.986015,,,ACQ,18.499393
ADHC,16,70.986015,77.8662,,,ACQ,6.880188
ADHC,23,-10.114472,116.81446,,,ACQ,126.92893
ADHC,24,116.81446,634.9075,,,ACQ,518.093
ADHC,26,240.42279,402.58472,,,ACQ,162.16193
ADHC,36,-14.73358,55.803688,,,ACQ,70.53727
ADHI,5,1.7633529,1129.1366,,201.89886474609375,ACQ,1127.3733
ADHI,7,39.07087,104.30099,,-93.76934051513672,ACQ,65.23012
ADHI,16,0.7474901,77.8662,,,ACQ,77.11871
ADHI,17,77.8662,106.62417,,,ACQ,28.757965
ADHI,18,106.62417,112.222466,,,ACQ,5.598297
ADHI,22,41.156124,104.38473,,,ACQ,63.228603
ADHI,25,59.733543,133.37425,,,ACQ,73.64071
ADHI,36,3.1301384,81.722786,,,ACQ,78.59265
ADIL,1,0.8896047,1190.2762,,-11.876543998718262,ACQ,1189.3866
ADIL,14,-22.007368,52.48662,,,ACQ,74.49399
ADIL,15,52.48662,70.986015,,,ACQ,18.499393
ADIL,16,70.986015,77.8662,,,ACQ,6.880188
ADIL,23,-41.685947,116.81446,,,ACQ,158.50041
ADIL,24,116.81446,634.9075,,,ACQ,518.093
ADIL,26,240.42279,402.58472,,,ACQ,162.16193
ADIL,27,402.58472,532.5454,,,ACQ,129.9607
ADMG,4,-27.555607,312.2425,,67.73562622070312,ACQ,339.7981
ADMG,14,-39.45085,52.48662,,,ACQ,91.93747
ADMG,15,52.48662,70.986015,,,ACQ,18.499393
ADMG,16,70.986015,77.8662,,,ACQ,6.880188
ADMG,24,-0.16925329,72.53841,,,ACQ,72.70766
ADMG,27,71.31318,532.5454,,,ACQ,461.23224
ADMG,36,-25.963293,68.47171,,,ACQ,94.435005
ADPPF,1,0.8896047,1190.2762,,11.760573387145996,ACQ,1189.3866
ADPPF,10,10.331876,71.26871,,27.783849716186523,ACQ,60.936832
ADPPF,11,71.26871,103.65305,,0.0,ACQ,32.384346
ADPPF,23,-10.114472,61.49995,,,ACQ,71.614426
ADPPF,25,59.733543,240.42279,,,ACQ,180.68924
AACTF,24,0.0,634.9075,,,ACQ,634.9075
AAMMF,16,-33.85184,77.8662,,,ACQ,111.71805
AAMMF,22,-22.707453,104.38473,,,ACQ,127.09218
AAMMF,26,-28.850784,176.21619,,,ACQ,205.06697
AAMMF,30,39.291855,51.64677,,,ACQ,12.354916
AAVMY,24,2.798147,72.53841,,,ACQ,69.74026
AAVMY,25,72.53841,133.37425,,,ACQ,60.835846
AAVMY,27,71.31318,108.97116,,,ACQ,37.65798
AAVXF,6,2.7169757,80.899956,,-73.53910064697266,ACQ,78.18298
AAVXF,14,11.98148,52.48662,,,ACQ,40.505142
AAVXF,15,52.48662,70.986015,,,ACQ,18.499393
AAVXF,16,70.986015,77.8662,,,ACQ,6.880188
AAVXF,18,-38.01836,212.09514,,,ACQ,250.1135
AAVXF,20,38.754204,57.084213,,,ACQ,18.33001
AAVXF,21,57.084213,124.158134,,,ACQ,67.07392
AAVXF,23,-10.114472,61.49995,,,ACQ,71.614426
AAVXF,24,61.49995,72.53841,,,ACQ,11.038456
AAVXF,25,72.53841,240.42279,,,ACQ,167.88438
AAVXF,36,3.1301384,81.722786,,,ACQ,78.59265
ABANF,23,0.0,116.81446,,,ACQ,116.81446
ABANF,24,116.81446,634.9075,,,ACQ,518.093
ABANF,26,133.37425,402.58472,,,ACQ,269.21045
ABANF,27,402.58472,532.5454,,,ACQ,129.9607
ABANF,30,39.291855,51.64677,,,ACQ,12.354916
ABIT,24,0.0,634.9075,,,ACQ,634.9075
ABIT,27,176.21619,532.5454,,,ACQ,356.32922
ABNB,24,-0.16925329,634.9075,,,ACQ,635.0767
ABNB,28,-31.050476,158.45721,,,ACQ,189.50769
ABNB,36,3.1301384,68.47171,,,ACQ,65.34157
ABSOF,14,0.0,57.139645,,,ACQ,57.139645
ABSOF,19,-7.9089837,76.950485,,,ACQ,84.85947
ABSOF,25,-20.303892,240.42279,,,ACQ,260.72668
ABSOF,36,-37.35824,55.803688,,,ACQ,93.16193
ABWN,2,17.796593,100.25678,,-100.0,ACQ,82.46019
ABWN,4,67.56486,312.2425,,269.9999694824219,ACQ,244.67764
ABWN,5,312.2425,1129.1366,,0.0,ACQ,816.8941
ABWN,22,-9.233643,104.38473,,,ACQ,113.61837
ABWN,24,88.670135,634.9075,,,ACQ,546.2373
ABWN,26,240.42279,402.58472,,,ACQ,162.16193
ABZPY,9,-35.9601,110.84409,,0.2210809588432312,ACQ,146.8042
ABZPY,16,0.7474901,77.8662,,,ACQ,77.11871
ABZPY,24,2.798147,59.733543,,,ACQ,56.9354
ABZPY,30,39.291855,51.64677,,,ACQ,12.354916
ACBD,15,-0.9685725,48.1791,,,ACQ,49.14767
ACBD,25,-20.303892,240.42279,,,ACQ,260.72668
ACI,24,-36.683777,72.53841,,,ACQ,109.22218
ACI,25,72.53841,133.37425,,,ACQ,60.835846
ACI,27,71.31318,532.5454,,,ACQ,461.23224
ACI,30,19.794338,51.64677,,,ACQ,31.852432
ACMDY,14,11.98148,52.48662,,,ACQ,40.505142
ACMDY,23,-10.114472,116.81446,,,ACQ,126.92893
ACMR,9,39.402916,110.84409,,131.98666381835938,ACQ,71.44118
ACMR,11,69.411064,103.65305,,14.093049049377441,ACQ,34.24199
ACMR,15,-33.24956,48.1791,,,ACQ,81.428665
ACMR,20,38.754204,57.084213,,,ACQ,18.33001
ACMR,21,57.084213,124.158134,,,ACQ,67.07392
ACMR,24,88.670135,634.9075,,,ACQ,546.2373
ACMR,28,-1.6182535,158.45721,,,ACQ,160.07547
ACMR,36,-44.05156,68.47171,,,ACQ,112.52327
ACWRF,9,0.0,110.84409,,-53.93341827392578,ACQ,110.84409
ACWRF,11,69.411064,103.65305,,15.866666793823242,ACQ,34.24199
ACWRF,22,41.156124,104.38473,,,ACQ,63.228603
ACWRF,25,72.53841,133.37425,,,ACQ,60.835846
ACWRF,27,71.31318,108.97116,,,ACQ,37.65798
ACWRF,30,39.291855,51.64677,,,ACQ,12.354916
ADBKF,24,-36.683777,72.53841,,,ACQ,109.22218
ADBKF,25,72.53841,133.37425,,,ACQ,60.835846
ADBKF,36,-14.73358,68.47171,,,ACQ,83.20529
ADN,14,0.0,57.139645,,,ACQ,57.139645
ADN,17,32.245277,106.62417,,,ACQ,74.37889
ADN,18,106.62417,112.222466,,,ACQ,5.598297
ADN,21,57.084213,124.158134,,,ACQ,67.07392
ADN,23,104.38473,116.81446,,,ACQ,12.429733
ADN,25,72.53841,240.42279,,,ACQ,167.88438
ADPT,21,-52.685917,124.158134,,,ACQ,176.84406
ADPT,24,61.49995,72.53841,,,ACQ,11.038456
AAIRF,24,-0.16925329,634.9075,,,ACQ,635.0767
AAIRF,36,3.1301384,81.722786,,,ACQ,78.59265
AAQL,36,-37.35824,68.47171,,,ACQ,105.82995
ABDDF,15,9.703589,48.1791,,,ACQ,38.47551
ABDDF,17,32.245277,106.62417,,,ACQ,74.37889
ABDDF,18,106.62417,112.222466,,,ACQ,5.598297
ABDDF,24,-0.16925329,59.733543,,,ACQ,59.902798
ABDDF,30,-5.0826206,51.64677,,,ACQ,56.729393
ABDDF,36,3.1301384,55.803688,,,ACQ,52.67355
ABRMF,36,3.1301384,68.47171,,,ACQ,65.34157
ABVN,2,0.0,100.25678,,-70.85714721679688,ACQ,100.25678
ABVN,4,67.56486,1427.1494,,-44.41236877441406,ACQ,1359.5846
ABVN,17,-33.814346,106.62417,,,ACQ,140.4385
ABVN,18,106.62417,112.222466,,,ACQ,5.598297
ABVN,22,41.156124,104.38473,,,ACQ,63.228603
ABVN,28,-1.6182535,158.45721,,,ACQ,160.07547
ABVN,30,19.794338,51.64677,,,ACQ,31.852432
ACA,14,11.98148,57.139645,,,ACQ,45.158165
ACA,18,27.855862,112.222466,,,ACQ,84.36661
ACA,23,-10.114472,61.49995,,,ACQ,71.614426
ACA,24,61.49995,72.53841,,,ACQ,11.038456
ACA,30,-42.926674,51.64677,,,ACQ,94.57344
ACA,36,3.1301384,81.722786,,,ACQ,78.59265
ACEL,11,10.308465,103.65305,,14.171844482421875,ACQ,93.34459
ACEL,15,20.240747,48.1791,,,ACQ,27.938353
ACEL,18,27.855862,212.09514,,,ACQ,184.23927
ACEL,23,-10.114472,61.49995,,,ACQ,71.614426
ACEL,24,61.49995,634.9075,,,ACQ,573.40753
ACEL,26,12.021855,176.21619,,,ACQ,164.19434
ACEL,30,39.291855,51.64677,,,ACQ,12.354916
ACEL,36,-44.05156,68.47171,,,ACQ,112.52327
ACET,9,0.0,110.84409,,-70.99667358398438,ACQ,110.84409
ACET,22,-50.226185,104.38473,,,ACQ,154.61092
ACET,30,39.291855,51.64677,,,ACQ,12.354916
ACITF,16,0.7474901,77.8662,,,ACQ,77.11871
ACITF,26,12.021855,176.21619,,,ACQ,164.19434
ACIU,9,39.402916,52.251896,,-29.189565658569336,ACQ,12.84898
ACIU,18,1.7052516,212.09514,,,ACQ,210.3899
ACIU,26,-28.412798,402.58472,,,ACQ,430.99753
ACIU,36,-44.05156,55.803688,,,ACQ,99.85525
ACLX,36,37.072937,81.722786,,,ACQ,44.64985
ACRL,1,0.0,60.395336,,-99.5999984741211,ACQ,60.395336
ACRL,4,-3.7620008,312.2425,,137.8584442138672,ACQ,316.0045
ACRL,5,312.2425,1129.1366,,71.83634948730469,ACQ,816.8941
ACRL,14,-39.45085,52.48662,,,ACQ,91.93747
ACRL,15,52.48662,70.986015,,,ACQ,18.499393
ACRL,16,70.986015,77.8662,,,ACQ,6.880188
ACRL,17,77.8662,106.62417,,,ACQ,28.757965
ACRL,18,106.62417,112.222466,,,ACQ,5.598297
ACRL,23,-41.685947,88.670135,,,ACQ,130.35608
ACRL,24,88.670135,634.9075,,,ACQ,546.2373
ACRL,26,240.42279,402.58472,,,ACQ,162.16193
ACT,27,0.0,532.5454,,,ACQ,532.5454
ACT,30,19.794338,51.64677,,,ACQ,31.852432
ACT,36,-25.963293,55.803688,,,ACQ,81.76698
ADDHY,36,0.0,68.47171,,,ACQ,68.47171
AAL,3,-36.987774,67.56486,,-61.061946868896484,ACQ,104.55263
AAL,4,67.56486,1427.1494,,-28.893978118896484,ACQ,1359.5846
AAL,24,2.798147,72.53841,,,ACQ,69.74026
AAL,25,72.53841,133.37425,,,ACQ,60.835846
AAL,27,71.31318,108.97116,,,ACQ,37.65798
AAL,36,-25.963293,68.47171,,,ACQ,94.435005
AAOI,2,-31.00335,100.25678,,-71.42538452148438,ACQ,131.26013
AAOI,4,67.56486,312.2425,,-25.46487808227539,ACQ,244.67764
AAOI,18,-38.01836,212.09514,,,ACQ,250.1135
AAOI,23,-10.114472,88.670135,,,ACQ,98.78461
AAOI,36,3.1301384,68.47171,,,ACQ,65.34157
AATC,2,-31.00335,100.25678,,49.226715087890625,ACQ,131.26013
AATC,10,-30.802769,71.26871,,14.957525253295898,ACQ,102.07147
AATC,11,71.26871,103.65305,,-3.649080514907837,ACQ,32.384346
AATC,24,2.798147,72.53841,,,ACQ,69.74026
AATC,25,72.53841,240.42279,,,ACQ,167.88438
AATC,36,-44.05156,55.803688,,,ACQ,99.85525
AATGF,8,-32.83367,57.70181,,-82.04560089111328,ACQ,90.53548
AATGF,9,57.70181,110.84409,,-13.461536407470703,ACQ,53.142284
AATGF,23,-6.61628,116.81446,,,ACQ,123.43074
AATGF,26,72.62254,402.58472,,,ACQ,329.96216
AATGF,28,-23.992275,158.45721,,,ACQ,182.4495
ABCP,5,-7.8017645,124.725586,,44.98594665527344,ACQ,132.52734
ABCP,6,124.725586,674.15216,,-52.70968246459961,ACQ,549.4266
ABCP,10,-30.802769,69.411064,,40.38907241821289,ACQ,100.21384
ABCP,11,69.411064,103.65305,,2.157057285308838,ACQ,34.24199
ABCP,23,-10.114472,116.81446,,,ACQ,126.92893
ABCP,36,3.1301384,68.47171,,,ACQ,65.34157
ABCZF,3,37.509712,67.56486,,-6.541259765625,ACQ,30.055145
ABCZF,4,67.56486,312.2425,,22.552644729614258,ACQ,244.67764
ABCZF,6,2.7169757,80.899956,,-38.333580017089844,ACQ,78.18298
ABCZF,7,80.899956,104.30099,,0.3359610438346863,ACQ,23.401031
ABCZF,9,57.70181,110.84409,,-2.689699411392212,ACQ,53.142284
ABCZF,11,69.411064,103.65305,,0.0,ACQ,34.24199
ABCZF,23,-10.114472,61.49995,,,ACQ,71.614426
ABCZF,24,61.49995,72.53841,,,ACQ,11.038456
ABCZF,25,72.53841,240.42279,,,ACQ,167.88438
ABCZF,36,-37.35824,68.47171,,,ACQ,105.82995
ABGSF,6,2.7169757,80.899956,,491.2195739746094,ACQ,78.18298
ABGSF,7,80.899956,104.30099,,-57.89474105834961,ACQ,23.401031
ABGSF,9,57.70181,110.84409,,17.448514938354492,ACQ,53.142284
ABGSF,23,-10.114472,116.81446,,,ACQ,126.92893
ABGSF,24,116.81446,634.9075,,,ACQ,518.093
ABGSF,26,12.021855,176.21619,,,ACQ,164.19434
ABGSF,27,176.21619,532.5454,,,ACQ,356.32922
ABILF,4,-27.555607,90.74465,,-67.84210205078125,ACQ,118.30026
ABILF,24,-36.683777,72.53841,,,ACQ,109.22218
ABILF,25,72.53841,240.42279,,,ACQ,167.88438
ABILF,36,-44.05156,55.803688,,,ACQ,99.85525
ABLT,4,-27.555607,90.74465,,-57.21148681640625,ACQ,118.30026
ABLT,5,90.74465,124.725586,,-39.75299072265625,ACQ,33.980934
ABLT,7,80.899956,104.30099,,-20.926300048828125,ACQ,23.401031
ABLT,11,33.979908,103.65305,,-6.323186874389648,ACQ,69.67314
ABLT,15,20.240747,48.1791,,,ACQ,27.938353
ABLT,24,-36.683777,72.53841,,,ACQ,109.22218
ABTS,19,-7.9089837,101.716034,,,ACQ,109.625015
ABTS,23,-10.114472,61.49995,,,ACQ,71.614426
ABTS,24,61.49995,634.9075,,,ACQ,573.40753
ABTS,26,133.37425,176.21619,,,ACQ,42.841934
ACGX,4,-34.63919,312.2425,,-81.65449523925781,ACQ,346.88168
ACGX,10,7.2763505,69.411064,,-64.6302261352539,ACQ,62.134712
ACGX,23,-10.114472,88.670135,,,ACQ,98.78461
ACGX,24,88.670135,634.9075,,,ACQ,546.2373
ACGX,26,240.42279,402.58472,,,ACQ,162.16193
ACGX,29,-35.58133,64.79518,,,ACQ,100.37651
ACGX,36,37.072937,68.47171,,,ACQ,31.398773
ACLTF,4,0.0,312.2425,,11.66015911102295,ACQ,312.2425
ACLTF,5,312.2425,1129.1366,,-7.619461536407471,ACQ,816.8941
ACLTF,8,34.203957,57.70181,,-1.4503835439682007,ACQ,23.497852
ACLTF,20,38.754204,57.084213,,,ACQ,18.33001
ACLTF,21,57.084213,124.158134,,,ACQ,67.07392
ACLTF,30,28.30985,51.64677,,,ACQ,23.33692
ACSYF,6,1.0289541,80.899956,,-65.17413330078125,ACQ,79.871
ACSYF,7,80.899956,104.30099,,-65.13605499267578,ACQ,23.401031
ACSYF,14,11.98148,57.139645,,,ACQ,45.158165
ACSYF,16,48.1791,61.347836,,,ACQ,13.1687355
ACSYF,23,-41.685947,61.49995,,,ACQ,103.1859
ACSYF,24,61.49995,72.53841,,,ACQ,11.038456
ACSYF,25,72.53841,133.37425,,,ACQ,60.835846
ADERY,9,39.402916,52.251896,,-10.598180770874023,ACQ,12.84898
ADERY,17,-33.814346,106.62417,,,ACQ,140.4385
ADERY,18,106.62417,112.222466,,,ACQ,5.598297
ADERY,24,2.798147,59.733543,,,ACQ,56.9354
ADERY,25,59.733543,133.37425,,,ACQ,73.64071
ADERY,26,133.37425,176.21619,,,ACQ,42.841934
ADERY,29,29.646275,64.79518,,,ACQ,35.148907
ADERY,36,-44.05156,81.722786,,,ACQ,125.774345
